train_dataset,context_id,benchmark,variant,actual,g,g_zridge,g_rank,g_gbm,L
flyingthings,flyingthings|catspp|False|False,flyingthings,catspp|False|False,76.3251,0.1642153633678959,0.39733381072114826,0.0,0.0,55.625325
flyingthings,flyingthings|catspp|False|True,flyingthings,catspp|False|True,76.5009,0.1642153633678959,0.3947741947060086,0.0,0.0,56.74702
flyingthings,flyingthings|catspp|True|False,flyingthings,catspp|True|False,85.2977,0.1642153633678959,0.11974354558503389,0.0,0.0,79.41964
flyingthings,flyingthings|catspp|True|True,flyingthings,catspp|True|True,85.2894,0.1642153633678959,0.08419832934073898,0.0,0.0,79.561265
flyingthings,flyingthings|glunet|False|False,flyingthings,glunet|False|False,79.5401,0.1642153633678959,0.4118556824399296,0.0,0.0,56.819900000000004
flyingthings,flyingthings|glunet|False|True,flyingthings,glunet|False|True,72.9905,0.1642153633678959,0.35886833410415964,0.0,0.0,50.307120000000005
flyingthings,flyingthings|glunet|True|False,flyingthings,glunet|True|False,85.8465,0.1642153633678959,0.43773247290080075,0.0,0.0,63.903150000000004
flyingthings,flyingthings|glunet|True|True,flyingthings,glunet|True|True,81.4831,0.1642153633678959,0.3019487896307002,0.0,0.0,66.13371
flyingthings,flyingthings|raft|True|False,flyingthings,raft|True|False,79.60585,0.1642153633678959,0.49335074592309147,0.0,0.0,47.865115
flyingthings,kitti2012|catspp|False|False,kitti2012,catspp|False|False,94.359,0.012260070785489834,0.03679849241575545,0.0,0.0,74.50085
flyingthings,kitti2012|catspp|False|True,kitti2012,catspp|False|True,94.1642,0.012260070785489834,0.03626380221077502,0.0,0.0,76.73552
flyingthings,kitti2012|catspp|True|False,kitti2012,catspp|True|False,98.098,0.012260070785489834,0.006880938419111382,0.0,0.0,95.56376
flyingthings,kitti2012|catspp|True|True,kitti2012,catspp|True|True,97.709,0.012260070785489834,0.006458330269763339,0.0,0.0,95.46771
flyingthings,kitti2012|glunet|False|False,kitti2012,glunet|False|False,97.2233,0.012260070785489834,0.03925464906109007,0.0,0.0,85.2761
flyingthings,kitti2012|glunet|False|True,kitti2012,glunet|False|True,94.0515,0.012260070785489834,0.038323274089468944,0.0,0.0,81.81727000000001
flyingthings,kitti2012|glunet|True|False,kitti2012,glunet|True|False,99.4901,0.012260070785489834,0.03552636952746161,0.0,0.0,87.77313
flyingthings,kitti2012|glunet|True|True,kitti2012,glunet|True|True,99.0764,0.012260070785489834,0.022633590932737566,0.0,0.0,91.10002
flyingthings,kitti2012|raft|True|False,kitti2012,raft|True|False,96.60025,0.012260070785489834,0.04940994767271071,0.0,0.0,74.6364875
flyingthings,kitti2015|catspp|False|False,kitti2015,catspp|False|False,91.4836,0.02403794336814545,0.07033106108614601,0.0,0.0,77.09436
flyingthings,kitti2015|catspp|False|True,kitti2015,catspp|False|True,91.5434,0.02403794336814545,0.06910971628467884,0.0,0.0,77.92918
flyingthings,kitti2015|catspp|True|False,kitti2015,catspp|True|False,96.7896,0.02403794336814545,0.010973262659263622,0.0,0.0,94.984275
flyingthings,kitti2015|catspp|True|True,kitti2015,catspp|True|True,95.7013,0.02403794336814545,0.010722759307603476,0.0,0.0,94.76099
flyingthings,kitti2015|glunet|False|False,kitti2015,glunet|False|False,93.9097,0.02403794336814545,0.0724726810150565,0.0,0.0,81.03671
flyingthings,kitti2015|glunet|False|True,kitti2015,glunet|False|True,89.0545,0.02403794336814545,0.06687507056971677,0.0,0.0,77.57410999999999
flyingthings,kitti2015|glunet|True|False,kitti2015,glunet|True|False,97.7086,0.02403794336814545,0.06460820880300057,0.0,0.0,85.86514
flyingthings,kitti2015|glunet|True|True,kitti2015,glunet|True|True,97.3336,0.02403794336814545,0.043289995172540854,0.0,0.0,89.04607
flyingthings,kitti2015|raft|True|False,kitti2015,raft|True|False,91.5495,0.02403794336814545,0.08845291172694468,0.0,0.0,72.47344625
flyingthings,pfpascal|catspp|False|False,pfpascal,catspp|False|False,16.4969,0.29287913589654274,0.16324356432293208,0.0,0.0,11.29029
flyingthings,pfpascal|catspp|False|True,pfpascal,catspp|False|True,16.0706,0.29287913589654274,0.18513757899233216,0.0,0.0,11.48687
flyingthings,pfpascal|catspp|True|False,pfpascal,catspp|True|False,48.3555,0.29287913589654274,0.21067874662180844,0.0,0.0,43.12889
flyingthings,pfpascal|catspp|True|True,pfpascal,catspp|True|True,50.7447,0.29287913589654274,0.19727652149619793,0.0,0.0,45.750745
flyingthings,pfpascal|glunet|False|False,pfpascal,glunet|False|False,11.2521,0.29287913589654274,0.18889406234769443,0.0,0.0,11.81948
flyingthings,pfpascal|glunet|False|True,pfpascal,glunet|False|True,14.9872,0.29287913589654274,0.15801623325607583,0.0,0.0,11.289860000000001
flyingthings,pfpascal|glunet|True|False,pfpascal,glunet|True|False,34.1953,0.29287913589654274,0.37890049079694227,0.0,0.0,25.08071
flyingthings,pfpascal|glunet|True|True,pfpascal,glunet|True|True,33.9699,0.29287913589654274,0.38576047584603107,0.0,0.0,31.15792
flyingthings,pfpascal|raft|True|False,pfpascal,raft|True|False,13.37085,0.29287913589654274,0.15424696516087427,0.0,0.0,11.56591875
flyingthings,pfwillow|catspp|False|False,pfwillow,catspp|False|False,17.4889,0.3800319556753461,0.2180607821336585,0.0,0.0,13.70333
flyingthings,pfwillow|catspp|False|True,pfwillow,catspp|False|True,19.0444,0.3800319556753461,0.2236347196104408,0.0,0.0,13.958335
flyingthings,pfwillow|catspp|True|False,pfwillow,catspp|True|False,51.4778,0.3800319556753461,0.24959115576677432,0.0,0.0,46.295
flyingthings,pfwillow|catspp|True|True,pfwillow,catspp|True|True,53.4,0.3800319556753461,0.27499775828608475,0.0,0.0,48.28777
flyingthings,pfwillow|glunet|False|False,pfwillow,glunet|False|False,16.2466,0.3800319556753461,0.22059564407580762,0.0,0.0,15.402429999999999
flyingthings,pfwillow|glunet|False|True,pfwillow,glunet|False|True,18.3398,0.3800319556753461,0.2014468975364964,0.0,0.0,13.571729999999999
flyingthings,pfwillow|glunet|True|False,pfwillow,glunet|True|False,35.8302,0.3800319556753461,0.5414581394256032,0.0,0.0,28.489069999999998
flyingthings,pfwillow|glunet|True|True,pfwillow,glunet|True|True,36.9398,0.3800319556753461,0.5238495541887874,0.0,0.0,33.82583
flyingthings,pfwillow|raft|True|False,pfwillow,raft|True|False,16.6614,0.3800319556753461,0.20024900358448033,0.0,0.0,14.685906249999999
flyingthings,pointodyssey|catspp|False|False,pointodyssey,catspp|False|False,46.0158,-0.15823883614603387,-0.45038372423423634,0.0,0.0,44.495034999999994
flyingthings,pointodyssey|catspp|False|True,pointodyssey,catspp|False|True,68.9316,-0.15823883614603387,-0.49609227329920774,0.0,0.0,49.21954
flyingthings,pointodyssey|catspp|True|False,pointodyssey,catspp|True|False,64.7289,-0.15823883614603387,-0.32396233146394426,0.0,0.0,56.81206999999999
flyingthings,pointodyssey|catspp|True|True,pointodyssey,catspp|True|True,59.3461,-0.15823883614603387,-0.3280042630359901,0.0,0.0,57.76655000000001
flyingthings,pointodyssey|glunet|False|False,pointodyssey,glunet|False|False,93.9512,-0.15823883614603387,-0.4984888768463697,0.0,0.0,78.43231
flyingthings,pointodyssey|glunet|False|True,pointodyssey,glunet|False|True,91.9442,-0.15823883614603387,-0.47229849241008404,0.0,0.0,72.95683
flyingthings,pointodyssey|glunet|True|False,pointodyssey,glunet|True|False,97.4434,-0.15823883614603387,-0.43857105955655756,0.0,0.0,83.19986
flyingthings,pointodyssey|glunet|True|True,pointodyssey,glunet|True|True,95.08,-0.15823883614603387,-0.2915591846631973,0.0,0.0,85.67586
flyingthings,pointodyssey|raft|True|False,pointodyssey,raft|True|False,36.1356,-0.15823883614603387,-0.4599036429815297,0.0,0.0,42.05829875
flyingthings,spair|catspp|False|False,spair,catspp|False|False,3.633,2.4436610433548616,0.12696210718485793,0.0,0.0,3.518255
flyingthings,spair|catspp|False|True,spair,catspp|False|True,3.6918,2.4436610433548616,0.15276778923261894,0.0,0.0,3.549945
flyingthings,spair|catspp|True|False,spair,catspp|True|False,19.9484,2.4436610433548616,1.090580132974253,0.0,0.0,21.36438
flyingthings,spair|catspp|True|True,spair,catspp|True|True,19.8812,2.4436610433548616,1.0057521726842114,0.0,0.0,22.731450000000002
flyingthings,spair|glunet|False|False,spair,glunet|False|False,2.6105,2.4436610433548616,0.14953893028350795,0.0,0.0,2.89565
flyingthings,spair|glunet|False|True,spair,glunet|False|True,2.7028,2.4436610433548616,0.07460107814664832,0.0,0.0,2.56888
flyingthings,spair|glunet|True|False,spair,glunet|True|False,6.6514,2.4436610433548616,2.165165644517334,0.0,0.0,7.610049999999999
flyingthings,spair|glunet|True|True,spair,glunet|True|True,7.582,2.4436610433548616,1.577970281722265,0.0,0.0,9.20212
flyingthings,spair|raft|True|False,spair,raft|True|False,2.69925,2.4436610433548616,0.12339852148611326,0.0,0.0,2.77374875
flyingthings,synthetic|catspp|False|False,synthetic,catspp|False|False,20.6718,3.3037291262533626,5.112153592681897,0.0,0.0,22.97657
flyingthings,synthetic|catspp|False|True,synthetic,catspp|False|True,22.0954,3.3037291262533626,5.8213664691345555,0.0,0.0,23.942625
flyingthings,synthetic|catspp|True|False,synthetic,catspp|True|False,38.1694,3.3037291262533626,6.621239544693461,0.0,0.0,49.41473
flyingthings,synthetic|catspp|True|True,synthetic,catspp|True|True,38.2449,3.3037291262533626,4.709986485153041,0.0,0.0,48.38179
flyingthings,synthetic|glunet|False|False,synthetic,glunet|False|False,15.5289,3.3037291262533626,3.824753448382671,0.0,0.0,16.52306
flyingthings,synthetic|glunet|False|True,synthetic,glunet|False|True,15.7001,3.3037291262533626,1.7016504784694768,0.0,0.0,11.96626
flyingthings,synthetic|glunet|True|False,synthetic,glunet|True|False,35.4304,3.3037291262533626,7.270155326008916,0.0,0.0,28.21764
flyingthings,synthetic|glunet|True|True,synthetic,glunet|True|True,27.769,3.3037291262533626,5.3120181495160015,0.0,0.0,26.64685
flyingthings,synthetic|raft|True|False,synthetic,raft|True|False,15.92325,3.3037291262533626,7.378787474719031,0.0,0.0,21.511377500000002
flyingthings,tss|catspp|False|False,tss,catspp|False|False,33.5001,0.5659409562099368,0.6766148417242127,0.0,0.0,24.245075
flyingthings,tss|catspp|False|True,tss,catspp|False|True,32.7945,0.5659409562099368,0.7321247763224372,0.0,0.0,24.867635
flyingthings,tss|catspp|True|False,tss,catspp|True|False,66.7564,0.5659409562099368,0.2481112987689378,0.0,0.0,63.72162000000001
flyingthings,tss|catspp|True|True,tss,catspp|True|True,66.7002,0.5659409562099368,0.27279187025048246,0.0,0.0,64.26688
flyingthings,tss|glunet|False|False,tss,glunet|False|False,26.1161,0.5659409562099368,0.7947227245101646,0.0,0.0,26.22526
flyingthings,tss|glunet|False|True,tss,glunet|False|True,32.7723,0.5659409562099368,0.5955474908156396,0.0,0.0,22.02363
flyingthings,tss|glunet|True|False,tss,glunet|True|False,58.8215,0.5659409562099368,1.3144116662955203,0.0,0.0,46.95308
flyingthings,tss|glunet|True|True,tss,glunet|True|True,54.9733,0.5659409562099368,1.071502609896175,0.0,0.0,51.14355
flyingthings,tss|raft|True|False,tss,raft|True|False,24.11475,0.5659409562099368,0.5852908745915846,0.0,0.0,21.0722125
imagenet2dwarp,flyingthings|catspp|False|False,flyingthings,catspp|False|False,57.94145,-0.013089954473055108,-0.03595461891968886,0.0,0.0,57.46369
imagenet2dwarp,flyingthings|catspp|False|True,flyingthings,catspp|False|True,60.329,-0.013089954473055108,-0.035569571928293374,0.0,0.0,58.36421
imagenet2dwarp,flyingthings|catspp|True|False,flyingthings,catspp|True|False,78.9297,-0.013089954473055108,-0.010757439479043186,0.0,0.0,80.05644
imagenet2dwarp,flyingthings|catspp|True|True,flyingthings,catspp|True|True,79.9519,-0.013089954473055108,-0.007881981043367292,0.0,0.0,80.095015
imagenet2dwarp,flyingthings|glunet|False|False,flyingthings,glunet|False|False,54.827,-0.013089954473055108,-0.03741416717693785,0.0,0.0,59.29121
imagenet2dwarp,flyingthings|glunet|False|True,flyingthings,glunet|False|True,48.8918,-0.013089954473055108,-0.033163218188952334,0.0,0.0,52.716989999999996
imagenet2dwarp,flyingthings|glunet|True|False,flyingthings,glunet|True|False,11.3571,-0.013089954473055108,-0.02181212239470042,0.0,0.0,71.35209
imagenet2dwarp,flyingthings|glunet|True|True,flyingthings,glunet|True|True,66.7997,-0.013089954473055108,-0.027255210952725893,0.0,0.0,67.60204999999999
imagenet2dwarp,flyingthings|raft|True|False,flyingthings,raft|True|False,4.28145,-0.013089954473055108,-0.03622342429337526,0.0,0.0,55.397555
imagenet2dwarp,kitti2012|catspp|False|False,kitti2012,catspp|False|False,69.0475,-0.002188803349929788,-0.007270573721691901,0.0,0.0,77.03200000000001
imagenet2dwarp,kitti2012|catspp|False|True,kitti2012,catspp|False|True,72.7553,-0.002188803349929788,-0.007132745191950268,0.0,0.0,78.87640999999999
imagenet2dwarp,kitti2012|catspp|True|False,kitti2012,catspp|True|False,92.9336,-0.002188803349929788,-0.0013122276622749716,0.0,0.0,96.0802
imagenet2dwarp,kitti2012|catspp|True|True,kitti2012,catspp|True|True,93.6996,-0.002188803349929788,-0.0012431212442099429,0.0,0.0,95.86865
imagenet2dwarp,kitti2012|glunet|False|False,kitti2012,glunet|False|False,83.4869,-0.002188803349929788,-0.0076228299637943545,0.0,0.0,86.64974
imagenet2dwarp,kitti2012|glunet|False|True,kitti2012,glunet|False|True,82.5947,-0.002188803349929788,-0.007454958599782687,0.0,0.0,82.96295
imagenet2dwarp,kitti2012|glunet|True|False,kitti2012,glunet|True|False,22.7606,-0.002188803349929788,-0.001855038628188272,0.0,0.0,95.44608
imagenet2dwarp,kitti2012|glunet|True|True,kitti2012,glunet|True|True,93.1941,-0.002188803349929788,-0.00441163735331757,0.0,0.0,91.68825
imagenet2dwarp,kitti2012|raft|True|False,kitti2012,raft|True|False,13.823675,-0.002188803349929788,-0.00736464973185571,0.0,0.0,82.91414499999999
imagenet2dwarp,kitti2015|catspp|False|False,kitti2015,catspp|False|False,78.94014999999999,-0.0002829996151371363,-0.0009080764171447506,0.0,0.0,78.348705
imagenet2dwarp,kitti2015|catspp|False|True,kitti2015,catspp|False|True,81.1634,-0.0002829996151371363,-0.000890805581018895,0.0,0.0,78.96718000000001
imagenet2dwarp,kitti2015|catspp|True|False,kitti2015,catspp|True|False,92.1125,-0.0002829996151371363,-0.00013512197058840209,0.0,0.0,95.45198500000001
imagenet2dwarp,kitti2015|catspp|True|True,kitti2015,catspp|True|True,93.2336,-0.0002829996151371363,-0.00013481312283051297,0.0,0.0,95.00776
imagenet2dwarp,kitti2015|glunet|False|False,kitti2015,glunet|False|False,85.4709,-0.0002829996151371363,-0.0009307112789053003,0.0,0.0,81.88059000000001
imagenet2dwarp,kitti2015|glunet|False|True,kitti2015,glunet|False|True,80.8596,-0.0002829996151371363,-0.0008584647551496433,0.0,0.0,78.3936
imagenet2dwarp,kitti2015|glunet|True|False,kitti2015,glunet|True|False,29.7992,-0.0002829996151371363,-0.0003688928333352504,0.0,0.0,92.65608
imagenet2dwarp,kitti2015|glunet|True|True,kitti2015,glunet|True|True,89.5363,-0.0002829996151371363,-0.0005577152299472342,0.0,0.0,89.82579999999999
imagenet2dwarp,kitti2015|raft|True|False,kitti2015,raft|True|False,18.0252125,-0.0002829996151371363,-0.000879199345538603,0.0,0.0,79.825875
imagenet2dwarp,pfpascal|catspp|False|False,pfpascal,catspp|False|False,9.00725,0.11002570738968967,0.06887987139576955,0.0,0.0,12.039255
imagenet2dwarp,pfpascal|catspp|False|True,pfpascal,catspp|False|True,7.8772,0.11002570738968967,0.07511827996751921,0.0,0.0,12.30621
imagenet2dwarp,pfpascal|catspp|True|False,pfpascal,catspp|True|False,34.5998,0.11002570738968967,0.07593303043944892,0.0,0.0,44.50446
imagenet2dwarp,pfpascal|catspp|True|True,pfpascal,catspp|True|True,45.3169,0.11002570738968967,0.08296158671004536,0.0,0.0,46.293525
imagenet2dwarp,pfpascal|glunet|False|False,pfpascal,glunet|False|False,6.0177,0.11002570738968967,0.07071503897166914,0.0,0.0,12.342920000000001
imagenet2dwarp,pfpascal|glunet|False|True,pfpascal,glunet|False|True,6.6055,0.11002570738968967,0.06108797660906249,0.0,0.0,12.128029999999999
imagenet2dwarp,pfpascal|glunet|True|False,pfpascal,glunet|True|False,5.8954,0.11002570738968967,0.12240939088427055,0.0,0.0,27.910700000000002
imagenet2dwarp,pfpascal|glunet|True|True,pfpascal,glunet|True|True,29.9721,0.11002570738968967,0.156474780627552,0.0,0.0,31.5577
imagenet2dwarp,pfpascal|raft|True|False,pfpascal,raft|True|False,5.7248375000000005,0.11002570738968967,0.055127041254770665,0.0,0.0,12.33052
imagenet2dwarp,pfwillow|catspp|False|False,pfwillow,catspp|False|False,11.4111,-0.000687227185798629,-0.0004305106572435647,0.0,0.0,14.31111
imagenet2dwarp,pfwillow|catspp|False|True,pfwillow,catspp|False|True,11.5778,-0.000687227185798629,-0.0004506710052716797,0.0,0.0,14.704995
imagenet2dwarp,pfwillow|catspp|True|False,pfwillow,catspp|True|False,40.8778,-0.000687227185798629,-0.0004731657635430201,0.0,0.0,47.355000000000004
imagenet2dwarp,pfwillow|catspp|True|True,pfwillow,catspp|True|True,48.9333,-0.000687227185798629,-0.0005554978212102726,0.0,0.0,48.73444
imagenet2dwarp,pfwillow|glunet|False|False,pfwillow,glunet|False|False,10.8778,-0.000687227185798629,-0.0004049987107723501,0.0,0.0,15.93931
imagenet2dwarp,pfwillow|glunet|False|True,pfwillow,glunet|False|True,10.5889,-0.000687227185798629,-0.00040140039090931436,0.0,0.0,14.34682
imagenet2dwarp,pfwillow|glunet|True|False,pfwillow,glunet|True|False,10.1,-0.000687227185798629,-0.0008905916373204427,0.0,0.0,31.06209
imagenet2dwarp,pfwillow|glunet|True|True,pfwillow,glunet|True|True,31.7,-0.000687227185798629,-0.0010215306170704237,0.0,0.0,34.349810000000005
imagenet2dwarp,pfwillow|raft|True|False,pfwillow,raft|True|False,6.6805625,-0.000687227185798629,-0.00029706705100472706,0.0,0.0,15.68399
imagenet2dwarp,pointodyssey|catspp|False|False,pointodyssey,catspp|False|False,51.33235,0.020044758818715695,0.06115849683092527,0.0,0.0,43.96338
imagenet2dwarp,pointodyssey|catspp|False|True,pointodyssey,catspp|False|True,48.7736,0.020044758818715695,0.06965697088564657,0.0,0.0,51.235339999999994
imagenet2dwarp,pointodyssey|catspp|True|False,pointodyssey,catspp|True|False,36.487,0.020044758818715695,0.040258323929076155,0.0,0.0,59.63626000000001
imagenet2dwarp,pointodyssey|catspp|True|True,pointodyssey,catspp|True|True,41.4359,0.020044758818715695,0.042114268650341895,0.0,0.0,59.55757
imagenet2dwarp,pointodyssey|glunet|False|False,pointodyssey,glunet|False|False,82.9373,0.020044758818715695,0.06919883223171136,0.0,0.0,79.5337
imagenet2dwarp,pointodyssey|glunet|False|True,pointodyssey,glunet|False|True,78.5324,0.020044758818715695,0.0662942501486397,0.0,0.0,74.29801
imagenet2dwarp,pointodyssey|glunet|True|False,pointodyssey,glunet|True|False,25.0551,0.020044758818715695,0.026680040052206335,0.0,0.0,90.43869
imagenet2dwarp,pointodyssey|glunet|True|True,pointodyssey,glunet|True|True,89.2135,0.020044758818715695,0.040484785877333423,0.0,0.0,86.26250999999999
imagenet2dwarp,pointodyssey|raft|True|False,pointodyssey,raft|True|False,3.8248375,0.020044758818715695,0.05245451334355854,0.0,0.0,45.289375
imagenet2dwarp,spair|catspp|False|False,spair,catspp|False|False,3.93925,-1.7448732337911412,-0.09229258648022796,0.0,0.0,3.4876300000000002
imagenet2dwarp,spair|catspp|False|True,spair,catspp|False|True,3.9251,-1.7448732337911412,-0.11431115720486326,0.0,0.0,3.5266150000000005
imagenet2dwarp,spair|catspp|True|False,spair,catspp|True|False,16.6978,-1.7448732337911412,-0.7624446716872081,0.0,0.0,21.689439999999998
imagenet2dwarp,spair|catspp|True|True,spair,catspp|True|True,23.1718,-1.7448732337911412,-0.7991731629817171,0.0,0.0,22.40239
imagenet2dwarp,spair|glunet|False|False,spair,glunet|False|False,2.6759,-1.7448732337911412,-0.11585102362801371,0.0,0.0,2.88911
imagenet2dwarp,spair|glunet|False|True,spair,glunet|False|True,2.6273,-1.7448732337911412,-0.05809107471061172,0.0,0.0,2.5764299999999998
imagenet2dwarp,spair|glunet|True|False,spair,glunet|True|False,2.8992,-1.7448732337911412,-1.6249036657833087,0.0,0.0,7.98527
imagenet2dwarp,spair|glunet|True|True,spair,glunet|True|True,6.6248,-1.7448732337911412,-1.2037524897337377,0.0,0.0,9.29784
imagenet2dwarp,spair|raft|True|False,spair,raft|True|False,2.4022375,-1.7448732337911412,-0.09043763079216283,0.0,0.0,2.80345
imagenet2dwarp,synthetic|catspp|False|False,synthetic,catspp|False|False,19.63085,-2.6303718114220747,-4.375366839730232,0.0,0.0,23.080665
imagenet2dwarp,synthetic|catspp|False|True,synthetic,catspp|False|True,19.6472,-2.6303718114220747,-4.971810841027393,0.0,0.0,24.187445
imagenet2dwarp,synthetic|catspp|True|False,synthetic,catspp|True|False,37.1935,-2.6303718114220747,-5.651687115963714,0.0,0.0,49.51232
imagenet2dwarp,synthetic|catspp|True|True,synthetic,catspp|True|True,39.7476,-2.6303718114220747,-4.085541659374634,0.0,0.0,48.23152
imagenet2dwarp,synthetic|glunet|False|False,synthetic,glunet|False|False,9.7372,-2.6303718114220747,-3.1803131519005334,0.0,0.0,17.10223
imagenet2dwarp,synthetic|glunet|False|True,synthetic,glunet|False|True,9.3907,-2.6303718114220747,-1.474576569546479,0.0,0.0,12.597199999999999
imagenet2dwarp,synthetic|glunet|True|False,synthetic,glunet|True|False,6.6755,-2.6303718114220747,-5.681154338686074,0.0,0.0,31.093130000000002
imagenet2dwarp,synthetic|glunet|True|True,synthetic,glunet|True|True,21.0263,-2.6303718114220747,-4.504526582969593,0.0,0.0,27.32112
imagenet2dwarp,synthetic|raft|True|False,synthetic,raft|True|False,4.674075,-2.6303718114220747,-6.042647590810399,0.0,0.0,22.636295
imagenet2dwarp,tss|catspp|False|False,tss,catspp|False|False,21.05095,-0.4388451411898342,-0.5845525427636847,0.0,0.0,25.48999
imagenet2dwarp,tss|catspp|False|True,tss,catspp|False|True,20.9901,-0.4388451411898342,-0.6217473631383047,0.0,0.0,26.048075
imagenet2dwarp,tss|catspp|True|False,tss,catspp|True|False,58.4608,-0.4388451411898342,-0.18312150378900136,0.0,0.0,64.55118
imagenet2dwarp,tss|catspp|True|True,tss,catspp|True|True,63.5068,-0.4388451411898342,-0.23136150816724899,0.0,0.0,64.58622
imagenet2dwarp,tss|glunet|False|False,tss,glunet|False|False,14.8312,-0.4388451411898342,-0.6226638368674007,0.0,0.0,27.35375
imagenet2dwarp,tss|glunet|False|True,tss,glunet|False|True,14.6164,-0.4388451411898342,-0.5077018674476693,0.0,0.0,23.83922
imagenet2dwarp,tss|glunet|True|False,tss,glunet|True|False,11.2237,-0.4388451411898342,-0.8362356689474605,0.0,0.0,51.71286
imagenet2dwarp,tss|glunet|True|True,tss,glunet|True|True,50.4683,-0.4388451411898342,-0.8975523687802156,0.0,0.0,51.59405
imagenet2dwarp,tss|raft|True|False,tss,raft|True|False,7.744925,-0.4388451411898342,-0.4080522892895868,0.0,0.0,22.709195
movi_f,flyingthings|catspp|False|False,flyingthings,catspp|False|False,61.2423,-0.2451110964166244,-0.5893865672248239,0.0,0.0,57.133605
movi_f,flyingthings|catspp|False|True,flyingthings,catspp|False|True,61.1514,-0.2451110964166244,-0.5839031104613259,0.0,0.0,58.28197
movi_f,flyingthings|catspp|True|False,flyingthings,catspp|True|False,77.7052,-0.2451110964166244,-0.17556769075013365,0.0,0.0,80.17889
movi_f,flyingthings|catspp|True|True,flyingthings,catspp|True|True,77.9071,-0.2451110964166244,-0.12765810629840946,0.0,0.0,80.29949500000001
movi_f,flyingthings|glunet|False|False,flyingthings,glunet|False|False,41.9398,-0.2451110964166244,-0.5925044648311714,0.0,0.0,60.579930000000004
movi_f,flyingthings|glunet|False|True,flyingthings,glunet|False|True,43.0123,-0.2451110964166244,-0.5378460403895415,0.0,0.0,53.30494
movi_f,flyingthings|glunet|True|False,flyingthings,glunet|True|False,39.164,-0.2451110964166244,-0.5916377184086267,0.0,0.0,68.57140000000001
movi_f,flyingthings|glunet|True|True,flyingthings,glunet|True|True,39.106,-0.2451110964166244,-0.34812960113394714,0.0,0.0,70.37142
movi_f,flyingthings|raft|True|False,flyingthings,raft|True|False,38.9566,-0.2451110964166244,-0.7430599045728302,0.0,0.0,51.93004
movi_f,kitti2012|catspp|False|False,kitti2012,catspp|False|False,86.277,0.003926333395689684,0.011388107578618644,0.0,0.0,75.30905
movi_f,kitti2012|catspp|False|True,kitti2012,catspp|False|True,86.332,0.003926333395689684,0.011185448372097083,0.0,0.0,77.51874000000001
movi_f,kitti2012|catspp|True|False,kitti2012,catspp|True|False,94.5198,0.003926333395689684,0.002104278408773078,0.0,0.0,95.92157999999999
movi_f,kitti2012|catspp|True|True,kitti2012,catspp|True|True,95.7835,0.003926333395689684,0.0019807267709742345,0.0,0.0,95.66026000000001
movi_f,kitti2012|glunet|False|False,kitti2012,glunet|False|False,83.278,0.003926333395689684,0.011992572569925664,0.0,0.0,86.67063
movi_f,kitti2012|glunet|False|True,kitti2012,glunet|False|True,83.3858,0.003926333395689684,0.01172964437795527,0.0,0.0,82.88383999999999
movi_f,kitti2012|glunet|True|False,kitti2012,glunet|True|False,78.7366,0.003926333395689684,0.010763419196483492,0.0,0.0,89.84848
movi_f,kitti2012|glunet|True|True,kitti2012,glunet|True|True,73.9202,0.003926333395689684,0.006337195533981741,0.0,0.0,93.61564000000001
movi_f,kitti2012|raft|True|False,kitti2012,raft|True|False,81.5116,0.003926333395689684,0.015263447704728181,0.0,0.0,76.1453525
movi_f,kitti2015|catspp|False|False,kitti2015,catspp|False|False,84.7086,-0.005591190836950021,-0.015672189547496246,0.0,0.0,77.77185999999999
movi_f,kitti2015|catspp|False|True,kitti2015,catspp|False|True,83.9623,-0.005591190836950021,-0.015405593113384972,0.0,0.0,78.68729
movi_f,kitti2015|catspp|True|False,kitti2015,catspp|True|False,94.1351,-0.005591190836950021,-0.0024291938917312228,0.0,0.0,95.249725
movi_f,kitti2015|catspp|True|True,kitti2015,catspp|True|True,94.8194,-0.005591190836950021,-0.002364457986325691,0.0,0.0,94.84918
movi_f,kitti2015|glunet|False|False,kitti2015,glunet|False|False,71.5137,-0.005591190836950021,-0.015963671444294985,0.0,0.0,83.27631
movi_f,kitti2015|glunet|False|True,kitti2015,glunet|False|True,72.591,-0.005591190836950021,-0.014822822629089473,0.0,0.0,79.22046
movi_f,kitti2015|glunet|True|False,kitti2015,glunet|True|False,65.3127,-0.005591190836950021,-0.013551863656627113,0.0,0.0,89.10472999999999
movi_f,kitti2015|glunet|True|True,kitti2015,glunet|True|True,61.7536,-0.005591190836950021,-0.007298252320168517,0.0,0.0,92.60407000000001
movi_f,kitti2015|raft|True|False,kitti2015,raft|True|False,70.4775,-0.005591190836950021,-0.019812477797344633,0.0,0.0,74.58064625
movi_f,pfpascal|catspp|False|False,pfpascal,catspp|False|False,10.5168,-0.7652443235810498,-0.4270248018477951,0.0,0.0,11.8883
movi_f,pfpascal|catspp|False|True,pfpascal,catspp|False|True,8.1291,-0.7652443235810498,-0.4603081531232799,0.0,0.0,12.281020000000002
movi_f,pfpascal|catspp|True|False,pfpascal,catspp|True|False,34.8945,-0.7652443235810498,-0.4685896136572152,0.0,0.0,44.474990000000005
movi_f,pfpascal|catspp|True|True,pfpascal,catspp|True|True,38.85,-0.7652443235810498,-0.4529715246758188,0.0,0.0,46.940215
movi_f,pfpascal|glunet|False|False,pfpascal,glunet|False|False,12.3182,-0.7652443235810498,-0.4662950831843522,0.0,0.0,11.71287
movi_f,pfpascal|glunet|False|True,pfpascal,glunet|False|True,12.2101,-0.7652443235810498,-0.4033067076968192,0.0,0.0,11.56757
movi_f,pfpascal|glunet|True|False,pfpascal,glunet|True|False,12.1653,-0.7652443235810498,-0.8717970819949071,0.0,0.0,27.283710000000003
movi_f,pfpascal|glunet|True|True,pfpascal,glunet|True|True,11.6719,-0.7652443235810498,-0.7352408470861485,0.0,0.0,33.38772
movi_f,pfpascal|raft|True|False,pfpascal,raft|True|False,12.3863,-0.7652443235810498,-0.38362649807920246,0.0,0.0,11.66437375
movi_f,pfwillow|catspp|False|False,pfwillow,catspp|False|False,13.6778,-1.0509456331235825,-0.5880095005312511,0.0,0.0,14.08444
movi_f,pfwillow|catspp|False|True,pfwillow,catspp|False|True,11.4889,-1.0509456331235825,-0.6037424581474992,0.0,0.0,14.713885
movi_f,pfwillow|catspp|True|False,pfwillow,catspp|True|False,38.0889,-1.0509456331235825,-0.5740785108556163,0.0,0.0,47.633889999999994
movi_f,pfwillow|catspp|True|True,pfwillow,catspp|True|True,38.0222,-1.0509456331235825,-0.5895972258000576,0.0,0.0,49.82555
movi_f,pfwillow|glunet|False|False,pfwillow,glunet|False|False,13.8,-1.0509456331235825,-0.5728986510584093,0.0,0.0,15.64709
movi_f,pfwillow|glunet|False|True,pfwillow,glunet|False|True,14.6333,-1.0509456331235825,-0.5569836685075193,0.0,0.0,13.94238
movi_f,pfwillow|glunet|True|False,pfwillow,glunet|True|False,11.9333,-1.0509456331235825,-1.243786552570129,0.0,0.0,30.87876
movi_f,pfwillow|glunet|True|True,pfwillow,glunet|True|True,14.3062,-1.0509456331235825,-1.0866593770898725,0.0,0.0,36.08919
movi_f,pfwillow|raft|True|False,pfwillow,raft|True|False,13.8111,-1.0509456331235825,-0.5268641515659073,0.0,0.0,14.97093625
movi_f,pointodyssey|catspp|False|False,pointodyssey,catspp|False|False,84.7224,-0.0037292647166968108,-0.00800820254329826,0.0,0.0,40.624375
movi_f,pointodyssey|catspp|False|True,pointodyssey,catspp|False|True,84.993,-0.0037292647166968108,-0.010154016075697232,0.0,0.0,47.6134
movi_f,pointodyssey|catspp|True|False,pointodyssey,catspp|True|False,95.4377,-0.0037292647166968108,-0.004537591036169479,0.0,0.0,53.741189999999996
movi_f,pointodyssey|catspp|True|True,pointodyssey,catspp|True|True,95.8171,-0.0037292647166968108,-0.004556889936241432,0.0,0.0,54.11945000000001
movi_f,pointodyssey|glunet|False|False,pointodyssey,glunet|False|False,66.6921,-0.0037292647166968108,-0.01112687170166916,0.0,0.0,81.15822
movi_f,pointodyssey|glunet|False|True,pointodyssey,glunet|False|True,68.033,-0.0037292647166968108,-0.0107874528142595,0.0,0.0,75.34795
movi_f,pointodyssey|glunet|True|False,pointodyssey,glunet|True|False,62.6774,-0.0037292647166968108,-0.009400703895836447,0.0,0.0,86.67645999999999
movi_f,pointodyssey|glunet|True|True,pointodyssey,glunet|True|True,61.2703,-0.0037292647166968108,-0.005414904550073638,0.0,0.0,89.05683
movi_f,pointodyssey|raft|True|False,pointodyssey,raft|True|False,64.2839,-0.0037292647166968108,-0.009683480419080131,0.0,0.0,39.24346875
movi_f,spair|catspp|False|False,spair,catspp|False|False,3.0896,-6.9110918230387846,-0.31767544567822453,0.0,0.0,3.5725949999999997
movi_f,spair|catspp|False|True,spair,catspp|False|True,2.6465,-6.9110918230387846,-0.3201020584278388,0.0,0.0,3.654475
movi_f,spair|catspp|True|False,spair,catspp|True|False,14.7345,-6.9110918230387846,-2.3078450598031366,0.0,0.0,21.88577
movi_f,spair|catspp|True|True,spair,catspp|True|True,18.34,-6.9110918230387846,-2.532791690370348,0.0,0.0,22.88557
movi_f,spair|glunet|False|False,spair,glunet|False|False,1.9627,-6.9110918230387846,-0.3174320596344048,0.0,0.0,2.9604299999999997
movi_f,spair|glunet|False|True,spair,glunet|False|True,2.0144,-6.9110918230387846,-0.1259195658681676,0.0,0.0,2.6377200000000003
movi_f,spair|glunet|True|False,spair,glunet|True|False,2.3566,-6.9110918230387846,-5.6083111390607865,0.0,0.0,8.03953
movi_f,spair|glunet|True|True,spair,glunet|True|True,2.486,-6.9110918230387846,-3.8189707491737708,0.0,0.0,9.71172
movi_f,spair|raft|True|False,spair,raft|True|False,1.9948,-6.9110918230387846,-0.2501846407114905,0.0,0.0,2.84419375
movi_f,synthetic|catspp|False|False,synthetic,catspp|False|False,15.2654,-6.9110918230387846,-9.902193080839266,0.0,0.0,23.51721
movi_f,synthetic|catspp|False|True,synthetic,catspp|False|True,15.8474,-6.9110918230387846,-11.300999409419024,0.0,0.0,24.567425
movi_f,synthetic|catspp|True|False,synthetic,catspp|True|False,33.1069,-6.9110918230387846,-12.696640993322431,0.0,0.0,49.92098
movi_f,synthetic|catspp|True|True,synthetic,catspp|True|True,39.2118,-6.9110918230387846,-9.379990363121333,0.0,0.0,48.2851
movi_f,synthetic|glunet|False|False,synthetic,glunet|False|False,6.5898,-6.9110918230387846,-7.046934990955978,0.0,0.0,17.41697
movi_f,synthetic|glunet|False|True,synthetic,glunet|False|True,6.8448,-6.9110918230387846,-3.1441029068343447,0.0,0.0,12.85179
movi_f,synthetic|glunet|True|False,synthetic,glunet|True|False,6.5871,-6.9110918230387846,-13.080980169134255,0.0,0.0,31.10197
movi_f,synthetic|glunet|True|True,synthetic,glunet|True|True,6.6584,-6.9110918230387846,-8.879387637172291,0.0,0.0,28.75791
movi_f,synthetic|raft|True|False,synthetic,raft|True|False,6.1934,-6.9110918230387846,-14.057634371835515,0.0,0.0,22.4843625
movi_f,tss|catspp|False|False,tss,catspp|False|False,24.3569,-1.7116299646418276,-2.0185455965242616,0.0,0.0,25.159395
movi_f,tss|catspp|False|True,tss,catspp|False|True,19.1092,-1.7116299646418276,-2.1034814350314344,0.0,0.0,26.236165
movi_f,tss|catspp|True|False,tss,catspp|True|False,58.5563,-1.7116299646418276,-0.6304607082532654,0.0,0.0,64.54163
movi_f,tss|catspp|True|True,tss,catspp|True|True,55.6517,-1.7116299646418276,-0.5075311910830178,0.0,0.0,65.37173
movi_f,tss|glunet|False|False,tss,glunet|False|False,17.947,-1.7116299646418276,-2.197850410031507,0.0,0.0,27.04217
movi_f,tss|glunet|False|True,tss,glunet|False|True,18.6283,-1.7116299646418276,-1.8059816681492937,0.0,0.0,23.43803
movi_f,tss|glunet|True|False,tss,glunet|True|False,16.9644,-1.7116299646418276,-3.169882423826943,0.0,0.0,51.13879
movi_f,tss|glunet|True|True,tss,glunet|True|True,19.7064,-1.7116299646418276,-2.1449542884695187,0.0,0.0,54.67024
movi_f,tss|raft|True|False,tss,raft|True|False,18.6637,-1.7116299646418276,-1.6731698439725142,0.0,0.0,21.617317500000002
pointodyssey,flyingthings|catspp|False|False,flyingthings,catspp|False|False,64.4318,-0.005148882707541883,-0.0128644042554733,0.0,0.0,56.814655
pointodyssey,flyingthings|catspp|False|True,flyingthings,catspp|False|True,63.8607,-0.005148882707541883,-0.01276671859754164,0.0,0.0,58.01104
pointodyssey,flyingthings|catspp|True|False,flyingthings,catspp|True|False,79.6231,-0.005148882707541883,-0.0038808007811175767,0.0,0.0,79.9871
pointodyssey,flyingthings|catspp|True|True,flyingthings,catspp|True|True,79.22595,-0.005148882707541883,-0.0028333206919483574,0.0,0.0,80.16761
pointodyssey,flyingthings|glunet|False|False,flyingthings,glunet|False|False,71.1769,-0.005148882707541883,-0.013239727227951036,0.0,0.0,57.65622
pointodyssey,flyingthings|glunet|False|True,flyingthings,glunet|False|True,67.784,-0.005148882707541883,-0.011492156668190506,0.0,0.0,50.82777
pointodyssey,flyingthings|glunet|True|False,flyingthings,glunet|True|False,77.7439,-0.005148882707541883,-0.013981368695267697,0.0,0.0,64.71341
pointodyssey,flyingthings|glunet|True|True,flyingthings,glunet|True|True,76.6361,-0.005148882707541883,-0.009617910222435248,0.0,0.0,66.61841
pointodyssey,flyingthings|raft|True|False,flyingthings,raft|True|False,57.27595,-0.005148882707541883,-0.016436154362811227,0.0,0.0,50.098105
pointodyssey,kitti2012|catspp|False|False,kitti2012,catspp|False|False,87.0735,0.002417794416133529,0.007310057822446478,0.0,0.0,75.2294
pointodyssey,kitti2012|catspp|False|True,kitti2012,catspp|False|True,86.4889,0.002417794416133529,0.007189670268693616,0.0,0.0,77.50305
pointodyssey,kitti2012|catspp|True|False,kitti2012,catspp|True|False,96.6249,0.002417794416133529,0.0013564984534036241,0.0,0.0,95.71106999999999
pointodyssey,kitti2012|catspp|True|True,kitti2012,catspp|True|True,96.1437,0.002417794416133529,0.0012726169182834797,0.0,0.0,95.62424
pointodyssey,kitti2012|glunet|False|False,kitti2012,glunet|False|False,95.5502,0.002417794416133529,0.00765972798854566,0.0,0.0,85.44341
pointodyssey,kitti2012|glunet|False|True,kitti2012,glunet|False|True,91.6607,0.002417794416133529,0.007488760570711574,0.0,0.0,82.05635
pointodyssey,kitti2012|glunet|True|False,kitti2012,glunet|True|False,97.8728,0.002417794416133529,0.006935505796068923,0.0,0.0,87.93485999999999
pointodyssey,kitti2012|glunet|True|True,kitti2012,glunet|True|True,97.4634,0.002417794416133529,0.004427813879351536,0.0,0.0,91.26132
pointodyssey,kitti2012|raft|True|False,kitti2012,raft|True|False,89.47625,0.002417794416133529,0.009738280850398394,0.0,0.0,75.3488875
pointodyssey,kitti2015|catspp|False|False,kitti2015,catspp|False|False,85.69685,0.0011233875846354963,0.003283083535384072,0.0,0.0,77.673035
pointodyssey,kitti2015|catspp|False|True,kitti2015,catspp|False|True,85.19040000000001,0.0011233875846354963,0.0032271314277685023,0.0,0.0,78.56448
pointodyssey,kitti2015|catspp|True|False,kitti2015,catspp|True|False,95.30515,0.0011233875846354963,0.0005117950339488951,0.0,0.0,95.13271999999999
pointodyssey,kitti2015|catspp|True|True,kitti2015,catspp|True|True,95.0862,0.0011233875846354963,0.0004958824210702662,0.0,0.0,94.8225
pointodyssey,kitti2015|glunet|False|False,kitti2015,glunet|False|False,86.2536,0.0011233875846354963,0.0033815213480681105,0.0,0.0,81.80232
pointodyssey,kitti2015|glunet|False|True,kitti2015,glunet|False|True,83.9377,0.0011233875846354963,0.003112395313070475,0.0,0.0,78.08579
pointodyssey,kitti2015|glunet|True|False,kitti2015,glunet|True|False,95.0124,0.0011233875846354963,0.0029977443169946424,0.0,0.0,86.13476
pointodyssey,kitti2015|glunet|True|True,kitti2015,glunet|True|True,94.9408,0.0011233875846354963,0.002012809172464125,0.0,0.0,89.28535
pointodyssey,kitti2015|raft|True|False,kitti2015,raft|True|False,83.4171,0.0011233875846354963,0.004137015938651238,0.0,0.0,73.28668625
pointodyssey,pfpascal|catspp|False|False,pfpascal,catspp|False|False,12.26865,0.18854444840202053,0.11022386006315521,0.0,0.0,11.713115
pointodyssey,pfpascal|catspp|False|True,pfpascal,catspp|False|True,11.4723,0.18854444840202053,0.12211103951878398,0.0,0.0,11.9467
pointodyssey,pfpascal|catspp|True|False,pfpascal,catspp|True|False,42.4378,0.18854444840202053,0.13872285935424733,0.0,0.0,43.720659999999995
pointodyssey,pfpascal|catspp|True|True,pfpascal,catspp|True|True,45.84245,0.18854444840202053,0.1303544403643779,0.0,0.0,46.24097
pointodyssey,pfpascal|glunet|False|False,pfpascal,glunet|False|False,18.1731,0.18854444840202053,0.10868252888737269,0.0,0.0,11.127379999999999
pointodyssey,pfpascal|glunet|False|True,pfpascal,glunet|False|True,15.9056,0.18854444840202053,0.09811514147287187,0.0,0.0,11.19802
pointodyssey,pfpascal|glunet|True|False,pfpascal,glunet|True|False,28.6839,0.18854444840202053,0.24851575691400107,0.0,0.0,25.631850000000004
pointodyssey,pfpascal|glunet|True|True,pfpascal,glunet|True|True,42.0709,0.18854444840202053,0.2307505326313303,0.0,0.0,30.347820000000002
pointodyssey,pfpascal|raft|True|False,pfpascal,raft|True|False,15.79625,0.18854444840202053,0.09338126846221412,0.0,0.0,11.32337875
pointodyssey,pfwillow|catspp|False|False,pfwillow,catspp|False|False,15.5,0.24510221332775745,0.14244241174296005,0.0,0.0,13.90222
pointodyssey,pfwillow|catspp|False|True,pfwillow,catspp|False|True,14.47225,0.24510221332775745,0.1501044233995073,0.0,0.0,14.41555
pointodyssey,pfwillow|catspp|True|False,pfwillow,catspp|True|False,44.75,0.24510221332775745,0.16479438165551602,0.0,0.0,46.96778
pointodyssey,pfwillow|catspp|True|True,pfwillow,catspp|True|True,47.911100000000005,0.24510221332775745,0.1812382072465652,0.0,0.0,48.83666
pointodyssey,pfwillow|glunet|False|False,pfwillow,glunet|False|False,19.8741,0.24510221332775745,0.13302962138343558,0.0,0.0,15.039679999999999
pointodyssey,pfwillow|glunet|False|True,pfwillow,glunet|False|True,18.0556,0.24510221332775745,0.12916065259740553,0.0,0.0,13.60015
pointodyssey,pfwillow|glunet|True|False,pfwillow,glunet|True|False,36.5889,0.24510221332775745,0.34283752795064254,0.0,0.0,28.4132
pointodyssey,pfwillow|glunet|True|True,pfwillow,glunet|True|True,44.3778,0.24510221332775745,0.31728514895594145,0.0,0.0,33.082029999999996
pointodyssey,pfwillow|raft|True|False,pfwillow,raft|True|False,18.25555,0.24510221332775745,0.12389071423270558,0.0,0.0,14.526491250000001
pointodyssey,pointodyssey|catspp|False|False,pointodyssey,catspp|False|False,68.8301,0.034160948201307294,0.08937641648726415,0.0,0.0,42.213605
pointodyssey,pointodyssey|catspp|False|True,pointodyssey,catspp|False|True,80.8951,0.034160948201307294,0.09987285036064181,0.0,0.0,48.02319
pointodyssey,pointodyssey|catspp|True|False,pointodyssey,catspp|True|False,72.7112,0.034160948201307294,0.06625093422492413,0.0,0.0,56.01384
pointodyssey,pointodyssey|catspp|True|True,pointodyssey,catspp|True|True,71.0583,0.034160948201307294,0.06726751175523432,0.0,0.0,56.595330000000004
pointodyssey,pointodyssey|glunet|False|False,pointodyssey,glunet|False|False,94.4359,0.034160948201307294,0.10602668319533651,0.0,0.0,78.38383999999999
pointodyssey,pointodyssey|glunet|False|True,pointodyssey,glunet|False|True,91.0918,0.034160948201307294,0.10088099584592364,0.0,0.0,73.04207
pointodyssey,pointodyssey|glunet|True|False,pointodyssey,glunet|True|False,96.5284,0.034160948201307294,0.09365601399536674,0.0,0.0,83.29136
pointodyssey,pointodyssey|glunet|True|True,pointodyssey,glunet|True|True,96.2978,0.034160948201307294,0.06171898105999745,0.0,0.0,85.55408
pointodyssey,pointodyssey|raft|True|False,pointodyssey,raft|True|False,58.56285,0.034160948201307294,0.09513258872560701,0.0,0.0,39.81557375
pointodyssey,spair|catspp|False|False,spair,catspp|False|False,3.1626,2.699950454063985,0.13248680962643453,0.0,0.0,3.565295
pointodyssey,spair|catspp|False|True,spair,catspp|False|True,3.32435,2.699950454063985,0.1649370289804014,0.0,0.0,3.58669
pointodyssey,spair|catspp|True|False,spair,catspp|True|False,20.8771,2.699950454063985,1.1970136920589385,0.0,0.0,21.27151
pointodyssey,spair|catspp|True|True,spair,catspp|True|True,22.5766,2.699950454063985,1.1352159598507578,0.0,0.0,22.46191
pointodyssey,spair|glunet|False|False,spair,glunet|False|False,3.2579,2.699950454063985,0.1596360073848771,0.0,0.0,2.8309100000000003
pointodyssey,spair|glunet|False|True,spair,glunet|False|True,2.6984,2.699950454063985,0.08139693076513425,0.0,0.0,2.5693200000000003
pointodyssey,spair|glunet|True|False,spair,glunet|True|False,5.1968,2.699950454063985,2.3471480626950276,0.0,0.0,7.755510000000001
pointodyssey,spair|glunet|True|True,spair,glunet|True|True,8.153,2.699950454063985,1.7250492978036702,0.0,0.0,9.145019999999999
pointodyssey,spair|raft|True|False,spair,raft|True|False,2.80045,2.699950454063985,0.13466794832366147,0.0,0.0,2.76362875
pointodyssey,synthetic|catspp|False|False,synthetic,catspp|False|False,17.907249999999998,3.5266321925029533,5.34376309291624,0.0,0.0,23.253025
pointodyssey,synthetic|catspp|False|True,synthetic,catspp|False|True,17.94525,3.5266321925029533,6.07376529219477,0.0,0.0,24.35764
pointodyssey,synthetic|catspp|True|False,synthetic,catspp|True|False,40.1523,3.5266321925029533,7.030483623665832,0.0,0.0,49.21644
pointodyssey,synthetic|catspp|True|True,synthetic,catspp|True|True,39.8872,3.5266321925029533,5.0210808992586315,0.0,0.0,48.217560000000006
pointodyssey,synthetic|glunet|False|False,synthetic,glunet|False|False,14.6555,3.5266321925029533,4.021282051499377,0.0,0.0,16.6104
pointodyssey,synthetic|glunet|False|True,synthetic,glunet|False|True,13.3788,3.5266321925029533,1.8549000975296386,0.0,0.0,12.19839
pointodyssey,synthetic|glunet|True|False,synthetic,glunet|True|False,25.8011,3.5266321925029533,7.704320127404011,0.0,0.0,29.18057
pointodyssey,synthetic|glunet|True|True,synthetic,glunet|True|True,25.2246,3.5266321925029533,5.591372659000274,0.0,0.0,26.90129
pointodyssey,synthetic|raft|True|False,synthetic,raft|True|False,11.985,3.5266321925029533,7.690863422983393,0.0,0.0,21.9052025
pointodyssey,tss|catspp|False|False,tss,catspp|False|False,27.7243,-0.0037506342532370243,-0.004600693883807876,0.0,0.0,24.822655
pointodyssey,tss|catspp|False|True,tss,catspp|False|True,26.72155,-0.0037506342532370243,-0.004917186739228543,0.0,0.0,25.47493
pointodyssey,tss|catspp|True|False,tss,catspp|True|False,62.2398,-0.0037506342532370243,-0.001656641484139723,0.0,0.0,64.17328
pointodyssey,tss|catspp|True|True,tss,catspp|True|True,62.9798,-0.0037506342532370243,-0.0018017542855043739,0.0,0.0,64.63892
pointodyssey,tss|glunet|False|False,tss,glunet|False|False,41.4764,-0.0037506342532370243,-0.004600537644756951,0.0,0.0,24.689230000000002
pointodyssey,tss|glunet|False|True,tss,glunet|False|True,33.6273,-0.0037506342532370243,-0.003837105931555704,0.0,0.0,21.93813
pointodyssey,tss|glunet|True|False,tss,glunet|True|False,61.47,-0.0037506342532370243,-0.008499413632730272,0.0,0.0,46.68823
pointodyssey,tss|glunet|True|True,tss,glunet|True|True,62.9502,-0.0037506342532370243,-0.006788993567222948,0.0,0.0,50.34586
pointodyssey,tss|raft|True|False,tss,raft|True|False,27.3016,-0.0037506342532370243,-0.0037345262833492327,0.0,0.0,20.7535275
sintel,flyingthings|catspp|False|False,flyingthings,catspp|False|False,70.7445,-0.020306178146256546,-0.053826291595493604,0.0,0.0,56.183385
sintel,flyingthings|catspp|False|True,flyingthings,catspp|False|True,69.0867,-0.020306178146256546,-0.053757140594844134,0.0,0.0,57.488440000000004
sintel,flyingthings|catspp|True|False,flyingthings,catspp|True|False,82.138,-0.020306178146256546,-0.01641946076471356,0.0,0.0,79.73561
sintel,flyingthings|catspp|True|True,flyingthings,catspp|True|True,82.249,-0.020306178146256546,-0.011934634059704387,0.0,0.0,79.865305
sintel,flyingthings|glunet|False|False,flyingthings,glunet|False|False,64.4604,-0.020306178146256546,-0.05733423394038877,0.0,0.0,58.32787
sintel,flyingthings|glunet|False|True,flyingthings,glunet|False|True,61.0606,-0.020306178146256546,-0.05037981408196789,0.0,0.0,51.50011000000001
sintel,flyingthings|glunet|True|False,flyingthings,glunet|True|False,70.575,-0.020306178146256546,-0.060436989019411906,0.0,0.0,65.4303
sintel,flyingthings|glunet|True|True,flyingthings,glunet|True|True,69.7732,-0.020306178146256546,-0.04179977388606522,0.0,0.0,67.3047
sintel,flyingthings|raft|True|False,flyingthings,raft|True|False,63.2297,-0.020306178146256546,-0.06935810663209852,0.0,0.0,49.50273
sintel,kitti2012|catspp|False|False,kitti2012,catspp|False|False,91.745,0.004566424609366159,0.01474196276355452,0.0,0.0,74.76225
sintel,kitti2012|catspp|False|True,kitti2012,catspp|False|True,92.0926,0.004566424609366159,0.014492406425619003,0.0,0.0,76.94268
sintel,kitti2012|catspp|True|False,kitti2012,catspp|True|False,98.205,0.004566424609366159,0.0027284161504452114,0.0,0.0,95.55306
sintel,kitti2012|catspp|True|True,kitti2012,catspp|True|True,98.1215,0.004566424609366159,0.00254891069548175,0.0,0.0,95.42645999999999
sintel,kitti2012|glunet|False|False,kitti2012,glunet|False|False,96.5983,0.004566424609366159,0.01560634426465882,0.0,0.0,85.3386
sintel,kitti2012|glunet|False|True,kitti2012,glunet|False|True,94.6197,0.004566424609366159,0.015199700362839356,0.0,0.0,81.76045
sintel,kitti2012|glunet|True|False,kitti2012,glunet|True|False,98.4939,0.004566424609366159,0.014138567835586854,0.0,0.0,87.87275
sintel,kitti2012|glunet|True|True,kitti2012,glunet|True|True,98.9758,0.004566424609366159,0.008991292169067897,0.0,0.0,91.11008
sintel,kitti2012|raft|True|False,kitti2012,raft|True|False,94.0246,0.004566424609366159,0.01972669609199633,0.0,0.0,74.8940525
sintel,kitti2015|catspp|False|False,kitti2015,catspp|False|False,89.5554,-0.003355087813515103,-0.010517859527220117,0.0,0.0,77.28718
sintel,kitti2015|catspp|False|True,kitti2015,catspp|False|True,89.3623,-0.003355087813515103,-0.01033986473394586,0.0,0.0,78.14729
sintel,kitti2015|catspp|True|False,kitti2015,catspp|True|False,96.8068,-0.003355087813515103,-0.0016324908279009844,0.0,0.0,94.982555
sintel,kitti2015|catspp|True|True,kitti2015,catspp|True|True,96.3826,-0.003355087813515103,-0.0015836311650210566,0.0,0.0,94.69286
sintel,kitti2015|glunet|False|False,kitti2015,glunet|False|False,90.0772,-0.003355087813515103,-0.010865515764801185,0.0,0.0,81.41996
sintel,kitti2015|glunet|False|True,kitti2015,glunet|False|True,84.862,-0.003355087813515103,-0.010033361503136466,0.0,0.0,77.99336000000001
sintel,kitti2015|glunet|True|False,kitti2015,glunet|True|False,95.0838,-0.003355087813515103,-0.00967436157341328,0.0,0.0,86.12762000000001
sintel,kitti2015|glunet|True|True,kitti2015,glunet|True|True,96.2638,-0.003355087813515103,-0.006468993954991075,0.0,0.0,89.15305
sintel,kitti2015|raft|True|False,kitti2015,raft|True|False,84.9165,-0.003355087813515103,-0.013326771750603277,0.0,0.0,73.13674625
sintel,pfpascal|catspp|False|False,pfpascal,catspp|False|False,15.8031,-0.29017528429194533,-0.17549675339540588,0.0,0.0,11.35967
sintel,pfpascal|catspp|False|True,pfpascal,catspp|False|True,15.5569,-0.29017528429194533,-0.19735109150863675,0.0,0.0,11.538239999999998
sintel,pfpascal|catspp|True|False,pfpascal,catspp|True|False,48.9548,-0.29017528429194533,-0.22014673653983463,0.0,0.0,43.06896
sintel,pfpascal|catspp|True|True,pfpascal,catspp|True|True,45.1843,-0.29017528429194533,-0.21644707037057415,0.0,0.0,46.306785000000005
sintel,pfpascal|glunet|False|False,pfpascal,glunet|False|False,10.3086,-0.29017528429194533,-0.19871030940659848,0.0,0.0,11.913829999999999
sintel,pfpascal|glunet|False|True,pfpascal,glunet|False|True,12.3527,-0.29017528429194533,-0.17246764242161014,0.0,0.0,11.55331
sintel,pfpascal|glunet|True|False,pfpascal,glunet|True|False,21.5232,-0.29017528429194533,-0.4108984088966478,0.0,0.0,26.34792
sintel,pfpascal|glunet|True|True,pfpascal,glunet|True|True,25.0318,-0.29017528429194533,-0.4000687274669209,0.0,0.0,32.051730000000006
sintel,pfpascal|raft|True|False,pfpascal,raft|True|False,13.923,-0.29017528429194533,-0.16179046524715268,0.0,0.0,11.510703750000001
sintel,pfwillow|catspp|False|False,pfwillow,catspp|False|False,17.9333,-0.663569542183037,-0.4022506999172173,0.0,0.0,13.65889
sintel,pfwillow|catspp|False|True,pfwillow,catspp|False|True,18.5333,-0.663569542183037,-0.4211952142031772,0.0,0.0,14.009445
sintel,pfwillow|catspp|True|False,pfwillow,catspp|True|False,50.7444,-0.663569542183037,-0.4708710618093535,0.0,0.0,46.36834
sintel,pfwillow|catspp|True|True,pfwillow,catspp|True|True,49.6444,-0.663569542183037,-0.5302045179333024,0.0,0.0,48.66333
sintel,pfwillow|glunet|False|False,pfwillow,glunet|False|False,14.7707,-0.663569542183037,-0.4107545335690728,0.0,0.0,15.55002
sintel,pfwillow|glunet|False|True,pfwillow,glunet|False|True,15.0111,-0.663569542183037,-0.3961125796902461,0.0,0.0,13.904599999999999
sintel,pfwillow|glunet|True|False,pfwillow,glunet|True|False,21.9778,-0.663569542183037,-1.0047897384927058,0.0,0.0,29.874309999999998
sintel,pfwillow|glunet|True|True,pfwillow,glunet|True|True,27.2457,-0.663569542183037,-0.9566689359484215,0.0,0.0,34.79524
sintel,pfwillow|raft|True|False,pfwillow,raft|True|False,16.4025,-0.663569542183037,-0.3738384713722989,0.0,0.0,14.71179625
sintel,pointodyssey|catspp|False|False,pointodyssey,catspp|False|False,47.6015,0.017875511435164724,0.05420086137675537,0.0,0.0,44.336465
sintel,pointodyssey|catspp|False|True,pointodyssey,catspp|False|True,43.8201,0.017875511435164724,0.06122743272024795,0.0,0.0,51.73069
sintel,pointodyssey|catspp|True|False,pointodyssey,catspp|True|False,58.6808,0.017875511435164724,0.03944458117003517,0.0,0.0,57.416880000000006
sintel,pointodyssey|catspp|True|True,pointodyssey,catspp|True|True,73.2754,0.017875511435164724,0.037484851735729526,0.0,0.0,56.37362
sintel,pointodyssey|glunet|False|False,pointodyssey,glunet|False|False,85.9719,0.017875511435164724,0.060923532748805014,0.0,0.0,79.23024000000001
sintel,pointodyssey|glunet|False|True,pointodyssey,glunet|False|True,84.5038,0.017875511435164724,0.05804709137255063,0.0,0.0,73.70087
sintel,pointodyssey|glunet|True|False,pointodyssey,glunet|True|False,90.0851,0.017875511435164724,0.05367133940265936,0.0,0.0,83.93569
sintel,pointodyssey|glunet|True|True,pointodyssey,glunet|True|True,90.6576,0.017875511435164724,0.03564095568877786,0.0,0.0,86.1181
sintel,pointodyssey|raft|True|False,pointodyssey,raft|True|False,74.9348,0.017875511435164724,0.04843135041161787,0.0,0.0,38.17837875
sintel,spair|catspp|False|False,spair,catspp|False|False,3.7321,-4.622407779168759,-0.25338706977222625,0.0,0.0,3.508345
sintel,spair|catspp|False|True,spair,catspp|False|True,3.9026,-4.622407779168759,-0.30088186701672087,0.0,0.0,3.5288649999999997
sintel,spair|catspp|True|False,spair,catspp|True|False,22.5826,-4.622407779168759,-2.197797638418202,0.0,0.0,21.10096
sintel,spair|catspp|True|True,spair,catspp|True|True,17.4154,-4.622407779168759,-1.810082762209215,0.0,0.0,22.97803
sintel,spair|glunet|False|False,spair,glunet|False|False,2.3266,-4.622407779168759,-0.28430770646669246,0.0,0.0,2.92404
sintel,spair|glunet|False|True,spair,glunet|False|True,2.4731,-4.622407779168759,-0.15091577390421038,0.0,0.0,2.59185
sintel,spair|glunet|True|False,spair,glunet|True|False,3.778,-4.622407779168759,-4.298519454079496,0.0,0.0,7.89739
sintel,spair|glunet|True|True,spair,glunet|True|True,5.0597,-4.622407779168759,-3.0845594220144443,0.0,0.0,9.45435
sintel,spair|raft|True|False,spair,raft|True|False,2.3576,-4.622407779168759,-0.23386065128560352,0.0,0.0,2.80791375
sintel,synthetic|catspp|False|False,synthetic,catspp|False|False,22.7542,-8.665530346873709,-14.319836800684511,0.0,0.0,22.76833
sintel,synthetic|catspp|False|True,synthetic,catspp|False|True,20.3562,-8.665530346873709,-16.236604703869133,0.0,0.0,24.116545000000002
sintel,synthetic|catspp|True|False,synthetic,catspp|True|False,40.9952,-8.665530346873709,-18.72468532721602,0.0,0.0,49.13215
sintel,synthetic|catspp|True|True,synthetic,catspp|True|True,39.1069,-8.665530346873709,-13.260687419724988,0.0,0.0,48.29559
sintel,synthetic|glunet|False|False,synthetic,glunet|False|False,10.5186,-8.665530346873709,-10.443487988148473,0.0,0.0,17.02409
sintel,synthetic|glunet|False|True,synthetic,glunet|False|True,10.7744,-8.665530346873709,-4.906798119772307,0.0,0.0,12.45883
sintel,synthetic|glunet|True|False,synthetic,glunet|True|False,21.7318,-8.665530346873709,-20.29987508642507,0.0,0.0,29.5875
sintel,synthetic|glunet|True|True,synthetic,glunet|True|True,20.8004,-8.665530346873709,-14.673242086077831,0.0,0.0,27.343709999999998
sintel,synthetic|raft|True|False,synthetic,raft|True|False,10.7984,-8.665530346873709,-20.335961155853628,0.0,0.0,22.0238625
sintel,tss|catspp|False|False,tss,catspp|False|False,32.9288,-1.5515300138734227,-1.9893549293277228,0.0,0.0,24.302205
sintel,tss|catspp|False|True,tss,catspp|False|True,35.3243,-1.5515300138734227,-2.0891696638955715,0.0,0.0,24.614655
sintel,tss|catspp|True|False,tss,catspp|True|False,65.8113,-1.5515300138734227,-0.7399512956691919,0.0,0.0,63.81613
sintel,tss|catspp|True|True,tss,catspp|True|True,64.5396,-1.5515300138734227,-0.8125309947770694,0.0,0.0,64.48294
sintel,tss|glunet|False|False,tss,glunet|False|False,23.8706,-1.5515300138734227,-2.3169315089499265,0.0,0.0,26.449810000000003
sintel,tss|glunet|False|True,tss,glunet|False|True,22.0866,-1.5515300138734227,-1.8718025254994732,0.0,0.0,23.0922
sintel,tss|glunet|True|False,tss,glunet|True|False,40.9775,-1.5515300138734227,-3.8849834452984906,0.0,0.0,48.73748
sintel,tss|glunet|True|True,tss,glunet|True|True,43.3458,-1.5515300138734227,-3.0882015471537447,0.0,0.0,52.3063
sintel,tss|raft|True|False,tss,raft|True|False,24.4577,-1.5515300138734227,-1.707764519236463,0.0,0.0,21.0379175
spair,flyingthings|catspp|False|False,flyingthings,catspp|False|False,3.3861,-0.05549161385184557,-0.06582404575079012,0.0,0.0,62.919225000000004
spair,flyingthings|catspp|False|True,flyingthings,catspp|False|True,3.963,-0.05549161385184557,-0.059028610894000626,0.0,0.0,64.00081
spair,flyingthings|catspp|True|False,flyingthings,catspp|True|False,63.3569,-0.05549161385184557,-0.01741413362561982,0.0,0.0,81.61372
spair,flyingthings|catspp|True|True,flyingthings,catspp|True|True,68.3472,-0.05549161385184557,-0.015147473339823228,0.0,0.0,81.255485
spair,flyingthings|glunet|False|False,flyingthings,glunet|False|False,4.0965,-0.05549161385184557,-0.07733025595284167,0.0,0.0,64.36426
spair,flyingthings|glunet|False|True,flyingthings,glunet|False|True,3.3265,-0.05549161385184557,-0.06609806204710486,0.0,0.0,57.27352
spair,flyingthings|glunet|True|False,flyingthings,glunet|True|False,66.6096,-0.05549161385184557,-0.17214852163299338,0.0,0.0,65.82684
spair,flyingthings|glunet|True|True,flyingthings,glunet|True|True,39.6279,-0.05549161385184557,-0.09355717386358713,0.0,0.0,70.31923
spair,flyingthings|raft|True|False,flyingthings,raft|True|False,3.4438,-0.05549161385184557,-0.156288906243581,0.0,0.0,55.481320000000004
spair,kitti2012|catspp|False|False,kitti2012,catspp|False|False,10.184,-0.07418777752193118,-0.10431063879513638,0.0,0.0,82.91835
spair,kitti2012|catspp|False|True,kitti2012,catspp|False|True,11.8574,-0.07418777752193118,-0.08740053320950263,0.0,0.0,84.9662
spair,kitti2012|catspp|True|False,kitti2012,catspp|True|False,83.7234,-0.07418777752193118,-0.01984506857078006,0.0,0.0,97.00122
spair,kitti2012|catspp|True|True,kitti2012,catspp|True|True,84.0079,-0.07418777752193118,-0.015665882867746173,0.0,0.0,96.83782
spair,kitti2012|glunet|False|False,kitti2012,glunet|False|False,12.4578,-0.07418777752193118,-0.05687937918040546,0.0,0.0,93.75265
spair,kitti2012|glunet|False|True,kitti2012,glunet|False|True,11.0648,-0.07418777752193118,-0.06109657343330928,0.0,0.0,90.11594
spair,kitti2012|glunet|True|False,kitti2012,glunet|True|False,93.4583,-0.07418777752193118,-0.24067751290248376,0.0,0.0,88.37631
spair,kitti2012|glunet|True|True,kitti2012,glunet|True|True,54.1912,-0.07418777752193118,-0.07862380847494424,0.0,0.0,95.58854
spair,kitti2012|raft|True|False,kitti2012,raft|True|False,12.1716,-0.07418777752193118,-0.2517528658160163,0.0,0.0,83.0793525
spair,kitti2015|catspp|False|False,kitti2015,catspp|False|False,10.8859,-0.07191210137360848,-0.05839058063947649,0.0,0.0,85.15413
spair,kitti2015|catspp|False|True,kitti2015,catspp|False|True,12.2973,-0.07191210137360848,-0.04835979715536977,0.0,0.0,85.85379
spair,kitti2015|catspp|True|False,kitti2015,catspp|True|False,85.7568,-0.07191210137360848,-0.01817854681029467,0.0,0.0,96.087555
spair,kitti2015|catspp|True|True,kitti2015,catspp|True|True,85.1192,-0.07191210137360848,-0.013164318209093896,0.0,0.0,95.8192
spair,kitti2015|glunet|False|False,kitti2015,glunet|False|False,13.6098,-0.07191210137360848,-0.06831072238895466,0.0,0.0,89.0667
spair,kitti2015|glunet|False|True,kitti2015,glunet|False|True,14.6026,-0.07191210137360848,-0.05314350602498825,0.0,0.0,85.0193
spair,kitti2015|glunet|True|False,kitti2015,glunet|True|False,91.9963,-0.07191210137360848,-0.21668878046052206,0.0,0.0,86.43637
spair,kitti2015|glunet|True|True,kitti2015,glunet|True|True,61.2326,-0.07191210137360848,-0.10855663213595902,0.0,0.0,92.65617
spair,kitti2015|raft|True|False,kitti2015,raft|True|False,15.6081,-0.07191210137360848,-0.22277381808507438,0.0,0.0,80.06758625
spair,pfpascal|catspp|False|False,pfpascal,catspp|False|False,3.0238,0.26026496678642747,0.13281820216659382,0.0,0.0,12.6376
spair,pfpascal|catspp|False|True,pfpascal,catspp|False|True,3.1542,0.26026496678642747,0.15572151878583998,0.0,0.0,12.77851
spair,pfpascal|catspp|True|False,pfpascal,catspp|True|False,38.806,0.26026496678642747,0.2073662694264567,0.0,0.0,44.083839999999995
spair,pfpascal|catspp|True|True,pfpascal,catspp|True|True,40.9858,0.26026496678642747,0.19171478024289992,0.0,0.0,46.726635
spair,pfpascal|glunet|False|False,pfpascal,glunet|False|False,4.4643,0.26026496678642747,0.1629194786873349,0.0,0.0,12.498259999999998
spair,pfpascal|glunet|False|True,pfpascal,glunet|False|True,3.5234,0.26026496678642747,0.12631036218792224,0.0,0.0,12.436240000000002
spair,pfpascal|glunet|True|False,pfpascal,glunet|True|False,44.4728,0.26026496678642747,0.31193013602024006,0.0,0.0,24.052960000000002
spair,pfpascal|glunet|True|True,pfpascal,glunet|True|True,30.356,0.26026496678642747,0.38107734194182913,0.0,0.0,31.51931
spair,pfpascal|raft|True|False,pfpascal,raft|True|False,4.4726,0.26026496678642747,0.12441235368450984,0.0,0.0,12.45574375
spair,pfwillow|catspp|False|False,pfwillow,catspp|False|False,4.8667,0.41702075284260465,0.20504504966597822,0.0,0.0,14.965549999999999
spair,pfwillow|catspp|False|True,pfwillow,catspp|False|True,5.5667,0.41702075284260465,0.2274108124259036,0.0,0.0,15.306104999999999
spair,pfwillow|catspp|True|False,pfwillow,catspp|True|False,44.0889,0.41702075284260465,0.313123113801778,0.0,0.0,47.03389
spair,pfwillow|catspp|True|True,pfwillow,catspp|True|True,45.7111,0.41702075284260465,0.3416393724104833,0.0,0.0,49.05666
spair,pfwillow|glunet|False|False,pfwillow,glunet|False|False,5.6222,0.41702075284260465,0.18509280646915485,0.0,0.0,16.464869999999998
spair,pfwillow|glunet|False|True,pfwillow,glunet|False|True,5.0111,0.41702075284260465,0.1891338347161483,0.0,0.0,14.904599999999999
spair,pfwillow|glunet|True|False,pfwillow,glunet|True|False,49.2827,0.41702075284260465,0.5411858843970564,0.0,0.0,27.143819999999998
spair,pfwillow|glunet|True|True,pfwillow,glunet|True|True,34.1444,0.41702075284260465,0.6396525505688228,0.0,0.0,34.10537
spair,pfwillow|raft|True|False,pfwillow,raft|True|False,8.1389,0.41702075284260465,0.20714302622124325,0.0,0.0,15.53815625
spair,pointodyssey|catspp|False|False,pointodyssey,catspp|False|False,3.4912,-0.06296089328753329,-0.15619619692509576,0.0,0.0,48.747495
spair,pointodyssey|catspp|False|True,pointodyssey,catspp|False|True,4.4014,-0.06296089328753329,-0.17714983020312644,0.0,0.0,55.67256
spair,pointodyssey|catspp|True|False,pointodyssey,catspp|True|False,54.5198,-0.06296089328753329,-0.14420989404462206,0.0,0.0,57.83298
spair,pointodyssey|catspp|True|True,pointodyssey,catspp|True|True,45.8507,-0.06296089328753329,-0.1401832556946351,0.0,0.0,59.11609
spair,pointodyssey|glunet|False|False,pointodyssey,glunet|False|False,8.5059,-0.06296089328753329,-0.06911935534113821,0.0,0.0,86.97684000000001
spair,pointodyssey|glunet|False|True,pointodyssey,glunet|False|True,5.4396,-0.06296089328753329,-0.05774861098719925,0.0,0.0,81.60729
spair,pointodyssey|glunet|True|False,pointodyssey,glunet|True|False,91.9268,-0.06296089328753329,-0.1960043572160555,0.0,0.0,83.75152
spair,pointodyssey|glunet|True|True,pointodyssey,glunet|True|True,55.0086,-0.06296089328753329,-0.0912993526226082,0.0,0.0,89.683
spair,pointodyssey|raft|True|False,pointodyssey,raft|True|False,9.7147,-0.06296089328753329,-0.17997666844416843,0.0,0.0,44.70038875
spair,spair|catspp|False|False,spair,catspp|False|False,3.018,2.74604535158276,0.14414133539969912,0.0,0.0,3.579755
spair,spair|catspp|False|True,spair,catspp|False|True,2.944,2.74604535158276,0.17321905399534238,0.0,0.0,3.624725
spair,spair|catspp|True|False,spair,catspp|True|False,27.8596,2.74604535158276,1.0630358234740638,0.0,0.0,20.573259999999998
spair,spair|catspp|True|True,spair,catspp|True|True,27.9373,2.74604535158276,1.0850052545673892,0.0,0.0,21.92584
spair,spair|glunet|False|False,spair,glunet|False|False,3.0334,2.74604535158276,0.18810332773182592,0.0,0.0,2.85336
spair,spair|glunet|False|True,spair,glunet|False|True,2.6825,2.74604535158276,0.09333954392095983,0.0,0.0,2.57091
spair,spair|glunet|True|False,spair,glunet|True|False,26.6007,2.74604535158276,1.0579814523993136,0.0,0.0,5.61512
spair,spair|glunet|True|True,spair,glunet|True|True,14.6684,2.74604535158276,1.834770426080894,0.0,0.0,8.49348
spair,spair|raft|True|False,spair,raft|True|False,3.1416,2.74604535158276,0.14603748691281357,0.0,0.0,2.7295137499999997
spair,synthetic|catspp|False|False,synthetic,catspp|False|False,4.0712,3.4793147665662687,5.12123281022124,0.0,0.0,24.63663
spair,synthetic|catspp|False|True,synthetic,catspp|False|True,4.077,3.4793147665662687,5.97541417838833,0.0,0.0,25.744465
spair,synthetic|catspp|True|False,synthetic,catspp|True|False,34.9252,3.4793147665662687,7.593208940894599,0.0,0.0,49.73915
spair,synthetic|catspp|True|True,synthetic,catspp|True|True,41.0818,3.4793147665662687,5.6068230172556275,0.0,0.0,48.0981
spair,synthetic|glunet|False|False,synthetic,glunet|False|False,3.8373,3.4793147665662687,3.955118040614563,0.0,0.0,17.69222
spair,synthetic|glunet|False|True,synthetic,glunet|False|True,3.9451,3.4793147665662687,1.5356169293094364,0.0,0.0,13.14176
spair,synthetic|glunet|True|False,synthetic,glunet|True|False,35.7954,3.4793147665662687,8.479316526967315,0.0,0.0,28.18114
spair,synthetic|glunet|True|True,synthetic,glunet|True|True,21.6568,3.4793147665662687,6.146435267575741,0.0,0.0,27.258069999999996
spair,synthetic|raft|True|False,synthetic,raft|True|False,4.2572,3.4793147665662687,8.202103060244953,0.0,0.0,22.677982500000002
spair,tss|catspp|False|False,tss,catspp|False|False,5.2821,0.7553649451935684,0.7681036236580043,0.0,0.0,27.066875
spair,tss|catspp|False|True,tss,catspp|False|True,5.6335,0.7553649451935684,0.8539941677896186,0.0,0.0,27.583735
spair,tss|catspp|True|False,tss,catspp|True|False,60.1788,0.7553649451935684,0.35469893694864657,0.0,0.0,64.37938
spair,tss|catspp|True|True,tss,catspp|True|True,60.5773,0.7553649451935684,0.3867235223312691,0.0,0.0,64.87917
spair,tss|glunet|False|False,tss,glunet|False|False,5.711,0.7553649451935684,0.9183880997813025,0.0,0.0,28.265769999999996
spair,tss|glunet|False|True,tss,glunet|False|True,5.6742,0.7553649451935684,0.7168422446038054,0.0,0.0,24.73344
spair,tss|glunet|True|False,tss,glunet|True|False,65.5404,0.7553649451935684,1.8809582616385965,0.0,0.0,46.281189999999995
spair,tss|glunet|True|True,tss,glunet|True|True,49.9068,0.7553649451935684,1.5891784821714523,0.0,0.0,51.6502
spair,tss|raft|True|False,tss,raft|True|False,6.1812,0.7553649451935684,0.6816777972605851,0.0,0.0,22.8655675
synthetic,flyingthings|catspp|False|False,flyingthings,catspp|False|False,58.1203,0.08052263912611828,0.2071907586164402,0.0,0.0,57.44580499999999
synthetic,flyingthings|catspp|False|True,flyingthings,catspp|False|True,57.0993,0.08052263912611828,0.20500989762758495,0.0,0.0,58.68718
synthetic,flyingthings|catspp|True|False,flyingthings,catspp|True|False,83.7548,0.08052263912611828,0.060673192950000926,0.0,0.0,79.57392999999999
synthetic,flyingthings|catspp|True|True,flyingthings,catspp|True|True,82.2555,0.08052263912611828,0.04479151004307365,0.0,0.0,79.864655
synthetic,flyingthings|glunet|False|False,flyingthings,glunet|False|False,69.5375,0.08052263912611828,0.21287348825948865,0.0,0.0,57.82016
synthetic,flyingthings|glunet|False|True,flyingthings,glunet|False|True,56.1849,0.08052263912611828,0.19103222583629487,0.0,0.0,51.98768
synthetic,flyingthings|glunet|True|False,flyingthings,glunet|True|False,72.0776,0.08052263912611828,0.2264088455418277,0.0,0.0,65.28004
synthetic,flyingthings|glunet|True|True,flyingthings,glunet|True|True,78.4335,0.08052263912611828,0.15244550350654051,0.0,0.0,66.43867
synthetic,flyingthings|raft|True|False,flyingthings,raft|True|False,65.58855,0.08052263912611828,0.25882905191471994,0.0,0.0,49.266845
synthetic,kitti2012|catspp|False|False,kitti2012,catspp|False|False,83.2552,0.003551362270503106,0.011055739709234427,0.0,0.0,75.61123
synthetic,kitti2012|catspp|False|True,kitti2012,catspp|False|True,82.5049,0.003551362270503106,0.010856133096754386,0.0,0.0,77.90145
synthetic,kitti2012|catspp|True|False,kitti2012,catspp|True|False,98.3518,0.003551362270503106,0.0020041892544835956,0.0,0.0,95.53838
synthetic,kitti2012|catspp|True|True,kitti2012,catspp|True|True,97.2492,0.003551362270503106,0.0018981850245083313,0.0,0.0,95.51369
synthetic,kitti2012|glunet|False|False,kitti2012,glunet|False|False,96.3978,0.003551362270503106,0.011492395218845914,0.0,0.0,85.35865
synthetic,kitti2012|glunet|False|True,kitti2012,glunet|False|True,84.216,0.003551362270503106,0.011329726592162184,0.0,0.0,82.80082
synthetic,kitti2012|glunet|True|False,kitti2012,glunet|True|False,97.2991,0.003551362270503106,0.010432169336079189,0.0,0.0,87.99222999999999
synthetic,kitti2012|glunet|True|True,kitti2012,glunet|True|True,98.2409,0.003551362270503106,0.00663639465051351,0.0,0.0,91.18357
synthetic,kitti2012|raft|True|False,kitti2012,raft|True|False,87.91614999999999,0.003551362270503106,0.014662320757948905,0.0,0.0,75.5048975
synthetic,kitti2015|catspp|False|False,kitti2015,catspp|False|False,86.5834,0.006117249193832807,0.018261511202928654,0.0,0.0,77.58438
synthetic,kitti2015|catspp|False|True,kitti2015,catspp|False|True,86.8286,0.006117249193832807,0.017932490840786828,0.0,0.0,78.40066
synthetic,kitti2015|catspp|True|False,kitti2015,catspp|True|False,97.4319,0.006117249193832807,0.002786678687241962,0.0,0.0,94.92004499999999
synthetic,kitti2015|catspp|True|True,kitti2015,catspp|True|True,96.1149,0.006117249193832807,0.002742558292008533,0.0,0.0,94.71963000000001
synthetic,kitti2015|glunet|False|False,kitti2015,glunet|False|False,93.5085,0.006117249193832807,0.01862886019971106,0.0,0.0,81.07683
synthetic,kitti2015|glunet|False|True,kitti2015,glunet|False|True,86.9497,0.006117249193832807,0.01725404488977311,0.0,0.0,77.78459000000001
synthetic,kitti2015|glunet|True|False,kitti2015,glunet|True|False,96.11,0.006117249193832807,0.01665872215463112,0.0,0.0,86.025
synthetic,kitti2015|glunet|True|True,kitti2015,glunet|True|True,97.4108,0.006117249193832807,0.011113565624878582,0.0,0.0,89.03835000000001
synthetic,kitti2015|raft|True|False,kitti2015,raft|True|False,89.93475000000001,0.006117249193832807,0.02279721355040288,0.0,0.0,72.63492125
synthetic,pfpascal|catspp|False|False,pfpascal,catspp|False|False,14.1789,0.3003894885593564,0.1770086425203073,0.0,0.0,11.52209
synthetic,pfpascal|catspp|False|True,pfpascal,catspp|False|True,14.3443,0.3003894885593564,0.19655859025602687,0.0,0.0,11.6595
synthetic,pfpascal|catspp|True|False,pfpascal,catspp|True|False,49.2406,0.3003894885593564,0.21448325591299872,0.0,0.0,43.04038
synthetic,pfpascal|catspp|True|True,pfpascal,catspp|True|True,50.2518,0.3003894885593564,0.2059185588243399,0.0,0.0,45.800035
synthetic,pfpascal|glunet|False|False,pfpascal,glunet|False|False,13.9864,0.3003894885593564,0.19349680913999268,0.0,0.0,11.54605
synthetic,pfpascal|glunet|False|True,pfpascal,glunet|False|True,13.1695,0.3003894885593564,0.16806722853143247,0.0,0.0,11.471630000000001
synthetic,pfpascal|glunet|True|False,pfpascal,glunet|True|False,30.3321,0.3003894885593564,0.402549857159555,0.0,0.0,25.46703
synthetic,pfpascal|glunet|True|True,pfpascal,glunet|True|True,42.4831,0.3003894885593564,0.37405919492280026,0.0,0.0,30.306600000000003
synthetic,pfpascal|raft|True|False,pfpascal,raft|True|False,14.4373,0.3003894885593564,0.15718828766485574,0.0,0.0,11.45927375
synthetic,pfwillow|catspp|False|False,pfwillow,catspp|False|False,15.2778,0.41365936023917727,0.24630090065655738,0.0,0.0,13.924439999999999
synthetic,pfwillow|catspp|False|True,pfwillow,catspp|False|True,15.1333,0.41365936023917727,0.25883196046260354,0.0,0.0,14.349445
synthetic,pfwillow|catspp|True|False,pfwillow,catspp|True|False,51.6333,0.41365936023917727,0.2732916922226218,0.0,0.0,46.27945
synthetic,pfwillow|catspp|True|True,pfwillow,catspp|True|True,52.2222,0.41365936023917727,0.30706807260847574,0.0,0.0,48.40555
synthetic,pfwillow|glunet|False|False,pfwillow,glunet|False|False,19.4667,0.41365936023917727,0.23202183437180937,0.0,0.0,15.08042
synthetic,pfwillow|glunet|False|True,pfwillow,glunet|False|True,14.6222,0.41365936023917727,0.23415680390954488,0.0,0.0,13.94349
synthetic,pfwillow|glunet|True|False,pfwillow,glunet|True|False,29.7111,0.41365936023917727,0.6064892926502022,0.0,0.0,29.10098
synthetic,pfwillow|glunet|True|True,pfwillow,glunet|True|True,48.458,0.41365936023917727,0.517722522442551,0.0,0.0,32.674009999999996
synthetic,pfwillow|raft|True|False,pfwillow,raft|True|False,18.722250000000003,0.41365936023917727,0.21135230367568023,0.0,0.0,14.47982125
synthetic,pointodyssey|catspp|False|False,pointodyssey,catspp|False|False,38.9858,0.030002047574994268,0.0858807640116435,0.0,0.0,45.198035
synthetic,pointodyssey|catspp|False|True,pointodyssey,catspp|False|True,43.2626,0.030002047574994268,0.09719667559226527,0.0,0.0,51.78643999999999
synthetic,pointodyssey|catspp|True|False,pointodyssey,catspp|True|False,58.2916,0.030002047574994268,0.06267326088942479,0.0,0.0,57.455799999999996
synthetic,pointodyssey|catspp|True|True,pointodyssey,catspp|True|True,51.1702,0.030002047574994268,0.062175879564712155,0.0,0.0,58.584140000000005
synthetic,pointodyssey|glunet|False|False,pointodyssey,glunet|False|False,92.0672,0.030002047574994268,0.09581197179725888,0.0,0.0,78.62071
synthetic,pointodyssey|glunet|False|True,pointodyssey,glunet|False|True,80.199,0.030002047574994268,0.092814238086969,0.0,0.0,74.13135
synthetic,pointodyssey|glunet|True|False,pointodyssey,glunet|True|False,92.7503,0.030002047574994268,0.08490099940261986,0.0,0.0,83.66917
synthetic,pointodyssey|glunet|True|True,pointodyssey,glunet|True|True,96.5122,0.030002047574994268,0.05538444084741892,0.0,0.0,85.53264
synthetic,pointodyssey|raft|True|False,pointodyssey,raft|True|False,34.6076,0.030002047574994268,0.08781520911573336,0.0,0.0,42.21109875
synthetic,spair|catspp|False|False,spair,catspp|False|False,4.0731,2.3466992609010235,0.11049967215699526,0.0,0.0,3.474245
synthetic,spair|catspp|False|True,spair,catspp|False|True,4.0341,2.3466992609010235,0.14074997647185888,0.0,0.0,3.515715
synthetic,spair|catspp|True|False,spair,catspp|True|False,22.4135,2.3466992609010235,1.0581844828444746,0.0,0.0,21.11787
synthetic,spair|catspp|True|True,spair,catspp|True|True,23.9909,2.3466992609010235,0.9975931805166879,0.0,0.0,22.32048
synthetic,spair|glunet|False|False,spair,glunet|False|False,3.6526,2.3466992609010235,0.12411372229884095,0.0,0.0,2.79144
synthetic,spair|glunet|False|True,spair,glunet|False|True,2.9367,2.3466992609010235,0.06388578675629965,0.0,0.0,2.54549
synthetic,spair|glunet|True|False,spair,glunet|True|False,7.559,2.3466992609010235,2.1001051961572084,0.0,0.0,7.51929
synthetic,spair|glunet|True|True,spair,glunet|True|True,15.5133,2.3466992609010235,1.3902870966189815,0.0,0.0,8.40899
synthetic,spair|raft|True|False,spair,raft|True|False,3.3421000000000003,2.3466992609010235,0.10466660067740932,0.0,0.0,2.7094637500000003
synthetic,synthetic|catspp|False|False,synthetic,catspp|False|False,22.1053,2.806507732566067,4.389049224065262,0.0,0.0,22.83322
synthetic,synthetic|catspp|False|True,synthetic,catspp|False|True,21.8997,2.806507732566067,4.989396273418417,0.0,0.0,23.962195
synthetic,synthetic|catspp|True|False,synthetic,catspp|True|False,53.8161,2.806507732566067,5.772339341886638,0.0,0.0,47.85006
synthetic,synthetic|catspp|True|True,synthetic,catspp|True|True,48.52,2.806507732566067,4.187140975120215,0.0,0.0,47.35428
synthetic,synthetic|glunet|False|False,synthetic,glunet|False|False,27.0582,2.806507732566067,3.017668538993335,0.0,0.0,15.37013
synthetic,synthetic|glunet|False|True,synthetic,glunet|False|True,16.1312,2.806507732566067,1.4430203265088963,0.0,0.0,11.92315
synthetic,synthetic|glunet|True|False,synthetic,glunet|True|False,32.9391,2.806507732566067,6.26347412989824,0.0,0.0,28.466770000000004
synthetic,synthetic|glunet|True|True,synthetic,glunet|True|True,37.9779,2.806507732566067,4.347692890814044,0.0,0.0,25.62596
synthetic,synthetic|raft|True|False,synthetic,raft|True|False,25.1774,2.806507732566067,6.335247258174245,0.0,0.0,20.5859625
synthetic,tss|catspp|False|False,tss,catspp|False|False,32.3684,0.6685521307302018,0.815710190363314,0.0,0.0,24.358245
synthetic,tss|catspp|False|True,tss,catspp|False|True,29.7936,0.6685521307302018,0.8889507353778406,0.0,0.0,25.167725
synthetic,tss|catspp|True|False,tss,catspp|True|False,66.0565,0.6685521307302018,0.3004823886194675,0.0,0.0,63.791610000000006
synthetic,tss|catspp|True|True,tss,catspp|True|True,65.6689,0.6685521307302018,0.32964459093293647,0.0,0.0,64.37001000000001
synthetic,tss|glunet|False|False,tss,glunet|False|False,36.1641,0.6685521307302018,0.9028662868647854,0.0,0.0,25.22046
synthetic,tss|glunet|False|True,tss,glunet|False|True,27.3178,0.6685521307302018,0.7536616810807647,0.0,0.0,22.56908
synthetic,tss|glunet|True|False,tss,glunet|True|False,52.1427,0.6685521307302018,1.5931313034188936,0.0,0.0,47.620960000000004
synthetic,tss|glunet|True|True,tss,glunet|True|True,64.008,0.6685521307302018,1.2293444037527281,0.0,0.0,50.24008
synthetic,tss|raft|True|False,tss,raft|True|False,27.3868,0.6685521307302018,0.6803265371419537,0.0,0.0,20.7450075
synthetic_2d_warp,flyingthings|catspp|False|False,flyingthings,catspp|False|False,62.5568,0.08285939498042208,0.21569145817495833,0.0,0.0,57.002155
synthetic_2d_warp,flyingthings|catspp|False|True,flyingthings,catspp|False|True,58.9743,0.08285939498042208,0.21423768007065994,0.0,0.0,58.49968
synthetic_2d_warp,flyingthings|catspp|True|False,flyingthings,catspp|True|False,82.2203,0.08285939498042208,0.06434754881122756,0.0,0.0,79.72738000000001
synthetic_2d_warp,flyingthings|catspp|True|True,flyingthings,catspp|True|True,81.6201,0.08285939498042208,0.0471258404650792,0.0,0.0,79.92819499999999
synthetic_2d_warp,flyingthings|glunet|False|False,flyingthings,glunet|False|False,71.3364,0.08285939498042208,0.22115963019086618,0.0,0.0,57.64027
synthetic_2d_warp,flyingthings|glunet|False|True,flyingthings,glunet|False|True,56.8539,0.08285939498042208,0.19939300884489825,0.0,0.0,51.92078
synthetic_2d_warp,flyingthings|glunet|True|False,flyingthings,glunet|True|False,71.3152,0.08285939498042208,0.23678155464130746,0.0,0.0,65.35628
synthetic_2d_warp,flyingthings|glunet|True|True,flyingthings,glunet|True|True,78.2963,0.08285939498042208,0.15938686351917836,0.0,0.0,66.45239000000001
synthetic_2d_warp,flyingthings|raft|True|False,flyingthings,raft|True|False,68.432,0.08285939498042208,0.2681425880608272,0.0,0.0,48.9825
synthetic_2d_warp,kitti2012|catspp|False|False,kitti2012,catspp|False|False,76.4616,0.0037824734993196214,0.01201026198868596,0.0,0.0,76.29059
synthetic_2d_warp,kitti2012|catspp|False|True,kitti2012,catspp|False|True,77.1277,0.0037824734993196214,0.011757915518153505,0.0,0.0,78.43917
synthetic_2d_warp,kitti2012|catspp|True|False,kitti2012,catspp|True|False,95.9663,0.0037824734993196214,0.0022080768286203787,0.0,0.0,95.77693000000001
synthetic_2d_warp,kitti2012|catspp|True|True,kitti2012,catspp|True|True,96.3689,0.0037824734993196214,0.0020659285754693027,0.0,0.0,95.60172
synthetic_2d_warp,kitti2012|glunet|False|False,kitti2012,glunet|False|False,93.4764,0.0037824734993196214,0.01248235998580126,0.0,0.0,85.65079
synthetic_2d_warp,kitti2012|glunet|False|True,kitti2012,glunet|False|True,91.3276,0.0037824734993196214,0.012173769509717915,0.0,0.0,82.08966000000001
synthetic_2d_warp,kitti2012|glunet|True|False,kitti2012,glunet|True|False,91.75,0.0037824734993196214,0.011357224555196662,0.0,0.0,88.54713999999998
synthetic_2d_warp,kitti2012|glunet|True|True,kitti2012,glunet|True|True,98.3573,0.0037824734993196214,0.007173273864657664,0.0,0.0,91.17193
synthetic_2d_warp,kitti2012|raft|True|False,kitti2012,raft|True|False,84.6833,0.0037824734993196214,0.015908908851149487,0.0,0.0,75.8281825
synthetic_2d_warp,kitti2015|catspp|False|False,kitti2015,catspp|False|False,83.0162,0.006422211292339807,0.01955714607184171,0.0,0.0,77.94109999999999
synthetic_2d_warp,kitti2015|catspp|False|True,kitti2015,catspp|False|True,79.9745,0.006422211292339807,0.0192337010105997,0.0,0.0,79.08606999999999
synthetic_2d_warp,kitti2015|catspp|True|False,kitti2015,catspp|True|False,95.364,0.006422211292339807,0.003038359024270644,0.0,0.0,95.126835
synthetic_2d_warp,kitti2015|catspp|True|True,kitti2015,catspp|True|True,95.7853,0.006422211292339807,0.0029330675971886216,0.0,0.0,94.75259
synthetic_2d_warp,kitti2015|glunet|False|False,kitti2015,glunet|False|False,89.7925,0.006422211292339807,0.019995530025790943,0.0,0.0,81.44843
synthetic_2d_warp,kitti2015|glunet|False|True,kitti2015,glunet|False|True,87.0141,0.006422211292339807,0.01838838032572682,0.0,0.0,77.77815000000001
synthetic_2d_warp,kitti2015|glunet|True|False,kitti2015,glunet|True|False,91.6412,0.006422211292339807,0.017893798024550607,0.0,0.0,86.47188
synthetic_2d_warp,kitti2015|glunet|True|True,kitti2015,glunet|True|True,97.4131,0.006422211292339807,0.011845583373831584,0.0,0.0,89.03812
synthetic_2d_warp,kitti2015|raft|True|False,kitti2015,raft|True|False,90.2207,0.006422211292339807,0.0242842468524724,0.0,0.0,72.60632625
synthetic_2d_warp,pfpascal|catspp|False|False,pfpascal,catspp|False|False,10.5271,0.3147883048229484,0.19048635497016642,0.0,0.0,11.88727
synthetic_2d_warp,pfpascal|catspp|False|True,pfpascal,catspp|False|True,10.9336,0.3147883048229484,0.21139367101824597,0.0,0.0,12.00057
synthetic_2d_warp,pfpascal|catspp|True|False,pfpascal,catspp|True|False,49.2846,0.3147883048229484,0.22798736974628195,0.0,0.0,43.03598
synthetic_2d_warp,pfpascal|catspp|True|True,pfpascal,catspp|True|True,55.8613,0.3147883048229484,0.18268604485566503,0.0,0.0,45.239085
synthetic_2d_warp,pfpascal|glunet|False|False,pfpascal,glunet|False|False,8.3855,0.3147883048229484,0.20283269247516542,0.0,0.0,12.10614
synthetic_2d_warp,pfpascal|glunet|False|True,pfpascal,glunet|False|True,13.3499,0.3147883048229484,0.17849782905900688,0.0,0.0,11.45359
synthetic_2d_warp,pfpascal|glunet|True|False,pfpascal,glunet|True|False,27.963,0.3147883048229484,0.43167866406194,0.0,0.0,25.70394
synthetic_2d_warp,pfpascal|glunet|True|True,pfpascal,glunet|True|True,46.4716,0.3147883048229484,0.3722341658261539,0.0,0.0,29.90775
synthetic_2d_warp,pfpascal|raft|True|False,pfpascal,raft|True|False,11.7703,0.3147883048229484,0.17135420437984775,0.0,0.0,11.72597375
synthetic_2d_warp,pfwillow|catspp|False|False,pfwillow,catspp|False|False,11.9667,0.4324503450303813,0.2594788956402163,0.0,0.0,14.25555
synthetic_2d_warp,pfwillow|catspp|False|True,pfwillow,catspp|False|True,13.4667,0.4324503450303813,0.2744569332210684,0.0,0.0,14.516105
synthetic_2d_warp,pfwillow|catspp|True|False,pfwillow,catspp|True|False,52.3889,0.4324503450303813,0.28511997957737706,0.0,0.0,46.20389
synthetic_2d_warp,pfwillow|catspp|True|True,pfwillow,catspp|True|True,57.2889,0.4324503450303813,0.29048662046975576,0.0,0.0,47.898880000000005
synthetic_2d_warp,pfwillow|glunet|False|False,pfwillow,glunet|False|False,16.7914,0.4324503450303813,0.25639094315634825,0.0,0.0,15.34795
synthetic_2d_warp,pfwillow|glunet|False|True,pfwillow,glunet|False|True,16.6778,0.4324503450303813,0.24359703328929436,0.0,0.0,13.73793
synthetic_2d_warp,pfwillow|glunet|True|False,pfwillow,glunet|True|False,29.116,0.4324503450303813,0.6438030096818922,0.0,0.0,29.16049
synthetic_2d_warp,pfwillow|glunet|True|True,pfwillow,glunet|True|True,48.3864,0.4324503450303813,0.5501712684406466,0.0,0.0,32.681169999999995
synthetic_2d_warp,pfwillow|raft|True|False,pfwillow,raft|True|False,14.7593,0.4324503450303813,0.23591998810452902,0.0,0.0,14.87611625
synthetic_2d_warp,pointodyssey|catspp|False|False,pointodyssey,catspp|False|False,51.6048,0.031496077958251455,0.09135959548039643,0.0,0.0,43.936135
synthetic_2d_warp,pointodyssey|catspp|False|True,pointodyssey,catspp|False|True,65.9417,0.031496077958251455,0.10208636645027902,0.0,0.0,49.51853
synthetic_2d_warp,pointodyssey|catspp|True|False,pointodyssey,catspp|True|False,53.0839,0.031496077958251455,0.06652416699967593,0.0,0.0,57.97657
synthetic_2d_warp,pointodyssey|catspp|True|True,pointodyssey,catspp|True|True,50.3469,0.031496077958251455,0.06609897104159765,0.0,0.0,58.666470000000004
synthetic_2d_warp,pointodyssey|glunet|False|False,pointodyssey,glunet|False|False,92.1122,0.031496077958251455,0.10210818485416975,0.0,0.0,78.61621
synthetic_2d_warp,pointodyssey|glunet|False|True,pointodyssey,glunet|False|True,81.446,0.031496077958251455,0.09877591671649671,0.0,0.0,74.00665000000001
synthetic_2d_warp,pointodyssey|glunet|True|False,pointodyssey,glunet|True|False,92.0552,0.031496077958251455,0.09060492340554252,0.0,0.0,83.73868
synthetic_2d_warp,pointodyssey|glunet|True|True,pointodyssey,glunet|True|True,96.0115,0.031496077958251455,0.059186909483831825,0.0,0.0,85.58270999999999
synthetic_2d_warp,pointodyssey|raft|True|False,pointodyssey,raft|True|False,38.923,0.031496077958251455,0.0940118916094642,0.0,0.0,41.77955875
synthetic_2d_warp,spair|catspp|False|False,spair,catspp|False|False,3.1293,2.462511214294125,0.12430638105403338,0.0,0.0,3.568625
synthetic_2d_warp,spair|catspp|False|True,spair,catspp|False|True,3.183,2.462511214294125,0.15294090411357697,0.0,0.0,3.6008250000000004
synthetic_2d_warp,spair|catspp|True|False,spair,catspp|True|False,22.7753,2.462511214294125,1.12226824876708,0.0,0.0,21.081690000000002
synthetic_2d_warp,spair|catspp|True|True,spair,catspp|True|True,25.8691,2.462511214294125,1.0109801423351283,0.0,0.0,22.132659999999998
synthetic_2d_warp,spair|glunet|False|False,spair,glunet|False|False,2.6434,2.462511214294125,0.15499161935510455,0.0,0.0,2.89236
synthetic_2d_warp,spair|glunet|False|True,spair,glunet|False|True,2.5156,2.462511214294125,0.07781368625735076,0.0,0.0,2.5876
synthetic_2d_warp,spair|glunet|True|False,spair,glunet|True|False,6.63,2.462511214294125,2.2353133979460194,0.0,0.0,7.61219
synthetic_2d_warp,spair|glunet|True|True,spair,glunet|True|True,15.6163,2.462511214294125,1.4758881202486558,0.0,0.0,8.39869
synthetic_2d_warp,spair|raft|True|False,spair,raft|True|False,3.0927,2.462511214294125,0.12267675502633217,0.0,0.0,2.73440375
synthetic_2d_warp,synthetic|catspp|False|False,synthetic,catspp|False|False,20.1312,2.982828018367636,4.724242674600199,0.0,0.0,23.03063
synthetic_2d_warp,synthetic|catspp|False|True,synthetic,catspp|False|True,18.8784,2.982828018367636,5.351248831321819,0.0,0.0,24.264325000000003
synthetic_2d_warp,synthetic|catspp|True|False,synthetic,catspp|True|False,44.6253,2.982828018367636,6.249473302658122,0.0,0.0,48.76914
synthetic_2d_warp,synthetic|catspp|True|True,synthetic,catspp|True|True,43.3481,2.982828018367636,4.488187810658265,0.0,0.0,47.87147
synthetic_2d_warp,synthetic|glunet|False|False,synthetic,glunet|False|False,23.9947,2.982828018367636,3.3992032467186775,0.0,0.0,15.676480000000002
synthetic_2d_warp,synthetic|glunet|False|True,synthetic,glunet|False|True,12.7059,2.982828018367636,1.6345494569429482,0.0,0.0,12.26568
synthetic_2d_warp,synthetic|glunet|True|False,synthetic,glunet|True|False,29.4639,2.982828018367636,6.779007400340287,0.0,0.0,28.81429
synthetic_2d_warp,synthetic|glunet|True|True,synthetic,glunet|True|True,37.0372,2.982828018367636,4.728074587029816,0.0,0.0,25.72003
synthetic_2d_warp,synthetic|raft|True|False,synthetic,raft|True|False,21.9875,2.982828018367636,6.85656279661619,0.0,0.0,20.9049525
synthetic_2d_warp,tss|catspp|False|False,tss,catspp|False|False,20.8428,0.7063925727957615,0.8939979238724519,0.0,0.0,25.510804999999998
synthetic_2d_warp,tss|catspp|False|True,tss,catspp|False|True,20.0086,0.7063925727957615,0.9468241846643255,0.0,0.0,26.146224999999998
synthetic_2d_warp,tss|catspp|True|False,tss,catspp|True|False,65.697,0.7063925727957615,0.32433749870723716,0.0,0.0,63.82755999999999
synthetic_2d_warp,tss|catspp|True|True,tss,catspp|True|True,67.8214,0.7063925727957615,0.34020374918814283,0.0,0.0,64.15476
synthetic_2d_warp,tss|glunet|False|False,tss,glunet|False|False,23.6203,0.7063925727957615,1.0131209114176842,0.0,0.0,26.47484
synthetic_2d_warp,tss|glunet|False|True,tss,glunet|False|True,26.4422,0.7063925727957615,0.8124888374034719,0.0,0.0,22.65664
synthetic_2d_warp,tss|glunet|True|False,tss,glunet|True|False,50.8272,0.7063925727957615,1.7115412835522779,0.0,0.0,47.75251
synthetic_2d_warp,tss|glunet|True|True,tss,glunet|True|True,66.2204,0.7063925727957615,1.2966754972840546,0.0,0.0,50.01884
synthetic_2d_warp,tss|raft|True|False,tss,raft|True|False,22.1823,0.7063925727957615,0.7529105666543626,0.0,0.0,21.2654575
synthetic_large_zoom,flyingthings|catspp|False|False,flyingthings,catspp|False|False,67.1619,-0.007262377852640535,-0.019206946996587516,0.0,0.0,56.541645
synthetic_large_zoom,flyingthings|catspp|False|True,flyingthings,catspp|False|True,72.1858,-0.007262377852640535,-0.01874180801052174,0.0,0.0,57.17853
synthetic_large_zoom,flyingthings|catspp|True|False,flyingthings,catspp|True|False,81.8483,-0.007262377852640535,-0.00580003896984672,0.0,0.0,79.76458
synthetic_large_zoom,flyingthings|catspp|True|True,flyingthings,catspp|True|True,82.1343,-0.007262377852640535,-0.004214038098707937,0.0,0.0,79.876775
synthetic_large_zoom,flyingthings|glunet|False|False,flyingthings,glunet|False|False,62.2616,-0.007262377852640535,-0.020266720409065034,0.0,0.0,58.54774999999999
synthetic_large_zoom,flyingthings|glunet|False|True,flyingthings,glunet|False|True,57.5697,-0.007262377852640535,-0.017907790009626785,0.0,0.0,51.849199999999996
synthetic_large_zoom,flyingthings|glunet|True|False,flyingthings,glunet|True|False,72.5692,-0.007262377852640535,-0.021252222359359144,0.0,0.0,65.23088
synthetic_large_zoom,flyingthings|glunet|True|True,flyingthings,glunet|True|True,62.7767,-0.007262377852640535,-0.014674188737524211,0.0,0.0,68.00435
synthetic_large_zoom,flyingthings|raft|True|False,flyingthings,raft|True|False,59.3757,-0.007262377852640535,-0.02463086106938795,0.0,0.0,49.888130000000004
synthetic_large_zoom,kitti2012|catspp|False|False,kitti2012,catspp|False|False,88.0451,0.006029287777934856,0.019380475129062807,0.0,0.0,75.13224
synthetic_large_zoom,kitti2012|catspp|False|True,kitti2012,catspp|False|True,94.8248,0.006029287777934856,0.018702426230872437,0.0,0.0,76.66946
synthetic_large_zoom,kitti2012|catspp|True|False,kitti2012,catspp|True|False,98.7949,0.006029287777934856,0.0035183011564162694,0.0,0.0,95.49407
synthetic_large_zoom,kitti2012|catspp|True|True,kitti2012,catspp|True|True,98.6413,0.006029287777934856,0.0032864799886673434,0.0,0.0,95.37448
synthetic_large_zoom,kitti2012|glunet|False|False,kitti2012,glunet|False|False,97.9959,0.006029287777934856,0.020258794586584607,0.0,0.0,85.19883999999999
synthetic_large_zoom,kitti2012|glunet|False|True,kitti2012,glunet|False|True,97.0676,0.006029287777934856,0.0196671099945052,0.0,0.0,81.51566
synthetic_large_zoom,kitti2012|glunet|True|False,kitti2012,glunet|True|False,99.1724,0.006029287777934856,0.018376497176613146,0.0,0.0,87.8049
synthetic_large_zoom,kitti2012|glunet|True|True,kitti2012,glunet|True|True,98.7654,0.006029287777934856,0.01171288671989454,0.0,0.0,91.13112
synthetic_large_zoom,kitti2012|raft|True|False,kitti2012,raft|True|False,98.2011,0.006029287777934856,0.025443643713845086,0.0,0.0,74.47640249999999
synthetic_large_zoom,kitti2015|catspp|False|False,kitti2015,catspp|False|False,90.7618,0.007294259016883818,0.022475275560473046,0.0,0.0,77.16654
synthetic_large_zoom,kitti2015|catspp|False|True,kitti2015,catspp|False|True,93.0548,0.007294259016883818,0.021944772921300027,0.0,0.0,77.77804
synthetic_large_zoom,kitti2015|catspp|True|False,kitti2015,catspp|True|False,98.0919,0.007294259016883818,0.003406873288839615,0.0,0.0,94.854045
synthetic_large_zoom,kitti2015|catspp|True|True,kitti2015,catspp|True|True,97.7369,0.007294259016883818,0.003297911977070045,0.0,0.0,94.55743
synthetic_large_zoom,kitti2015|glunet|False|False,kitti2015,glunet|False|False,93.9536,0.007294259016883818,0.023111971099757454,0.0,0.0,81.03232
synthetic_large_zoom,kitti2015|glunet|False|True,kitti2015,glunet|False|True,88.1684,0.007294259016883818,0.021373652319637552,0.0,0.0,77.66272000000001
synthetic_large_zoom,kitti2015|glunet|True|False,kitti2015,glunet|True|False,98.0506,0.007294259016883818,0.020586554414588815,0.0,0.0,85.83094
synthetic_large_zoom,kitti2015|glunet|True|True,kitti2015,glunet|True|True,96.8003,0.007294259016883818,0.013837010617562952,0.0,0.0,89.0994
synthetic_large_zoom,kitti2015|raft|True|False,kitti2015,raft|True|False,94.1569,0.007294259016883818,0.028025222044229053,0.0,0.0,72.21270625
synthetic_large_zoom,pfpascal|catspp|False|False,pfpascal,catspp|False|False,16.3109,-0.1359653512645245,-0.08005623207295721,0.0,0.0,11.30889
synthetic_large_zoom,pfpascal|catspp|False|True,pfpascal,catspp|False|True,17.9071,-0.1359653512645245,-0.08638787096388,0.0,0.0,11.30322
synthetic_large_zoom,pfpascal|catspp|True|False,pfpascal,catspp|True|False,47.5495,-0.1359653512645245,-0.10406355199431608,0.0,0.0,43.20949
synthetic_large_zoom,pfpascal|catspp|True|True,pfpascal,catspp|True|True,50.0421,-0.1359653512645245,-0.09739369249899348,0.0,0.0,45.821005
synthetic_large_zoom,pfpascal|glunet|False|False,pfpascal,glunet|False|False,16.1068,-0.1359653512645245,-0.08832777475241198,0.0,0.0,11.334010000000001
synthetic_large_zoom,pfpascal|glunet|False|True,pfpascal,glunet|False|True,14.5575,-0.1359653512645245,-0.0777541120207061,0.0,0.0,11.33283
synthetic_large_zoom,pfpascal|glunet|True|False,pfpascal,glunet|True|False,23.0618,-0.1359653512645245,-0.19089769933559914,0.0,0.0,26.19406
synthetic_large_zoom,pfpascal|glunet|True|True,pfpascal,glunet|True|True,19.3452,-0.1359653512645245,-0.1738780234016337,0.0,0.0,32.62039
synthetic_large_zoom,pfpascal|raft|True|False,pfpascal,raft|True|False,11.9889,-0.1359653512645245,-0.07591140240367777,0.0,0.0,11.704113750000001
synthetic_large_zoom,pfwillow|catspp|False|False,pfwillow,catspp|False|False,18.7222,-0.08593524761424055,-0.05036515172662415,0.0,0.0,13.580000000000002
synthetic_large_zoom,pfwillow|catspp|False|True,pfwillow,catspp|False|True,19.8667,-0.08593524761424055,-0.05197615969408984,0.0,0.0,13.876105
synthetic_large_zoom,pfwillow|catspp|True|False,pfwillow,catspp|True|False,51.4222,-0.08593524761424055,-0.05938587867935888,0.0,0.0,46.300560000000004
synthetic_large_zoom,pfwillow|catspp|True|True,pfwillow,catspp|True|True,54.3556,-0.08593524761424055,-0.06423102293359163,0.0,0.0,48.19221
synthetic_large_zoom,pfwillow|glunet|False|False,pfwillow,glunet|False|False,18.3917,-0.08593524761424055,-0.05129353144339763,0.0,0.0,15.18792
synthetic_large_zoom,pfwillow|glunet|False|True,pfwillow,glunet|False|True,16.3506,-0.08593524761424055,-0.049905470985894526,0.0,0.0,13.77065
synthetic_large_zoom,pfwillow|glunet|True|False,pfwillow,glunet|True|False,30.5,-0.08593524761424055,-0.13114242948758859,0.0,0.0,29.02209
synthetic_large_zoom,pfwillow|glunet|True|True,pfwillow,glunet|True|True,21.0975,-0.08593524761424055,-0.11443228723447775,0.0,0.0,35.41006
synthetic_large_zoom,pfwillow|raft|True|False,pfwillow,raft|True|False,17.8333,-0.08593524761424055,-0.04670999940584629,0.0,0.0,14.56871625
synthetic_large_zoom,pointodyssey|catspp|False|False,pointodyssey,catspp|False|False,34.7757,0.015990178173260924,0.047317934048379015,0.0,0.0,45.619045
synthetic_large_zoom,pointodyssey|catspp|False|True,pointodyssey,catspp|False|True,62.7536,0.015990178173260924,0.053580578901361885,0.0,0.0,49.83734
synthetic_large_zoom,pointodyssey|catspp|True|False,pointodyssey,catspp|True|False,45.1112,0.015990178173260924,0.03362990043563191,0.0,0.0,58.77383999999999
synthetic_large_zoom,pointodyssey|catspp|True|True,pointodyssey,catspp|True|True,52.1959,0.015990178173260924,0.034609670462313204,0.0,0.0,58.48157
synthetic_large_zoom,pointodyssey|glunet|False|False,pointodyssey,glunet|False|False,85.5722,0.015990178173260924,0.05374910103353325,0.0,0.0,79.27020999999999
synthetic_large_zoom,pointodyssey|glunet|False|True,pointodyssey,glunet|False|True,80.976,0.015990178173260924,0.05147572214027025,0.0,0.0,74.05364999999999
synthetic_large_zoom,pointodyssey|glunet|True|False,pointodyssey,glunet|True|False,91.0513,0.015990178173260924,0.047266775803135846,0.0,0.0,83.83907
synthetic_large_zoom,pointodyssey|glunet|True|True,pointodyssey,glunet|True|True,85.0481,0.015990178173260924,0.03155215856226499,0.0,0.0,86.67904999999999
synthetic_large_zoom,pointodyssey|raft|True|False,pointodyssey,raft|True|False,36.4545,0.015990178173260924,0.0488638240800221,0.0,0.0,42.026408749999995
synthetic_large_zoom,spair|catspp|False|False,spair,catspp|False|False,4.0943,0.38700409864154783,0.01879131821193897,0.0,0.0,3.4721249999999997
synthetic_large_zoom,spair|catspp|False|True,spair,catspp|False|True,4.1558,0.38700409864154783,0.02335115002953089,0.0,0.0,3.503545
synthetic_large_zoom,spair|catspp|True|False,spair,catspp|True|False,20.9922,0.38700409864154783,0.18285994164903507,0.0,0.0,21.259999999999998
synthetic_large_zoom,spair|catspp|True|True,spair,catspp|True|True,21.5433,0.38700409864154783,0.1726197667070034,0.0,0.0,22.56524
synthetic_large_zoom,spair|glunet|False|False,spair,glunet|False|False,3.0531,0.38700409864154783,0.025094827088659337,0.0,0.0,2.85139
synthetic_large_zoom,spair|glunet|False|True,spair,glunet|False|True,2.5485,0.38700409864154783,0.012584326668632349,0.0,0.0,2.58431
synthetic_large_zoom,spair|glunet|True|False,spair,glunet|True|False,4.5811,0.38700409864154783,0.35707433893989765,0.0,0.0,7.81708
synthetic_large_zoom,spair|glunet|True|True,spair,glunet|True|True,3.6447,0.38700409864154783,0.24655804079159963,0.0,0.0,9.59585
synthetic_large_zoom,spair|raft|True|False,spair,raft|True|False,2.9715,0.38700409864154783,0.020264187422267776,0.0,0.0,2.74652375
synthetic_large_zoom,synthetic|catspp|False|False,synthetic,catspp|False|False,39.135,1.5898349400452296,2.310855718860434,0.0,0.0,21.13025
synthetic_large_zoom,synthetic|catspp|False|True,synthetic,catspp|False|True,48.6509,1.5898349400452296,2.35026621117369,0.0,0.0,21.287074999999998
synthetic_large_zoom,synthetic|catspp|True|False,synthetic,catspp|True|False,63.3596,1.5898349400452296,3.256577259103434,0.0,0.0,46.89571
synthetic_large_zoom,synthetic|catspp|True|True,synthetic,catspp|True|True,61.0204,1.5898349400452296,2.2737380905696893,0.0,0.0,46.10424
synthetic_large_zoom,synthetic|glunet|False|False,synthetic,glunet|False|False,18.5281,1.5898349400452296,1.9298041714023138,0.0,0.0,16.22314
synthetic_large_zoom,synthetic|glunet|False|True,synthetic,glunet|False|True,15.7459,1.5898349400452296,0.8597509078780747,0.0,0.0,11.96168
synthetic_large_zoom,synthetic|glunet|True|False,synthetic,glunet|True|False,25.3843,1.5898349400452296,3.6985210438509313,0.0,0.0,29.222250000000003
synthetic_large_zoom,synthetic|glunet|True|True,synthetic,glunet|True|True,18.4805,1.5898349400452296,2.6220110210445413,0.0,0.0,27.5757
synthetic_large_zoom,synthetic|raft|True|False,synthetic,raft|True|False,51.426,1.5898349400452296,3.055188071863124,0.0,0.0,17.9611025
synthetic_large_zoom,tss|catspp|False|False,tss,catspp|False|False,33.0076,0.27859138048005294,0.3518727366438532,0.0,0.0,24.294325
synthetic_large_zoom,tss|catspp|False|True,tss,catspp|False|True,37.3118,0.27859138048005294,0.36066271055460314,0.0,0.0,24.415905000000002
synthetic_large_zoom,tss|catspp|True|False,tss,catspp|True|False,67.8898,0.27859138048005294,0.12368113607676505,0.0,0.0,63.60828
synthetic_large_zoom,tss|catspp|True|True,tss,catspp|True|True,68.6688,0.27859138048005294,0.13396731742898824,0.0,0.0,64.07002
synthetic_large_zoom,tss|glunet|False|False,tss,glunet|False|False,32.7962,0.27859138048005294,0.4028431989070614,0.0,0.0,25.55725
synthetic_large_zoom,tss|glunet|False|True,tss,glunet|False|True,27.4139,0.27859138048005294,0.32690021432436867,0.0,0.0,22.559469999999997
synthetic_large_zoom,tss|glunet|True|False,tss,glunet|True|False,49.3439,0.27859138048005294,0.6931635343097413,0.0,0.0,47.90084
synthetic_large_zoom,tss|glunet|True|True,tss,glunet|True|True,34.6233,0.27859138048005294,0.5144199679210057,0.0,0.0,53.178549999999994
synthetic_large_zoom,tss|raft|True|False,tss,raft|True|False,25.936,0.27859138048005294,0.29933789561244084,0.0,0.0,20.8900875
synthetic_random_flipping,flyingthings|catspp|False|False,flyingthings,catspp|False|False,43.8954,0.07102583917761092,0.2140466152906626,0.0,0.0,58.868295
synthetic_random_flipping,flyingthings|catspp|False|True,flyingthings,catspp|False|True,50.8063,0.07102583917761092,0.21571350448385665,0.0,0.0,59.31648
synthetic_random_flipping,flyingthings|catspp|True|False,flyingthings,catspp|True|False,83.2946,0.07102583917761092,0.06472357237801522,0.0,0.0,79.61995
synthetic_random_flipping,flyingthings|catspp|True|True,flyingthings,catspp|True|True,80.7323,0.07102583917761092,0.0481374458889584,0.0,0.0,80.016975
synthetic_random_flipping,flyingthings|glunet|False|False,flyingthings,glunet|False|False,63.9418,0.07102583917761092,0.22850019049087553,0.0,0.0,58.379729999999995
synthetic_random_flipping,flyingthings|glunet|False|True,flyingthings,glunet|False|True,50.412,0.07102583917761092,0.20305481012336904,0.0,0.0,52.56497
synthetic_random_flipping,flyingthings|glunet|True|False,flyingthings,glunet|True|False,81.6246,0.07102583917761092,0.2342391545515975,0.0,0.0,64.32534000000001
synthetic_random_flipping,flyingthings|glunet|True|True,flyingthings,glunet|True|True,77.2625,0.07102583917761092,0.1627652270797459,0.0,0.0,66.55577000000001
synthetic_random_flipping,flyingthings|raft|True|False,flyingthings,raft|True|False,54.9845,0.07102583917761092,0.2795924005023994,0.0,0.0,50.32725000000001
synthetic_random_flipping,kitti2012|catspp|False|False,kitti2012,catspp|False|False,62.5595,0.001970053361732249,0.007277095597885084,0.0,0.0,77.6808
synthetic_random_flipping,kitti2012|catspp|False|True,kitti2012,catspp|False|True,71.5744,0.001970053361732249,0.007224074273257682,0.0,0.0,78.9945
synthetic_random_flipping,kitti2012|catspp|True|False,kitti2012,catspp|True|False,97.9034,0.001970053361732249,0.0013455557253240443,0.0,0.0,95.58322000000001
synthetic_random_flipping,kitti2012|catspp|True|True,kitti2012,catspp|True|True,95.9432,0.001970053361732249,0.0012765945816089637,0.0,0.0,95.64429
synthetic_random_flipping,kitti2012|glunet|False|False,kitti2012,glunet|False|False,95.0148,0.001970053361732249,0.007686491855606648,0.0,0.0,85.49695
synthetic_random_flipping,kitti2012|glunet|False|True,kitti2012,glunet|False|True,83.8602,0.001970053361732249,0.0075608831966605915,0.0,0.0,82.8364
synthetic_random_flipping,kitti2012|glunet|True|False,kitti2012,glunet|True|False,98.9943,0.001970053361732249,0.006937646957215311,0.0,0.0,87.82271
synthetic_random_flipping,kitti2012|glunet|True|True,kitti2012,glunet|True|True,98.8084,0.001970053361732249,0.004419483518684481,0.0,0.0,91.12682
synthetic_random_flipping,kitti2012|raft|True|False,kitti2012,raft|True|False,86.3393,0.001970053361732249,0.009801855612207403,0.0,0.0,75.6625825
synthetic_random_flipping,kitti2015|catspp|False|False,kitti2015,catspp|False|False,72.005,0.00410193569615992,0.014770148007001514,0.0,0.0,79.04222
synthetic_random_flipping,kitti2015|catspp|False|True,kitti2015,catspp|False|True,78.5201,0.00410193569615992,0.014555858593314598,0.0,0.0,79.23151
synthetic_random_flipping,kitti2015|catspp|True|False,kitti2015,catspp|True|False,97.1466,0.00410193569615992,0.0022600914361135677,0.0,0.0,94.94857499999999
synthetic_random_flipping,kitti2015|catspp|True|True,kitti2015,catspp|True|True,95.5148,0.00410193569615992,0.0022240947305553773,0.0,0.0,94.77964
synthetic_random_flipping,kitti2015|glunet|False|False,kitti2015,glunet|False|False,90.6756,0.00410193569615992,0.015110765986877654,0.0,0.0,81.36012000000001
synthetic_random_flipping,kitti2015|glunet|False|True,kitti2015,glunet|False|True,84.0249,0.00410193569615992,0.013982845870978526,0.0,0.0,78.07707
synthetic_random_flipping,kitti2015|glunet|True|False,kitti2015,glunet|True|False,97.5133,0.00410193569615992,0.013390512279496137,0.0,0.0,85.88467
synthetic_random_flipping,kitti2015|glunet|True|True,kitti2015,glunet|True|True,97.2046,0.00410193569615992,0.008972302451339434,0.0,0.0,89.05897
synthetic_random_flipping,kitti2015|raft|True|False,kitti2015,raft|True|False,85.0135,0.00410193569615992,0.01854908962471617,0.0,0.0,73.12704625
synthetic_random_flipping,pfpascal|catspp|False|False,pfpascal,catspp|False|False,5.3233,0.2663704548508182,0.16980843763053424,0.0,0.0,12.40765
synthetic_random_flipping,pfpascal|catspp|False|True,pfpascal,catspp|False|True,6.5354,0.2663704548508182,0.19897069482206867,0.0,0.0,12.440389999999999
synthetic_random_flipping,pfpascal|catspp|True|False,pfpascal,catspp|True|False,39.4059,0.2663704548508182,0.23462544192484047,0.0,0.0,44.023849999999996
synthetic_random_flipping,pfpascal|catspp|True|True,pfpascal,catspp|True|True,38.0521,0.2663704548508182,0.19664552676712466,0.0,0.0,47.020005
synthetic_random_flipping,pfpascal|glunet|False|False,pfpascal,glunet|False|False,8.1688,0.2663704548508182,0.2026473299101145,0.0,0.0,12.12781
synthetic_random_flipping,pfpascal|glunet|False|True,pfpascal,glunet|False|True,5.604,0.2663704548508182,0.16019092952609693,0.0,0.0,12.22818
synthetic_random_flipping,pfpascal|glunet|True|False,pfpascal,glunet|True|False,30.4384,0.2663704548508182,0.4291857905077597,0.0,0.0,25.456400000000002
synthetic_random_flipping,pfpascal|glunet|True|True,pfpascal,glunet|True|True,32.8035,0.2663704548508182,0.4269288185564896,0.0,0.0,31.27456
synthetic_random_flipping,pfpascal|raft|True|False,pfpascal,raft|True|False,7.6938,0.2663704548508182,0.1624815170818097,0.0,0.0,12.133623750000002
synthetic_random_flipping,pfwillow|catspp|False|False,pfwillow,catspp|False|False,8.2333,0.3733340244763189,0.24366530416039608,0.0,0.0,14.628890000000002
synthetic_random_flipping,pfwillow|catspp|False|True,pfwillow,catspp|False|True,8.9444,0.3733340244763189,0.26055430831145454,0.0,0.0,14.968335
synthetic_random_flipping,pfwillow|catspp|True|False,pfwillow,catspp|True|False,40.1667,0.3733340244763189,0.28384928547291205,0.0,0.0,47.42611
synthetic_random_flipping,pfwillow|catspp|True|True,pfwillow,catspp|True|True,40.1,0.3733340244763189,0.2958660314499492,0.0,0.0,49.61777
synthetic_random_flipping,pfwillow|glunet|False|False,pfwillow,glunet|False|False,13.3667,0.3733340244763189,0.2602849583078947,0.0,0.0,15.69042
synthetic_random_flipping,pfwillow|glunet|False|True,pfwillow,glunet|False|True,7.7889,0.3733340244763189,0.22417159182586657,0.0,0.0,14.62682
synthetic_random_flipping,pfwillow|glunet|True|False,pfwillow,glunet|True|False,36.342,0.3733340244763189,0.6436343003482666,0.0,0.0,28.43789
synthetic_random_flipping,pfwillow|glunet|True|True,pfwillow,glunet|True|True,36.9201,0.3733340244763189,0.6247355776735938,0.0,0.0,33.8278
synthetic_random_flipping,pfwillow|raft|True|False,pfwillow,raft|True|False,13.5556,0.3733340244763189,0.2399855740914237,0.0,0.0,14.99648625
synthetic_random_flipping,pointodyssey|catspp|False|False,pointodyssey,catspp|False|False,17.1954,0.025252657462717067,0.07951116462475119,0.0,0.0,47.377075000000005
synthetic_random_flipping,pointodyssey|catspp|False|True,pointodyssey,catspp|False|True,17.5356,0.025252657462717067,0.0886685147977504,0.0,0.0,54.359140000000004
synthetic_random_flipping,pointodyssey|catspp|True|False,pointodyssey,catspp|True|False,48.4592,0.025252657462717067,0.062340025765058614,0.0,0.0,58.43904
synthetic_random_flipping,pointodyssey|catspp|True|True,pointodyssey,catspp|True|True,48.5201,0.025252657462717067,0.06236685492477294,0.0,0.0,58.849149999999995
synthetic_random_flipping,pointodyssey|glunet|False|False,pointodyssey,glunet|False|False,88.4868,0.025252657462717067,0.09766917528554601,0.0,0.0,78.97875
synthetic_random_flipping,pointodyssey|glunet|False|True,pointodyssey,glunet|False|True,78.4489,0.025252657462717067,0.09412281635962584,0.0,0.0,74.30636
synthetic_random_flipping,pointodyssey|glunet|True|False,pointodyssey,glunet|True|False,97.2085,0.025252657462717067,0.08502259937543272,0.0,0.0,83.22335000000001
synthetic_random_flipping,pointodyssey|glunet|True|True,pointodyssey,glunet|True|True,95.8802,0.025252657462717067,0.05626363292873035,0.0,0.0,85.59584
synthetic_random_flipping,pointodyssey|raft|True|False,pointodyssey,raft|True|False,33.6102,0.025252657462717067,0.08876988904918097,0.0,0.0,42.31083875
synthetic_random_flipping,spair|catspp|False|False,spair,catspp|False|False,3.3223,2.189122823091738,0.13657639332522642,0.0,0.0,3.5493250000000005
synthetic_random_flipping,spair|catspp|False|True,spair,catspp|False|True,3.4986,2.189122823091738,0.16661602706284032,0.0,0.0,3.569265
synthetic_random_flipping,spair|catspp|True|False,spair,catspp|True|False,23.9303,2.189122823091738,1.1550583561793355,0.0,0.0,20.96619
synthetic_random_flipping,spair|catspp|True|True,spair,catspp|True|True,25.8495,2.189122823091738,1.065669389212647,0.0,0.0,22.13462
synthetic_random_flipping,spair|glunet|False|False,spair,glunet|False|False,3.3198,2.189122823091738,0.15715210535702706,0.0,0.0,2.82472
synthetic_random_flipping,spair|glunet|False|True,spair,glunet|False|True,2.7843,2.189122823091738,0.0789901367150814,0.0,0.0,2.5607300000000004
synthetic_random_flipping,spair|glunet|True|False,spair,glunet|True|False,12.1407,2.189122823091738,2.297464708289374,0.0,0.0,7.06112
synthetic_random_flipping,spair|glunet|True|True,spair,glunet|True|True,14.4483,2.189122823091738,1.6115120294540584,0.0,0.0,8.51549
synthetic_random_flipping,spair|raft|True|False,spair,raft|True|False,2.895,2.189122823091738,0.1336232488524766,0.0,0.0,2.75417375
synthetic_random_flipping,synthetic|catspp|False|False,synthetic,catspp|False|False,19.2799,2.802853769896359,5.24923832278491,0.0,0.0,23.11576
synthetic_random_flipping,synthetic|catspp|False|True,synthetic,catspp|False|True,21.8158,2.802853769896359,5.993489815517573,0.0,0.0,23.970585
synthetic_random_flipping,synthetic|catspp|True|False,synthetic,catspp|True|False,84.9434,2.802853769896359,4.5196171662514955,0.0,0.0,44.73733
synthetic_random_flipping,synthetic|catspp|True|True,synthetic,catspp|True|True,70.9568,2.802853769896359,3.693031463818578,0.0,0.0,45.1106
synthetic_random_flipping,synthetic|glunet|False|False,synthetic,glunet|False|False,33.5541,2.802853769896359,3.0539736530592467,0.0,0.0,14.72054
synthetic_random_flipping,synthetic|glunet|False|True,synthetic,glunet|False|True,16.7068,2.802853769896359,1.7044253720680427,0.0,0.0,11.865590000000001
synthetic_random_flipping,synthetic|glunet|True|False,synthetic,glunet|True|False,71.1258,2.802853769896359,4.378702252644978,0.0,0.0,24.6481
synthetic_random_flipping,synthetic|glunet|True|True,synthetic,glunet|True|True,54.0369,2.802853769896359,3.7663422408750775,0.0,0.0,24.02006
synthetic_random_flipping,synthetic|raft|True|False,synthetic,raft|True|False,24.5252,2.802853769896359,7.617886683224738,0.0,0.0,20.651182499999997
synthetic_random_flipping,tss|catspp|False|False,tss,catspp|False|False,11.4546,0.6342361511734366,0.8500337422767298,0.0,0.0,26.449625000000005
synthetic_random_flipping,tss|catspp|False|True,tss,catspp|False|True,15.3875,0.6342361511734366,0.96720357519183,0.0,0.0,26.608335
synthetic_random_flipping,tss|catspp|True|False,tss,catspp|True|False,67.4824,0.6342361511734366,0.330172577870865,0.0,0.0,63.64901999999999
synthetic_random_flipping,tss|catspp|True|True,tss,catspp|True|True,68.1239,0.6342361511734366,0.3587413557639993,0.0,0.0,64.12451
synthetic_random_flipping,tss|glunet|False|False,tss,glunet|False|False,26.1956,0.6342361511734366,1.0811510645644915,0.0,0.0,26.217309999999998
synthetic_random_flipping,tss|glunet|False|True,tss,glunet|False|True,14.4363,0.6342361511734366,0.8248612765899268,0.0,0.0,23.85723
synthetic_random_flipping,tss|glunet|True|False,tss,glunet|True|False,66.03,0.6342361511734366,1.7240831126569125,0.0,0.0,46.23223
synthetic_random_flipping,tss|glunet|True|True,tss,glunet|True|True,68.4478,0.6342361511734366,1.3514014913464811,0.0,0.0,49.7961
synthetic_random_flipping,tss|raft|True|False,tss,raft|True|False,18.9126,0.6342361511734366,0.7974006534278522,0.0,0.0,21.5924275
synthetic_small_zoom,flyingthings|catspp|False|False,flyingthings,catspp|False|False,66.7727,-0.0550425521661117,-0.14524089969210968,0.0,0.0,56.580565
synthetic_small_zoom,flyingthings|catspp|False|True,flyingthings,catspp|False|True,70.0137,-0.0550425521661117,-0.14273968838718817,0.0,0.0,57.39574
synthetic_small_zoom,flyingthings|catspp|True|False,flyingthings,catspp|True|False,81.3255,-0.0550425521661117,-0.04393102325851797,0.0,0.0,79.81685999999999
synthetic_small_zoom,flyingthings|catspp|True|True,flyingthings,catspp|True|True,81.1893,-0.0550425521661117,-0.032116170356031974,0.0,0.0,79.97127499999999
synthetic_small_zoom,flyingthings|glunet|False|False,flyingthings,glunet|False|False,64.6211,-0.0550425521661117,-0.1526645181183517,0.0,0.0,58.311800000000005
synthetic_small_zoom,flyingthings|glunet|False|True,flyingthings,glunet|False|True,57.9755,-0.0550425521661117,-0.13517442941911723,0.0,0.0,51.80862
synthetic_small_zoom,flyingthings|glunet|True|False,flyingthings,glunet|True|False,75.9953,-0.0550425521661117,-0.15944472783508482,0.0,0.0,64.88827
synthetic_small_zoom,flyingthings|glunet|True|True,flyingthings,glunet|True|True,72.6252,-0.0550425521661117,-0.11075396515853794,0.0,0.0,67.0195
synthetic_small_zoom,flyingthings|raft|True|False,flyingthings,raft|True|False,63.0829,-0.0550425521661117,-0.1847843380344199,0.0,0.0,49.51741
synthetic_small_zoom,kitti2012|catspp|False|False,kitti2012,catspp|False|False,90.3601,0.005780629632297118,0.018410803828537516,0.0,0.0,74.90074
synthetic_small_zoom,kitti2012|catspp|False|True,kitti2012,catspp|False|True,91.7972,0.005780629632297118,0.01804082903718461,0.0,0.0,76.97222000000001
synthetic_small_zoom,kitti2012|catspp|True|False,kitti2012,catspp|True|False,98.6145,0.005780629632297118,0.0033724103610706406,0.0,0.0,95.51210999999999
synthetic_small_zoom,kitti2012|catspp|True|True,kitti2012,catspp|True|True,98.7183,0.005780629632297118,0.0031354830114985353,0.0,0.0,95.36678
synthetic_small_zoom,kitti2012|glunet|False|False,kitti2012,glunet|False|False,98.5049,0.005780629632297118,0.019337548986439516,0.0,0.0,85.14794
synthetic_small_zoom,kitti2012|glunet|False|True,kitti2012,glunet|False|True,98.3756,0.005780629632297118,0.018723961488266334,0.0,0.0,81.38486
synthetic_small_zoom,kitti2012|glunet|True|False,kitti2012,glunet|True|False,99.1933,0.005780629632297118,0.017559046276221707,0.0,0.0,87.80281
synthetic_small_zoom,kitti2012|glunet|True|True,kitti2012,glunet|True|True,99.0835,0.005780629632297118,0.01117884339583808,0.0,0.0,91.09931
synthetic_small_zoom,kitti2012|raft|True|False,kitti2012,raft|True|False,98.2173,0.005780629632297118,0.024312000527212514,0.0,0.0,74.47478249999999
synthetic_small_zoom,kitti2015|catspp|False|False,kitti2015,catspp|False|False,88.7903,0.000684448730809189,0.0021119166128693028,0.0,0.0,77.36368999999999
synthetic_small_zoom,kitti2015|catspp|False|True,kitti2015,catspp|False|True,88.9381,0.000684448730809189,0.0020744871294031994,0.0,0.0,78.18971
synthetic_small_zoom,kitti2015|catspp|True|False,kitti2015,catspp|True|False,97.692,0.000684448730809189,0.00032183548966776,0.0,0.0,94.894035
synthetic_small_zoom,kitti2015|catspp|True|True,kitti2015,catspp|True|True,97.817,0.000684448730809189,0.0003077077103291241,0.0,0.0,94.54942
synthetic_small_zoom,kitti2015|glunet|False|False,kitti2015,glunet|False|False,95.5117,0.000684448730809189,0.002152949206090012,0.0,0.0,80.87651
synthetic_small_zoom,kitti2015|glunet|False|True,kitti2015,glunet|False|True,92.7311,0.000684448730809189,0.0019733299822954227,0.0,0.0,77.20644999999999
synthetic_small_zoom,kitti2015|glunet|True|False,kitti2015,glunet|True|False,98.1319,0.000684448730809189,0.001924832812824799,0.0,0.0,85.82281
synthetic_small_zoom,kitti2015|glunet|True|True,kitti2015,glunet|True|True,97.9048,0.000684448730809189,0.0012879759733024538,0.0,0.0,88.98895
synthetic_small_zoom,kitti2015|raft|True|False,kitti2015,raft|True|False,92.9642,0.000684448730809189,0.002629214267591388,0.0,0.0,72.33197625
synthetic_small_zoom,pfpascal|catspp|False|False,pfpascal,catspp|False|False,15.9431,-0.4695053683820409,-0.27808733120983314,0.0,0.0,11.34567
synthetic_small_zoom,pfpascal|catspp|False|True,pfpascal,catspp|False|True,18.9586,-0.4695053683820409,-0.28691587031118615,0.0,0.0,11.19807
synthetic_small_zoom,pfpascal|catspp|True|False,pfpascal,catspp|True|False,46.1154,-0.4695053683820409,-0.36382032467361436,0.0,0.0,43.3529
synthetic_small_zoom,pfpascal|catspp|True|True,pfpascal,catspp|True|True,47.1207,-0.4695053683820409,-0.3442330858426551,0.0,0.0,46.113144999999996
synthetic_small_zoom,pfpascal|glunet|False|False,pfpascal,glunet|False|False,20.2654,-0.4695053683820409,-0.26228623945707086,0.0,0.0,10.91815
synthetic_small_zoom,pfpascal|glunet|False|True,pfpascal,glunet|False|True,15.6204,-0.4695053683820409,-0.2614435168229845,0.0,0.0,11.22654
synthetic_small_zoom,pfpascal|glunet|True|False,pfpascal,glunet|True|False,26.2712,-0.4695053683820409,-0.6596759978562952,0.0,0.0,25.87312
synthetic_small_zoom,pfpascal|glunet|True|True,pfpascal,glunet|True|True,31.3731,-0.4695053683820409,-0.6500302353863314,0.0,0.0,31.417600000000004
synthetic_small_zoom,pfpascal|raft|True|False,pfpascal,raft|True|False,17.4659,-0.4695053683820409,-0.2317975049926021,0.0,0.0,11.15641375
synthetic_small_zoom,pfwillow|catspp|False|False,pfwillow,catspp|False|False,19.4444,-0.37865374413043396,-0.21639924117319276,0.0,0.0,13.50778
synthetic_small_zoom,pfwillow|catspp|False|True,pfwillow,catspp|False|True,20.5333,-0.37865374413043396,-0.22334788119668722,0.0,0.0,13.809445
synthetic_small_zoom,pfwillow|catspp|True|False,pfwillow,catspp|True|False,48.7889,-0.37865374413043396,-0.2703259209426818,0.0,0.0,46.56389
synthetic_small_zoom,pfwillow|catspp|True|True,pfwillow,catspp|True|True,48.6889,-0.37865374413043396,-0.2976560823841266,0.0,0.0,48.75888
synthetic_small_zoom,pfwillow|glunet|False|False,pfwillow,glunet|False|False,21.063,-0.37865374413043396,-0.2102640229863901,0.0,0.0,14.92079
synthetic_small_zoom,pfwillow|glunet|False|True,pfwillow,glunet|False|True,16.9778,-0.37865374413043396,-0.21696298319593663,0.0,0.0,13.70793
synthetic_small_zoom,pfwillow|glunet|True|False,pfwillow,glunet|True|False,29.3389,-0.37865374413043396,-0.576364415286515,0.0,0.0,29.1382
synthetic_small_zoom,pfwillow|glunet|True|True,pfwillow,glunet|True|True,31.6222,-0.37865374413043396,-0.5472479468538791,0.0,0.0,34.35759
synthetic_small_zoom,pfwillow|raft|True|False,pfwillow,raft|True|False,18.7,-0.37865374413043396,-0.20095293464371328,0.0,0.0,14.48204625
synthetic_small_zoom,pointodyssey|catspp|False|False,pointodyssey,catspp|False|False,46.4111,0.010060003171984617,0.029990224767753936,0.0,0.0,44.455505
synthetic_small_zoom,pointodyssey|catspp|False|True,pointodyssey,catspp|False|True,39.8187,0.010060003171984617,0.03363514525980998,0.0,0.0,52.13083
synthetic_small_zoom,pointodyssey|catspp|True|False,pointodyssey,catspp|True|False,45.3383,0.010060003171984617,0.021114149626043514,0.0,0.0,58.75113
synthetic_small_zoom,pointodyssey|catspp|True|True,pointodyssey,catspp|True|True,47.995,0.010060003171984617,0.0213921458401141,0.0,0.0,58.90166000000001
synthetic_small_zoom,pointodyssey|glunet|False|False,pointodyssey,glunet|False|False,87.5416,0.010060003171984617,0.0336229858169969,0.0,0.0,79.07327000000001
synthetic_small_zoom,pointodyssey|glunet|False|True,pointodyssey,glunet|False|True,80.8978,0.010060003171984617,0.03228034352727365,0.0,0.0,74.06147
synthetic_small_zoom,pointodyssey|glunet|True|False,pointodyssey,glunet|True|False,92.6605,0.010060003171984617,0.02955680574174344,0.0,0.0,83.67815
synthetic_small_zoom,pointodyssey|glunet|True|True,pointodyssey,glunet|True|True,90.8588,0.010060003171984617,0.01969937312719246,0.0,0.0,86.09797999999999
synthetic_small_zoom,pointodyssey|raft|True|False,pointodyssey,raft|True|False,65.6666,0.010060003171984617,0.02873265861168698,0.0,0.0,39.10519875
synthetic_small_zoom,spair|catspp|False|False,spair,catspp|False|False,3.622,-0.5320076597633459,-0.028976363273002126,0.0,0.0,3.519355
synthetic_small_zoom,spair|catspp|False|True,spair,catspp|False|True,3.8854,-0.5320076597633459,-0.03412028398832301,0.0,0.0,3.530585
synthetic_small_zoom,spair|catspp|True|False,spair,catspp|True|False,20.7809,-0.5320076597633459,-0.25036883850607927,0.0,0.0,21.281129999999997
synthetic_small_zoom,spair|catspp|True|True,spair,catspp|True|True,20.6206,-0.5320076597633459,-0.23340455336169882,0.0,0.0,22.65751
synthetic_small_zoom,spair|glunet|False|False,spair,glunet|False|False,3.0311,-0.5320076597633459,-0.03444497893678387,0.0,0.0,2.8535899999999996
synthetic_small_zoom,spair|glunet|False|True,spair,glunet|False|True,2.408,-0.5320076597633459,-0.016759160107774174,0.0,0.0,2.59836
synthetic_small_zoom,spair|glunet|True|False,spair,glunet|True|False,4.3584,-0.5320076597633459,-0.4884369422757744,0.0,0.0,7.8393500000000005
synthetic_small_zoom,spair|glunet|True|True,spair,glunet|True|True,5.8067,-0.5320076597633459,-0.3531964413569406,0.0,0.0,9.379650000000002
synthetic_small_zoom,spair|raft|True|False,spair,raft|True|False,2.7395,-0.5320076597633459,-0.028180979459243242,0.0,0.0,2.76972375
synthetic_small_zoom,synthetic|catspp|False|False,synthetic,catspp|False|False,49.4854,1.128130951580228,1.2376809039908334,0.0,0.0,20.09521
synthetic_small_zoom,synthetic|catspp|False|True,synthetic,catspp|False|True,50.3084,1.128130951580228,1.5953512010973896,0.0,0.0,21.121325000000002
synthetic_small_zoom,synthetic|catspp|True|False,synthetic,catspp|True|False,61.0298,1.128130951580228,2.3385190910617935,0.0,0.0,47.12869
synthetic_small_zoom,synthetic|catspp|True|True,synthetic,catspp|True|True,60.9373,1.128130951580228,1.609825412107738,0.0,0.0,46.11255
synthetic_small_zoom,synthetic|glunet|False|False,synthetic,glunet|False|False,16.7571,1.128130951580228,1.3688079404130968,0.0,0.0,16.40024
synthetic_small_zoom,synthetic|glunet|False|True,synthetic,glunet|False|True,14.039,1.128130951580228,0.6263092342178578,0.0,0.0,12.13237
synthetic_small_zoom,synthetic|glunet|True|False,synthetic,glunet|True|False,26.6724,1.128130951580228,2.6192586696590365,0.0,0.0,29.093439999999998
synthetic_small_zoom,synthetic|glunet|True|True,synthetic,glunet|True|True,23.5695,1.128130951580228,1.8940458173966712,0.0,0.0,27.0668
synthetic_small_zoom,synthetic|raft|True|False,synthetic,raft|True|False,54.0896,1.128130951580228,2.0582918179426826,0.0,0.0,17.6947425
synthetic_small_zoom,tss|catspp|False|False,tss,catspp|False|False,33.4343,0.14924131169229918,0.1870419053798436,0.0,0.0,24.251655
synthetic_small_zoom,tss|catspp|False|True,tss,catspp|False|True,38.3962,0.14924131169229918,0.18944992414241002,0.0,0.0,24.307465
synthetic_small_zoom,tss|catspp|True|False,tss,catspp|True|False,64.8435,0.14924131169229918,0.07075193007779476,0.0,0.0,63.91291
synthetic_small_zoom,tss|catspp|True|True,tss,catspp|True|True,65.1306,0.14924131169229918,0.07667421358960753,0.0,0.0,64.42384
synthetic_small_zoom,tss|glunet|False|False,tss,glunet|False|False,39.6402,0.14924131169229918,0.20035111332678607,0.0,0.0,24.87285
synthetic_small_zoom,tss|glunet|False|True,tss,glunet|False|True,29.9933,0.14924131169229918,0.1707275584492553,0.0,0.0,22.30153
synthetic_small_zoom,tss|glunet|True|False,tss,glunet|True|False,55.011,0.14924131169229918,0.36724090212225874,0.0,0.0,47.33413
synthetic_small_zoom,tss|glunet|True|True,tss,glunet|True|True,51.7585,0.14924131169229918,0.29690352824575145,0.0,0.0,51.46503
synthetic_small_zoom,tss|raft|True|False,tss,raft|True|False,31.9553,0.14924131169229918,0.1464736771216297,0.0,0.0,20.2881575
