train_dataset,context_id,benchmark,variant,actual,g,g_zridge,g_rank,g_gbm,L
flyingthings,flyingthings|catspp|False|False,flyingthings,catspp|False|False,70.7445,0.46921760213233293,0.11890510783259178,0.0,0.0,56.183385
flyingthings,flyingthings|catspp|False|True,flyingthings,catspp|False|True,61.1514,0.46921760213233293,0.12057649870544189,0.0,0.0,58.28197
flyingthings,flyingthings|catspp|True|False,flyingthings,catspp|True|False,63.3569,0.46921760213233293,0.01353921914101497,0.0,0.0,81.61372
flyingthings,flyingthings|catspp|True|True,flyingthings,catspp|True|True,82.2555,0.46921760213233293,0.02636199579024854,0.0,0.0,79.864655
flyingthings,flyingthings|glunet|False|False,flyingthings,glunet|False|False,54.827,0.46921760213233293,0.12689537663231631,0.0,0.0,59.29121
flyingthings,flyingthings|glunet|False|True,flyingthings,glunet|False|True,61.0606,0.46921760213233293,0.1112916578206893,0.0,0.0,51.50010999999999
flyingthings,flyingthings|glunet|True|False,flyingthings,glunet|True|False,72.5692,0.46921760213233293,0.13315349270810492,0.0,0.0,65.23088
flyingthings,flyingthings|glunet|True|True,flyingthings,glunet|True|True,78.4335,0.46921760213233293,0.08972163961020965,0.0,0.0,66.43867
flyingthings,flyingthings|raft|True|False,flyingthings,raft|True|False,3.4438,0.46921760213233293,0.12151220361765601,0.0,0.0,55.481320000000004
flyingthings,kitti2012|catspp|False|False,kitti2012,catspp|False|False,91.745,0.2668182341225474,0.16674089631616548,0.0,0.0,74.76225
flyingthings,kitti2012|catspp|False|True,kitti2012,catspp|False|True,91.7972,0.2668182341225474,0.16405436398060436,0.0,0.0,76.97222000000001
flyingthings,kitti2012|catspp|True|False,kitti2012,catspp|True|False,98.205,0.2668182341225474,0.030860107418901345,0.0,0.0,95.55306
flyingthings,kitti2012|catspp|True|True,kitti2012,catspp|True|True,97.709,0.2668182341225474,0.029007276932312715,0.0,0.0,95.46771
flyingthings,kitti2012|glunet|False|False,kitti2012,glunet|False|False,98.5049,0.2668182341225474,0.17584609295810893,0.0,0.0,85.14794
flyingthings,kitti2012|glunet|False|True,kitti2012,glunet|False|True,94.6197,0.2668182341225474,0.17191819725000398,0.0,0.0,81.76045
flyingthings,kitti2012|glunet|True|False,kitti2012,glunet|True|False,99.1724,0.2668182341225474,0.1596807787593856,0.0,0.0,87.8049
flyingthings,kitti2012|glunet|True|True,kitti2012,glunet|True|True,98.7654,0.2668182341225474,0.10177798603171734,0.0,0.0,91.13112
flyingthings,kitti2012|raft|True|False,kitti2012,raft|True|False,84.6833,0.2668182341225474,0.22605548241806445,0.0,0.0,75.8281825
flyingthings,kitti2015|catspp|False|False,kitti2015,catspp|False|False,89.5554,0.2682352311326769,0.1656011227095564,0.0,0.0,77.28718
flyingthings,kitti2015|catspp|False|True,kitti2015,catspp|False|True,12.2973,0.2682352311326769,0.03416702380536765,0.0,0.0,85.85379
flyingthings,kitti2015|catspp|True|False,kitti2015,catspp|True|False,92.1125,0.2682352311326769,0.024962813778318844,0.0,0.0,95.45198500000001
flyingthings,kitti2015|catspp|True|True,kitti2015,catspp|True|True,96.3826,0.2682352311326769,0.02493388490373222,0.0,0.0,94.69286
flyingthings,kitti2015|glunet|False|False,kitti2015,glunet|False|False,93.9097,0.2682352311326769,0.16979832303208672,0.0,0.0,81.03671
flyingthings,kitti2015|glunet|False|True,kitti2015,glunet|False|True,92.7311,0.2682352311326769,0.15500364881008058,0.0,0.0,77.20644999999999
flyingthings,kitti2015|glunet|True|False,kitti2015,glunet|True|False,95.0124,0.2682352311326769,0.15234249475421405,0.0,0.0,86.13476
flyingthings,kitti2015|glunet|True|True,kitti2015,glunet|True|True,96.8003,0.2682352311326769,0.10164679853315334,0.0,0.0,89.0994
flyingthings,kitti2015|raft|True|False,kitti2015,raft|True|False,83.4171,0.2682352311326769,0.21023918729797483,0.0,0.0,73.28668625
flyingthings,pfpascal|catspp|False|False,pfpascal,catspp|False|False,9.00725,0.191951177277956,0.04176813492179625,0.0,0.0,12.039255
flyingthings,pfpascal|catspp|False|True,pfpascal,catspp|False|True,17.9071,0.191951177277956,0.043446084913073175,0.0,0.0,11.30322
flyingthings,pfpascal|catspp|True|False,pfpascal,catspp|True|False,46.1154,0.191951177277956,0.05316465962309017,0.0,0.0,43.3529
flyingthings,pfpascal|catspp|True|True,pfpascal,catspp|True|True,40.9858,0.191951177277956,0.0477593112850073,0.0,0.0,46.726635
flyingthings,pfpascal|glunet|False|False,pfpascal,glunet|False|False,6.0177,0.191951177277956,0.04288096404532722,0.0,0.0,12.34292
flyingthings,pfpascal|glunet|False|True,pfpascal,glunet|False|True,15.9056,0.191951177277956,0.03791158077342187,0.0,0.0,11.19802
flyingthings,pfpascal|glunet|True|False,pfpascal,glunet|True|False,26.2712,0.191951177277956,0.09639772027309121,0.0,0.0,25.87312
flyingthings,pfpascal|glunet|True|True,pfpascal,glunet|True|True,31.3731,0.191951177277956,0.0949881957255529,0.0,0.0,31.4176
flyingthings,pfpascal|raft|True|False,pfpascal,raft|True|False,12.3863,0.191951177277956,0.03813224769821027,0.0,0.0,11.66437375
flyingthings,pfwillow|catspp|False|False,pfwillow,catspp|False|False,15.5,0.20399371328015486,0.0497858984201191,0.0,0.0,13.90222
flyingthings,pfwillow|catspp|False|True,pfwillow,catspp|False|True,14.47225,0.20399371328015486,0.05246389389463396,0.0,0.0,14.415550000000001
flyingthings,pfwillow|catspp|True|False,pfwillow,catspp|True|False,44.75,0.20399371328015486,0.05759826897702991,0.0,0.0,46.96778
flyingthings,pfwillow|catspp|True|True,pfwillow,catspp|True|True,48.6889,0.20399371328015486,0.0634181843727312,0.0,0.0,48.75888
flyingthings,pfwillow|glunet|False|False,pfwillow,glunet|False|False,5.6222,0.20399371328015486,0.03383878027798918,0.0,0.0,16.464869999999998
flyingthings,pfwillow|glunet|False|True,pfwillow,glunet|False|True,18.3398,0.20399371328015486,0.044797627275081,0.0,0.0,13.571729999999999
flyingthings,pfwillow|glunet|True|False,pfwillow,glunet|True|False,11.9333,0.20399371328015486,0.10585568507391883,0.0,0.0,30.87876
flyingthings,pfwillow|glunet|True|True,pfwillow,glunet|True|True,21.0975,0.20399371328015486,0.1070700550285209,0.0,0.0,35.41006
flyingthings,pfwillow|raft|True|False,pfwillow,raft|True|False,6.6805625,0.20399371328015486,0.033912962831873644,0.0,0.0,15.68399
flyingthings,pointodyssey|catspp|False|False,pointodyssey,catspp|False|False,46.0158,0.1439276186799652,0.02850572556064465,0.0,0.0,44.495034999999994
flyingthings,pointodyssey|catspp|False|True,pointodyssey,catspp|False|True,68.9316,0.1439276186799652,0.03139871499456942,0.0,0.0,49.21954
flyingthings,pointodyssey|catspp|True|False,pointodyssey,catspp|True|False,58.6808,0.1439276186799652,0.020728830008444096,0.0,0.0,57.416880000000006
flyingthings,pointodyssey|catspp|True|True,pointodyssey,catspp|True|True,71.0583,0.1439276186799652,0.019991144411790007,0.0,0.0,56.595330000000004
flyingthings,pointodyssey|glunet|False|False,pointodyssey,glunet|False|False,87.5416,0.1439276186799652,0.031954159932704604,0.0,0.0,79.07327000000001
flyingthings,pointodyssey|glunet|False|True,pointodyssey,glunet|False|True,78.5324,0.1439276186799652,0.03074925189943901,0.0,0.0,74.29801
flyingthings,pointodyssey|glunet|True|False,pointodyssey,glunet|True|False,91.9268,0.1439276186799652,0.028127142875414898,0.0,0.0,83.75152
flyingthings,pointodyssey|glunet|True|True,pointodyssey,glunet|True|True,89.2135,0.1439276186799652,0.0187780520368782,0.0,0.0,86.26250999999999
flyingthings,pointodyssey|raft|True|False,pointodyssey,raft|True|False,38.923,0.1439276186799652,0.02917827832068628,0.0,0.0,41.77955875
flyingthings,spair|catspp|False|False,spair,catspp|False|False,3.622,-0.25452353317437953,-0.010528413591480308,0.0,0.0,3.519355
flyingthings,spair|catspp|False|True,spair,catspp|False|True,3.8854,-0.25452353317437953,-0.012397430909576297,0.0,0.0,3.530585
flyingthings,spair|catspp|True|False,spair,catspp|True|False,14.7345,-0.25452353317437953,-0.07156558271499398,0.0,0.0,21.88577
flyingthings,spair|catspp|True|True,spair,catspp|True|True,19.8812,-0.25452353317437953,-0.08334128758273363,0.0,0.0,22.731450000000002
flyingthings,spair|glunet|False|False,spair,glunet|False|False,2.6434,-0.25452353317437953,-0.012439732652553017,0.0,0.0,2.89236
flyingthings,spair|glunet|False|True,spair,glunet|False|True,2.5485,-0.25452353317437953,-0.006264708173667346,0.0,0.0,2.58431
flyingthings,spair|glunet|True|False,spair,glunet|True|False,4.3584,-0.25452353317437953,-0.17747106816640054,0.0,0.0,7.8393500000000005
flyingthings,spair|glunet|True|True,spair,glunet|True|True,15.5133,-0.25452353317437953,-0.11887951161959608,0.0,0.0,8.40899
flyingthings,spair|raft|True|False,spair,raft|True|False,2.3576,-0.25452353317437953,-0.009609095653930018,0.0,0.0,2.80791375
flyingthings,synthetic|catspp|False|False,synthetic,catspp|False|False,49.4854,-0.31501801267800295,-0.09418489154110718,0.0,0.0,20.09521
flyingthings,synthetic|catspp|False|True,synthetic,catspp|False|True,19.6472,-0.31501801267800295,-0.15779738563575715,0.0,0.0,24.187445
flyingthings,synthetic|catspp|True|False,synthetic,catspp|True|False,44.6253,-0.31501801267800295,-0.1839040836519909,0.0,0.0,48.76914
flyingthings,synthetic|catspp|True|True,synthetic,catspp|True|True,41.0818,-0.31501801267800295,-0.1307364606555174,0.0,0.0,48.0981
flyingthings,synthetic|glunet|False|False,synthetic,glunet|False|False,15.5289,-0.31501801267800295,-0.10411284787292929,0.0,0.0,16.523059999999997
flyingthings,synthetic|glunet|False|True,synthetic,glunet|False|True,10.7744,-0.31501801267800295,-0.04776302029172708,0.0,0.0,12.45883
flyingthings,synthetic|glunet|True|False,synthetic,glunet|True|False,25.3843,-0.31501801267800295,-0.19904790225029734,0.0,0.0,29.222250000000003
flyingthings,synthetic|glunet|True|True,synthetic,glunet|True|True,6.6584,-0.31501801267800295,-0.12228570760219733,0.0,0.0,28.75791
flyingthings,synthetic|raft|True|False,synthetic,raft|True|False,24.5252,-0.31501801267800295,-0.20134943076803336,0.0,0.0,20.651182499999997
flyingthings,tss|catspp|False|False,tss,catspp|False|False,27.7243,0.14074061894330492,0.025430941712697556,0.0,0.0,24.822655
flyingthings,tss|catspp|False|True,tss,catspp|False|True,20.9901,0.14074061894330492,0.02689947444661784,0.0,0.0,26.048075
flyingthings,tss|catspp|True|False,tss,catspp|True|False,58.5563,0.14074061894330492,0.00797308293761009,0.0,0.0,64.54163
flyingthings,tss|catspp|True|True,tss,catspp|True|True,63.5068,0.14074061894330492,0.010009697420287232,0.0,0.0,64.58622
flyingthings,tss|glunet|False|False,tss,glunet|False|False,17.947,0.14074061894330492,0.027794981311669686,0.0,0.0,27.04217
flyingthings,tss|glunet|False|True,tss,glunet|False|True,18.6283,0.14074061894330492,0.022839237141124666,0.0,0.0,23.43803
flyingthings,tss|glunet|True|False,tss,glunet|True|False,40.9775,0.14074061894330492,0.04803485886061209,0.0,0.0,48.73748
flyingthings,tss|glunet|True|True,tss,glunet|True|True,19.7064,0.14074061894330492,0.027126033732906046,0.0,0.0,54.67024
flyingthings,tss|raft|True|False,tss,raft|True|False,18.6637,0.14074061894330497,0.021159640497916618,0.0,0.0,21.617317500000002
imagenet2dwarp,flyingthings|catspp|False|False,flyingthings,catspp|False|False,58.1203,0.20112264088010065,0.045230549702673116,0.0,0.0,57.44580499999999
imagenet2dwarp,flyingthings|catspp|False|True,flyingthings,catspp|False|True,70.0137,0.20112264088010065,0.043913965400627405,0.0,0.0,57.39574
imagenet2dwarp,flyingthings|catspp|True|False,flyingthings,catspp|True|False,82.138,0.20112264088010065,0.013453765217549903,0.0,0.0,79.73561
imagenet2dwarp,flyingthings|catspp|True|True,flyingthings,catspp|True|True,68.3472,0.20112264088010065,0.0043682837872501745,0.0,0.0,81.255485
imagenet2dwarp,flyingthings|glunet|False|False,flyingthings,glunet|False|False,41.9398,0.20112264088010065,0.0453829173520412,0.0,0.0,60.579930000000004
imagenet2dwarp,flyingthings|glunet|False|True,flyingthings,glunet|False|True,56.1849,0.20112264088010065,0.04170307905236466,0.0,0.0,51.98768
imagenet2dwarp,flyingthings|glunet|True|False,flyingthings,glunet|True|False,71.3152,0.20112264088010065,0.049477379169663147,0.0,0.0,65.35628
imagenet2dwarp,flyingthings|glunet|True|True,flyingthings,glunet|True|True,76.6361,0.20112264088010065,0.03358900655717148,0.0,0.0,66.61841
imagenet2dwarp,flyingthings|raft|True|False,flyingthings,raft|True|False,38.9566,0.20112264088010065,0.05691472088139151,0.0,0.0,51.93004
imagenet2dwarp,kitti2012|catspp|False|False,kitti2012,catspp|False|False,83.2552,0.10415668767803916,-0.4372941651861488,0.0,0.0,75.61123
imagenet2dwarp,kitti2012|catspp|False|True,kitti2012,catspp|False|True,72.7553,0.10415668767803916,-0.4288230175441432,0.0,0.0,78.87640999999999
imagenet2dwarp,kitti2012|catspp|True|False,kitti2012,catspp|True|False,94.5198,0.10415668767803916,-0.08040464680636543,0.0,0.0,95.92157999999999
imagenet2dwarp,kitti2012|catspp|True|True,kitti2012,catspp|True|True,98.7183,0.10415668767803916,-0.07339849396585742,0.0,0.0,95.36678
imagenet2dwarp,kitti2012|glunet|False|False,kitti2012,glunet|False|False,96.3978,0.10415668767803916,-0.4545654569831144,0.0,0.0,85.35865
imagenet2dwarp,kitti2012|glunet|False|True,kitti2012,glunet|False|True,97.0676,0.10415668767803916,-0.4399282558399006,0.0,0.0,81.51566
imagenet2dwarp,kitti2012|glunet|True|False,kitti2012,glunet|True|False,93.4583,0.10415668767803916,-0.4148609193209775,0.0,0.0,88.37631
imagenet2dwarp,kitti2012|glunet|True|True,kitti2012,glunet|True|True,98.2409,0.10415668767803916,-0.26249321482470817,0.0,0.0,91.18357
imagenet2dwarp,kitti2012|raft|True|False,kitti2012,raft|True|False,96.60025,0.10415668767803916,-0.5712845842147816,0.0,0.0,74.6364875
imagenet2dwarp,kitti2015|catspp|False|False,kitti2015,catspp|False|False,78.94014999999999,0.09434336553683892,-0.4765042094561982,0.0,0.0,78.348705
imagenet2dwarp,kitti2015|catspp|False|True,kitti2015,catspp|False|True,81.1634,0.09434336553683892,-0.46744150728772366,0.0,0.0,78.96718000000001
imagenet2dwarp,kitti2015|catspp|True|False,kitti2015,catspp|True|False,95.364,0.09434336553683892,-0.07386836923016293,0.0,0.0,95.126835
imagenet2dwarp,kitti2015|catspp|True|True,kitti2015,catspp|True|True,97.7369,0.09434336553683892,-0.06881248920034999,0.0,0.0,94.55743
imagenet2dwarp,kitti2015|glunet|False|False,kitti2015,glunet|False|False,86.2536,0.09434336553683892,-0.48810739370802025,0.0,0.0,81.80232
imagenet2dwarp,kitti2015|glunet|False|True,kitti2015,glunet|False|True,89.0545,0.09434336553683892,-0.4450410792749352,0.0,0.0,77.57410999999999
imagenet2dwarp,kitti2015|glunet|True|False,kitti2015,glunet|True|False,97.5133,0.09434336553683892,-0.4301822864497298,0.0,0.0,85.88467
imagenet2dwarp,kitti2015|glunet|True|True,kitti2015,glunet|True|True,96.2638,0.09434336553683892,-0.28930066613530714,0.0,0.0,89.15305
imagenet2dwarp,kitti2015|raft|True|False,kitti2015,raft|True|False,92.9642,0.09434336553683892,-0.5866039259607969,0.0,0.0,72.33197625
imagenet2dwarp,pfpascal|catspp|False|False,pfpascal,catspp|False|False,15.8031,0.09875842534316452,-0.09060925889279096,0.0,0.0,11.35967
imagenet2dwarp,pfpascal|catspp|False|True,pfpascal,catspp|False|True,6.5354,0.09875842534316452,-0.09828665929576537,0.0,0.0,12.440389999999999
imagenet2dwarp,pfpascal|catspp|True|False,pfpascal,catspp|True|False,48.9548,0.09875842534316452,-0.11366211772931348,0.0,0.0,43.06896
imagenet2dwarp,pfpascal|catspp|True|True,pfpascal,catspp|True|True,50.0421,0.09875842534316452,-0.10885773709344079,0.0,0.0,45.821005
imagenet2dwarp,pfpascal|glunet|False|False,pfpascal,glunet|False|False,16.1068,0.09875842534316452,-0.09872468570945792,0.0,0.0,11.334010000000001
imagenet2dwarp,pfpascal|glunet|False|True,pfpascal,glunet|False|True,14.5575,0.09875842534316452,-0.08690641526268698,0.0,0.0,11.33283
imagenet2dwarp,pfpascal|glunet|True|False,pfpascal,glunet|True|False,28.6839,0.09875842534316452,-0.21341276056356104,0.0,0.0,25.631850000000004
imagenet2dwarp,pfpascal|glunet|True|True,pfpascal,glunet|True|True,42.4831,0.09875842534316452,-0.19709965003551247,0.0,0.0,30.306600000000003
imagenet2dwarp,pfpascal|raft|True|False,pfpascal,raft|True|False,13.923,0.09875842534316452,-0.08353268005439986,0.0,0.0,11.510703750000001
imagenet2dwarp,pfwillow|catspp|False|False,pfwillow,catspp|False|False,4.8667,0.12902015064360925,-0.057850572298175744,0.0,0.0,14.965549999999999
imagenet2dwarp,pfwillow|catspp|False|True,pfwillow,catspp|False|True,11.4889,0.12902015064360925,-0.07929636139881523,0.0,0.0,14.713885
imagenet2dwarp,pfwillow|catspp|True|False,pfwillow,catspp|True|False,48.7889,0.12902015064360925,-0.08888325384989561,0.0,0.0,46.56389
imagenet2dwarp,pfwillow|catspp|True|True,pfwillow,catspp|True|True,47.911100000000005,0.12902015064360925,-0.09775748026905454,0.0,0.0,48.83666
imagenet2dwarp,pfwillow|glunet|False|False,pfwillow,glunet|False|False,19.8741,0.12902015064360925,-0.07175440976360385,0.0,0.0,15.039679999999999
imagenet2dwarp,pfwillow|glunet|False|True,pfwillow,glunet|False|True,15.0111,0.12902015064360925,-0.07302362242453034,0.0,0.0,13.904599999999999
imagenet2dwarp,pfwillow|glunet|True|False,pfwillow,glunet|True|False,35.8302,0.12902015064360925,-0.1858200301872113,0.0,0.0,28.489069999999998
imagenet2dwarp,pfwillow|glunet|True|True,pfwillow,glunet|True|True,31.7,0.12902015064360925,-0.17996823091762643,0.0,0.0,34.34981
imagenet2dwarp,pfwillow|raft|True|False,pfwillow,raft|True|False,18.722250000000003,0.12902015064360925,-0.06603309467533314,0.0,0.0,14.47982125
imagenet2dwarp,pointodyssey|catspp|False|False,pointodyssey,catspp|False|False,38.9858,0.18471530551034704,-0.08697801378433331,0.0,0.0,45.198035
imagenet2dwarp,pointodyssey|catspp|False|True,pointodyssey,catspp|False|True,4.4014,0.18471530551034704,-0.07783104452444126,0.0,0.0,55.67256
imagenet2dwarp,pointodyssey|catspp|True|False,pointodyssey,catspp|True|False,45.3383,0.18471530551034704,-0.061435153421416186,0.0,0.0,58.75113
imagenet2dwarp,pointodyssey|catspp|True|True,pointodyssey,catspp|True|True,47.995,0.18471530551034704,-0.062244029950401916,0.0,0.0,58.90166000000001
imagenet2dwarp,pointodyssey|glunet|False|False,pointodyssey,glunet|False|False,88.4868,0.18471530551034704,-0.09769586322749364,0.0,0.0,78.97875
imagenet2dwarp,pointodyssey|glunet|False|True,pointodyssey,glunet|False|True,91.9442,0.18471530551034704,-0.09152046042598448,0.0,0.0,72.95683
imagenet2dwarp,pointodyssey|glunet|True|False,pointodyssey,glunet|True|False,92.6605,0.18471530551034704,-0.08600047492091506,0.0,0.0,83.67815
imagenet2dwarp,pointodyssey|glunet|True|True,pointodyssey,glunet|True|True,95.08,0.18471530551034704,-0.05649738724685951,0.0,0.0,85.67586
imagenet2dwarp,pointodyssey|raft|True|False,pointodyssey,raft|True|False,33.6102,0.18471530551034704,-0.08879414527576131,0.0,0.0,42.31083875
imagenet2dwarp,spair|catspp|False|False,spair,catspp|False|False,3.1293,0.03393230919918174,-0.013916110612188868,0.0,0.0,3.568625
imagenet2dwarp,spair|catspp|False|True,spair,catspp|False|True,3.9251,0.03393230919918174,-0.017177247974810742,0.0,0.0,3.5266150000000005
imagenet2dwarp,spair|catspp|True|False,spair,catspp|True|False,27.8596,0.03393230919918174,-0.09863709817330432,0.0,0.0,20.573259999999998
imagenet2dwarp,spair|catspp|True|True,spair,catspp|True|True,22.5766,0.03393230919918174,-0.12037996743009391,0.0,0.0,22.46191
imagenet2dwarp,spair|glunet|False|False,spair,glunet|False|False,1.9627,0.03393230919918174,-0.01372998201507542,0.0,0.0,2.9604299999999997
imagenet2dwarp,spair|glunet|False|True,spair,glunet|False|True,2.6273,0.03393230919918174,-0.008729198617411796,0.0,0.0,2.5764299999999998
imagenet2dwarp,spair|glunet|True|False,spair,glunet|True|False,12.1407,0.03393230919918174,-0.24418644640034223,0.0,0.0,7.06112
imagenet2dwarp,spair|glunet|True|True,spair,glunet|True|True,3.6447,0.03393230919918174,-0.17120311028685792,0.0,0.0,9.59585
imagenet2dwarp,spair|raft|True|False,spair,raft|True|False,2.80045,0.03393230919918174,-0.014280386998092568,0.0,0.0,2.76362875
imagenet2dwarp,synthetic|catspp|False|False,synthetic,catspp|False|False,19.2799,-0.05154062894645729,0.07549929908024226,0.0,0.0,23.11576
imagenet2dwarp,synthetic|catspp|False|True,synthetic,catspp|False|True,20.3562,-0.05154062894645729,0.08600417612023145,0.0,0.0,24.116545000000002
imagenet2dwarp,synthetic|catspp|True|False,synthetic,catspp|True|False,33.1069,-0.05154062894645729,0.09515075875456487,0.0,0.0,49.92098
imagenet2dwarp,synthetic|catspp|True|True,synthetic,catspp|True|True,70.9568,-0.05154062894645729,0.05311652278947376,0.0,0.0,45.1106
imagenet2dwarp,synthetic|glunet|False|False,synthetic,glunet|False|False,6.5898,-0.05154062894645729,0.0528109136610386,0.0,0.0,17.41697
imagenet2dwarp,synthetic|glunet|False|True,synthetic,glunet|False|True,14.039,-0.05154062894645729,0.025935349067738755,0.0,0.0,12.13237
imagenet2dwarp,synthetic|glunet|True|False,synthetic,glunet|True|False,6.5871,-0.05154062894645729,0.09803106105001709,0.0,0.0,31.10197
imagenet2dwarp,synthetic|glunet|True|True,synthetic,glunet|True|True,37.9779,-0.05154062894645729,0.07512395181777408,0.0,0.0,25.62596
imagenet2dwarp,synthetic|raft|True|False,synthetic,raft|True|False,54.0896,-0.05154062894645729,0.08523348190495511,0.0,0.0,17.6947425
imagenet2dwarp,tss|catspp|False|False,tss,catspp|False|False,33.4343,-0.054460150329493605,-0.31003950936641556,0.0,0.0,24.251655
imagenet2dwarp,tss|catspp|False|True,tss,catspp|False|True,5.6335,-0.054460150329493605,-0.264305857839293,0.0,0.0,27.583735
imagenet2dwarp,tss|catspp|True|False,tss,catspp|True|False,65.697,-0.054460150329493605,-0.11613478560479852,0.0,0.0,63.82755999999999
imagenet2dwarp,tss|catspp|True|True,tss,catspp|True|True,62.9798,-0.054460150329493605,-0.12619175890551443,0.0,0.0,64.63892
imagenet2dwarp,tss|glunet|False|False,tss,glunet|False|False,14.8312,-0.054460150329493605,-0.34133420540471116,0.0,0.0,27.353749999999998
imagenet2dwarp,tss|glunet|False|True,tss,glunet|False|True,33.6273,-0.054460150329493605,-0.2687442735701606,0.0,0.0,21.93813
imagenet2dwarp,tss|glunet|True|False,tss,glunet|True|False,49.3439,-0.054460150329493605,-0.6134578019851412,0.0,0.0,47.90084
imagenet2dwarp,tss|glunet|True|True,tss,glunet|True|True,54.9733,-0.054460150329493605,-0.49063953091149387,0.0,0.0,51.14355
imagenet2dwarp,tss|raft|True|False,tss,raft|True|False,6.1812,-0.054460150329493605,-0.210975018062821,0.0,0.0,22.8655675
movi_f,flyingthings|catspp|False|False,flyingthings,catspp|False|False,62.5568,0.3570371127310408,0.11882466526270612,0.0,0.0,57.002155
movi_f,flyingthings|catspp|False|True,flyingthings,catspp|False|True,63.8607,0.3570371127310408,0.11754673212590674,0.0,0.0,58.01104
movi_f,flyingthings|catspp|True|False,flyingthings,catspp|True|False,81.3255,0.3570371127310408,0.03563231705541257,0.0,0.0,79.81685999999999
movi_f,flyingthings|catspp|True|True,flyingthings,catspp|True|True,82.249,0.3570371127310408,0.02578154237201142,0.0,0.0,79.865305
movi_f,flyingthings|glunet|False|False,flyingthings,glunet|False|False,4.0965,0.3570371127310408,0.05879426011330578,0.0,0.0,64.36426
movi_f,flyingthings|glunet|False|True,flyingthings,glunet|False|True,43.0123,0.3570371127310408,0.10861094501087244,0.0,0.0,53.30494
movi_f,flyingthings|glunet|True|False,flyingthings,glunet|True|False,85.8465,0.3570371127310408,0.12466356283896293,0.0,0.0,63.903150000000004
movi_f,flyingthings|glunet|True|True,flyingthings,glunet|True|True,39.6279,0.3570371127310408,0.07113159975774504,0.0,0.0,70.31922999999999
movi_f,flyingthings|raft|True|False,flyingthings,raft|True|False,68.432,0.3570371127310408,0.1477200513112514,0.0,0.0,48.9825
movi_f,kitti2012|catspp|False|False,kitti2012,catspp|False|False,88.0451,0.42195629260884626,0.08667763094048873,0.0,0.0,75.13224
movi_f,kitti2012|catspp|False|True,kitti2012,catspp|False|True,11.8574,0.42195629260884626,0.03012190227874215,0.0,0.0,84.9662
movi_f,kitti2012|catspp|True|False,kitti2012,catspp|True|False,97.9034,0.42195629260884626,0.015946563805302235,0.0,0.0,95.58322000000001
movi_f,kitti2012|catspp|True|True,kitti2012,catspp|True|True,96.3689,0.42195629260884626,0.015109241275776971,0.0,0.0,95.60172
movi_f,kitti2012|glunet|False|False,kitti2012,glunet|False|False,93.4764,0.42195629260884626,0.09129017864217914,0.0,0.0,85.65079
movi_f,kitti2012|glunet|False|True,kitti2012,glunet|False|True,82.5947,0.42195629260884626,0.08961236053349948,0.0,0.0,82.96295
movi_f,kitti2012|glunet|True|False,kitti2012,glunet|True|False,97.2991,0.42195629260884626,0.08250149299363652,0.0,0.0,87.99222999999999
movi_f,kitti2012|glunet|True|True,kitti2012,glunet|True|True,73.9202,0.42195629260884626,0.04841460128456886,0.0,0.0,93.61564
movi_f,kitti2012|raft|True|False,kitti2012,raft|True|False,13.823675,0.42195629260884626,0.0885268024148695,0.0,0.0,82.91414499999999
movi_f,kitti2015|catspp|False|False,kitti2015,catspp|False|False,91.4836,0.44771805364384876,0.04992833348738598,0.0,0.0,77.09436
movi_f,kitti2015|catspp|False|True,kitti2015,catspp|False|True,83.9623,0.44771805364384876,0.049762862082717796,0.0,0.0,78.68729
movi_f,kitti2015|catspp|True|False,kitti2015,catspp|True|False,98.0919,0.44771805364384876,0.007583125495912089,0.0,0.0,94.854045
movi_f,kitti2015|catspp|True|True,kitti2015,catspp|True|True,95.7853,0.44771805364384876,0.007606862162311625,0.0,0.0,94.75259
movi_f,kitti2015|glunet|False|False,kitti2015,glunet|False|False,90.0772,0.44771805364384876,0.05183547570028405,0.0,0.0,81.41996
movi_f,kitti2015|glunet|False|True,kitti2015,glunet|False|True,83.9377,0.44771805364384876,0.047924993125077746,0.0,0.0,78.08579
movi_f,kitti2015|glunet|True|False,kitti2015,glunet|True|False,98.0506,0.44771805364384876,0.045822198954579084,0.0,0.0,85.83094
movi_f,kitti2015|glunet|True|True,kitti2015,glunet|True|True,97.4131,0.44771805364384876,0.030721323996513554,0.0,0.0,89.03812
movi_f,kitti2015|raft|True|False,kitti2015,raft|True|False,15.6081,0.44771805364384876,0.04769003702061856,0.0,0.0,80.06758625
movi_f,pfpascal|catspp|False|False,pfpascal,catspp|False|False,12.26865,0.32662309004991535,0.019745293598359217,0.0,0.0,11.713115
movi_f,pfpascal|catspp|False|True,pfpascal,catspp|False|True,16.0706,0.32662309004991535,0.021062414568614532,0.0,0.0,11.48687
movi_f,pfpascal|catspp|True|False,pfpascal,catspp|True|False,38.806,0.32662309004991535,0.023949292866133665,0.0,0.0,44.083839999999995
movi_f,pfpascal|catspp|True|True,pfpascal,catspp|True|True,45.1843,0.32662309004991535,0.023311849450113033,0.0,0.0,46.306785000000005
movi_f,pfpascal|glunet|False|False,pfpascal,glunet|False|False,13.9864,0.32662309004991535,0.021268695430498266,0.0,0.0,11.54605
movi_f,pfpascal|glunet|False|True,pfpascal,glunet|False|True,14.9872,0.32662309004991535,0.017976919821060252,0.0,0.0,11.289860000000001
movi_f,pfpascal|glunet|True|False,pfpascal,glunet|True|False,44.4728,0.32662309004991535,0.03602565741276976,0.0,0.0,24.052960000000002
movi_f,pfpascal|glunet|True|True,pfpascal,glunet|True|True,29.9721,0.32662309004991535,0.04398952046472648,0.0,0.0,31.5577
movi_f,pfpascal|raft|True|False,pfpascal,raft|True|False,15.79625,0.32662309004991535,0.016728143628041613,0.0,0.0,11.32337875
movi_f,pfwillow|catspp|False|False,pfwillow,catspp|False|False,8.2333,0.35850695017020595,0.02748439930799982,0.0,0.0,14.628890000000002
movi_f,pfwillow|catspp|False|True,pfwillow,catspp|False|True,19.8667,0.35850695017020595,0.029416309953906858,0.0,0.0,13.876105
movi_f,pfwillow|catspp|True|False,pfwillow,catspp|True|False,40.1667,0.35850695017020595,0.03201697973418715,0.0,0.0,47.42611
movi_f,pfwillow|catspp|True|True,pfwillow,catspp|True|True,52.2222,0.35850695017020595,0.037602842439834624,0.0,0.0,48.40555
movi_f,pfwillow|glunet|False|False,pfwillow,glunet|False|False,10.8778,0.35850695017020595,0.02796594165027134,0.0,0.0,15.93931
movi_f,pfwillow|glunet|False|True,pfwillow,glunet|False|True,14.6333,0.35850695017020595,0.02867314618693341,0.0,0.0,13.94238
movi_f,pfwillow|glunet|True|False,pfwillow,glunet|True|False,30.5,0.35850695017020595,0.07422107321164663,0.0,0.0,29.02209
movi_f,pfwillow|glunet|True|True,pfwillow,glunet|True|True,44.3778,0.35850695017020595,0.06707818958812901,0.0,0.0,33.082029999999996
movi_f,pfwillow|raft|True|False,pfwillow,raft|True|False,14.7593,0.35850695017020595,0.027219393797713792,0.0,0.0,14.87611625
movi_f,pointodyssey|catspp|False|False,pointodyssey,catspp|False|False,68.8301,0.40052263896359036,0.07307759116808461,0.0,0.0,42.213604999999994
movi_f,pointodyssey|catspp|False|True,pointodyssey,catspp|False|True,39.8187,0.40052263896359036,0.08794546048493543,0.0,0.0,52.13083
movi_f,pointodyssey|catspp|True|False,pointodyssey,catspp|True|False,58.2916,0.40052263896359036,0.05703909753677037,0.0,0.0,57.455799999999996
movi_f,pointodyssey|catspp|True|True,pointodyssey,catspp|True|True,48.5201,0.40052263896359036,0.05605950582944473,0.0,0.0,58.849149999999995
movi_f,pointodyssey|glunet|False|False,pointodyssey,glunet|False|False,82.9373,0.40052263896359036,0.08830523479583513,0.0,0.0,79.5337
movi_f,pointodyssey|glunet|False|True,pointodyssey,glunet|False|True,68.033,0.40052263896359036,0.08435701736605662,0.0,0.0,75.34795
movi_f,pointodyssey|glunet|True|False,pointodyssey,glunet|True|False,97.2085,0.40052263896359036,0.07642400616594773,0.0,0.0,83.22335000000001
movi_f,pointodyssey|glunet|True|True,pointodyssey,glunet|True|True,55.0086,0.40052263896359036,0.036045958959934114,0.0,0.0,89.683
movi_f,pointodyssey|raft|True|False,pointodyssey,raft|True|False,3.8248375,0.40052263896359036,0.0669376630720297,0.0,0.0,45.289375
movi_f,spair|catspp|False|False,spair,catspp|False|False,3.633,0.23127954480780064,-0.0058119344235273256,0.0,0.0,3.518255
movi_f,spair|catspp|False|True,spair,catspp|False|True,4.1558,0.23127954480780064,-0.006421795823826327,0.0,0.0,3.503545
movi_f,spair|catspp|True|False,spair,catspp|True|False,23.9303,0.23127954480780064,-0.04862194989569332,0.0,0.0,20.96619
movi_f,spair|catspp|True|True,spair,catspp|True|True,23.9909,0.23127954480780064,-0.04712304535125856,0.0,0.0,22.32048
movi_f,spair|glunet|False|False,spair,glunet|False|False,2.3266,0.23127954480780064,-0.006453441104790845,0.0,0.0,2.92404
movi_f,spair|glunet|False|True,spair,glunet|False|True,2.5156,0.23127954480780064,-0.0034501357076076105,0.0,0.0,2.5876
movi_f,spair|glunet|True|False,spair,glunet|True|False,3.778,0.23127954480780064,-0.09757119312539488,0.0,0.0,7.89739
movi_f,spair|glunet|True|True,spair,glunet|True|True,7.582,0.23127954480780064,-0.07223462183320258,0.0,0.0,9.202119999999999
movi_f,spair|raft|True|False,spair,raft|True|False,2.7395,0.23127954480780064,-0.0056565613292196195,0.0,0.0,2.76972375
movi_f,synthetic|catspp|False|False,synthetic,catspp|False|False,15.2654,-0.1214422785775089,0.13954824188672088,0.0,0.0,23.51721
movi_f,synthetic|catspp|False|True,synthetic,catspp|False|True,17.94525,-0.1214422785775089,0.16065829865750234,0.0,0.0,24.35764
movi_f,synthetic|catspp|True|False,synthetic,catspp|True|False,61.0298,-0.1214422785775089,0.18210160158263147,0.0,0.0,47.12869
movi_f,synthetic|catspp|True|True,synthetic,catspp|True|True,39.7476,-0.1214422785775089,0.13268906808027725,0.0,0.0,48.23152
movi_f,synthetic|glunet|False|False,synthetic,glunet|False|False,33.5541,-0.1214422785775089,0.08260027210927412,0.0,0.0,14.72054
movi_f,synthetic|glunet|False|True,synthetic,glunet|False|True,3.9451,-0.1214422785775089,0.03664064087350761,0.0,0.0,13.14176
movi_f,synthetic|glunet|True|False,synthetic,glunet|True|False,21.7318,-0.1214422785775089,0.2022028399286176,0.0,0.0,29.5875
movi_f,synthetic|glunet|True|True,synthetic,glunet|True|True,37.0372,-0.1214422785775089,0.14237461705857185,0.0,0.0,25.720029999999998
movi_f,synthetic|raft|True|False,synthetic,raft|True|False,4.2572,-0.1214422785775089,0.19570656385839721,0.0,0.0,22.6779825
movi_f,tss|catspp|False|False,tss,catspp|False|False,21.05095,0.260680886422432,-0.07613863642494678,0.0,0.0,25.48999
movi_f,tss|catspp|False|True,tss,catspp|False|True,15.3875,0.260680886422432,-0.0773523879227864,0.0,0.0,26.608335
movi_f,tss|catspp|True|False,tss,catspp|True|False,66.7564,0.260680886422432,-0.026994247039598098,0.0,0.0,63.721619999999994
movi_f,tss|catspp|True|True,tss,catspp|True|True,64.5396,0.260680886422432,-0.03024537550797293,0.0,0.0,64.48294
movi_f,tss|glunet|False|False,tss,glunet|False|False,23.6203,0.260680886422432,-0.0861949479294326,0.0,0.0,26.47484
movi_f,tss|glunet|False|True,tss,glunet|False|True,26.4422,0.260680886422432,-0.06912544420314,0.0,0.0,22.65664
movi_f,tss|glunet|True|False,tss,glunet|True|False,66.03,0.260680886422432,-0.13788404960652906,0.0,0.0,46.23223
movi_f,tss|glunet|True|True,tss,glunet|True|True,49.9068,0.260680886422432,-0.11686378076521045,0.0,0.0,51.6502
movi_f,tss|raft|True|False,tss,raft|True|False,27.3868,0.2606808864224319,-0.06209086347513221,0.0,0.0,20.7450075
pointodyssey,flyingthings|catspp|False|False,flyingthings,catspp|False|False,61.2423,0.17705655451973515,0.00746799176182007,0.0,0.0,57.133605
pointodyssey,flyingthings|catspp|False|True,flyingthings,catspp|False|True,57.0993,0.17705655451973515,0.0074035348980134585,0.0,0.0,58.68718
pointodyssey,flyingthings|catspp|True|False,flyingthings,catspp|True|False,85.2977,0.17705655451973515,0.002139788564872524,0.0,0.0,79.41964
pointodyssey,flyingthings|catspp|True|True,flyingthings,catspp|True|True,80.7323,0.17705655451973515,0.0016383633684200186,0.0,0.0,80.016975
pointodyssey,flyingthings|glunet|False|False,flyingthings,glunet|False|False,62.2616,0.17705655451973515,0.007791362386350584,0.0,0.0,58.54774999999999
pointodyssey,flyingthings|glunet|False|True,flyingthings,glunet|False|True,67.784,0.17705655451973515,0.006639277054156967,0.0,0.0,50.82777
pointodyssey,flyingthings|glunet|True|False,flyingthings,glunet|True|False,66.6096,0.17705655451973515,0.008212526030454543,0.0,0.0,65.82684
pointodyssey,flyingthings|glunet|True|True,flyingthings,glunet|True|True,77.2625,0.17705655451973515,0.005539732754312776,0.0,0.0,66.55577
pointodyssey,flyingthings|raft|True|False,flyingthings,raft|True|False,79.60585,0.17705655451973515,0.008816060017597334,0.0,0.0,47.865115
pointodyssey,kitti2012|catspp|False|False,kitti2012,catspp|False|False,69.0475,0.22955897138641235,-0.01923002063334906,0.0,0.0,77.03200000000001
pointodyssey,kitti2012|catspp|False|True,kitti2012,catspp|False|True,86.4889,0.22955897138641235,-0.01879793306471004,0.0,0.0,77.50305
pointodyssey,kitti2012|catspp|True|False,kitti2012,catspp|True|False,98.3518,0.22955897138641235,-0.0034875006362973145,0.0,0.0,95.53838
pointodyssey,kitti2012|catspp|True|True,kitti2012,catspp|True|True,97.2492,0.22955897138641235,-0.0033030420984312414,0.0,0.0,95.51369
pointodyssey,kitti2012|glunet|False|False,kitti2012,glunet|False|False,97.9959,0.22955897138641235,-0.019936301825997718,0.0,0.0,85.19883999999999
pointodyssey,kitti2012|glunet|False|True,kitti2012,glunet|False|True,94.0515,0.22955897138641235,-0.019493526163253304,0.0,0.0,81.81727000000001
pointodyssey,kitti2012|glunet|True|False,kitti2012,glunet|True|False,22.7606,0.22955897138641235,-0.004906412129388167,0.0,0.0,95.44608
pointodyssey,kitti2012|glunet|True|True,kitti2012,glunet|True|True,93.1941,0.22955897138641235,-0.011668388297616841,0.0,0.0,91.68825000000001
pointodyssey,kitti2012|raft|True|False,kitti2012,raft|True|False,94.0246,0.22955897138641235,-0.025268663095374125,0.0,0.0,74.8940525
pointodyssey,kitti2015|catspp|False|False,kitti2015,catspp|False|False,88.7903,0.23790092882687242,-0.043415117034988696,0.0,0.0,77.36368999999999
pointodyssey,kitti2015|catspp|False|True,kitti2015,catspp|False|True,79.9745,0.23790092882687242,-0.04308513977370132,0.0,0.0,79.08607
pointodyssey,kitti2015|catspp|True|False,kitti2015,catspp|True|False,97.4319,0.23790092882687242,-0.006653633389651555,0.0,0.0,94.92004499999999
pointodyssey,kitti2015|catspp|True|True,kitti2015,catspp|True|True,97.817,0.23790092882687242,-0.0063256125621159,0.0,0.0,94.54942
pointodyssey,kitti2015|glunet|False|False,kitti2015,glunet|False|False,93.5085,0.23790092882687242,-0.044479331902675924,0.0,0.0,81.07683
pointodyssey,kitti2015|glunet|False|True,kitti2015,glunet|False|True,84.862,0.23790092882687242,-0.04134322711974663,0.0,0.0,77.99336000000001
pointodyssey,kitti2015|glunet|True|False,kitti2015,glunet|True|False,97.7086,0.23790092882687242,-0.0396158311872322,0.0,0.0,85.86514
pointodyssey,kitti2015|glunet|True|True,kitti2015,glunet|True|True,94.9408,0.23790092882687242,-0.02677016699159274,0.0,0.0,89.28535
pointodyssey,kitti2015|raft|True|False,kitti2015,raft|True|False,90.2207,0.23790092882687242,-0.05439879560159685,0.0,0.0,72.60632625
pointodyssey,pfpascal|catspp|False|False,pfpascal,catspp|False|False,14.1789,0.17346131769111992,-0.006815745304899986,0.0,0.0,11.52209
pointodyssey,pfpascal|catspp|False|True,pfpascal,catspp|False|True,7.8772,0.17346131769111992,-0.007397795954924677,0.0,0.0,12.30621
pointodyssey,pfpascal|catspp|True|False,pfpascal,catspp|True|False,48.3555,0.17346131769111992,-0.008396265044821178,0.0,0.0,43.12889
pointodyssey,pfpascal|catspp|True|True,pfpascal,catspp|True|True,47.1207,0.17346131769111992,-0.008169446793952283,0.0,0.0,46.113144999999996
pointodyssey,pfpascal|glunet|False|False,pfpascal,glunet|False|False,11.2521,0.17346131769111992,-0.007528071237822921,0.0,0.0,11.81948
pointodyssey,pfpascal|glunet|False|True,pfpascal,glunet|False|True,12.3527,0.17346131769111992,-0.006507055060210551,0.0,0.0,11.55331
pointodyssey,pfpascal|glunet|True|False,pfpascal,glunet|True|False,34.1953,0.17346131769111992,-0.015100474050450029,0.0,0.0,25.08071
pointodyssey,pfpascal|glunet|True|True,pfpascal,glunet|True|True,42.0709,0.17346131769111992,-0.014480465691444537,0.0,0.0,30.347820000000002
pointodyssey,pfpascal|raft|True|False,pfpascal,raft|True|False,7.6938,0.17346131769111992,-0.005865199461169188,0.0,0.0,12.133623750000002
pointodyssey,pfwillow|catspp|False|False,pfwillow,catspp|False|False,11.9667,0.18181106019896373,0.0019304938021847242,0.0,0.0,14.25555
pointodyssey,pfwillow|catspp|False|True,pfwillow,catspp|False|True,11.5778,0.18181106019896373,0.002006726029162526,0.0,0.0,14.704995
pointodyssey,pfwillow|catspp|True|False,pfwillow,catspp|True|False,52.3889,0.18181106019896373,0.002121260583043164,0.0,0.0,46.20389
pointodyssey,pfwillow|catspp|True|True,pfwillow,catspp|True|True,38.0222,0.18181106019896373,0.001957226010435938,0.0,0.0,49.82555
pointodyssey,pfwillow|glunet|False|False,pfwillow,glunet|False|False,13.8,0.18181106019896373,0.0019017934483555902,0.0,0.0,15.64709
pointodyssey,pfwillow|glunet|False|True,pfwillow,glunet|False|True,7.7889,0.18181106019896373,0.001630518726815525,0.0,0.0,14.62682
pointodyssey,pfwillow|glunet|True|False,pfwillow,glunet|True|False,29.116,0.18181106019896373,0.004789821988999309,0.0,0.0,29.16049
pointodyssey,pfwillow|glunet|True|True,pfwillow,glunet|True|True,34.1444,0.18181106019896373,0.004561277692763208,0.0,0.0,34.10537
pointodyssey,pfwillow|raft|True|False,pfwillow,raft|True|False,17.8333,0.18181106019896373,0.0017046943676622933,0.0,0.0,14.56871625
pointodyssey,pointodyssey|catspp|False|False,pointodyssey,catspp|False|False,51.33235,0.46929780971252605,-0.042988155485759835,0.0,0.0,43.96338
pointodyssey,pointodyssey|catspp|False|True,pointodyssey,catspp|False|True,17.5356,0.46929780971252605,-0.04390047099967941,0.0,0.0,54.359140000000004
pointodyssey,pointodyssey|catspp|True|False,pointodyssey,catspp|True|False,45.1112,0.46929780971252605,-0.030369967129844647,0.0,0.0,58.77383999999999
pointodyssey,pointodyssey|catspp|True|True,pointodyssey,catspp|True|True,45.8507,0.46929780971252605,-0.03048522131050895,0.0,0.0,59.11609
pointodyssey,pointodyssey|glunet|False|False,pointodyssey,glunet|False|False,66.6921,0.46929780971252605,-0.04792694112004946,0.0,0.0,81.15822
pointodyssey,pointodyssey|glunet|False|True,pointodyssey,glunet|False|True,80.199,0.46929780971252605,-0.0465274533251919,0.0,0.0,74.13135
pointodyssey,pointodyssey|glunet|True|False,pointodyssey,glunet|True|False,92.7503,0.46929780971252605,-0.04256057441602969,0.0,0.0,83.66917
pointodyssey,pointodyssey|glunet|True|True,pointodyssey,glunet|True|True,96.5122,0.46929780971252605,-0.027764026722446676,0.0,0.0,85.53264
pointodyssey,pointodyssey|raft|True|False,pointodyssey,raft|True|False,9.7147,0.46929780971252605,-0.039138972347740573,0.0,0.0,44.70038875
pointodyssey,spair|catspp|False|False,spair,catspp|False|False,3.018,-0.12955526345830481,-0.008060908534479192,0.0,0.0,3.579755
pointodyssey,spair|catspp|False|True,spair,catspp|False|True,2.6465,-0.12955526345830481,-0.00834469971755653,0.0,0.0,3.654475
pointodyssey,spair|catspp|True|False,spair,catspp|True|False,20.8771,-0.12955526345830481,-0.07650290320129029,0.0,0.0,21.27151
pointodyssey,spair|catspp|True|True,spair,catspp|True|True,25.8691,-0.12955526345830481,-0.06821346951014226,0.0,0.0,22.132659999999998
pointodyssey,spair|glunet|False|False,spair,glunet|False|False,2.6759,-0.12955526345830481,-0.010492232472002512,0.0,0.0,2.88911
pointodyssey,spair|glunet|False|True,spair,glunet|False|True,2.9367,-0.12955526345830481,-0.0045923126832778,0.0,0.0,2.54549
pointodyssey,spair|glunet|True|False,spair,glunet|True|False,4.5811,-0.12955526345830481,-0.1494356392930332,0.0,0.0,7.81708
pointodyssey,spair|glunet|True|True,spair,glunet|True|True,5.8067,-0.12955526345830481,-0.10788475054941833,0.0,0.0,9.37965
pointodyssey,spair|raft|True|False,spair,raft|True|False,2.895,-0.12955526345830481,-0.008559685294241783,0.0,0.0,2.75417375
pointodyssey,synthetic|catspp|False|False,synthetic,catspp|False|False,17.907249999999998,-0.4579782408534127,-0.15228556831245948,0.0,0.0,23.253025
pointodyssey,synthetic|catspp|False|True,synthetic,catspp|False|True,18.8784,-0.4579782408534127,-0.1736080224437175,0.0,0.0,24.264325000000003
pointodyssey,synthetic|catspp|True|False,synthetic,catspp|True|False,84.9434,-0.4579782408534127,-0.1316995332107972,0.0,0.0,44.73733
pointodyssey,synthetic|catspp|True|True,synthetic,catspp|True|True,39.1069,-0.4579782408534127,-0.14230701779716015,0.0,0.0,48.29559
pointodyssey,synthetic|glunet|False|False,synthetic,glunet|False|False,16.7571,-0.4579782408534127,-0.114836978131887,0.0,0.0,16.40024
pointodyssey,synthetic|glunet|False|True,synthetic,glunet|False|True,12.7059,-0.4579782408534127,-0.053028911147871796,0.0,0.0,12.26568
pointodyssey,synthetic|glunet|True|False,synthetic,glunet|True|False,32.9391,-0.4579782408534127,-0.21926575644050242,0.0,0.0,28.466769999999997
pointodyssey,synthetic|glunet|True|True,synthetic,glunet|True|True,21.6568,-0.4579782408534127,-0.15800465290679525,0.0,0.0,27.258069999999996
pointodyssey,synthetic|raft|True|False,synthetic,raft|True|False,25.1774,-0.4579782408534127,-0.2217783219811531,0.0,0.0,20.5859625
pointodyssey,tss|catspp|False|False,tss,catspp|False|False,32.3684,0.07596314398035897,-0.09855637110377431,0.0,0.0,24.358245
pointodyssey,tss|catspp|False|True,tss,catspp|False|True,35.3243,0.07596314398035897,-0.10295116932147051,0.0,0.0,24.614655
pointodyssey,tss|catspp|True|False,tss,catspp|True|False,65.8113,0.07596314398035897,-0.0364636977295724,0.0,0.0,63.81613
pointodyssey,tss|catspp|True|True,tss,catspp|True|True,65.1306,0.07596314398035897,-0.03997802677061988,0.0,0.0,64.42384
pointodyssey,tss|glunet|False|False,tss,glunet|False|False,36.1641,0.07596314398035897,-0.1090868127878846,0.0,0.0,25.22046
pointodyssey,tss|glunet|False|True,tss,glunet|False|True,22.0866,0.07596314398035897,-0.0922396404989561,0.0,0.0,23.0922
pointodyssey,tss|glunet|True|False,tss,glunet|True|False,52.1427,0.07596314398035897,-0.192486549526688,0.0,0.0,47.620960000000004
pointodyssey,tss|glunet|True|True,tss,glunet|True|True,34.6233,0.07596314398035897,-0.14320583236384749,0.0,0.0,53.178549999999994
pointodyssey,tss|raft|True|False,tss,raft|True|False,25.936,0.07596314398035897,-0.0833306153967272,0.0,0.0,20.8900875
sintel,flyingthings|catspp|False|False,flyingthings,catspp|False|False,76.3251,-0.34475263189888794,-0.21510489465880037,0.0,0.0,55.625325
sintel,flyingthings|catspp|False|True,flyingthings,catspp|False|True,76.5009,-0.34475263189888794,-0.21371919347141766,0.0,0.0,56.74702
sintel,flyingthings|catspp|True|False,flyingthings,catspp|True|False,81.8483,-0.34475263189888794,-0.06755178993930532,0.0,0.0,79.76458
sintel,flyingthings|catspp|True|True,flyingthings,catspp|True|True,81.6201,-0.34475263189888794,-0.04935109156366248,0.0,0.0,79.92819499999999
sintel,flyingthings|glunet|False|False,flyingthings,glunet|False|False,79.5401,-0.34475263189888794,-0.22296661093370687,0.0,0.0,56.8199
sintel,flyingthings|glunet|False|True,flyingthings,glunet|False|True,57.5697,-0.34475263189888794,-0.20856812778267733,0.0,0.0,51.849199999999996
sintel,flyingthings|glunet|True|False,flyingthings,glunet|True|False,72.0776,-0.34475263189888794,-0.24770439408631578,0.0,0.0,65.28004
sintel,flyingthings|glunet|True|True,flyingthings,glunet|True|True,39.106,-0.34475263189888794,-0.13363510846731663,0.0,0.0,70.37142
sintel,flyingthings|raft|True|False,flyingthings,raft|True|False,63.2297,-0.34475263189888794,-0.284813793581285,0.0,0.0,49.50273
sintel,kitti2012|catspp|False|False,kitti2012,catspp|False|False,10.184,-0.2973094625916658,-0.08660084210104853,0.0,0.0,82.91835
sintel,kitti2012|catspp|False|True,kitti2012,catspp|False|True,94.8248,-0.2973094625916658,-0.20149568962011108,0.0,0.0,76.66946
sintel,kitti2012|catspp|True|False,kitti2012,catspp|True|False,92.9336,-0.2973094625916658,-0.03799767878489901,0.0,0.0,96.0802
sintel,kitti2012|catspp|True|True,kitti2012,catspp|True|True,95.7835,-0.2973094625916658,-0.03645264284963528,0.0,0.0,95.66026000000001
sintel,kitti2012|glunet|False|False,kitti2012,glunet|False|False,83.4869,-0.2973094625916658,-0.2207313964819211,0.0,0.0,86.64974
sintel,kitti2012|glunet|False|True,kitti2012,glunet|False|True,83.8602,-0.2973094625916658,-0.21585551660331528,0.0,0.0,82.8364
sintel,kitti2012|glunet|True|False,kitti2012,glunet|True|False,99.1933,-0.2973094625916658,-0.19797489435324706,0.0,0.0,87.80281
sintel,kitti2012|glunet|True|True,kitti2012,glunet|True|True,98.9758,-0.2973094625916658,-0.1260917963712391,0.0,0.0,91.11008000000001
sintel,kitti2012|raft|True|False,kitti2012,raft|True|False,81.5116,-0.2973094625916658,-0.2809034622987784,0.0,0.0,76.1453525
sintel,kitti2015|catspp|False|False,kitti2015,catspp|False|False,10.8859,-0.30586258535931715,-0.050324050222743166,0.0,0.0,85.15413
sintel,kitti2015|catspp|False|True,kitti2015,catspp|False|True,85.19040000000001,-0.30586258535931715,-0.20005676473216763,0.0,0.0,78.56448
sintel,kitti2015|catspp|True|False,kitti2015,catspp|True|False,94.1351,-0.30586258535931715,-0.03159063746445126,0.0,0.0,95.249725
sintel,kitti2015|catspp|True|True,kitti2015,catspp|True|True,95.0862,-0.30586258535931715,-0.0307408096222068,0.0,0.0,94.8225
sintel,kitti2015|glunet|False|False,kitti2015,glunet|False|False,71.5137,-0.30586258535931715,-0.20760078432394405,0.0,0.0,83.27631
sintel,kitti2015|glunet|False|True,kitti2015,glunet|False|True,84.0249,-0.30586258535931715,-0.1929231026313287,0.0,0.0,78.07707
sintel,kitti2015|glunet|True|False,kitti2015,glunet|True|False,29.7992,-0.30586258535931715,-0.08313385089206889,0.0,0.0,92.65608
sintel,kitti2015|glunet|True|True,kitti2015,glunet|True|True,61.7536,-0.30586258535931715,-0.09491067961076682,0.0,0.0,92.60407000000001
sintel,kitti2015|raft|True|False,kitti2015,raft|True|False,84.9165,-0.30586258535931715,-0.2559593411453123,0.0,0.0,73.13674625
sintel,pfpascal|catspp|False|False,pfpascal,catspp|False|False,3.0238,-0.3665849050175477,-0.042405232990308475,0.0,0.0,12.6376
sintel,pfpascal|catspp|False|True,pfpascal,catspp|False|True,15.5569,-0.3665849050175477,-0.05875865237645682,0.0,0.0,11.538239999999998
sintel,pfpascal|catspp|True|False,pfpascal,catspp|True|False,42.4378,-0.3665849050175477,-0.06869787253926446,0.0,0.0,43.720659999999995
sintel,pfpascal|catspp|True|True,pfpascal,catspp|True|True,38.0521,-0.3665849050175477,-0.05601680459224174,0.0,0.0,47.020005
sintel,pfpascal|glunet|False|False,pfpascal,glunet|False|False,18.1731,-0.3665849050175477,-0.05382140010309021,0.0,0.0,11.127379999999999
sintel,pfpascal|glunet|False|True,pfpascal,glunet|False|True,13.1695,-0.3665849050175477,-0.0510690006329724,0.0,0.0,11.471630000000001
sintel,pfpascal|glunet|True|False,pfpascal,glunet|True|False,30.4384,-0.3665849050175477,-0.12225864964175362,0.0,0.0,25.456400000000002
sintel,pfpascal|glunet|True|True,pfpascal,glunet|True|True,46.4716,-0.3665849050175477,-0.10631089816702301,0.0,0.0,29.90775
sintel,pfpascal|raft|True|False,pfpascal,raft|True|False,11.7703,-0.3665849050175477,-0.04893913843691909,0.0,0.0,11.72597375
sintel,pfwillow|catspp|False|False,pfwillow,catspp|False|False,17.4889,-0.3478491799259301,-0.04466913904217086,0.0,0.0,13.70333
sintel,pfwillow|catspp|False|True,pfwillow,catspp|False|True,18.5333,-0.3478491799259301,-0.04634795136974942,0.0,0.0,14.009445
sintel,pfwillow|catspp|True|False,pfwillow,catspp|True|False,38.0889,-0.3478491799259301,-0.04500649664180235,0.0,0.0,47.633889999999994
sintel,pfwillow|catspp|True|True,pfwillow,catspp|True|True,57.2889,-0.3478491799259301,-0.05104002463389752,0.0,0.0,47.898880000000005
sintel,pfwillow|glunet|False|False,pfwillow,glunet|False|False,16.7914,-0.3478491799259301,-0.045049235085065524,0.0,0.0,15.34795
sintel,pfwillow|glunet|False|True,pfwillow,glunet|False|True,10.5889,-0.3478491799259301,-0.042210901518279574,0.0,0.0,14.34682
sintel,pfwillow|glunet|True|False,pfwillow,glunet|True|False,36.5889,-0.3478491799259301,-0.11038014825081892,0.0,0.0,28.4132
sintel,pfwillow|glunet|True|True,pfwillow,glunet|True|True,27.2457,-0.3478491799259301,-0.10527100932086729,0.0,0.0,34.79524
sintel,pfwillow|raft|True|False,pfwillow,raft|True|False,8.1389,-0.3478491799259301,-0.034884384475527754,0.0,0.0,15.53815625
sintel,pointodyssey|catspp|False|False,pointodyssey,catspp|False|False,17.1954,-0.2868753231333004,-0.17291793363982214,0.0,0.0,47.377075
sintel,pointodyssey|catspp|False|True,pointodyssey,catspp|False|True,80.8951,-0.2868753231333004,-0.1975719250181477,0.0,0.0,48.02319
sintel,pointodyssey|catspp|True|False,pointodyssey,catspp|True|False,54.5198,-0.2868753231333004,-0.1377528029682739,0.0,0.0,57.83298
sintel,pointodyssey|catspp|True|True,pointodyssey,catspp|True|True,59.3461,-0.2868753231333004,-0.13818929256861887,0.0,0.0,57.766549999999995
sintel,pointodyssey|glunet|False|False,pointodyssey,glunet|False|False,85.9719,-0.2868753231333004,-0.21311696029193117,0.0,0.0,79.23024000000001
sintel,pointodyssey|glunet|False|True,pointodyssey,glunet|False|True,80.8978,-0.2868753231333004,-0.20420894819351817,0.0,0.0,74.06147
sintel,pointodyssey|glunet|True|False,pointodyssey,glunet|True|False,91.0513,-0.2868753231333004,-0.18749379341458033,0.0,0.0,83.83906999999999
sintel,pointodyssey|glunet|True|True,pointodyssey,glunet|True|True,96.2978,-0.2868753231333004,-0.122094621853185,0.0,0.0,85.55408
sintel,pointodyssey|raft|True|False,pointodyssey,raft|True|False,64.2839,-0.2868753231333004,-0.18321046901212246,0.0,0.0,39.24346875
sintel,spair|catspp|False|False,spair,catspp|False|False,3.7321,-0.45556398074865156,-0.010828537485517122,0.0,0.0,3.508345
sintel,spair|catspp|False|True,spair,catspp|False|True,4.0341,-0.45556398074865156,-0.012517305284739592,0.0,0.0,3.515715
sintel,spair|catspp|True|False,spair,catspp|True|False,22.7753,-0.45556398074865156,-0.09368272187535126,0.0,0.0,21.081690000000002
sintel,spair|catspp|True|True,spair,catspp|True|True,17.4154,-0.45556398074865156,-0.07735418014853762,0.0,0.0,22.97803
sintel,spair|glunet|False|False,spair,glunet|False|False,3.0311,-0.45556398074865156,-0.013016822303905407,0.0,0.0,2.8535899999999996
sintel,spair|glunet|False|True,spair,glunet|False|True,2.0144,-0.45556398074865156,-0.0040611663050650025,0.0,0.0,2.6377200000000003
sintel,spair|glunet|True|False,spair,glunet|True|False,26.6007,-0.45556398074865156,-0.07319961827842586,0.0,0.0,5.61512
sintel,spair|glunet|True|True,spair,glunet|True|True,14.4483,-0.45556398074865156,-0.12771580137876268,0.0,0.0,8.51549
sintel,spair|raft|True|False,spair,raft|True|False,2.9715,-0.45556398074865156,-0.010492042683674747,0.0,0.0,2.74652375
sintel,synthetic|catspp|False|False,synthetic,catspp|False|False,20.6718,-0.8396069860077499,-0.3900342060176412,0.0,0.0,22.97657
sintel,synthetic|catspp|False|True,synthetic,catspp|False|True,4.077,-0.8396069860077499,-0.39052227491565117,0.0,0.0,25.744465
sintel,synthetic|catspp|True|False,synthetic,catspp|True|False,53.8161,-0.8396069860077499,-0.5137343571100762,0.0,0.0,47.85006
sintel,synthetic|catspp|True|True,synthetic,catspp|True|True,61.0204,-0.8396069860077499,-0.3429792683895662,0.0,0.0,46.10424
sintel,synthetic|glunet|False|False,synthetic,glunet|False|False,14.6555,-0.8396069860077499,-0.291344833417263,0.0,0.0,16.610400000000002
sintel,synthetic|glunet|False|True,synthetic,glunet|False|True,13.3788,-0.8396069860077499,-0.13438887225504062,0.0,0.0,12.19839
sintel,synthetic|glunet|True|False,synthetic,glunet|True|False,26.6724,-0.8396069860077499,-0.5586616544849295,0.0,0.0,29.093439999999998
sintel,synthetic|glunet|True|True,synthetic,glunet|True|True,18.4805,-0.8396069860077499,-0.39551407676946476,0.0,0.0,27.5757
sintel,synthetic|raft|True|False,synthetic,raft|True|False,21.9875,-0.8396069860077499,-0.5655256859842734,0.0,0.0,20.9049525
sintel,tss|catspp|False|False,tss,catspp|False|False,33.0076,-0.4996348753220713,-0.19441994691055173,0.0,0.0,24.294325
sintel,tss|catspp|False|True,tss,catspp|False|True,32.7945,-0.4996348753220713,-0.20929585254994104,0.0,0.0,24.867635
sintel,tss|catspp|True|False,tss,catspp|True|False,60.1788,-0.4996348753220713,-0.06853587872651458,0.0,0.0,64.37938
sintel,tss|catspp|True|True,tss,catspp|True|True,66.7002,-0.4996348753220713,-0.07798425746436234,0.0,0.0,64.26688
sintel,tss|glunet|False|False,tss,glunet|False|False,26.1956,-0.4996348753220713,-0.2271920102910642,0.0,0.0,26.217309999999998
sintel,tss|glunet|False|True,tss,glunet|False|True,27.3178,-0.4996348753220713,-0.18073304457784073,0.0,0.0,22.56908
sintel,tss|glunet|True|False,tss,glunet|True|False,58.8215,-0.4996348753220713,-0.37575686439786804,0.0,0.0,46.95308
sintel,tss|glunet|True|True,tss,glunet|True|True,51.7585,-0.4996348753220713,-0.30725552165928754,0.0,0.0,51.46503
sintel,tss|raft|True|False,tss,raft|True|False,24.4577,-0.4996348753220713,-0.16703130440479216,0.0,0.0,21.0379175
spair,flyingthings|catspp|False|False,flyingthings,catspp|False|False,64.4318,-0.09175100414927394,-0.042038932743748626,0.0,0.0,56.814655
spair,flyingthings|catspp|False|True,flyingthings,catspp|False|True,72.1858,-0.09175100414927394,-0.040755306329369384,0.0,0.0,57.17853
spair,flyingthings|catspp|True|False,flyingthings,catspp|True|False,77.7052,-0.09175100414927394,-0.012583195449341883,0.0,0.0,80.17889
spair,flyingthings|catspp|True|True,flyingthings,catspp|True|True,77.9071,-0.09175100414927394,-0.009149444840234795,0.0,0.0,80.29949500000001
spair,flyingthings|glunet|False|False,flyingthings,glunet|False|False,64.4604,-0.09175100414927394,-0.04395866867787781,0.0,0.0,58.32787
spair,flyingthings|glunet|False|True,flyingthings,glunet|False|True,56.8539,-0.09175100414927394,-0.03898650542306697,0.0,0.0,51.92078
spair,flyingthings|glunet|True|False,flyingthings,glunet|True|False,70.575,-0.09175100414927394,-0.046337578678649606,0.0,0.0,65.4303
spair,flyingthings|glunet|True|True,flyingthings,glunet|True|True,69.7732,-0.09175100414927394,-0.03204825956126293,0.0,0.0,67.3047
spair,flyingthings|raft|True|False,flyingthings,raft|True|False,4.28145,-0.09175100414927394,-0.04264063711393477,0.0,0.0,55.397555
spair,kitti2012|catspp|False|False,kitti2012,catspp|False|False,76.4616,-0.27798749488162766,-0.43167472516715016,0.0,0.0,76.29059
spair,kitti2012|catspp|False|True,kitti2012,catspp|False|True,77.1277,-0.27798749488162766,-0.42260484863851033,0.0,0.0,78.43917
spair,kitti2012|catspp|True|False,kitti2012,catspp|True|False,83.7234,-0.27798749488162766,-0.03361225915830907,0.0,0.0,97.00122
spair,kitti2012|catspp|True|True,kitti2012,catspp|True|True,95.9432,-0.27798749488162766,-0.07435243733463347,0.0,0.0,95.64429
spair,kitti2012|glunet|False|False,kitti2012,glunet|False|False,95.5502,-0.27798749488162766,-0.4473040938409484,0.0,0.0,85.44341
spair,kitti2012|glunet|False|True,kitti2012,glunet|False|True,98.3756,-0.27798749488162766,-0.43068378896588133,0.0,0.0,81.38486
spair,kitti2012|glunet|True|False,kitti2012,glunet|True|False,98.4939,-0.27798749488162766,-0.40450298532414675,0.0,0.0,87.87275
spair,kitti2012|glunet|True|True,kitti2012,glunet|True|True,54.1912,-0.27798749488162766,-0.13316778508713434,0.0,0.0,95.58854
spair,kitti2012|raft|True|False,kitti2012,raft|True|False,87.91614999999999,-0.27798749488162766,-0.5698580431164506,0.0,0.0,75.5048975
spair,kitti2015|catspp|False|False,kitti2015,catspp|False|False,84.7086,-0.28232511209367955,-0.4425640140673386,0.0,0.0,77.77185999999999
spair,kitti2015|catspp|False|True,kitti2015,catspp|False|True,78.5201,-0.28232511209367955,-0.4360905821956136,0.0,0.0,79.23151
spair,kitti2015|catspp|True|False,kitti2015,catspp|True|False,96.7896,-0.28232511209367955,-0.06810126356771684,0.0,0.0,94.984275
spair,kitti2015|catspp|True|True,kitti2015,catspp|True|True,95.5148,-0.28232511209367955,-0.06663342871107321,0.0,0.0,94.77964
spair,kitti2015|glunet|False|False,kitti2015,glunet|False|False,90.6756,-0.28232511209367955,-0.45271549557823654,0.0,0.0,81.36012000000001
spair,kitti2015|glunet|False|True,kitti2015,glunet|False|True,86.9497,-0.28232511209367955,-0.41696655273013017,0.0,0.0,77.78459000000001
spair,kitti2015|glunet|True|False,kitti2015,glunet|True|False,95.0838,-0.28232511209367955,-0.4034767850135527,0.0,0.0,86.12762000000001
spair,kitti2015|glunet|True|True,kitti2015,glunet|True|True,97.4108,-0.28232511209367955,-0.2685738432205176,0.0,0.0,89.03835000000001
spair,kitti2015|raft|True|False,kitti2015,raft|True|False,70.4775,-0.28232511209367955,-0.5594808355296892,0.0,0.0,74.58064625
spair,pfpascal|catspp|False|False,pfpascal,catspp|False|False,10.5271,0.4744525261188848,0.2824762947533949,0.0,0.0,11.88727
spair,pfpascal|catspp|False|True,pfpascal,catspp|False|True,10.9336,0.4744525261188848,0.31348020141865,0.0,0.0,12.00057
spair,pfpascal|catspp|True|False,pfpascal,catspp|True|False,49.2406,0.4744525261188848,0.3383952796431319,0.0,0.0,43.04038
spair,pfpascal|catspp|True|True,pfpascal,catspp|True|True,45.84245,0.4744525261188848,0.33517966866089216,0.0,0.0,46.24097
spair,pfpascal|glunet|False|False,pfpascal,glunet|False|False,8.3855,0.4744525261188848,0.3007849430171154,0.0,0.0,12.10614
spair,pfpascal|glunet|False|True,pfpascal,glunet|False|True,5.604,0.4744525261188848,0.23693475104898473,0.0,0.0,12.22818
spair,pfpascal|glunet|True|False,pfpascal,glunet|True|False,5.8954,0.4744525261188848,0.49395054770963115,0.0,0.0,27.910700000000002
spair,pfpascal|glunet|True|True,pfpascal,glunet|True|True,33.9699,0.4744525261188848,0.6299341649744546,0.0,0.0,31.15792
spair,pfpascal|raft|True|False,pfpascal,raft|True|False,14.4373,0.4744525261188848,0.24799966008791938,0.0,0.0,11.45927375
spair,pfwillow|catspp|False|False,pfwillow,catspp|False|False,19.4444,-0.2360774962077899,-0.0764239636321952,0.0,0.0,13.50778
spair,pfwillow|catspp|False|True,pfwillow,catspp|False|True,5.5667,-0.2360774962077899,-0.06891457012502883,0.0,0.0,15.306104999999999
spair,pfwillow|catspp|True|False,pfwillow,catspp|True|False,44.0889,-0.2360774962077899,-0.09488882500206944,0.0,0.0,47.03389
spair,pfwillow|catspp|True|True,pfwillow,catspp|True|True,48.9333,-0.2360774962077899,-0.10511589454314388,0.0,0.0,48.73444
spair,pfwillow|glunet|False|False,pfwillow,glunet|False|False,21.063,-0.2360774962077899,-0.07425723842076745,0.0,0.0,14.92079
spair,pfwillow|glunet|False|True,pfwillow,glunet|False|True,16.9778,-0.2360774962077899,-0.07662305582683757,0.0,0.0,13.70793
spair,pfwillow|glunet|True|False,pfwillow,glunet|True|False,10.1,-0.2360774962077899,-0.16852511937062176,0.0,0.0,31.06209
spair,pfwillow|glunet|True|True,pfwillow,glunet|True|True,48.458,-0.2360774962077899,-0.17373739065644433,0.0,0.0,32.674009999999996
spair,pfwillow|raft|True|False,pfwillow,raft|True|False,16.6614,-0.2360774962077899,-0.07381414171143165,0.0,0.0,14.685906249999999
spair,pointodyssey|catspp|False|False,pointodyssey,catspp|False|False,34.7757,-0.1280642928102324,-0.14944823060167467,0.0,0.0,45.619045
spair,pointodyssey|catspp|False|True,pointodyssey,catspp|False|True,84.993,-0.1280642928102324,-0.15296453131730456,0.0,0.0,47.6134
spair,pointodyssey|catspp|True|False,pointodyssey,catspp|True|False,72.7112,-0.1280642928102324,-0.10435274539265291,0.0,0.0,56.01384
spair,pointodyssey|catspp|True|True,pointodyssey,catspp|True|True,73.2754,-0.1280642928102324,-0.1044053654436363,0.0,0.0,56.37362
spair,pointodyssey|glunet|False|False,pointodyssey,glunet|False|False,92.1122,-0.1280642928102324,-0.16796430864853032,0.0,0.0,78.61621
spair,pointodyssey|glunet|False|True,pointodyssey,glunet|False|True,78.4489,-0.1280642928102324,-0.1629824800458308,0.0,0.0,74.30636
spair,pointodyssey|glunet|True|False,pointodyssey,glunet|True|False,96.5284,-0.1280642928102324,-0.14751885837215054,0.0,0.0,83.29136
spair,pointodyssey|glunet|True|True,pointodyssey,glunet|True|True,61.2703,-0.1280642928102324,-0.08157248624141841,0.0,0.0,89.05683
spair,pointodyssey|raft|True|False,pointodyssey,raft|True|False,34.6076,-0.1280642928102324,-0.15396098492528273,0.0,0.0,42.211098750000005
spair,spair|catspp|False|False,spair,catspp|False|False,3.3223,7.966829375577759,0.24052494824515977,0.0,0.0,3.5493249999999996
spair,spair|catspp|False|True,spair,catspp|False|True,3.32435,7.966829375577759,0.28980487372812536,0.0,0.0,3.58669
spair,spair|catspp|True|False,spair,catspp|True|False,22.5826,7.966829375577759,2.087115418535329,0.0,0.0,21.10096
spair,spair|catspp|True|True,spair,catspp|True|True,27.9373,7.966829375577759,1.668153506339196,0.0,0.0,21.92584
spair,spair|glunet|False|False,spair,glunet|False|False,3.0334,7.966829375577759,0.28920157242466826,0.0,0.0,2.85336
spair,spair|glunet|False|True,spair,glunet|False|True,2.4731,7.966829375577759,0.14331557788112165,0.0,0.0,2.59185
spair,spair|glunet|True|False,spair,glunet|True|False,6.6514,7.966829375577759,4.146615397585944,0.0,0.0,7.610049999999999
spair,spair|glunet|True|True,spair,glunet|True|True,8.153,7.966829375577759,3.03102157844851,0.0,0.0,9.145019999999999
spair,spair|raft|True|False,spair,raft|True|False,3.0927,7.966829375577759,0.22756135604490918,0.0,0.0,2.73440375
spair,synthetic|catspp|False|False,synthetic,catspp|False|False,22.7542,-0.9026055405449793,-0.8586929679188718,0.0,0.0,22.76833
spair,synthetic|catspp|False|True,synthetic,catspp|False|True,48.6509,-0.9026055405449793,-0.7792069442661438,0.0,0.0,21.287074999999998
spair,synthetic|catspp|True|False,synthetic,catspp|True|False,40.9952,-0.9026055405449793,-1.1228309261321667,0.0,0.0,49.13215
spair,synthetic|catspp|True|True,synthetic,catspp|True|True,43.3481,-0.9026055405449793,-0.8136267605575678,0.0,0.0,47.87147
spair,synthetic|glunet|False|False,synthetic,glunet|False|False,27.0582,-0.9026055405449793,-0.5902916187854377,0.0,0.0,15.37013
spair,synthetic|glunet|False|True,synthetic,glunet|False|True,16.1312,-0.9026055405449793,-0.2822718245786465,0.0,0.0,11.923150000000001
spair,synthetic|glunet|True|False,synthetic,glunet|True|False,25.8011,-0.9026055405449793,-1.2268329472179156,0.0,0.0,29.18057
spair,synthetic|glunet|True|True,synthetic,glunet|True|True,25.2246,-0.9026055405449793,-0.8903680123357446,0.0,0.0,26.90129
spair,synthetic|raft|True|False,synthetic,raft|True|False,10.7984,-0.9026055405449793,-1.2194515261213115,0.0,0.0,22.0238625
spair,tss|catspp|False|False,tss,catspp|False|False,33.5001,7.727093863127376,5.547286057652427,0.0,0.0,24.245075
spair,tss|catspp|False|True,tss,catspp|False|True,37.3118,7.727093863127376,5.715049122982359,0.0,0.0,24.415905000000002
spair,tss|catspp|True|False,tss,catspp|True|False,67.8898,7.727093863127376,1.9598471025131503,0.0,0.0,63.60828
spair,tss|catspp|True|True,tss,catspp|True|True,55.6517,7.727093863127376,1.4561196330825876,0.0,0.0,65.37173
spair,tss|glunet|False|False,tss,glunet|False|False,41.4764,7.727093863127376,5.769175591168165,0.0,0.0,24.68923
spair,tss|glunet|False|True,tss,glunet|False|True,5.6742,7.727093863127376,3.972329023592225,0.0,0.0,24.73344
spair,tss|glunet|True|False,tss,glunet|True|False,61.47,7.727093863127376,10.658452001815968,0.0,0.0,46.68823
spair,tss|glunet|True|True,tss,glunet|True|True,50.4683,7.727093863127376,8.809590148821089,0.0,0.0,51.59405
spair,tss|raft|True|False,tss,raft|True|False,18.9126,7.727093863127376,4.805590774016381,0.0,0.0,21.5924275
synthetic,flyingthings|catspp|False|False,flyingthings,catspp|False|False,3.3861,0.34695732326498696,0.16944768270087449,0.0,0.0,62.919225000000004
synthetic,flyingthings|catspp|False|True,flyingthings,catspp|False|True,69.0867,0.34695732326498696,0.3931891531117956,0.0,0.0,57.488440000000004
synthetic,flyingthings|catspp|True|False,flyingthings,catspp|True|False,78.9297,0.34695732326498696,0.12080306274629148,0.0,0.0,80.05644
synthetic,flyingthings|catspp|True|True,flyingthings,catspp|True|True,79.22595,0.34695732326498696,0.08832681853690619,0.0,0.0,80.16761
synthetic,flyingthings|glunet|False|False,flyingthings,glunet|False|False,71.3364,0.34695732326498696,0.412520075366689,0.0,0.0,57.64027
synthetic,flyingthings|glunet|False|True,flyingthings,glunet|False|True,57.9755,0.34695732326498696,0.3712212854684031,0.0,0.0,51.80862
synthetic,flyingthings|glunet|True|False,flyingthings,glunet|True|False,75.9953,0.34695732326498696,0.4378733247290402,0.0,0.0,64.88827
synthetic,flyingthings|glunet|True|True,flyingthings,glunet|True|True,62.7767,0.34695732326498696,0.3044119024572695,0.0,0.0,68.00435
synthetic,flyingthings|raft|True|False,flyingthings,raft|True|False,54.9845,0.34695732326498696,0.5134878229238621,0.0,0.0,50.32725000000001
synthetic,kitti2012|catspp|False|False,kitti2012,catspp|False|False,87.0735,0.6268219175637356,0.9254374977874359,0.0,0.0,75.2294
synthetic,kitti2012|catspp|False|True,kitti2012,catspp|False|True,94.1642,0.6268219175637356,0.8931538863253173,0.0,0.0,76.73552
synthetic,kitti2012|catspp|True|False,kitti2012,catspp|True|False,98.6145,0.6268219175637356,0.16816590763525446,0.0,0.0,95.51210999999999
synthetic,kitti2012|catspp|True|True,kitti2012,catspp|True|True,84.0079,0.6268219175637356,0.057522364448074084,0.0,0.0,96.83782
synthetic,kitti2012|glunet|False|False,kitti2012,glunet|False|False,96.5983,0.6268219175637356,0.9679529526818603,0.0,0.0,85.3386
synthetic,kitti2012|glunet|False|True,kitti2012,glunet|False|True,91.3276,0.6268219175637356,0.9485625398364522,0.0,0.0,82.08966000000001
synthetic,kitti2012|glunet|True|False,kitti2012,glunet|True|False,78.7366,0.6268219175637356,0.8760785520335433,0.0,0.0,89.84848
synthetic,kitti2012|glunet|True|True,kitti2012,glunet|True|True,98.8084,0.6268219175637356,0.5580209270623749,0.0,0.0,91.12682
synthetic,kitti2012|raft|True|False,kitti2012,raft|True|False,98.2173,0.6268219175637356,1.2123227001916563,0.0,0.0,74.47478249999999
synthetic,kitti2015|catspp|False|False,kitti2015,catspp|False|False,85.69685,0.6445986198079104,0.9294974241519789,0.0,0.0,77.673035
synthetic,kitti2015|catspp|False|True,kitti2015,catspp|False|True,89.3623,0.6445986198079104,0.9069650470808329,0.0,0.0,78.14729
synthetic,kitti2015|catspp|True|False,kitti2015,catspp|True|False,96.8068,0.6445986198079104,0.1431945348110196,0.0,0.0,94.982555
synthetic,kitti2015|catspp|True|True,kitti2015,catspp|True|True,93.2336,0.6445986198079104,0.13875208503290667,0.0,0.0,95.00776
synthetic,kitti2015|glunet|False|False,kitti2015,glunet|False|False,89.7925,0.6445986198079104,0.9534882513143875,0.0,0.0,81.44843
synthetic,kitti2015|glunet|False|True,kitti2015,glunet|False|True,14.6026,0.6445986198079104,0.20917639058574078,0.0,0.0,85.0193
synthetic,kitti2015|glunet|True|False,kitti2015,glunet|True|False,65.3127,0.6445986198079104,0.804868446250224,0.0,0.0,89.10472999999999
synthetic,kitti2015|glunet|True|True,kitti2015,glunet|True|True,97.2046,0.6445986198079104,0.5653563066230869,0.0,0.0,89.05897
synthetic,kitti2015|raft|True|False,kitti2015,raft|True|False,18.0252125,0.6445986198079104,0.9048877423187868,0.0,0.0,79.825875
synthetic,pfpascal|catspp|False|False,pfpascal,catspp|False|False,5.3233,0.5122339221319965,0.13218769163956173,0.0,0.0,12.40765
synthetic,pfpascal|catspp|False|True,pfpascal,catspp|False|True,14.3443,0.5122339221319965,0.16321641789263433,0.0,0.0,11.6595
synthetic,pfpascal|catspp|True|False,pfpascal,catspp|True|False,34.8945,0.5122339221319965,0.16312981966770923,0.0,0.0,44.474990000000005
synthetic,pfpascal|catspp|True|True,pfpascal,catspp|True|True,50.7447,0.5122339221319965,0.16954842000632692,0.0,0.0,45.750745
synthetic,pfpascal|glunet|False|False,pfpascal,glunet|False|False,20.2654,0.5122339221319965,0.13423583756812063,0.0,0.0,10.91815
synthetic,pfpascal|glunet|False|True,pfpascal,glunet|False|True,3.5234,0.5122339221319965,0.11020424653409938,0.0,0.0,12.436240000000002
synthetic,pfpascal|glunet|True|False,pfpascal,glunet|True|False,21.5232,0.5122339221319965,0.33432145354028114,0.0,0.0,26.34792
synthetic,pfpascal|glunet|True|True,pfpascal,glunet|True|True,19.3452,0.5122339221319965,0.30626647514759475,0.0,0.0,32.62039
synthetic,pfpascal|raft|True|False,pfpascal,raft|True|False,11.9889,0.5122339221319965,0.1337093508590379,0.0,0.0,11.704113750000001
synthetic,pfwillow|catspp|False|False,pfwillow,catspp|False|False,11.4111,0.42959346577596547,0.11548198008167115,0.0,0.0,14.31111
synthetic,pfwillow|catspp|False|True,pfwillow,catspp|False|True,15.1333,0.42959346577596547,0.12312845279021624,0.0,0.0,14.349445
synthetic,pfwillow|catspp|True|False,pfwillow,catspp|True|False,40.8778,0.42959346577596547,0.12692396427689262,0.0,0.0,47.355000000000004
synthetic,pfwillow|catspp|True|True,pfwillow,catspp|True|True,40.1,0.42959346577596547,0.1296409398084255,0.0,0.0,49.61777
synthetic,pfwillow|glunet|False|False,pfwillow,glunet|False|False,16.2466,0.42959346577596547,0.11526844310965183,0.0,0.0,15.402429999999999
synthetic,pfwillow|glunet|False|True,pfwillow,glunet|False|True,16.3506,0.42959346577596547,0.1097202205679618,0.0,0.0,13.77065
synthetic,pfwillow|glunet|True|False,pfwillow,glunet|True|False,49.2827,0.42959346577596547,0.23248272449187446,0.0,0.0,27.143819999999998
synthetic,pfwillow|glunet|True|True,pfwillow,glunet|True|True,31.6222,0.42959346577596547,0.27396952054876283,0.0,0.0,34.35759
synthetic,pfwillow|raft|True|False,pfwillow,raft|True|False,18.25555,0.42959346577596547,0.1017477591127509,0.0,0.0,14.526491250000001
synthetic,pointodyssey|catspp|False|False,pointodyssey,catspp|False|False,3.4912,0.4830571211054245,0.5308679711755836,0.0,0.0,48.747495
synthetic,pointodyssey|catspp|False|True,pointodyssey,catspp|False|True,43.8201,0.4830571211054245,0.762060876423612,0.0,0.0,51.73069
synthetic,pointodyssey|catspp|True|False,pointodyssey,catspp|True|False,53.0839,0.4830571211054245,0.4890040900270556,0.0,0.0,57.97657
synthetic,pointodyssey|catspp|True|True,pointodyssey,catspp|True|True,41.4359,0.4830571211054245,0.46264101262710494,0.0,0.0,59.55757
synthetic,pointodyssey|glunet|False|False,pointodyssey,glunet|False|False,85.5722,0.4830571211054245,0.7585999392921087,0.0,0.0,79.27020999999999
synthetic,pointodyssey|glunet|False|True,pointodyssey,glunet|False|True,5.4396,0.4830571211054245,0.19627166702198304,0.0,0.0,81.60729
synthetic,pointodyssey|glunet|True|False,pointodyssey,glunet|True|False,25.0551,0.4830571211054245,0.29309023146444335,0.0,0.0,90.43869
synthetic,pointodyssey|glunet|True|True,pointodyssey,glunet|True|True,95.8802,0.4830571211054245,0.4353618551067346,0.0,0.0,85.59584
synthetic,pointodyssey|raft|True|False,pointodyssey,raft|True|False,58.56285,0.4830571211054245,0.6696036048658892,0.0,0.0,39.81557375
synthetic,spair|catspp|False|False,spair,catspp|False|False,3.1626,0.4423529899117997,0.007101179318112332,0.0,0.0,3.565295
synthetic,spair|catspp|False|True,spair,catspp|False|True,3.6918,0.4423529899117997,0.008924928434834242,0.0,0.0,3.549945
synthetic,spair|catspp|True|False,spair,catspp|True|False,22.4135,0.4423529899117997,0.06379220752705914,0.0,0.0,21.11787
synthetic,spair|catspp|True|True,spair,catspp|True|True,23.1718,0.4423529899117997,0.060699897759226025,0.0,0.0,22.40239
synthetic,spair|glunet|False|False,spair,glunet|False|False,3.3198,0.4423529899117997,0.00844257667561799,0.0,0.0,2.82472
synthetic,spair|glunet|False|True,spair,glunet|False|True,2.7843,0.4423529899117997,0.004243533895518396,0.0,0.0,2.5607300000000004
synthetic,spair|glunet|True|False,spair,glunet|True|False,2.3566,0.4423529899117997,0.12261211531457446,0.0,0.0,8.039530000000001
synthetic,spair|glunet|True|True,spair,glunet|True|True,5.0597,0.4423529899117997,0.08935569251964529,0.0,0.0,9.45435
synthetic,spair|raft|True|False,spair,raft|True|False,3.3421000000000003,0.4423529899117997,0.006309782103038507,0.0,0.0,2.7094637500000003
synthetic,synthetic|catspp|False|False,synthetic,catspp|False|False,22.1053,-0.6406776031689327,-0.7187034131482436,0.0,0.0,22.83322
synthetic,synthetic|catspp|False|True,synthetic,catspp|False|True,22.0954,-0.6406776031689327,-0.8171772016671944,0.0,0.0,23.942625
synthetic,synthetic|catspp|True|False,synthetic,catspp|True|False,63.3596,-0.6406776031689327,-0.9038186885066531,0.0,0.0,46.895709999999994
synthetic,synthetic|catspp|True|True,synthetic,catspp|True|True,60.9373,-0.6406776031689327,-0.6317449090413313,0.0,0.0,46.11255
synthetic,synthetic|glunet|False|False,synthetic,glunet|False|False,23.9947,-0.6406776031689327,-0.5158405860421229,0.0,0.0,15.676480000000002
synthetic,synthetic|glunet|False|True,synthetic,glunet|False|True,15.7001,-0.6406776031689327,-0.23887002881267813,0.0,0.0,11.96626
synthetic,synthetic|glunet|True|False,synthetic,glunet|True|False,71.1258,-0.6406776031689327,-0.5968314950583632,0.0,0.0,24.6481
synthetic,synthetic|glunet|True|True,synthetic,glunet|True|True,27.769,-0.6406776031689327,-0.7456771789995514,0.0,0.0,26.64685
synthetic,synthetic|raft|True|False,synthetic,raft|True|False,51.426,-0.6406776031689327,-0.8479258609736532,0.0,0.0,17.9611025
synthetic,tss|catspp|False|False,tss,catspp|False|False,11.4546,0.426671564504115,0.21889911871420037,0.0,0.0,26.449625000000005
synthetic,tss|catspp|False|True,tss,catspp|False|True,38.3962,0.426671564504115,0.24025915592806008,0.0,0.0,24.307465
synthetic,tss|catspp|True|False,tss,catspp|True|False,66.0565,0.426671564504115,0.0883041930980831,0.0,0.0,63.791610000000006
synthetic,tss|catspp|True|True,tss,catspp|True|True,65.6689,0.426671564504115,0.09687422862024844,0.0,0.0,64.37001000000001
synthetic,tss|glunet|False|False,tss,glunet|False|False,23.8706,0.426671564504115,0.2777053558187296,0.0,0.0,26.449810000000003
synthetic,tss|glunet|False|True,tss,glunet|False|True,14.6164,0.426671564504115,0.2129326785043232,0.0,0.0,23.83922
synthetic,tss|glunet|True|False,tss,glunet|True|False,16.9644,0.426671564504115,0.3886110303304257,0.0,0.0,51.13879
synthetic,tss|glunet|True|True,tss,glunet|True|True,43.3458,0.426671564504115,0.37014909857260553,0.0,0.0,52.3063
synthetic,tss|raft|True|False,tss,raft|True|False,24.11475,0.426671564504115,0.20504465108821085,0.0,0.0,21.0722125
synthetic_2d_warp,flyingthings|catspp|False|False,flyingthings,catspp|False|False,66.7727,0.0766897710973891,0.07647175848040065,0.0,0.0,56.580565
synthetic_2d_warp,flyingthings|catspp|False|True,flyingthings,catspp|False|True,50.8063,0.0766897710973891,0.07595492546195072,0.0,0.0,59.31648
synthetic_2d_warp,flyingthings|catspp|True|False,flyingthings,catspp|True|False,83.7548,0.0766897710973891,0.022667966976065282,0.0,0.0,79.57392999999999
synthetic_2d_warp,flyingthings|catspp|True|True,flyingthings,catspp|True|True,79.9519,0.0766897710973891,0.01696985928161724,0.0,0.0,80.095015
synthetic_2d_warp,flyingthings|glunet|False|False,flyingthings,glunet|False|False,63.9418,0.0766897710973891,0.0804572480443608,0.0,0.0,58.379729999999995
synthetic_2d_warp,flyingthings|glunet|False|True,flyingthings,glunet|False|True,72.9905,0.0766897710973891,0.06634455864354699,0.0,0.0,50.307120000000005
synthetic_2d_warp,flyingthings|glunet|True|False,flyingthings,glunet|True|False,81.6246,0.0766897710973891,0.08247799583437027,0.0,0.0,64.32534000000001
synthetic_2d_warp,flyingthings|glunet|True|True,flyingthings,glunet|True|True,81.4831,0.0766897710973891,0.055821752094704594,0.0,0.0,66.13371
synthetic_2d_warp,flyingthings|raft|True|False,flyingthings,raft|True|False,63.0829,0.0766897710973891,0.09729203894415518,0.0,0.0,49.51741
synthetic_2d_warp,kitti2012|catspp|False|False,kitti2012,catspp|False|False,86.277,0.0006983574811153105,0.05604191003584967,0.0,0.0,75.30905
synthetic_2d_warp,kitti2012|catspp|False|True,kitti2012,catspp|False|True,71.5744,0.0006983574811153105,0.05514799712390015,0.0,0.0,78.9945
synthetic_2d_warp,kitti2012|catspp|True|False,kitti2012,catspp|True|False,98.7949,0.0006983574811153105,0.010135793157380871,0.0,0.0,95.49407
synthetic_2d_warp,kitti2012|catspp|True|True,kitti2012,catspp|True|True,98.1215,0.0006983574811153105,0.009558203217983778,0.0,0.0,95.42645999999999
synthetic_2d_warp,kitti2012|glunet|False|False,kitti2012,glunet|False|False,95.0148,0.0006983574811153105,0.05867805544511977,0.0,0.0,85.49695
synthetic_2d_warp,kitti2012|glunet|False|True,kitti2012,glunet|False|True,83.3858,0.0006983574811153105,0.05772264359497864,0.0,0.0,82.88383999999999
synthetic_2d_warp,kitti2012|glunet|True|False,kitti2012,glunet|True|False,98.9943,0.0006983574811153105,0.05296143422271504,0.0,0.0,87.82271
synthetic_2d_warp,kitti2012|glunet|True|True,kitti2012,glunet|True|True,99.0835,0.0006983574811153105,0.03370256749093256,0.0,0.0,91.09931
synthetic_2d_warp,kitti2012|raft|True|False,kitti2012,raft|True|False,12.1716,0.0006983574811153105,0.055888808572778476,0.0,0.0,83.0793525
synthetic_2d_warp,kitti2015|catspp|False|False,kitti2015,catspp|False|False,90.7618,-0.011477564212091717,0.0634093766771662,0.0,0.0,77.16654
synthetic_2d_warp,kitti2015|catspp|False|True,kitti2015,catspp|False|True,88.9381,-0.011477564212091717,0.06258207810681213,0.0,0.0,78.18971
synthetic_2d_warp,kitti2015|catspp|True|False,kitti2015,catspp|True|False,95.30515,-0.011477564212091717,0.009988943827834542,0.0,0.0,95.13271999999999
synthetic_2d_warp,kitti2015|catspp|True|True,kitti2015,catspp|True|True,95.7013,-0.011477564212091717,0.009648563402629361,0.0,0.0,94.76099
synthetic_2d_warp,kitti2015|glunet|False|False,kitti2015,glunet|False|False,85.4709,-0.011477564212091717,0.06603581954253275,0.0,0.0,81.88059000000001
synthetic_2d_warp,kitti2015|glunet|False|True,kitti2015,glunet|False|True,80.8596,-0.011477564212091717,0.06090978474158425,0.0,0.0,78.3936
synthetic_2d_warp,kitti2015|glunet|True|False,kitti2015,glunet|True|False,91.9963,-0.011477564212091717,0.05879713076105867,0.0,0.0,86.43637
synthetic_2d_warp,kitti2015|glunet|True|True,kitti2015,glunet|True|True,61.2326,-0.011477564212091717,0.02945615587993488,0.0,0.0,92.65617
synthetic_2d_warp,kitti2015|raft|True|False,kitti2015,raft|True|False,89.93475000000001,-0.011477564212091717,0.07987829111848772,0.0,0.0,72.63492125
synthetic_2d_warp,pfpascal|catspp|False|False,pfpascal,catspp|False|False,10.5168,0.006577136044090037,0.006547369496027995,0.0,0.0,11.8883
synthetic_2d_warp,pfpascal|catspp|False|True,pfpascal,catspp|False|True,11.4723,0.006577136044090037,0.0072781454429700874,0.0,0.0,11.9467
synthetic_2d_warp,pfpascal|catspp|True|False,pfpascal,catspp|True|False,49.2846,0.006577136044090037,0.007836874437304424,0.0,0.0,43.03598
synthetic_2d_warp,pfpascal|catspp|True|True,pfpascal,catspp|True|True,38.85,0.006577136044090037,0.0069451983360180585,0.0,0.0,46.940215
synthetic_2d_warp,pfpascal|glunet|False|False,pfpascal,glunet|False|False,10.3086,0.006577136044090037,0.00712070902243578,0.0,0.0,11.91383
synthetic_2d_warp,pfpascal|glunet|False|True,pfpascal,glunet|False|True,15.6204,0.006577136044090037,0.005893101215742804,0.0,0.0,11.22654
synthetic_2d_warp,pfpascal|glunet|True|False,pfpascal,glunet|True|False,23.0618,0.006577136044090037,0.014809094790101784,0.0,0.0,26.19406
synthetic_2d_warp,pfpascal|glunet|True|True,pfpascal,glunet|True|True,25.0318,0.006577136044090037,0.014336312020122631,0.0,0.0,32.051730000000006
synthetic_2d_warp,pfpascal|raft|True|False,pfpascal,raft|True|False,4.4726,0.006577136044090037,0.004780748621374763,0.0,0.0,12.45574375
synthetic_2d_warp,pfwillow|catspp|False|False,pfwillow,catspp|False|False,13.6778,0.09330319074182619,0.021291127647540282,0.0,0.0,14.08444
synthetic_2d_warp,pfwillow|catspp|False|True,pfwillow,catspp|False|True,20.5333,0.09330319074182619,0.0202454236991077,0.0,0.0,13.809445
synthetic_2d_warp,pfwillow|catspp|True|False,pfwillow,catspp|True|False,51.6333,0.09330319074182619,0.02353931793217904,0.0,0.0,46.27945
synthetic_2d_warp,pfwillow|catspp|True|True,pfwillow,catspp|True|True,54.3556,0.09330319074182619,0.025568795896834237,0.0,0.0,48.19221
synthetic_2d_warp,pfwillow|glunet|False|False,pfwillow,glunet|False|False,14.7707,0.09330319074182619,0.02087564404814461,0.0,0.0,15.55002
synthetic_2d_warp,pfwillow|glunet|False|True,pfwillow,glunet|False|True,18.0556,0.09330319074182619,0.019206279806980003,0.0,0.0,13.60015
synthetic_2d_warp,pfwillow|glunet|True|False,pfwillow,glunet|True|False,29.3389,0.09330319074182619,0.052244694375623395,0.0,0.0,29.1382
synthetic_2d_warp,pfwillow|glunet|True|True,pfwillow,glunet|True|True,36.9398,0.09330319074182619,0.0495617916820812,0.0,0.0,33.82583
synthetic_2d_warp,pfwillow|raft|True|False,pfwillow,raft|True|False,13.5556,0.09330319074182619,0.019039657212623955,0.0,0.0,14.99648625
synthetic_2d_warp,pointodyssey|catspp|False|False,pointodyssey,catspp|False|False,47.6015,0.014008930542825546,0.0507110120745149,0.0,0.0,44.336465
synthetic_2d_warp,pointodyssey|catspp|False|True,pointodyssey,catspp|False|True,48.7736,0.014008930542825546,0.05752172810082575,0.0,0.0,51.235339999999994
synthetic_2d_warp,pointodyssey|catspp|True|False,pointodyssey,catspp|True|False,95.4377,0.014008930542825546,0.02296187318889765,0.0,0.0,53.741189999999996
synthetic_2d_warp,pointodyssey|catspp|True|True,pointodyssey,catspp|True|True,52.1959,0.014008930542825546,0.03671905843254895,0.0,0.0,58.48157
synthetic_2d_warp,pointodyssey|glunet|False|False,pointodyssey,glunet|False|False,94.4359,0.014008930542825546,0.05609912887074073,0.0,0.0,78.38383999999999
synthetic_2d_warp,pointodyssey|glunet|False|True,pointodyssey,glunet|False|True,91.0918,0.014008930542825546,0.05337652575760338,0.0,0.0,73.04207
synthetic_2d_warp,pointodyssey|glunet|True|False,pointodyssey,glunet|True|False,90.0851,0.014008930542825546,0.05021558461192443,0.0,0.0,83.93569
synthetic_2d_warp,pointodyssey|glunet|True|True,pointodyssey,glunet|True|True,85.0481,0.014008930542825546,0.033475197493788064,0.0,0.0,86.67904999999999
synthetic_2d_warp,pointodyssey|raft|True|False,pointodyssey,raft|True|False,36.4545,0.014008930542825546,0.05184197328853165,0.0,0.0,42.02640875
synthetic_2d_warp,spair|catspp|False|False,spair,catspp|False|False,3.0896,-0.0885787502413476,-0.0041850063375614595,0.0,0.0,3.5725949999999997
synthetic_2d_warp,spair|catspp|False|True,spair,catspp|False|True,3.4986,-0.0885787502413476,-0.005393650124462721,0.0,0.0,3.569265
synthetic_2d_warp,spair|catspp|True|False,spair,catspp|True|False,20.9922,-0.0885787502413476,-0.038672686949543233,0.0,0.0,21.259999999999998
synthetic_2d_warp,spair|catspp|True|True,spair,catspp|True|True,25.8495,-0.0885787502413476,-0.03449756866183748,0.0,0.0,22.13462
synthetic_2d_warp,spair|glunet|False|False,spair,glunet|False|False,2.6105,-0.0885787502413476,-0.005264273018973803,0.0,0.0,2.89565
synthetic_2d_warp,spair|glunet|False|True,spair,glunet|False|True,2.408,-0.0885787502413476,-0.0025869391792932846,0.0,0.0,2.59836
synthetic_2d_warp,spair|glunet|True|False,spair,glunet|True|False,6.63,-0.0885787502413476,-0.07621775651184377,0.0,0.0,7.61219
synthetic_2d_warp,spair|glunet|True|True,spair,glunet|True|True,2.486,-0.0885787502413476,-0.050310519763755224,0.0,0.0,9.71172
synthetic_2d_warp,spair|raft|True|False,spair,raft|True|False,3.1416,-0.0885787502413476,-0.0041271478628027315,0.0,0.0,2.7295137499999997
synthetic_2d_warp,synthetic|catspp|False|False,synthetic,catspp|False|False,20.1312,0.9763188526995038,0.5292625725669364,0.0,0.0,23.03063
synthetic_2d_warp,synthetic|catspp|False|True,synthetic,catspp|False|True,50.3084,0.9763188526995038,0.4621892973319293,0.0,0.0,21.121325000000002
synthetic_2d_warp,synthetic|catspp|True|False,synthetic,catspp|True|False,34.9252,0.9763188526995038,0.6740564294220796,0.0,0.0,49.73915
synthetic_2d_warp,synthetic|catspp|True|True,synthetic,catspp|True|True,39.8872,0.9763188526995038,0.4941207728010062,0.0,0.0,48.217560000000006
synthetic_2d_warp,synthetic|glunet|False|False,synthetic,glunet|False|False,3.8373,0.9763188526995038,0.3510996161374442,0.0,0.0,17.69222
synthetic_2d_warp,synthetic|glunet|False|True,synthetic,glunet|False|True,9.3907,0.9763188526995038,0.17817368602181405,0.0,0.0,12.5972
synthetic_2d_warp,synthetic|glunet|True|False,synthetic,glunet|True|False,29.4639,0.9763188526995038,0.7594603290479848,0.0,0.0,28.81429
synthetic_2d_warp,synthetic|glunet|True|True,synthetic,glunet|True|True,23.5695,0.9763188526995038,0.5487241335041984,0.0,0.0,27.0668
synthetic_2d_warp,synthetic|raft|True|False,synthetic,raft|True|False,6.1934,0.9763188526995038,0.7370483150828562,0.0,0.0,22.4843625
synthetic_2d_warp,tss|catspp|False|False,tss,catspp|False|False,24.3569,-0.12726963371794056,-0.03794472507946045,0.0,0.0,25.159395
synthetic_2d_warp,tss|catspp|False|True,tss,catspp|False|True,19.1092,-0.12726963371794056,-0.03954135338802954,0.0,0.0,26.236165
synthetic_2d_warp,tss|catspp|True|False,tss,catspp|True|False,67.4824,-0.12726963371794056,-0.013037362019037714,0.0,0.0,63.64901999999999
synthetic_2d_warp,tss|catspp|True|True,tss,catspp|True|True,68.1239,-0.12726963371794056,-0.01416544328561688,0.0,0.0,64.12451
synthetic_2d_warp,tss|glunet|False|False,tss,glunet|False|False,26.1161,-0.12726963371794056,-0.04269069252668077,0.0,0.0,26.22526
synthetic_2d_warp,tss|glunet|False|True,tss,glunet|False|True,14.4363,-0.12726963371794056,-0.03257089110106084,0.0,0.0,23.857229999999998
synthetic_2d_warp,tss|glunet|True|False,tss,glunet|True|False,55.011,-0.12726963371794056,-0.07141302564106461,0.0,0.0,47.33413
synthetic_2d_warp,tss|glunet|True|True,tss,glunet|True|True,64.008,-0.12726963371794056,-0.05539578856107378,0.0,0.0,50.24008
synthetic_2d_warp,tss|raft|True|False,tss,raft|True|False,7.744925,-0.12726963371794056,-0.026241596415431074,0.0,0.0,22.709195
synthetic_large_zoom,flyingthings|catspp|False|False,flyingthings,catspp|False|False,43.8954,0.08702722284086294,0.03758001795443146,0.0,0.0,58.868295
synthetic_large_zoom,flyingthings|catspp|False|True,flyingthings,catspp|False|True,58.9743,0.08702722284086294,0.03820136862793462,0.0,0.0,58.49968
synthetic_large_zoom,flyingthings|catspp|True|False,flyingthings,catspp|True|False,82.2203,0.08702722284086294,0.011474006027468966,0.0,0.0,79.72738000000001
synthetic_large_zoom,flyingthings|catspp|True|True,flyingthings,catspp|True|True,81.1893,0.08702722284086294,0.0084315206979765,0.0,0.0,79.97127499999999
synthetic_large_zoom,flyingthings|glunet|False|False,flyingthings,glunet|False|False,71.1769,0.08702722284086294,0.03945660593468246,0.0,0.0,57.65622
synthetic_large_zoom,flyingthings|glunet|False|True,flyingthings,glunet|False|True,48.8918,0.08702722284086294,0.03560160147227588,0.0,0.0,52.716989999999996
synthetic_large_zoom,flyingthings|glunet|True|False,flyingthings,glunet|True|False,77.7439,0.08702722284086294,0.041666821796150916,0.0,0.0,64.71341
synthetic_large_zoom,flyingthings|glunet|True|True,flyingthings,glunet|True|True,72.6252,0.08702722284086294,0.029076453987665198,0.0,0.0,67.0195
synthetic_large_zoom,flyingthings|raft|True|False,flyingthings,raft|True|False,57.27595,0.08702722284086294,0.04898249447359786,0.0,0.0,50.098105
synthetic_large_zoom,kitti2012|catspp|False|False,kitti2012,catspp|False|False,94.359,0.07879818857835795,0.015313009900980737,0.0,0.0,74.50085
synthetic_large_zoom,kitti2012|catspp|False|True,kitti2012,catspp|False|True,82.5049,0.07879818857835795,0.015454446735735117,0.0,0.0,77.90145
synthetic_large_zoom,kitti2012|catspp|True|False,kitti2012,catspp|True|False,96.6249,0.07879818857835795,0.0029015039437142176,0.0,0.0,95.71106999999999
synthetic_large_zoom,kitti2012|catspp|True|True,kitti2012,catspp|True|True,98.6413,0.07879818857835795,0.0026458470070654144,0.0,0.0,95.37448
synthetic_large_zoom,kitti2012|glunet|False|False,kitti2012,glunet|False|False,12.4578,0.07879818857835795,0.0035286963129505682,0.0,0.0,93.75265
synthetic_large_zoom,kitti2012|glunet|False|True,kitti2012,glunet|False|True,11.0648,0.07879818857835795,0.0037903236025878025,0.0,0.0,90.11594
synthetic_large_zoom,kitti2012|glunet|True|False,kitti2012,glunet|True|False,91.75,0.07879818857835795,0.014951703955597166,0.0,0.0,88.54713999999998
synthetic_large_zoom,kitti2012|glunet|True|True,kitti2012,glunet|True|True,98.3573,0.07879818857835795,0.009443563143048778,0.0,0.0,91.17193
synthetic_large_zoom,kitti2012|raft|True|False,kitti2012,raft|True|False,86.3393,0.07879818857835795,0.020910520831755586,0.0,0.0,75.6625825
synthetic_large_zoom,kitti2015|catspp|False|False,kitti2015,catspp|False|False,86.5834,0.07324539469383372,0.02011456857549634,0.0,0.0,77.58438
synthetic_large_zoom,kitti2015|catspp|False|True,kitti2015,catspp|False|True,91.5434,0.07324539469383372,0.019548895175982673,0.0,0.0,77.92918
synthetic_large_zoom,kitti2015|catspp|True|False,kitti2015,catspp|True|False,97.692,0.07324539469383372,0.0030521099809970313,0.0,0.0,94.894035
synthetic_large_zoom,kitti2015|catspp|True|True,kitti2015,catspp|True|True,96.1149,0.07324539469383372,0.003020854967799966,0.0,0.0,94.71963000000001
synthetic_large_zoom,kitti2015|glunet|False|False,kitti2015,glunet|False|False,95.5117,0.07324539469383372,0.020417380840349313,0.0,0.0,80.87651
synthetic_large_zoom,kitti2015|glunet|False|True,kitti2015,glunet|False|True,87.0141,0.07324539469383372,0.01900247454707122,0.0,0.0,77.77815000000001
synthetic_large_zoom,kitti2015|glunet|True|False,kitti2015,glunet|True|False,98.1319,0.07324539469383372,0.018254050993064458,0.0,0.0,85.82281
synthetic_large_zoom,kitti2015|glunet|True|True,kitti2015,glunet|True|True,89.5363,0.07324539469383372,0.012439533948114052,0.0,0.0,89.82579999999999
synthetic_large_zoom,kitti2015|raft|True|False,kitti2015,raft|True|False,94.1569,0.07324539469383372,0.024855616035348506,0.0,0.0,72.21270625
synthetic_large_zoom,pfpascal|catspp|False|False,pfpascal,catspp|False|False,16.3109,0.04524487105259851,-0.0021329177237282646,0.0,0.0,11.30889
synthetic_large_zoom,pfpascal|catspp|False|True,pfpascal,catspp|False|True,3.1542,0.04524487105259851,-0.0020550962734274094,0.0,0.0,12.77851
synthetic_large_zoom,pfpascal|catspp|True|False,pfpascal,catspp|True|False,39.4059,0.04524487105259851,-0.0027626829527897198,0.0,0.0,44.023849999999996
synthetic_large_zoom,pfpascal|catspp|True|True,pfpascal,catspp|True|True,50.2518,0.04524487105259851,-0.002586375009199561,0.0,0.0,45.800035
synthetic_large_zoom,pfpascal|glunet|False|False,pfpascal,glunet|False|False,4.4643,0.04524487105259851,-0.0021500895709830664,0.0,0.0,12.498259999999998
synthetic_large_zoom,pfpascal|glunet|False|True,pfpascal,glunet|False|True,13.3499,0.04524487105259851,-0.0021072505581329,0.0,0.0,11.45359
synthetic_large_zoom,pfpascal|glunet|True|False,pfpascal,glunet|True|False,30.3321,0.04524487105259851,-0.005056100316836818,0.0,0.0,25.46703
synthetic_large_zoom,pfpascal|glunet|True|True,pfpascal,glunet|True|True,30.356,0.04524487105259851,-0.00502917407573788,0.0,0.0,31.51931
synthetic_large_zoom,pfpascal|raft|True|False,pfpascal,raft|True|False,17.4659,0.04524487105259851,-0.001794427512192028,0.0,0.0,11.15641375
synthetic_large_zoom,pfwillow|catspp|False|False,pfwillow,catspp|False|False,15.2778,0.09845765089799804,0.009485142543475636,0.0,0.0,13.924439999999999
synthetic_large_zoom,pfwillow|catspp|False|True,pfwillow,catspp|False|True,8.9444,0.09845765089799804,0.009242355397795407,0.0,0.0,14.968335
synthetic_large_zoom,pfwillow|catspp|True|False,pfwillow,catspp|True|False,51.4778,0.09845765089799804,0.01055796039232982,0.0,0.0,46.295
synthetic_large_zoom,pfwillow|catspp|True|True,pfwillow,catspp|True|True,53.4,0.09845765089799804,0.011632685585530175,0.0,0.0,48.28777
synthetic_large_zoom,pfwillow|glunet|False|False,pfwillow,glunet|False|False,19.4667,0.09845765089799804,0.008935250201476333,0.0,0.0,15.08042
synthetic_large_zoom,pfwillow|glunet|False|True,pfwillow,glunet|False|True,14.6222,0.09845765089799804,0.009017468700626837,0.0,0.0,13.94349
synthetic_large_zoom,pfwillow|glunet|True|False,pfwillow,glunet|True|False,29.7111,0.09845765089799804,0.023356136240445063,0.0,0.0,29.10098
synthetic_large_zoom,pfwillow|glunet|True|True,pfwillow,glunet|True|True,14.3062,0.09845765089799804,0.01759211963048874,0.0,0.0,36.089189999999995
synthetic_large_zoom,pfwillow|raft|True|False,pfwillow,raft|True|False,13.8111,0.09845765089799804,0.008529496343357671,0.0,0.0,14.97093625
synthetic_large_zoom,pointodyssey|catspp|False|False,pointodyssey,catspp|False|False,51.6048,0.05773043583504569,0.02794870276872714,0.0,0.0,43.93613499999999
synthetic_large_zoom,pointodyssey|catspp|False|True,pointodyssey,catspp|False|True,62.7536,0.05773043583504569,0.031471934652881096,0.0,0.0,49.83734
synthetic_large_zoom,pointodyssey|catspp|True|False,pointodyssey,catspp|True|False,64.7289,0.05773043583504569,0.02021038298281557,0.0,0.0,56.81206999999999
synthetic_large_zoom,pointodyssey|catspp|True|True,pointodyssey,catspp|True|True,50.3469,0.05773043583504569,0.020220979364523543,0.0,0.0,58.666470000000004
synthetic_large_zoom,pointodyssey|glunet|False|False,pointodyssey,glunet|False|False,93.9512,0.05773043583504569,0.031098217710104317,0.0,0.0,78.43231
synthetic_large_zoom,pointodyssey|glunet|False|True,pointodyssey,glunet|False|True,84.5038,0.05773043583504569,0.030067583085004557,0.0,0.0,73.70087
synthetic_large_zoom,pointodyssey|glunet|True|False,pointodyssey,glunet|True|False,97.4434,0.05773043583504569,0.02736024598527665,0.0,0.0,83.19986
synthetic_large_zoom,pointodyssey|glunet|True|True,pointodyssey,glunet|True|True,96.0115,0.05773043583504569,0.01810644336005323,0.0,0.0,85.58270999999999
synthetic_large_zoom,pointodyssey|raft|True|False,pointodyssey,raft|True|False,65.6666,0.05773043583504569,0.026915196552200666,0.0,0.0,39.10519875
synthetic_large_zoom,spair|catspp|False|False,spair,catspp|False|False,4.0731,-0.046255582589449645,-0.005144660351407795,0.0,0.0,3.474245
synthetic_large_zoom,spair|catspp|False|True,spair,catspp|False|True,2.944,-0.046255582589449645,-0.006274218367477275,0.0,0.0,3.624725
synthetic_large_zoom,spair|catspp|True|False,spair,catspp|True|False,16.6978,-0.046255582589449645,-0.044724436563306304,0.0,0.0,21.689439999999998
synthetic_large_zoom,spair|catspp|True|True,spair,catspp|True|True,20.6206,-0.046255582589449645,-0.046176560610361295,0.0,0.0,22.65751
synthetic_large_zoom,spair|glunet|False|False,spair,glunet|False|False,3.2579,-0.046255582589449645,-0.006608123802362364,0.0,0.0,2.8309100000000003
synthetic_large_zoom,spair|glunet|False|True,spair,glunet|False|True,2.6825,-0.046255582589449645,-0.0033808791086954253,0.0,0.0,2.57091
synthetic_large_zoom,spair|glunet|True|False,spair,glunet|True|False,7.559,-0.046255582589449645,-0.09777701350194913,0.0,0.0,7.51929
synthetic_large_zoom,spair|glunet|True|True,spair,glunet|True|True,6.6248,-0.046255582589449645,-0.07061122447860087,0.0,0.0,9.297839999999999
synthetic_large_zoom,spair|raft|True|False,spair,raft|True|False,2.69925,-0.046255582589449645,-0.005567655827859617,0.0,0.0,2.77374875
synthetic_large_zoom,synthetic|catspp|False|False,synthetic,catspp|False|False,39.135,0.3577938626048072,0.007598110148899142,0.0,0.0,21.13025
synthetic_large_zoom,synthetic|catspp|False|True,synthetic,catspp|False|True,21.8997,0.3577938626048072,0.009679213677202906,0.0,0.0,23.962195
synthetic_large_zoom,synthetic|catspp|True|False,synthetic,catspp|True|False,37.1935,0.3577938626048072,0.010958889833489895,0.0,0.0,49.51232
synthetic_large_zoom,synthetic|catspp|True|True,synthetic,catspp|True|True,38.2449,0.3577938626048072,0.0078329217141482,0.0,0.0,48.38179
synthetic_large_zoom,synthetic|glunet|False|False,synthetic,glunet|False|False,9.7372,0.3577938626048072,0.006166778300453377,0.0,0.0,17.10223
synthetic_large_zoom,synthetic|glunet|False|True,synthetic,glunet|False|True,15.7459,0.3577938626048072,0.00282686714075557,0.0,0.0,11.96168
synthetic_large_zoom,synthetic|glunet|True|False,synthetic,glunet|True|False,35.7954,0.3577938626048072,0.012079361178140825,0.0,0.0,28.18114
synthetic_large_zoom,synthetic|glunet|True|True,synthetic,glunet|True|True,54.0369,0.3577938626048072,0.006081895065220537,0.0,0.0,24.02006
synthetic_large_zoom,synthetic|raft|True|False,synthetic,raft|True|False,11.985,0.3577938626048072,0.012145718373813428,0.0,0.0,21.905202499999998
synthetic_large_zoom,tss|catspp|False|False,tss,catspp|False|False,32.9288,-0.06146198263967576,-0.0826657015243292,0.0,0.0,24.302205
synthetic_large_zoom,tss|catspp|False|True,tss,catspp|False|True,29.7936,-0.06146198263967576,-0.09056951006123762,0.0,0.0,25.167725
synthetic_large_zoom,tss|catspp|True|False,tss,catspp|True|False,62.2398,-0.06146198263967576,-0.030776084951809928,0.0,0.0,64.17328
synthetic_large_zoom,tss|catspp|True|True,tss,catspp|True|True,67.8214,-0.06146198263967576,-0.032311242929034346,0.0,0.0,64.15476
synthetic_large_zoom,tss|glunet|False|False,tss,glunet|False|False,5.711,-0.06146198263967576,-0.0753923952222101,0.0,0.0,28.265769999999996
synthetic_large_zoom,tss|glunet|False|True,tss,glunet|False|True,29.9933,-0.06146198263967576,-0.07506390648310952,0.0,0.0,22.30153
synthetic_large_zoom,tss|glunet|True|False,tss,glunet|True|False,11.2237,-0.06146198263967576,-0.1215917938863092,0.0,0.0,51.71286
synthetic_large_zoom,tss|glunet|True|True,tss,glunet|True|True,66.2204,-0.06146198263967576,-0.12315324887763392,0.0,0.0,50.01884
synthetic_large_zoom,tss|raft|True|False,tss,raft|True|False,22.1823,-0.06146198263967575,-0.07150854827749768,0.0,0.0,21.2654575
synthetic_random_flipping,flyingthings|catspp|False|False,flyingthings,catspp|False|False,67.1619,0.052524915937238084,0.12385878703969766,0.0,0.0,56.541645
synthetic_random_flipping,flyingthings|catspp|False|True,flyingthings,catspp|False|True,3.963,0.052524915937238084,0.0472361596035325,0.0,0.0,64.00081
synthetic_random_flipping,flyingthings|catspp|True|False,flyingthings,catspp|True|False,83.2946,0.052524915937238084,0.03695117237438647,0.0,0.0,79.61994999999999
synthetic_random_flipping,flyingthings|catspp|True|True,flyingthings,catspp|True|True,85.2894,0.052524915937238084,0.025238339596512938,0.0,0.0,79.561265
synthetic_random_flipping,flyingthings|glunet|False|False,flyingthings,glunet|False|False,69.5375,0.052524915937238084,0.12895091626465655,0.0,0.0,57.82016
synthetic_random_flipping,flyingthings|glunet|False|True,flyingthings,glunet|False|True,50.412,0.052524915937238084,0.11592551236967139,0.0,0.0,52.56497
synthetic_random_flipping,flyingthings|glunet|True|False,flyingthings,glunet|True|False,11.3571,0.052524915937238084,0.07614263741994119,0.0,0.0,71.35209
synthetic_random_flipping,flyingthings|glunet|True|True,flyingthings,glunet|True|True,78.2963,0.052524915937238084,0.09241718031508676,0.0,0.0,66.45239000000001
synthetic_random_flipping,flyingthings|raft|True|False,flyingthings,raft|True|False,59.3757,0.052524915937238084,0.1588356846270116,0.0,0.0,49.888130000000004
synthetic_random_flipping,kitti2012|catspp|False|False,kitti2012,catspp|False|False,90.3601,-0.04996307833974651,0.16290067136418437,0.0,0.0,74.90074
synthetic_random_flipping,kitti2012|catspp|False|True,kitti2012,catspp|False|True,92.0926,-0.04996307833974651,0.159494662482092,0.0,0.0,76.94268
synthetic_random_flipping,kitti2012|catspp|True|False,kitti2012,catspp|True|False,95.9663,-0.04996307833974651,0.03052865409356117,0.0,0.0,95.77693000000001
synthetic_random_flipping,kitti2012|catspp|True|True,kitti2012,catspp|True|True,93.6996,-0.04996307833974651,0.028248948964299282,0.0,0.0,95.86865
synthetic_random_flipping,kitti2012|glunet|False|False,kitti2012,glunet|False|False,97.2233,-0.04996307833974651,0.17155233632965045,0.0,0.0,85.2761
synthetic_random_flipping,kitti2012|glunet|False|True,kitti2012,glunet|False|True,84.216,-0.04996307833974651,0.16938413619347217,0.0,0.0,82.80082
synthetic_random_flipping,kitti2012|glunet|True|False,kitti2012,glunet|True|False,99.4901,-0.04996307833974651,0.15525885059529548,0.0,0.0,87.77313
synthetic_random_flipping,kitti2012|glunet|True|True,kitti2012,glunet|True|True,99.0764,-0.04996307833974651,0.0989142814141082,0.0,0.0,91.10002
synthetic_random_flipping,kitti2012|raft|True|False,kitti2012,raft|True|False,89.47625,-0.04996307833974651,0.21875659697160374,0.0,0.0,75.3488875
synthetic_random_flipping,kitti2015|catspp|False|False,kitti2015,catspp|False|False,72.005,-0.04932429355540037,0.18784966188037733,0.0,0.0,79.04222
synthetic_random_flipping,kitti2015|catspp|False|True,kitti2015,catspp|False|True,86.8286,-0.04932429355540037,0.18396601619113157,0.0,0.0,78.40066
synthetic_random_flipping,kitti2015|catspp|True|False,kitti2015,catspp|True|False,85.7568,-0.04932429355540037,0.014442050501075145,0.0,0.0,96.087555
synthetic_random_flipping,kitti2015|catspp|True|True,kitti2015,catspp|True|True,85.1192,-0.04932429355540037,0.010458467905712391,0.0,0.0,95.8192
synthetic_random_flipping,kitti2015|glunet|False|False,kitti2015,glunet|False|False,93.9536,-0.04932429355540037,0.190912969582129,0.0,0.0,81.03232
synthetic_random_flipping,kitti2015|glunet|False|True,kitti2015,glunet|False|True,72.591,-0.04932429355540037,0.17769042425762632,0.0,0.0,79.22046
synthetic_random_flipping,kitti2015|glunet|True|False,kitti2015,glunet|True|False,91.6412,-0.04932429355540037,0.17222341271386585,0.0,0.0,86.47188
synthetic_random_flipping,kitti2015|glunet|True|True,kitti2015,glunet|True|True,97.9048,-0.04932429355540037,0.11376193891448094,0.0,0.0,88.98895
synthetic_random_flipping,kitti2015|raft|True|False,kitti2015,raft|True|False,85.0135,-0.04932429355540037,0.23591098833539204,0.0,0.0,73.12704625
synthetic_random_flipping,pfpascal|catspp|False|False,pfpascal,catspp|False|False,16.4969,-0.04509759259572472,0.020902581995275574,0.0,0.0,11.29029
synthetic_random_flipping,pfpascal|catspp|False|True,pfpascal,catspp|False|True,8.1291,-0.04509759259572472,0.023874533081308807,0.0,0.0,12.281020000000002
synthetic_random_flipping,pfpascal|catspp|True|False,pfpascal,catspp|True|False,34.5998,-0.04509759259572472,0.024026244899992336,0.0,0.0,44.50446
synthetic_random_flipping,pfpascal|catspp|True|True,pfpascal,catspp|True|True,45.3169,-0.04509759259572472,0.0262501758200863,0.0,0.0,46.293525
synthetic_random_flipping,pfpascal|glunet|False|False,pfpascal,glunet|False|False,12.3182,-0.04509759259572472,0.024185053672414372,0.0,0.0,11.712869999999999
synthetic_random_flipping,pfpascal|glunet|False|True,pfpascal,glunet|False|True,6.6055,-0.04509759259572472,0.01932906770558479,0.0,0.0,12.128029999999999
synthetic_random_flipping,pfpascal|glunet|True|False,pfpascal,glunet|True|False,12.1653,-0.04509759259572472,0.045216988082984376,0.0,0.0,27.283710000000003
synthetic_random_flipping,pfpascal|glunet|True|True,pfpascal,glunet|True|True,11.6719,-0.04509759259572472,0.038134305915251875,0.0,0.0,33.38772
synthetic_random_flipping,pfpascal|raft|True|False,pfpascal,raft|True|False,5.7248375000000005,-0.04509759259572472,0.017442946582453208,0.0,0.0,12.33052
synthetic_random_flipping,pfwillow|catspp|False|False,pfwillow,catspp|False|False,17.9333,0.047201640557914024,0.03151301388594767,0.0,0.0,13.65889
synthetic_random_flipping,pfwillow|catspp|False|True,pfwillow,catspp|False|True,13.4667,0.047201640557914024,0.03433246335776096,0.0,0.0,14.516105
synthetic_random_flipping,pfwillow|catspp|True|False,pfwillow,catspp|True|False,50.7444,0.047201640557914024,0.03688885143603936,0.0,0.0,46.36834
synthetic_random_flipping,pfwillow|catspp|True|True,pfwillow,catspp|True|True,49.6444,0.047201640557914024,0.041537136764368356,0.0,0.0,48.66333
synthetic_random_flipping,pfwillow|glunet|False|False,pfwillow,glunet|False|False,18.3917,0.047201640557914024,0.0314748488327754,0.0,0.0,15.18792
synthetic_random_flipping,pfwillow|glunet|False|True,pfwillow,glunet|False|True,5.0111,0.047201640557914024,0.022676498385933504,0.0,0.0,14.904599999999999
synthetic_random_flipping,pfwillow|glunet|True|False,pfwillow,glunet|True|False,36.342,0.047201640557914024,0.07871342028307322,0.0,0.0,28.43789
synthetic_random_flipping,pfwillow|glunet|True|True,pfwillow,glunet|True|True,48.3864,0.047201640557914024,0.06882221808919271,0.0,0.0,32.681169999999995
synthetic_random_flipping,pfwillow|raft|True|False,pfwillow,raft|True|False,16.4025,0.047201640557914024,0.029287150878497356,0.0,0.0,14.71179625
synthetic_random_flipping,pointodyssey|catspp|False|False,pointodyssey,catspp|False|False,84.7224,-0.042036155423806135,0.09452661862747029,0.0,0.0,40.624375
synthetic_random_flipping,pointodyssey|catspp|False|True,pointodyssey,catspp|False|True,65.9417,-0.042036155423806135,0.13158015004182275,0.0,0.0,49.51853
synthetic_random_flipping,pointodyssey|catspp|True|False,pointodyssey,catspp|True|False,48.4592,-0.042036155423806135,0.08458223679240175,0.0,0.0,58.43904
synthetic_random_flipping,pointodyssey|catspp|True|True,pointodyssey,catspp|True|True,95.8171,-0.042036155423806135,0.05378827455992933,0.0,0.0,54.11945000000001
synthetic_random_flipping,pointodyssey|glunet|False|False,pointodyssey,glunet|False|False,8.5059,-0.042036155423806135,0.04119128419630904,0.0,0.0,86.97684000000001
synthetic_random_flipping,pointodyssey|glunet|False|True,pointodyssey,glunet|False|True,80.976,-0.042036155423806135,0.12738949944522074,0.0,0.0,74.05364999999999
synthetic_random_flipping,pointodyssey|glunet|True|False,pointodyssey,glunet|True|False,62.6774,-0.042036155423806135,0.11096332131798457,0.0,0.0,86.67645999999999
synthetic_random_flipping,pointodyssey|glunet|True|True,pointodyssey,glunet|True|True,90.6576,-0.042036155423806135,0.07778261531577949,0.0,0.0,86.1181
synthetic_random_flipping,pointodyssey|raft|True|False,pointodyssey,raft|True|False,36.1356,-0.042036155423806135,0.12088210699492322,0.0,0.0,42.05829875
synthetic_random_flipping,spair|catspp|False|False,spair,catspp|False|False,4.0943,-0.14914283726796676,-0.005127005167269319,0.0,0.0,3.4721249999999997
synthetic_random_flipping,spair|catspp|False|True,spair,catspp|False|True,3.9026,-0.14914283726796676,-0.0067757445329337095,0.0,0.0,3.5288650000000006
synthetic_random_flipping,spair|catspp|True|False,spair,catspp|True|False,20.7809,-0.14914283726796676,-0.04985801458884072,0.0,0.0,21.281129999999997
synthetic_random_flipping,spair|catspp|True|True,spair,catspp|True|True,21.5433,-0.14914283726796676,-0.04709741093721334,0.0,0.0,22.56524
synthetic_random_flipping,spair|glunet|False|False,spair,glunet|False|False,3.6526,-0.14914283726796676,-0.005816449573163958,0.0,0.0,2.79144
synthetic_random_flipping,spair|glunet|False|True,spair,glunet|False|True,2.6984,-0.14914283726796676,-0.0033915466166003216,0.0,0.0,2.5693200000000003
synthetic_random_flipping,spair|glunet|True|False,spair,glunet|True|False,5.1968,-0.14914283726796676,-0.0977980618662728,0.0,0.0,7.755509999999999
synthetic_random_flipping,spair|glunet|True|True,spair,glunet|True|True,15.6163,-0.14914283726796676,-0.06492200359445924,0.0,0.0,8.398689999999998
synthetic_random_flipping,spair|raft|True|False,spair,raft|True|False,1.9948,-0.14914283726796676,-0.004252005852679935,0.0,0.0,2.84419375
synthetic_random_flipping,synthetic|catspp|False|False,synthetic,catspp|False|False,19.63085,1.0614248617643591,0.3342732833848276,0.0,0.0,23.080665
synthetic_random_flipping,synthetic|catspp|False|True,synthetic,catspp|False|True,15.8474,1.0614248617643591,0.3746377416715389,0.0,0.0,24.567425
synthetic_random_flipping,synthetic|catspp|True|False,synthetic,catspp|True|False,40.1523,1.0614248617643591,0.4374536601038158,0.0,0.0,49.21644
synthetic_random_flipping,synthetic|catspp|True|True,synthetic,catspp|True|True,39.2118,1.0614248617643591,0.31095465801119193,0.0,0.0,48.2851
synthetic_random_flipping,synthetic|glunet|False|False,synthetic,glunet|False|False,18.5281,1.0614248617643591,0.250002724312422,0.0,0.0,16.22314
synthetic_random_flipping,synthetic|glunet|False|True,synthetic,glunet|False|True,16.7068,1.0614248617643591,0.1084415903299072,0.0,0.0,11.865590000000001
synthetic_random_flipping,synthetic|glunet|True|False,synthetic,glunet|True|False,6.6755,1.0614248617643591,0.43403403274995833,0.0,0.0,31.093130000000002
synthetic_random_flipping,synthetic|glunet|True|True,synthetic,glunet|True|True,20.8004,1.0614248617643591,0.34381250116645323,0.0,0.0,27.343709999999998
synthetic_random_flipping,synthetic|raft|True|False,synthetic,raft|True|False,15.92325,1.0614248617643591,0.4834904194808357,0.0,0.0,21.511377500000002
synthetic_random_flipping,tss|catspp|False|False,tss,catspp|False|False,5.2821,-0.17771614313763442,-0.028885091253523166,0.0,0.0,27.066875
synthetic_random_flipping,tss|catspp|False|True,tss,catspp|False|True,26.72155,-0.17771614313763442,-0.041846021890121286,0.0,0.0,25.47493
synthetic_random_flipping,tss|catspp|True|False,tss,catspp|True|False,58.4608,-0.17771614313763442,-0.012197408257634724,0.0,0.0,64.55118
synthetic_random_flipping,tss|catspp|True|True,tss,catspp|True|True,60.5773,-0.17771614313763442,-0.014543017228878824,0.0,0.0,64.87917
synthetic_random_flipping,tss|glunet|False|False,tss,glunet|False|False,32.7962,-0.17771614313763442,-0.04331986243897486,0.0,0.0,25.55725
synthetic_random_flipping,tss|glunet|False|True,tss,glunet|False|True,27.4139,-0.17771614313763442,-0.03515331114990513,0.0,0.0,22.559469999999997
synthetic_random_flipping,tss|glunet|True|False,tss,glunet|True|False,50.8272,-0.17771614313763442,-0.07446540993067347,0.0,0.0,47.75251
synthetic_random_flipping,tss|glunet|True|True,tss,glunet|True|True,68.4478,-0.17771614313763442,-0.055269673538154034,0.0,0.0,49.7961
synthetic_random_flipping,tss|raft|True|False,tss,raft|True|False,27.3016,-0.17771614313763442,-0.031781397959838975,0.0,0.0,20.7535275
synthetic_small_zoom,flyingthings|catspp|False|False,flyingthings,catspp|False|False,57.94145,-0.03213651096091736,-0.1103585893059441,0.0,0.0,57.46369
synthetic_small_zoom,flyingthings|catspp|False|True,flyingthings,catspp|False|True,60.329,-0.03213651096091736,-0.10917673161801197,0.0,0.0,58.36421
synthetic_small_zoom,flyingthings|catspp|True|False,flyingthings,catspp|True|False,79.6231,-0.03213651096091736,-0.03306744348801581,0.0,0.0,79.9871
synthetic_small_zoom,flyingthings|catspp|True|True,flyingthings,catspp|True|True,82.1343,-0.03213651096091736,-0.023893974886159814,0.0,0.0,79.876775
synthetic_small_zoom,flyingthings|glunet|False|False,flyingthings,glunet|False|False,64.6211,-0.03213651096091736,-0.11459320151707333,0.0,0.0,58.31179999999999
synthetic_small_zoom,flyingthings|glunet|False|True,flyingthings,glunet|False|True,3.3265,-0.03213651096091736,-0.046507415436068816,0.0,0.0,57.27352
synthetic_small_zoom,flyingthings|glunet|True|False,flyingthings,glunet|True|False,39.164,-0.03213651096091736,-0.11056545746961004,0.0,0.0,68.57140000000001
synthetic_small_zoom,flyingthings|glunet|True|True,flyingthings,glunet|True|True,66.7997,-0.03213651096091736,-0.08365675182644308,0.0,0.0,67.60204999999999
synthetic_small_zoom,flyingthings|raft|True|False,flyingthings,raft|True|False,65.58855,-0.03213651096091736,-0.13785970269896025,0.0,0.0,49.266845
synthetic_small_zoom,kitti2012|catspp|False|False,kitti2012,catspp|False|False,62.5595,-0.1947391714901231,-0.43618250005358994,0.0,0.0,77.6808
synthetic_small_zoom,kitti2012|catspp|False|True,kitti2012,catspp|False|True,86.332,-0.1947391714901231,-0.43219265362807835,0.0,0.0,77.51874000000001
synthetic_small_zoom,kitti2012|catspp|True|False,kitti2012,catspp|True|False,98.098,-0.1947391714901231,-0.08045106834407449,0.0,0.0,95.56376
synthetic_small_zoom,kitti2012|catspp|True|True,kitti2012,catspp|True|True,96.1437,-0.1947391714901231,-0.07648128260082841,0.0,0.0,95.62424
synthetic_small_zoom,kitti2012|glunet|False|False,kitti2012,glunet|False|False,83.278,-0.1947391714901231,-0.4633789894156681,0.0,0.0,86.67063
synthetic_small_zoom,kitti2012|glunet|False|True,kitti2012,glunet|False|True,91.6607,-0.1947391714901231,-0.45005689089145917,0.0,0.0,82.05635
synthetic_small_zoom,kitti2012|glunet|True|False,kitti2012,glunet|True|False,97.8728,-0.1947391714901231,-0.4168075806223679,0.0,0.0,87.93485999999999
synthetic_small_zoom,kitti2012|glunet|True|True,kitti2012,glunet|True|True,97.4634,-0.1947391714901231,-0.266101196475781,0.0,0.0,91.26132
synthetic_small_zoom,kitti2012|raft|True|False,kitti2012,raft|True|False,98.2011,-0.1947391714901231,-0.5755282541506984,0.0,0.0,74.47640249999999
synthetic_small_zoom,kitti2015|catspp|False|False,kitti2015,catspp|False|False,83.0162,-0.2025159003063,-0.4252811094658399,0.0,0.0,77.94109999999999
synthetic_small_zoom,kitti2015|catspp|False|True,kitti2015,catspp|False|True,93.0548,-0.2025159003063,-0.40955335819581357,0.0,0.0,77.77804
synthetic_small_zoom,kitti2015|catspp|True|False,kitti2015,catspp|True|False,97.1466,-0.2025159003063,-0.06494302785837999,0.0,0.0,94.94857499999999
synthetic_small_zoom,kitti2015|catspp|True|True,kitti2015,catspp|True|True,94.8194,-0.2025159003063,-0.06403916592824614,0.0,0.0,94.84918
synthetic_small_zoom,kitti2015|glunet|False|False,kitti2015,glunet|False|False,13.6098,-0.2025159003063,-0.12261384948241896,0.0,0.0,89.0667
synthetic_small_zoom,kitti2015|glunet|False|True,kitti2015,glunet|False|True,88.1684,-0.2025159003063,-0.3988945848658491,0.0,0.0,77.66272000000001
synthetic_small_zoom,kitti2015|glunet|True|False,kitti2015,glunet|True|False,96.11,-0.2025159003063,-0.3861176228358482,0.0,0.0,86.025
synthetic_small_zoom,kitti2015|glunet|True|True,kitti2015,glunet|True|True,97.3336,-0.2025159003063,-0.2576763595168138,0.0,0.0,89.04607
synthetic_small_zoom,kitti2015|raft|True|False,kitti2015,raft|True|False,91.5495,-0.2025159003063,-0.5265009661382096,0.0,0.0,72.47344625000001
synthetic_small_zoom,pfpascal|catspp|False|False,pfpascal,catspp|False|False,15.9431,-0.15365058373294788,-0.062024093600531356,0.0,0.0,11.34567
synthetic_small_zoom,pfpascal|catspp|False|True,pfpascal,catspp|False|True,18.9586,-0.15365058373294788,-0.0639931949371366,0.0,0.0,11.19807
synthetic_small_zoom,pfpascal|catspp|True|False,pfpascal,catspp|True|False,47.5495,-0.15365058373294788,-0.07988029550579921,0.0,0.0,43.20949
synthetic_small_zoom,pfpascal|catspp|True|True,pfpascal,catspp|True|True,55.8613,-0.15365058373294788,-0.06213705593226796,0.0,0.0,45.239085
synthetic_small_zoom,pfpascal|glunet|False|False,pfpascal,glunet|False|False,8.1688,-0.15365058373294788,-0.06874781347676101,0.0,0.0,12.12781
synthetic_small_zoom,pfpascal|glunet|False|True,pfpascal,glunet|False|True,12.2101,-0.15365058373294788,-0.06118745569704748,0.0,0.0,11.56757
synthetic_small_zoom,pfpascal|glunet|True|False,pfpascal,glunet|True|False,27.963,-0.15365058373294788,-0.14682698568889452,0.0,0.0,25.70394
synthetic_small_zoom,pfpascal|glunet|True|True,pfpascal,glunet|True|True,32.8035,-0.15365058373294788,-0.1448349840039543,0.0,0.0,31.27456
synthetic_small_zoom,pfpascal|raft|True|False,pfpascal,raft|True|False,13.37085,-0.15365058373294788,-0.05777250848600748,0.0,0.0,11.56591875
synthetic_small_zoom,pfwillow|catspp|False|False,pfwillow,catspp|False|False,18.7222,-0.044308936414036326,-0.031149758474185954,0.0,0.0,13.580000000000002
synthetic_small_zoom,pfwillow|catspp|False|True,pfwillow,catspp|False|True,19.0444,-0.044308936414036326,-0.03287295519034848,0.0,0.0,13.958335
synthetic_small_zoom,pfwillow|catspp|True|False,pfwillow,catspp|True|False,51.4222,-0.044308936414036326,-0.03672888325007195,0.0,0.0,46.300560000000004
synthetic_small_zoom,pfwillow|catspp|True|True,pfwillow,catspp|True|True,45.7111,-0.044308936414036326,-0.04128555860392298,0.0,0.0,49.05666
synthetic_small_zoom,pfwillow|glunet|False|False,pfwillow,glunet|False|False,13.3667,-0.044308936414036326,-0.03208353100176366,0.0,0.0,15.69042
synthetic_small_zoom,pfwillow|glunet|False|True,pfwillow,glunet|False|True,16.6778,-0.044308936414036326,-0.030713282764809252,0.0,0.0,13.73793
synthetic_small_zoom,pfwillow|glunet|True|False,pfwillow,glunet|True|False,21.9778,-0.044308936414036326,-0.07933992906637163,0.0,0.0,29.87431
synthetic_small_zoom,pfwillow|glunet|True|True,pfwillow,glunet|True|True,36.9201,-0.044308936414036326,-0.07700684436203752,0.0,0.0,33.8278
synthetic_small_zoom,pfwillow|raft|True|False,pfwillow,raft|True|False,18.7,-0.044308936414036326,-0.028300785214294636,0.0,0.0,14.482046250000002
synthetic_small_zoom,pointodyssey|catspp|False|False,pointodyssey,catspp|False|False,46.4111,-0.15557614516269522,-0.31246142030841617,0.0,0.0,44.455505
synthetic_small_zoom,pointodyssey|catspp|False|True,pointodyssey,catspp|False|True,43.2626,-0.15557614516269522,-0.3524831226401148,0.0,0.0,51.78643999999999
synthetic_small_zoom,pointodyssey|catspp|True|False,pointodyssey,catspp|True|False,36.487,-0.15557614516269522,-0.2047104138571358,0.0,0.0,59.63626000000001
synthetic_small_zoom,pointodyssey|catspp|True|True,pointodyssey,catspp|True|True,51.1702,-0.15557614516269522,-0.22548042974022733,0.0,0.0,58.584140000000005
synthetic_small_zoom,pointodyssey|glunet|False|False,pointodyssey,glunet|False|False,92.0672,-0.15557614516269522,-0.347461503180176,0.0,0.0,78.62071
synthetic_small_zoom,pointodyssey|glunet|False|True,pointodyssey,glunet|False|True,81.446,-0.15557614516269522,-0.3360883782293476,0.0,0.0,74.00665000000001
synthetic_small_zoom,pointodyssey|glunet|True|False,pointodyssey,glunet|True|False,92.0552,-0.15557614516269522,-0.30828629871756313,0.0,0.0,83.73868
synthetic_small_zoom,pointodyssey|glunet|True|True,pointodyssey,glunet|True|True,90.8588,-0.15557614516269522,-0.2052433469297067,0.0,0.0,86.09797999999999
synthetic_small_zoom,pointodyssey|raft|True|False,pointodyssey,raft|True|False,74.9348,-0.15557614516269522,-0.2790227240901593,0.0,0.0,38.17837875
synthetic_small_zoom,spair|catspp|False|False,spair,catspp|False|False,3.93925,-0.25046960009007707,-0.010664284642595653,0.0,0.0,3.4876300000000002
synthetic_small_zoom,spair|catspp|False|True,spair,catspp|False|True,3.183,-0.25046960009007707,-0.01316582413209055,0.0,0.0,3.6008250000000004
synthetic_small_zoom,spair|catspp|True|False,spair,catspp|True|False,19.9484,-0.25046960009007707,-0.09692780402553088,0.0,0.0,21.36438
synthetic_small_zoom,spair|catspp|True|True,spair,catspp|True|True,18.34,-0.25046960009007707,-0.08424004714881309,0.0,0.0,22.88557
synthetic_small_zoom,spair|glunet|False|False,spair,glunet|False|False,3.0531,-0.25046960009007707,-0.013399131050966089,0.0,0.0,2.85139
synthetic_small_zoom,spair|glunet|False|True,spair,glunet|False|True,2.7028,-0.25046960009007707,-0.0066303414706183296,0.0,0.0,2.56888
synthetic_small_zoom,spair|glunet|True|False,spair,glunet|True|False,2.8992,-0.25046960009007707,-0.18775544027496321,0.0,0.0,7.98527
synthetic_small_zoom,spair|glunet|True|True,spair,glunet|True|True,14.6684,-0.25046960009007707,-0.1309103745822216,0.0,0.0,8.49348
synthetic_small_zoom,spair|raft|True|False,spair,raft|True|False,2.4022375,-0.25046960009007707,-0.010449946999548166,0.0,0.0,2.80345
synthetic_small_zoom,synthetic|catspp|False|False,synthetic,catspp|False|False,4.0712,0.9737609478736815,0.5577237567235119,0.0,0.0,24.63663
synthetic_small_zoom,synthetic|catspp|False|True,synthetic,catspp|False|True,21.8158,0.9737609478736815,0.7398785190287991,0.0,0.0,23.970585
synthetic_small_zoom,synthetic|catspp|True|False,synthetic,catspp|True|False,38.1694,0.9737609478736815,0.8417922643084933,0.0,0.0,49.41473
synthetic_small_zoom,synthetic|catspp|True|True,synthetic,catspp|True|True,48.52,0.9737609478736815,0.6209707839198942,0.0,0.0,47.35428
synthetic_small_zoom,synthetic|glunet|False|False,synthetic,glunet|False|False,10.5186,0.9737609478736815,0.4747925676023472,0.0,0.0,17.02409
synthetic_small_zoom,synthetic|glunet|False|True,synthetic,glunet|False|True,6.8448,0.9737609478736815,0.20223400661197183,0.0,0.0,12.85179
synthetic_small_zoom,synthetic|glunet|True|False,synthetic,glunet|True|False,35.4304,0.9737609478736815,0.9242922677008854,0.0,0.0,28.21764
synthetic_small_zoom,synthetic|glunet|True|True,synthetic,glunet|True|True,21.0263,0.9737609478736815,0.667727264726467,0.0,0.0,27.32112
synthetic_small_zoom,synthetic|raft|True|False,synthetic,raft|True|False,4.674075,0.9737609478736815,0.8957302111996529,0.0,0.0,22.636295
synthetic_small_zoom,tss|catspp|False|False,tss,catspp|False|False,20.8428,-0.3141848518337517,-0.23391128484034873,0.0,0.0,25.510804999999998
synthetic_small_zoom,tss|catspp|False|True,tss,catspp|False|True,20.0086,-0.3141848518337517,-0.24773308263783603,0.0,0.0,26.146224999999998
synthetic_small_zoom,tss|catspp|True|False,tss,catspp|True|False,64.8435,-0.3141848518337517,-0.0856970593311313,0.0,0.0,63.91291
synthetic_small_zoom,tss|catspp|True|True,tss,catspp|True|True,68.6688,-0.3141848518337517,-0.08663579254733193,0.0,0.0,64.07002
synthetic_small_zoom,tss|glunet|False|False,tss,glunet|False|False,39.6402,-0.3141848518337517,-0.24267184268959446,0.0,0.0,24.87285
synthetic_small_zoom,tss|glunet|False|True,tss,glunet|False|True,32.7723,-0.3141848518337517,-0.19926691960754792,0.0,0.0,22.02363
synthetic_small_zoom,tss|glunet|True|False,tss,glunet|True|False,65.5404,-0.3141848518337517,-0.4253834089462615,0.0,0.0,46.281189999999995
synthetic_small_zoom,tss|glunet|True|True,tss,glunet|True|True,62.9502,-0.3141848518337517,-0.3474484127323946,0.0,0.0,50.34586
synthetic_small_zoom,tss|raft|True|False,tss,raft|True|False,31.9553,-0.3141848518337517,-0.1774137240487915,0.0,0.0,20.2881575
