train_dataset,context_id,benchmark,variant,actual,g,g_zridge,g_rank,g_gbm,L
flyingthings,flyingthings|catspp|False|False,flyingthings,catspp|False|False,76.3251,0.391134044121421,0.5331785896009427,0.0,0.0,55.625325
flyingthings,flyingthings|catspp|False|True,flyingthings,catspp|False|True,76.5009,0.391134044121421,0.5297438643899288,0.0,0.0,56.74702
flyingthings,flyingthings|glunet|False|False,flyingthings,glunet|False|False,79.5401,0.391134044121421,0.5526653558223543,0.0,0.0,56.8199
flyingthings,flyingthings|glunet|False|True,flyingthings,glunet|False|True,72.9905,0.391134044121421,0.4815621199787101,0.0,0.0,50.307120000000005
flyingthings,flyingthings|raft|True|False,flyingthings,raft|True|False,79.60585,0.391134044121421,0.662022832671678,0.0,0.0,47.865115
flyingthings,kitti2012|catspp|False|False,kitti2012,catspp|False|False,94.359,5.695145906211658,9.63046484230498,0.0,0.0,74.50085
flyingthings,kitti2012|catspp|False|True,kitti2012,catspp|False|True,94.1642,5.695145906211658,9.490532065646333,0.0,0.0,76.73552
flyingthings,kitti2012|glunet|False|False,kitti2012,glunet|False|False,97.2233,5.695145906211658,10.273261018649457,0.0,0.0,85.2761
flyingthings,kitti2012|glunet|False|True,kitti2012,glunet|False|True,94.0515,5.695145906211658,10.029512611300037,0.0,0.0,81.81727000000001
flyingthings,kitti2012|raft|True|False,kitti2012,raft|True|False,96.60025,5.695145906211658,12.930985284561162,0.0,0.0,74.6364875
flyingthings,kitti2015|catspp|False|False,kitti2015,catspp|False|False,91.4836,4.741853454712215,7.816338093513534,0.0,0.0,77.09436
flyingthings,kitti2015|catspp|False|True,kitti2015,catspp|False|True,91.5434,4.741853454712215,7.680602278503868,0.0,0.0,77.92918
flyingthings,kitti2015|glunet|False|False,kitti2015,glunet|False|False,93.9097,4.741853454712215,8.054349935986194,0.0,0.0,81.03671
flyingthings,kitti2015|glunet|False|True,kitti2015,glunet|False|True,89.0545,4.741853454712215,7.432251888823691,0.0,0.0,77.57410999999999
flyingthings,kitti2015|raft|True|False,kitti2015,raft|True|False,91.5495,4.741853454712215,9.830334602326896,0.0,0.0,72.47344625
flyingthings,pfpascal|catspp|False|False,pfpascal,catspp|False|False,16.4969,1.401781748811231,0.4401831172660705,0.0,0.0,11.29029
flyingthings,pfpascal|catspp|False|True,pfpascal,catspp|False|True,16.0706,1.401781748811231,0.4992199048210196,0.0,0.0,11.48687
flyingthings,pfpascal|glunet|False|False,pfpascal,glunet|False|False,11.2521,1.401781748811231,0.5093491896119985,0.0,0.0,11.81948
flyingthings,pfpascal|glunet|False|True,pfpascal,glunet|False|True,14.9872,1.401781748811231,0.4260877200384119,0.0,0.0,11.28986
flyingthings,pfpascal|raft|True|False,pfpascal,raft|True|False,13.37085,1.401781748811231,0.4159239614434626,0.0,0.0,11.56591875
flyingthings,pfwillow|catspp|False|False,pfwillow,catspp|False|False,17.4889,0.5449965947403257,0.1761799911605067,0.0,0.0,13.70333
flyingthings,pfwillow|catspp|False|True,pfwillow,catspp|False|True,19.0444,0.5449965947403257,0.1806833972557247,0.0,0.0,13.958335
flyingthings,pfwillow|glunet|False|False,pfwillow,glunet|False|False,16.2466,0.5449965947403257,0.1782280070861178,0.0,0.0,15.40243
flyingthings,pfwillow|glunet|False|True,pfwillow,glunet|False|True,18.3398,0.5449965947403257,0.1627569720700056,0.0,0.0,13.57173
flyingthings,pfwillow|raft|True|False,pfwillow,raft|True|False,16.6614,0.5449965947403257,0.1617891458345294,0.0,0.0,14.68590625
flyingthings,pointodyssey|catspp|False|False,pointodyssey,catspp|False|False,46.0158,0.9216097334147988,1.4778215894763815,0.0,0.0,44.495035
flyingthings,pointodyssey|catspp|False|True,pointodyssey,catspp|False|True,68.9316,0.9216097334147988,1.6278027655206653,0.0,0.0,49.21954
flyingthings,pointodyssey|glunet|False|False,pointodyssey,glunet|False|False,93.9512,0.9216097334147988,1.635666620879634,0.0,0.0,78.43231
flyingthings,pointodyssey|glunet|False|True,pointodyssey,glunet|False|True,91.9442,0.9216097334147988,1.5497294222776268,0.0,0.0,72.95683
flyingthings,pointodyssey|raft|True|False,pointodyssey,raft|True|False,36.1356,0.9216097334147988,1.509058822746148,0.0,0.0,42.05829875
flyingthings,spair|catspp|False|False,spair,catspp|False|False,3.633,2.8305491348574177,0.0828531836161569,0.0,0.0,3.518255
flyingthings,spair|catspp|False|True,spair,catspp|False|True,3.6918,2.8305491348574177,0.0996935067680895,0.0,0.0,3.549945
flyingthings,spair|glunet|False|False,spair,glunet|False|False,2.6105,2.8305491348574177,0.0975864115936856,0.0,0.0,2.89565
flyingthings,spair|glunet|False|True,spair,glunet|False|True,2.7028,2.8305491348574177,0.0486833194777401,0.0,0.0,2.56888
flyingthings,spair|raft|True|False,spair,raft|True|False,2.69925,2.8305491348574177,0.0805276517958626,0.0,0.0,2.77374875
flyingthings,synthetic|catspp|False|False,synthetic,catspp|False|False,20.6718,4.005634362522222,3.492015089395792,0.0,0.0,22.97657
flyingthings,synthetic|catspp|False|True,synthetic,catspp|False|True,22.0954,4.005634362522222,3.976464944288989,0.0,0.0,23.942625
flyingthings,synthetic|glunet|False|False,synthetic,glunet|False|False,15.5289,4.005634362522222,2.612616485954232,0.0,0.0,16.52306
flyingthings,synthetic|glunet|False|True,synthetic,glunet|False|True,15.7001,4.005634362522222,1.1623651441535894,0.0,0.0,11.96626
flyingthings,synthetic|raft|True|False,synthetic,raft|True|False,15.92325,4.005634362522222,5.040309673020982,0.0,0.0,21.5113775
flyingthings,tss|catspp|False|False,tss,catspp|False|False,33.5001,0.8505802837118017,0.5729161351906745,0.0,0.0,24.245075
flyingthings,tss|catspp|False|True,tss,catspp|False|True,32.7945,0.8505802837118017,0.6199185584802076,0.0,0.0,24.867635
flyingthings,tss|glunet|False|False,tss,glunet|False|False,26.1161,0.8505802837118017,0.6729226788970588,0.0,0.0,26.22526
flyingthings,tss|glunet|False|True,tss,glunet|False|True,32.7723,0.8505802837118017,0.5042732522554865,0.0,0.0,22.02363
flyingthings,tss|raft|True|False,tss,raft|True|False,24.11475,0.8505802837118017,0.4955885758859209,0.0,0.0,21.0722125
imagenet2dwarp,flyingthings|catspp|False|False,flyingthings,catspp|False|False,57.94145,0.1681199555328125,0.2405980225276859,0.0,0.0,57.46369
imagenet2dwarp,flyingthings|catspp|False|True,flyingthings,catspp|False|True,60.329,0.1681199555328125,0.2380213982303482,0.0,0.0,58.36421
imagenet2dwarp,flyingthings|glunet|False|False,flyingthings,glunet|False|False,54.827,0.1681199555328125,0.2503649018613879,0.0,0.0,59.29121
imagenet2dwarp,flyingthings|glunet|False|True,flyingthings,glunet|False|True,48.8918,0.1681199555328125,0.2219187675090832,0.0,0.0,52.71699
imagenet2dwarp,flyingthings|raft|True|False,flyingthings,raft|True|False,4.28145,0.1681199555328125,0.2423967911781957,0.0,0.0,55.397555
imagenet2dwarp,kitti2012|catspp|False|False,kitti2012,catspp|False|False,69.0475,1.4679502180103086,2.540560249018725,0.0,0.0,77.03200000000001
imagenet2dwarp,kitti2012|catspp|False|True,kitti2012,catspp|False|True,72.7553,1.4679502180103086,2.49239875623342,0.0,0.0,78.87640999999999
imagenet2dwarp,kitti2012|glunet|False|False,kitti2012,glunet|False|False,83.4869,1.4679502180103086,2.6636493256735934,0.0,0.0,86.64974
imagenet2dwarp,kitti2012|glunet|False|True,kitti2012,glunet|False|True,82.5947,1.4679502180103086,2.604989950130208,0.0,0.0,82.96295
imagenet2dwarp,kitti2012|raft|True|False,kitti2012,raft|True|False,13.823675,1.4679502180103086,2.5734332767820463,0.0,0.0,82.91414499999999
imagenet2dwarp,kitti2015|catspp|False|False,kitti2015,catspp|False|False,78.94014999999999,1.7252556000517234,2.884338527685061,0.0,0.0,78.348705
imagenet2dwarp,kitti2015|catspp|False|True,kitti2015,catspp|False|True,81.1634,1.7252556000517234,2.8294808779293588,0.0,0.0,78.96718000000001
imagenet2dwarp,kitti2015|glunet|False|False,kitti2015,glunet|False|False,85.4709,1.7252556000517234,2.9562340230554383,0.0,0.0,81.88059000000001
imagenet2dwarp,kitti2015|glunet|False|True,kitti2015,glunet|False|True,80.8596,1.7252556000517234,2.72675616411602,0.0,0.0,78.3936
imagenet2dwarp,kitti2015|raft|True|False,kitti2015,raft|True|False,18.0252125,1.7252556000517234,2.792615795294077,0.0,0.0,79.825875
imagenet2dwarp,pfpascal|catspp|False|False,pfpascal,catspp|False|False,9.00725,1.072403367766401,0.3497941648131653,0.0,0.0,12.039255
imagenet2dwarp,pfpascal|catspp|False|True,pfpascal,catspp|False|True,7.8772,1.072403367766401,0.3814748121764601,0.0,0.0,12.30621
imagenet2dwarp,pfpascal|glunet|False|False,pfpascal,glunet|False|False,6.0177,1.072403367766401,0.3591137366488268,0.0,0.0,12.34292
imagenet2dwarp,pfpascal|glunet|False|True,pfpascal,glunet|False|True,6.6055,1.072403367766401,0.3102244142605293,0.0,0.0,12.12803
imagenet2dwarp,pfpascal|raft|True|False,pfpascal,raft|True|False,5.7248375000000005,1.072403367766401,0.2799528652360077,0.0,0.0,12.33052
imagenet2dwarp,pfwillow|catspp|False|False,pfwillow,catspp|False|False,11.4111,0.3279226388101797,0.1070314006463574,0.0,0.0,14.31111
imagenet2dwarp,pfwillow|catspp|False|True,pfwillow,catspp|False|True,11.5778,0.3279226388101797,0.1120435652714631,0.0,0.0,14.704995
imagenet2dwarp,pfwillow|glunet|False|False,pfwillow,glunet|False|False,10.8778,0.3279226388101797,0.1006887484539306,0.0,0.0,15.93931
imagenet2dwarp,pfwillow|glunet|False|True,pfwillow,glunet|False|True,10.5889,0.3279226388101797,0.0997941522147104,0.0,0.0,14.34682
imagenet2dwarp,pfwillow|raft|True|False,pfwillow,raft|True|False,6.6805625,0.3279226388101797,0.0738553204663881,0.0,0.0,15.68399
imagenet2dwarp,pointodyssey|catspp|False|False,pointodyssey,catspp|False|False,51.33235,1.0570651601503398,1.6804049794467075,0.0,0.0,43.96338
imagenet2dwarp,pointodyssey|catspp|False|True,pointodyssey,catspp|False|True,48.7736,1.0570651601503398,1.9139110147361669,0.0,0.0,51.23534
imagenet2dwarp,pointodyssey|glunet|False|False,pointodyssey,glunet|False|False,82.9373,1.0570651601503398,1.901323091303744,0.0,0.0,79.5337
imagenet2dwarp,pointodyssey|glunet|False|True,pointodyssey,glunet|False|True,78.5324,1.0570651601503398,1.8215161233676511,0.0,0.0,74.29801
imagenet2dwarp,pointodyssey|raft|True|False,pointodyssey,raft|True|False,3.8248375,1.0570651601503398,1.441252319537036,0.0,0.0,45.289375
imagenet2dwarp,spair|catspp|False|False,spair,catspp|False|False,3.93925,-2.0193951190782244,-0.0556519609660746,0.0,0.0,3.48763
imagenet2dwarp,spair|catspp|False|True,spair,catspp|False|True,3.9251,-2.0193951190782244,-0.0689290472980161,0.0,0.0,3.5266150000000005
imagenet2dwarp,spair|glunet|False|False,spair,glunet|False|False,2.6759,-2.0193951190782244,-0.0698575789314046,0.0,0.0,2.88911
imagenet2dwarp,spair|glunet|False|True,spair,glunet|False|True,2.6273,-2.0193951190782244,-0.0350286230515912,0.0,0.0,2.57643
imagenet2dwarp,spair|raft|True|False,spair,raft|True|False,2.4022375,-2.0193951190782244,-0.0545334321060333,0.0,0.0,2.80345
imagenet2dwarp,synthetic|catspp|False|False,synthetic,catspp|False|False,19.63085,-3.645917833857823,-3.1598061450995543,0.0,0.0,23.080665
imagenet2dwarp,synthetic|catspp|False|True,synthetic,catspp|False|True,19.6472,-3.645917833857823,-3.590546581168393,0.0,0.0,24.187445
imagenet2dwarp,synthetic|glunet|False|False,synthetic,glunet|False|False,9.7372,-3.645917833857823,-2.296761256556909,0.0,0.0,17.10223
imagenet2dwarp,synthetic|glunet|False|True,synthetic,glunet|False|True,9.3907,-3.645917833857823,-1.06491096096529,0.0,0.0,12.5972
imagenet2dwarp,synthetic|raft|True|False,synthetic,raft|True|False,4.674075,-3.645917833857823,-4.363884375759212,0.0,0.0,22.636295
imagenet2dwarp,tss|catspp|False|False,tss,catspp|False|False,21.05095,-0.494695290825606,-0.3433256642679178,0.0,0.0,25.48999
imagenet2dwarp,tss|catspp|False|True,tss,catspp|False|True,20.9901,-0.494695290825606,-0.365171324800105,0.0,0.0,26.048075
imagenet2dwarp,tss|glunet|False|False,tss,glunet|False|False,14.8312,-0.494695290825606,-0.3657095979728438,0.0,0.0,27.35375
imagenet2dwarp,tss|glunet|False|True,tss,glunet|False|True,14.6164,-0.494695290825606,-0.2981889020060256,0.0,0.0,23.83922
imagenet2dwarp,tss|raft|True|False,tss,raft|True|False,7.744925,-0.494695290825606,-0.2396616437831965,0.0,0.0,22.709195
movi_f,flyingthings|catspp|False|False,flyingthings,catspp|False|False,61.2423,-0.1347343829971148,-0.1757961597419829,0.0,0.0,57.133605
movi_f,flyingthings|catspp|False|True,flyingthings,catspp|False|True,61.1514,-0.1347343829971148,-0.1741606106902407,0.0,0.0,58.28197
movi_f,flyingthings|glunet|False|False,flyingthings,glunet|False|False,41.9398,-0.1347343829971148,-0.1767261341529123,0.0,0.0,60.57993
movi_f,flyingthings|glunet|False|True,flyingthings,glunet|False|True,43.0123,-0.1347343829971148,-0.1604231818144676,0.0,0.0,53.30494
movi_f,flyingthings|raft|True|False,flyingthings,raft|True|False,38.9566,-0.1347343829971148,-0.2216322613140242,0.0,0.0,51.93004
movi_f,kitti2012|catspp|False|False,kitti2012,catspp|False|False,86.277,7.858655318838719,12.36819469175532,0.0,0.0,75.30905
movi_f,kitti2012|catspp|False|True,kitti2012,catspp|False|True,86.332,7.858655318838719,12.148094161001522,0.0,0.0,77.51874000000001
movi_f,kitti2012|glunet|False|False,kitti2012,glunet|False|False,83.278,7.858655318838719,13.02468135077424,0.0,0.0,86.67063
movi_f,kitti2012|glunet|False|True,kitti2012,glunet|False|True,83.3858,7.858655318838719,12.739124945042123,0.0,0.0,82.88383999999999
movi_f,kitti2012|raft|True|False,kitti2012,raft|True|False,81.5116,7.858655318838719,16.577055632486644,0.0,0.0,76.1453525
movi_f,kitti2015|catspp|False|False,kitti2015,catspp|False|False,84.7086,6.69118097191467,10.177047952539514,0.0,0.0,77.77185999999999
movi_f,kitti2015|catspp|False|True,kitti2015,catspp|False|True,83.9623,6.69118097191467,10.003928256296437,0.0,0.0,78.68729
movi_f,kitti2015|glunet|False|False,kitti2015,glunet|False|False,71.5137,6.69118097191467,10.366327518871191,0.0,0.0,83.27631
movi_f,kitti2015|glunet|False|True,kitti2015,glunet|False|True,72.591,6.69118097191467,9.625494652872629,0.0,0.0,79.22046
movi_f,kitti2015|raft|True|False,kitti2015,raft|True|False,70.4775,6.69118097191467,12.865626464708829,0.0,0.0,74.58064625
movi_f,pfpascal|catspp|False|False,pfpascal,catspp|False|False,10.5168,0.3644171284355779,0.110343168240406,0.0,0.0,11.8883
movi_f,pfpascal|catspp|False|True,pfpascal,catspp|False|True,8.1291,0.3644171284355779,0.1189435830488751,0.0,0.0,12.281020000000002
movi_f,pfpascal|glunet|False|False,pfpascal,glunet|False|False,12.3182,0.3644171284355779,0.1204906052080421,0.0,0.0,11.71287
movi_f,pfpascal|glunet|False|True,pfpascal,glunet|False|True,12.2101,0.3644171284355779,0.1042144149644411,0.0,0.0,11.56757
movi_f,pfpascal|raft|True|False,pfpascal,raft|True|False,12.3863,0.3644171284355779,0.0991290506683946,0.0,0.0,11.66437375
movi_f,pfwillow|catspp|False|False,pfwillow,catspp|False|False,13.6778,-1.179297493929431,-0.3580314304217858,0.0,0.0,14.08444
movi_f,pfwillow|catspp|False|True,pfwillow,catspp|False|True,11.4889,-1.179297493929431,-0.3676110261851559,0.0,0.0,14.713885
movi_f,pfwillow|glunet|False|False,pfwillow,glunet|False|False,13.8,-1.179297493929431,-0.3488306283144016,0.0,0.0,15.64709
movi_f,pfwillow|glunet|False|True,pfwillow,glunet|False|True,14.6333,-1.179297493929431,-0.3391401999068931,0.0,0.0,13.94238
movi_f,pfwillow|raft|True|False,pfwillow,raft|True|False,13.8111,-1.179297493929431,-0.3208008130016208,0.0,0.0,14.97093625
movi_f,pointodyssey|catspp|False|False,pointodyssey,catspp|False|False,84.7224,1.2302836248705509,1.433543133856387,0.0,0.0,40.624375
movi_f,pointodyssey|catspp|False|True,pointodyssey,catspp|False|True,84.993,1.2302836248705509,1.8176638200247144,0.0,0.0,47.6134
movi_f,pointodyssey|glunet|False|False,pointodyssey,glunet|False|False,66.6921,1.2302836248705509,1.991814073506093,0.0,0.0,81.15822
movi_f,pointodyssey|glunet|False|True,pointodyssey,glunet|False|True,68.033,1.2302836248705509,1.9310549190121191,0.0,0.0,75.34795
movi_f,pointodyssey|raft|True|False,pointodyssey,raft|True|False,64.2839,1.2302836248705509,1.733433537869508,0.0,0.0,39.24346875
movi_f,spair|catspp|False|False,spair,catspp|False|False,3.0896,-11.502132413721617,-0.2868857867932867,0.0,0.0,3.572595
movi_f,spair|catspp|False|True,spair,catspp|False|True,2.6465,-11.502132413721617,-0.289077207998125,0.0,0.0,3.654475
movi_f,spair|glunet|False|False,spair,glunet|False|False,1.9627,-11.502132413721617,-0.2866659901498078,0.0,0.0,2.96043
movi_f,spair|glunet|False|True,spair,glunet|False|True,2.0144,-11.502132413721617,-0.1137152216773754,0.0,0.0,2.6377200000000003
movi_f,spair|raft|True|False,spair,raft|True|False,1.9948,-11.502132413721617,-0.2259363084889238,0.0,0.0,2.84419375
movi_f,synthetic|catspp|False|False,synthetic,catspp|False|False,15.2654,-15.025083118731503,-11.681410750070564,0.0,0.0,23.51721
movi_f,synthetic|catspp|False|True,synthetic,catspp|False|True,15.8474,-15.025083118731503,-13.331553415492456,0.0,0.0,24.567425
movi_f,synthetic|glunet|False|False,synthetic,glunet|False|False,6.5898,-15.025083118731503,-8.313122303955788,0.0,0.0,17.41697
movi_f,synthetic|glunet|False|True,synthetic,glunet|False|True,6.8448,-15.025083118731503,-3.70903265522974,0.0,0.0,12.85179
movi_f,synthetic|raft|True|False,synthetic,raft|True|False,6.1934,-15.025083118731503,-16.583498214094902,0.0,0.0,22.4843625
movi_f,tss|catspp|False|False,tss,catspp|False|False,24.3569,-2.1220191733543707,-1.357912142079188,0.0,0.0,25.159395
movi_f,tss|catspp|False|True,tss,catspp|False|True,19.1092,-2.1220191733543707,-1.4150500172924916,0.0,0.0,26.236165
movi_f,tss|glunet|False|False,tss,glunet|False|False,17.947,-2.1220191733543707,-1.4785337340878013,0.0,0.0,27.04217
movi_f,tss|glunet|False|True,tss,glunet|False|True,18.6283,-2.1220191733543707,-1.2149165417789347,0.0,0.0,23.43803
movi_f,tss|raft|True|False,tss,raft|True|False,18.6637,-2.1220191733543707,-1.1255716248387997,0.0,0.0,21.6173175
pointodyssey,flyingthings|catspp|False|False,flyingthings,catspp|False|False,64.4318,0.2234352624825013,0.3174288142256316,0.0,0.0,56.814655
pointodyssey,flyingthings|catspp|False|True,flyingthings,catspp|False|True,63.8607,0.2234352624825013,0.3150184233557314,0.0,0.0,58.01104
pointodyssey,flyingthings|glunet|False|False,flyingthings,glunet|False|False,71.1769,0.2234352624825013,0.326689898045705,0.0,0.0,57.65622
pointodyssey,flyingthings|glunet|False|True,flyingthings,glunet|False|True,67.784,0.2234352624825013,0.2835686434936807,0.0,0.0,50.82777
pointodyssey,flyingthings|raft|True|False,flyingthings,raft|True|False,57.27595,0.2234352624825013,0.4055616479555863,0.0,0.0,50.098105
pointodyssey,kitti2012|catspp|False|False,kitti2012,catspp|False|False,87.0735,7.398932693217751,12.720039811827716,0.0,0.0,75.2294
pointodyssey,kitti2012|catspp|False|True,kitti2012,catspp|False|True,86.4889,7.398932693217751,12.510556588332166,0.0,0.0,77.50305
pointodyssey,kitti2012|glunet|False|False,kitti2012,glunet|False|False,95.5502,7.398932693217751,13.328491693033415,0.0,0.0,85.44341
pointodyssey,kitti2012|glunet|False|True,kitti2012,glunet|False|True,91.6607,7.398932693217751,13.030995775190302,0.0,0.0,82.05635
pointodyssey,kitti2012|raft|True|False,kitti2012,raft|True|False,89.47625,7.398932693217751,16.945326989817254,0.0,0.0,75.3488875
pointodyssey,kitti2015|catspp|False|False,kitti2015,catspp|False|False,85.69685,7.160130168431284,11.898471725660572,0.0,0.0,77.673035
pointodyssey,kitti2015|catspp|False|True,kitti2015,catspp|False|True,85.19040000000001,7.160130168431284,11.69569145422374,0.0,0.0,78.56448
pointodyssey,kitti2015|glunet|False|False,kitti2015,glunet|False|False,86.2536,7.160130168431284,12.25522765901817,0.0,0.0,81.80232
pointodyssey,kitti2015|glunet|False|True,kitti2015,glunet|False|True,83.9377,7.160130168431284,11.27986760998308,0.0,0.0,78.08579
pointodyssey,kitti2015|raft|True|False,kitti2015,raft|True|False,83.4171,7.160130168431284,14.993272831509111,0.0,0.0,73.28668625
pointodyssey,pfpascal|catspp|False|False,pfpascal,catspp|False|False,12.26865,1.7490125306702442,0.5813969372647665,0.0,0.0,11.713115
pointodyssey,pfpascal|catspp|False|True,pfpascal,catspp|False|True,11.4723,1.7490125306702442,0.6440981502712726,0.0,0.0,11.9467
pointodyssey,pfpascal|glunet|False|False,pfpascal,glunet|False|False,18.1731,1.7490125306702442,0.5732668897015872,0.0,0.0,11.12738
pointodyssey,pfpascal|glunet|False|True,pfpascal,glunet|False|True,15.9056,1.7490125306702442,0.5175271735080085,0.0,0.0,11.19802
pointodyssey,pfpascal|raft|True|False,pfpascal,raft|True|False,15.79625,1.7490125306702442,0.4925574503625862,0.0,0.0,11.32337875
pointodyssey,pfwillow|catspp|False|False,pfwillow,catspp|False|False,15.5,1.167539247908305,0.3858171475693724,0.0,0.0,13.90222
pointodyssey,pfwillow|catspp|False|True,pfwillow,catspp|False|True,14.47225,1.167539247908305,0.4065703449197988,0.0,0.0,14.41555
pointodyssey,pfwillow|glunet|False|False,pfwillow,glunet|False|False,19.8741,1.167539247908305,0.3603218201402529,0.0,0.0,15.03968
pointodyssey,pfwillow|glunet|False|True,pfwillow,glunet|False|True,18.0556,1.167539247908305,0.3498423956290007,0.0,0.0,13.60015
pointodyssey,pfwillow|raft|True|False,pfwillow,raft|True|False,18.25555,1.167539247908305,0.3355683282156805,0.0,0.0,14.52649125
pointodyssey,pointodyssey|catspp|False|False,pointodyssey,catspp|False|False,68.8301,1.1787778397712816,1.753650065297108,0.0,0.0,42.213605
pointodyssey,pointodyssey|catspp|False|True,pointodyssey,catspp|False|True,80.8951,1.1787778397712816,1.959600053793888,0.0,0.0,48.02319
pointodyssey,pointodyssey|glunet|False|False,pointodyssey,glunet|False|False,94.4359,1.1787778397712816,2.0803440909407303,0.0,0.0,78.38383999999999
pointodyssey,pointodyssey|glunet|False|True,pointodyssey,glunet|False|True,91.0918,1.1787778397712816,1.979380824444336,0.0,0.0,73.04207
pointodyssey,pointodyssey|raft|True|False,pointodyssey,raft|True|False,58.56285,1.1787778397712816,1.8665916243611789,0.0,0.0,39.81557375
pointodyssey,spair|catspp|False|False,spair,catspp|False|False,3.1626,-0.3150165343896874,-0.0087895805161403,0.0,0.0,3.565295
pointodyssey,spair|catspp|False|True,spair,catspp|False|True,3.32435,-0.3150165343896874,-0.010942427403935,0.0,0.0,3.58669
pointodyssey,spair|glunet|False|False,spair,glunet|False|False,3.2579,-0.3150165343896874,-0.0105907414039246,0.0,0.0,2.8309100000000003
pointodyssey,spair|glunet|False|True,spair,glunet|False|True,2.6984,-0.3150165343896874,-0.0054001215573395,0.0,0.0,2.5693200000000003
pointodyssey,spair|raft|True|False,spair,raft|True|False,2.80045,-0.3150165343896874,-0.0089342839341651,0.0,0.0,2.76362875
pointodyssey,synthetic|catspp|False|False,synthetic,catspp|False|False,17.907249999999998,3.718848098481848,3.2041542850142024,0.0,0.0,23.253025
pointodyssey,synthetic|catspp|False|True,synthetic,catspp|False|True,17.94525,3.718848098481848,3.641868239434965,0.0,0.0,24.35764
pointodyssey,synthetic|glunet|False|False,synthetic,glunet|False|False,14.6555,3.718848098481848,2.411186254428588,0.0,0.0,16.6104
pointodyssey,synthetic|glunet|False|True,synthetic,glunet|False|True,13.3788,3.718848098481848,1.112209877651852,0.0,0.0,12.19839
pointodyssey,synthetic|raft|True|False,synthetic,raft|True|False,11.985,3.718848098481848,4.611490547714948,0.0,0.0,21.9052025
pointodyssey,tss|catspp|False|False,tss,catspp|False|False,27.7243,0.5956074033999926,0.4154288576448118,0.0,0.0,24.822655
pointodyssey,tss|catspp|False|True,tss,catspp|False|True,26.72155,0.5956074033999926,0.4440072131495969,0.0,0.0,25.47493
pointodyssey,tss|glunet|False|False,tss,glunet|False|False,41.4764,0.5956074033999926,0.4154147497271618,0.0,0.0,24.68923
pointodyssey,tss|glunet|False|True,tss,glunet|False|True,33.6273,0.5956074033999926,0.3464791559852636,0.0,0.0,21.93813
pointodyssey,tss|raft|True|False,tss,raft|True|False,27.3016,0.5956074033999926,0.3372165214461558,0.0,0.0,20.7535275
sintel,flyingthings|catspp|False|False,flyingthings,catspp|False|False,70.7445,0.2064577967654407,0.2870530154252405,0.0,0.0,56.183385
sintel,flyingthings|catspp|False|True,flyingthings,catspp|False|True,69.0867,0.2064577967654407,0.2866842364759999,0.0,0.0,57.48844
sintel,flyingthings|glunet|False|False,flyingthings,glunet|False|False,64.4604,0.2064577967654407,0.3057607026574843,0.0,0.0,58.32787
sintel,flyingthings|glunet|False|True,flyingthings,glunet|False|True,61.0606,0.2064577967654407,0.268673117172401,0.0,0.0,51.50011000000001
sintel,flyingthings|raft|True|False,flyingthings,raft|True|False,63.2297,0.2064577967654407,0.3698834354510146,0.0,0.0,49.50273
sintel,kitti2012|catspp|False|False,kitti2012,catspp|False|False,91.745,7.103025089485107,12.027820100944204,0.0,0.0,74.76225
sintel,kitti2012|catspp|False|True,kitti2012,catspp|False|True,92.0926,7.103025089485107,11.8242095786629,0.0,0.0,76.94268
sintel,kitti2012|glunet|False|False,kitti2012,glunet|False|False,96.5983,7.103025089485107,12.733060329848415,0.0,0.0,85.3386
sintel,kitti2012|glunet|False|True,kitti2012,glunet|False|True,94.6197,7.103025089485107,12.40128363398521,0.0,0.0,81.76045
sintel,kitti2012|raft|True|False,kitti2012,raft|True|False,94.0246,7.103025089485107,16.094814210704293,0.0,0.0,74.8940525
sintel,kitti2015|catspp|False|False,kitti2015,catspp|False|False,89.5554,6.06301847183192,9.96958138912729,0.0,0.0,77.28718
sintel,kitti2015|catspp|False|True,kitti2015,catspp|False|True,89.3623,6.06301847183192,9.800865161857272,0.0,0.0,78.14729
sintel,kitti2015|glunet|False|False,kitti2015,glunet|False|False,90.0772,6.06301847183192,10.29911489801589,0.0,0.0,81.41996
sintel,kitti2015|glunet|False|True,kitti2015,glunet|False|True,84.862,6.06301847183192,9.510339423452365,0.0,0.0,77.99336000000001
sintel,kitti2015|raft|True|False,kitti2015,raft|True|False,84.9165,6.06301847183192,12.632069793109077,0.0,0.0,73.13674625
sintel,pfpascal|catspp|False|False,pfpascal,catspp|False|False,15.8031,1.0506206763210304,0.3332876097315094,0.0,0.0,11.35967
sintel,pfpascal|catspp|False|True,pfpascal,catspp|False|True,15.5569,1.0506206763210304,0.3747913980985347,0.0,0.0,11.538239999999998
sintel,pfpascal|glunet|False|False,pfpascal,glunet|False|False,10.3086,1.0506206763210304,0.3773727021714099,0.0,0.0,11.91383
sintel,pfpascal|glunet|False|True,pfpascal,glunet|False|True,12.3527,1.0506206763210304,0.3275349953011259,0.0,0.0,11.55331
sintel,pfpascal|raft|True|False,pfpascal,raft|True|False,13.923,1.0506206763210304,0.3072578631587606,0.0,0.0,11.51070375
sintel,pfwillow|catspp|False|False,pfwillow,catspp|False|False,17.9333,-0.3608584580079551,-0.1147391982415747,0.0,0.0,13.65889
sintel,pfwillow|catspp|False|True,pfwillow,catspp|False|True,18.5333,-0.3608584580079551,-0.1201429884169416,0.0,0.0,14.009445
sintel,pfwillow|glunet|False|False,pfwillow,glunet|False|False,14.7707,-0.3608584580079551,-0.1171648573029373,0.0,0.0,15.55002
sintel,pfwillow|glunet|False|True,pfwillow,glunet|False|True,15.0111,-0.3608584580079551,-0.1129883423855178,0.0,0.0,13.9046
sintel,pfwillow|raft|True|False,pfwillow,raft|True|False,16.4025,-0.3608584580079551,-0.1066348088044122,0.0,0.0,14.71179625
sintel,pointodyssey|catspp|False|False,pointodyssey,catspp|False|False,47.6015,1.1381803597554974,1.810186645751187,0.0,0.0,44.336465
sintel,pointodyssey|catspp|False|True,pointodyssey,catspp|False|True,43.8201,1.1381803597554974,2.0448582965021678,0.0,0.0,51.73069
sintel,pointodyssey|glunet|False|False,pointodyssey,glunet|False|False,85.9719,1.1381803597554974,2.03470872219695,0.0,0.0,79.23024000000001
sintel,pointodyssey|glunet|False|True,pointodyssey,glunet|False|True,84.5038,1.1381803597554974,1.9386420613668165,0.0,0.0,73.70087
sintel,pointodyssey|raft|True|False,pointodyssey,raft|True|False,74.9348,1.1381803597554974,1.6174979792554562,0.0,0.0,38.17837875
sintel,spair|catspp|False|False,spair,catspp|False|False,3.7321,-5.101550654961996,-0.1466840708652646,0.0,0.0,3.508345
sintel,spair|catspp|False|True,spair,catspp|False|True,3.9026,-5.101550654961996,-0.1741784896254852,0.0,0.0,3.528865
sintel,spair|glunet|False|False,spair,glunet|False|False,2.3266,-5.101550654961996,-0.1645838195310796,0.0,0.0,2.92404
sintel,spair|glunet|False|True,spair,glunet|False|True,2.4731,-5.101550654961996,-0.0873641267249773,0.0,0.0,2.59185
sintel,spair|raft|True|False,spair,raft|True|False,2.3576,-5.101550654961996,-0.1353803585029437,0.0,0.0,2.80791375
sintel,synthetic|catspp|False|False,synthetic,catspp|False|False,22.7542,-10.106143448666444,-8.759774703239241,0.0,0.0,22.76833
sintel,synthetic|catspp|False|True,synthetic,catspp|False|True,20.3562,-10.106143448666444,-9.93230587269328,0.0,0.0,24.116545
sintel,synthetic|glunet|False|False,synthetic,glunet|False|False,10.5186,-10.106143448666444,-6.388522660243786,0.0,0.0,17.02409
sintel,synthetic|glunet|False|True,synthetic,glunet|False|True,10.7744,-10.106143448666444,-3.0016016691914182,0.0,0.0,12.45883
sintel,synthetic|raft|True|False,synthetic,raft|True|False,10.7984,-10.106143448666444,-12.43997683622953,0.0,0.0,22.0238625
sintel,tss|catspp|False|False,tss,catspp|False|False,32.9288,-1.3296096258044054,-0.894212632348533,0.0,0.0,24.302205
sintel,tss|catspp|False|True,tss,catspp|False|True,35.3243,-1.3296096258044054,-0.9390792346974908,0.0,0.0,24.614655
sintel,tss|glunet|False|False,tss,glunet|False|False,23.8706,-1.3296096258044054,-1.041457908312782,0.0,0.0,26.449810000000003
sintel,tss|glunet|False|True,tss,glunet|False|True,22.0866,-1.3296096258044054,-0.8413729691408821,0.0,0.0,23.0922
sintel,tss|raft|True|False,tss,raft|True|False,24.4577,-1.3296096258044054,-0.7676380839159405,0.0,0.0,21.0379175
spair,flyingthings|catspp|False|False,flyingthings,catspp|False|False,3.3861,-0.2746826565174036,-0.3333945961992298,0.0,0.0,62.919225
spair,flyingthings|catspp|False|True,flyingthings,catspp|False|True,3.963,-0.2746826565174036,-0.2989761517806822,0.0,0.0,64.00081
spair,flyingthings|glunet|False|False,flyingthings,glunet|False|False,4.0965,-0.2746826565174036,-0.3916728174835906,0.0,0.0,64.36426
spair,flyingthings|glunet|False|True,flyingthings,glunet|False|True,3.3265,-0.2746826565174036,-0.3347824712746656,0.0,0.0,57.27352
spair,flyingthings|raft|True|False,flyingthings,raft|True|False,3.4438,-0.2746826565174036,-0.7915933484971565,0.0,0.0,55.48132
spair,kitti2012|catspp|False|False,kitti2012,catspp|False|False,10.184,-8.041620946685711,-11.569376202853364,0.0,0.0,82.91835
spair,kitti2012|catspp|False|True,kitti2012,catspp|False|True,11.8574,-8.041620946685711,-9.693830473194858,0.0,0.0,84.9662
spair,kitti2012|glunet|False|False,kitti2012,glunet|False|False,12.4578,-8.041620946685711,-6.308646400059616,0.0,0.0,93.75265
spair,kitti2012|glunet|False|True,kitti2012,glunet|False|True,11.0648,-8.041620946685711,-6.776386866381353,0.0,0.0,90.11594
spair,kitti2012|raft|True|False,kitti2012,raft|True|False,12.1716,-8.041620946685711,-27.9225939790502,0.0,0.0,83.0793525
spair,kitti2015|catspp|False|False,kitti2015,catspp|False|False,10.8859,-7.072753817585912,-5.87623907987269,0.0,0.0,85.15413
spair,kitti2015|catspp|False|True,kitti2015,catspp|False|True,12.2973,-7.072753817585912,-4.866773490294372,0.0,0.0,85.85379
spair,kitti2015|glunet|False|False,kitti2015,glunet|False|False,13.6098,-7.072753817585912,-6.8745700433217785,0.0,0.0,89.0667
spair,kitti2015|glunet|False|True,kitti2015,glunet|False|True,14.6026,-7.072753817585912,-5.348190470542399,0.0,0.0,85.0193
spair,kitti2015|raft|True|False,kitti2015,raft|True|False,15.6081,-7.072753817585912,-22.41923614164115,0.0,0.0,80.06758625
spair,pfpascal|catspp|False|False,pfpascal,catspp|False|False,3.0238,-1.3966894218852477,-0.7293094297243481,0.0,0.0,12.6376
spair,pfpascal|catspp|False|True,pfpascal,catspp|False|True,3.1542,-1.3966894218852477,-0.8550723485856296,0.0,0.0,12.77851
spair,pfpascal|glunet|False|False,pfpascal,glunet|False|False,4.4643,-1.3966894218852477,-0.8945966001212245,0.0,0.0,12.498259999999998
spair,pfpascal|glunet|False|True,pfpascal,glunet|False|True,3.5234,-1.3966894218852477,-0.6935746510105911,0.0,0.0,12.436240000000002
spair,pfpascal|raft|True|False,pfpascal,raft|True|False,4.4726,-1.3966894218852477,-0.6831526194166126,0.0,0.0,12.45574375
spair,pfwillow|catspp|False|False,pfwillow,catspp|False|False,4.8667,-0.4504747772345673,-0.2266377244379906,0.0,0.0,14.96555
spair,pfwillow|catspp|False|True,pfwillow,catspp|False|True,5.5667,-0.4504747772345673,-0.2513587581107704,0.0,0.0,15.306105
spair,pfwillow|glunet|False|False,pfwillow,glunet|False|False,5.6222,-0.4504747772345673,-0.2045843707826465,0.0,0.0,16.464869999999998
spair,pfwillow|glunet|False|True,pfwillow,glunet|False|True,5.0111,-0.4504747772345673,-0.2090509475070306,0.0,0.0,14.9046
spair,pfwillow|raft|True|False,pfwillow,raft|True|False,8.1389,-0.4504747772345673,-0.2289566325666389,0.0,0.0,15.53815625
spair,pointodyssey|catspp|False|False,pointodyssey,catspp|False|False,3.4912,-1.302192479491085,-3.3055585815310007,0.0,0.0,48.747495
spair,pointodyssey|catspp|False|True,pointodyssey,catspp|False|True,4.4014,-1.302192479491085,-3.748997433820493,0.0,0.0,55.67256
spair,pointodyssey|glunet|False|False,pointodyssey,glunet|False|False,8.5059,-1.302192479491085,-1.462763387941879,0.0,0.0,86.97684000000001
spair,pointodyssey|glunet|False|True,pointodyssey,glunet|False|True,5.4396,-1.302192479491085,-1.2221258928075844,0.0,0.0,81.60729
spair,pointodyssey|raft|True|False,pointodyssey,raft|True|False,9.7147,-1.302192479491085,-3.8088214217934993,0.0,0.0,44.70038875
spair,spair|catspp|False|False,spair,catspp|False|False,3.018,1.4877729629731506,0.0799075102130547,0.0,0.0,3.579755
spair,spair|catspp|False|True,spair,catspp|False|True,2.944,1.4877729629731506,0.0960273004814786,0.0,0.0,3.624725
spair,spair|glunet|False|False,spair,glunet|False|False,3.0334,1.4877729629731506,0.1042786827259533,0.0,0.0,2.85336
spair,spair|glunet|False|True,spair,glunet|False|True,2.6825,1.4877729629731506,0.051744564031294,0.0,0.0,2.57091
spair,spair|raft|True|False,spair,raft|True|False,3.1416,1.4877729629731506,0.0809586781239079,0.0,0.0,2.72951375
spair,synthetic|catspp|False|False,synthetic,catspp|False|False,4.0712,1.611050503877616,2.42638691405747,0.0,0.0,24.63663
spair,synthetic|catspp|False|True,synthetic,catspp|False|True,4.077,1.611050503877616,2.8310891743834943,0.0,0.0,25.744465
spair,synthetic|glunet|False|False,synthetic,glunet|False|False,3.8373,1.611050503877616,1.8738938480098537,0.0,0.0,17.69222
spair,synthetic|glunet|False|True,synthetic,glunet|False|True,3.9451,1.611050503877616,0.7275593514993056,0.0,0.0,13.14176
spair,synthetic|raft|True|False,synthetic,raft|True|False,4.2572,1.611050503877616,3.8860712392158026,0.0,0.0,22.6779825
spair,tss|catspp|False|False,tss,catspp|False|False,5.2821,-0.3022174237432369,-0.3144507159006018,0.0,0.0,27.066875
spair,tss|catspp|False|True,tss,catspp|False|True,5.6335,-0.3022174237432369,-0.3496130849604615,0.0,0.0,27.583735
spair,tss|glunet|False|False,tss,glunet|False|False,5.711,-0.3022174237432369,-0.3759750462776176,0.0,0.0,28.26577
spair,tss|glunet|False|True,tss,glunet|False|True,5.6742,-0.3022174237432369,-0.2934650352643366,0.0,0.0,24.73344
spair,tss|raft|True|False,tss,raft|True|False,6.1812,-0.3022174237432369,-0.2790692098825155,0.0,0.0,22.8655675
synthetic,flyingthings|catspp|False|False,flyingthings,catspp|False|False,58.1203,0.1991808961437976,0.2778064987491195,0.0,0.0,57.44580499999999
synthetic,flyingthings|catspp|False|True,flyingthings,catspp|False|True,57.0993,0.1991808961437976,0.2748823463418492,0.0,0.0,58.68718
synthetic,flyingthings|glunet|False|False,flyingthings,glunet|False|False,69.5375,0.1991808961437976,0.2854260433466451,0.0,0.0,57.82016
synthetic,flyingthings|glunet|False|True,flyingthings,glunet|False|True,56.1849,0.1991808961437976,0.2561407379470889,0.0,0.0,51.98768
synthetic,flyingthings|raft|True|False,flyingthings,raft|True|False,65.58855,0.1991808961437976,0.3470444008561922,0.0,0.0,49.266845
synthetic,kitti2012|catspp|False|False,kitti2012,catspp|False|False,83.2552,-0.1279479326331226,-0.2159078539928893,0.0,0.0,75.61123
synthetic,kitti2012|catspp|False|True,kitti2012,catspp|False|True,82.5049,-0.1279479326331226,-0.2120097308028725,0.0,0.0,77.90145
synthetic,kitti2012|glunet|False|False,kitti2012,glunet|False|False,96.3978,-0.1279479326331226,-0.2244353118106273,0.0,0.0,85.35865
synthetic,kitti2012|glunet|False|True,kitti2012,glunet|False|True,84.216,-0.1279479326331226,-0.221258551591687,0.0,0.0,82.80082
synthetic,kitti2012|raft|True|False,kitti2012,raft|True|False,87.91614999999999,-0.1279479326331226,-0.2863408774683749,0.0,0.0,75.5048975
synthetic,kitti2015|catspp|False|False,kitti2015,catspp|False|False,86.5834,-0.2037451580386293,-0.3296933422313463,0.0,0.0,77.58438
synthetic,kitti2015|catspp|False|True,kitti2015,catspp|False|True,86.8286,-0.2037451580386293,-0.3237532082713862,0.0,0.0,78.40066
synthetic,kitti2015|glunet|False|False,kitti2015,glunet|False|False,93.5085,-0.2037451580386293,-0.3363254614009308,0.0,0.0,81.07683
synthetic,kitti2015|glunet|False|True,kitti2015,glunet|False|True,86.9497,-0.2037451580386293,-0.3115045443668807,0.0,0.0,77.78459000000001
synthetic,kitti2015|raft|True|False,kitti2015,raft|True|False,89.93475000000001,-0.2037451580386293,-0.4115809171252313,0.0,0.0,72.63492125
synthetic,pfpascal|catspp|False|False,pfpascal,catspp|False|False,14.1789,0.8030707840014337,0.2565109477654688,0.0,0.0,11.52209
synthetic,pfpascal|catspp|False|True,pfpascal,catspp|False|True,14.3443,0.8030707840014337,0.284841630104211,0.0,0.0,11.6595
synthetic,pfpascal|glunet|False|False,pfpascal,glunet|False|False,13.9864,0.8030707840014337,0.2804046694861201,0.0,0.0,11.54605
synthetic,pfpascal|glunet|False|True,pfpascal,glunet|False|True,13.1695,0.8030707840014337,0.2435535545896719,0.0,0.0,11.47163
synthetic,pfpascal|raft|True|False,pfpascal,raft|True|False,14.4373,0.8030707840014337,0.2277884066701292,0.0,0.0,11.45927375
synthetic,pfwillow|catspp|False|False,pfwillow,catspp|False|False,15.2778,0.5707211400789612,0.1841999222023613,0.0,0.0,13.92444
synthetic,pfwillow|catspp|False|True,pfwillow,catspp|False|True,15.1333,0.5707211400789612,0.1935714682877954,0.0,0.0,14.349445
synthetic,pfwillow|glunet|False|False,pfwillow,glunet|False|False,19.4667,0.5707211400789612,0.1735211025481835,0.0,0.0,15.08042
synthetic,pfwillow|glunet|False|True,pfwillow,glunet|False|True,14.6222,0.5707211400789612,0.175117772400819,0.0,0.0,13.94349
synthetic,pfwillow|raft|True|False,pfwillow,raft|True|False,18.722250000000003,0.5707211400789612,0.158063075654911,0.0,0.0,14.47982125
synthetic,pointodyssey|catspp|False|False,pointodyssey,catspp|False|False,38.9858,0.5312139582523874,0.8242459482151157,0.0,0.0,45.198035
synthetic,pointodyssey|catspp|False|True,pointodyssey,catspp|False|True,43.2626,0.5312139582523874,0.932851110011574,0.0,0.0,51.78643999999999
synthetic,pointodyssey|glunet|False|False,pointodyssey,glunet|False|False,92.0672,0.5312139582523874,0.91956132963238,0.0,0.0,78.62071
synthetic,pointodyssey|glunet|False|True,pointodyssey,glunet|False|True,80.199,0.5312139582523874,0.8907903948023255,0.0,0.0,74.13135
synthetic,pointodyssey|raft|True|False,pointodyssey,raft|True|False,34.6076,0.5312139582523874,0.8428119048346265,0.0,0.0,42.21109875
synthetic,spair|catspp|False|False,spair,catspp|False|False,4.0731,3.5558366558621888,0.0907585804433506,0.0,0.0,3.474245
synthetic,spair|catspp|False|True,spair,catspp|False|True,4.0341,3.5558366558621888,0.1156045788431981,0.0,0.0,3.515715
synthetic,spair|glunet|False|False,spair,glunet|False|False,3.6526,3.5558366558621888,0.1019404404510709,0.0,0.0,2.79144
synthetic,spair|glunet|False|True,spair,glunet|False|True,2.9367,3.5558366558621888,0.052472402888856,0.0,0.0,2.54549
synthetic,spair|raft|True|False,spair,raft|True|False,3.3421000000000003,3.5558366558621888,0.0859676043546645,0.0,0.0,2.7094637500000003
synthetic,synthetic|catspp|False|False,synthetic,catspp|False|False,22.1053,3.786918091738441,3.2102027251047427,0.0,0.0,22.83322
synthetic,synthetic|catspp|False|True,synthetic,catspp|False|True,21.8997,3.786918091738441,3.6493036864872233,0.0,0.0,23.962195
synthetic,synthetic|glunet|False|False,synthetic,glunet|False|False,27.0582,3.786918091738441,2.2071586060651587,0.0,0.0,15.37013
synthetic,synthetic|glunet|False|True,synthetic,glunet|False|True,16.1312,3.786918091738441,1.0554422035508055,0.0,0.0,11.92315
synthetic,synthetic|raft|True|False,synthetic,raft|True|False,25.1774,3.786918091738441,4.633675079534926,0.0,0.0,20.5859625
synthetic,tss|catspp|False|False,tss,catspp|False|False,32.3684,0.5266879845221951,0.3483343956712638,0.0,0.0,24.358245
synthetic,tss|catspp|False|True,tss,catspp|False|True,29.7936,0.5266879845221951,0.3796104558304559,0.0,0.0,25.167725
synthetic,tss|glunet|False|False,tss,glunet|False|False,36.1641,0.5266879845221951,0.3855528423237255,0.0,0.0,25.22046
synthetic,tss|glunet|False|True,tss,glunet|False|True,27.3178,0.5266879845221951,0.3218376934863702,0.0,0.0,22.56908
synthetic,tss|raft|True|False,tss,raft|True|False,27.3868,0.5266879845221951,0.2905212365545116,0.0,0.0,20.7450075
synthetic_2d_warp,flyingthings|catspp|False|False,flyingthings,catspp|False|False,62.5568,0.203513589680121,0.286623259208891,0.0,0.0,57.002155
synthetic_2d_warp,flyingthings|catspp|False|True,flyingthings,catspp|False|True,58.9743,0.203513589680121,0.2846913949526693,0.0,0.0,58.49968
synthetic_2d_warp,flyingthings|glunet|False|False,flyingthings,glunet|False|False,71.3364,0.203513589680121,0.2938896818033501,0.0,0.0,57.64027
synthetic_2d_warp,flyingthings|glunet|False|True,flyingthings,glunet|False|True,56.8539,0.203513589680121,0.2649649390020541,0.0,0.0,51.92078
synthetic_2d_warp,flyingthings|raft|True|False,flyingthings,raft|True|False,68.432,0.203513589680121,0.3563233480500632,0.0,0.0,48.9825
synthetic_2d_warp,kitti2012|catspp|False|False,kitti2012,catspp|False|False,76.4616,-0.1110398692425144,-0.1907578221869744,0.0,0.0,76.29059
synthetic_2d_warp,kitti2012|catspp|False|True,kitti2012,catspp|False|True,77.1277,-0.1110398692425144,-0.1867498277568207,0.0,0.0,78.43917
synthetic_2d_warp,kitti2012|glunet|False|False,kitti2012,glunet|False|False,93.4764,-0.1110398692425144,-0.1982561087250519,0.0,0.0,85.65079
synthetic_2d_warp,kitti2012|glunet|False|True,kitti2012,glunet|False|True,91.3276,-0.1110398692425144,-0.1933547962290585,0.0,0.0,82.08966000000001
synthetic_2d_warp,kitti2012|raft|True|False,kitti2012,raft|True|False,84.6833,-0.1110398692425144,-0.2526796508415208,0.0,0.0,75.8281825
synthetic_2d_warp,kitti2015|catspp|False|False,kitti2015,catspp|False|False,83.0162,-0.1738321772201342,-0.2864032132125681,0.0,0.0,77.94109999999999
synthetic_2d_warp,kitti2015|catspp|False|True,kitti2015,catspp|False|True,79.9745,-0.1738321772201342,-0.2816665453727331,0.0,0.0,79.08606999999999
synthetic_2d_warp,kitti2015|glunet|False|False,kitti2015,glunet|False|False,89.7925,-0.1738321772201342,-0.292823095365653,0.0,0.0,81.44843
synthetic_2d_warp,kitti2015|glunet|False|True,kitti2015,glunet|False|True,87.0141,-0.1738321772201342,-0.2692873076530118,0.0,0.0,77.77815000000001
synthetic_2d_warp,kitti2015|raft|True|False,kitti2015,raft|True|False,90.2207,-0.1738321772201342,-0.3556288991985999,0.0,0.0,72.60632625
synthetic_2d_warp,pfpascal|catspp|False|False,pfpascal,catspp|False|False,10.5271,0.8000745847753522,0.2619404590112795,0.0,0.0,11.88727
synthetic_2d_warp,pfpascal|catspp|False|True,pfpascal,catspp|False|True,10.9336,0.8000745847753522,0.2906904026132009,0.0,0.0,12.00057
synthetic_2d_warp,pfpascal|glunet|False|False,pfpascal,glunet|False|False,8.3855,0.8000745847753522,0.2789180809184976,0.0,0.0,12.10614
synthetic_2d_warp,pfpascal|glunet|False|True,pfpascal,glunet|False|True,13.3499,0.8000745847753522,0.2454548688464115,0.0,0.0,11.45359
synthetic_2d_warp,pfpascal|raft|True|False,pfpascal,raft|True|False,11.7703,0.8000745847753522,0.2356315703337368,0.0,0.0,11.72597375
synthetic_2d_warp,pfwillow|catspp|False|False,pfwillow,catspp|False|False,11.9667,0.5668955416548873,0.1840329811055056,0.0,0.0,14.25555
synthetic_2d_warp,pfwillow|catspp|False|True,pfwillow,catspp|False|True,13.4667,0.5668955416548873,0.1946560142439559,0.0,0.0,14.516105
synthetic_2d_warp,pfwillow|glunet|False|False,pfwillow,glunet|False|False,16.7914,0.5668955416548873,0.1818428796727234,0.0,0.0,15.34795
synthetic_2d_warp,pfwillow|glunet|False|True,pfwillow,glunet|False|True,16.6778,0.5668955416548873,0.172768918697902,0.0,0.0,13.73793
synthetic_2d_warp,pfwillow|raft|True|False,pfwillow,raft|True|False,14.7593,0.5668955416548873,0.1673240461661759,0.0,0.0,14.87611625
synthetic_2d_warp,pointodyssey|catspp|False|False,pointodyssey,catspp|False|False,51.6048,0.5465575234362168,0.8577493444094981,0.0,0.0,43.936135
synthetic_2d_warp,pointodyssey|catspp|False|True,pointodyssey,catspp|False|True,65.9417,0.5465575234362168,0.9584599563454048,0.0,0.0,49.51853
synthetic_2d_warp,pointodyssey|glunet|False|False,pointodyssey,glunet|False|False,92.1122,0.5465575234362168,0.9586648031547076,0.0,0.0,78.61621
synthetic_2d_warp,pointodyssey|glunet|False|True,pointodyssey,glunet|False|True,81.446,0.5465575234362168,0.9273790822027248,0.0,0.0,74.00665000000001
synthetic_2d_warp,pointodyssey|raft|True|False,pointodyssey,raft|True|False,38.923,0.5465575234362168,0.8826510009232453,0.0,0.0,41.77955875
synthetic_2d_warp,spair|catspp|False|False,spair,catspp|False|False,3.1293,3.5785368879917128,0.097734418002337,0.0,0.0,3.568625
synthetic_2d_warp,spair|catspp|False|True,spair,catspp|False|True,3.183,3.5785368879917128,0.1202479721921457,0.0,0.0,3.6008250000000004
synthetic_2d_warp,spair|glunet|False|False,spair,glunet|False|False,2.6434,3.5785368879917128,0.1218603227321562,0.0,0.0,2.89236
synthetic_2d_warp,spair|glunet|False|True,spair,glunet|False|True,2.5156,3.5785368879917128,0.061180088057369,0.0,0.0,2.5876
synthetic_2d_warp,spair|raft|True|False,spair,raft|True|False,3.0927,3.5785368879917128,0.096453143863163,0.0,0.0,2.73440375
synthetic_2d_warp,synthetic|catspp|False|False,synthetic,catspp|False|False,20.1312,3.86137648995797,3.308818606764851,0.0,0.0,23.03063
synthetic_2d_warp,synthetic|catspp|False|True,synthetic,catspp|False|True,18.8784,3.86137648995797,3.7479682823458553,0.0,0.0,24.264325000000003
synthetic_2d_warp,synthetic|glunet|False|False,synthetic,glunet|False|False,23.9947,3.86137648995797,2.380772480505584,0.0,0.0,15.676480000000002
synthetic_2d_warp,synthetic|glunet|False|True,synthetic,glunet|False|True,12.7059,3.86137648995797,1.144824266943042,0.0,0.0,12.26568
synthetic_2d_warp,synthetic|raft|True|False,synthetic,raft|True|False,21.9875,3.86137648995797,4.802277131501346,0.0,0.0,20.9049525
synthetic_2d_warp,tss|catspp|False|False,tss,catspp|False|False,20.8428,0.5452648690721884,0.3733573712563409,0.0,0.0,25.510805
synthetic_2d_warp,tss|catspp|False|True,tss,catspp|False|True,20.0086,0.5452648690721884,0.395419026363014,0.0,0.0,26.146225
synthetic_2d_warp,tss|glunet|False|False,tss,glunet|False|False,23.6203,0.5452648690721884,0.4231063072420526,0.0,0.0,26.47484
synthetic_2d_warp,tss|glunet|False|True,tss,glunet|False|True,26.4422,0.5452648690721884,0.3393170033260168,0.0,0.0,22.65664
synthetic_2d_warp,tss|raft|True|False,tss,raft|True|False,22.1823,0.5452648690721884,0.3144355288204232,0.0,0.0,21.2654575
synthetic_large_zoom,flyingthings|catspp|False|False,flyingthings,catspp|False|False,67.1619,0.1961541094831645,0.2794212046649054,0.0,0.0,56.541645
synthetic_large_zoom,flyingthings|catspp|False|True,flyingthings,catspp|False|True,72.1858,0.1961541094831645,0.2726543980586185,0.0,0.0,57.17853
synthetic_large_zoom,flyingthings|glunet|False|False,flyingthings,glunet|False|False,62.2616,0.1961541094831645,0.2948387076985171,0.0,0.0,58.54774999999999
synthetic_large_zoom,flyingthings|glunet|False|True,flyingthings,glunet|False|True,57.5697,0.1961541094831645,0.2605211675892634,0.0,0.0,51.8492
synthetic_large_zoom,flyingthings|raft|True|False,flyingthings,raft|True|False,59.3757,0.1961541094831645,0.3583278942335339,0.0,0.0,49.88813
synthetic_large_zoom,kitti2012|catspp|False|False,kitti2012,catspp|False|False,88.0451,6.096969011484007,10.555889783475733,0.0,0.0,75.13224
synthetic_large_zoom,kitti2012|catspp|False|True,kitti2012,catspp|False|True,94.8248,6.096969011484007,10.18657946525905,0.0,0.0,76.66946
synthetic_large_zoom,kitti2012|glunet|False|False,kitti2012,glunet|False|False,97.9959,6.096969011484007,11.034280706636276,0.0,0.0,85.19883999999999
synthetic_large_zoom,kitti2012|glunet|False|True,kitti2012,glunet|False|True,97.0676,6.096969011484007,10.712010107026211,0.0,0.0,81.51566
synthetic_large_zoom,kitti2012|raft|True|False,kitti2012,raft|True|False,98.2011,6.096969011484007,13.85829278925226,0.0,0.0,74.47640249999999
synthetic_large_zoom,kitti2015|catspp|False|False,kitti2015,catspp|False|False,90.7618,5.548117915944554,9.20771735621298,0.0,0.0,77.16654
synthetic_large_zoom,kitti2015|catspp|False|True,kitti2015,catspp|False|True,93.0548,5.548117915944554,8.990379938253982,0.0,0.0,77.77804
synthetic_large_zoom,kitti2015|glunet|False|False,kitti2015,glunet|False|False,93.9536,5.548117915944554,9.468560101029102,0.0,0.0,81.03232
synthetic_large_zoom,kitti2015|glunet|False|True,kitti2015,glunet|False|True,88.1684,5.548117915944554,8.75640206945015,0.0,0.0,77.66272000000001
synthetic_large_zoom,kitti2015|raft|True|False,kitti2015,raft|True|False,94.1569,5.548117915944554,11.481430905443336,0.0,0.0,72.21270625
synthetic_large_zoom,pfpascal|catspp|False|False,pfpascal,catspp|False|False,16.3109,1.0847112758277349,0.3440040092134981,0.0,0.0,11.30889
synthetic_large_zoom,pfpascal|catspp|False|True,pfpascal,catspp|False|True,17.9071,1.0847112758277349,0.3712112497614242,0.0,0.0,11.30322
synthetic_large_zoom,pfpascal|glunet|False|False,pfpascal,glunet|False|False,16.1068,1.0847112758277349,0.3795470740122495,0.0,0.0,11.33401
synthetic_large_zoom,pfpascal|glunet|False|True,pfpascal,glunet|False|True,14.5575,1.0847112758277349,0.334111730909125,0.0,0.0,11.33283
synthetic_large_zoom,pfpascal|raft|True|False,pfpascal,raft|True|False,11.9889,1.0847112758277349,0.3261935529027416,0.0,0.0,11.70411375
synthetic_large_zoom,pfwillow|catspp|False|False,pfwillow,catspp|False|False,18.7222,0.5078581701183474,0.1603185255711611,0.0,0.0,13.580000000000002
synthetic_large_zoom,pfwillow|catspp|False|True,pfwillow,catspp|False|True,19.8667,0.5078581701183474,0.1654465637716489,0.0,0.0,13.876105
synthetic_large_zoom,pfwillow|glunet|False|False,pfwillow,glunet|False|False,18.3917,0.5078581701183474,0.163273673371989,0.0,0.0,15.18792
synthetic_large_zoom,pfwillow|glunet|False|True,pfwillow,glunet|False|True,16.3506,0.5078581701183474,0.1588553047515904,0.0,0.0,13.77065
synthetic_large_zoom,pfwillow|raft|True|False,pfwillow,raft|True|False,17.8333,0.5078581701183474,0.1486837223249446,0.0,0.0,14.56871625
synthetic_large_zoom,pointodyssey|catspp|False|False,pointodyssey,catspp|False|False,34.7757,1.057271440421564,1.6851610993612969,0.0,0.0,45.619045
synthetic_large_zoom,pointodyssey|catspp|False|True,pointodyssey,catspp|False|True,62.7536,1.057271440421564,1.9081963120688457,0.0,0.0,49.83734
synthetic_large_zoom,pointodyssey|glunet|False|False,pointodyssey,glunet|False|False,85.5722,1.057271440421564,1.9141979887529177,0.0,0.0,79.27020999999999
synthetic_large_zoom,pointodyssey|glunet|False|True,pointodyssey,glunet|False|True,80.976,1.057271440421564,1.8332348243189225,0.0,0.0,74.05364999999999
synthetic_large_zoom,pointodyssey|raft|True|False,pointodyssey,raft|True|False,36.4545,1.057271440421564,1.7402157799513631,0.0,0.0,42.02640875
synthetic_large_zoom,spair|catspp|False|False,spair,catspp|False|False,4.0943,0.941717884303034,0.0246288964782499,0.0,0.0,3.472125
synthetic_large_zoom,spair|catspp|False|True,spair,catspp|False|True,4.1558,0.941717884303034,0.0306052534600794,0.0,0.0,3.503545
synthetic_large_zoom,spair|glunet|False|False,spair,glunet|False|False,3.0531,0.941717884303034,0.0328906089256416,0.0,0.0,2.85139
synthetic_large_zoom,spair|glunet|False|True,spair,glunet|False|True,2.5485,0.941717884303034,0.0164936847577466,0.0,0.0,2.58431
synthetic_large_zoom,spair|raft|True|False,spair,raft|True|False,2.9715,0.941717884303034,0.0265593168403585,0.0,0.0,2.74652375
synthetic_large_zoom,synthetic|catspp|False|False,synthetic,catspp|False|False,39.135,2.194133989638694,1.7177754479790233,0.0,0.0,21.13025
synthetic_large_zoom,synthetic|catspp|False|True,synthetic,catspp|False|True,48.6509,2.194133989638694,1.747071251925564,0.0,0.0,21.287075
synthetic_large_zoom,synthetic|glunet|False|False,synthetic,glunet|False|False,18.5281,2.194133989638694,1.434520640119033,0.0,0.0,16.22314
synthetic_large_zoom,synthetic|glunet|False|True,synthetic,glunet|False|True,15.7459,2.194133989638694,0.6390961533759988,0.0,0.0,11.96168
synthetic_large_zoom,synthetic|raft|True|False,synthetic,raft|True|False,51.426,2.194133989638694,2.2710751761658607,0.0,0.0,17.9611025
synthetic_large_zoom,tss|catspp|False|False,tss,catspp|False|False,33.0076,0.7906811464765034,0.5379002910068459,0.0,0.0,24.294325
synthetic_large_zoom,tss|catspp|False|True,tss,catspp|False|True,37.3118,0.7906811464765034,0.5513373352337777,0.0,0.0,24.415905
synthetic_large_zoom,tss|glunet|False|False,tss,glunet|False|False,32.7962,0.7906811464765034,0.615817741348795,0.0,0.0,25.55725
synthetic_large_zoom,tss|glunet|False|True,tss,glunet|False|True,27.4139,0.7906811464765034,0.4997253327792025,0.0,0.0,22.55947
synthetic_large_zoom,tss|raft|True|False,tss,raft|True|False,25.936,0.7906811464765034,0.4575914084593558,0.0,0.0,20.8900875
synthetic_random_flipping,flyingthings|catspp|False|False,flyingthings,catspp|False|False,43.8954,-1.653420366213377,-2.3177508910446902,0.0,0.0,58.868295
synthetic_random_flipping,flyingthings|catspp|False|True,flyingthings,catspp|False|True,50.8063,-1.653420366213377,-2.3358003888494183,0.0,0.0,59.31648
synthetic_random_flipping,flyingthings|glunet|False|False,flyingthings,glunet|False|False,63.9418,-1.653420366213377,-2.4742578591814404,0.0,0.0,58.37973
synthetic_random_flipping,flyingthings|glunet|False|True,flyingthings,glunet|False|True,50.412,-1.653420366213377,-2.1987288444400805,0.0,0.0,52.56497
synthetic_random_flipping,flyingthings|raft|True|False,flyingthings,raft|True|False,54.9845,-1.653420366213377,-3.027497232384544,0.0,0.0,50.32725000000001
synthetic_random_flipping,kitti2012|catspp|False|False,kitti2012,catspp|False|False,62.5595,-32.94664519773881,-56.60864664384126,0.0,0.0,77.6808
synthetic_random_flipping,kitti2012|catspp|False|True,kitti2012,catspp|False|True,71.5744,-32.94664519773881,-56.19619288532621,0.0,0.0,78.9945
synthetic_random_flipping,kitti2012|glunet|False|False,kitti2012,glunet|False|False,95.0148,-32.94664519773881,-59.79334688295951,0.0,0.0,85.49695
synthetic_random_flipping,kitti2012|glunet|False|True,kitti2012,glunet|False|True,83.8602,-32.94664519773881,-58.81623505392835,0.0,0.0,82.8364
synthetic_random_flipping,kitti2012|raft|True|False,kitti2012,raft|True|False,86.3393,-32.94664519773881,-76.24879642458744,0.0,0.0,75.6625825
synthetic_random_flipping,kitti2015|catspp|False|False,kitti2015,catspp|False|False,72.005,-32.94664519773881,-55.18215810805015,0.0,0.0,79.04222
synthetic_random_flipping,kitti2015|catspp|False|True,kitti2015,catspp|False|True,78.5201,-32.94664519773881,-54.38156001645707,0.0,0.0,79.23151
synthetic_random_flipping,kitti2015|glunet|False|False,kitti2015,glunet|False|False,90.6756,-32.94664519773881,-56.45472729361687,0.0,0.0,81.36012000000001
synthetic_random_flipping,kitti2015|glunet|False|True,kitti2015,glunet|False|True,84.0249,-32.94664519773881,-52.240750145974765,0.0,0.0,78.07707
synthetic_random_flipping,kitti2015|raft|True|False,kitti2015,raft|True|False,85.0135,-32.94664519773881,-69.30051045841056,0.0,0.0,73.12704625
synthetic_random_flipping,pfpascal|catspp|False|False,pfpascal,catspp|False|False,5.3233,-9.70576081847355,-2.8780231393648665,0.0,0.0,12.40765
synthetic_random_flipping,pfpascal|catspp|False|True,pfpascal,catspp|False|True,6.5354,-9.70576081847355,-3.372283920304139,0.0,0.0,12.44039
synthetic_random_flipping,pfpascal|glunet|False|False,pfpascal,glunet|False|False,8.1688,-9.70576081847355,-3.4345979077952644,0.0,0.0,12.12781
synthetic_random_flipping,pfpascal|glunet|False|True,pfpascal,glunet|False|True,5.604,-9.70576081847355,-2.7150193967132554,0.0,0.0,12.22818
synthetic_random_flipping,pfpascal|raft|True|False,pfpascal,raft|True|False,7.6938,-9.70576081847355,-2.753841754895633,0.0,0.0,12.133623750000002
synthetic_random_flipping,pfwillow|catspp|False|False,pfwillow,catspp|False|False,8.2333,-2.267269296778303,-0.6883205116684781,0.0,0.0,14.628890000000002
synthetic_random_flipping,pfwillow|catspp|False|True,pfwillow,catspp|False|True,8.9444,-2.267269296778303,-0.7360295936770322,0.0,0.0,14.968335
synthetic_random_flipping,pfwillow|glunet|False|False,pfwillow,glunet|False|False,13.3667,-2.267269296778303,-0.7352687174706021,0.0,0.0,15.69042
synthetic_random_flipping,pfwillow|glunet|False|True,pfwillow,glunet|False|True,7.7889,-2.267269296778303,-0.6332534921982422,0.0,0.0,14.62682
synthetic_random_flipping,pfwillow|raft|True|False,pfwillow,raft|True|False,13.5556,-2.267269296778303,-0.6779257872631944,0.0,0.0,14.99648625
synthetic_random_flipping,pointodyssey|catspp|False|False,pointodyssey,catspp|False|False,17.1954,-9.374092946422447,-13.729090413184634,0.0,0.0,47.377075000000005
synthetic_random_flipping,pointodyssey|catspp|False|True,pointodyssey,catspp|False|True,17.5356,-9.374092946422447,-15.310278276092152,0.0,0.0,54.35914
synthetic_random_flipping,pointodyssey|glunet|False|False,pointodyssey,glunet|False|False,88.4868,-9.374092946422447,-16.864410732817078,0.0,0.0,78.97875
synthetic_random_flipping,pointodyssey|glunet|False|True,pointodyssey,glunet|False|True,78.4489,-9.374092946422447,-16.252065503548405,0.0,0.0,74.30636
synthetic_random_flipping,pointodyssey|raft|True|False,pointodyssey,raft|True|False,33.6102,-9.374092946422447,-15.327782437552086,0.0,0.0,42.31083875
synthetic_random_flipping,spair|catspp|False|False,spair,catspp|False|False,3.3223,6.122963039823103,0.177688217909953,0.0,0.0,3.5493250000000005
synthetic_random_flipping,spair|catspp|False|True,spair,catspp|False|True,3.4986,6.122963039823103,0.2167702939228536,0.0,0.0,3.569265
synthetic_random_flipping,spair|glunet|False|False,spair,glunet|False|False,3.3198,6.122963039823103,0.2044575703151885,0.0,0.0,2.82472
synthetic_random_flipping,spair|glunet|False|True,spair,glunet|False|True,2.7843,6.122963039823103,0.1027675155540507,0.0,0.0,2.5607300000000004
synthetic_random_flipping,spair|raft|True|False,spair,raft|True|False,2.895,6.122963039823103,0.173846126565924,0.0,0.0,2.75417375
synthetic_random_flipping,synthetic|catspp|False|False,synthetic,catspp|False|False,19.2799,7.114129339732402,6.197393751176822,0.0,0.0,23.11576
synthetic_random_flipping,synthetic|catspp|False|True,synthetic,catspp|False|True,21.8158,7.114129339732402,7.076077336630486,0.0,0.0,23.970585
synthetic_random_flipping,synthetic|glunet|False|False,synthetic,glunet|False|False,33.5541,7.114129339732402,3.6056044839066743,0.0,0.0,14.72054
synthetic_random_flipping,synthetic|glunet|False|True,synthetic,glunet|False|True,16.7068,7.114129339732402,2.012291022175893,0.0,0.0,11.86559
synthetic_random_flipping,synthetic|raft|True|False,synthetic,raft|True|False,24.5252,7.114129339732402,8.993884526611273,0.0,0.0,20.6511825
synthetic_random_flipping,tss|catspp|False|False,tss,catspp|False|False,11.4546,0.6654047761450885,0.4148227527513708,0.0,0.0,26.449625000000005
synthetic_random_flipping,tss|catspp|False|True,tss,catspp|False|True,15.3875,0.6654047761450885,0.4720024977566422,0.0,0.0,26.608335
synthetic_random_flipping,tss|glunet|False|False,tss,glunet|False|False,26.1956,0.6654047761450885,0.5276097152819988,0.0,0.0,26.21731
synthetic_random_flipping,tss|glunet|False|True,tss,glunet|False|True,14.4363,0.6654047761450885,0.4025384033304044,0.0,0.0,23.85723
synthetic_random_flipping,tss|raft|True|False,tss,raft|True|False,18.9126,0.6654047761450885,0.389137416139179,0.0,0.0,21.5924275
synthetic_small_zoom,flyingthings|catspp|False|False,flyingthings,catspp|False|False,66.7727,0.1460225056269213,0.2095784224194528,0.0,0.0,56.580565
synthetic_small_zoom,flyingthings|catspp|False|True,flyingthings,catspp|False|True,70.0137,0.1460225056269213,0.2059692467634607,0.0,0.0,57.39574
synthetic_small_zoom,flyingthings|glunet|False|False,flyingthings,glunet|False|False,64.6211,0.1460225056269213,0.220290489349043,0.0,0.0,58.311800000000005
synthetic_small_zoom,flyingthings|glunet|False|True,flyingthings,glunet|False|True,57.9755,0.1460225056269213,0.1950527966238375,0.0,0.0,51.80862
synthetic_small_zoom,flyingthings|raft|True|False,flyingthings,raft|True|False,63.0829,0.1460225056269213,0.2666384615846639,0.0,0.0,49.51741
synthetic_small_zoom,kitti2012|catspp|False|False,kitti2012,catspp|False|False,90.3601,7.047328646980306,12.208393908358222,0.0,0.0,74.90074
synthetic_small_zoom,kitti2012|catspp|False|True,kitti2012,catspp|False|True,91.7972,7.047328646980306,11.963059808279567,0.0,0.0,76.97222000000001
synthetic_small_zoom,kitti2012|glunet|False|False,kitti2012,glunet|False|False,98.5049,7.047328646980306,12.822928181044023,0.0,0.0,85.14794
synthetic_small_zoom,kitti2012|glunet|False|True,kitti2012,glunet|False|True,98.3756,7.047328646980306,12.416051982443122,0.0,0.0,81.38486
synthetic_small_zoom,kitti2012|raft|True|False,kitti2012,raft|True|False,98.2173,7.047328646980306,16.12153830439247,0.0,0.0,74.47478249999999
synthetic_small_zoom,kitti2015|catspp|False|False,kitti2015,catspp|False|False,88.7903,6.150779964473523,10.32291705593915,0.0,0.0,77.36368999999999
synthetic_small_zoom,kitti2015|catspp|False|True,kitti2015,catspp|False|True,88.9381,6.150779964473523,10.139964068632382,0.0,0.0,78.18971
synthetic_small_zoom,kitti2015|glunet|False|False,kitti2015,glunet|False|False,95.5117,6.150779964473523,10.523481819635949,0.0,0.0,80.87651
synthetic_small_zoom,kitti2015|glunet|False|True,kitti2015,glunet|False|True,92.7311,6.150779964473523,9.645514224900015,0.0,0.0,77.20644999999999
synthetic_small_zoom,kitti2015|raft|True|False,kitti2015,raft|True|False,92.9642,6.150779964473523,12.851435819600397,0.0,0.0,72.33197625
synthetic_small_zoom,pfpascal|catspp|False|False,pfpascal,catspp|False|False,15.9431,0.7688397141584495,0.247692498083787,0.0,0.0,11.34567
synthetic_small_zoom,pfpascal|catspp|False|True,pfpascal,catspp|False|True,18.9586,0.7688397141584495,0.2555560814226283,0.0,0.0,11.19807
synthetic_small_zoom,pfpascal|glunet|False|False,pfpascal,glunet|False|False,20.2654,0.7688397141584495,0.233618459285739,0.0,0.0,10.91815
synthetic_small_zoom,pfpascal|glunet|False|True,pfpascal,glunet|False|True,15.6204,0.7688397141584495,0.2328678458956198,0.0,0.0,11.22654
synthetic_small_zoom,pfpascal|raft|True|False,pfpascal,raft|True|False,17.4659,0.7688397141584495,0.2064621311996557,0.0,0.0,11.15641375
synthetic_small_zoom,pfwillow|catspp|False|False,pfwillow,catspp|False|False,19.4444,0.1531817715452158,0.0476164450497958,0.0,0.0,13.50778
synthetic_small_zoom,pfwillow|catspp|False|True,pfwillow,catspp|False|True,20.5333,0.1531817715452158,0.0491454223884211,0.0,0.0,13.809445
synthetic_small_zoom,pfwillow|glunet|False|False,pfwillow,glunet|False|False,21.063,0.1531817715452158,0.0462664528868076,0.0,0.0,14.92079
synthetic_small_zoom,pfwillow|glunet|False|True,pfwillow,glunet|False|True,16.9778,0.1531817715452158,0.0477404907299133,0.0,0.0,13.70793
synthetic_small_zoom,pfwillow|raft|True|False,pfwillow,raft|True|False,18.7,0.1531817715452158,0.0442176429001403,0.0,0.0,14.48204625
synthetic_small_zoom,pointodyssey|catspp|False|False,pointodyssey,catspp|False|False,46.4111,1.0715455773345317,1.7375153658375464,0.0,0.0,44.455505
synthetic_small_zoom,pointodyssey|catspp|False|True,pointodyssey,catspp|False|True,39.8187,1.0715455773345317,1.948687686526953,0.0,0.0,52.13083
synthetic_small_zoom,pointodyssey|glunet|False|False,pointodyssey,glunet|False|False,87.5416,1.0715455773345317,1.947983216357378,0.0,0.0,79.07327000000001
synthetic_small_zoom,pointodyssey|glunet|False|True,pointodyssey,glunet|False|True,80.8978,1.0715455773345317,1.8701958163867785,0.0,0.0,74.06147
synthetic_small_zoom,pointodyssey|raft|True|False,pointodyssey,raft|True|False,65.6666,1.0715455773345317,1.6646569415794863,0.0,0.0,39.10519875
synthetic_small_zoom,spair|catspp|False|False,spair,catspp|False|False,3.622,-0.2667982049934666,-0.0079039702808867,0.0,0.0,3.519355
synthetic_small_zoom,spair|catspp|False|True,spair,catspp|False|True,3.8854,-0.2667982049934666,-0.0093070930978558,0.0,0.0,3.530585
synthetic_small_zoom,spair|glunet|False|False,spair,glunet|False|False,3.0311,-0.2667982049934666,-0.0093956611213448,0.0,0.0,2.85359
synthetic_small_zoom,spair|glunet|False|True,spair,glunet|False|True,2.408,-0.2667982049934666,-0.0045714468091269,0.0,0.0,2.59836
synthetic_small_zoom,spair|raft|True|False,spair,raft|True|False,2.7395,-0.2667982049934666,-0.0076870110314938,0.0,0.0,2.76972375
synthetic_small_zoom,synthetic|catspp|False|False,synthetic,catspp|False|False,49.4854,1.5651609706189744,0.9339950790045394,0.0,0.0,20.09521
synthetic_small_zoom,synthetic|catspp|False|True,synthetic,catspp|False|True,50.3084,1.5651609706189744,1.203904953453155,0.0,0.0,21.121325
synthetic_small_zoom,synthetic|glunet|False|False,synthetic,glunet|False|False,16.7571,1.5651609706189744,1.0329478917593768,0.0,0.0,16.40024
synthetic_small_zoom,synthetic|glunet|False|True,synthetic,glunet|False|True,14.039,1.5651609706189744,0.4726337303972115,0.0,0.0,12.13237
synthetic_small_zoom,synthetic|raft|True|False,synthetic,raft|True|False,54.0896,1.5651609706189744,1.5532553042670283,0.0,0.0,17.6947425
synthetic_small_zoom,tss|catspp|False|False,tss,catspp|False|False,33.4343,0.697598901557064,0.4755454726942306,0.0,0.0,24.251655
synthetic_small_zoom,tss|catspp|False|True,tss,catspp|False|True,38.3962,0.697598901557064,0.4816677500436604,0.0,0.0,24.307465
synthetic_small_zoom,tss|glunet|False|False,tss,glunet|False|False,39.6402,0.697598901557064,0.5093835239665452,0.0,0.0,24.87285
synthetic_small_zoom,tss|glunet|False|True,tss,glunet|False|True,29.9933,0.697598901557064,0.4340669932751456,0.0,0.0,22.30153
synthetic_small_zoom,tss|raft|True|False,tss,raft|True|False,31.9553,0.697598901557064,0.372402611503624,0.0,0.0,20.2881575
flyingthings,flyingthings|catspp|True|False,flyingthings,catspp|True|False,85.2977,0.3272872935803603,0.1050062096568002,0.0,0.0,79.41964
flyingthings,flyingthings|catspp|True|True,flyingthings,catspp|True|True,85.2894,0.3272872935803603,0.0738356909369066,0.0,0.0,79.561265
flyingthings,flyingthings|glunet|True|False,flyingthings,glunet|True|False,85.8465,0.3272872935803603,0.3838589178100635,0.0,0.0,63.90315
flyingthings,flyingthings|glunet|True|True,flyingthings,glunet|True|True,81.4831,0.3272872935803603,0.2647866968918382,0.0,0.0,66.13371
flyingthings,kitti2012|catspp|True|False,kitti2012,catspp|True|False,98.098,0.0090695269151021,0.0022396844627017,0.0,0.0,95.56376
flyingthings,kitti2012|catspp|True|True,kitti2012,catspp|True|True,97.709,0.0090695269151021,0.0021021292560925,0.0,0.0,95.46771
flyingthings,kitti2012|glunet|True|False,kitti2012,glunet|True|False,99.4901,0.0090695269151021,0.0115635183750317,0.0,0.0,87.77313
flyingthings,kitti2012|glunet|True|True,kitti2012,glunet|True|True,99.0764,0.0090695269151021,0.00736703322419,0.0,0.0,91.10002
flyingthings,kitti2015|catspp|True|False,kitti2015,catspp|True|False,96.7896,0.0337342045688148,0.0067757356033844,0.0,0.0,94.984275
flyingthings,kitti2015|catspp|True|True,kitti2015,catspp|True|True,95.7013,0.0337342045688148,0.0066210555842036,0.0,0.0,94.76099
flyingthings,kitti2015|glunet|True|False,kitti2015,glunet|True|False,97.7086,0.0337342045688148,0.0398940729162101,0.0,0.0,85.86514
flyingthings,kitti2015|glunet|True|True,kitti2015,glunet|True|True,97.3336,0.0337342045688148,0.0267305696281046,0.0,0.0,89.04607
flyingthings,pfpascal|catspp|True|False,pfpascal,catspp|True|False,48.3555,0.5967290329826858,0.1888673859694191,0.0,0.0,43.12889
flyingthings,pfpascal|catspp|True|True,pfpascal,catspp|True|True,50.7447,0.5967290329826858,0.176852679852947,0.0,0.0,45.750745
flyingthings,pfpascal|glunet|True|False,pfpascal,glunet|True|False,34.1953,0.5967290329826858,0.3396733006381988,0.0,0.0,25.08071
flyingthings,pfpascal|glunet|True|True,pfpascal,glunet|True|True,33.9699,0.5967290329826858,0.3458230782725631,0.0,0.0,31.15792
flyingthings,pfwillow|catspp|True|False,pfwillow,catspp|True|False,51.4778,0.7792404493162137,0.2251790970643568,0.0,0.0,46.295
flyingthings,pfwillow|catspp|True|True,pfwillow,catspp|True|True,53.4,0.7792404493162137,0.2481007258263841,0.0,0.0,48.28777
flyingthings,pfwillow|glunet|True|False,pfwillow,glunet|True|False,35.8302,0.7792404493162137,0.4884990998957288,0.0,0.0,28.48907
flyingthings,pfwillow|glunet|True|True,pfwillow,glunet|True|True,36.9398,0.7792404493162137,0.4726127784753016,0.0,0.0,33.82583
flyingthings,pointodyssey|catspp|True|False,pointodyssey,catspp|True|False,64.7289,-0.3479814218249293,-0.3134620747548542,0.0,0.0,56.81206999999999
flyingthings,pointodyssey|catspp|True|True,pointodyssey,catspp|True|True,59.3461,-0.3479814218249293,-0.3173729993702725,0.0,0.0,57.76655000000001
flyingthings,pointodyssey|glunet|True|False,pointodyssey,glunet|True|False,97.4434,-0.3479814218249293,-0.4243561084240861,0.0,0.0,83.19986
flyingthings,pointodyssey|glunet|True|True,pointodyssey,glunet|True|True,95.08,-0.3479814218249293,-0.2821091777101596,0.0,0.0,85.67586
flyingthings,spair|catspp|True|False,spair,catspp|True|False,19.9484,5.100797325334316,1.001618169018764,0.0,0.0,21.36438
flyingthings,spair|catspp|True|True,spair,catspp|True|True,19.8812,5.100797325334316,0.9237098854379976,0.0,0.0,22.73145
flyingthings,spair|glunet|True|False,spair,glunet|True|False,6.6514,5.100797325334316,1.9885464468982612,0.0,0.0,7.610049999999999
flyingthings,spair|glunet|True|True,spair,glunet|True|True,7.582,5.100797325334316,1.4492504095359235,0.0,0.0,9.20212
flyingthings,synthetic|catspp|True|False,synthetic,catspp|True|False,38.1694,6.901912244524171,6.086278354183658,0.0,0.0,49.41473
flyingthings,synthetic|catspp|True|True,synthetic,catspp|True|True,38.2449,6.901912244524171,4.329444449122656,0.0,0.0,48.38179
flyingthings,synthetic|glunet|True|False,synthetic,glunet|True|False,35.4304,6.901912244524171,6.682765167090722,0.0,0.0,28.21764
flyingthings,synthetic|glunet|True|True,synthetic,glunet|True|True,27.769,6.901912244524171,4.882835134146585,0.0,0.0,26.64685
flyingthings,tss|catspp|True|False,tss,catspp|True|False,66.7564,1.1685625054795767,0.2254108802710024,0.0,0.0,63.72162000000001
flyingthings,tss|catspp|True|True,tss,catspp|True|True,66.7002,1.1685625054795767,0.2478333550669905,0.0,0.0,64.26688
flyingthings,tss|glunet|True|False,tss,glunet|True|False,58.8215,1.1685625054795767,1.1941523510143397,0.0,0.0,46.95308
flyingthings,tss|glunet|True|True,tss,glunet|True|True,54.9733,1.1685625054795767,0.9734677449506438,0.0,0.0,51.14355
imagenet2dwarp,flyingthings|catspp|True|False,flyingthings,catspp|True|False,78.9297,-0.0493056269831774,-0.01676784144713,0.0,0.0,80.05644
imagenet2dwarp,flyingthings|catspp|True|True,flyingthings,catspp|True|True,79.9519,-0.0493056269831774,-0.0122858054355721,0.0,0.0,80.095015
imagenet2dwarp,flyingthings|glunet|True|False,flyingthings,glunet|True|False,11.3571,-0.0493056269831774,-0.0339990023325013,0.0,0.0,71.35209
imagenet2dwarp,flyingthings|glunet|True|True,flyingthings,glunet|True|True,66.7997,-0.0493056269831774,-0.0424832560530509,0.0,0.0,67.60204999999999
imagenet2dwarp,kitti2012|catspp|True|False,kitti2012,catspp|True|False,92.9336,-0.0230874143148701,-0.0057277972700553,0.0,0.0,96.0802
imagenet2dwarp,kitti2012|catspp|True|True,kitti2012,catspp|True|True,93.6996,-0.0230874143148701,-0.0054261517826785,0.0,0.0,95.86865
imagenet2dwarp,kitti2012|glunet|True|False,kitti2012,glunet|True|False,22.7606,-0.0230874143148701,-0.0080971355015967,0.0,0.0,95.44608
imagenet2dwarp,kitti2012|glunet|True|True,kitti2012,glunet|True|True,93.1941,-0.0230874143148701,-0.0192565399398747,0.0,0.0,91.68825
imagenet2dwarp,kitti2015|catspp|True|False,kitti2015,catspp|True|False,92.1125,-0.0185037912590581,-0.0036560383572033,0.0,0.0,95.451985
imagenet2dwarp,kitti2015|catspp|True|True,kitti2015,catspp|True|True,93.2336,-0.0185037912590581,-0.0036476817646783,0.0,0.0,95.00776
imagenet2dwarp,kitti2015|glunet|True|False,kitti2015,glunet|True|False,29.7992,-0.0185037912590581,-0.0099812513279528,0.0,0.0,92.65608
imagenet2dwarp,kitti2015|glunet|True|True,kitti2015,glunet|True|True,89.5363,-0.0185037912590581,-0.0150902792803007,0.0,0.0,89.82579999999999
imagenet2dwarp,pfpascal|catspp|True|False,pfpascal,catspp|True|False,34.5998,0.2467982036177357,0.0704836612116051,0.0,0.0,44.50446
imagenet2dwarp,pfpascal|catspp|True|True,pfpascal,catspp|True|True,45.3169,0.2467982036177357,0.0770078098741357,0.0,0.0,46.293525
imagenet2dwarp,pfpascal|glunet|True|False,pfpascal,glunet|True|False,5.8954,0.2467982036177357,0.1136246240440247,0.0,0.0,27.9107
imagenet2dwarp,pfpascal|glunet|True|True,pfpascal,glunet|True|True,29.9721,0.2467982036177357,0.145245295256685,0.0,0.0,31.5577
imagenet2dwarp,pfwillow|catspp|True|False,pfwillow,catspp|True|False,40.8778,-0.0194759935791887,-0.005549099373252,0.0,0.0,47.355
imagenet2dwarp,pfwillow|catspp|True|True,pfwillow,catspp|True|True,48.9333,-0.0194759935791887,-0.0065146569110141,0.0,0.0,48.73444
imagenet2dwarp,pfwillow|glunet|True|False,pfwillow,glunet|True|False,10.1,-0.0194759935791887,-0.0104445035487633,0.0,0.0,31.06209
imagenet2dwarp,pfwillow|glunet|True|True,pfwillow,glunet|True|True,31.7,-0.0194759935791887,-0.0119801036839553,0.0,0.0,34.349810000000005
imagenet2dwarp,pointodyssey|catspp|True|False,pointodyssey,catspp|True|False,36.487,0.0303862284892355,0.0252546614892815,0.0,0.0,59.63626000000001
imagenet2dwarp,pointodyssey|catspp|True|True,pointodyssey,catspp|True|True,41.4359,0.0303862284892355,0.0264189239598444,0.0,0.0,59.55757
imagenet2dwarp,pointodyssey|glunet|True|False,pointodyssey,glunet|True|False,25.0551,0.0303862284892355,0.0167367966243697,0.0,0.0,90.43869
imagenet2dwarp,pointodyssey|glunet|True|True,pointodyssey,glunet|True|True,89.2135,0.0303862284892355,0.0253967245283071,0.0,0.0,86.26250999999999
imagenet2dwarp,spair|catspp|True|False,spair,catspp|True|False,16.6978,-4.214394414373823,-0.7620606350883657,0.0,0.0,21.68944
imagenet2dwarp,spair|catspp|True|True,spair,catspp|True|True,23.1718,-4.214394414373823,-0.798770626568526,0.0,0.0,22.40239
imagenet2dwarp,spair|glunet|True|False,spair,glunet|True|False,2.8992,-4.214394414373823,-1.6240852162610986,0.0,0.0,7.98527
imagenet2dwarp,spair|glunet|True|True,spair,glunet|True|True,6.6248,-4.214394414373823,-1.2031461703125756,0.0,0.0,9.29784
imagenet2dwarp,synthetic|catspp|True|False,synthetic,catspp|True|False,37.1935,-6.344095192171631,-5.640798127886842,0.0,0.0,49.51232
imagenet2dwarp,synthetic|catspp|True|True,synthetic,catspp|True|True,39.7476,-6.344095192171631,-4.077670131191335,0.0,0.0,48.23152
imagenet2dwarp,synthetic|glunet|True|False,synthetic,glunet|True|False,6.6755,-6.344095192171631,-5.670208576723757,0.0,0.0,31.09313
imagenet2dwarp,synthetic|glunet|True|True,synthetic,glunet|True|True,21.0263,-6.344095192171631,-4.495847805244023,0.0,0.0,27.32112
imagenet2dwarp,tss|catspp|True|False,tss,catspp|True|False,58.4608,-1.0732837283687806,-0.1853328885713581,0.0,0.0,64.55118
imagenet2dwarp,tss|catspp|True|True,tss,catspp|True|True,63.5068,-1.0732837283687806,-0.2341554417457635,0.0,0.0,64.58622
imagenet2dwarp,tss|glunet|True|False,tss,glunet|True|False,11.2237,-1.0732837283687806,-0.8463340942798842,0.0,0.0,51.71286
imagenet2dwarp,tss|glunet|True|True,tss,glunet|True|True,50.4683,-1.0732837283687806,-0.9083912577616858,0.0,0.0,51.59405
movi_f,flyingthings|catspp|True|False,flyingthings,catspp|True|False,77.7052,-0.6673564866686176,-0.2061960346211843,0.0,0.0,80.17889
movi_f,flyingthings|catspp|True|True,flyingthings,catspp|True|True,77.9071,-0.6673564866686176,-0.1499284702869604,0.0,0.0,80.29949500000001
movi_f,flyingthings|glunet|True|False,flyingthings,glunet|True|False,39.164,-0.6673564866686176,-0.6948508062443195,0.0,0.0,68.57140000000001
movi_f,flyingthings|glunet|True|True,flyingthings,glunet|True|True,39.106,-0.6673564866686176,-0.4088619208999868,0.0,0.0,70.37142
movi_f,kitti2012|catspp|True|False,kitti2012,catspp|True|False,94.5198,-0.0038257691070487,-0.0008844546706499,0.0,0.0,95.92158
movi_f,kitti2012|catspp|True|True,kitti2012,catspp|True|True,95.7835,-0.0038257691070487,-0.0008325243639651,0.0,0.0,95.66026
movi_f,kitti2012|glunet|True|False,kitti2012,glunet|True|False,78.7366,-0.0038257691070487,-0.0045240004083126,0.0,0.0,89.84848
movi_f,kitti2012|glunet|True|True,kitti2012,glunet|True|True,73.9202,-0.0038257691070487,-0.0026636029555233,0.0,0.0,93.61564
movi_f,kitti2015|catspp|True|False,kitti2015,catspp|True|False,94.1351,-0.0291840844745516,-0.0054694636087127,0.0,0.0,95.249725
movi_f,kitti2015|catspp|True|True,kitti2015,catspp|True|True,94.8194,-0.0291840844745516,-0.0053237071583949,0.0,0.0,94.84918
movi_f,kitti2015|glunet|True|False,kitti2015,glunet|True|False,65.3127,-0.0291840844745516,-0.030512766128905,0.0,0.0,89.10472999999999
movi_f,kitti2015|glunet|True|True,kitti2015,glunet|True|True,61.7536,-0.0291840844745516,-0.0164324163699906,0.0,0.0,92.60407
movi_f,pfpascal|catspp|True|False,pfpascal,catspp|True|False,34.8945,-2.0531898278981946,-0.5423285203861313,0.0,0.0,44.474990000000005
movi_f,pfpascal|catspp|True|True,pfpascal,catspp|True|True,38.85,-2.0531898278981946,-0.5242527140906555,0.0,0.0,46.940215
movi_f,pfpascal|glunet|True|False,pfpascal,glunet|True|False,12.1653,-2.0531898278981946,-1.008986131521707,0.0,0.0,27.283710000000003
movi_f,pfpascal|glunet|True|True,pfpascal,glunet|True|True,11.6719,-2.0531898278981946,-0.850940928066251,0.0,0.0,33.38772
movi_f,pfwillow|catspp|True|False,pfwillow,catspp|True|False,38.0889,-2.81440710785449,-0.6631606646341394,0.0,0.0,47.63389
movi_f,pfwillow|catspp|True|True,pfwillow,catspp|True|True,38.0222,-2.81440710785449,-0.6810874832176899,0.0,0.0,49.82555
movi_f,pfwillow|glunet|True|False,pfwillow,glunet|True|False,11.9333,-2.81440710785449,-1.436790092762871,0.0,0.0,30.87876
movi_f,pfwillow|glunet|True|True,pfwillow,glunet|True|True,14.3062,-2.81440710785449,-1.2552808389706158,0.0,0.0,36.08919
movi_f,pointodyssey|catspp|True|False,pointodyssey,catspp|True|False,95.4377,-0.0242232029895904,-0.0127137745584779,0.0,0.0,53.74119
movi_f,pointodyssey|catspp|True|True,pointodyssey,catspp|True|True,95.8171,-0.0242232029895904,-0.0127678477137679,0.0,0.0,54.11945000000001
movi_f,pointodyssey|glunet|True|False,pointodyssey,glunet|True|False,62.6774,-0.0242232029895904,-0.0263396214136487,0.0,0.0,86.67645999999999
movi_f,pointodyssey|glunet|True|True,pointodyssey,glunet|True|True,61.2703,-0.0242232029895904,-0.0151718996173416,0.0,0.0,89.05683
movi_f,spair|catspp|True|False,spair,catspp|True|False,14.7345,-20.02659291721893,-2.884747820976282,0.0,0.0,21.88577
movi_f,spair|catspp|True|True,spair,catspp|True|True,18.34,-20.02659291721893,-3.165925406797434,0.0,0.0,22.88557
movi_f,spair|glunet|True|False,spair,glunet|True|False,2.3566,-20.02659291721893,-7.010246753368562,0.0,0.0,8.03953
movi_f,spair|glunet|True|True,spair,glunet|True|True,2.486,-20.02659291721893,-4.7736166257153085,0.0,0.0,9.71172
movi_f,synthetic|catspp|True|False,synthetic,catspp|True|False,33.1069,-25.533264677151998,-20.234353007383486,0.0,0.0,49.92098
movi_f,synthetic|catspp|True|True,synthetic,catspp|True|True,39.2118,-25.533264677151998,-14.948681018316035,0.0,0.0,48.2851
movi_f,synthetic|glunet|True|False,synthetic,glunet|True|False,6.5871,-25.533264677151998,-20.846865762688875,0.0,0.0,31.10197
movi_f,synthetic|glunet|True|True,synthetic,glunet|True|True,6.6584,-25.533264677151998,-14.15088164140692,0.0,0.0,28.75791
movi_f,tss|catspp|True|False,tss,catspp|True|False,58.5563,-4.574722209501552,-0.7268648555755505,0.0,0.0,64.54163
movi_f,tss|catspp|True|True,tss,catspp|True|True,55.6517,-4.574722209501552,-0.5851381078588161,0.0,0.0,65.37173
movi_f,tss|glunet|True|False,tss,glunet|True|False,16.9644,-4.574722209501552,-3.6545911585355535,0.0,0.0,51.13879
movi_f,tss|glunet|True|True,tss,glunet|True|True,19.7064,-4.574722209501552,-2.4729406110400207,0.0,0.0,54.67024
pointodyssey,flyingthings|catspp|True|False,flyingthings,catspp|True|False,79.6231,-0.0330232392293292,-0.0109675531609617,0.0,0.0,79.9871
pointodyssey,flyingthings|catspp|True|True,flyingthings,catspp|True|True,79.22595,-0.0330232392293292,-0.0080072637230421,0.0,0.0,80.16761
pointodyssey,flyingthings|glunet|True|False,flyingthings,glunet|True|False,77.7439,-0.0330232392293292,-0.0395128255937415,0.0,0.0,64.71341
pointodyssey,flyingthings|glunet|True|True,flyingthings,glunet|True|True,76.6361,-0.0330232392293292,-0.0271812307849357,0.0,0.0,66.61841
pointodyssey,kitti2012|catspp|True|False,kitti2012,catspp|True|False,96.6249,-0.0173066893796951,-0.0042785406131119,0.0,0.0,95.71107
pointodyssey,kitti2012|catspp|True|True,kitti2012,catspp|True|True,96.1437,-0.0173066893796951,-0.0040139693164759,0.0,0.0,95.62424
pointodyssey,kitti2012|glunet|True|False,kitti2012,glunet|True|False,97.8728,-0.0173066893796951,-0.0218753240348332,0.0,0.0,87.93485999999999
pointodyssey,kitti2012|glunet|True|True,kitti2012,glunet|True|True,97.4634,-0.0173066893796951,-0.0139657966159652,0.0,0.0,91.26132
pointodyssey,kitti2015|catspp|True|False,kitti2015,catspp|True|False,95.30515,-0.0199952684164948,-0.0040139819312473,0.0,0.0,95.13272
pointodyssey,kitti2015|catspp|True|True,kitti2015,catspp|True|True,95.0862,-0.0199952684164948,-0.0038891801329944,0.0,0.0,94.8225
pointodyssey,kitti2015|glunet|True|False,kitti2015,glunet|True|False,95.0124,-0.0199952684164948,-0.0235111533421356,0.0,0.0,86.13476
pointodyssey,kitti2015|glunet|True|True,kitti2015,glunet|True|True,94.9408,-0.0199952684164948,-0.0157863580406033,0.0,0.0,89.28535
pointodyssey,pfpascal|catspp|True|False,pfpascal,catspp|True|False,42.4378,0.3692921819481046,0.1197253521714214,0.0,0.0,43.72066
pointodyssey,pfpascal|catspp|True|True,pfpascal,catspp|True|True,45.84245,0.3692921819481046,0.1125029526667975,0.0,0.0,46.24097
pointodyssey,pfpascal|glunet|True|False,pfpascal,glunet|True|False,28.6839,0.3692921819481046,0.2144825781070174,0.0,0.0,25.631850000000004
pointodyssey,pfpascal|glunet|True|True,pfpascal,glunet|True|True,42.0709,0.3692921819481046,0.1991502259370293,0.0,0.0,30.34782
pointodyssey,pfwillow|catspp|True|False,pfwillow,catspp|True|False,44.75,0.4867668564069859,0.1442108361626991,0.0,0.0,46.96778
pointodyssey,pfwillow|catspp|True|True,pfwillow,catspp|True|True,47.911100000000005,0.4867668564069859,0.1586007553721773,0.0,0.0,48.83666
pointodyssey,pfwillow|glunet|True|False,pfwillow,glunet|True|False,36.5889,0.4867668564069859,0.3000156077958134,0.0,0.0,28.4132
pointodyssey,pfwillow|glunet|True|True,pfwillow,glunet|True|True,44.3778,0.4867668564069859,0.2776548336980959,0.0,0.0,33.08203
pointodyssey,pointodyssey|catspp|True|False,pointodyssey,catspp|True|False,72.7112,0.0486261964425765,0.0415541226434149,0.0,0.0,56.01384
pointodyssey,pointodyssey|catspp|True|True,pointodyssey,catspp|True|True,71.0583,0.0486261964425765,0.0421917436500506,0.0,0.0,56.59533
pointodyssey,pointodyssey|glunet|True|False,pointodyssey,glunet|True|False,96.5284,0.0486261964425765,0.0587432243392084,0.0,0.0,83.29136
pointodyssey,pointodyssey|glunet|True|True,pointodyssey,glunet|True|True,96.2978,0.0486261964425765,0.038711576499232,0.0,0.0,85.55408
pointodyssey,spair|catspp|True|False,spair,catspp|True|False,20.8771,5.585668807449533,1.091189634717953,0.0,0.0,21.27151
pointodyssey,spair|catspp|True|True,spair,catspp|True|True,22.5766,5.585668807449533,1.0348552374742144,0.0,0.0,22.46191
pointodyssey,spair|glunet|True|False,spair,glunet|True|False,5.1968,5.585668807449533,2.1396443951745803,0.0,0.0,7.755510000000001
pointodyssey,spair|glunet|True|True,spair,glunet|True|True,8.153,5.585668807449533,1.5725433431785385,0.0,0.0,9.14502
pointodyssey,synthetic|catspp|True|False,synthetic,catspp|True|False,40.1523,7.344732623652588,6.451827552611444,0.0,0.0,49.21644
pointodyssey,synthetic|catspp|True|True,synthetic,catspp|True|True,39.8872,7.344732623652588,4.6078121824621245,0.0,0.0,48.217560000000006
pointodyssey,synthetic|glunet|True|False,synthetic,glunet|True|False,25.8011,7.344732623652588,7.070202781612616,0.0,0.0,29.18057
pointodyssey,synthetic|glunet|True|True,synthetic,glunet|True|True,25.2246,7.344732623652588,5.131165096071483,0.0,0.0,26.90129
pointodyssey,tss|catspp|True|False,tss,catspp|True|False,62.2398,-0.0301189734366874,-0.0058619985858132,0.0,0.0,64.17328
pointodyssey,tss|catspp|True|True,tss,catspp|True|True,62.9798,-0.0301189734366874,-0.0063754778416008,0.0,0.0,64.63892
pointodyssey,tss|glunet|True|False,tss,glunet|True|False,61.47,-0.0301189734366874,-0.0300750350466924,0.0,0.0,46.68823
pointodyssey,tss|glunet|True|True,tss,glunet|True|True,62.9502,-0.0301189734366874,-0.0240227418371226,0.0,0.0,50.34586
sintel,flyingthings|catspp|True|False,flyingthings,catspp|True|False,82.138,-0.0575348533718251,-0.0188539248738836,0.0,0.0,79.73561
sintel,flyingthings|catspp|True|True,flyingthings,catspp|True|True,82.249,-0.0575348533718251,-0.0137041463896627,0.0,0.0,79.865305
sintel,flyingthings|glunet|True|False,flyingthings,glunet|True|False,70.575,-0.0575348533718251,-0.0693977997757711,0.0,0.0,65.4303
sintel,flyingthings|glunet|True|True,flyingthings,glunet|True|True,69.7732,-0.0575348533718251,-0.04799730075709,0.0,0.0,67.3047
sintel,kitti2012|catspp|True|False,kitti2012,catspp|True|False,98.205,-0.0068013417563057,-0.0016469066415312,0.0,0.0,95.55306
sintel,kitti2012|catspp|True|True,kitti2012,catspp|True|True,98.1215,-0.0068013417563057,-0.0015385548690487,0.0,0.0,95.42646
sintel,kitti2012|glunet|True|False,kitti2012,glunet|True|False,98.4939,-0.0068013417563057,-0.0085342191169657,0.0,0.0,87.87275
sintel,kitti2012|glunet|True|True,kitti2012,glunet|True|True,98.9758,-0.0068013417563057,-0.005427258150033,0.0,0.0,91.11008
sintel,kitti2015|catspp|True|False,kitti2015,catspp|True|False,96.8068,-0.0229591257432621,-0.0045273312154187,0.0,0.0,94.982555
sintel,kitti2015|catspp|True|True,kitti2015,catspp|True|True,96.3826,-0.0229591257432621,-0.0043918303763631,0.0,0.0,94.69286
sintel,kitti2015|glunet|True|False,kitti2015,glunet|True|False,95.0838,-0.0229591257432621,-0.0268295774726508,0.0,0.0,86.12762000000001
sintel,kitti2015|glunet|True|True,kitti2015,glunet|True|True,96.2638,-0.0229591257432621,-0.0179402406214085,0.0,0.0,89.15305
sintel,pfpascal|catspp|True|False,pfpascal,catspp|True|False,48.9548,-0.6079962411820354,-0.1869359334262294,0.0,0.0,43.06896
sintel,pfpascal|catspp|True|True,pfpascal,catspp|True|True,45.1843,-0.6079962411820354,-0.1837943899285314,0.0,0.0,46.306785000000005
sintel,pfpascal|glunet|True|False,pfpascal,glunet|True|False,21.5232,-0.6079962411820354,-0.3489112708084527,0.0,0.0,26.34792
sintel,pfpascal|glunet|True|True,pfpascal,glunet|True|True,25.0318,-0.6079962411820354,-0.339715328871751,0.0,0.0,32.051730000000006
sintel,pfwillow|catspp|True|False,pfwillow,catspp|True|False,50.7444,-1.3696214762251813,-0.3938729699805631,0.0,0.0,46.36834
sintel,pfwillow|catspp|True|True,pfwillow,catspp|True|True,49.6444,-1.3696214762251813,-0.4435040611182325,0.0,0.0,48.66333
sintel,pfwillow|glunet|True|False,pfwillow,glunet|True|False,21.9778,-1.3696214762251813,-0.8404838407044658,0.0,0.0,29.87431
sintel,pfwillow|glunet|True|True,pfwillow,glunet|True|True,27.2457,-1.3696214762251813,-0.8002318801292386,0.0,0.0,34.79524
sintel,pointodyssey|catspp|True|False,pointodyssey,catspp|True|False,58.6808,0.0203456648397758,0.0181945291885595,0.0,0.0,57.416880000000006
sintel,pointodyssey|catspp|True|True,pointodyssey,catspp|True|True,73.2754,0.0203456648397758,0.017290568407725,0.0,0.0,56.37362
sintel,pointodyssey|glunet|True|False,pointodyssey,glunet|True|False,90.0851,0.0203456648397758,0.0247568797128617,0.0,0.0,83.93569
sintel,pointodyssey|glunet|True|True,pointodyssey,glunet|True|True,90.6576,0.0203456648397758,0.0164400378797848,0.0,0.0,86.1181
sintel,spair|catspp|True|False,spair,catspp|True|False,22.5826,-9.444601310600342,-1.8198816243195888,0.0,0.0,21.10096
sintel,spair|catspp|True|True,spair,catspp|True|True,17.4154,-9.444601310600342,-1.4988351519992755,0.0,0.0,22.97803
sintel,spair|glunet|True|False,spair,glunet|True|False,3.778,-9.444601310600342,-3.559379821651719,0.0,0.0,7.89739
sintel,spair|glunet|True|True,spair,glunet|True|True,5.0597,-9.444601310600342,-2.5541628187780336,0.0,0.0,9.45435
sintel,synthetic|catspp|True|False,synthetic,catspp|True|False,40.9952,-17.69149882136679,-15.492591565696696,0.0,0.0,49.13215
sintel,synthetic|catspp|True|True,synthetic,catspp|True|True,39.1069,-17.69149882136679,-10.971741873577148,0.0,0.0,48.29559
sintel,synthetic|glunet|True|False,synthetic,glunet|True|False,21.7318,-17.69149882136679,-16.79588564789008,0.0,0.0,29.5875
sintel,synthetic|glunet|True|True,synthetic,glunet|True|True,20.8004,-17.69149882136679,-12.140473530616818,0.0,0.0,27.34371
sintel,tss|catspp|True|False,tss,catspp|True|False,65.8113,-3.180825287392165,-0.6147843907582802,0.0,0.0,63.81613
sintel,tss|catspp|True|True,tss,catspp|True|True,64.5396,-3.180825287392165,-0.675086827362708,0.0,0.0,64.48294
sintel,tss|glunet|True|False,tss,glunet|True|False,40.9775,-3.180825287392165,-3.2278167421327475,0.0,0.0,48.73748
sintel,tss|glunet|True|True,tss,glunet|True|True,43.3458,-3.180825287392165,-2.565814963522255,0.0,0.0,52.3063
spair,flyingthings|catspp|True|False,flyingthings,catspp|True|False,63.3569,-0.0540593357707581,-0.0144929362990901,0.0,0.0,81.61372
spair,flyingthings|catspp|True|True,flyingthings,catspp|True|True,68.3472,-0.0540593357707581,-0.0126065052058201,0.0,0.0,81.255485
spair,flyingthings|glunet|True|False,flyingthings,glunet|True|False,66.6096,-0.0540593357707581,-0.1432708403212745,0.0,0.0,65.82684
spair,flyingthings|glunet|True|True,flyingthings,glunet|True|True,39.6279,-0.0540593357707581,-0.0778630846804248,0.0,0.0,70.31923
spair,kitti2012|catspp|True|False,kitti2012,catspp|True|False,83.7234,-0.0694246254286484,-0.0158651780056759,0.0,0.0,97.00122
spair,kitti2012|catspp|True|True,kitti2012,catspp|True|True,84.0079,-0.0694246254286484,-0.0125241200062576,0.0,0.0,96.83782
spair,kitti2012|glunet|True|False,kitti2012,glunet|True|False,93.4583,-0.0694246254286484,-0.1924100977803364,0.0,0.0,88.37631
spair,kitti2012|glunet|True|True,kitti2012,glunet|True|True,54.1912,-0.0694246254286484,-0.0628559539862618,0.0,0.0,95.58854
spair,kitti2015|catspp|True|False,kitti2015,catspp|True|False,85.7568,-0.0675543795427249,-0.0145888766981055,0.0,0.0,96.087555
spair,kitti2015|catspp|True|True,kitti2015,catspp|True|True,85.1192,-0.0675543795427249,-0.0105647947094613,0.0,0.0,95.8192
spair,kitti2015|glunet|True|False,kitti2015,glunet|True|False,91.9963,-0.0675543795427249,-0.1738998134994589,0.0,0.0,86.43637
spair,kitti2015|glunet|True|True,kitti2015,glunet|True|True,61.2326,-0.0675543795427249,-0.0871202378011997,0.0,0.0,92.65617
spair,pfpascal|catspp|True|False,pfpascal,catspp|True|False,38.806,0.205442635248831,0.1398376572443847,0.0,0.0,44.08384
spair,pfpascal|catspp|True|True,pfpascal,catspp|True|True,40.9858,0.205442635248831,0.129283059402277,0.0,0.0,46.726635
spair,pfpascal|glunet|True|False,pfpascal,glunet|True|False,44.4728,0.205442635248831,0.2103504083168285,0.0,0.0,24.05296
spair,pfpascal|glunet|True|True,pfpascal,glunet|True|True,30.356,0.205442635248831,0.2569798978081238,0.0,0.0,31.51931
spair,pfwillow|catspp|True|False,pfwillow,catspp|True|False,44.0889,0.3342710997833635,0.2144210657924485,0.0,0.0,47.03389
spair,pfwillow|catspp|True|True,pfwillow,catspp|True|True,45.7111,0.3342710997833635,0.2339484858192002,0.0,0.0,49.05666
spair,pfwillow|glunet|True|False,pfwillow,glunet|True|False,49.2827,0.3342710997833635,0.3705943413609052,0.0,0.0,27.14382
spair,pfwillow|glunet|True|True,pfwillow,glunet|True|True,34.1444,0.3342710997833635,0.4380225399669817,0.0,0.0,34.10537
spair,pointodyssey|catspp|True|False,pointodyssey,catspp|True|False,54.5198,-0.060197902168136,-0.1177922437419729,0.0,0.0,57.83298
spair,pointodyssey|catspp|True|True,pointodyssey,catspp|True|True,45.8507,-0.060197902168136,-0.1145032407985571,0.0,0.0,59.11609
spair,pointodyssey|glunet|True|False,pointodyssey,glunet|True|False,91.9268,-0.060197902168136,-0.1600985367379746,0.0,0.0,83.75152
spair,pointodyssey|glunet|True|True,pointodyssey,glunet|True|True,55.0086,-0.060197902168136,-0.0745743256303825,0.0,0.0,89.683
spair,spair|catspp|True|False,spair,catspp|True|False,27.8596,2.2483609746625066,0.7435623550205522,0.0,0.0,20.57326
spair,spair|catspp|True|True,spair,catspp|True|True,27.9373,2.2483609746625066,0.7589293271973026,0.0,0.0,21.92584
spair,spair|glunet|True|False,spair,glunet|True|False,26.6007,2.2483609746625066,0.7400269708157127,0.0,0.0,5.61512
spair,spair|glunet|True|True,spair,glunet|True|True,14.6684,2.2483609746625066,1.2833680566664905,0.0,0.0,8.49348
spair,synthetic|catspp|True|False,synthetic,catspp|True|False,34.9252,2.850992464058414,5.315435597205679,0.0,0.0,49.73915
spair,synthetic|catspp|True|True,synthetic,catspp|True|True,41.0818,2.850992464058414,3.9249159196245538,0.0,0.0,48.0981
spair,synthetic|glunet|True|False,synthetic,glunet|True|False,35.7954,2.850992464058414,5.9357330027726585,0.0,0.0,28.18114
spair,synthetic|glunet|True|True,synthetic,glunet|True|True,21.6568,2.850992464058414,4.302657950216151,0.0,0.0,27.25807
spair,tss|catspp|True|False,tss,catspp|True|False,60.1788,0.6123365153025728,0.2456429927680941,0.0,0.0,64.37938
spair,tss|catspp|True|True,tss,catspp|True|True,60.5773,0.6123365153025728,0.2678212802566853,0.0,0.0,64.87917
spair,tss|glunet|True|False,tss,glunet|True|False,65.5404,0.6123365153025728,1.3026377260546218,0.0,0.0,46.28119
spair,tss|glunet|True|True,tss,glunet|True|True,49.9068,0.6123365153025728,1.1005687295301108,0.0,0.0,51.6502
synthetic,flyingthings|catspp|True|False,flyingthings,catspp|True|False,83.7548,0.1672507906861562,0.0532520272932937,0.0,0.0,79.57392999999999
synthetic,flyingthings|catspp|True|True,flyingthings,catspp|True|True,82.2555,0.1672507906861562,0.0393128925535072,0.0,0.0,79.864655
synthetic,flyingthings|glunet|True|False,flyingthings,glunet|True|False,72.0776,0.1672507906861562,0.1987159309741971,0.0,0.0,65.28004
synthetic,flyingthings|glunet|True|True,flyingthings,glunet|True|True,78.4335,0.1672507906861562,0.1337993225469449,0.0,0.0,66.43867
synthetic,kitti2012|catspp|True|False,kitti2012,catspp|True|False,98.3518,-0.0094742267258602,-0.0022593142561296,0.0,0.0,95.53838
synthetic,kitti2012|catspp|True|True,kitti2012,catspp|True|True,97.2492,-0.0094742267258602,-0.0021398161261714,0.0,0.0,95.51369
synthetic,kitti2012|glunet|True|False,kitti2012,glunet|True|False,97.2991,-0.0094742267258602,-0.0117601413392645,0.0,0.0,87.99222999999999
synthetic,kitti2012|glunet|True|True,kitti2012,glunet|True|True,98.2409,-0.0094742267258602,-0.0074811802376772,0.0,0.0,91.18357
synthetic,kitti2015|catspp|True|False,kitti2015,catspp|True|False,97.4319,-0.003582984827232,-0.0006897072784135,0.0,0.0,94.920045
synthetic,kitti2015|catspp|True|True,kitti2015,catspp|True|True,96.1149,-0.003582984827232,-0.0006787874124605,0.0,0.0,94.71963
synthetic,kitti2015|glunet|True|False,kitti2015,glunet|True|False,96.11,-0.003582984827232,-0.0041230594584588,0.0,0.0,86.025
synthetic,kitti2015|glunet|True|True,kitti2015,glunet|True|True,97.4108,-0.003582984827232,-0.0027506246542518,0.0,0.0,89.03835000000001
synthetic,pfpascal|catspp|True|False,pfpascal,catspp|True|False,49.2406,0.6720621226756374,0.202771632612791,0.0,0.0,43.04038
synthetic,pfpascal|catspp|True|True,pfpascal,catspp|True|True,50.2518,0.6720621226756374,0.1946746014291268,0.0,0.0,45.800035
synthetic,pfpascal|glunet|True|False,pfpascal,glunet|True|False,30.3321,0.6720621226756374,0.3805690630572989,0.0,0.0,25.46703
synthetic,pfpascal|glunet|True|True,pfpascal,glunet|True|True,42.4831,0.6720621226756374,0.3536341022307543,0.0,0.0,30.306600000000003
synthetic,pfwillow|catspp|True|False,pfwillow,catspp|True|False,51.6333,0.9321282260666832,0.2602245998233398,0.0,0.0,46.27945
synthetic,pfwillow|catspp|True|True,pfwillow,catspp|True|True,52.2222,0.9321282260666832,0.2923860058211113,0.0,0.0,48.40555
synthetic,pfwillow|glunet|True|False,pfwillow,glunet|True|False,29.7111,0.9321282260666832,0.5774907835415547,0.0,0.0,29.10098
synthetic,pfwillow|glunet|True|True,pfwillow,glunet|True|True,48.458,0.9321282260666832,0.492968282813359,0.0,0.0,32.67401
synthetic,pointodyssey|catspp|True|False,pointodyssey,catspp|True|False,58.2916,0.0512561913204003,0.0452446095373524,0.0,0.0,57.4558
synthetic,pointodyssey|catspp|True|True,pointodyssey,catspp|True|True,51.1702,0.0512561913204003,0.0448855437490332,0.0,0.0,58.584140000000005
synthetic,pointodyssey|glunet|True|False,pointodyssey,glunet|True|False,92.7503,0.0512561913204003,0.0612910914924277,0.0,0.0,83.66917
synthetic,pointodyssey|glunet|True|True,pointodyssey,glunet|True|True,96.5122,0.0512561913204003,0.0399827193451312,0.0,0.0,85.53264
synthetic,spair|catspp|True|False,spair,catspp|True|False,22.4135,5.370361864095074,1.023285025255031,0.0,0.0,21.11787
synthetic,spair|catspp|True|True,spair,catspp|True|True,23.9909,5.370361864095074,0.9646920546171904,0.0,0.0,22.32048
synthetic,spair|glunet|True|False,spair,glunet|True|False,7.559,5.370361864095074,2.0308426682947287,0.0,0.0,7.51929
synthetic,spair|glunet|True|True,spair,glunet|True|True,15.5133,5.370361864095074,1.3444347274411808,0.0,0.0,8.40899
synthetic,synthetic|catspp|True|False,synthetic,catspp|True|False,53.8161,6.426075936678624,5.584966606674145,0.0,0.0,47.85006
synthetic,synthetic|catspp|True|True,synthetic,catspp|True|True,48.52,6.426075936678624,4.05122449295232,0.0,0.0,47.35428
synthetic,synthetic|glunet|True|False,synthetic,glunet|True|False,32.9391,6.426075936678624,6.060158938233133,0.0,0.0,28.466770000000004
synthetic,synthetic|glunet|True|True,synthetic,glunet|True|True,37.9779,6.426075936678624,4.206564821141432,0.0,0.0,25.62596
synthetic,tss|catspp|True|False,tss,catspp|True|False,66.0565,1.517358602168171,0.2881781792295653,0.0,0.0,63.791610000000006
synthetic,tss|catspp|True|True,tss,catspp|True|True,65.6689,1.517358602168171,0.3161462421953535,0.0,0.0,64.37001000000001
synthetic,tss|glunet|True|False,tss,glunet|True|False,52.1427,1.517358602168171,1.5278954630325932,0.0,0.0,47.62096
synthetic,tss|glunet|True|True,tss,glunet|True|True,64.008,1.517358602168171,1.1790049777864569,0.0,0.0,50.24008
synthetic_2d_warp,flyingthings|catspp|True|False,flyingthings,catspp|True|False,82.2203,0.1639032023424919,0.0531530632184458,0.0,0.0,79.72738000000001
synthetic_2d_warp,flyingthings|catspp|True|True,flyingthings,catspp|True|True,81.6201,0.1639032023424919,0.038927400091201,0.0,0.0,79.92819499999999
synthetic_2d_warp,flyingthings|glunet|True|False,flyingthings,glunet|True|False,71.3152,0.1639032023424919,0.1955888790687751,0.0,0.0,65.35628
synthetic_2d_warp,flyingthings|glunet|True|True,flyingthings,glunet|True|True,78.2963,0.1639032023424919,0.1316584732338161,0.0,0.0,66.45239000000001
synthetic_2d_warp,kitti2012|catspp|True|False,kitti2012,catspp|True|False,95.9663,-0.0093826360023418,-0.0022872506707667,0.0,0.0,95.77693
synthetic_2d_warp,kitti2012|catspp|True|True,kitti2012,catspp|True|True,96.3689,-0.0093826360023418,-0.0021400054829391,0.0,0.0,95.60172
synthetic_2d_warp,kitti2012|glunet|True|False,kitti2012,glunet|True|False,91.75,-0.0093826360023418,-0.0117644545448869,0.0,0.0,88.54713999999998
synthetic_2d_warp,kitti2012|glunet|True|True,kitti2012,glunet|True|True,98.3573,-0.0093826360023418,-0.007430482148931,0.0,0.0,91.17193
synthetic_2d_warp,kitti2015|catspp|True|False,kitti2015,catspp|True|False,95.364,-0.0035980256772754,-0.0007108359240748,0.0,0.0,95.126835
synthetic_2d_warp,kitti2015|catspp|True|True,kitti2015,catspp|True|True,95.7853,-0.0035980256772754,-0.0006862025847396,0.0,0.0,94.75259
synthetic_2d_warp,kitti2015|glunet|True|False,kitti2015,glunet|True|False,91.6412,-0.0035980256772754,-0.0041863237202667,0.0,0.0,86.47188
synthetic_2d_warp,kitti2015|glunet|True|True,kitti2015,glunet|True|True,97.4131,-0.0035980256772754,-0.0027713203530201,0.0,0.0,89.03812
synthetic_2d_warp,pfpascal|catspp|True|False,pfpascal,catspp|True|False,49.2846,0.6721424562956193,0.2032844397197301,0.0,0.0,43.03598
synthetic_2d_warp,pfpascal|catspp|True|True,pfpascal,catspp|True|True,55.8613,0.6721424562956193,0.1628916124363638,0.0,0.0,45.239085
synthetic_2d_warp,pfpascal|glunet|True|False,pfpascal,glunet|True|False,27.963,0.6721424562956193,0.3849053369072615,0.0,0.0,25.70394
synthetic_2d_warp,pfpascal|glunet|True|True,pfpascal,glunet|True|True,46.4716,0.6721424562956193,0.3319017800359742,0.0,0.0,29.90775
synthetic_2d_warp,pfwillow|catspp|True|False,pfwillow,catspp|True|False,52.3889,0.9299821002375128,0.2560451783152722,0.0,0.0,46.20389
synthetic_2d_warp,pfwillow|catspp|True|True,pfwillow,catspp|True|True,57.2889,0.9299821002375128,0.2608645618122825,0.0,0.0,47.898880000000005
synthetic_2d_warp,pfwillow|glunet|True|False,pfwillow,glunet|True|False,29.116,0.9299821002375128,0.5781518947155133,0.0,0.0,29.16049
synthetic_2d_warp,pfwillow|glunet|True|True,pfwillow,glunet|True|True,48.3864,0.9299821002375128,0.4940681489267409,0.0,0.0,32.681169999999995
synthetic_2d_warp,pointodyssey|catspp|True|False,pointodyssey,catspp|True|False,53.0839,0.0513477906793643,0.0452892719798061,0.0,0.0,57.97657
synthetic_2d_warp,pointodyssey|catspp|True|True,pointodyssey,catspp|True|True,50.3469,0.0513477906793643,0.0449998010061941,0.0,0.0,58.66647
synthetic_2d_warp,pointodyssey|glunet|True|False,pointodyssey,glunet|True|False,92.0552,0.0513477906793643,0.061683313055887,0.0,0.0,83.73868
synthetic_2d_warp,pointodyssey|glunet|True|True,pointodyssey,glunet|True|True,96.0115,0.0513477906793643,0.0402941090757361,0.0,0.0,85.58270999999999
synthetic_2d_warp,spair|catspp|True|False,spair,catspp|True|False,22.7753,5.3785720684936384,1.0236136302973446,0.0,0.0,21.08169
synthetic_2d_warp,spair|catspp|True|True,spair,catspp|True|True,25.8691,5.3785720684936384,0.9221084663056918,0.0,0.0,22.13266
synthetic_2d_warp,spair|glunet|True|False,spair,glunet|True|False,6.63,5.3785720684936384,2.0388149309556898,0.0,0.0,7.61219
synthetic_2d_warp,spair|glunet|True|True,spair,glunet|True|True,15.6163,5.3785720684936384,1.346148033983981,0.0,0.0,8.39869
synthetic_2d_warp,synthetic|catspp|True|False,synthetic,catspp|True|False,44.6253,6.518772419114646,5.703371112983369,0.0,0.0,48.76914
synthetic_2d_warp,synthetic|catspp|True|True,synthetic,catspp|True|True,43.3481,6.518772419114646,4.095993289236834,0.0,0.0,47.87147
synthetic_2d_warp,synthetic|glunet|True|False,synthetic,glunet|True|False,29.4639,6.518772419114646,6.186632554355653,0.0,0.0,28.81429
synthetic_2d_warp,synthetic|glunet|True|True,synthetic,glunet|True|True,37.0372,6.518772419114646,4.3149178680749065,0.0,0.0,25.72003
synthetic_2d_warp,tss|catspp|True|False,tss,catspp|True|False,65.697,1.5302875712556223,0.2934098563734169,0.0,0.0,63.82755999999999
synthetic_2d_warp,tss|catspp|True|True,tss,catspp|True|True,67.8214,1.5302875712556223,0.3077631590083037,0.0,0.0,64.15476
synthetic_2d_warp,tss|glunet|True|False,tss,glunet|True|False,50.8272,1.5302875712556223,1.5483349417994448,0.0,0.0,47.75251
synthetic_2d_warp,tss|glunet|True|True,tss,glunet|True|True,66.2204,1.5302875712556223,1.173029245577499,0.0,0.0,50.01884
synthetic_large_zoom,flyingthings|catspp|True|False,flyingthings,catspp|True|False,81.8483,-0.0335712758308417,-0.0112030677969546,0.0,0.0,79.76458
synthetic_large_zoom,flyingthings|catspp|True|True,flyingthings,catspp|True|True,82.1343,-0.0335712758308417,-0.008139627123923,0.0,0.0,79.876775
synthetic_large_zoom,flyingthings|glunet|True|False,flyingthings,glunet|True|False,72.5692,-0.0335712758308417,-0.0410497393492769,0.0,0.0,65.23088
synthetic_large_zoom,flyingthings|glunet|True|True,flyingthings,glunet|True|True,62.7767,-0.0335712758308417,-0.0283439356436146,0.0,0.0,68.00435
synthetic_large_zoom,kitti2012|catspp|True|False,kitti2012,catspp|True|False,98.7949,-0.0031520527639622,-0.0007685595508103,0.0,0.0,95.49407
synthetic_large_zoom,kitti2012|catspp|True|True,kitti2012,catspp|True|True,98.6413,-0.0031520527639622,-0.0007179190954791,0.0,0.0,95.37448
synthetic_large_zoom,kitti2012|glunet|True|False,kitti2012,glunet|True|False,99.1724,-0.0031520527639622,-0.004014276148524,0.0,0.0,87.8049
synthetic_large_zoom,kitti2012|glunet|True|True,kitti2012,glunet|True|True,98.7654,-0.0031520527639622,-0.0025586357039727,0.0,0.0,91.13112
synthetic_large_zoom,kitti2015|catspp|True|False,kitti2015,catspp|True|False,98.0919,-0.0002570474756664,-5.0165505268044165e-05,0.0,0.0,94.854045
synthetic_large_zoom,kitti2015|catspp|True|True,kitti2015,catspp|True|True,97.7369,-0.0002570474756664,-4.856107246524652e-05,0.0,0.0,94.55743
synthetic_large_zoom,kitti2015|glunet|True|False,kitti2015,glunet|True|False,98.0506,-0.0002570474756664,-0.0003031327602699,0.0,0.0,85.83094
synthetic_large_zoom,kitti2015|glunet|True|True,kitti2015,glunet|True|True,96.8003,-0.0002570474756664,-0.0002037471224137,0.0,0.0,89.0994
synthetic_large_zoom,pfpascal|catspp|True|False,pfpascal,catspp|True|False,47.5495,-0.3281200981079241,-0.1049349781769841,0.0,0.0,43.20949
synthetic_large_zoom,pfpascal|catspp|True|True,pfpascal,catspp|True|True,50.0421,-0.3281200981079241,-0.0982092654065469,0.0,0.0,45.821005
synthetic_large_zoom,pfpascal|glunet|True|False,pfpascal,glunet|True|False,23.0618,-0.3281200981079241,-0.1924962729977898,0.0,0.0,26.19406
synthetic_large_zoom,pfpascal|glunet|True|True,pfpascal,glunet|True|True,19.3452,-0.3281200981079241,-0.1753340746249383,0.0,0.0,32.62039
synthetic_large_zoom,pfwillow|catspp|True|False,pfwillow,catspp|True|False,51.4222,-0.2136215149133357,-0.0616841936447259,0.0,0.0,46.30056
synthetic_large_zoom,pfwillow|catspp|True|True,pfwillow,catspp|True|True,54.3556,-0.2136215149133357,-0.0667168516277525,0.0,0.0,48.19221
synthetic_large_zoom,pfwillow|glunet|True|False,pfwillow,glunet|True|False,30.5,-0.2136215149133357,-0.1362178213987413,0.0,0.0,29.02209
synthetic_large_zoom,pfwillow|glunet|True|True,pfwillow,glunet|True|True,21.0975,-0.2136215149133357,-0.1188609737188892,0.0,0.0,35.41006
synthetic_large_zoom,pointodyssey|catspp|True|False,pointodyssey,catspp|True|False,45.1112,0.019644378872352,0.017263451436854,0.0,0.0,58.77383999999999
synthetic_large_zoom,pointodyssey|catspp|True|True,pointodyssey,catspp|True|True,52.1959,0.019644378872352,0.0177664030381313,0.0,0.0,58.48157
synthetic_large_zoom,pointodyssey|glunet|True|False,pointodyssey,glunet|True|False,91.0513,0.019644378872352,0.0242637557079871,0.0,0.0,83.83907
synthetic_large_zoom,pointodyssey|glunet|True|True,pointodyssey,glunet|True|True,85.0481,0.019644378872352,0.0161968709396015,0.0,0.0,86.67904999999999
synthetic_large_zoom,spair|catspp|True|False,spair,catspp|True|False,20.9922,0.8687445233779982,0.1715189618507692,0.0,0.0,21.26
synthetic_large_zoom,spair|catspp|True|True,spair,catspp|True|True,21.5433,0.8687445233779982,0.1619138829068057,0.0,0.0,22.56524
synthetic_large_zoom,spair|glunet|True|False,spair,glunet|True|False,4.5811,0.8687445233779982,0.3349285762984061,0.0,0.0,7.81708
synthetic_large_zoom,spair|glunet|True|True,spair,glunet|True|True,3.6447,0.8687445233779982,0.2312665027187923,0.0,0.0,9.59585
synthetic_large_zoom,synthetic|catspp|True|False,synthetic,catspp|True|False,63.3596,3.6215356853985994,3.099696441666264,0.0,0.0,46.89571
synthetic_large_zoom,synthetic|catspp|True|True,synthetic,catspp|True|True,61.0204,3.6215356853985994,2.1642041038388453,0.0,0.0,46.10424
synthetic_large_zoom,synthetic|glunet|True|False,synthetic,glunet|True|False,25.3843,3.6215356853985994,3.5203502348993108,0.0,0.0,29.222250000000003
synthetic_large_zoom,synthetic|glunet|True|True,synthetic,glunet|True|True,18.4805,3.6215356853985994,2.4956994983681278,0.0,0.0,27.5757
synthetic_large_zoom,tss|catspp|True|False,tss,catspp|True|False,67.8898,0.6206318527240581,0.1151295743044456,0.0,0.0,63.60828
synthetic_large_zoom,tss|catspp|True|True,tss,catspp|True|True,68.6688,0.6206318527240581,0.1247045484505818,0.0,0.0,64.07002
synthetic_large_zoom,tss|glunet|True|False,tss,glunet|True|False,49.3439,0.6206318527240581,0.6452368175120404,0.0,0.0,47.90084
synthetic_large_zoom,tss|glunet|True|True,tss,glunet|True|True,34.6233,0.6206318527240581,0.4788519397468412,0.0,0.0,53.17855
synthetic_random_flipping,flyingthings|catspp|True|False,flyingthings,catspp|True|False,83.2946,0.2683465942114713,0.0875936779804862,0.0,0.0,79.61995
synthetic_random_flipping,flyingthings|catspp|True|True,flyingthings,catspp|True|True,80.7323,0.2683465942114713,0.0651468356748605,0.0,0.0,80.016975
synthetic_random_flipping,flyingthings|glunet|True|False,flyingthings,glunet|True|False,81.6246,0.2683465942114713,0.3170076730990719,0.0,0.0,64.32534000000001
synthetic_random_flipping,flyingthings|glunet|True|True,flyingthings,glunet|True|True,77.2625,0.2683465942114713,0.2202783987876224,0.0,0.0,66.55577000000001
synthetic_random_flipping,kitti2012|catspp|True|False,kitti2012,catspp|True|False,97.9034,-0.0185157992297071,-0.0045299846471853,0.0,0.0,95.58322
synthetic_random_flipping,kitti2012|catspp|True|True,kitti2012,catspp|True|True,95.9432,-0.0185157992297071,-0.0042978181776722,0.0,0.0,95.64429
synthetic_random_flipping,kitti2012|glunet|True|False,kitti2012,glunet|True|False,98.9943,-0.0185157992297071,-0.0233564716884609,0.0,0.0,87.82271
synthetic_random_flipping,kitti2012|glunet|True|True,kitti2012,glunet|True|True,98.8084,-0.0185157992297071,-0.0148787538942752,0.0,0.0,91.12682
synthetic_random_flipping,kitti2015|catspp|True|False,kitti2015,catspp|True|False,97.1466,-0.0096598161753768,-0.0019064990454947,0.0,0.0,94.948575
synthetic_random_flipping,kitti2015|catspp|True|True,kitti2015,catspp|True|True,95.5148,-0.0096598161753768,-0.001876134041809,0.0,0.0,94.77964
synthetic_random_flipping,kitti2015|glunet|True|False,kitti2015,glunet|True|False,97.5133,-0.0096598161753768,-0.0112955602023982,0.0,0.0,85.88467
synthetic_random_flipping,kitti2015|glunet|True|True,kitti2015,glunet|True|True,97.2046,-0.0096598161753768,-0.0075685814237603,0.0,0.0,89.05897
synthetic_random_flipping,pfpascal|catspp|True|False,pfpascal,catspp|True|False,39.4059,1.0798213075290952,0.3406995129275966,0.0,0.0,44.02385
synthetic_random_flipping,pfpascal|catspp|True|True,pfpascal,catspp|True|True,38.0521,1.0798213075290952,0.2855488929048528,0.0,0.0,47.020005
synthetic_random_flipping,pfpascal|glunet|True|False,pfpascal,glunet|True|False,30.4384,1.0798213075290952,0.623220519402496,0.0,0.0,25.4564
synthetic_random_flipping,pfpascal|glunet|True|True,pfpascal,glunet|True|True,32.8035,1.0798213075290952,0.6199431713102321,0.0,0.0,31.27456
synthetic_random_flipping,pfwillow|catspp|True|False,pfwillow,catspp|True|False,40.1667,1.5241551925361334,0.4150973796021882,0.0,0.0,47.42611
synthetic_random_flipping,pfwillow|catspp|True|True,pfwillow,catspp|True|True,40.1,1.5241551925361334,0.4326705073911227,0.0,0.0,49.61777
synthetic_random_flipping,pfwillow|glunet|True|False,pfwillow,glunet|True|False,36.342,1.5241551925361334,0.9412421491621106,0.0,0.0,28.43789
synthetic_random_flipping,pfwillow|glunet|True|True,pfwillow,glunet|True|True,36.9201,1.5241551925361334,0.9136049111573888,0.0,0.0,33.8278
synthetic_random_flipping,pointodyssey|catspp|True|False,pointodyssey,catspp|True|False,48.4592,0.0782017090723438,0.0691523116691048,0.0,0.0,58.43904
synthetic_random_flipping,pointodyssey|catspp|True|True,pointodyssey,catspp|True|True,48.5201,0.0782017090723438,0.0691820726194993,0.0,0.0,58.84915
synthetic_random_flipping,pointodyssey|glunet|True|False,pointodyssey,glunet|True|False,97.2085,0.0782017090723438,0.0943135524692518,0.0,0.0,83.22335000000001
synthetic_random_flipping,pointodyssey|glunet|True|True,pointodyssey,glunet|True|True,95.8802,0.0782017090723438,0.0624119132479478,0.0,0.0,85.59584
synthetic_random_flipping,spair|catspp|True|False,spair,catspp|True|False,23.9303,9.067064372417333,1.7136852749153169,0.0,0.0,20.96619
synthetic_random_flipping,spair|catspp|True|True,spair,catspp|True|True,25.8495,9.067064372417333,1.581064653964697,0.0,0.0,22.13462
synthetic_random_flipping,spair|glunet|True|False,spair,glunet|True|False,12.1407,9.067064372417333,3.408599590808753,0.0,0.0,7.06112
synthetic_random_flipping,spair|glunet|True|True,spair,glunet|True|True,14.4483,9.067064372417333,2.39089602741729,0.0,0.0,8.51549
synthetic_random_flipping,synthetic|catspp|True|False,synthetic,catspp|True|False,84.9434,11.616544133587636,6.709786851969934,0.0,0.0,44.73733
synthetic_random_flipping,synthetic|catspp|True|True,synthetic,catspp|True|True,70.9568,11.616544133587636,5.482644447160752,0.0,0.0,45.1106
synthetic_random_flipping,synthetic|glunet|True|False,synthetic,glunet|True|False,71.1258,11.616544133587636,6.500585718381958,0.0,0.0,24.6481
synthetic_random_flipping,synthetic|glunet|True|True,synthetic,glunet|True|True,54.0369,11.616544133587636,5.591481029974551,0.0,0.0,24.02006
synthetic_random_flipping,tss|catspp|True|False,tss,catspp|True|False,67.4824,2.6079602297821127,0.48631933927174,0.0,0.0,63.64901999999999
synthetic_random_flipping,tss|catspp|True|True,tss,catspp|True|True,68.1239,2.6079602297821127,0.5283989973656479,0.0,0.0,64.12451
synthetic_random_flipping,tss|glunet|True|False,tss,glunet|True|False,66.03,2.6079602297821127,2.5394445704840023,0.0,0.0,46.23223
synthetic_random_flipping,tss|glunet|True|True,tss,glunet|True|True,68.4478,2.6079602297821127,1.99051261192112,0.0,0.0,49.7961
synthetic_small_zoom,flyingthings|catspp|True|False,flyingthings,catspp|True|False,81.3255,-0.1399562523296997,-0.0467778958182627,0.0,0.0,79.81685999999999
synthetic_small_zoom,flyingthings|catspp|True|True,flyingthings,catspp|True|True,81.1893,-0.1399562523296997,-0.0341974021901424,0.0,0.0,79.97127499999999
synthetic_small_zoom,flyingthings|glunet|True|False,flyingthings,glunet|True|False,75.9953,-0.1399562523296997,-0.169777262495125,0.0,0.0,64.88827
synthetic_small_zoom,flyingthings|glunet|True|True,flyingthings,glunet|True|True,72.6252,-0.1399562523296997,-0.1179311807320821,0.0,0.0,67.0195
synthetic_small_zoom,kitti2012|catspp|True|False,kitti2012,catspp|True|False,98.6145,-0.002928978087754,-0.0007155780559507,0.0,0.0,95.51211
synthetic_small_zoom,kitti2012|catspp|True|True,kitti2012,catspp|True|True,98.7183,-0.002928978087754,-0.0006653054040322,0.0,0.0,95.36678
synthetic_small_zoom,kitti2012|glunet|True|False,kitti2012,glunet|True|False,99.1933,-0.002928978087754,-0.0037257827053701,0.0,0.0,87.80281
synthetic_small_zoom,kitti2012|glunet|True|True,kitti2012,glunet|True|True,99.0835,-0.002928978087754,-0.0023719933722514,0.0,0.0,91.09931
synthetic_small_zoom,kitti2015|catspp|True|False,kitti2015,catspp|True|False,97.692,-0.0144100574612277,-0.0028374900317776,0.0,0.0,94.894035
synthetic_small_zoom,kitti2015|catspp|True|True,kitti2015,catspp|True|True,97.817,-0.0144100574612277,-0.002712931260817,0.0,0.0,94.54942
synthetic_small_zoom,kitti2015|glunet|True|False,kitti2015,glunet|True|False,98.1319,-0.0144100574612277,-0.0169704525901329,0.0,0.0,85.82281
synthetic_small_zoom,kitti2015|glunet|True|True,kitti2015,glunet|True|True,97.9048,-0.0144100574612277,-0.0113555499711595,0.0,0.0,88.98895
synthetic_small_zoom,pfpascal|catspp|True|False,pfpascal,catspp|True|False,46.1154,-1.073690863073049,-0.3484185533590778,0.0,0.0,43.3529
synthetic_small_zoom,pfpascal|catspp|True|True,pfpascal,catspp|True|True,47.1207,-1.073690863073049,-0.3296605100202293,0.0,0.0,46.113145
synthetic_small_zoom,pfpascal|glunet|True|False,pfpascal,glunet|True|False,26.2712,-1.073690863073049,-0.6317496337374513,0.0,0.0,25.87312
synthetic_small_zoom,pfpascal|glunet|True|True,pfpascal,glunet|True|True,31.3731,-1.073690863073049,-0.622512209718205,0.0,0.0,31.417600000000004
synthetic_small_zoom,pfwillow|catspp|True|False,pfwillow,catspp|True|False,48.7889,-0.8690131388311251,-0.2598049370165897,0.0,0.0,46.56389
synthetic_small_zoom,pfwillow|catspp|True|True,pfwillow,catspp|True|True,48.6889,-0.8690131388311251,-0.2860714187775207,0.0,0.0,48.75888
synthetic_small_zoom,pfwillow|glunet|True|False,pfwillow,glunet|True|False,29.3389,-0.8690131388311251,-0.553932527409634,0.0,0.0,29.1382
synthetic_small_zoom,pfwillow|glunet|True|True,pfwillow,glunet|True|True,31.6222,-0.8690131388311251,-0.5259492610587521,0.0,0.0,34.35759
synthetic_small_zoom,pointodyssey|catspp|True|False,pointodyssey,catspp|True|False,45.3383,0.0067119330627017,0.0058992759971514,0.0,0.0,58.75113
synthetic_small_zoom,pointodyssey|catspp|True|True,pointodyssey,catspp|True|True,47.995,0.0067119330627017,0.0059769479101582,0.0,0.0,58.90166000000001
synthetic_small_zoom,pointodyssey|glunet|True|False,pointodyssey,glunet|True|False,92.6605,0.0067119330627017,0.0082581471550085,0.0,0.0,83.67815
synthetic_small_zoom,pointodyssey|glunet|True|True,pointodyssey,glunet|True|True,90.8588,0.0067119330627017,0.0055039886098388,0.0,0.0,86.09797999999999
synthetic_small_zoom,spair|catspp|True|False,spair,catspp|True|False,20.7809,-1.2145009681780756,-0.2393513469872693,0.0,0.0,21.28113
synthetic_small_zoom,spair|catspp|True|True,spair,catspp|True|True,20.6206,-1.2145009681780756,-0.2231335759411133,0.0,0.0,22.65751
synthetic_small_zoom,spair|glunet|True|False,spair,glunet|True|False,4.3584,-1.2145009681780756,-0.4669432535998725,0.0,0.0,7.83935
synthetic_small_zoom,spair|glunet|True|True,spair,glunet|True|True,5.8067,-1.2145009681780756,-0.3376540167471404,0.0,0.0,9.379650000000002
synthetic_small_zoom,synthetic|catspp|True|False,synthetic,catspp|True|False,61.0298,2.525590589843144,2.1924009262971644,0.0,0.0,47.12869
synthetic_small_zoom,synthetic|catspp|True|True,synthetic,catspp|True|True,60.9373,2.525590589843144,1.5092383629330215,0.0,0.0,46.11255
synthetic_small_zoom,synthetic|glunet|True|False,synthetic,glunet|True|False,26.6724,2.525590589843144,2.4555989966132845,0.0,0.0,29.09344
synthetic_small_zoom,synthetic|glunet|True|True,synthetic,glunet|True|True,23.5695,2.525590589843144,1.775699766737549,0.0,0.0,27.0668
synthetic_small_zoom,tss|catspp|True|False,tss,catspp|True|False,64.8435,0.3202705922459166,0.0635831322350554,0.0,0.0,63.91291
synthetic_small_zoom,tss|catspp|True|True,tss,catspp|True|True,65.1306,0.3202705922459166,0.0689053522119668,0.0,0.0,64.42384
synthetic_small_zoom,tss|glunet|True|False,tss,glunet|True|False,55.011,0.3202705922459166,0.3300309520331946,0.0,0.0,47.33413
synthetic_small_zoom,tss|glunet|True|True,tss,glunet|True|True,51.7585,0.3202705922459166,0.2668203719212592,0.0,0.0,51.46503
