train_dataset,context_id,benchmark,variant,actual,g,g_zridge,g_rank,g_gbm,L
flyingthings,flyingthings|catspp|False|False,flyingthings,catspp|False|False,70.7445,0.001272351282326177,0.039617203217821036,0.0,0.0,56.183385
flyingthings,flyingthings|catspp|False|True,flyingthings,catspp|False|True,61.1514,0.001272351282326177,0.0401740828428691,0.0,0.0,58.28197
flyingthings,flyingthings|catspp|True|False,flyingthings,catspp|True|False,63.3569,0.001272351282326177,0.004511042510262789,0.0,0.0,81.61372
flyingthings,flyingthings|catspp|True|True,flyingthings,catspp|True|True,82.2555,0.001272351282326177,0.008783378304656421,0.0,0.0,79.864655
flyingthings,flyingthings|glunet|False|False,flyingthings,glunet|False|False,54.827,0.001272351282326177,0.04227942781501311,0.0,0.0,59.29121
flyingthings,flyingthings|glunet|False|True,flyingthings,glunet|False|True,61.0606,0.001272351282326177,0.03708052837005148,0.0,0.0,51.50010999999999
flyingthings,flyingthings|glunet|True|False,flyingthings,glunet|True|False,72.5692,0.001272351282326177,0.044364527949519464,0.0,0.0,65.23088
flyingthings,flyingthings|glunet|True|True,flyingthings,glunet|True|True,78.4335,0.001272351282326177,0.02989375725118754,0.0,0.0,66.43867
flyingthings,flyingthings|raft|True|False,flyingthings,raft|True|False,3.4438,0.001272351282326177,0.0404858441484582,0.0,0.0,55.481320000000004
flyingthings,kitti2012|catspp|False|False,kitti2012,catspp|False|False,91.745,-0.6226948886282364,0.4824691306396773,0.0,0.0,74.76225
flyingthings,kitti2012|catspp|False|True,kitti2012,catspp|False|True,91.7972,-0.6226948886282364,0.4746955792853903,0.0,0.0,76.97222000000001
flyingthings,kitti2012|catspp|True|False,kitti2012,catspp|True|False,98.205,-0.6226948886282364,0.08929452537913998,0.0,0.0,95.55306
flyingthings,kitti2012|catspp|True|True,kitti2012,catspp|True|True,97.709,-0.6226948886282364,0.08393331206053051,0.0,0.0,95.46771
flyingthings,kitti2012|glunet|False|False,kitti2012,glunet|False|False,98.5049,-0.6226948886282364,0.5088152545072858,0.0,0.0,85.14794
flyingthings,kitti2012|glunet|False|True,kitti2012,glunet|False|True,94.6197,-0.6226948886282364,0.49744978587060923,0.0,0.0,81.76045
flyingthings,kitti2012|glunet|True|False,kitti2012,glunet|True|False,99.1724,-0.6226948886282364,0.46204049642282213,0.0,0.0,87.8049
flyingthings,kitti2012|glunet|True|True,kitti2012,glunet|True|True,98.7654,-0.6226948886282364,0.29449725606530275,0.0,0.0,91.13112
flyingthings,kitti2012|raft|True|False,kitti2012,raft|True|False,84.6833,-0.6226948886282364,0.6540974319327958,0.0,0.0,75.8281825
flyingthings,kitti2015|catspp|False|False,kitti2015,catspp|False|False,89.5554,-0.5215712327644422,0.3704283435117135,0.0,0.0,77.28718
flyingthings,kitti2015|catspp|False|True,kitti2015,catspp|False|True,12.2973,-0.5215712327644422,0.0764272235831723,0.0,0.0,85.85379
flyingthings,kitti2015|catspp|True|False,kitti2015,catspp|True|False,92.1125,-0.5215712327644422,0.05583859339837924,0.0,0.0,95.45198500000001
flyingthings,kitti2015|catspp|True|True,kitti2015,catspp|True|True,96.3826,-0.5215712327644422,0.05577388323870493,0.0,0.0,94.69286
flyingthings,kitti2015|glunet|False|False,kitti2015,glunet|False|False,93.9097,-0.5215712327644422,0.3798169390563741,0.0,0.0,81.03671
flyingthings,kitti2015|glunet|False|True,kitti2015,glunet|False|True,92.7311,-0.5215712327644422,0.34672316182114926,0.0,0.0,77.20644999999999
flyingthings,kitti2015|glunet|True|False,kitti2015,glunet|True|False,95.0124,-0.5215712327644422,0.3407705035745441,0.0,0.0,86.13476
flyingthings,kitti2015|glunet|True|True,kitti2015,glunet|True|True,96.8003,-0.5215712327644422,0.2273707725396478,0.0,0.0,89.0994
flyingthings,kitti2015|raft|True|False,kitti2015,raft|True|False,83.4171,-0.5215712327644422,0.4702779342180361,0.0,0.0,73.28668625
flyingthings,pfpascal|catspp|False|False,pfpascal,catspp|False|False,9.00725,-0.14171695050264807,-0.018730233173258524,0.0,0.0,12.039255
flyingthings,pfpascal|catspp|False|True,pfpascal,catspp|False|True,17.9071,-0.14171695050264807,-0.019482682250731777,0.0,0.0,11.30322
flyingthings,pfpascal|catspp|True|False,pfpascal,catspp|True|False,46.1154,-0.14171695050264807,-0.023840817244577546,0.0,0.0,43.3529
flyingthings,pfpascal|catspp|True|True,pfpascal,catspp|True|True,40.9858,-0.14171695050264807,-0.021416877680492656,0.0,0.0,46.726635
flyingthings,pfpascal|glunet|False|False,pfpascal,glunet|False|False,6.0177,-0.14171695050264807,-0.019229263091753906,0.0,0.0,12.34292
flyingthings,pfpascal|glunet|False|True,pfpascal,glunet|False|True,15.9056,-0.14171695050264807,-0.01700082489157212,0.0,0.0,11.19802
flyingthings,pfpascal|glunet|True|False,pfpascal,glunet|True|False,26.2712,-0.14171695050264807,-0.04322797226800139,0.0,0.0,25.87312
flyingthings,pfpascal|glunet|True|True,pfpascal,glunet|True|True,31.3731,-0.14171695050264807,-0.042595894166160005,0.0,0.0,31.4176
flyingthings,pfpascal|raft|True|False,pfpascal,raft|True|False,12.3863,-0.14171695050264807,-0.017099779344832988,0.0,0.0,11.66437375
flyingthings,pfwillow|catspp|False|False,pfwillow,catspp|False|False,15.5,-0.030531406700635477,-0.032563791261599216,0.0,0.0,13.90222
flyingthings,pfwillow|catspp|False|True,pfwillow,catspp|False|True,14.47225,-0.030531406700635477,-0.034315405441496555,0.0,0.0,14.415550000000001
flyingthings,pfwillow|catspp|True|False,pfwillow,catspp|True|False,44.75,-0.030531406700635477,-0.03767368004831439,0.0,0.0,46.96778
flyingthings,pfwillow|catspp|True|True,pfwillow,catspp|True|True,48.6889,-0.030531406700635477,-0.041480350533730344,0.0,0.0,48.75888
flyingthings,pfwillow|glunet|False|False,pfwillow,glunet|False|False,5.6222,-0.030531406700635477,-0.022133154416959577,0.0,0.0,16.464869999999998
flyingthings,pfwillow|glunet|False|True,pfwillow,glunet|False|True,18.3398,-0.030531406700635477,-0.02930107982165387,0.0,0.0,13.571729999999999
flyingthings,pfwillow|glunet|True|False,pfwillow,glunet|True|False,11.9333,-0.030531406700635477,-0.06923772678585781,0.0,0.0,30.87876
flyingthings,pfwillow|glunet|True|True,pfwillow,glunet|True|True,21.0975,-0.030531406700635477,-0.07003201775922385,0.0,0.0,35.41006
flyingthings,pfwillow|raft|True|False,pfwillow,raft|True|False,6.6805625,-0.030531406700635477,-0.02218167548972523,0.0,0.0,15.68399
flyingthings,pointodyssey|catspp|False|False,pointodyssey,catspp|False|False,46.0158,-0.019623766249173648,0.15681466341627753,0.0,0.0,44.495034999999994
flyingthings,pointodyssey|catspp|False|True,pointodyssey,catspp|False|True,68.9316,-0.019623766249173648,0.17272947194772895,0.0,0.0,49.21954
flyingthings,pointodyssey|catspp|True|False,pointodyssey,catspp|True|False,58.6808,-0.019623766249173648,0.114032687709419,0.0,0.0,57.416880000000006
flyingthings,pointodyssey|catspp|True|True,pointodyssey,catspp|True|True,71.0583,-0.019623766249173648,0.10997455846446283,0.0,0.0,56.595330000000004
flyingthings,pointodyssey|glunet|False|False,pointodyssey,glunet|False|False,87.5416,-0.019623766249173648,0.17578506549277442,0.0,0.0,79.07327000000001
flyingthings,pointodyssey|glunet|False|True,pointodyssey,glunet|False|True,78.5324,-0.019623766249173648,0.16915666912790606,0.0,0.0,74.29801
flyingthings,pointodyssey|glunet|True|False,pointodyssey,glunet|True|False,91.9268,-0.019623766249173648,0.1547320180812822,0.0,0.0,83.75152
flyingthings,pointodyssey|glunet|True|True,pointodyssey,glunet|True|True,89.2135,-0.019623766249173648,0.10330113869621518,0.0,0.0,86.26250999999999
flyingthings,pointodyssey|raft|True|False,pointodyssey,raft|True|False,38.923,-0.019623766249173648,0.16051448626313833,0.0,0.0,41.77955875
flyingthings,spair|catspp|False|False,spair,catspp|False|False,3.622,-0.15980961948609979,-0.0006867255361753903,0.0,0.0,3.519355
flyingthings,spair|catspp|False|True,spair,catspp|False|True,3.8854,-0.15980961948609979,-0.0008086339232973762,0.0,0.0,3.530585
flyingthings,spair|catspp|True|False,spair,catspp|True|False,14.7345,-0.15980961948609979,-0.004667931472736578,0.0,0.0,21.88577
flyingthings,spair|catspp|True|True,spair,catspp|True|True,19.8812,-0.15980961948609979,-0.005436012738625058,0.0,0.0,22.731450000000002
flyingthings,spair|glunet|False|False,spair,glunet|False|False,2.6434,-0.15980961948609979,-0.0008113930936960723,0.0,0.0,2.89236
flyingthings,spair|glunet|False|True,spair,glunet|False|True,2.5485,-0.15980961948609979,-0.0004086213979117791,0.0,0.0,2.58431
flyingthings,spair|glunet|True|False,spair,glunet|True|False,4.3584,-0.15980961948609979,-0.01157571493399653,0.0,0.0,7.8393500000000005
flyingthings,spair|glunet|True|True,spair,glunet|True|True,15.5133,-0.15980961948609979,-0.007754026344794963,0.0,0.0,8.40899
flyingthings,spair|raft|True|False,spair,raft|True|False,2.3576,-0.15980961948609979,-0.0006267621715056412,0.0,0.0,2.80791375
flyingthings,synthetic|catspp|False|False,synthetic,catspp|False|False,49.4854,-0.3215052828357397,-0.019698618098920824,0.0,0.0,20.09521
flyingthings,synthetic|catspp|False|True,synthetic,catspp|False|True,19.6472,-0.3215052828357397,-0.03300306860034183,0.0,0.0,24.187445
flyingthings,synthetic|catspp|True|False,synthetic,catspp|True|False,44.6253,-0.3215052828357397,-0.03846324236739649,0.0,0.0,48.76914
flyingthings,synthetic|catspp|True|True,synthetic,catspp|True|True,41.0818,-0.3215052828357397,-0.027343319803406246,0.0,0.0,48.0981
flyingthings,synthetic|glunet|False|False,synthetic,glunet|False|False,15.5289,-0.3215052828357397,-0.02177503414700823,0.0,0.0,16.523059999999997
flyingthings,synthetic|glunet|False|True,synthetic,glunet|False|True,10.7744,-0.3215052828357397,-0.009989558628594856,0.0,0.0,12.45883
flyingthings,synthetic|glunet|True|False,synthetic,glunet|True|False,25.3843,-0.3215052828357397,-0.04163054759274863,0.0,0.0,29.222250000000003
flyingthings,synthetic|glunet|True|True,synthetic,glunet|True|True,6.6584,-0.3215052828357397,-0.02557585843755665,0.0,0.0,28.75791
flyingthings,synthetic|raft|True|False,synthetic,raft|True|False,24.5252,-0.3215052828357397,-0.04211190856872714,0.0,0.0,20.651182499999997
flyingthings,tss|catspp|False|False,tss,catspp|False|False,27.7243,-0.05998793749606105,-0.028430092850436038,0.0,0.0,24.822655
flyingthings,tss|catspp|False|True,tss,catspp|False|True,20.9901,-0.05998793749606105,-0.030071814279824256,0.0,0.0,26.048075
flyingthings,tss|catspp|True|False,tss,catspp|True|False,58.5563,-0.05998793749606105,-0.00891337374688347,0.0,0.0,64.54163
flyingthings,tss|catspp|True|True,tss,catspp|True|True,63.5068,-0.05998793749606105,-0.011190172596772074,0.0,0.0,64.58622
flyingthings,tss|glunet|False|False,tss,glunet|False|False,17.947,-0.05998793749606105,-0.031072931092927372,0.0,0.0,27.04217
flyingthings,tss|glunet|False|True,tss,glunet|False|True,18.6283,-0.05998793749606105,-0.025532740387317163,0.0,0.0,23.43803
flyingthings,tss|glunet|True|False,tss,glunet|True|False,40.9775,-0.05998793749606105,-0.0536997612158002,0.0,0.0,48.73748
flyingthings,tss|glunet|True|True,tss,glunet|True|True,19.7064,-0.05998793749606105,-0.03032509241706627,0.0,0.0,54.67024
flyingthings,tss|raft|True|False,tss,raft|True|False,18.6637,-0.05998793749606104,-0.023655063616352622,0.0,0.0,21.617317500000002
imagenet2dwarp,flyingthings|catspp|False|False,flyingthings,catspp|False|False,58.1203,0.11735971425274634,0.19833153610018447,0.0,0.0,57.44580499999999
imagenet2dwarp,flyingthings|catspp|False|True,flyingthings,catspp|False|True,70.0137,0.11735971425274634,0.19255844272089523,0.0,0.0,57.39574
imagenet2dwarp,flyingthings|catspp|True|False,flyingthings,catspp|True|False,82.138,0.11735971425274634,0.05899344446327188,0.0,0.0,79.73561
imagenet2dwarp,flyingthings|catspp|True|True,flyingthings,catspp|True|True,68.3472,0.11735971425274634,0.019154497111841563,0.0,0.0,81.255485
imagenet2dwarp,flyingthings|glunet|False|False,flyingthings,glunet|False|False,41.9398,0.11735971425274634,0.19899965333841826,0.0,0.0,60.579930000000004
imagenet2dwarp,flyingthings|glunet|False|True,flyingthings,glunet|False|True,56.1849,0.11735971425274634,0.18286392234746798,0.0,0.0,51.98768
imagenet2dwarp,flyingthings|glunet|True|False,flyingthings,glunet|True|False,71.3152,0.11735971425274634,0.2169534678980614,0.0,0.0,65.35628
imagenet2dwarp,flyingthings|glunet|True|True,flyingthings,glunet|True|True,76.6361,0.11735971425274634,0.1472845081555416,0.0,0.0,66.61841
imagenet2dwarp,flyingthings|raft|True|False,flyingthings,raft|True|False,38.9566,0.11735971425274634,0.24956548380070884,0.0,0.0,51.93004
imagenet2dwarp,kitti2012|catspp|False|False,kitti2012,catspp|False|False,83.2552,0.068252008807283,0.05264186217484038,0.0,0.0,75.61123
imagenet2dwarp,kitti2012|catspp|False|True,kitti2012,catspp|False|True,72.7553,0.068252008807283,0.051622097855681545,0.0,0.0,78.87640999999999
imagenet2dwarp,kitti2012|catspp|True|False,kitti2012,catspp|True|False,94.5198,0.068252008807283,0.009679183196042966,0.0,0.0,95.92157999999999
imagenet2dwarp,kitti2012|catspp|True|True,kitti2012,catspp|True|True,98.7183,0.068252008807283,0.008835776259550024,0.0,0.0,95.36678
imagenet2dwarp,kitti2012|glunet|False|False,kitti2012,glunet|False|False,96.3978,0.068252008807283,0.054720995707231074,0.0,0.0,85.35865
imagenet2dwarp,kitti2012|glunet|False|True,kitti2012,glunet|False|True,97.0676,0.068252008807283,0.05295895636037979,0.0,0.0,81.51566
imagenet2dwarp,kitti2012|glunet|True|False,kitti2012,glunet|True|False,93.4583,0.068252008807283,0.04994132800131453,0.0,0.0,88.37631
imagenet2dwarp,kitti2012|glunet|True|True,kitti2012,glunet|True|True,98.2409,0.068252008807283,0.031599167646682205,0.0,0.0,91.18357
imagenet2dwarp,kitti2012|raft|True|False,kitti2012,raft|True|False,96.60025,0.068252008807283,0.06877174849118727,0.0,0.0,74.6364875
imagenet2dwarp,kitti2015|catspp|False|False,kitti2015,catspp|False|False,78.94014999999999,0.03151602625025603,0.03742268562493853,0.0,0.0,78.348705
imagenet2dwarp,kitti2015|catspp|False|True,kitti2015,catspp|False|True,81.1634,0.03151602625025603,0.03671093817878202,0.0,0.0,78.96718000000001
imagenet2dwarp,kitti2015|catspp|True|False,kitti2015,catspp|True|False,95.364,0.03151602625025603,0.005801318654628544,0.0,0.0,95.126835
imagenet2dwarp,kitti2015|catspp|True|True,kitti2015,catspp|True|True,97.7369,0.03151602625025603,0.005404250580184835,0.0,0.0,94.55743
imagenet2dwarp,kitti2015|glunet|False|False,kitti2015,glunet|False|False,86.2536,0.03151602625025603,0.03833395211091506,0.0,0.0,81.80232
imagenet2dwarp,kitti2015|glunet|False|True,kitti2015,glunet|False|True,89.0545,0.03151602625025603,0.03495170046639471,0.0,0.0,77.57410999999999
imagenet2dwarp,kitti2015|glunet|True|False,kitti2015,glunet|True|False,97.5133,0.03151602625025603,0.03378475184006811,0.0,0.0,85.88467
imagenet2dwarp,kitti2015|glunet|True|True,kitti2015,glunet|True|True,96.2638,0.03151602625025603,0.02272048738503767,0.0,0.0,89.15305
imagenet2dwarp,kitti2015|raft|True|False,kitti2015,raft|True|False,92.9642,0.03151602625025603,0.04606946564572489,0.0,0.0,72.33197625
imagenet2dwarp,pfpascal|catspp|False|False,pfpascal,catspp|False|False,15.8031,-0.15214028416728154,-0.07060104606274173,0.0,0.0,11.35967
imagenet2dwarp,pfpascal|catspp|False|True,pfpascal,catspp|False|True,6.5354,-0.15214028416728154,-0.07658313339151948,0.0,0.0,12.440389999999999
imagenet2dwarp,pfpascal|catspp|True|False,pfpascal,catspp|True|False,48.9548,-0.15214028416728154,-0.0885634040875539,0.0,0.0,43.06896
imagenet2dwarp,pfpascal|catspp|True|True,pfpascal,catspp|True|True,50.0421,-0.15214028416728154,-0.08481992022375223,0.0,0.0,45.821005
imagenet2dwarp,pfpascal|glunet|False|False,pfpascal,glunet|False|False,16.1068,-0.15214028416728154,-0.07692443541062545,0.0,0.0,11.334010000000001
imagenet2dwarp,pfpascal|glunet|False|True,pfpascal,glunet|False|True,14.5575,-0.15214028416728154,-0.06771585930714295,0.0,0.0,11.33283
imagenet2dwarp,pfpascal|glunet|True|False,pfpascal,glunet|True|False,28.6839,-0.15214028416728154,-0.16628724617152357,0.0,0.0,25.631850000000004
imagenet2dwarp,pfpascal|glunet|True|True,pfpascal,glunet|True|True,42.4831,-0.15214028416728154,-0.1535763744362181,0.0,0.0,30.306600000000003
imagenet2dwarp,pfpascal|raft|True|False,pfpascal,raft|True|False,13.923,-0.15214028416728154,-0.06508710770102288,0.0,0.0,11.510703750000001
imagenet2dwarp,pfwillow|catspp|False|False,pfwillow,catspp|False|False,4.8667,-0.059661680309982895,-0.04609574602437883,0.0,0.0,14.965549999999999
imagenet2dwarp,pfwillow|catspp|False|True,pfwillow,catspp|False|True,11.4889,-0.059661680309982895,-0.06318390277726618,0.0,0.0,14.713885
imagenet2dwarp,pfwillow|catspp|True|False,pfwillow,catspp|True|False,48.7889,-0.059661680309982895,-0.07082280662959628,0.0,0.0,46.56389
imagenet2dwarp,pfwillow|catspp|True|True,pfwillow,catspp|True|True,47.911100000000005,-0.059661680309982895,-0.07789385313665534,0.0,0.0,48.83666
imagenet2dwarp,pfwillow|glunet|False|False,pfwillow,glunet|False|False,19.8741,-0.059661680309982895,-0.057174422260583106,0.0,0.0,15.039679999999999
imagenet2dwarp,pfwillow|glunet|False|True,pfwillow,glunet|False|True,15.0111,-0.059661680309982895,-0.05818573990438174,0.0,0.0,13.904599999999999
imagenet2dwarp,pfwillow|glunet|True|False,pfwillow,glunet|True|False,35.8302,-0.059661680309982895,-0.14806271705668508,0.0,0.0,28.489069999999998
imagenet2dwarp,pfwillow|glunet|True|True,pfwillow,glunet|True|True,31.7,-0.059661680309982895,-0.14339996192392496,0.0,0.0,34.34981
imagenet2dwarp,pfwillow|raft|True|False,pfwillow,raft|True|False,18.722250000000003,-0.059661680309982895,-0.05261563784830359,0.0,0.0,14.47982125
imagenet2dwarp,pointodyssey|catspp|False|False,pointodyssey,catspp|False|False,38.9858,0.22489367747583788,0.7384222307524583,0.0,0.0,45.198035
imagenet2dwarp,pointodyssey|catspp|False|True,pointodyssey,catspp|False|True,4.4014,0.22489367747583788,0.6607666813596961,0.0,0.0,55.67256
imagenet2dwarp,pointodyssey|catspp|True|False,pointodyssey,catspp|True|False,45.3383,0.22489367747583788,0.5215695445580861,0.0,0.0,58.75113
imagenet2dwarp,pointodyssey|catspp|True|True,pointodyssey,catspp|True|True,47.995,0.22489367747583788,0.5284367100054136,0.0,0.0,58.90166000000001
imagenet2dwarp,pointodyssey|glunet|False|False,pointodyssey,glunet|False|False,88.4868,0.22489367747583788,0.8294141717079206,0.0,0.0,78.97875
imagenet2dwarp,pointodyssey|glunet|False|True,pointodyssey,glunet|False|True,91.9442,0.22489367747583788,0.7769865004599628,0.0,0.0,72.95683
imagenet2dwarp,pointodyssey|glunet|True|False,pointodyssey,glunet|True|False,92.6605,0.22489367747583788,0.7301231630137726,0.0,0.0,83.67815
imagenet2dwarp,pointodyssey|glunet|True|True,pointodyssey,glunet|True|True,95.08,0.22489367747583788,0.47964910794532306,0.0,0.0,85.67586
imagenet2dwarp,pointodyssey|raft|True|False,pointodyssey,raft|True|False,33.6102,0.22489367747583788,0.7538407464082114,0.0,0.0,42.31083875
imagenet2dwarp,spair|catspp|False|False,spair,catspp|False|False,3.1293,0.043018845457604045,0.0018880084482998452,0.0,0.0,3.568625
imagenet2dwarp,spair|catspp|False|True,spair,catspp|False|True,3.9251,0.043018845457604045,0.0023304492324585685,0.0,0.0,3.5266150000000005
imagenet2dwarp,spair|catspp|True|False,spair,catspp|True|False,27.8596,0.043018845457604045,0.01338216401527208,0.0,0.0,20.573259999999998
imagenet2dwarp,spair|catspp|True|True,spair,catspp|True|True,22.5766,0.043018845457604045,0.0163320342765175,0.0,0.0,22.46191
imagenet2dwarp,spair|glunet|False|False,spair,glunet|False|False,1.9627,0.043018845457604045,0.001862756251503379,0.0,0.0,2.9604299999999997
imagenet2dwarp,spair|glunet|False|True,spair,glunet|False|True,2.6273,0.043018845457604045,0.0011842964744851602,0.0,0.0,2.5764299999999998
imagenet2dwarp,spair|glunet|True|False,spair,glunet|True|False,12.1407,0.043018845457604045,0.03312894576738699,0.0,0.0,7.06112
imagenet2dwarp,spair|glunet|True|True,spair,glunet|True|True,3.6447,0.043018845457604045,0.023227245572026718,0.0,0.0,9.59585
imagenet2dwarp,spair|raft|True|False,spair,raft|True|False,2.80045,0.043018845457604045,0.0019374300800523213,0.0,0.0,2.76362875
imagenet2dwarp,synthetic|catspp|False|False,synthetic,catspp|False|False,19.2799,0.11260993077457437,0.038861111075283346,0.0,0.0,23.11576
imagenet2dwarp,synthetic|catspp|False|True,synthetic,catspp|False|True,20.3562,0.11260993077457437,0.04426819694835002,0.0,0.0,24.116545000000002
imagenet2dwarp,synthetic|catspp|True|False,synthetic,catspp|True|False,33.1069,0.11260993077457437,0.04897613951261559,0.0,0.0,49.92098
imagenet2dwarp,synthetic|catspp|True|True,synthetic,catspp|True|True,70.9568,0.11260993077457437,0.027340215302670803,0.0,0.0,45.1106
imagenet2dwarp,synthetic|glunet|False|False,synthetic,glunet|False|False,6.5898,0.11260993077457437,0.027182911719320753,0.0,0.0,17.41697
imagenet2dwarp,synthetic|glunet|False|True,synthetic,glunet|False|True,14.039,0.11260993077457437,0.013349481295534276,0.0,0.0,12.13237
imagenet2dwarp,synthetic|glunet|True|False,synthetic,glunet|True|False,6.5871,0.11260993077457437,0.050458692977317275,0.0,0.0,31.10197
imagenet2dwarp,synthetic|glunet|True|True,synthetic,glunet|True|True,37.9779,0.11260993077457437,0.03866791177626632,0.0,0.0,25.62596
imagenet2dwarp,synthetic|raft|True|False,synthetic,raft|True|False,54.0896,0.11260993077457437,0.04387150408007451,0.0,0.0,17.6947425
imagenet2dwarp,tss|catspp|False|False,tss,catspp|False|False,33.4343,-0.05885338289149644,-0.15573974148800596,0.0,0.0,24.251655
imagenet2dwarp,tss|catspp|False|True,tss,catspp|False|True,5.6335,-0.05885338289149644,-0.13276671111296773,0.0,0.0,27.583735
imagenet2dwarp,tss|catspp|True|False,tss,catspp|True|False,65.697,-0.05885338289149644,-0.05833708589211029,0.0,0.0,63.82755999999999
imagenet2dwarp,tss|catspp|True|True,tss,catspp|True|True,62.9798,-0.05885338289149644,-0.06338892726937877,0.0,0.0,64.63892
imagenet2dwarp,tss|glunet|False|False,tss,glunet|False|False,14.8312,-0.05885338289149644,-0.1714597633681523,0.0,0.0,27.353749999999998
imagenet2dwarp,tss|glunet|False|True,tss,glunet|False|True,33.6273,-0.05885338289149644,-0.13499622605431894,0.0,0.0,21.93813
imagenet2dwarp,tss|glunet|True|False,tss,glunet|True|False,49.3439,-0.05885338289149644,-0.3081534985338079,0.0,0.0,47.90084
imagenet2dwarp,tss|glunet|True|True,tss,glunet|True|True,54.9733,-0.05885338289149644,-0.24645914923586754,0.0,0.0,51.14355
imagenet2dwarp,tss|raft|True|False,tss,raft|True|False,6.1812,-0.05885338289149644,-0.10597744410277514,0.0,0.0,22.8655675
movi_f,flyingthings|catspp|False|False,flyingthings,catspp|False|False,62.5568,0.9843409839178328,1.2386672090698245,0.0,0.0,57.002155
movi_f,flyingthings|catspp|False|True,flyingthings,catspp|False|True,63.8607,0.9843409839178328,1.2253456157084004,0.0,0.0,58.01104
movi_f,flyingthings|catspp|True|False,flyingthings,catspp|True|False,81.3255,0.9843409839178328,0.3714429375596276,0.0,0.0,79.81685999999999
movi_f,flyingthings|catspp|True|True,flyingthings,catspp|True|True,82.249,0.9843409839178328,0.26875523751614333,0.0,0.0,79.865305
movi_f,flyingthings|glunet|False|False,flyingthings,glunet|False|False,4.0965,0.9843409839178328,0.6128906142749375,0.0,0.0,64.36426
movi_f,flyingthings|glunet|False|True,flyingthings,glunet|False|True,43.0123,0.9843409839178328,1.1321960456073554,0.0,0.0,53.30494
movi_f,flyingthings|glunet|True|False,flyingthings,glunet|True|False,85.8465,0.9843409839178328,1.2995337888227452,0.0,0.0,63.903150000000004
movi_f,flyingthings|glunet|True|True,flyingthings,glunet|True|True,39.6279,0.9843409839178328,0.741499081472702,0.0,0.0,70.31922999999999
movi_f,flyingthings|raft|True|False,flyingthings,raft|True|False,68.432,0.9843409839178328,1.5398821724161615,0.0,0.0,48.9825
movi_f,kitti2012|catspp|False|False,kitti2012,catspp|False|False,88.0451,-0.14549112754840882,1.618571206073069,0.0,0.0,75.13224
movi_f,kitti2012|catspp|False|True,kitti2012,catspp|False|True,11.8574,-0.14549112754840882,0.5624801136292329,0.0,0.0,84.9662
movi_f,kitti2012|catspp|True|False,kitti2012,catspp|True|False,97.9034,-0.14549112754840882,0.2977775088106677,0.0,0.0,95.58322000000001
movi_f,kitti2012|catspp|True|True,kitti2012,catspp|True|True,96.3689,-0.14549112754840882,0.2821418007071968,0.0,0.0,95.60172
movi_f,kitti2012|glunet|False|False,kitti2012,glunet|False|False,93.4764,-0.14549112754840882,1.704703427450006,0.0,0.0,85.65079
movi_f,kitti2012|glunet|False|True,kitti2012,glunet|False|True,82.5947,-0.14549112754840882,1.6733727594302328,0.0,0.0,82.96295
movi_f,kitti2012|glunet|True|False,kitti2012,glunet|True|False,97.2991,-0.14549112754840882,1.5405882644533913,0.0,0.0,87.99222999999999
movi_f,kitti2012|glunet|True|True,kitti2012,glunet|True|True,73.9202,-0.14549112754840882,0.9040680824157922,0.0,0.0,93.61564
movi_f,kitti2012|raft|True|False,kitti2012,raft|True|False,13.823675,-0.14549112754840882,1.6531016341783245,0.0,0.0,82.91414499999999
movi_f,kitti2015|catspp|False|False,kitti2015,catspp|False|False,91.4836,0.05953723557494823,1.6254753798387656,0.0,0.0,77.09436
movi_f,kitti2015|catspp|False|True,kitti2015,catspp|False|True,83.9623,0.05953723557494823,1.6200882644361772,0.0,0.0,78.68729
movi_f,kitti2015|catspp|True|False,kitti2015,catspp|True|False,98.0919,0.05953723557494823,0.24687753295324485,0.0,0.0,94.854045
movi_f,kitti2015|catspp|True|True,kitti2015,catspp|True|True,95.7853,0.05953723557494823,0.24765030793163745,0.0,0.0,94.75259
movi_f,kitti2015|glunet|False|False,kitti2015,glunet|False|False,90.0772,0.05953723557494823,1.6875646284955477,0.0,0.0,81.41996
movi_f,kitti2015|glunet|False|True,kitti2015,glunet|False|True,83.9377,0.05953723557494823,1.5602542877469976,0.0,0.0,78.08579
movi_f,kitti2015|glunet|True|False,kitti2015,glunet|True|False,98.0506,0.05953723557494823,1.491795360435162,0.0,0.0,85.83094
movi_f,kitti2015|glunet|True|True,kitti2015,glunet|True|True,97.4131,0.05953723557494823,1.0001686878853828,0.0,0.0,89.03812
movi_f,kitti2015|raft|True|False,kitti2015,raft|True|False,15.6081,0.05953723557494823,1.5526050165523617,0.0,0.0,80.06758625
movi_f,pfpascal|catspp|False|False,pfpascal,catspp|False|False,12.26865,0.46423014214740616,0.23637919508178698,0.0,0.0,11.713115
movi_f,pfpascal|catspp|False|True,pfpascal,catspp|False|True,16.0706,0.46423014214740616,0.2521470029000594,0.0,0.0,11.48687
movi_f,pfpascal|catspp|True|False,pfpascal,catspp|True|False,38.806,0.46423014214740616,0.28670703437628714,0.0,0.0,44.083839999999995
movi_f,pfpascal|catspp|True|True,pfpascal,catspp|True|True,45.1843,0.46423014214740616,0.27907593176246415,0.0,0.0,46.306785000000005
movi_f,pfpascal|glunet|False|False,pfpascal,glunet|False|False,13.9864,0.46423014214740616,0.2546164776561555,0.0,0.0,11.54605
movi_f,pfpascal|glunet|False|True,pfpascal,glunet|False|True,14.9872,0.46423014214740616,0.21520925055807505,0.0,0.0,11.289860000000001
movi_f,pfpascal|glunet|True|False,pfpascal,glunet|True|False,44.4728,0.46423014214740616,0.431278261784386,0.0,0.0,24.052960000000002
movi_f,pfpascal|glunet|True|True,pfpascal,glunet|True|True,29.9721,0.46423014214740616,0.5266170081335181,0.0,0.0,31.5577
movi_f,pfpascal|raft|True|False,pfpascal,raft|True|False,15.79625,0.46423014214740616,0.20025962674657735,0.0,0.0,11.32337875
movi_f,pfwillow|catspp|False|False,pfwillow,catspp|False|False,8.2333,0.529721493384254,0.188663234836576,0.0,0.0,14.628890000000002
movi_f,pfwillow|catspp|False|True,pfwillow,catspp|False|True,19.8667,0.529721493384254,0.20192459477344576,0.0,0.0,13.876105
movi_f,pfwillow|catspp|True|False,pfwillow,catspp|True|False,40.1667,0.529721493384254,0.21977656846917773,0.0,0.0,47.42611
movi_f,pfwillow|catspp|True|True,pfwillow,catspp|True|True,52.2222,0.529721493384254,0.2581200270833051,0.0,0.0,48.40555
movi_f,pfwillow|glunet|False|False,pfwillow,glunet|False|False,10.8778,0.529721493384254,0.19196872225093192,0.0,0.0,15.93931
movi_f,pfwillow|glunet|False|True,pfwillow,glunet|False|True,14.6333,0.529721493384254,0.1968232396839883,0.0,0.0,13.94238
movi_f,pfwillow|glunet|True|False,pfwillow,glunet|True|False,30.5,0.529721493384254,0.5094813100417963,0.0,0.0,29.02209
movi_f,pfwillow|glunet|True|True,pfwillow,glunet|True|True,44.3778,0.529721493384254,0.4604498753223264,0.0,0.0,33.082029999999996
movi_f,pfwillow|raft|True|False,pfwillow,raft|True|False,14.7593,0.529721493384254,0.18684413752759726,0.0,0.0,14.87611625
movi_f,pointodyssey|catspp|False|False,pointodyssey,catspp|False|False,68.8301,0.9243008182327623,1.9079681559890462,0.0,0.0,42.213604999999994
movi_f,pointodyssey|catspp|False|True,pointodyssey,catspp|False|True,39.8187,0.9243008182327623,2.2961503709543774,0.0,0.0,52.13083
movi_f,pointodyssey|catspp|True|False,pointodyssey,catspp|True|False,58.2916,0.9243008182327623,1.489222345824122,0.0,0.0,57.455799999999996
movi_f,pointodyssey|catspp|True|True,pointodyssey,catspp|True|True,48.5201,0.9243008182327623,1.463646382610593,0.0,0.0,58.849149999999995
movi_f,pointodyssey|glunet|False|False,pointodyssey,glunet|False|False,82.9373,0.9243008182327623,2.305543646205619,0.0,0.0,79.5337
movi_f,pointodyssey|glunet|False|True,pointodyssey,glunet|False|True,68.033,0.9243008182327623,2.2024604300167927,0.0,0.0,75.34795
movi_f,pointodyssey|glunet|True|False,pointodyssey,glunet|True|False,97.2085,0.9243008182327623,1.995339033307119,0.0,0.0,83.22335000000001
movi_f,pointodyssey|glunet|True|True,pointodyssey,glunet|True|True,55.0086,0.9243008182327623,0.941116705522697,0.0,0.0,89.683
movi_f,pointodyssey|raft|True|False,pointodyssey,raft|True|False,3.8248375,0.9243008182327623,1.7476620060450747,0.0,0.0,45.289375
movi_f,spair|catspp|False|False,spair,catspp|False|False,3.633,0.840074945330876,0.021175945555701382,0.0,0.0,3.518255
movi_f,spair|catspp|False|True,spair,catspp|False|True,4.1558,0.840074945330876,0.02339799261751554,0.0,0.0,3.503545
movi_f,spair|catspp|True|False,spair,catspp|True|False,23.9303,0.840074945330876,0.17715543376319745,0.0,0.0,20.96619
movi_f,spair|catspp|True|True,spair,catspp|True|True,23.9909,0.840074945330876,0.17169413315084814,0.0,0.0,22.32048
movi_f,spair|glunet|False|False,spair,glunet|False|False,2.3266,0.840074945330876,0.02351329308341323,0.0,0.0,2.92404
movi_f,spair|glunet|False|True,spair,glunet|False|True,2.5156,0.840074945330876,0.012570665905713919,0.0,0.0,2.5876
movi_f,spair|glunet|True|False,spair,glunet|True|False,3.778,0.840074945330876,0.35550336993895587,0.0,0.0,7.89739
movi_f,spair|glunet|True|True,spair,glunet|True|True,7.582,0.840074945330876,0.2631888641042552,0.0,0.0,9.202119999999999
movi_f,spair|raft|True|False,spair,raft|True|False,2.7395,0.840074945330876,0.0206098393428436,0.0,0.0,2.76972375
movi_f,synthetic|catspp|False|False,synthetic,catspp|False|False,15.2654,1.022072503167044,0.5438339657226118,0.0,0.0,23.51721
movi_f,synthetic|catspp|False|True,synthetic,catspp|False|True,17.94525,1.022072503167044,0.6261020454566639,0.0,0.0,24.35764
movi_f,synthetic|catspp|True|False,synthetic,catspp|True|False,61.0298,1.022072503167044,0.7096688200021335,0.0,0.0,47.12869
movi_f,synthetic|catspp|True|True,synthetic,catspp|True|True,39.7476,1.022072503167044,0.5171030543022661,0.0,0.0,48.23152
movi_f,synthetic|glunet|False|False,synthetic,glunet|False|False,33.5541,1.022072503167044,0.3219018236533438,0.0,0.0,14.72054
movi_f,synthetic|glunet|False|True,synthetic,glunet|False|True,3.9451,1.022072503167044,0.14279237605181053,0.0,0.0,13.14176
movi_f,synthetic|glunet|True|False,synthetic,glunet|True|False,21.7318,1.022072503167044,0.788005429749657,0.0,0.0,29.5875
movi_f,synthetic|glunet|True|True,synthetic,glunet|True|True,37.0372,1.022072503167044,0.554848642780137,0.0,0.0,25.720029999999998
movi_f,synthetic|raft|True|False,synthetic,raft|True|False,4.2572,1.022072503167044,0.7626887684293037,0.0,0.0,22.6779825
movi_f,tss|catspp|False|False,tss,catspp|False|False,21.05095,0.5432274209319778,0.40238112530382636,0.0,0.0,25.48999
movi_f,tss|catspp|False|True,tss,catspp|False|True,15.3875,0.5432274209319778,0.40879561755732685,0.0,0.0,26.608335
movi_f,tss|catspp|True|False,tss,catspp|True|False,66.7564,0.5432274209319778,0.14266049420559423,0.0,0.0,63.721619999999994
movi_f,tss|catspp|True|True,tss,catspp|True|True,64.5396,0.5432274209319778,0.1598422141974083,0.0,0.0,64.48294
movi_f,tss|glunet|False|False,tss,glunet|False|False,23.6203,0.5432274209319778,0.4555272036890047,0.0,0.0,26.47484
movi_f,tss|glunet|False|True,tss,glunet|False|True,26.4422,0.5432274209319778,0.3653174699681493,0.0,0.0,22.65664
movi_f,tss|glunet|True|False,tss,glunet|True|False,66.03,0.5432274209319778,0.7286962526156451,0.0,0.0,46.23223
movi_f,tss|glunet|True|True,tss,glunet|True|True,49.9068,0.5432274209319778,0.6176073255254375,0.0,0.0,51.6502
movi_f,tss|raft|True|False,tss,raft|True|False,27.3868,0.5432274209319778,0.3281407796268845,0.0,0.0,20.7450075
pointodyssey,flyingthings|catspp|False|False,flyingthings,catspp|False|False,61.2423,-0.1262332841224263,-0.7553496883236838,0.0,0.0,57.133605
pointodyssey,flyingthings|catspp|False|True,flyingthings,catspp|False|True,57.0993,-0.1262332841224263,-0.7488302017549439,0.0,0.0,58.68718
pointodyssey,flyingthings|catspp|True|False,flyingthings,catspp|True|False,85.2977,-0.1262332841224263,-0.2164288174256271,0.0,0.0,79.41964
pointodyssey,flyingthings|catspp|True|True,flyingthings,catspp|True|True,80.7323,-0.1262332841224263,-0.16571218865343176,0.0,0.0,80.016975
pointodyssey,flyingthings|glunet|False|False,flyingthings,glunet|False|False,62.2616,-0.1262332841224263,-0.7880569954876956,0.0,0.0,58.54774999999999
pointodyssey,flyingthings|glunet|False|True,flyingthings,glunet|False|True,67.784,-0.1262332841224263,-0.671529376771811,0.0,0.0,50.82777
pointodyssey,flyingthings|glunet|True|False,flyingthings,glunet|True|False,66.6096,-0.1262332841224263,-0.8306555731847951,0.0,0.0,65.82684
pointodyssey,flyingthings|glunet|True|True,flyingthings,glunet|True|True,77.2625,-0.1262332841224263,-0.5603160183919168,0.0,0.0,66.55577
pointodyssey,flyingthings|raft|True|False,flyingthings,raft|True|False,79.60585,-0.1262332841224263,-0.8916999909641143,0.0,0.0,47.865115
pointodyssey,kitti2012|catspp|False|False,kitti2012,catspp|False|False,69.0475,-1.0959824421892703,-0.3101819650790428,0.0,0.0,77.03200000000001
pointodyssey,kitti2012|catspp|False|True,kitti2012,catspp|False|True,86.4889,-1.0959824421892703,-0.3032123536739334,0.0,0.0,77.50305
pointodyssey,kitti2012|catspp|True|False,kitti2012,catspp|True|False,98.3518,-1.0959824421892703,-0.0562536994216795,0.0,0.0,95.53838
pointodyssey,kitti2012|catspp|True|True,kitti2012,catspp|True|True,97.2492,-1.0959824421892703,-0.05327836658965534,0.0,0.0,95.51369
pointodyssey,kitti2012|glunet|False|False,kitti2012,glunet|False|False,97.9959,-1.0959824421892703,-0.32157434433911514,0.0,0.0,85.19883999999999
pointodyssey,kitti2012|glunet|False|True,kitti2012,glunet|False|True,94.0515,-1.0959824421892703,-0.3144323330132896,0.0,0.0,81.81727000000001
pointodyssey,kitti2012|glunet|True|False,kitti2012,glunet|True|False,22.7606,-1.0959824421892703,-0.07914086962246927,0.0,0.0,95.44608
pointodyssey,kitti2012|glunet|True|True,kitti2012,glunet|True|True,93.1941,-1.0959824421892703,-0.18821215434285077,0.0,0.0,91.68825000000001
pointodyssey,kitti2012|raft|True|False,kitti2012,raft|True|False,94.0246,-1.0959824421892703,-0.40758581195959975,0.0,0.0,74.8940525
pointodyssey,kitti2015|catspp|False|False,kitti2015,catspp|False|False,88.7903,-1.0392885507586866,-0.286225347924708,0.0,0.0,77.36368999999999
pointodyssey,kitti2015|catspp|False|True,kitti2015,catspp|False|True,79.9745,-1.0392885507586866,-0.2840498877884816,0.0,0.0,79.08607
pointodyssey,kitti2015|catspp|True|False,kitti2015,catspp|True|False,97.4319,-1.0392885507586866,-0.043865792884576676,0.0,0.0,94.92004499999999
pointodyssey,kitti2015|catspp|True|True,kitti2015,catspp|True|True,97.817,-1.0392885507586866,-0.04170323104206734,0.0,0.0,94.54942
pointodyssey,kitti2015|glunet|False|False,kitti2015,glunet|False|False,93.5085,-1.0392885507586866,-0.2932414587076167,0.0,0.0,81.07683
pointodyssey,kitti2015|glunet|False|True,kitti2015,glunet|False|True,84.862,-1.0392885507586866,-0.2725658796944617,0.0,0.0,77.99336000000001
pointodyssey,kitti2015|glunet|True|False,kitti2015,glunet|True|False,97.7086,-1.0392885507586866,-0.2611775768277619,0.0,0.0,85.86514
pointodyssey,kitti2015|glunet|True|True,kitti2015,glunet|True|True,94.9408,-1.0392885507586866,-0.17648922505485906,0.0,0.0,89.28535
pointodyssey,kitti2015|raft|True|False,kitti2015,raft|True|False,90.2207,-1.0392885507586866,-0.3586380795703915,0.0,0.0,72.60632625
pointodyssey,pfpascal|catspp|False|False,pfpascal,catspp|False|False,14.1789,-0.21242194310969165,-0.0374720948217971,0.0,0.0,11.52209
pointodyssey,pfpascal|catspp|False|True,pfpascal,catspp|False|True,7.8772,-0.21242194310969165,-0.04067213475479367,0.0,0.0,12.30621
pointodyssey,pfpascal|catspp|True|False,pfpascal,catspp|True|False,48.3555,-0.21242194310969165,-0.04616158994120401,0.0,0.0,43.12889
pointodyssey,pfpascal|catspp|True|True,pfpascal,catspp|True|True,47.1207,-0.21242194310969165,-0.0449145722456098,0.0,0.0,46.113144999999996
pointodyssey,pfpascal|glunet|False|False,pfpascal,glunet|False|False,11.2521,-0.21242194310969165,-0.04138837157634712,0.0,0.0,11.81948
pointodyssey,pfpascal|glunet|False|True,pfpascal,glunet|False|True,12.3527,-0.21242194310969165,-0.03577495538918798,0.0,0.0,11.55331
pointodyssey,pfpascal|glunet|True|False,pfpascal,glunet|True|False,34.1953,-0.21242194310969165,-0.08302047247360474,0.0,0.0,25.08071
pointodyssey,pfpascal|glunet|True|True,pfpascal,glunet|True|True,42.0709,-0.21242194310969165,-0.0796117459177198,0.0,0.0,30.347820000000002
pointodyssey,pfpascal|raft|True|False,pfpascal,raft|True|False,7.6938,-0.21242194310969165,-0.03224611550547224,0.0,0.0,12.133623750000002
pointodyssey,pfwillow|catspp|False|False,pfwillow,catspp|False|False,11.9667,-0.2595722645465407,-0.06470218734998925,0.0,0.0,14.25555
pointodyssey,pfwillow|catspp|False|True,pfwillow,catspp|False|True,11.5778,-0.2595722645465407,-0.0672571770766813,0.0,0.0,14.704995
pointodyssey,pfwillow|catspp|True|False,pfwillow,catspp|True|False,52.3889,-0.2595722645465407,-0.07109590277206863,0.0,0.0,46.20389
pointodyssey,pfwillow|catspp|True|True,pfwillow,catspp|True|True,38.0222,-0.2595722645465407,-0.06559814067788472,0.0,0.0,49.82555
pointodyssey,pfwillow|glunet|False|False,pfwillow,glunet|False|False,13.8,-0.2595722645465407,-0.06374026990256618,0.0,0.0,15.64709
pointodyssey,pfwillow|glunet|False|True,pfwillow,glunet|False|True,7.7889,-0.2595722645465407,-0.05464826047133261,0.0,0.0,14.62682
pointodyssey,pfwillow|glunet|True|False,pfwillow,glunet|True|False,29.116,-0.2595722645465407,-0.1605350710551915,0.0,0.0,29.16049
pointodyssey,pfwillow|glunet|True|True,pfwillow,glunet|True|True,34.1444,-0.2595722645465407,-0.15287520918145486,0.0,0.0,34.10537
pointodyssey,pfwillow|raft|True|False,pfwillow,raft|True|False,17.8333,-0.2595722645465407,-0.05713432191604782,0.0,0.0,14.56871625
pointodyssey,pointodyssey|catspp|False|False,pointodyssey,catspp|False|False,51.33235,-0.3716249873969905,-1.0427519315588605,0.0,0.0,43.96338
pointodyssey,pointodyssey|catspp|False|True,pointodyssey,catspp|False|True,17.5356,-0.3716249873969905,-1.0648817194872093,0.0,0.0,54.359140000000004
pointodyssey,pointodyssey|catspp|True|False,pointodyssey,catspp|True|False,45.1112,-0.3716249873969905,-0.7366759873313242,0.0,0.0,58.77383999999999
pointodyssey,pointodyssey|catspp|True|True,pointodyssey,catspp|True|True,45.8507,-0.3716249873969905,-0.7394716764729007,0.0,0.0,59.11609
pointodyssey,pointodyssey|glunet|False|False,pointodyssey,glunet|False|False,66.6921,-0.3716249873969905,-1.1625507040699679,0.0,0.0,81.15822
pointodyssey,pointodyssey|glunet|False|True,pointodyssey,glunet|False|True,80.199,-0.3716249873969905,-1.128603711350911,0.0,0.0,74.13135
pointodyssey,pointodyssey|glunet|True|False,pointodyssey,glunet|True|False,92.7503,-0.3716249873969905,-1.03238021448189,0.0,0.0,83.66917
pointodyssey,pointodyssey|glunet|True|True,pointodyssey,glunet|True|True,96.5122,-0.3716249873969905,-0.6734644035209497,0.0,0.0,85.53264
pointodyssey,pointodyssey|raft|True|False,pointodyssey,raft|True|False,9.7147,-0.3716249873969905,-0.9493833488239496,0.0,0.0,44.70038875
pointodyssey,spair|catspp|False|False,spair,catspp|False|False,3.018,-0.017659319401516858,-0.008874817065348853,0.0,0.0,3.579755
pointodyssey,spair|catspp|False|True,spair,catspp|False|True,2.6465,-0.017659319401516858,-0.009187262594757535,0.0,0.0,3.654475
pointodyssey,spair|catspp|True|False,spair,catspp|True|False,20.8771,-0.017659319401516858,-0.08422738801407438,0.0,0.0,21.27151
pointodyssey,spair|catspp|True|True,spair,catspp|True|True,25.8691,-0.017659319401516858,-0.07510097164678688,0.0,0.0,22.132659999999998
pointodyssey,spair|glunet|False|False,spair,glunet|False|False,2.6759,-0.017659319401516858,-0.011551631357413916,0.0,0.0,2.88911
pointodyssey,spair|glunet|False|True,spair,glunet|False|True,2.9367,-0.017659319401516858,-0.005055997695128917,0.0,0.0,2.54549
pointodyssey,spair|glunet|True|False,spair,glunet|True|False,4.5811,-0.017659319401516858,-0.16452412976731687,0.0,0.0,7.81708
pointodyssey,spair|glunet|True|True,spair,glunet|True|True,5.8067,-0.017659319401516858,-0.11877785502360155,0.0,0.0,9.37965
pointodyssey,spair|raft|True|False,spair,raft|True|False,2.895,-0.017659319401516858,-0.009423955227679639,0.0,0.0,2.75417375
pointodyssey,synthetic|catspp|False|False,synthetic,catspp|False|False,17.907249999999998,-0.6137263097358789,-0.6194866126214046,0.0,0.0,23.253025
pointodyssey,synthetic|catspp|False|True,synthetic,catspp|False|True,18.8784,-0.6137263097358789,-0.706224804749014,0.0,0.0,24.264325000000003
pointodyssey,synthetic|catspp|True|False,synthetic,catspp|True|False,84.9434,-0.6137263097358789,-0.535744119529295,0.0,0.0,44.73733
pointodyssey,synthetic|catspp|True|True,synthetic,catspp|True|True,39.1069,-0.6137263097358789,-0.5788945950973868,0.0,0.0,48.29559
pointodyssey,synthetic|glunet|False|False,synthetic,glunet|False|False,16.7571,-0.6137263097358789,-0.46714847227437867,0.0,0.0,16.40024
pointodyssey,synthetic|glunet|False|True,synthetic,glunet|False|True,12.7059,-0.6137263097358789,-0.21571775252263878,0.0,0.0,12.26568
pointodyssey,synthetic|glunet|True|False,synthetic,glunet|True|False,32.9391,-0.6137263097358789,-0.8919571448983025,0.0,0.0,28.466769999999997
pointodyssey,synthetic|glunet|True|True,synthetic,glunet|True|True,21.6568,-0.6137263097358789,-0.6427514326690338,0.0,0.0,27.258069999999996
pointodyssey,synthetic|raft|True|False,synthetic,raft|True|False,25.1774,-0.6137263097358789,-0.9021780787203001,0.0,0.0,20.5859625
pointodyssey,tss|catspp|False|False,tss,catspp|False|False,32.3684,-0.355938661918432,-0.22918765705107913,0.0,0.0,24.358245
pointodyssey,tss|catspp|False|True,tss,catspp|False|True,35.3243,-0.355938661918432,-0.23940752914504546,0.0,0.0,24.614655
pointodyssey,tss|catspp|True|False,tss,catspp|True|False,65.8113,-0.355938661918432,-0.08479441112193518,0.0,0.0,63.81613
pointodyssey,tss|catspp|True|True,tss,catspp|True|True,65.1306,-0.355938661918432,-0.09296679845726183,0.0,0.0,64.42384
pointodyssey,tss|glunet|False|False,tss,glunet|False|False,36.1641,-0.355938661918432,-0.2536756452984653,0.0,0.0,25.22046
pointodyssey,tss|glunet|False|True,tss,glunet|False|True,22.0866,-0.355938661918432,-0.2144984322822738,0.0,0.0,23.0922
pointodyssey,tss|glunet|True|False,tss,glunet|True|False,52.1427,-0.355938661918432,-0.4476173463551833,0.0,0.0,47.620960000000004
pointodyssey,tss|glunet|True|True,tss,glunet|True|True,34.6233,-0.355938661918432,-0.3330176307015315,0.0,0.0,53.178549999999994
pointodyssey,tss|raft|True|False,tss,raft|True|False,25.936,-0.355938661918432,-0.1937809630114222,0.0,0.0,20.8900875
sintel,flyingthings|catspp|False|False,flyingthings,catspp|False|False,76.3251,-0.06269436352251267,-0.12954033644905175,0.0,0.0,55.625325
sintel,flyingthings|catspp|False|True,flyingthings,catspp|False|True,76.5009,-0.06269436352251267,-0.1287058403381374,0.0,0.0,56.74702
sintel,flyingthings|catspp|True|False,flyingthings,catspp|True|False,81.8483,-0.06269436352251267,-0.040680997103081366,0.0,0.0,79.76458
sintel,flyingthings|catspp|True|True,flyingthings,catspp|True|True,81.6201,-0.06269436352251267,-0.029720183798817374,0.0,0.0,79.92819499999999
sintel,flyingthings|glunet|False|False,flyingthings,glunet|False|False,79.5401,-0.06269436352251267,-0.13427481435544145,0.0,0.0,56.8199
sintel,flyingthings|glunet|False|True,flyingthings,glunet|False|True,57.5697,-0.06269436352251267,-0.12560376874906914,0.0,0.0,51.849199999999996
sintel,flyingthings|glunet|True|False,flyingthings,glunet|True|False,72.0776,-0.06269436352251267,-0.14917238680573686,0.0,0.0,65.28004
sintel,flyingthings|glunet|True|True,flyingthings,glunet|True|True,39.106,-0.06269436352251267,-0.08047765226226333,0.0,0.0,70.37142
sintel,flyingthings|raft|True|False,flyingthings,raft|True|False,63.2297,-0.06269436352251267,-0.1715203863881067,0.0,0.0,49.50273
sintel,kitti2012|catspp|False|False,kitti2012,catspp|False|False,10.184,-0.09986659390002375,0.7284269995312437,0.0,0.0,82.91835
sintel,kitti2012|catspp|False|True,kitti2012,catspp|False|True,94.8248,-0.09986659390002375,1.6948438034493336,0.0,0.0,76.66946
sintel,kitti2012|catspp|True|False,kitti2012,catspp|True|False,92.9336,-0.09986659390002375,0.3196104619183704,0.0,0.0,96.0802
sintel,kitti2012|catspp|True|True,kitti2012,catspp|True|True,95.7835,-0.09986659390002375,0.3066146773141179,0.0,0.0,95.66026000000001
sintel,kitti2012|glunet|False|False,kitti2012,glunet|False|False,83.4869,-0.09986659390002375,1.8566414014087325,0.0,0.0,86.64974
sintel,kitti2012|glunet|False|True,kitti2012,glunet|False|True,83.8602,-0.09986659390002375,1.8156288377444747,0.0,0.0,82.8364
sintel,kitti2012|glunet|True|False,kitti2012,glunet|True|False,99.1933,-0.09986659390002375,1.6652292838905856,0.0,0.0,87.80281
sintel,kitti2012|glunet|True|True,kitti2012,glunet|True|True,98.9758,-0.09986659390002375,1.0605978725822827,0.0,0.0,91.11008000000001
sintel,kitti2012|raft|True|False,kitti2012,raft|True|False,81.5116,-0.09986659390002375,2.362767627149431,0.0,0.0,76.1453525
sintel,kitti2015|catspp|False|False,kitti2015,catspp|False|False,10.8859,-0.021180601554592594,0.3916526267855293,0.0,0.0,85.15413
sintel,kitti2015|catspp|False|True,kitti2015,catspp|False|True,85.19040000000001,-0.021180601554592594,1.556964454704359,0.0,0.0,78.56448
sintel,kitti2015|catspp|True|False,kitti2015,catspp|True|False,94.1351,-0.021180601554592594,0.2458577179304639,0.0,0.0,95.249725
sintel,kitti2015|catspp|True|True,kitti2015,catspp|True|True,95.0862,-0.021180601554592594,0.239243836391571,0.0,0.0,94.8225
sintel,kitti2015|glunet|False|False,kitti2015,glunet|False|False,71.5137,-0.021180601554592594,1.615676642546216,0.0,0.0,83.27631
sintel,kitti2015|glunet|False|True,kitti2015,glunet|False|True,84.0249,-0.021180601554592594,1.5014459205635742,0.0,0.0,78.07707
sintel,kitti2015|glunet|True|False,kitti2015,glunet|True|False,29.7992,-0.021180601554592594,0.6469986205911642,0.0,0.0,92.65608
sintel,kitti2015|glunet|True|True,kitti2015,glunet|True|True,61.7536,-0.021180601554592594,0.7386531253948494,0.0,0.0,92.60407000000001
sintel,kitti2015|raft|True|False,kitti2015,raft|True|False,84.9165,-0.021180601554592594,1.99203259408063,0.0,0.0,73.13674625
sintel,pfpascal|catspp|False|False,pfpascal,catspp|False|False,3.0238,0.3239176822029263,0.15460018927226657,0.0,0.0,12.6376
sintel,pfpascal|catspp|False|True,pfpascal,catspp|False|True,15.5569,0.3239176822029263,0.21422117361929532,0.0,0.0,11.538239999999998
sintel,pfpascal|catspp|True|False,pfpascal,catspp|True|False,42.4378,0.3239176822029263,0.2504573928316735,0.0,0.0,43.720659999999995
sintel,pfpascal|catspp|True|True,pfpascal,catspp|True|True,38.0521,0.3239176822029263,0.20422499728671215,0.0,0.0,47.020005
sintel,pfpascal|glunet|False|False,pfpascal,glunet|False|False,18.1731,0.3239176822029263,0.19622103349220638,0.0,0.0,11.127379999999999
sintel,pfpascal|glunet|False|True,pfpascal,glunet|False|True,13.1695,0.3239176822029263,0.18618638802450313,0.0,0.0,11.471630000000001
sintel,pfpascal|glunet|True|False,pfpascal,glunet|True|False,30.4384,0.3239176822029263,0.44572825196141763,0.0,0.0,25.456400000000002
sintel,pfpascal|glunet|True|True,pfpascal,glunet|True|True,46.4716,0.3239176822029263,0.3875862439450036,0.0,0.0,29.90775
sintel,pfpascal|raft|True|False,pfpascal,raft|True|False,11.7703,0.3239176822029263,0.1784213770715167,0.0,0.0,11.72597375
sintel,pfwillow|catspp|False|False,pfwillow,catspp|False|False,17.4889,0.35711219269643246,0.14552969262121201,0.0,0.0,13.70333
sintel,pfwillow|catspp|False|True,pfwillow,catspp|False|True,18.5333,0.35711219269643246,0.1509991743985652,0.0,0.0,14.009445
sintel,pfwillow|catspp|True|False,pfwillow,catspp|True|False,38.0889,0.35711219269643246,0.14662878583927139,0.0,0.0,47.633889999999994
sintel,pfwillow|catspp|True|True,pfwillow,catspp|True|True,57.2889,0.35711219269643246,0.166285700947533,0.0,0.0,47.898880000000005
sintel,pfwillow|glunet|False|False,pfwillow,glunet|False|False,16.7914,0.35711219269643246,0.14676802542715167,0.0,0.0,15.34795
sintel,pfwillow|glunet|False|True,pfwillow,glunet|False|True,10.5889,0.35711219269643246,0.13752088477505922,0.0,0.0,14.34682
sintel,pfwillow|glunet|True|False,pfwillow,glunet|True|False,36.5889,0.35711219269643246,0.3596126854215908,0.0,0.0,28.4132
sintel,pfwillow|glunet|True|True,pfwillow,glunet|True|True,27.2457,0.35711219269643246,0.3429673809904268,0.0,0.0,34.79524
sintel,pfwillow|raft|True|False,pfwillow,raft|True|False,8.1389,0.35711219269643246,0.1136514797209535,0.0,0.0,15.53815625
sintel,pointodyssey|catspp|False|False,pointodyssey,catspp|False|False,17.1954,-0.9812186392717585,-0.8763442657745542,0.0,0.0,47.377075
sintel,pointodyssey|catspp|False|True,pointodyssey,catspp|False|True,80.8951,-0.9812186392717585,-1.0012901491659996,0.0,0.0,48.02319
sintel,pointodyssey|catspp|True|False,pointodyssey,catspp|True|False,54.5198,-0.9812186392717585,-0.6981281607671136,0.0,0.0,57.83298
sintel,pointodyssey|catspp|True|True,pointodyssey,catspp|True|True,59.3461,-0.9812186392717585,-0.700340280414167,0.0,0.0,57.766549999999995
sintel,pointodyssey|glunet|False|False,pointodyssey,glunet|False|False,85.9719,-0.9812186392717585,-1.0800720443499823,0.0,0.0,79.23024000000001
sintel,pointodyssey|glunet|False|True,pointodyssey,glunet|False|True,80.8978,-0.9812186392717585,-1.0349264359242243,0.0,0.0,74.06147
sintel,pointodyssey|glunet|True|False,pointodyssey,glunet|True|False,91.0513,-0.9812186392717585,-0.9502144009506414,0.0,0.0,83.83906999999999
sintel,pointodyssey|glunet|True|True,pointodyssey,glunet|True|True,96.2978,-0.9812186392717585,-0.6187728449601967,0.0,0.0,85.55408
sintel,pointodyssey|raft|True|False,pointodyssey,raft|True|False,64.2839,-0.9812186392717585,-0.9285066075509998,0.0,0.0,39.24346875
sintel,spair|catspp|False|False,spair,catspp|False|False,3.7321,0.26827420572846555,0.00415399261750033,0.0,0.0,3.508345
sintel,spair|catspp|False|True,spair,catspp|False|True,4.0341,0.26827420572846555,0.004801829777414581,0.0,0.0,3.515715
sintel,spair|catspp|True|False,spair,catspp|True|False,22.7753,0.26827420572846555,0.03593812512336345,0.0,0.0,21.081690000000002
sintel,spair|catspp|True|True,spair,catspp|True|True,17.4154,0.26827420572846555,0.029674246748426027,0.0,0.0,22.97803
sintel,spair|glunet|False|False,spair,glunet|False|False,3.0311,0.26827420572846555,0.004993452146797871,0.0,0.0,2.8535899999999996
sintel,spair|glunet|False|True,spair,glunet|False|True,2.0144,0.26827420572846555,0.0015579255160029098,0.0,0.0,2.6377200000000003
sintel,spair|glunet|True|False,spair,glunet|True|False,26.6007,0.26827420572846555,0.028080493265051683,0.0,0.0,5.61512
sintel,spair|glunet|True|True,spair,glunet|True|True,14.4483,0.26827420572846555,0.048993735005774225,0.0,0.0,8.51549
sintel,spair|raft|True|False,spair,raft|True|False,2.9715,0.26827420572846555,0.0040249080643416065,0.0,0.0,2.74652375
sintel,synthetic|catspp|False|False,synthetic,catspp|False|False,20.6718,0.4028386504772095,-0.059891780529219577,0.0,0.0,22.97657
sintel,synthetic|catspp|False|True,synthetic,catspp|False|True,4.077,0.4028386504772095,-0.05996672604648898,0.0,0.0,25.744465
sintel,synthetic|catspp|True|False,synthetic,catspp|True|False,53.8161,0.4028386504772095,-0.07888658197574791,0.0,0.0,47.85006
sintel,synthetic|catspp|True|True,synthetic,catspp|True|True,61.0204,0.4028386504772095,-0.05266625016866111,0.0,0.0,46.10424
sintel,synthetic|glunet|False|False,synthetic,glunet|False|False,14.6555,0.4028386504772095,-0.04473751417730662,0.0,0.0,16.610400000000002
sintel,synthetic|glunet|False|True,synthetic,glunet|False|True,13.3788,0.4028386504772095,-0.02063611016287165,0.0,0.0,12.19839
sintel,synthetic|glunet|True|False,synthetic,glunet|True|False,26.6724,0.4028386504772095,-0.0857854021116003,0.0,0.0,29.093439999999998
sintel,synthetic|glunet|True|True,synthetic,glunet|True|True,18.4805,0.4028386504772095,-0.06073324317873361,0.0,0.0,27.5757
sintel,synthetic|raft|True|False,synthetic,raft|True|False,21.9875,0.4028386504772095,-0.0868394098415935,0.0,0.0,20.9049525
sintel,tss|catspp|False|False,tss,catspp|False|False,33.0076,0.3316132294395281,0.23541539449876714,0.0,0.0,24.294325
sintel,tss|catspp|False|True,tss,catspp|False|True,32.7945,0.3316132294395281,0.25342803800717456,0.0,0.0,24.867635
sintel,tss|catspp|True|False,tss,catspp|True|False,60.1788,0.3316132294395281,0.08298737441351718,0.0,0.0,64.37938
sintel,tss|catspp|True|True,tss,catspp|True|True,66.7002,0.3316132294395281,0.09442804109041708,0.0,0.0,64.26688
sintel,tss|glunet|False|False,tss,glunet|False|False,26.1956,0.3316132294395281,0.27509778487001574,0.0,0.0,26.217309999999998
sintel,tss|glunet|False|True,tss,glunet|False|True,27.3178,0.3316132294395281,0.21884246788643924,0.0,0.0,22.56908
sintel,tss|glunet|True|False,tss,glunet|True|False,58.8215,0.3316132294395281,0.4549890681152271,0.0,0.0,46.95308
sintel,tss|glunet|True|True,tss,glunet|True|True,51.7585,0.3316132294395281,0.37204351195828844,0.0,0.0,51.46503
sintel,tss|raft|True|False,tss,raft|True|False,24.4577,0.3316132294395281,0.20225157472236557,0.0,0.0,21.0379175
spair,flyingthings|catspp|False|False,flyingthings,catspp|False|False,64.4318,0.24109598638476795,0.6374405272001769,0.0,0.0,56.814655
spair,flyingthings|catspp|False|True,flyingthings,catspp|False|True,72.1858,0.24109598638476795,0.6179767719403183,0.0,0.0,57.17853
spair,flyingthings|catspp|True|False,flyingthings,catspp|True|False,77.7052,0.24109598638476795,0.19080024676135765,0.0,0.0,80.17889
spair,flyingthings|catspp|True|True,flyingthings,catspp|True|True,77.9071,0.24109598638476795,0.13873394403466352,0.0,0.0,80.29949500000001
spair,flyingthings|glunet|False|False,flyingthings,glunet|False|False,64.4604,0.24109598638476795,0.6665496745088322,0.0,0.0,58.32787
spair,flyingthings|glunet|False|True,flyingthings,glunet|False|True,56.8539,0.24109598638476795,0.5911562675022454,0.0,0.0,51.92078
spair,flyingthings|glunet|True|False,flyingthings,glunet|True|False,70.575,0.24109598638476795,0.7026213239557189,0.0,0.0,65.4303
spair,flyingthings|glunet|True|True,flyingthings,glunet|True|True,69.7732,0.24109598638476795,0.4859509539670083,0.0,0.0,67.3047
spair,flyingthings|raft|True|False,flyingthings,raft|True|False,4.28145,0.24109598638476795,0.6465642305369877,0.0,0.0,55.397555
spair,kitti2012|catspp|False|False,kitti2012,catspp|False|False,76.4616,2.212434429406149,-1.3830248441890114,0.0,0.0,76.29059
spair,kitti2012|catspp|False|True,kitti2012,catspp|False|True,77.1277,2.212434429406149,-1.3539662409363458,0.0,0.0,78.43917
spair,kitti2012|catspp|True|False,kitti2012,catspp|True|False,83.7234,2.212434429406149,-0.10768893051883187,0.0,0.0,97.00122
spair,kitti2012|catspp|True|True,kitti2012,catspp|True|True,95.9432,2.212434429406149,-0.2382147067331474,0.0,0.0,95.64429
spair,kitti2012|glunet|False|False,kitti2012,glunet|False|False,95.5502,2.212434429406149,-1.4330991337283918,0.0,0.0,85.44341
spair,kitti2012|glunet|False|True,kitti2012,glunet|False|True,98.3756,2.212434429406149,-1.3798500245726197,0.0,0.0,81.38486
spair,kitti2012|glunet|True|False,kitti2012,glunet|True|False,98.4939,2.212434429406149,-1.2959704278152868,0.0,0.0,87.87275
spair,kitti2012|glunet|True|True,kitti2012,glunet|True|True,54.1912,2.212434429406149,-0.4266507731019345,0.0,0.0,95.58854
spair,kitti2012|raft|True|False,kitti2012,raft|True|False,87.91614999999999,2.212434429406149,-1.8257446761234641,0.0,0.0,75.5048975
spair,kitti2015|catspp|False|False,kitti2015,catspp|False|False,84.7086,1.987801709945815,-1.1105356574080223,0.0,0.0,77.77185999999999
spair,kitti2015|catspp|False|True,kitti2015,catspp|False|True,78.5201,1.987801709945815,-1.0942917318043957,0.0,0.0,79.23151
spair,kitti2015|catspp|True|False,kitti2015,catspp|True|False,96.7896,1.987801709945815,-0.1708880051304489,0.0,0.0,94.984275
spair,kitti2015|catspp|True|True,kitti2015,catspp|True|True,95.5148,1.987801709945815,-0.16720473469797964,0.0,0.0,94.77964
spair,kitti2015|glunet|False|False,kitti2015,glunet|False|False,90.6756,1.987801709945815,-1.1360089942249083,0.0,0.0,81.36012000000001
spair,kitti2015|glunet|False|True,kitti2015,glunet|False|True,86.9497,1.987801709945815,-1.0463033821879049,0.0,0.0,77.78459000000001
spair,kitti2015|glunet|True|False,kitti2015,glunet|True|False,95.0838,1.987801709945815,-1.0124532100473127,0.0,0.0,86.12762000000001
spair,kitti2015|glunet|True|True,kitti2015,glunet|True|True,97.4108,1.987801709945815,-0.6739382779959026,0.0,0.0,89.03835000000001
spair,kitti2015|raft|True|False,kitti2015,raft|True|False,70.4775,1.987801709945815,-1.4039176203730275,0.0,0.0,74.58064625
spair,pfpascal|catspp|False|False,pfpascal,catspp|False|False,10.5271,0.3934620978489006,-0.07659012499881171,0.0,0.0,11.88727
spair,pfpascal|catspp|False|True,pfpascal,catspp|False|True,10.9336,0.3934620978489006,-0.08499646964099285,0.0,0.0,12.00057
spair,pfpascal|catspp|True|False,pfpascal,catspp|True|False,49.2406,0.3934620978489006,-0.09175190006475338,0.0,0.0,43.04038
spair,pfpascal|catspp|True|True,pfpascal,catspp|True|True,45.84245,0.3934620978489006,-0.0908800249670844,0.0,0.0,46.24097
spair,pfpascal|glunet|False|False,pfpascal,glunet|False|False,8.3855,0.3934620978489006,-0.08155429963973802,0.0,0.0,12.10614
spair,pfpascal|glunet|False|True,pfpascal,glunet|False|True,5.604,0.3934620978489006,-0.06424207105678194,0.0,0.0,12.22818
spair,pfpascal|glunet|True|False,pfpascal,glunet|True|False,5.8954,0.3934620978489006,-0.1339288814494671,0.0,0.0,27.910700000000002
spair,pfpascal|glunet|True|True,pfpascal,glunet|True|True,33.9699,0.3934620978489006,-0.17079923990979676,0.0,0.0,31.15792
spair,pfpascal|raft|True|False,pfpascal,raft|True|False,14.4373,0.3934620978489006,-0.06724219100359846,0.0,0.0,11.45927375
spair,pfwillow|catspp|False|False,pfwillow,catspp|False|False,19.4444,0.1426016957586433,-0.0706765090398949,0.0,0.0,13.50778
spair,pfwillow|catspp|False|True,pfwillow,catspp|False|True,5.5667,0.1426016957586433,-0.06373185852886347,0.0,0.0,15.306104999999999
spair,pfwillow|catspp|True|False,pfwillow,catspp|True|False,44.0889,0.1426016957586433,-0.08775272282813856,0.0,0.0,47.03389
spair,pfwillow|catspp|True|True,pfwillow,catspp|True|True,48.9333,0.1426016957586433,-0.09721066688806797,0.0,0.0,48.73444
spair,pfwillow|glunet|False|False,pfwillow,glunet|False|False,21.063,0.1426016957586433,-0.06867273212602742,0.0,0.0,14.92079
spair,pfwillow|glunet|False|True,pfwillow,glunet|False|True,16.9778,0.1426016957586433,-0.07086062853102905,0.0,0.0,13.70793
spair,pfwillow|glunet|True|False,pfwillow,glunet|True|False,10.1,0.1426016957586433,-0.1558512089214574,0.0,0.0,31.06209
spair,pfwillow|glunet|True|True,pfwillow,glunet|True|True,48.458,0.1426016957586433,-0.16067149199946876,0.0,0.0,32.674009999999996
spair,pfwillow|raft|True|False,pfwillow,raft|True|False,16.6614,0.1426016957586433,-0.06826295844910016,0.0,0.0,14.685906249999999
spair,pointodyssey|catspp|False|False,pointodyssey,catspp|False|False,34.7757,0.49452062277849324,0.6030704900119798,0.0,0.0,45.619045
spair,pointodyssey|catspp|False|True,pointodyssey,catspp|False|True,84.993,0.49452062277849324,0.6172598664071838,0.0,0.0,47.6134
spair,pointodyssey|catspp|True|False,pointodyssey,catspp|True|False,72.7112,0.49452062277849324,0.4210960614567314,0.0,0.0,56.01384
spair,pointodyssey|catspp|True|True,pointodyssey,catspp|True|True,73.2754,0.49452062277849324,0.42130839986852286,0.0,0.0,56.37362
spair,pointodyssey|glunet|False|False,pointodyssey,glunet|False|False,92.1122,0.49452062277849324,0.6777886731303832,0.0,0.0,78.61621
spair,pointodyssey|glunet|False|True,pointodyssey,glunet|False|True,78.4489,0.49452062277849324,0.6576854319980521,0.0,0.0,74.30636
spair,pointodyssey|glunet|True|False,pointodyssey,glunet|True|False,96.5284,0.49452062277849324,0.5952848678524519,0.0,0.0,83.29136
spair,pointodyssey|glunet|True|True,pointodyssey,glunet|True|True,61.2703,0.49452062277849324,0.32917056997633287,0.0,0.0,89.05683
spair,pointodyssey|raft|True|False,pointodyssey,raft|True|False,34.6076,0.49452062277849324,0.6212808692870323,0.0,0.0,42.211098750000005
spair,spair|catspp|False|False,spair,catspp|False|False,3.3223,-0.4305841954003875,-0.011552929963451069,0.0,0.0,3.5493249999999996
spair,spair|catspp|False|True,spair,catspp|False|True,3.32435,-0.4305841954003875,-0.013919950648259575,0.0,0.0,3.58669
spair,spair|catspp|True|False,spair,catspp|True|False,22.5826,-0.4305841954003875,-0.100248637124331,0.0,0.0,21.10096
spair,spair|catspp|True|True,spair,catspp|True|True,27.9373,-0.4305841954003875,-0.0801249964614009,0.0,0.0,21.92584
spair,spair|glunet|False|False,spair,glunet|False|False,3.0334,-0.4305841954003875,-0.013890972790633786,0.0,0.0,2.85336
spair,spair|glunet|False|True,spair,glunet|False|True,2.4731,-0.4305841954003875,-0.006883755078265294,0.0,0.0,2.59185
spair,spair|glunet|True|False,spair,glunet|True|False,6.6514,-0.4305841954003875,-0.19917084536631746,0.0,0.0,7.610049999999999
spair,spair|glunet|True|True,spair,glunet|True|True,8.153,-0.4305841954003875,-0.14558647769807478,0.0,0.0,9.145019999999999
spair,spair|raft|True|False,spair,raft|True|False,3.0927,-0.4305841954003875,-0.010930260781493353,0.0,0.0,2.73440375
spair,synthetic|catspp|False|False,synthetic,catspp|False|False,22.7542,-0.29877940094235267,-0.2534187712041276,0.0,0.0,22.76833
spair,synthetic|catspp|False|True,synthetic,catspp|False|True,48.6509,-0.29877940094235267,-0.2299607353350372,0.0,0.0,21.287074999999998
spair,synthetic|catspp|True|False,synthetic,catspp|True|False,40.9952,-0.29877940094235267,-0.33137156609076807,0.0,0.0,49.13215
spair,synthetic|catspp|True|True,synthetic,catspp|True|True,43.3481,-0.29877940094235267,-0.24011876372880014,0.0,0.0,47.87147
spair,synthetic|glunet|False|False,synthetic,glunet|False|False,27.0582,-0.29877940094235267,-0.17420775792219378,0.0,0.0,15.37013
spair,synthetic|glunet|False|True,synthetic,glunet|False|True,16.1312,-0.29877940094235267,-0.08330448903481179,0.0,0.0,11.923150000000001
spair,synthetic|glunet|True|False,synthetic,glunet|True|False,25.8011,-0.29877940094235267,-0.3620648003094817,0.0,0.0,29.18057
spair,synthetic|glunet|True|True,synthetic,glunet|True|True,25.2246,-0.29877940094235267,-0.2627667583588546,0.0,0.0,26.90129
spair,synthetic|raft|True|False,synthetic,raft|True|False,10.7984,-0.29877940094235267,-0.3598863841189133,0.0,0.0,22.0238625
spair,tss|catspp|False|False,tss,catspp|False|False,33.5001,0.1610924942004408,-0.09713481023319223,0.0,0.0,24.245075
spair,tss|catspp|False|True,tss,catspp|False|True,37.3118,0.1610924942004408,-0.1000723968918939,0.0,0.0,24.415905000000002
spair,tss|catspp|True|False,tss,catspp|True|False,67.8898,0.1610924942004408,-0.03431756978280826,0.0,0.0,63.60828
spair,tss|catspp|True|True,tss,catspp|True|True,55.6517,0.1610924942004408,-0.02549713549406519,0.0,0.0,65.37173
spair,tss|glunet|False|False,tss,glunet|False|False,41.4764,0.1610924942004408,-0.10102016921897057,0.0,0.0,24.68923
spair,tss|glunet|False|True,tss,glunet|False|True,5.6742,0.1610924942004408,-0.0695567926154005,0.0,0.0,24.73344
spair,tss|glunet|True|False,tss,glunet|True|False,61.47,0.1610924942004408,-0.18663301329986154,0.0,0.0,46.68823
spair,tss|glunet|True|True,tss,glunet|True|True,50.4683,0.1610924942004408,-0.15425883187644196,0.0,0.0,51.59405
spair,tss|raft|True|False,tss,raft|True|False,18.9126,0.1610924942004408,-0.08414748095575997,0.0,0.0,21.5924275
synthetic,flyingthings|catspp|False|False,flyingthings,catspp|False|False,3.3861,0.7013220304590698,0.3303689742525449,0.0,0.0,62.919225000000004
synthetic,flyingthings|catspp|False|True,flyingthings,catspp|False|True,69.0867,0.7013220304590698,0.7665935298157982,0.0,0.0,57.488440000000004
synthetic,flyingthings|catspp|True|False,flyingthings,catspp|True|False,78.9297,0.7013220304590698,0.23552746954061574,0.0,0.0,80.05644
synthetic,flyingthings|catspp|True|True,flyingthings,catspp|True|True,79.22595,0.7013220304590698,0.17220914428520404,0.0,0.0,80.16761
synthetic,flyingthings|glunet|False|False,flyingthings,glunet|False|False,71.3364,0.7013220304590698,0.8042826669872909,0.0,0.0,57.64027
synthetic,flyingthings|glunet|False|True,flyingthings,glunet|False|True,57.9755,0.7013220304590698,0.723763189594062,0.0,0.0,51.80862
synthetic,flyingthings|glunet|True|False,flyingthings,glunet|True|False,75.9953,0.7013220304590698,0.8537134225591742,0.0,0.0,64.88827
synthetic,flyingthings|glunet|True|True,flyingthings,glunet|True|True,62.7767,0.7013220304590698,0.5935061864646843,0.0,0.0,68.00435
synthetic,flyingthings|raft|True|False,flyingthings,raft|True|False,54.9845,0.7013220304590698,1.0011375938967222,0.0,0.0,50.32725000000001
synthetic,kitti2012|catspp|False|False,kitti2012,catspp|False|False,87.0735,0.9974745487886223,1.116724769144593,0.0,0.0,75.2294
synthetic,kitti2012|catspp|False|True,kitti2012,catspp|False|True,94.1642,0.9974745487886223,1.0777681581974656,0.0,0.0,76.73552
synthetic,kitti2012|catspp|True|False,kitti2012,catspp|True|False,98.6145,0.9974745487886223,0.20292568091411528,0.0,0.0,95.51210999999999
synthetic,kitti2012|catspp|True|True,kitti2012,catspp|True|True,84.0079,0.9974745487886223,0.06941219619099681,0.0,0.0,96.83782
synthetic,kitti2012|glunet|False|False,kitti2012,glunet|False|False,96.5983,0.9974745487886223,1.1680281382706177,0.0,0.0,85.3386
synthetic,kitti2012|glunet|False|True,kitti2012,glunet|False|True,91.3276,0.9974745487886223,1.144629740907017,0.0,0.0,82.08966000000001
synthetic,kitti2012|glunet|True|False,kitti2012,glunet|True|False,78.7366,0.9974745487886223,1.0571633644748886,0.0,0.0,89.84848
synthetic,kitti2012|glunet|True|True,kitti2012,glunet|True|True,98.8084,0.9974745487886223,0.6733634550593013,0.0,0.0,91.12682
synthetic,kitti2012|raft|True|False,kitti2012,raft|True|False,98.2173,0.9974745487886223,1.4629089384610596,0.0,0.0,74.47478249999999
synthetic,kitti2015|catspp|False|False,kitti2015,catspp|False|False,85.69685,1.0757418979492386,1.156970508603238,0.0,0.0,77.673035
synthetic,kitti2015|catspp|False|True,kitti2015,catspp|False|True,89.3623,1.0757418979492386,1.128923851256309,0.0,0.0,78.14729
synthetic,kitti2015|catspp|True|False,kitti2015,catspp|True|False,96.8068,1.0757418979492386,0.17823809885289252,0.0,0.0,94.982555
synthetic,kitti2015|catspp|True|True,kitti2015,catspp|True|True,93.2336,1.0757418979492386,0.17270846181929142,0.0,0.0,95.00776
synthetic,kitti2015|glunet|False|False,kitti2015,glunet|False|False,89.7925,1.0757418979492386,1.1868325381072227,0.0,0.0,81.44843
synthetic,kitti2015|glunet|False|True,kitti2015,glunet|False|True,14.6026,1.0757418979492386,0.26036749399770653,0.0,0.0,85.0193
synthetic,kitti2015|glunet|True|False,kitti2015,glunet|True|False,65.3127,1.0757418979492386,1.001841459072791,0.0,0.0,89.10472999999999
synthetic,kitti2015|glunet|True|True,kitti2015,glunet|True|True,97.2046,1.0757418979492386,0.7037142402116128,0.0,0.0,89.05897
synthetic,kitti2015|raft|True|False,kitti2015,raft|True|False,18.0252125,1.0757418979492386,1.126338174002538,0.0,0.0,79.825875
synthetic,pfpascal|catspp|False|False,pfpascal,catspp|False|False,5.3233,0.27512725920597575,-0.0019787428245134665,0.0,0.0,12.40765
synthetic,pfpascal|catspp|False|True,pfpascal,catspp|False|True,14.3443,0.27512725920597575,-0.002443217759097199,0.0,0.0,11.6595
synthetic,pfpascal|catspp|True|False,pfpascal,catspp|True|False,34.8945,0.27512725920597575,-0.0024419214537145964,0.0,0.0,44.474990000000005
synthetic,pfpascal|catspp|True|True,pfpascal,catspp|True|True,50.7447,0.27512725920597575,-0.0025380027091320132,0.0,0.0,45.750745
synthetic,pfpascal|glunet|False|False,pfpascal,glunet|False|False,20.2654,0.27512725920597575,-0.002009401912431751,0.0,0.0,10.91815
synthetic,pfpascal|glunet|False|True,pfpascal,glunet|False|True,3.5234,0.27512725920597575,-0.001649668432480581,0.0,0.0,12.436240000000002
synthetic,pfpascal|glunet|True|False,pfpascal,glunet|True|False,21.5232,0.27512725920597575,-0.00500452174531926,0.0,0.0,26.34792
synthetic,pfpascal|glunet|True|True,pfpascal,glunet|True|True,19.3452,0.27512725920597575,-0.004584561410904931,0.0,0.0,32.62039
synthetic,pfpascal|raft|True|False,pfpascal,raft|True|False,11.9889,0.27512725920597575,-0.0020015208322428342,0.0,0.0,11.704113750000001
synthetic,pfwillow|catspp|False|False,pfwillow,catspp|False|False,11.4111,0.25868336400738956,-0.026604739383162563,0.0,0.0,14.31111
synthetic,pfwillow|catspp|False|True,pfwillow,catspp|False|True,15.1333,0.25868336400738956,-0.02836633381951909,0.0,0.0,14.349445
synthetic,pfwillow|catspp|True|False,pfwillow,catspp|True|False,40.8778,0.25868336400738956,-0.029240743782505612,0.0,0.0,47.355000000000004
synthetic,pfwillow|catspp|True|True,pfwillow,catspp|True|True,40.1,0.25868336400738956,-0.029866680624563057,0.0,0.0,49.61777
synthetic,pfwillow|glunet|False|False,pfwillow,glunet|False|False,16.2466,0.25868336400738956,-0.026555544734047382,0.0,0.0,15.402429999999999
synthetic,pfwillow|glunet|False|True,pfwillow,glunet|False|True,16.3506,0.25868336400738956,-0.0252773451858836,0.0,0.0,13.77065
synthetic,pfwillow|glunet|True|False,pfwillow,glunet|True|False,49.2827,0.25868336400738956,-0.05355937170301071,0.0,0.0,27.143819999999998
synthetic,pfwillow|glunet|True|True,pfwillow,glunet|True|True,31.6222,0.25868336400738956,-0.06311710007028792,0.0,0.0,34.35759
synthetic,pfwillow|raft|True|False,pfwillow,raft|True|False,18.25555,0.25868336400738956,-0.023440649459778196,0.0,0.0,14.526491250000001
synthetic,pointodyssey|catspp|False|False,pointodyssey,catspp|False|False,3.4912,1.3600102595888062,1.6284359603528595,0.0,0.0,48.747495
synthetic,pointodyssey|catspp|False|True,pointodyssey,catspp|False|True,43.8201,1.3600102595888062,2.3376195259965655,0.0,0.0,51.73069
synthetic,pointodyssey|catspp|True|False,pointodyssey,catspp|True|False,53.0839,1.3600102595888062,1.5000186264699433,0.0,0.0,57.97657
synthetic,pointodyssey|catspp|True|True,pointodyssey,catspp|True|True,41.4359,1.3600102595888062,1.4191499630834943,0.0,0.0,59.55757
synthetic,pointodyssey|glunet|False|False,pointodyssey,glunet|False|False,85.5722,1.3600102595888062,2.3270031113935525,0.0,0.0,79.27020999999999
synthetic,pointodyssey|glunet|False|True,pointodyssey,glunet|False|True,5.4396,1.3600102595888062,0.6020627687694635,0.0,0.0,81.60729
synthetic,pointodyssey|glunet|True|False,pointodyssey,glunet|True|False,25.0551,1.3600102595888062,0.899053434110802,0.0,0.0,90.43869
synthetic,pointodyssey|glunet|True|True,pointodyssey,glunet|True|True,95.8802,1.3600102595888062,1.335471226587243,0.0,0.0,85.59584
synthetic,pointodyssey|raft|True|False,pointodyssey,raft|True|False,58.56285,1.3600102595888062,2.054007113917353,0.0,0.0,39.81557375
synthetic,spair|catspp|False|False,spair,catspp|False|False,3.1626,-0.14645268272979814,-0.005077002077191373,0.0,0.0,3.565295
synthetic,spair|catspp|False|True,spair,catspp|False|True,3.6918,-0.14645268272979814,-0.006380895084125661,0.0,0.0,3.549945
synthetic,spair|catspp|True|False,spair,catspp|True|False,22.4135,-0.14645268272979814,-0.04560836385266719,0.0,0.0,21.11787
synthetic,spair|catspp|True|True,spair,catspp|True|True,23.1718,-0.14645268272979814,-0.04339751092087822,0.0,0.0,22.40239
synthetic,spair|glunet|False|False,spair,glunet|False|False,3.3198,-0.14645268272979814,-0.006036036748098062,0.0,0.0,2.82472
synthetic,spair|glunet|False|True,spair,glunet|False|True,2.7843,-0.14645268272979814,-0.003033922879151563,0.0,0.0,2.5607300000000004
synthetic,spair|glunet|True|False,spair,glunet|True|False,2.3566,-0.14645268272979814,-0.08766177225706208,0.0,0.0,8.039530000000001
synthetic,spair|glunet|True|True,spair,glunet|True|True,5.0597,-0.14645268272979814,-0.06388502757197045,0.0,0.0,9.45435
synthetic,spair|raft|True|False,spair,raft|True|False,3.3421000000000003,-0.14645268272979814,-0.004511191086534494,0.0,0.0,2.7094637500000003
synthetic,synthetic|catspp|False|False,synthetic,catspp|False|False,22.1053,-0.0913023796156193,-0.022455605310170337,0.0,0.0,22.83322
synthetic,synthetic|catspp|False|True,synthetic,catspp|False|True,22.0954,-0.0913023796156193,-0.025532380079740867,0.0,0.0,23.942625
synthetic,synthetic|catspp|True|False,synthetic,catspp|True|False,63.3596,-0.0913023796156193,-0.02823945923973909,0.0,0.0,46.895709999999994
synthetic,synthetic|catspp|True|True,synthetic,catspp|True|True,60.9373,-0.0913023796156193,-0.019738621070407344,0.0,0.0,46.11255
synthetic,synthetic|glunet|False|False,synthetic,glunet|False|False,23.9947,-0.0913023796156193,-0.01611723611049499,0.0,0.0,15.676480000000002
synthetic,synthetic|glunet|False|True,synthetic,glunet|False|True,15.7001,-0.0913023796156193,-0.007463400046967796,0.0,0.0,11.96626
synthetic,synthetic|glunet|True|False,synthetic,glunet|True|False,71.1258,-0.0913023796156193,-0.018647765190096668,0.0,0.0,24.6481
synthetic,synthetic|glunet|True|True,synthetic,glunet|True|True,27.769,-0.0913023796156193,-0.02329839000912234,0.0,0.0,26.64685
synthetic,synthetic|raft|True|False,synthetic,raft|True|False,51.426,-0.0913023796156193,-0.026493109839153203,0.0,0.0,17.9611025
synthetic,tss|catspp|False|False,tss,catspp|False|False,11.4546,0.4242974003703065,0.05033614346341202,0.0,0.0,26.449625000000005
synthetic,tss|catspp|False|True,tss,catspp|False|True,38.3962,0.4242974003703065,0.05524791242756415,0.0,0.0,24.307465
synthetic,tss|catspp|True|False,tss,catspp|True|False,66.0565,0.4242974003703065,0.020305666639111965,0.0,0.0,63.791610000000006
synthetic,tss|catspp|True|True,tss,catspp|True|True,65.6689,0.4242974003703065,0.022276357704768903,0.0,0.0,64.37001000000001
synthetic,tss|glunet|False|False,tss,glunet|False|False,23.8706,0.4242974003703065,0.06385871589232049,0.0,0.0,26.449810000000003
synthetic,tss|glunet|False|True,tss,glunet|False|True,14.6164,0.4242974003703065,0.048964152602350756,0.0,0.0,23.83922
synthetic,tss|glunet|True|False,tss,glunet|True|False,16.9644,0.4242974003703065,0.08936162324032097,0.0,0.0,51.13879
synthetic,tss|glunet|True|True,tss,glunet|True|True,43.3458,0.4242974003703065,0.08511627747999072,0.0,0.0,52.3063
synthetic,tss|raft|True|False,tss,raft|True|False,24.11475,0.4242974003703065,0.04715029020768685,0.0,0.0,21.0722125
synthetic_2d_warp,flyingthings|catspp|False|False,flyingthings,catspp|False|False,66.7727,-0.6801146047914342,-0.5423359526155759,0.0,0.0,56.580565
synthetic_2d_warp,flyingthings|catspp|False|True,flyingthings,catspp|False|True,50.8063,-0.6801146047914342,-0.5386705847337053,0.0,0.0,59.31648
synthetic_2d_warp,flyingthings|catspp|True|False,flyingthings,catspp|True|False,83.7548,-0.6801146047914342,-0.16076070052676486,0.0,0.0,79.57392999999999
synthetic_2d_warp,flyingthings|catspp|True|True,flyingthings,catspp|True|True,79.9519,-0.6801146047914342,-0.12034985179014732,0.0,0.0,80.095015
synthetic_2d_warp,flyingthings|glunet|False|False,flyingthings,glunet|False|False,63.9418,-0.6801146047914342,-0.5706009529537562,0.0,0.0,58.379729999999995
synthetic_2d_warp,flyingthings|glunet|False|True,flyingthings,glunet|False|True,72.9905,-0.6801146047914342,-0.4705140842554283,0.0,0.0,50.307120000000005
synthetic_2d_warp,flyingthings|glunet|True|False,flyingthings,glunet|True|False,81.6246,-0.6801146047914342,-0.5849320498118399,0.0,0.0,64.32534000000001
synthetic_2d_warp,flyingthings|glunet|True|True,flyingthings,glunet|True|True,81.4831,-0.6801146047914342,-0.3958865821911399,0.0,0.0,66.13371
synthetic_2d_warp,flyingthings|raft|True|False,flyingthings,raft|True|False,63.0829,-0.6801146047914342,-0.689992902886018,0.0,0.0,49.51741
synthetic_2d_warp,kitti2012|catspp|False|False,kitti2012,catspp|False|False,86.277,-0.08238925775553267,-0.12066472270655515,0.0,0.0,75.30905
synthetic_2d_warp,kitti2012|catspp|False|True,kitti2012,catspp|False|True,71.5744,-0.08238925775553267,-0.11874002468011033,0.0,0.0,78.9945
synthetic_2d_warp,kitti2012|catspp|True|False,kitti2012,catspp|True|False,98.7949,-0.08238925775553267,-0.02182353652764503,0.0,0.0,95.49407
synthetic_2d_warp,kitti2012|catspp|True|True,kitti2012,catspp|True|True,98.1215,-0.08238925775553267,-0.020579918495517595,0.0,0.0,95.42645999999999
synthetic_2d_warp,kitti2012|glunet|False|False,kitti2012,glunet|False|False,95.0148,-0.08238925775553267,-0.12634064907345188,0.0,0.0,85.49695
synthetic_2d_warp,kitti2012|glunet|False|True,kitti2012,glunet|False|True,83.3858,-0.08238925775553267,-0.12428353671068465,0.0,0.0,82.88383999999999
synthetic_2d_warp,kitti2012|glunet|True|False,kitti2012,glunet|True|False,98.9943,-0.08238925775553267,-0.11403210152076113,0.0,0.0,87.82271
synthetic_2d_warp,kitti2012|glunet|True|True,kitti2012,glunet|True|True,99.0835,-0.08238925775553267,-0.0725655310140373,0.0,0.0,91.09931
synthetic_2d_warp,kitti2012|raft|True|False,kitti2012,raft|True|False,12.1716,-0.08238925775553267,-0.12033507752537492,0.0,0.0,83.0793525
synthetic_2d_warp,kitti2015|catspp|False|False,kitti2015,catspp|False|False,90.7618,-0.14404245095946322,-0.21916395448234172,0.0,0.0,77.16654
synthetic_2d_warp,kitti2015|catspp|False|True,kitti2015,catspp|False|True,88.9381,-0.14404245095946322,-0.21630453469748084,0.0,0.0,78.18971
synthetic_2d_warp,kitti2015|catspp|True|False,kitti2015,catspp|True|False,95.30515,-0.14404245095946322,-0.034525121443096246,0.0,0.0,95.13271999999999
synthetic_2d_warp,kitti2015|catspp|True|True,kitti2015,catspp|True|True,95.7013,-0.14404245095946322,-0.03334865316781021,0.0,0.0,94.76099
synthetic_2d_warp,kitti2015|glunet|False|False,kitti2015,glunet|False|False,85.4709,-0.14404245095946322,-0.22824181701245785,0.0,0.0,81.88059000000001
synthetic_2d_warp,kitti2015|glunet|False|True,kitti2015,glunet|False|True,80.8596,-0.14404245095946322,-0.21052453107366498,0.0,0.0,78.3936
synthetic_2d_warp,kitti2015|glunet|True|False,kitti2015,glunet|True|False,91.9963,-0.14404245095946322,-0.20322249429159425,0.0,0.0,86.43637
synthetic_2d_warp,kitti2015|glunet|True|True,kitti2015,glunet|True|True,61.2326,-0.14404245095946322,-0.10181029911968094,0.0,0.0,92.65617
synthetic_2d_warp,kitti2015|raft|True|False,kitti2015,raft|True|False,89.93475000000001,-0.14404245095946322,-0.2760860156053794,0.0,0.0,72.63492125
synthetic_2d_warp,pfpascal|catspp|False|False,pfpascal,catspp|False|False,10.5168,-0.6345065904173363,-0.18609513594124652,0.0,0.0,11.8883
synthetic_2d_warp,pfpascal|catspp|False|True,pfpascal,catspp|False|True,11.4723,-0.6345065904173363,-0.20686589727849555,0.0,0.0,11.9467
synthetic_2d_warp,pfpascal|catspp|True|False,pfpascal,catspp|True|False,49.2846,-0.6345065904173363,-0.2227465877173111,0.0,0.0,43.03598
synthetic_2d_warp,pfpascal|catspp|True|True,pfpascal,catspp|True|True,38.85,-0.6345065904173363,-0.19740257965649927,0.0,0.0,46.940215
synthetic_2d_warp,pfpascal|glunet|False|False,pfpascal,glunet|False|False,10.3086,-0.6345065904173363,-0.20239109986570114,0.0,0.0,11.91383
synthetic_2d_warp,pfpascal|glunet|False|True,pfpascal,glunet|False|True,15.6204,-0.6345065904173363,-0.16749894328164752,0.0,0.0,11.22654
synthetic_2d_warp,pfpascal|glunet|True|False,pfpascal,glunet|True|False,23.0618,-0.6345065904173363,-0.4209172110727342,0.0,0.0,26.19406
synthetic_2d_warp,pfpascal|glunet|True|True,pfpascal,glunet|True|True,25.0318,-0.6345065904173363,-0.40747936035981436,0.0,0.0,32.051730000000006
synthetic_2d_warp,pfpascal|raft|True|False,pfpascal,raft|True|False,4.4726,-0.6345065904173363,-0.13588267244355007,0.0,0.0,12.45574375
synthetic_2d_warp,pfwillow|catspp|False|False,pfwillow,catspp|False|False,13.6778,-0.5851868695603658,-0.18686870514363807,0.0,0.0,14.08444
synthetic_2d_warp,pfwillow|catspp|False|True,pfwillow,catspp|False|True,20.5333,-0.5851868695603658,-0.17769073458040388,0.0,0.0,13.809445
synthetic_2d_warp,pfwillow|catspp|True|False,pfwillow,catspp|True|False,51.6333,-0.5851868695603658,-0.2066006993508818,0.0,0.0,46.27945
synthetic_2d_warp,pfwillow|catspp|True|True,pfwillow,catspp|True|True,54.3556,-0.5851868695603658,-0.22441309170749218,0.0,0.0,48.19221
synthetic_2d_warp,pfwillow|glunet|False|False,pfwillow,glunet|False|False,14.7707,-0.5851868695603658,-0.1832220743257322,0.0,0.0,15.55002
synthetic_2d_warp,pfwillow|glunet|False|True,pfwillow,glunet|False|True,18.0556,-0.5851868695603658,-0.16857034054611905,0.0,0.0,13.60015
synthetic_2d_warp,pfwillow|glunet|True|False,pfwillow,glunet|True|False,29.3389,-0.5851868695603658,-0.4585430396273887,0.0,0.0,29.1382
synthetic_2d_warp,pfwillow|glunet|True|True,pfwillow,glunet|True|True,36.9398,-0.5851868695603658,-0.43499564652223627,0.0,0.0,33.82583
synthetic_2d_warp,pfwillow|raft|True|False,pfwillow,raft|True|False,13.5556,-0.5851868695603658,-0.16710792160004762,0.0,0.0,14.99648625
synthetic_2d_warp,pointodyssey|catspp|False|False,pointodyssey,catspp|False|False,47.6015,-0.7489139784553276,-0.40575885684272284,0.0,0.0,44.336465
synthetic_2d_warp,pointodyssey|catspp|False|True,pointodyssey,catspp|False|True,48.7736,-0.7489139784553276,-0.46025408847122196,0.0,0.0,51.235339999999994
synthetic_2d_warp,pointodyssey|catspp|True|False,pointodyssey,catspp|True|False,95.4377,-0.7489139784553276,-0.18372702564887242,0.0,0.0,53.741189999999996
synthetic_2d_warp,pointodyssey|catspp|True|True,pointodyssey,catspp|True|True,52.1959,-0.7489139784553276,-0.2938037038590247,0.0,0.0,58.48157
synthetic_2d_warp,pointodyssey|glunet|False|False,pointodyssey,glunet|False|False,94.4359,-0.7489139784553276,-0.44887130958886695,0.0,0.0,78.38383999999999
synthetic_2d_warp,pointodyssey|glunet|False|True,pointodyssey,glunet|False|True,91.0918,-0.7489139784553276,-0.42708668566537333,0.0,0.0,73.04207
synthetic_2d_warp,pointodyssey|glunet|True|False,pointodyssey,glunet|True|False,90.0851,-0.7489139784553276,-0.4017947458410766,0.0,0.0,83.93569
synthetic_2d_warp,pointodyssey|glunet|True|True,pointodyssey,glunet|True|True,85.0481,-0.7489139784553276,-0.2678482899868994,0.0,0.0,86.67904999999999
synthetic_2d_warp,pointodyssey|raft|True|False,pointodyssey,raft|True|False,36.4545,-0.7489139784553276,-0.41480812465576883,0.0,0.0,42.02640875
synthetic_2d_warp,spair|catspp|False|False,spair,catspp|False|False,3.0896,-0.6970084226017612,-0.009128744223460617,0.0,0.0,3.5725949999999997
synthetic_2d_warp,spair|catspp|False|True,spair,catspp|False|True,3.4986,-0.6970084226017612,-0.011765155998723414,0.0,0.0,3.569265
synthetic_2d_warp,spair|catspp|True|False,spair,catspp|True|False,20.9922,-0.6970084226017612,-0.08435663870512815,0.0,0.0,21.259999999999998
synthetic_2d_warp,spair|catspp|True|True,spair,catspp|True|True,25.8495,-0.6970084226017612,-0.07524946326095262,0.0,0.0,22.13462
synthetic_2d_warp,spair|glunet|False|False,spair,glunet|False|False,2.6105,-0.6970084226017612,-0.0114829460307767,0.0,0.0,2.89565
synthetic_2d_warp,spair|glunet|False|True,spair,glunet|False|True,2.408,-0.6970084226017612,-0.005642884188122383,0.0,0.0,2.59836
synthetic_2d_warp,spair|glunet|True|False,spair,glunet|True|False,6.63,-0.6970084226017612,-0.16625360832500863,0.0,0.0,7.61219
synthetic_2d_warp,spair|glunet|True|True,spair,glunet|True|True,2.486,-0.6970084226017612,-0.10974221533444381,0.0,0.0,9.71172
synthetic_2d_warp,spair|raft|True|False,spair,raft|True|False,3.1416,-0.6970084226017612,-0.009002537672112898,0.0,0.0,2.7295137499999997
synthetic_2d_warp,synthetic|catspp|False|False,synthetic,catspp|False|False,20.1312,-0.45863983603264724,0.0027164771616060884,0.0,0.0,23.03063
synthetic_2d_warp,synthetic|catspp|False|True,synthetic,catspp|False|True,50.3084,-0.45863983603264724,0.002372218886462378,0.0,0.0,21.121325000000002
synthetic_2d_warp,synthetic|catspp|True|False,synthetic,catspp|True|False,34.9252,-0.45863983603264724,0.003459641756412407,0.0,0.0,49.73915
synthetic_2d_warp,synthetic|catspp|True|True,synthetic,catspp|True|True,39.8872,-0.45863983603264724,0.002536109417068833,0.0,0.0,48.217560000000006
synthetic_2d_warp,synthetic|glunet|False|False,synthetic,glunet|False|False,3.8373,-0.45863983603264724,0.0018020433299492556,0.0,0.0,17.69222
synthetic_2d_warp,synthetic|glunet|False|True,synthetic,glunet|False|True,9.3907,-0.45863983603264724,0.0009144889020396755,0.0,0.0,12.5972
synthetic_2d_warp,synthetic|glunet|True|False,synthetic,glunet|True|False,29.4639,-0.45863983603264724,0.0038979832429843287,0.0,0.0,28.81429
synthetic_2d_warp,synthetic|glunet|True|True,synthetic,glunet|True|True,23.5695,-0.45863983603264724,0.0028163649839375846,0.0,0.0,27.0668
synthetic_2d_warp,synthetic|raft|True|False,synthetic,raft|True|False,6.1934,-0.45863983603264724,0.003782952014181221,0.0,0.0,22.4843625
synthetic_2d_warp,tss|catspp|False|False,tss,catspp|False|False,24.3569,-0.4927714817320596,-0.31360641341134343,0.0,0.0,25.159395
synthetic_2d_warp,tss|catspp|False|True,tss,catspp|False|True,19.1092,-0.4927714817320596,-0.3268022628041859,0.0,0.0,26.236165
synthetic_2d_warp,tss|catspp|True|False,tss,catspp|True|False,67.4824,-0.4927714817320596,-0.10775148151880683,0.0,0.0,63.64901999999999
synthetic_2d_warp,tss|catspp|True|True,tss,catspp|True|True,68.1239,-0.4927714817320596,-0.1170748728283387,0.0,0.0,64.12451
synthetic_2d_warp,tss|glunet|False|False,tss,glunet|False|False,26.1161,-0.4927714817320596,-0.35283099143036856,0.0,0.0,26.22526
synthetic_2d_warp,tss|glunet|False|True,tss,glunet|False|True,14.4363,-0.4927714817320596,-0.2691926300276248,0.0,0.0,23.857229999999998
synthetic_2d_warp,tss|glunet|True|False,tss,glunet|True|False,55.011,-0.4927714817320596,-0.5902159732412806,0.0,0.0,47.33413
synthetic_2d_warp,tss|glunet|True|True,tss,glunet|True|True,64.008,-0.4927714817320596,-0.4578363535999165,0.0,0.0,50.24008
synthetic_2d_warp,tss|raft|True|False,tss,raft|True|False,7.744925,-0.4927714817320596,-0.216882133598221,0.0,0.0,22.709195
synthetic_large_zoom,flyingthings|catspp|False|False,flyingthings,catspp|False|False,43.8954,-0.32497686067731324,-0.16165038833285533,0.0,0.0,58.868295
synthetic_large_zoom,flyingthings|catspp|False|True,flyingthings,catspp|False|True,58.9743,-0.32497686067731324,-0.16432312728110332,0.0,0.0,58.49968
synthetic_large_zoom,flyingthings|catspp|True|False,flyingthings,catspp|True|False,82.2203,-0.32497686067731324,-0.04935541894426276,0.0,0.0,79.72738000000001
synthetic_large_zoom,flyingthings|catspp|True|True,flyingthings,catspp|True|True,81.1893,-0.32497686067731324,-0.036268173067854736,0.0,0.0,79.97127499999999
synthetic_large_zoom,flyingthings|glunet|False|False,flyingthings,glunet|False|False,71.1769,-0.32497686067731324,-0.16972252858878015,0.0,0.0,57.65622
synthetic_large_zoom,flyingthings|glunet|False|True,flyingthings,glunet|False|True,48.8918,-0.32497686067731324,-0.15314023293558102,0.0,0.0,52.716989999999996
synthetic_large_zoom,flyingthings|glunet|True|False,flyingthings,glunet|True|False,77.7439,-0.32497686067731324,-0.179229768652876,0.0,0.0,64.71341
synthetic_large_zoom,flyingthings|glunet|True|True,flyingthings,glunet|True|True,72.6252,-0.32497686067731324,-0.12507232125721288,0.0,0.0,67.0195
synthetic_large_zoom,flyingthings|raft|True|False,flyingthings,raft|True|False,57.27595,-0.32497686067731324,-0.21069812320926082,0.0,0.0,50.098105
synthetic_large_zoom,kitti2012|catspp|False|False,kitti2012,catspp|False|False,94.359,-0.9695164010566869,-0.010380277624753378,0.0,0.0,74.50085
synthetic_large_zoom,kitti2012|catspp|False|True,kitti2012,catspp|False|True,82.5049,-0.9695164010566869,-0.010476153851609523,0.0,0.0,77.90145
synthetic_large_zoom,kitti2012|catspp|True|False,kitti2012,catspp|True|False,96.6249,-0.9695164010566869,-0.001966851498159184,0.0,0.0,95.71106999999999
synthetic_large_zoom,kitti2012|catspp|True|True,kitti2012,catspp|True|True,98.6413,-0.9695164010566869,-0.0017935485357586567,0.0,0.0,95.37448
synthetic_large_zoom,kitti2012|glunet|False|False,kitti2012,glunet|False|False,12.4578,-0.9695164010566869,-0.002392008339230852,0.0,0.0,93.75265
synthetic_large_zoom,kitti2012|glunet|False|True,kitti2012,glunet|False|True,11.0648,-0.9695164010566869,-0.0025693584433715356,0.0,0.0,90.11594
synthetic_large_zoom,kitti2012|glunet|True|False,kitti2012,glunet|True|False,91.75,-0.9695164010566869,-0.01013535804037335,0.0,0.0,88.54713999999998
synthetic_large_zoom,kitti2012|glunet|True|True,kitti2012,glunet|True|True,98.3573,-0.9695164010566869,-0.006401537504749912,0.0,0.0,91.17193
synthetic_large_zoom,kitti2012|raft|True|False,kitti2012,raft|True|False,86.3393,-0.9695164010566869,-0.014174679760241667,0.0,0.0,75.6625825
synthetic_large_zoom,kitti2015|catspp|False|False,kitti2015,catspp|False|False,86.5834,-1.0114255029984094,-0.17615059054618146,0.0,0.0,77.58438
synthetic_large_zoom,kitti2015|catspp|False|True,kitti2015,catspp|False|True,91.5434,-1.0114255029984094,-0.1711967829113518,0.0,0.0,77.92918
synthetic_large_zoom,kitti2015|catspp|True|False,kitti2015,catspp|True|False,97.692,-1.0114255029984094,-0.026728436831574214,0.0,0.0,94.894035
synthetic_large_zoom,kitti2015|catspp|True|True,kitti2015,catspp|True|True,96.1149,-1.0114255029984094,-0.026454725316881395,0.0,0.0,94.71963000000001
synthetic_large_zoom,kitti2015|glunet|False|False,kitti2015,glunet|False|False,95.5117,-1.0114255029984094,-0.17880242765013293,0.0,0.0,80.87651
synthetic_large_zoom,kitti2015|glunet|False|True,kitti2015,glunet|False|True,87.0141,-1.0114255029984094,-0.16641157878887194,0.0,0.0,77.77815000000001
synthetic_large_zoom,kitti2015|glunet|True|False,kitti2015,glunet|True|False,98.1319,-1.0114255029984094,-0.15985736160434008,0.0,0.0,85.82281
synthetic_large_zoom,kitti2015|glunet|True|True,kitti2015,glunet|True|True,89.5363,-1.0114255029984094,-0.10893752171990058,0.0,0.0,89.82579999999999
synthetic_large_zoom,kitti2015|raft|True|False,kitti2015,raft|True|False,94.1569,-1.0114255029984094,-0.2176696669671295,0.0,0.0,72.21270625
synthetic_large_zoom,pfpascal|catspp|False|False,pfpascal,catspp|False|False,16.3109,0.029337282436992813,0.1501405603122643,0.0,0.0,11.30889
synthetic_large_zoom,pfpascal|catspp|False|True,pfpascal,catspp|False|True,3.1542,0.029337282436992813,0.14466254490524713,0.0,0.0,12.77851
synthetic_large_zoom,pfpascal|catspp|True|False,pfpascal,catspp|True|False,39.4059,0.029337282436992813,0.1944710580640447,0.0,0.0,44.023849999999996
synthetic_large_zoom,pfpascal|catspp|True|True,pfpascal,catspp|True|True,50.2518,0.029337282436992813,0.1820603714521583,0.0,0.0,45.800035
synthetic_large_zoom,pfpascal|glunet|False|False,pfpascal,glunet|False|False,4.4643,0.029337282436992813,0.1513493227224364,0.0,0.0,12.498259999999998
synthetic_large_zoom,pfpascal|glunet|False|True,pfpascal,glunet|False|True,13.3499,0.029337282436992813,0.14833379459352872,0.0,0.0,11.45359
synthetic_large_zoom,pfpascal|glunet|True|False,pfpascal,glunet|True|False,30.3321,0.029337282436992813,0.3559095253041322,0.0,0.0,25.46703
synthetic_large_zoom,pfpascal|glunet|True|True,pfpascal,glunet|True|True,30.356,0.029337282436992813,0.35401413061509984,0.0,0.0,31.51931
synthetic_large_zoom,pfpascal|raft|True|False,pfpascal,raft|True|False,17.4659,0.029337282436992813,0.12631352307829455,0.0,0.0,11.15641375
synthetic_large_zoom,pfwillow|catspp|False|False,pfwillow,catspp|False|False,15.2778,0.05578474382010766,0.15248721830963557,0.0,0.0,13.924439999999999
synthetic_large_zoom,pfwillow|catspp|False|True,pfwillow,catspp|False|True,8.9444,0.05578474382010766,0.1485840680600297,0.0,0.0,14.968335
synthetic_large_zoom,pfwillow|catspp|True|False,pfwillow,catspp|True|False,51.4778,0.05578474382010766,0.16973429802139253,0.0,0.0,46.295
synthetic_large_zoom,pfwillow|catspp|True|True,pfwillow,catspp|True|True,53.4,0.05578474382010766,0.18701204101863766,0.0,0.0,48.28777
synthetic_large_zoom,pfwillow|glunet|False|False,pfwillow,glunet|False|False,19.4667,0.05578474382010766,0.1436469132518142,0.0,0.0,15.08042
synthetic_large_zoom,pfwillow|glunet|False|True,pfwillow,glunet|False|True,14.6222,0.05578474382010766,0.14496869309556334,0.0,0.0,13.94349
synthetic_large_zoom,pfwillow|glunet|True|False,pfwillow,glunet|True|False,29.7111,0.05578474382010766,0.3754832602084749,0.0,0.0,29.10098
synthetic_large_zoom,pfwillow|glunet|True|True,pfwillow,glunet|True|True,14.3062,0.05578474382010766,0.28281845784898324,0.0,0.0,36.089189999999995
synthetic_large_zoom,pfwillow|raft|True|False,pfwillow,raft|True|False,13.8111,0.05578474382010766,0.13712384026062585,0.0,0.0,14.97093625
synthetic_large_zoom,pointodyssey|catspp|False|False,pointodyssey,catspp|False|False,51.6048,-0.7304041848612944,-0.3712904592960441,0.0,0.0,43.93613499999999
synthetic_large_zoom,pointodyssey|catspp|False|True,pointodyssey,catspp|False|True,62.7536,-0.7304041848612944,-0.41809557920800366,0.0,0.0,49.83734
synthetic_large_zoom,pointodyssey|catspp|True|False,pointodyssey,catspp|True|False,64.7289,-0.7304041848612944,-0.26848911172489087,0.0,0.0,56.81206999999999
synthetic_large_zoom,pointodyssey|catspp|True|True,pointodyssey,catspp|True|True,50.3469,-0.7304041848612944,-0.26862988160118123,0.0,0.0,58.666470000000004
synthetic_large_zoom,pointodyssey|glunet|False|False,pointodyssey,glunet|False|False,93.9512,-0.7304041848612944,-0.413130857357458,0.0,0.0,78.43231
synthetic_large_zoom,pointodyssey|glunet|False|True,pointodyssey,glunet|False|True,84.5038,-0.7304041848612944,-0.3994391734719407,0.0,0.0,73.70087
synthetic_large_zoom,pointodyssey|glunet|True|False,pointodyssey,glunet|True|False,97.4434,-0.7304041848612944,-0.36347298056684596,0.0,0.0,83.19986
synthetic_large_zoom,pointodyssey|glunet|True|True,pointodyssey,glunet|True|True,96.0115,-0.7304041848612944,-0.24053888035527396,0.0,0.0,85.58270999999999
synthetic_large_zoom,pointodyssey|raft|True|False,pointodyssey,raft|True|False,65.6666,-0.7304041848612944,-0.3575606271462385,0.0,0.0,39.10519875
synthetic_large_zoom,spair|catspp|False|False,spair,catspp|False|False,4.0731,0.05521714875833522,0.01671732304951829,0.0,0.0,3.474245
synthetic_large_zoom,spair|catspp|False|True,spair,catspp|False|True,2.944,0.05521714875833522,0.020387766765523615,0.0,0.0,3.624725
synthetic_large_zoom,spair|catspp|True|False,spair,catspp|True|False,16.6978,0.05521714875833522,0.14532987664227134,0.0,0.0,21.689439999999998
synthetic_large_zoom,spair|catspp|True|True,spair,catspp|True|True,20.6206,0.05521714875833522,0.15004848295336617,0.0,0.0,22.65751
synthetic_large_zoom,spair|glunet|False|False,spair,glunet|False|False,3.2579,0.05521714875833522,0.02147277620087661,0.0,0.0,2.8309100000000003
synthetic_large_zoom,spair|glunet|False|True,spair,glunet|False|True,2.6825,0.05521714875833522,0.010986001872011406,0.0,0.0,2.57091
synthetic_large_zoom,spair|glunet|True|False,spair,glunet|True|False,7.559,0.05521714875833522,0.3177216395018009,0.0,0.0,7.51929
synthetic_large_zoom,spair|glunet|True|True,spair,glunet|True|True,6.6248,0.05521714875833522,0.2294477321924292,0.0,0.0,9.297839999999999
synthetic_large_zoom,spair|raft|True|False,spair,raft|True|False,2.69925,0.05521714875833522,0.018091826232492267,0.0,0.0,2.77374875
synthetic_large_zoom,synthetic|catspp|False|False,synthetic,catspp|False|False,39.135,0.0903811675311864,0.4903057133169853,0.0,0.0,21.13025
synthetic_large_zoom,synthetic|catspp|False|True,synthetic,catspp|False|True,21.8997,0.0903811675311864,0.6245992323546515,0.0,0.0,23.962195
synthetic_large_zoom,synthetic|catspp|True|False,synthetic,catspp|True|False,37.1935,0.0903811675311864,0.7071766783678469,0.0,0.0,49.51232
synthetic_large_zoom,synthetic|catspp|True|True,synthetic,catspp|True|True,38.2449,0.0903811675311864,0.5054580932823111,0.0,0.0,48.38179
synthetic_large_zoom,synthetic|glunet|False|False,synthetic,glunet|False|False,9.7372,0.0903811675311864,0.3979419321671162,0.0,0.0,17.10223
synthetic_large_zoom,synthetic|glunet|False|True,synthetic,glunet|False|True,15.7459,0.0903811675311864,0.1824176121086271,0.0,0.0,11.96168
synthetic_large_zoom,synthetic|glunet|True|False,synthetic,glunet|True|False,35.7954,0.0903811675311864,0.7794806448969334,0.0,0.0,28.18114
synthetic_large_zoom,synthetic|glunet|True|True,synthetic,glunet|True|True,54.0369,0.0903811675311864,0.3924644207354715,0.0,0.0,24.02006
synthetic_large_zoom,synthetic|raft|True|False,synthetic,raft|True|False,11.985,0.0903811675311864,0.7837626718115714,0.0,0.0,21.905202499999998
synthetic_large_zoom,tss|catspp|False|False,tss,catspp|False|False,32.9288,-0.015280211754323113,0.23481390828493443,0.0,0.0,24.302205
synthetic_large_zoom,tss|catspp|False|True,tss,catspp|False|True,29.7936,-0.015280211754323113,0.2572648660420773,0.0,0.0,25.167725
synthetic_large_zoom,tss|catspp|True|False,tss,catspp|True|False,62.2398,-0.015280211754323113,0.08742020760710273,0.0,0.0,64.17328
synthetic_large_zoom,tss|catspp|True|True,tss,catspp|True|True,67.8214,-0.015280211754323113,0.09178086066901098,0.0,0.0,64.15476
synthetic_large_zoom,tss|glunet|False|False,tss,glunet|False|False,5.711,-0.015280211754323113,0.21415390725111524,0.0,0.0,28.265769999999996
synthetic_large_zoom,tss|glunet|False|True,tss,glunet|False|True,29.9933,-0.015280211754323113,0.21322082710743445,0.0,0.0,22.30153
synthetic_large_zoom,tss|glunet|True|False,tss,glunet|True|False,11.2237,-0.015280211754323113,0.3453844074548564,0.0,0.0,51.71286
synthetic_large_zoom,tss|glunet|True|True,tss,glunet|True|True,66.2204,-0.015280211754323113,0.3498197578161676,0.0,0.0,50.01884
synthetic_large_zoom,tss|raft|True|False,tss,raft|True|False,22.1823,-0.015280211754323057,0.2031217468332904,0.0,0.0,21.2654575
synthetic_random_flipping,flyingthings|catspp|False|False,flyingthings,catspp|False|False,67.1619,0.42437931969360637,0.5325998926233008,0.0,0.0,56.541645
synthetic_random_flipping,flyingthings|catspp|False|True,flyingthings,catspp|False|True,3.963,0.42437931969360637,0.2031181972153109,0.0,0.0,64.00081
synthetic_random_flipping,flyingthings|catspp|True|False,flyingthings,catspp|True|False,83.2946,0.42437931969360637,0.15889216186652677,0.0,0.0,79.61994999999999
synthetic_random_flipping,flyingthings|catspp|True|True,flyingthings,catspp|True|True,85.2894,0.42437931969360637,0.10852630871304228,0.0,0.0,79.561265
synthetic_random_flipping,flyingthings|glunet|False|False,flyingthings,glunet|False|False,69.5375,0.42437931969360637,0.5544963405319003,0.0,0.0,57.82016
synthetic_random_flipping,flyingthings|glunet|False|True,flyingthings,glunet|False|True,50.412,0.42437931969360637,0.4984863562453535,0.0,0.0,52.56497
synthetic_random_flipping,flyingthings|glunet|True|False,flyingthings,glunet|True|False,11.3571,0.42437931969360637,0.3274177107912245,0.0,0.0,71.35209
synthetic_random_flipping,flyingthings|glunet|True|True,flyingthings,glunet|True|True,78.2963,0.42437931969360637,0.397399179249088,0.0,0.0,66.45239000000001
synthetic_random_flipping,flyingthings|raft|True|False,flyingthings,raft|True|False,59.3757,0.42437931969360637,0.6830025596002424,0.0,0.0,49.888130000000004
synthetic_random_flipping,kitti2012|catspp|False|False,kitti2012,catspp|False|False,90.3601,1.0403995981690566,-2.095639378771598,0.0,0.0,74.90074
synthetic_random_flipping,kitti2012|catspp|False|True,kitti2012,catspp|False|True,92.0926,1.0403995981690566,-2.0518227003135867,0.0,0.0,76.94268
synthetic_random_flipping,kitti2012|catspp|True|False,kitti2012,catspp|True|False,95.9663,1.0403995981690566,-0.3927365624929502,0.0,0.0,95.77693000000001
synthetic_random_flipping,kitti2012|catspp|True|True,kitti2012,catspp|True|True,93.6996,1.0403995981690566,-0.3634092441899564,0.0,0.0,95.86865
synthetic_random_flipping,kitti2012|glunet|False|False,kitti2012,glunet|False|False,97.2233,1.0403995981690566,-2.206938918802564,0.0,0.0,85.2761
synthetic_random_flipping,kitti2012|glunet|False|True,kitti2012,glunet|False|True,84.216,1.0403995981690566,-2.1790460590102616,0.0,0.0,82.80082
synthetic_random_flipping,kitti2012|glunet|True|False,kitti2012,glunet|True|False,99.4901,1.0403995981690566,-1.9973310022947701,0.0,0.0,87.77313
synthetic_random_flipping,kitti2012|glunet|True|True,kitti2012,glunet|True|True,99.0764,1.0403995981690566,-1.2724850150609972,0.0,0.0,91.10002
synthetic_random_flipping,kitti2012|raft|True|False,kitti2012,raft|True|False,89.47625,1.0403995981690566,-2.814199199675937,0.0,0.0,75.3488875
synthetic_random_flipping,kitti2015|catspp|False|False,kitti2015,catspp|False|False,72.005,1.0251770478173161,-2.072601046222207,0.0,0.0,79.04222
synthetic_random_flipping,kitti2015|catspp|False|True,kitti2015,catspp|False|True,86.8286,1.0251770478173161,-2.0297516312266515,0.0,0.0,78.40066
synthetic_random_flipping,kitti2015|catspp|True|False,kitti2015,catspp|True|False,85.7568,1.0251770478173161,-0.15934342749673608,0.0,0.0,96.087555
synthetic_random_flipping,kitti2015|catspp|True|True,kitti2015,catspp|True|True,85.1192,1.0251770478173161,-0.11539137896912638,0.0,0.0,95.8192
synthetic_random_flipping,kitti2015|glunet|False|False,kitti2015,glunet|False|False,93.9536,1.0251770478173161,-2.1063994288437,0.0,0.0,81.03232
synthetic_random_flipping,kitti2015|glunet|False|True,kitti2015,glunet|False|True,72.591,1.0251770478173161,-1.9605111637333992,0.0,0.0,79.22046
synthetic_random_flipping,kitti2015|glunet|True|False,kitti2015,glunet|True|False,91.6412,1.0251770478173161,-1.9001920035502824,0.0,0.0,86.47188
synthetic_random_flipping,kitti2015|glunet|True|True,kitti2015,glunet|True|True,97.9048,1.0251770478173161,-1.2551692201850577,0.0,0.0,88.98895
synthetic_random_flipping,kitti2015|raft|True|False,kitti2015,raft|True|False,85.0135,1.0251770478173161,-2.6028759186727273,0.0,0.0,73.12704625
synthetic_random_flipping,pfpascal|catspp|False|False,pfpascal,catspp|False|False,16.4969,0.03557684680140559,-0.23703355976577495,0.0,0.0,11.29029
synthetic_random_flipping,pfpascal|catspp|False|True,pfpascal,catspp|False|True,8.1291,0.03557684680140559,-0.27073524052136005,0.0,0.0,12.281020000000002
synthetic_random_flipping,pfpascal|catspp|True|False,pfpascal,catspp|True|False,34.5998,0.03557684680140559,-0.2724556400609588,0.0,0.0,44.50446
synthetic_random_flipping,pfpascal|catspp|True|True,pfpascal,catspp|True|True,45.3169,0.03557684680140559,-0.2976748336889132,0.0,0.0,46.293525
synthetic_random_flipping,pfpascal|glunet|False|False,pfpascal,glunet|False|False,12.3182,0.03557684680140559,-0.2742565184719482,0.0,0.0,11.712869999999999
synthetic_random_flipping,pfpascal|glunet|False|True,pfpascal,glunet|False|True,6.6055,0.03557684680140559,-0.21919003720420713,0.0,0.0,12.128029999999999
synthetic_random_flipping,pfpascal|glunet|True|False,pfpascal,glunet|True|False,12.1653,0.03557684680140559,-0.5127569239828311,0.0,0.0,27.283710000000003
synthetic_random_flipping,pfpascal|glunet|True|True,pfpascal,glunet|True|True,11.6719,0.03557684680140559,-0.4324398910303154,0.0,0.0,33.38772
synthetic_random_flipping,pfpascal|raft|True|False,pfpascal,raft|True|False,5.7248375000000005,0.03557684680140559,-0.1978015788756452,0.0,0.0,12.33052
synthetic_random_flipping,pfwillow|catspp|False|False,pfwillow,catspp|False|False,17.9333,-0.08705569424972714,-0.13536158518693392,0.0,0.0,13.65889
synthetic_random_flipping,pfwillow|catspp|False|True,pfwillow,catspp|False|True,13.4667,-0.08705569424972714,-0.1474723008182717,0.0,0.0,14.516105
synthetic_random_flipping,pfwillow|catspp|True|False,pfwillow,catspp|True|False,50.7444,-0.08705569424972714,-0.15845305765356282,0.0,0.0,46.36834
synthetic_random_flipping,pfwillow|catspp|True|True,pfwillow,catspp|True|True,49.6444,-0.08705569424972714,-0.17841938879284983,0.0,0.0,48.66333
synthetic_random_flipping,pfwillow|glunet|False|False,pfwillow,glunet|False|False,18.3917,-0.08705569424972714,-0.13519765030863762,0.0,0.0,15.18792
synthetic_random_flipping,pfwillow|glunet|False|True,pfwillow,glunet|False|True,5.0111,-0.08705569424972714,-0.09740505237354259,0.0,0.0,14.904599999999999
synthetic_random_flipping,pfwillow|glunet|True|False,pfwillow,glunet|True|False,36.342,-0.08705569424972714,-0.33810708755322644,0.0,0.0,28.43789
synthetic_random_flipping,pfwillow|glunet|True|True,pfwillow,glunet|True|True,48.3864,-0.08705569424972714,-0.29562023392463127,0.0,0.0,32.681169999999995
synthetic_random_flipping,pfwillow|raft|True|False,pfwillow,raft|True|False,16.4025,-0.08705569424972714,-0.12580057188024463,0.0,0.0,14.71179625
synthetic_random_flipping,pointodyssey|catspp|False|False,pointodyssey,catspp|False|False,84.7224,0.8082722206077544,0.4937618822261486,0.0,0.0,40.624375
synthetic_random_flipping,pointodyssey|catspp|False|True,pointodyssey,catspp|False|True,65.9417,0.8082722206077544,0.6873118227606715,0.0,0.0,49.51853
synthetic_random_flipping,pointodyssey|catspp|True|False,pointodyssey,catspp|True|False,48.4592,0.8082722206077544,0.4418171838570055,0.0,0.0,58.43904
synthetic_random_flipping,pointodyssey|catspp|True|True,pointodyssey,catspp|True|True,95.8171,0.8082722206077544,0.28096424133264614,0.0,0.0,54.11945000000001
synthetic_random_flipping,pointodyssey|glunet|False|False,pointodyssey,glunet|False|False,8.5059,0.8082722206077544,0.21516358366987173,0.0,0.0,86.97684000000001
synthetic_random_flipping,pointodyssey|glunet|False|True,pointodyssey,glunet|False|True,80.976,0.8082722206077544,0.6654218667210399,0.0,0.0,74.05364999999999
synthetic_random_flipping,pointodyssey|glunet|True|False,pointodyssey,glunet|True|False,62.6774,0.8082722206077544,0.5796193621180761,0.0,0.0,86.67645999999999
synthetic_random_flipping,pointodyssey|glunet|True|True,pointodyssey,glunet|True|True,90.6576,0.8082722206077544,0.4062992107456023,0.0,0.0,86.1181
synthetic_random_flipping,pointodyssey|raft|True|False,pointodyssey,raft|True|False,36.1356,0.8082722206077544,0.6314303583893394,0.0,0.0,42.05829875
synthetic_random_flipping,spair|catspp|False|False,spair,catspp|False|False,4.0943,-0.3511460716311039,-0.008568656457644819,0.0,0.0,3.4721249999999997
synthetic_random_flipping,spair|catspp|False|True,spair,catspp|False|True,3.9026,-0.3511460716311039,-0.01132416006094971,0.0,0.0,3.5288650000000006
synthetic_random_flipping,spair|catspp|True|False,spair,catspp|True|False,20.7809,-0.3511460716311039,-0.08332665654393287,0.0,0.0,21.281129999999997
synthetic_random_flipping,spair|catspp|True|True,spair,catspp|True|True,21.5433,-0.3511460716311039,-0.07871291742435373,0.0,0.0,22.56524
synthetic_random_flipping,spair|glunet|False|False,spair,glunet|False|False,3.6526,-0.3511460716311039,-0.009720910467153187,0.0,0.0,2.79144
synthetic_random_flipping,spair|glunet|False|True,spair,glunet|False|True,2.6984,-0.3511460716311039,-0.005668220894970131,0.0,0.0,2.5693200000000003
synthetic_random_flipping,spair|glunet|True|False,spair,glunet|True|False,5.1968,-0.3511460716311039,-0.16344785445221421,0.0,0.0,7.755509999999999
synthetic_random_flipping,spair|glunet|True|True,spair,glunet|True|True,15.6163,-0.3511460716311039,-0.10850278616730745,0.0,0.0,8.398689999999998
synthetic_random_flipping,spair|raft|True|False,spair,raft|True|False,1.9948,-0.3511460716311039,-0.007106288411820442,0.0,0.0,2.84419375
synthetic_random_flipping,synthetic|catspp|False|False,synthetic,catspp|False|False,19.63085,-0.3202056005755202,-0.20789432154144794,0.0,0.0,23.080665
synthetic_random_flipping,synthetic|catspp|False|True,synthetic,catspp|False|True,15.8474,-0.3202056005755202,-0.23299815749546662,0.0,0.0,24.567425
synthetic_random_flipping,synthetic|catspp|True|False,synthetic,catspp|True|False,40.1523,-0.3202056005755202,-0.2720652124878546,0.0,0.0,49.21644
synthetic_random_flipping,synthetic|catspp|True|True,synthetic,catspp|True|True,39.2118,-0.3202056005755202,-0.19339178711140734,0.0,0.0,48.2851
synthetic_random_flipping,synthetic|glunet|False|False,synthetic,glunet|False|False,18.5281,-0.3202056005755202,-0.1554839986856206,0.0,0.0,16.22314
synthetic_random_flipping,synthetic|glunet|False|True,synthetic,glunet|False|True,16.7068,-0.3202056005755202,-0.0674429934101487,0.0,0.0,11.865590000000001
synthetic_random_flipping,synthetic|glunet|True|False,synthetic,glunet|True|False,6.6755,-0.3202056005755202,-0.26993844632378655,0.0,0.0,31.093130000000002
synthetic_random_flipping,synthetic|glunet|True|True,synthetic,glunet|True|True,20.8004,-0.3202056005755202,-0.21382703979121634,0.0,0.0,27.343709999999998
synthetic_random_flipping,synthetic|raft|True|False,synthetic,raft|True|False,15.92325,-0.3202056005755202,-0.30069681821996513,0.0,0.0,21.511377500000002
synthetic_random_flipping,tss|catspp|False|False,tss,catspp|False|False,5.2821,-0.05515433104852395,-0.11251675167216495,0.0,0.0,27.066875
synthetic_random_flipping,tss|catspp|False|True,tss,catspp|False|True,26.72155,-0.05515433104852395,-0.16300375900333933,0.0,0.0,25.47493
synthetic_random_flipping,tss|catspp|True|False,tss,catspp|True|False,58.4608,-0.05515433104852395,-0.04751284127589193,0.0,0.0,64.55118
synthetic_random_flipping,tss|catspp|True|True,tss,catspp|True|True,60.5773,-0.05515433104852395,-0.05664974514858729,0.0,0.0,64.87917
synthetic_random_flipping,tss|glunet|False|False,tss,glunet|False|False,32.7962,-0.05515433104852395,-0.1687448435505276,0.0,0.0,25.55725
synthetic_random_flipping,tss|glunet|False|True,tss,glunet|False|True,27.4139,-0.05515433104852395,-0.136933490927635,0.0,0.0,22.559469999999997
synthetic_random_flipping,tss|glunet|True|False,tss,glunet|True|False,50.8272,-0.05515433104852395,-0.2900668017212374,0.0,0.0,47.75251
synthetic_random_flipping,tss|glunet|True|True,tss,glunet|True|True,68.4478,-0.05515433104852395,-0.21529321399445434,0.0,0.0,49.7961
synthetic_random_flipping,tss|raft|True|False,tss,raft|True|False,27.3016,-0.05515433104852392,-0.12379880093351923,0.0,0.0,20.7535275
synthetic_small_zoom,flyingthings|catspp|False|False,flyingthings,catspp|False|False,57.94145,-0.10487827990159684,0.1213409567533572,0.0,0.0,57.46369
synthetic_small_zoom,flyingthings|catspp|False|True,flyingthings,catspp|False|True,60.329,-0.10487827990159684,0.12004148615028135,0.0,0.0,58.36421
synthetic_small_zoom,flyingthings|catspp|True|False,flyingthings,catspp|True|False,79.6231,-0.10487827990159684,0.03635815984472079,0.0,0.0,79.9871
synthetic_small_zoom,flyingthings|catspp|True|True,flyingthings,catspp|True|True,82.1343,-0.10487827990159684,0.026271790819014745,0.0,0.0,79.876775
synthetic_small_zoom,flyingthings|glunet|False|False,flyingthings,glunet|False|False,64.6211,-0.10487827990159684,0.12599697764316206,0.0,0.0,58.31179999999999
synthetic_small_zoom,flyingthings|glunet|False|True,flyingthings,glunet|False|True,3.3265,-0.10487827990159684,0.05113561455097802,0.0,0.0,57.27352
synthetic_small_zoom,flyingthings|glunet|True|False,flyingthings,glunet|True|False,39.164,-0.10487827990159684,0.12156841146312561,0.0,0.0,68.57140000000001
synthetic_small_zoom,flyingthings|glunet|True|True,flyingthings,glunet|True|True,66.7997,-0.10487827990159684,0.0919818780698388,0.0,0.0,67.60204999999999
synthetic_small_zoom,flyingthings|raft|True|False,flyingthings,raft|True|False,65.58855,-0.10487827990159684,0.15157885152781864,0.0,0.0,49.266845
synthetic_small_zoom,kitti2012|catspp|False|False,kitti2012,catspp|False|False,62.5595,-1.9823776362118142,-0.5108173208250185,0.0,0.0,77.6808
synthetic_small_zoom,kitti2012|catspp|False|True,kitti2012,catspp|False|True,86.332,-1.9823776362118142,-0.5061447751329453,0.0,0.0,77.51874000000001
synthetic_small_zoom,kitti2012|catspp|True|False,kitti2012,catspp|True|False,98.098,-1.9823776362118142,-0.09421698299216844,0.0,0.0,95.56376
synthetic_small_zoom,kitti2012|catspp|True|True,kitti2012,catspp|True|True,96.1437,-1.9823776362118142,-0.08956793054883297,0.0,0.0,95.62424
synthetic_small_zoom,kitti2012|glunet|False|False,kitti2012,glunet|False|False,83.278,-1.9823776362118142,-0.5426673786106382,0.0,0.0,86.67063
synthetic_small_zoom,kitti2012|glunet|False|True,kitti2012,glunet|False|True,91.6607,-1.9823776362118142,-0.5270657470113254,0.0,0.0,82.05635
synthetic_small_zoom,kitti2012|glunet|True|False,kitti2012,glunet|True|False,97.8728,-1.9823776362118142,-0.48812717522348364,0.0,0.0,87.93485999999999
synthetic_small_zoom,kitti2012|glunet|True|True,kitti2012,glunet|True|True,97.4634,-1.9823776362118142,-0.31163354842385904,0.0,0.0,91.26132
synthetic_small_zoom,kitti2012|raft|True|False,kitti2012,raft|True|False,98.2011,-1.9823776362118142,-0.6740064097212524,0.0,0.0,74.47640249999999
synthetic_small_zoom,kitti2015|catspp|False|False,kitti2015,catspp|False|False,83.0162,-1.8273480460678124,-0.5078278297946106,0.0,0.0,77.94109999999999
synthetic_small_zoom,kitti2015|catspp|False|True,kitti2015,catspp|False|True,93.0548,-1.8273480460678124,-0.48904733468858835,0.0,0.0,77.77804
synthetic_small_zoom,kitti2015|catspp|True|False,kitti2015,catspp|True|False,97.1466,-1.8273480460678124,-0.07754841718466009,0.0,0.0,94.94857499999999
synthetic_small_zoom,kitti2015|catspp|True|True,kitti2015,catspp|True|True,94.8194,-1.8273480460678124,-0.07646911638291423,0.0,0.0,94.84918
synthetic_small_zoom,kitti2015|glunet|False|False,kitti2015,glunet|False|False,13.6098,-1.8273480460678124,-0.1464130987704295,0.0,0.0,89.0667
synthetic_small_zoom,kitti2015|glunet|False|True,kitti2015,glunet|False|True,88.1684,-1.8273480460678124,-0.4763197020523136,0.0,0.0,77.66272000000001
synthetic_small_zoom,kitti2015|glunet|True|False,kitti2015,glunet|True|False,96.11,-1.8273480460678124,-0.46106274199779074,0.0,0.0,86.025
synthetic_small_zoom,kitti2015|glunet|True|True,kitti2015,glunet|True|True,97.3336,-1.8273480460678124,-0.30769113306526996,0.0,0.0,89.04607
synthetic_small_zoom,kitti2015|raft|True|False,kitti2015,raft|True|False,91.5495,-1.8273480460678124,-0.6286943790062911,0.0,0.0,72.47344625000001
synthetic_small_zoom,pfpascal|catspp|False|False,pfpascal,catspp|False|False,15.9431,0.08496924733730471,0.13646752376997762,0.0,0.0,11.34567
synthetic_small_zoom,pfpascal|catspp|False|True,pfpascal,catspp|False|True,18.9586,0.08496924733730471,0.14080000761390707,0.0,0.0,11.19807
synthetic_small_zoom,pfpascal|catspp|True|False,pfpascal,catspp|True|False,47.5495,0.08496924733730471,0.1757553475250963,0.0,0.0,43.20949
synthetic_small_zoom,pfpascal|catspp|True|True,pfpascal,catspp|True|True,55.8613,0.08496924733730471,0.13671606734065295,0.0,0.0,45.239085
synthetic_small_zoom,pfpascal|glunet|False|False,pfpascal,glunet|False|False,8.1688,0.08496924733730471,0.15126128130461702,0.0,0.0,12.12781
synthetic_small_zoom,pfpascal|glunet|False|True,pfpascal,glunet|False|True,12.2101,0.08496924733730471,0.1346267245522431,0.0,0.0,11.56757
synthetic_small_zoom,pfpascal|glunet|True|False,pfpascal,glunet|True|False,27.963,0.08496924733730471,0.3230537359985172,0.0,0.0,25.70394
synthetic_small_zoom,pfpascal|glunet|True|True,pfpascal,glunet|True|True,32.8035,0.08496924733730471,0.3186708660280146,0.0,0.0,31.27456
synthetic_small_zoom,pfpascal|raft|True|False,pfpascal,raft|True|False,13.37085,0.08496924733730471,0.12711304135846196,0.0,0.0,11.56591875
synthetic_small_zoom,pfwillow|catspp|False|False,pfwillow,catspp|False|False,18.7222,0.13937122551975567,0.13261134613952957,0.0,0.0,13.580000000000002
synthetic_small_zoom,pfwillow|catspp|False|True,pfwillow,catspp|False|True,19.0444,0.13937122551975567,0.13994737207959912,0.0,0.0,13.958335
synthetic_small_zoom,pfwillow|catspp|True|False,pfwillow,catspp|True|False,51.4222,0.13937122551975567,0.1563629025897591,0.0,0.0,46.300560000000004
synthetic_small_zoom,pfwillow|catspp|True|True,pfwillow,catspp|True|True,45.7111,0.13937122551975567,0.17576166785131844,0.0,0.0,49.05666
synthetic_small_zoom,pfwillow|glunet|False|False,pfwillow,glunet|False|False,13.3667,0.13937122551975567,0.1365866203610876,0.0,0.0,15.69042
synthetic_small_zoom,pfwillow|glunet|False|True,pfwillow,glunet|False|True,16.6778,0.13937122551975567,0.13075317342125256,0.0,0.0,13.73793
synthetic_small_zoom,pfwillow|glunet|True|False,pfwillow,glunet|True|False,21.9778,0.13937122551975567,0.3377674598930029,0.0,0.0,29.87431
synthetic_small_zoom,pfwillow|glunet|True|True,pfwillow,glunet|True|True,36.9201,0.13937122551975567,0.3278350071725207,0.0,0.0,33.8278
synthetic_small_zoom,pfwillow|raft|True|False,pfwillow,raft|True|False,18.7,0.13937122551975567,0.12048264281674771,0.0,0.0,14.482046250000002
synthetic_small_zoom,pointodyssey|catspp|False|False,pointodyssey,catspp|False|False,46.4111,-0.6588702397592772,-0.025791715374583895,0.0,0.0,44.455505
synthetic_small_zoom,pointodyssey|catspp|False|True,pointodyssey,catspp|False|True,43.2626,-0.6588702397592772,-0.02909525395008748,0.0,0.0,51.78643999999999
synthetic_small_zoom,pointodyssey|catspp|True|False,pointodyssey,catspp|True|False,36.487,-0.6588702397592772,-0.01689755081828996,0.0,0.0,59.63626000000001
synthetic_small_zoom,pointodyssey|catspp|True|True,pointodyssey,catspp|True|True,51.1702,-0.6588702397592772,-0.018611984355247982,0.0,0.0,58.584140000000005
synthetic_small_zoom,pointodyssey|glunet|False|False,pointodyssey,glunet|False|False,92.0672,-0.6588702397592772,-0.028680751002163947,0.0,0.0,78.62071
synthetic_small_zoom,pointodyssey|glunet|False|True,pointodyssey,glunet|False|True,81.446,-0.6588702397592772,-0.02774197141983404,0.0,0.0,74.00665000000001
synthetic_small_zoom,pointodyssey|glunet|True|False,pointodyssey,glunet|True|False,92.0552,-0.6588702397592772,-0.025447085475573415,0.0,0.0,83.73868
synthetic_small_zoom,pointodyssey|glunet|True|True,pointodyssey,glunet|True|True,90.8588,-0.6588702397592772,-0.016941541075096336,0.0,0.0,86.09797999999999
synthetic_small_zoom,pointodyssey|raft|True|False,pointodyssey,raft|True|False,74.9348,-0.6588702397592772,-0.023031562346708712,0.0,0.0,38.17837875
synthetic_small_zoom,spair|catspp|False|False,spair,catspp|False|False,3.93925,0.1514169369960605,0.013944042201404196,0.0,0.0,3.4876300000000002
synthetic_small_zoom,spair|catspp|False|True,spair,catspp|False|True,3.183,0.1514169369960605,0.017214920031377975,0.0,0.0,3.6008250000000004
synthetic_small_zoom,spair|catspp|True|False,spair,catspp|True|False,19.9484,0.1514169369960605,0.1267375576626086,0.0,0.0,21.36438
synthetic_small_zoom,spair|catspp|True|True,spair,catspp|True|True,18.34,0.1514169369960605,0.11014773253514955,0.0,0.0,22.88557
synthetic_small_zoom,spair|glunet|False|False,spair,glunet|False|False,3.0531,0.1514169369960605,0.017519979548421046,0.0,0.0,2.85139
synthetic_small_zoom,spair|glunet|False|True,spair,glunet|False|True,2.7028,0.1514169369960605,0.008669476141582,0.0,0.0,2.56888
synthetic_small_zoom,spair|glunet|True|False,spair,glunet|True|False,2.8992,0.1514169369960605,0.2454988656510656,0.0,0.0,7.98527
synthetic_small_zoom,spair|glunet|True|True,spair,glunet|True|True,14.6684,0.1514169369960605,0.1711713301879598,0.0,0.0,8.49348
synthetic_small_zoom,spair|raft|True|False,spair,raft|True|False,2.4022375,0.1514169369960605,0.013663785884157564,0.0,0.0,2.80345
synthetic_small_zoom,synthetic|catspp|False|False,synthetic,catspp|False|False,4.0712,0.24620160067850794,0.4472031741275937,0.0,0.0,24.63663
synthetic_small_zoom,synthetic|catspp|False|True,synthetic,catspp|False|True,21.8158,0.24620160067850794,0.5932614814945598,0.0,0.0,23.970585
synthetic_small_zoom,synthetic|catspp|True|False,synthetic,catspp|True|False,38.1694,0.24620160067850794,0.6749796256956584,0.0,0.0,49.41473
synthetic_small_zoom,synthetic|catspp|True|True,synthetic,catspp|True|True,48.52,0.24620160067850794,0.497916938738446,0.0,0.0,47.35428
synthetic_small_zoom,synthetic|glunet|False|False,synthetic,glunet|False|False,10.5186,0.24620160067850794,0.3807059332228167,0.0,0.0,17.02409
synthetic_small_zoom,synthetic|glunet|False|True,synthetic,glunet|False|True,6.8448,0.24620160067850794,0.16215857507079348,0.0,0.0,12.85179
synthetic_small_zoom,synthetic|glunet|True|False,synthetic,glunet|True|False,35.4304,0.24620160067850794,0.7411311262151263,0.0,0.0,28.21764
synthetic_small_zoom,synthetic|glunet|True|True,synthetic,glunet|True|True,21.0263,0.24620160067850794,0.5354079840375996,0.0,0.0,27.32112
synthetic_small_zoom,synthetic|raft|True|False,synthetic,raft|True|False,4.674075,0.24620160067850794,0.7182290314540903,0.0,0.0,22.636295
synthetic_small_zoom,tss|catspp|False|False,tss,catspp|False|False,20.8428,0.04673924412465259,0.2390453798451997,0.0,0.0,25.510804999999998
synthetic_small_zoom,tss|catspp|False|True,tss,catspp|False|True,20.0086,0.04673924412465259,0.25317055087702484,0.0,0.0,26.146224999999998
synthetic_small_zoom,tss|catspp|True|False,tss,catspp|True|False,64.8435,0.04673924412465259,0.08757801537197676,0.0,0.0,63.91291
synthetic_small_zoom,tss|catspp|True|True,tss,catspp|True|True,68.6688,0.04673924412465259,0.08853735274808132,0.0,0.0,64.07002
synthetic_small_zoom,tss|glunet|False|False,tss,glunet|False|False,39.6402,0.04673924412465259,0.2479982222878297,0.0,0.0,24.87285
synthetic_small_zoom,tss|glunet|False|True,tss,glunet|False|True,32.7723,0.04673924412465259,0.20364060896284095,0.0,0.0,22.02363
synthetic_small_zoom,tss|glunet|True|False,tss,glunet|True|False,65.5404,0.04673924412465259,0.4347201061325819,0.0,0.0,46.281189999999995
synthetic_small_zoom,tss|glunet|True|True,tss,glunet|True|True,62.9502,0.04673924412465259,0.355074522611917,0.0,0.0,50.34586
synthetic_small_zoom,tss|raft|True|False,tss,raft|True|False,31.9553,0.04673924412465259,0.18130775983698613,0.0,0.0,20.2881575
