train_dataset,context_id,benchmark,variant,actual,g,g_zridge,g_rank,g_gbm,L
flyingthings,flyingthings|catspp|False|False,flyingthings,catspp|False|False,76.3251,0.3583374611451257,0.2629159233757621,0.0,0.0,38.69692231190461
flyingthings,flyingthings|catspp|False|True,flyingthings,catspp|False|True,76.5009,0.3583374611451257,0.2629159233757621,0.0,0.0,52.39873857124854
flyingthings,flyingthings|glunet|False|False,flyingthings,glunet|False|False,79.5401,0.3583374611451257,0.2629159233757621,0.0,0.0,65.6658994676007
flyingthings,flyingthings|glunet|False|True,flyingthings,glunet|False|True,72.9905,0.3583374611451257,0.2629159233757621,0.0,0.0,65.58451497083492
flyingthings,flyingthings|raft|True|False,flyingthings,raft|True|False,79.60585,0.3583374611451257,0.2629159233757621,0.0,0.0,31.059959539812034
imagenet2dwarp,flyingthings|catspp|False|False,flyingthings,catspp|False|False,57.94145,0.1488986861424694,0.1092485151607703,0.0,0.0,38.61105005622152
imagenet2dwarp,flyingthings|catspp|False|True,flyingthings,catspp|False|True,60.329,0.1488986861424694,0.1092485151607703,0.0,0.0,37.110599827475895
imagenet2dwarp,flyingthings|glunet|False|False,flyingthings,glunet|False|False,54.827,0.1488986861424694,0.1092485151607703,0.0,0.0,56.249802238389634
imagenet2dwarp,flyingthings|glunet|False|True,flyingthings,glunet|False|True,48.8918,0.1488986861424694,0.1092485151607703,0.0,0.0,53.50788991508969
imagenet2dwarp,flyingthings|raft|True|False,flyingthings,raft|True|False,4.28145,0.1488986861424694,0.1092485151607703,0.0,0.0,5.025546213198981
movi_f,flyingthings|catspp|False|False,flyingthings,catspp|False|False,61.2423,-0.1091459884295927,-0.0800815472628038,0.0,0.0,59.37921701112633
movi_f,flyingthings|catspp|False|True,flyingthings,catspp|False|True,61.1514,-0.1091459884295927,-0.0800815472628038,0.0,0.0,58.5638919316027
movi_f,flyingthings|glunet|False|False,flyingthings,glunet|False|False,41.9398,-0.1091459884295927,-0.0800815472628038,0.0,0.0,47.14843443474151
movi_f,flyingthings|glunet|False|True,flyingthings,glunet|False|True,43.0123,-0.1091459884295927,-0.0800815472628038,0.0,0.0,48.105105224036855
movi_f,flyingthings|raft|True|False,flyingthings,raft|True|False,38.9566,-0.1091459884295927,-0.0800815472628038,0.0,0.0,45.73656275705612
pointodyssey,flyingthings|catspp|False|False,flyingthings,catspp|False|False,64.4318,0.2008888581758023,0.147394245286018,0.0,0.0,50.72483146440542
pointodyssey,flyingthings|catspp|False|True,flyingthings,catspp|False|True,63.8607,0.2008888581758023,0.147394245286018,0.0,0.0,57.67492690536128
pointodyssey,flyingthings|glunet|False|False,flyingthings,glunet|False|False,71.1769,0.2008888581758023,0.147394245286018,0.0,0.0,68.47881705689
pointodyssey,flyingthings|glunet|False|True,flyingthings,glunet|False|True,67.784,0.2008888581758023,0.147394245286018,0.0,0.0,64.98923806187781
pointodyssey,flyingthings|raft|True|False,flyingthings,raft|True|False,57.27595,0.2008888581758023,0.147394245286018,0.0,0.0,44.64329970021021
sintel,flyingthings|catspp|False|False,flyingthings,catspp|False|False,70.7445,0.1851329049263273,0.1358339384623523,0.0,0.0,39.56160370713234
sintel,flyingthings|catspp|False|True,flyingthings,catspp|False|True,69.0867,0.1851329049263273,0.1358339384623523,0.0,0.0,37.51513593963925
sintel,flyingthings|glunet|False|False,flyingthings,glunet|False|False,64.4604,0.1851329049263273,0.1358339384623523,0.0,0.0,60.11992446013065
sintel,flyingthings|glunet|False|True,flyingthings,glunet|False|True,61.0606,0.1851329049263273,0.1358339384623523,0.0,0.0,59.078181121056026
sintel,flyingthings|raft|True|False,flyingthings,raft|True|False,63.2297,0.1851329049263273,0.1358339384623523,0.0,0.0,53.845783269912886
spair,flyingthings|catspp|False|False,flyingthings,catspp|False|False,3.3861,-0.5910530973284052,-0.4336618068108323,0.0,0.0,4.018401911580566
spair,flyingthings|catspp|False|True,flyingthings,catspp|False|True,3.963,-0.5910530973284052,-0.4336618068108323,0.0,0.0,4.705992343918555
spair,flyingthings|glunet|False|False,flyingthings,glunet|False|False,4.0965,-0.5910530973284052,-0.4336618068108323,0.0,0.0,7.298886701181551
spair,flyingthings|glunet|False|True,flyingthings,glunet|False|True,3.3265,-0.5910530973284052,-0.4336618068108323,0.0,0.0,5.333078353237567
spair,flyingthings|raft|True|False,flyingthings,raft|True|False,3.4438,-0.5910530973284052,-0.4336618068108323,0.0,0.0,8.260100227165836
synthetic,flyingthings|catspp|False|False,flyingthings,catspp|False|False,58.1203,0.1799542100625241,0.1320342761617739,0.0,0.0,33.85016349300163
synthetic,flyingthings|catspp|False|True,flyingthings,catspp|False|True,57.0993,0.1799542100625241,0.1320342761617739,0.0,0.0,36.05339552224182
synthetic,flyingthings|glunet|False|False,flyingthings,glunet|False|False,69.5375,0.1799542100625241,0.1320342761617739,0.0,0.0,66.82703939199494
synthetic,flyingthings|glunet|False|True,flyingthings,glunet|False|True,56.1849,0.1799542100625241,0.1320342761617739,0.0,0.0,57.34401468148533
synthetic,flyingthings|raft|True|False,flyingthings,raft|True|False,65.58855,0.1799542100625241,0.1320342761617739,0.0,0.0,31.05188446257316
synthetic_2d_warp,flyingthings|catspp|False|False,flyingthings,catspp|False|False,62.5568,0.1826779825478581,0.1340327363723212,0.0,0.0,39.0943148916591
synthetic_2d_warp,flyingthings|catspp|False|True,flyingthings,catspp|False|True,58.9743,0.1826779825478581,0.1340327363723212,0.0,0.0,47.551163059149104
synthetic_2d_warp,flyingthings|glunet|False|False,flyingthings,glunet|False|False,71.3364,0.1826779825478581,0.1340327363723212,0.0,0.0,64.33300963936219
synthetic_2d_warp,flyingthings|glunet|False|True,flyingthings,glunet|False|True,56.8539,0.1826779825478581,0.1340327363723212,0.0,0.0,58.04110470480039
synthetic_2d_warp,flyingthings|raft|True|False,flyingthings,raft|True|False,68.432,0.1826779825478581,0.1340327363723212,0.0,0.0,32.316709364369444
synthetic_large_zoom,flyingthings|catspp|False|False,flyingthings,catspp|False|False,67.1619,0.1833102896981435,0.1344966667069926,0.0,0.0,32.790481626255634
synthetic_large_zoom,flyingthings|catspp|False|True,flyingthings,catspp|False|True,72.1858,0.1833102896981435,0.1344966667069926,0.0,0.0,50.88972688156883
synthetic_large_zoom,flyingthings|glunet|False|False,flyingthings,glunet|False|False,62.2616,0.1833102896981435,0.1344966667069926,0.0,0.0,62.20391780811312
synthetic_large_zoom,flyingthings|glunet|False|True,flyingthings,glunet|False|True,57.5697,0.1833102896981435,0.1344966667069926,0.0,0.0,58.25934557319925
synthetic_large_zoom,flyingthings|raft|True|False,flyingthings,raft|True|False,59.3757,0.1833102896981435,0.1344966667069926,0.0,0.0,33.32763368260902
synthetic_random_flipping,flyingthings|catspp|False|False,flyingthings,catspp|False|False,43.8954,-0.876250138378424,-0.6429138430117944,0.0,0.0,16.25194662016925
synthetic_random_flipping,flyingthings|catspp|False|True,flyingthings,catspp|False|True,50.8063,-0.876250138378424,-0.6429138430117944,0.0,0.0,17.527544116871606
synthetic_random_flipping,flyingthings|glunet|False|False,flyingthings,glunet|False|False,63.9418,-0.876250138378424,-0.6429138430117944,0.0,0.0,62.88749484829393
synthetic_random_flipping,flyingthings|glunet|False|True,flyingthings,glunet|False|True,50.412,-0.876250138378424,-0.6429138430117944,0.0,0.0,53.67979985287308
synthetic_random_flipping,flyingthings|raft|True|False,flyingthings,raft|True|False,54.9845,-0.876250138378424,-0.6429138430117944,0.0,0.0,28.41058884081112
synthetic_small_zoom,flyingthings|catspp|False|False,flyingthings,catspp|False|False,66.7727,0.1372488314381609,0.1007008955594351,0.0,0.0,40.30836830248909
synthetic_small_zoom,flyingthings|catspp|False|True,flyingthings,catspp|False|True,70.0137,0.1372488314381609,0.1007008955594351,0.0,0.0,37.390790299118855
synthetic_small_zoom,flyingthings|glunet|False|False,flyingthings,glunet|False|False,64.6211,0.1372488314381609,0.1007008955594351,0.0,0.0,64.66153427492162
synthetic_small_zoom,flyingthings|glunet|False|True,flyingthings,glunet|False|True,57.9755,0.1372488314381609,0.1007008955594351,0.0,0.0,58.667949695513485
synthetic_small_zoom,flyingthings|raft|True|False,flyingthings,raft|True|False,63.0829,0.1372488314381609,0.1007008955594351,0.0,0.0,52.10962162045915
flyingthings,kitti2012|catspp|False|False,kitti2012,catspp|False|False,94.359,5.231479491802782,4.589642485371607,0.0,0.0,84.36171821808865
flyingthings,kitti2012|catspp|False|True,kitti2012,catspp|False|True,94.1642,5.231479491802782,4.589642485371607,0.0,0.0,86.11975049265236
flyingthings,kitti2012|glunet|False|False,kitti2012,glunet|False|False,97.2233,5.231479491802782,4.589642485371607,0.0,0.0,89.84916317757441
flyingthings,kitti2012|glunet|False|True,kitti2012,glunet|False|True,94.0515,5.231479491802782,4.589642485371607,0.0,0.0,85.55536796102848
flyingthings,kitti2012|raft|True|False,kitti2012,raft|True|False,96.60025,5.231479491802782,4.589642485371607,0.0,0.0,83.58339272269193
imagenet2dwarp,kitti2012|catspp|False|False,kitti2012,catspp|False|False,69.0475,1.294885942465796,1.1360196564974925,0.0,0.0,73.21043847616805
imagenet2dwarp,kitti2012|catspp|False|True,kitti2012,catspp|False|True,72.7553,1.294885942465796,1.1360196564974925,0.0,0.0,74.9649023346756
imagenet2dwarp,kitti2012|glunet|False|False,kitti2012,glunet|False|False,83.4869,1.294885942465796,1.1360196564974925,0.0,0.0,80.84571115427359
imagenet2dwarp,kitti2012|glunet|False|True,kitti2012,glunet|False|True,82.5947,1.294885942465796,1.1360196564974925,0.0,0.0,76.43054499101608
imagenet2dwarp,kitti2012|raft|True|False,kitti2012,raft|True|False,13.823675,1.294885942465796,1.1360196564974925,0.0,0.0,16.030580013706942
movi_f,kitti2012|catspp|False|False,kitti2012,catspp|False|False,86.277,6.415885440745495,5.628736659727453,0.0,0.0,80.75622765854037
movi_f,kitti2012|catspp|False|True,kitti2012,catspp|False|True,86.332,6.415885440745495,5.628736659727453,0.0,0.0,80.00699554676564
movi_f,kitti2012|glunet|False|False,kitti2012,glunet|False|False,83.278,6.415885440745495,5.628736659727453,0.0,0.0,67.56713286946744
movi_f,kitti2012|glunet|False|True,kitti2012,glunet|False|True,83.3858,6.415885440745495,5.628736659727453,0.0,0.0,68.63198615277298
movi_f,kitti2012|raft|True|False,kitti2012,raft|True|False,81.5116,6.415885440745495,5.628736659727453,0.0,0.0,66.43272883334166
pointodyssey,kitti2012|catspp|False|False,kitti2012,catspp|False|False,87.0735,6.415885440745495,5.628736659727453,0.0,0.0,80.6146366499042
pointodyssey,kitti2012|catspp|False|True,kitti2012,catspp|False|True,86.4889,6.415885440745495,5.628736659727453,0.0,0.0,81.02168538674957
pointodyssey,kitti2012|glunet|False|False,kitti2012,glunet|False|False,95.5502,6.415885440745495,5.628736659727453,0.0,0.0,83.48504717072396
pointodyssey,kitti2012|glunet|False|True,kitti2012,glunet|False|True,91.6607,6.415885440745495,5.628736659727453,0.0,0.0,81.00643384043336
pointodyssey,kitti2012|raft|True|False,kitti2012,raft|True|False,89.47625,6.415885440745495,5.628736659727453,0.0,0.0,77.77661312060111
sintel,kitti2012|catspp|False|False,kitti2012,catspp|False|False,91.745,6.3558190844179006,5.576039692956473,0.0,0.0,82.67533454754097
sintel,kitti2012|catspp|False|True,kitti2012,catspp|False|True,92.0926,6.3558190844179006,5.576039692956473,0.0,0.0,82.21354716905729
sintel,kitti2012|glunet|False|False,kitti2012,glunet|False|False,96.5983,6.3558190844179006,5.576039692956473,0.0,0.0,85.49389514934548
sintel,kitti2012|glunet|False|True,kitti2012,glunet|False|True,94.6197,6.3558190844179006,5.576039692956473,0.0,0.0,80.8639880485937
sintel,kitti2012|raft|True|False,kitti2012,raft|True|False,94.0246,6.3558190844179006,5.576039692956473,0.0,0.0,80.3365380092915
spair,kitti2012|catspp|False|False,kitti2012,catspp|False|False,10.184,-17.491508037399075,-15.34551909215286,0.0,0.0,9.812723839581691
spair,kitti2012|catspp|False|True,kitti2012,catspp|False|True,11.8574,-17.491508037399075,-15.34551909215286,0.0,0.0,11.112173743227077
spair,kitti2012|glunet|False|False,kitti2012,glunet|False|False,12.4578,-17.491508037399075,-15.34551909215286,0.0,0.0,12.556205417480546
spair,kitti2012|glunet|False|True,kitti2012,glunet|False|True,11.0648,-17.491508037399075,-15.34551909215286,0.0,0.0,13.129272451621372
spair,kitti2012|raft|True|False,kitti2012,raft|True|False,12.1716,-17.491508037399075,-15.34551909215286,0.0,0.0,14.367148915370024
synthetic,kitti2012|catspp|False|False,kitti2012,catspp|False|False,83.2552,-0.1133439989902674,-0.0994381100112813,0.0,0.0,79.08689697211852
synthetic,kitti2012|catspp|False|True,kitti2012,catspp|False|True,82.5049,-0.1133439989902674,-0.0994381100112813,0.0,0.0,79.54857685972377
synthetic,kitti2012|glunet|False|False,kitti2012,glunet|False|False,96.3978,-0.1133439989902674,-0.0994381100112813,0.0,0.0,89.3373719945638
synthetic,kitti2012|glunet|False|True,kitti2012,glunet|False|True,84.216,-0.1133439989902674,-0.0994381100112813,0.0,0.0,82.27711118015048
synthetic,kitti2012|raft|True|False,kitti2012,raft|True|False,87.91614999999999,-0.1133439989902674,-0.0994381100112813,0.0,0.0,81.81531849833154
synthetic_2d_warp,kitti2012|catspp|False|False,kitti2012,catspp|False|False,76.4616,-0.0974821298031243,-0.0855222934945981,0.0,0.0,76.85394433741463
synthetic_2d_warp,kitti2012|catspp|False|True,kitti2012,catspp|False|True,77.1277,-0.0974821298031243,-0.0855222934945981,0.0,0.0,75.2351428436276
synthetic_2d_warp,kitti2012|glunet|False|False,kitti2012,glunet|False|False,93.4764,-0.0974821298031243,-0.0855222934945981,0.0,0.0,85.93675144781467
synthetic_2d_warp,kitti2012|glunet|False|True,kitti2012,glunet|False|True,91.3276,-0.0974821298031243,-0.0855222934945981,0.0,0.0,82.44874095114544
synthetic_2d_warp,kitti2012|raft|True|False,kitti2012,raft|True|False,84.6833,-0.0974821298031243,-0.0855222934945981,0.0,0.0,82.28894115579115
synthetic_large_zoom,kitti2012|catspp|False|False,kitti2012,catspp|False|False,88.0451,5.684129806126703,4.986758275826894,0.0,0.0,82.72208415681422
synthetic_large_zoom,kitti2012|catspp|False|True,kitti2012,catspp|False|True,94.8248,5.684129806126703,4.986758275826894,0.0,0.0,87.00580718410406
synthetic_large_zoom,kitti2012|glunet|False|False,kitti2012,glunet|False|False,97.9959,5.684129806126703,4.986758275826894,0.0,0.0,88.975100249288
synthetic_large_zoom,kitti2012|glunet|False|True,kitti2012,glunet|False|True,97.0676,5.684129806126703,4.986758275826894,0.0,0.0,83.45178475206686
synthetic_large_zoom,kitti2012|raft|True|False,kitti2012,raft|True|False,98.2011,5.684129806126703,4.986758275826894,0.0,0.0,85.37928164786865
synthetic_random_flipping,kitti2012|catspp|False|False,kitti2012,catspp|False|False,62.5595,-18.47616880565484,-16.20937431757169,0.0,0.0,64.16706920126288
synthetic_random_flipping,kitti2012|catspp|False|True,kitti2012,catspp|False|True,71.5744,-18.47616880565484,-16.20937431757169,0.0,0.0,70.0166901340808
synthetic_random_flipping,kitti2012|glunet|False|False,kitti2012,glunet|False|False,95.0148,-18.47616880565484,-16.20937431757169,0.0,0.0,86.22847720658562
synthetic_random_flipping,kitti2012|glunet|False|True,kitti2012,glunet|False|True,83.8602,-18.47616880565484,-16.20937431757169,0.0,0.0,79.12955986526389
synthetic_random_flipping,kitti2012|raft|True|False,kitti2012,raft|True|False,86.3393,-18.47616880565484,-16.20937431757169,0.0,0.0,76.97488657046016
synthetic_small_zoom,kitti2012|catspp|False|False,kitti2012,catspp|False|False,90.3601,6.415885440745495,5.628736659727453,0.0,0.0,81.93308884666705
synthetic_small_zoom,kitti2012|catspp|False|True,kitti2012,catspp|False|True,91.7972,6.415885440745495,5.628736659727453,0.0,0.0,81.79034558608525
synthetic_small_zoom,kitti2012|glunet|False|False,kitti2012,glunet|False|False,98.5049,6.415885440745495,5.628736659727453,0.0,0.0,90.69257327867903
synthetic_small_zoom,kitti2012|glunet|False|True,kitti2012,glunet|False|True,98.3756,6.415885440745495,5.628736659727453,0.0,0.0,87.39044516360846
synthetic_small_zoom,kitti2012|raft|True|False,kitti2012,raft|True|False,98.2173,6.415885440745495,5.628736659727453,0.0,0.0,86.80597995439543
flyingthings,kitti2015|catspp|False|False,kitti2015,catspp|False|False,91.4836,4.538160635960337,3.6276763319854193,0.0,0.0,87.58487831259438
flyingthings,kitti2015|catspp|False|True,kitti2015,catspp|False|True,91.5434,4.538160635960337,3.6276763319854193,0.0,0.0,88.68134860056988
flyingthings,kitti2015|glunet|False|False,kitti2015,glunet|False|False,93.9097,4.538160635960337,3.6276763319854193,0.0,0.0,92.54981168282868
flyingthings,kitti2015|glunet|False|True,kitti2015,glunet|False|True,89.0545,4.538160635960337,3.6276763319854193,0.0,0.0,89.70632068682411
flyingthings,kitti2015|raft|True|False,kitti2015,raft|True|False,91.5495,4.538160635960337,3.6276763319854193,0.0,0.0,88.85584505705621
imagenet2dwarp,kitti2015|catspp|False|False,kitti2015,catspp|False|False,78.94014999999999,1.5851098909162988,1.2670916911375951,0.0,0.0,65.0102125367515
imagenet2dwarp,kitti2015|catspp|False|True,kitti2015,catspp|False|True,81.1634,1.5851098909162988,1.2670916911375951,0.0,0.0,68.14113704875915
imagenet2dwarp,kitti2015|glunet|False|False,kitti2015,glunet|False|False,85.4709,1.5851098909162988,1.2670916911375951,0.0,0.0,79.05630316036019
imagenet2dwarp,kitti2015|glunet|False|True,kitti2015,glunet|False|True,80.8596,1.5851098909162988,1.2670916911375951,0.0,0.0,77.89733735489692
imagenet2dwarp,kitti2015|raft|True|False,kitti2015,raft|True|False,18.0252125,1.5851098909162988,1.2670916911375951,0.0,0.0,12.667299079346703
movi_f,kitti2015|catspp|False|False,kitti2015,catspp|False|False,84.7086,5.784173076806344,4.62370318154182,0.0,0.0,82.00505372801099
movi_f,kitti2015|catspp|False|True,kitti2015,catspp|False|True,83.9623,5.784173076806344,4.62370318154182,0.0,0.0,81.92207486064059
movi_f,kitti2015|glunet|False|False,kitti2015,glunet|False|False,71.5137,5.784173076806344,4.62370318154182,0.0,0.0,77.84506091571825
movi_f,kitti2015|glunet|False|True,kitti2015,glunet|False|True,72.591,5.784173076806344,4.62370318154182,0.0,0.0,78.05871073677058
movi_f,kitti2015|raft|True|False,kitti2015,raft|True|False,70.4775,5.784173076806344,4.62370318154182,0.0,0.0,76.11465989298232
pointodyssey,kitti2015|catspp|False|False,kitti2015,catspp|False|False,85.69685,6.684028899816485,5.343022291902565,0.0,0.0,82.01622107865737
pointodyssey,kitti2015|catspp|False|True,kitti2015,catspp|False|True,85.19040000000001,6.684028899816485,5.343022291902565,0.0,0.0,82.11323879061564
pointodyssey,kitti2015|glunet|False|False,kitti2015,glunet|False|False,86.2536,6.684028899816485,5.343022291902565,0.0,0.0,91.302318735582
pointodyssey,kitti2015|glunet|False|True,kitti2015,glunet|False|True,83.9377,6.684028899816485,5.343022291902565,0.0,0.0,87.46817175571914
pointodyssey,kitti2015|raft|True|False,kitti2015,raft|True|False,83.4171,6.684028899816485,5.343022291902565,0.0,0.0,83.43807255961258
sintel,kitti2015|catspp|False|False,kitti2015,catspp|False|False,89.5554,5.652232802227675,4.518233884679125,0.0,0.0,85.25669823570729
sintel,kitti2015|catspp|False|True,kitti2015,catspp|False|True,89.3623,5.652232802227675,4.518233884679125,0.0,0.0,85.34622943264212
sintel,kitti2015|glunet|False|False,kitti2015,glunet|False|False,90.0772,5.652232802227675,4.518233884679125,0.0,0.0,91.12441594125214
sintel,kitti2015|glunet|False|True,kitti2015,glunet|False|True,84.862,5.652232802227675,4.518233884679125,0.0,0.0,89.24783633353877
sintel,kitti2015|raft|True|False,kitti2015,raft|True|False,84.9165,5.652232802227675,4.518233884679125,0.0,0.0,88.33518366220994
spair,kitti2015|catspp|False|False,kitti2015,catspp|False|False,10.8859,-16.026795466915637,-12.811363734505145,0.0,0.0,9.356659494082852
spair,kitti2015|catspp|False|True,kitti2015,catspp|False|True,12.2973,-16.026795466915637,-12.811363734505145,0.0,0.0,10.893970087414722
spair,kitti2015|glunet|False|False,kitti2015,glunet|False|False,13.6098,-16.026795466915637,-12.811363734505145,0.0,0.0,11.66527274243652
spair,kitti2015|glunet|False|True,kitti2015,glunet|False|True,14.6026,-16.026795466915637,-12.811363734505145,0.0,0.0,10.242423940521752
spair,kitti2015|raft|True|False,kitti2015,raft|True|False,15.6081,-16.026795466915637,-12.811363734505145,0.0,0.0,11.509327687607112
synthetic,kitti2015|catspp|False|False,kitti2015,catspp|False|False,86.5834,-0.1892005897313876,-0.1512415615982255,0.0,0.0,77.02196965259105
synthetic,kitti2015|catspp|False|True,kitti2015,catspp|False|True,86.8286,-0.1892005897313876,-0.1512415615982255,0.0,0.0,76.5387841342608
synthetic,kitti2015|glunet|False|False,kitti2015,glunet|False|False,93.5085,-0.1892005897313876,-0.1512415615982255,0.0,0.0,91.76875140885625
synthetic,kitti2015|glunet|False|True,kitti2015,glunet|False|True,86.9497,-0.1892005897313876,-0.1512415615982255,0.0,0.0,79.9412292904863
synthetic,kitti2015|raft|True|False,kitti2015,raft|True|False,89.93475000000001,-0.1892005897313876,-0.1512415615982255,0.0,0.0,81.00224636772755
synthetic_2d_warp,kitti2015|catspp|False|False,kitti2015,catspp|False|False,83.0162,-0.1601007704000382,-0.1279799950029635,0.0,0.0,71.61771507840858
synthetic_2d_warp,kitti2015|catspp|False|True,kitti2015,catspp|False|True,79.9745,-0.1601007704000382,-0.1279799950029635,0.0,0.0,72.90588688642259
synthetic_2d_warp,kitti2015|glunet|False|False,kitti2015,glunet|False|False,89.7925,-0.1601007704000382,-0.1279799950029635,0.0,0.0,88.94715622560163
synthetic_2d_warp,kitti2015|glunet|False|True,kitti2015,glunet|False|True,87.0141,-0.1601007704000382,-0.1279799950029635,0.0,0.0,86.22285253067993
synthetic_2d_warp,kitti2015|raft|True|False,kitti2015,raft|True|False,90.2207,-0.1601007704000382,-0.1279799950029635,0.0,0.0,78.30717928875227
synthetic_large_zoom,kitti2015|catspp|False|False,kitti2015,catspp|False|False,90.7618,5.388791667643835,4.307646546446011,0.0,0.0,81.32470223773035
synthetic_large_zoom,kitti2015|catspp|False|True,kitti2015,catspp|False|True,93.0548,5.388791667643835,4.307646546446011,0.0,0.0,89.01579710078678
synthetic_large_zoom,kitti2015|glunet|False|False,kitti2015,glunet|False|False,93.9536,5.388791667643835,4.307646546446011,0.0,0.0,92.56676165235667
synthetic_large_zoom,kitti2015|glunet|False|True,kitti2015,glunet|False|True,88.1684,5.388791667643835,4.307646546446011,0.0,0.0,91.2522797906949
synthetic_large_zoom,kitti2015|raft|True|False,kitti2015,raft|True|False,94.1569,5.388791667643835,4.307646546446011,0.0,0.0,89.93226001586281
synthetic_random_flipping,kitti2015|catspp|False|False,kitti2015,catspp|False|False,72.005,-19.24835588095152,-15.386587355602469,0.0,0.0,56.91317841134219
synthetic_random_flipping,kitti2015|catspp|False|True,kitti2015,catspp|False|True,78.5201,-19.24835588095152,-15.386587355602469,0.0,0.0,65.04416701385807
synthetic_random_flipping,kitti2015|glunet|False|False,kitti2015,glunet|False|False,90.6756,-19.24835588095152,-15.386587355602469,0.0,0.0,89.93827868900804
synthetic_random_flipping,kitti2015|glunet|False|True,kitti2015,glunet|False|True,84.0249,-19.24835588095152,-15.386587355602469,0.0,0.0,79.00197817830242
synthetic_random_flipping,kitti2015|raft|True|False,kitti2015,raft|True|False,85.0135,-19.24835588095152,-15.386587355602469,0.0,0.0,79.02133859924506
synthetic_small_zoom,kitti2015|catspp|False|False,kitti2015,catspp|False|False,88.7903,5.991955734627602,4.789798719016265,0.0,0.0,84.01240804934177
synthetic_small_zoom,kitti2015|catspp|False|True,kitti2015,catspp|False|True,88.9381,5.991955734627602,4.789798719016265,0.0,0.0,85.11863631807289
synthetic_small_zoom,kitti2015|glunet|False|False,kitti2015,glunet|False|False,95.5117,5.991955734627602,4.789798719016265,0.0,0.0,93.3682436349979
synthetic_small_zoom,kitti2015|glunet|False|True,kitti2015,glunet|False|True,92.7311,5.991955734627602,4.789798719016265,0.0,0.0,92.45351713483647
synthetic_small_zoom,kitti2015|raft|True|False,kitti2015,raft|True|False,92.9642,5.991955734627602,4.789798719016265,0.0,0.0,91.82345002253636
flyingthings,pfpascal|catspp|False|False,pfpascal,catspp|False|False,16.4969,1.2986619483790816,1.153334339034218,0.0,0.0,49.72294586126027
flyingthings,pfpascal|catspp|False|True,pfpascal,catspp|False|True,16.0706,1.2986619483790816,1.153334339034218,0.0,0.0,65.22891344056612
flyingthings,pfpascal|glunet|False|False,pfpascal,glunet|False|False,11.2521,1.2986619483790816,1.153334339034218,0.0,0.0,82.13285186058938
flyingthings,pfpascal|glunet|False|True,pfpascal,glunet|False|True,14.9872,1.2986619483790816,1.153334339034218,0.0,0.0,79.93322125075098
flyingthings,pfpascal|raft|True|False,pfpascal,raft|True|False,13.37085,1.2986619483790816,1.153334339034218,0.0,0.0,43.14230183971147
imagenet2dwarp,pfpascal|catspp|False|False,pfpascal,catspp|False|False,9.00725,0.9535634224805845,0.8468542879588745,0.0,0.0,48.62037447990281
imagenet2dwarp,pfpascal|catspp|False|True,pfpascal,catspp|False|True,7.8772,0.9535634224805845,0.8468542879588745,0.0,0.0,47.40742746557199
imagenet2dwarp,pfpascal|glunet|False|False,pfpascal,glunet|False|False,6.0177,0.9535634224805845,0.8468542879588745,0.0,0.0,69.1483594796023
imagenet2dwarp,pfpascal|glunet|False|True,pfpascal,glunet|False|True,6.6055,0.9535634224805845,0.8468542879588745,0.0,0.0,65.02329345045678
imagenet2dwarp,pfpascal|raft|True|False,pfpascal,raft|True|False,5.7248375000000005,0.9535634224805845,0.8468542879588745,0.0,0.0,4.529805419382001
movi_f,pfpascal|catspp|False|False,pfpascal,catspp|False|False,10.5168,0.3063659288730799,0.2720818504927018,0.0,0.0,72.1819074002413
movi_f,pfpascal|catspp|False|True,pfpascal,catspp|False|True,8.1291,0.3063659288730799,0.2720818504927018,0.0,0.0,71.97829094866216
movi_f,pfpascal|glunet|False|False,pfpascal,glunet|False|False,12.3182,0.3063659288730799,0.2720818504927018,0.0,0.0,55.98533550814496
movi_f,pfpascal|glunet|False|True,pfpascal,glunet|False|True,12.2101,0.3063659288730799,0.2720818504927018,0.0,0.0,57.17210045943999
movi_f,pfpascal|raft|True|False,pfpascal,raft|True|False,12.3863,0.3063659288730799,0.2720818504927018,0.0,0.0,53.82629719278422
pointodyssey,pfpascal|catspp|False|False,pfpascal,catspp|False|False,12.26865,1.580627630397453,1.4037464681544165,0.0,0.0,62.36428217824188
pointodyssey,pfpascal|catspp|False|True,pfpascal,catspp|False|True,11.4723,1.580627630397453,1.4037464681544165,0.0,0.0,70.26828873868372
pointodyssey,pfpascal|glunet|False|False,pfpascal,glunet|False|False,18.1731,1.580627630397453,1.4037464681544165,0.0,0.0,81.75839065521187
pointodyssey,pfpascal|glunet|False|True,pfpascal,glunet|False|True,15.9056,1.580627630397453,1.4037464681544165,0.0,0.0,78.33514932595844
pointodyssey,pfpascal|raft|True|False,pfpascal,raft|True|False,15.79625,1.580627630397453,1.4037464681544165,0.0,0.0,54.22944456123653
sintel,pfpascal|catspp|False|False,pfpascal,catspp|False|False,15.8031,0.9486833785239152,0.8425203484927588,0.0,0.0,49.74971369043468
sintel,pfpascal|catspp|False|True,pfpascal,catspp|False|True,15.5569,0.9486833785239152,0.8425203484927588,0.0,0.0,47.03331906140563
sintel,pfpascal|glunet|False|False,pfpascal,glunet|False|False,10.3086,0.9486833785239152,0.8425203484927588,0.0,0.0,73.77046846408362
sintel,pfpascal|glunet|False|True,pfpascal,glunet|False|True,12.3527,0.9486833785239152,0.8425203484927588,0.0,0.0,72.0147086838414
sintel,pfpascal|raft|True|False,pfpascal,raft|True|False,13.923,0.9486833785239152,0.8425203484927588,0.0,0.0,66.14034710797556
spair,pfpascal|catspp|False|False,pfpascal,catspp|False|False,3.0238,-3.0589091916391404,-2.716599970537529,0.0,0.0,3.803656857231499
spair,pfpascal|catspp|False|True,pfpascal,catspp|False|True,3.1542,-3.0589091916391404,-2.716599970537529,0.0,0.0,4.609231945278608
spair,pfpascal|glunet|False|False,pfpascal,glunet|False|False,4.4643,-3.0589091916391404,-2.716599970537529,0.0,0.0,7.423929785707829
spair,pfpascal|glunet|False|True,pfpascal,glunet|False|True,3.5234,-3.0589091916391404,-2.716599970537529,0.0,0.0,5.181229243483597
spair,pfpascal|raft|True|False,pfpascal,raft|True|False,4.4726,-3.0589091916391404,-2.716599970537529,0.0,0.0,8.29597494512433
synthetic,pfpascal|catspp|False|False,pfpascal,catspp|False|False,14.1789,0.7305938655839377,0.6488362842365683,0.0,0.0,41.38419214496577
synthetic,pfpascal|catspp|False|True,pfpascal,catspp|False|True,14.3443,0.7305938655839377,0.6488362842365683,0.0,0.0,43.93919270500653
synthetic,pfpascal|glunet|False|False,pfpascal,glunet|False|False,13.9864,0.7305938655839377,0.6488362842365683,0.0,0.0,79.83023750017895
synthetic,pfpascal|glunet|False|True,pfpascal,glunet|False|True,13.1695,0.7305938655839377,0.6488362842365683,0.0,0.0,68.42930153218002
synthetic,pfpascal|raft|True|False,pfpascal,raft|True|False,14.4373,0.7305938655839377,0.6488362842365683,0.0,0.0,39.83386045269916
synthetic_2d_warp,pfpascal|catspp|False|False,pfpascal,catspp|False|False,10.5271,0.7232841372606368,0.6423445558119413,0.0,0.0,49.78746691469944
synthetic_2d_warp,pfpascal|catspp|False|True,pfpascal,catspp|False|True,10.9336,0.7232841372606368,0.6423445558119413,0.0,0.0,58.78457308046275
synthetic_2d_warp,pfpascal|glunet|False|False,pfpascal,glunet|False|False,8.3855,0.7232841372606368,0.6423445558119413,0.0,0.0,79.32058562702838
synthetic_2d_warp,pfpascal|glunet|False|True,pfpascal,glunet|False|True,13.3499,0.7232841372606368,0.6423445558119413,0.0,0.0,69.5001171487808
synthetic_2d_warp,pfpascal|raft|True|False,pfpascal,raft|True|False,11.7703,0.7232841372606368,0.6423445558119413,0.0,0.0,42.7259616523831
synthetic_large_zoom,pfpascal|catspp|False|False,pfpascal,catspp|False|False,16.3109,1.0203549353806391,0.9061714531994732,0.0,0.0,40.66147906264195
synthetic_large_zoom,pfpascal|catspp|False|True,pfpascal,catspp|False|True,17.9071,1.0203549353806391,0.9061714531994732,0.0,0.0,60.85917194508307
synthetic_large_zoom,pfpascal|glunet|False|False,pfpascal,glunet|False|False,16.1068,1.0203549353806391,0.9061714531994732,0.0,0.0,73.87305854849015
synthetic_large_zoom,pfpascal|glunet|False|True,pfpascal,glunet|False|True,14.5575,1.0203549353806391,0.9061714531994732,0.0,0.0,69.46118502604818
synthetic_large_zoom,pfpascal|raft|True|False,pfpascal,raft|True|False,11.9889,1.0203549353806391,0.9061714531994732,0.0,0.0,40.29370190231592
synthetic_random_flipping,pfpascal|catspp|False|False,pfpascal,catspp|False|False,5.3233,-5.229089872527461,-4.643925171912065,0.0,0.0,22.338186616228707
synthetic_random_flipping,pfpascal|catspp|False|True,pfpascal,catspp|False|True,6.5354,-5.229089872527461,-4.643925171912065,0.0,0.0,24.25375331432176
synthetic_random_flipping,pfpascal|glunet|False|False,pfpascal,glunet|False|False,8.1688,-5.229089872527461,-4.643925171912065,0.0,0.0,75.64514284677252
synthetic_random_flipping,pfpascal|glunet|False|True,pfpascal,glunet|False|True,5.604,-5.229089872527461,-4.643925171912065,0.0,0.0,65.22276594194383
synthetic_random_flipping,pfpascal|raft|True|False,pfpascal,raft|True|False,7.6938,-5.229089872527461,-4.643925171912065,0.0,0.0,36.50437097453487
synthetic_small_zoom,pfpascal|catspp|False|False,pfpascal,catspp|False|False,15.9431,0.7258638172872682,0.6446355550686363,0.0,0.0,48.57870451092004
synthetic_small_zoom,pfpascal|catspp|False|True,pfpascal,catspp|False|True,18.9586,0.7258638172872682,0.6446355550686363,0.0,0.0,45.04819664987521
synthetic_small_zoom,pfpascal|glunet|False|False,pfpascal,glunet|False|False,20.2654,0.7258638172872682,0.6446355550686363,0.0,0.0,76.08895273025185
synthetic_small_zoom,pfpascal|glunet|False|True,pfpascal,glunet|False|True,15.6204,0.7258638172872682,0.6446355550686363,0.0,0.0,69.69023839038783
synthetic_small_zoom,pfpascal|raft|True|False,pfpascal,raft|True|False,17.4659,0.7258638172872682,0.6446355550686363,0.0,0.0,60.94990561623832
flyingthings,pfwillow|catspp|False|False,pfwillow,catspp|False|False,17.4889,0.5015748610127161,0.4567261861094212,0.0,0.0,42.71431848402111
flyingthings,pfwillow|catspp|False|True,pfwillow,catspp|False|True,19.0444,0.5015748610127161,0.4567261861094212,0.0,0.0,53.85690501728752
flyingthings,pfwillow|glunet|False|False,pfwillow,glunet|False|False,16.2466,0.5015748610127161,0.4567261861094212,0.0,0.0,64.08361822412512
flyingthings,pfwillow|glunet|False|True,pfwillow,glunet|False|True,18.3398,0.5015748610127161,0.4567261861094212,0.0,0.0,64.68170675280055
flyingthings,pfwillow|raft|True|False,pfwillow,raft|True|False,16.6614,0.5015748610127161,0.4567261861094212,0.0,0.0,34.96330598976766
imagenet2dwarp,pfwillow|catspp|False|False,pfwillow,catspp|False|False,11.4111,0.2903494522166043,0.2643876483005939,0.0,0.0,39.197173079237714
imagenet2dwarp,pfwillow|catspp|False|True,pfwillow,catspp|False|True,11.5778,0.2903494522166043,0.2643876483005939,0.0,0.0,38.12134503222903
imagenet2dwarp,pfwillow|glunet|False|False,pfwillow,glunet|False|False,10.8778,0.2903494522166043,0.2643876483005939,0.0,0.0,52.41938491103383
imagenet2dwarp,pfwillow|glunet|False|True,pfwillow,glunet|False|True,10.5889,0.2903494522166043,0.2643876483005939,0.0,0.0,49.62425403887027
imagenet2dwarp,pfwillow|raft|True|False,pfwillow,raft|True|False,6.6805625,0.2903494522166043,0.2643876483005939,0.0,0.0,5.358573965109126
movi_f,pfwillow|catspp|False|False,pfwillow,catspp|False|False,13.6778,-0.9750625368102948,-0.8878766227565242,0.0,0.0,57.16796268307877
movi_f,pfwillow|catspp|False|True,pfwillow,catspp|False|True,11.4889,-0.9750625368102948,-0.8878766227565242,0.0,0.0,55.5595988235094
movi_f,pfwillow|glunet|False|False,pfwillow,glunet|False|False,13.8,-0.9750625368102948,-0.8878766227565242,0.0,0.0,44.29737390382064
movi_f,pfwillow|glunet|False|True,pfwillow,glunet|False|True,14.6333,-0.9750625368102948,-0.8878766227565242,0.0,0.0,45.27733413487113
movi_f,pfwillow|raft|True|False,pfwillow,raft|True|False,13.8111,-0.9750625368102948,-0.8878766227565242,0.0,0.0,43.036825686174495
pointodyssey,pfwillow|catspp|False|False,pfwillow,catspp|False|False,15.5,1.0465978527752071,0.953015557285299,0.0,0.0,50.78712831456112
pointodyssey,pfwillow|catspp|False|True,pfwillow,catspp|False|True,14.47225,1.0465978527752071,0.953015557285299,0.0,0.0,56.3519913399888
pointodyssey,pfwillow|glunet|False|False,pfwillow,glunet|False|False,19.8741,1.0465978527752071,0.953015557285299,0.0,0.0,68.56803579581926
pointodyssey,pfwillow|glunet|False|True,pfwillow,glunet|False|True,18.0556,1.0465978527752071,0.953015557285299,0.0,0.0,63.99209816660792
pointodyssey,pfwillow|raft|True|False,pfwillow,raft|True|False,18.25555,1.0465978527752071,0.953015557285299,0.0,0.0,44.97164322501136
sintel,pfwillow|catspp|False|False,pfwillow,catspp|False|False,17.9333,-0.3205478003799896,-0.291885789566326,0.0,0.0,42.81060850036595
sintel,pfwillow|catspp|False|True,pfwillow,catspp|False|True,18.5333,-0.3205478003799896,-0.291885789566326,0.0,0.0,41.474443301732734
sintel,pfwillow|glunet|False|False,pfwillow,glunet|False|False,14.7707,-0.3205478003799896,-0.291885789566326,0.0,0.0,57.91767583266915
sintel,pfwillow|glunet|False|True,pfwillow,glunet|False|True,15.0111,-0.3205478003799896,-0.291885789566326,0.0,0.0,56.38353892953974
sintel,pfwillow|raft|True|False,pfwillow,raft|True|False,16.4025,-0.3205478003799896,-0.291885789566326,0.0,0.0,52.6402534352752
spair,pfwillow|catspp|False|False,pfwillow,catspp|False|False,4.8667,-0.9764793600532156,-0.8891667597359251,0.0,0.0,4.137024812051408
spair,pfwillow|catspp|False|True,pfwillow,catspp|False|True,5.5667,-0.9764793600532156,-0.8891667597359251,0.0,0.0,4.777265532307396
spair,pfwillow|glunet|False|False,pfwillow,glunet|False|False,5.6222,-0.9764793600532156,-0.8891667597359251,0.0,0.0,6.916188773894288
spair,pfwillow|glunet|False|True,pfwillow,glunet|False|True,5.0111,-0.9764793600532156,-0.8891667597359251,0.0,0.0,5.268667905393629
spair,pfwillow|raft|True|False,pfwillow,raft|True|False,8.1389,-0.9764793600532156,-0.8891667597359251,0.0,0.0,7.629151193711015
synthetic,pfwillow|catspp|False|False,pfwillow,catspp|False|False,15.2778,0.5151946589565971,0.4691281600798271,0.0,0.0,37.08853444688757
synthetic,pfwillow|catspp|False|True,pfwillow,catspp|False|True,15.1333,0.5151946589565971,0.4691281600798271,0.0,0.0,38.31622232040337
synthetic,pfwillow|glunet|False|False,pfwillow,glunet|False|False,19.4667,0.5151946589565971,0.4691281600798271,0.0,0.0,65.7791153942831
synthetic,pfwillow|glunet|False|True,pfwillow,glunet|False|True,14.6222,0.5151946589565971,0.4691281600798271,0.0,0.0,55.54219514793553
synthetic,pfwillow|raft|True|False,pfwillow,raft|True|False,18.722250000000003,0.5151946589565971,0.4691281600798271,0.0,0.0,34.17396608250867
synthetic_2d_warp,pfwillow|catspp|False|False,pfwillow,catspp|False|False,11.9667,0.5085298457458991,0.4630592859087657,0.0,0.0,39.83429488784715
synthetic_2d_warp,pfwillow|catspp|False|True,pfwillow,catspp|False|True,13.4667,0.5085298457458991,0.4630592859087657,0.0,0.0,46.32274569162142
synthetic_2d_warp,pfwillow|glunet|False|False,pfwillow,glunet|False|False,16.7914,0.5085298457458991,0.4630592859087657,0.0,0.0,61.67614271885529
synthetic_2d_warp,pfwillow|glunet|False|True,pfwillow,glunet|False|True,16.6778,0.5085298457458991,0.4630592859087657,0.0,0.0,55.92910177792465
synthetic_2d_warp,pfwillow|raft|True|False,pfwillow,raft|True|False,14.7593,0.5085298457458991,0.4630592859087657,0.0,0.0,34.72359843368287
synthetic_large_zoom,pfwillow|catspp|False|False,pfwillow,catspp|False|False,18.7222,0.4745091655512189,0.4320805891638931,0.0,0.0,36.56057258352676
synthetic_large_zoom,pfwillow|catspp|False|True,pfwillow,catspp|False|True,19.8667,0.4745091655512189,0.4320805891638931,0.0,0.0,52.53571307805733
synthetic_large_zoom,pfwillow|glunet|False|False,pfwillow,glunet|False|False,18.3917,0.4745091655512189,0.4320805891638931,0.0,0.0,60.79582889475422
synthetic_large_zoom,pfwillow|glunet|False|True,pfwillow,glunet|False|True,16.3506,0.4745091655512189,0.4320805891638931,0.0,0.0,56.24407872767898
synthetic_large_zoom,pfwillow|raft|True|False,pfwillow,raft|True|False,17.8333,0.4745091655512189,0.4320805891638931,0.0,0.0,34.69253772615394
synthetic_random_flipping,pfwillow|catspp|False|False,pfwillow,catspp|False|False,8.2333,-1.209420308530824,-1.1012791267155613,0.0,0.0,17.810752176696884
synthetic_random_flipping,pfwillow|catspp|False|True,pfwillow,catspp|False|True,8.9444,-1.209420308530824,-1.1012791267155613,0.0,0.0,20.05140484897027
synthetic_random_flipping,pfwillow|glunet|False|False,pfwillow,glunet|False|False,13.3667,-1.209420308530824,-1.1012791267155613,0.0,0.0,60.27291203324355
synthetic_random_flipping,pfwillow|glunet|False|True,pfwillow,glunet|False|True,7.7889,-1.209420308530824,-1.1012791267155613,0.0,0.0,49.822516598844
synthetic_random_flipping,pfwillow|raft|True|False,pfwillow,raft|True|False,13.5556,-1.209420308530824,-1.1012791267155613,0.0,0.0,29.73955184856253
synthetic_small_zoom,pfwillow|catspp|False|False,pfwillow,catspp|False|False,19.4444,0.1447541695160749,0.1318108719265285,0.0,0.0,42.62220150055916
synthetic_small_zoom,pfwillow|catspp|False|True,pfwillow,catspp|False|True,20.5333,0.1447541695160749,0.1318108719265285,0.0,0.0,41.35694110085609
synthetic_small_zoom,pfwillow|glunet|False|False,pfwillow,glunet|False|False,21.063,0.1447541695160749,0.1318108719265285,0.0,0.0,64.26021572236726
synthetic_small_zoom,pfwillow|glunet|False|True,pfwillow,glunet|False|True,16.9778,0.1447541695160749,0.1318108719265285,0.0,0.0,57.09558806566114
synthetic_small_zoom,pfwillow|raft|True|False,pfwillow,raft|True|False,18.7,0.1447541695160749,0.1318108719265285,0.0,0.0,51.62129588150553
flyingthings,pointodyssey|catspp|False|False,pointodyssey,catspp|False|False,46.0158,0.8091513535138108,0.5849492033884874,0.0,0.0,61.06492138171596
flyingthings,pointodyssey|catspp|False|True,pointodyssey,catspp|False|True,68.9316,0.8091513535138108,0.5849492033884874,0.0,0.0,61.1940411783126
flyingthings,pointodyssey|glunet|False|False,pointodyssey,glunet|False|False,93.9512,0.8091513535138108,0.5849492033884874,0.0,0.0,61.88724864407976
flyingthings,pointodyssey|glunet|False|True,pointodyssey,glunet|False|True,91.9442,0.8091513535138108,0.5849492033884874,0.0,0.0,58.71694962296786
flyingthings,pointodyssey|raft|True|False,pointodyssey,raft|True|False,36.1356,0.8091513535138108,0.5849492033884874,0.0,0.0,61.941022651378354
imagenet2dwarp,pointodyssey|catspp|False|False,pointodyssey,catspp|False|False,51.33235,0.8901308901709695,0.6434906805208808,0.0,0.0,45.74708302482584
imagenet2dwarp,pointodyssey|catspp|False|True,pointodyssey,catspp|False|True,48.7736,0.8901308901709695,0.6434906805208808,0.0,0.0,47.35190736999062
imagenet2dwarp,pointodyssey|glunet|False|False,pointodyssey,glunet|False|False,82.9373,0.8901308901709695,0.6434906805208808,0.0,0.0,44.00735928083573
imagenet2dwarp,pointodyssey|glunet|False|True,pointodyssey,glunet|False|True,78.5324,0.8901308901709695,0.6434906805208808,0.0,0.0,40.25117939336605
imagenet2dwarp,pointodyssey|raft|True|False,pointodyssey,raft|True|False,3.8248375,0.8901308901709695,0.6434906805208808,0.0,0.0,6.006918433160938
movi_f,pointodyssey|catspp|False|False,pointodyssey,catspp|False|False,84.7224,0.9753755284780626,0.7051154717967479,0.0,0.0,49.52171492662855
movi_f,pointodyssey|catspp|False|True,pointodyssey,catspp|False|True,84.993,0.9753755284780626,0.7051154717967479,0.0,0.0,48.5798722214244
movi_f,pointodyssey|glunet|False|False,pointodyssey,glunet|False|False,66.6921,0.9753755284780626,0.7051154717967479,0.0,0.0,36.92160026143788
movi_f,pointodyssey|glunet|False|True,pointodyssey,glunet|False|True,68.033,0.9753755284780626,0.7051154717967479,0.0,0.0,37.71945232405455
movi_f,pointodyssey|raft|True|False,pointodyssey,raft|True|False,64.2839,0.9753755284780626,0.7051154717967479,0.0,0.0,35.05348163390609
pointodyssey,pointodyssey|catspp|False|False,pointodyssey,catspp|False|False,68.8301,1.0095206596977198,0.7297995648527609,0.0,0.0,52.15310948698662
pointodyssey,pointodyssey|catspp|False|True,pointodyssey,catspp|False|True,80.8951,1.0095206596977198,0.7297995648527609,0.0,0.0,51.506036042871976
pointodyssey,pointodyssey|glunet|False|False,pointodyssey,glunet|False|False,94.4359,1.0095206596977198,0.7297995648527609,0.0,0.0,58.77036276277822
pointodyssey,pointodyssey|glunet|False|True,pointodyssey,glunet|False|True,91.0918,1.0095206596977198,0.7297995648527609,0.0,0.0,55.38813946541863
pointodyssey,pointodyssey|raft|True|False,pointodyssey,raft|True|False,58.56285,1.0095206596977198,0.7297995648527609,0.0,0.0,48.47986613340404
sintel,pointodyssey|catspp|False|False,pointodyssey,catspp|False|False,47.6015,0.9731281092764528,0.703490774432092,0.0,0.0,57.43062245476149
sintel,pointodyssey|catspp|False|True,pointodyssey,catspp|False|True,43.8201,0.9731281092764528,0.703490774432092,0.0,0.0,56.62805524914537
sintel,pointodyssey|glunet|False|False,pointodyssey,glunet|False|False,85.9719,0.9731281092764528,0.703490774432092,0.0,0.0,52.23341514446148
sintel,pointodyssey|glunet|False|True,pointodyssey,glunet|False|True,84.5038,0.9731281092764528,0.703490774432092,0.0,0.0,50.01420354509968
sintel,pointodyssey|raft|True|False,pointodyssey,raft|True|False,74.9348,0.9731281092764528,0.703490774432092,0.0,0.0,51.75490511629239
spair,pointodyssey|catspp|False|False,pointodyssey,catspp|False|False,3.4912,-2.700646930883641,-1.9523433582527976,0.0,0.0,4.309785501208781
spair,pointodyssey|catspp|False|True,pointodyssey,catspp|False|True,4.4014,-2.700646930883641,-1.9523433582527976,0.0,0.0,4.907050970792779
spair,pointodyssey|glunet|False|False,pointodyssey,glunet|False|False,8.5059,-2.700646930883641,-1.9523433582527976,0.0,0.0,5.245797323893293
spair,pointodyssey|glunet|False|True,pointodyssey,glunet|False|True,5.4396,-2.700646930883641,-1.9523433582527976,0.0,0.0,4.573885120219434
spair,pointodyssey|raft|True|False,pointodyssey,raft|True|False,9.7147,-2.700646930883641,-1.9523433582527976,0.0,0.0,5.162082759881521
synthetic,pointodyssey|catspp|False|False,pointodyssey,catspp|False|False,38.9858,0.4582674388375472,0.3312892849067331,0.0,0.0,48.820208276918606
synthetic,pointodyssey|catspp|False|True,pointodyssey,catspp|False|True,43.2626,0.4582674388375472,0.3312892849067331,0.0,0.0,47.98953974232243
synthetic,pointodyssey|glunet|False|False,pointodyssey,glunet|False|False,92.0672,0.4582674388375472,0.3312892849067331,0.0,0.0,57.33044895372687
synthetic,pointodyssey|glunet|False|True,pointodyssey,glunet|False|True,80.199,0.4582674388375472,0.3312892849067331,0.0,0.0,47.10150391014397
synthetic,pointodyssey|raft|True|False,pointodyssey,raft|True|False,34.6076,0.4582674388375472,0.3312892849067331,0.0,0.0,53.64048022663668
synthetic_2d_warp,pointodyssey|catspp|False|False,pointodyssey,catspp|False|False,51.6048,0.4684821619568964,0.3386736810713689,0.0,0.0,49.31303111345439
synthetic_2d_warp,pointodyssey|catspp|False|True,pointodyssey,catspp|False|True,65.9417,0.4684821619568964,0.3386736810713689,0.0,0.0,47.18213190745162
synthetic_2d_warp,pointodyssey|glunet|False|False,pointodyssey,glunet|False|False,92.1122,0.4684821619568964,0.3386736810713689,0.0,0.0,56.19284004814149
synthetic_2d_warp,pointodyssey|glunet|False|True,pointodyssey,glunet|False|True,81.446,0.4684821619568964,0.3386736810713689,0.0,0.0,47.99843552590578
synthetic_2d_warp,pointodyssey|raft|True|False,pointodyssey,raft|True|False,38.923,0.4684821619568964,0.3386736810713689,0.0,0.0,54.09213074215924
synthetic_large_zoom,pointodyssey|catspp|False|False,pointodyssey,catspp|False|False,34.7757,0.9418725621170604,0.6808956105817655,0.0,0.0,55.430135387428976
synthetic_large_zoom,pointodyssey|catspp|False|True,pointodyssey,catspp|False|True,62.7536,0.9418725621170604,0.6808956105817655,0.0,0.0,59.631651260894095
synthetic_large_zoom,pointodyssey|glunet|False|False,pointodyssey,glunet|False|False,85.5722,0.9418725621170604,0.6808956105817655,0.0,0.0,52.923398011345874
synthetic_large_zoom,pointodyssey|glunet|False|True,pointodyssey,glunet|False|True,80.976,0.9418725621170604,0.6808956105817655,0.0,0.0,49.03855819825019
synthetic_large_zoom,pointodyssey|raft|True|False,pointodyssey,raft|True|False,36.4545,0.9418725621170604,0.6808956105817655,0.0,0.0,50.49826214922347
synthetic_random_flipping,pointodyssey|catspp|False|False,pointodyssey,catspp|False|False,17.1954,-4.782648436004502,-3.457457471434953,0.0,0.0,35.25915422138869
synthetic_random_flipping,pointodyssey|catspp|False|True,pointodyssey,catspp|False|True,17.5356,-4.782648436004502,-3.457457471434953,0.0,0.0,40.71211108409421
synthetic_random_flipping,pointodyssey|glunet|False|False,pointodyssey,glunet|False|False,88.4868,-4.782648436004502,-3.457457471434953,0.0,0.0,51.91209283355949
synthetic_random_flipping,pointodyssey|glunet|False|True,pointodyssey,glunet|False|True,78.4489,-4.782648436004502,-3.457457471434953,0.0,0.0,41.08465960849773
synthetic_random_flipping,pointodyssey|raft|True|False,pointodyssey,raft|True|False,33.6102,-4.782648436004502,-3.457457471434953,0.0,0.0,45.13092341512446
synthetic_small_zoom,pointodyssey|catspp|False|False,pointodyssey,catspp|False|False,46.4111,0.9573666628396192,0.6920965581369094,0.0,0.0,55.39716486660207
synthetic_small_zoom,pointodyssey|catspp|False|True,pointodyssey,catspp|False|True,39.8187,0.9573666628396192,0.6920965581369094,0.0,0.0,58.26350019818062
synthetic_small_zoom,pointodyssey|glunet|False|False,pointodyssey,glunet|False|False,87.5416,0.9573666628396192,0.6920965581369094,0.0,0.0,55.641221030353
synthetic_small_zoom,pointodyssey|glunet|False|True,pointodyssey,glunet|False|True,80.8978,0.9573666628396192,0.6920965581369094,0.0,0.0,49.898293181696914
synthetic_small_zoom,pointodyssey|raft|True|False,pointodyssey,raft|True|False,65.6666,0.9573666628396192,0.6920965581369094,0.0,0.0,53.87914314012832
flyingthings,spair|catspp|False|False,spair,catspp|False|False,3.633,2.741375226896906,2.2133568577515823,0.0,0.0,27.813862106303034
flyingthings,spair|catspp|False|True,spair,catspp|False|True,3.6918,2.741375226896906,2.2133568577515823,0.0,0.0,29.474303261154795
flyingthings,spair|glunet|False|False,spair,glunet|False|False,2.6105,2.741375226896906,2.2133568577515823,0.0,0.0,24.81502192315226
flyingthings,spair|glunet|False|True,spair,glunet|False|True,2.7028,2.741375226896906,2.2133568577515823,0.0,0.0,24.594742017704057
flyingthings,spair|raft|True|False,spair,raft|True|False,2.69925,2.741375226896906,2.2133568577515823,0.0,0.0,23.7743661529249
imagenet2dwarp,spair|catspp|False|False,spair,catspp|False|False,3.93925,-1.8726397336893732,-1.5119491691588662,0.0,0.0,24.29405941796089
imagenet2dwarp,spair|catspp|False|True,spair,catspp|False|True,3.9251,-1.8726397336893732,-1.5119491691588662,0.0,0.0,24.498079340648268
imagenet2dwarp,spair|glunet|False|False,spair,glunet|False|False,2.6759,-1.8726397336893732,-1.5119491691588662,0.0,0.0,16.72291438767577
imagenet2dwarp,spair|glunet|False|True,spair,glunet|False|True,2.6273,-1.8726397336893732,-1.5119491691588662,0.0,0.0,15.71470732266268
imagenet2dwarp,spair|raft|True|False,spair,raft|True|False,2.4022375,-1.8726397336893732,-1.5119491691588662,0.0,0.0,4.892657848615591
movi_f,spair|catspp|False|False,spair,catspp|False|False,3.0896,-10.053945702210545,-8.117447567598754,0.0,0.0,22.287465098047083
movi_f,spair|catspp|False|True,spair,catspp|False|True,2.6465,-10.053945702210545,-8.117447567598754,0.0,0.0,22.4188655775426
movi_f,spair|glunet|False|False,spair,glunet|False|False,1.9627,-10.053945702210545,-8.117447567598754,0.0,0.0,12.84001165417805
movi_f,spair|glunet|False|True,spair,glunet|False|True,2.0144,-10.053945702210545,-8.117447567598754,0.0,0.0,13.234847398099388
movi_f,spair|raft|True|False,spair,raft|True|False,1.9948,-10.053945702210545,-8.117447567598754,0.0,0.0,12.1897871439539
pointodyssey,spair|catspp|False|False,spair,catspp|False|False,3.1626,-0.2950500403622659,-0.2382202275005321,0.0,0.0,24.54274931444489
pointodyssey,spair|catspp|False|True,spair,catspp|False|True,3.32435,-0.2950500403622659,-0.2382202275005321,0.0,0.0,24.6990608152071
pointodyssey,spair|glunet|False|False,spair,glunet|False|False,3.2579,-0.2950500403622659,-0.2382202275005321,0.0,0.0,24.09390263452221
pointodyssey,spair|glunet|False|True,spair,glunet|False|True,2.6984,-0.2950500403622659,-0.2382202275005321,0.0,0.0,22.24309853622655
pointodyssey,spair|raft|True|False,spair,raft|True|False,2.80045,-0.2950500403622659,-0.2382202275005321,0.0,0.0,19.076075391774797
sintel,spair|catspp|False|False,spair,catspp|False|False,3.7321,-4.807942097400011,-3.8818807102881303,0.0,0.0,28.86409893163666
sintel,spair|catspp|False|True,spair,catspp|False|True,3.9026,-4.807942097400011,-3.8818807102881303,0.0,0.0,26.846948359152886
sintel,spair|glunet|False|False,spair,glunet|False|False,2.3266,-4.807942097400011,-3.8818807102881303,0.0,0.0,19.00487703597278
sintel,spair|glunet|False|True,spair,glunet|False|True,2.4731,-4.807942097400011,-3.8818807102881303,0.0,0.0,18.766035446931813
sintel,spair|raft|True|False,spair,raft|True|False,2.3576,-4.807942097400011,-3.8818807102881303,0.0,0.0,18.952857506747357
spair,spair|catspp|False|False,spair,catspp|False|False,3.018,3.413368753369756,2.755917199579348,0.0,0.0,4.086488795924373
spair,spair|catspp|False|True,spair,catspp|False|True,2.944,3.413368753369756,2.755917199579348,0.0,0.0,4.218934919946234
spair,spair|glunet|False|False,spair,glunet|False|False,3.0334,3.413368753369756,2.755917199579348,0.0,0.0,4.172000273077893
spair,spair|glunet|False|True,spair,glunet|False|True,2.6825,3.413368753369756,2.755917199579348,0.0,0.0,4.070582876468162
spair,spair|raft|True|False,spair,raft|True|False,3.1416,3.413368753369756,2.755917199579348,0.0,0.0,4.5612980259178
synthetic,spair|catspp|False|False,spair,catspp|False|False,4.0731,3.3773609193254703,2.7268448618589427,0.0,0.0,26.694466688672687
synthetic,spair|catspp|False|True,spair,catspp|False|True,4.0341,3.3773609193254703,2.7268448618589427,0.0,0.0,26.41926566651582
synthetic,spair|glunet|False|False,spair,glunet|False|False,3.6526,3.3773609193254703,2.7268448618589427,0.0,0.0,33.28314076068589
synthetic,spair|glunet|False|True,spair,glunet|False|True,2.9367,3.3773609193254703,2.7268448618589427,0.0,0.0,22.53295115783413
synthetic,spair|raft|True|False,spair,raft|True|False,3.3421000000000003,3.3773609193254703,2.7268448618589427,0.0,0.0,29.696668523910084
synthetic_2d_warp,spair|catspp|False|False,spair,catspp|False|False,3.1293,3.377422862938789,2.7268948744657493,0.0,0.0,25.237982634008347
synthetic_2d_warp,spair|catspp|False|True,spair,catspp|False|True,3.183,3.377422862938789,2.7268948744657493,0.0,0.0,24.226901619122906
synthetic_2d_warp,spair|glunet|False|False,spair,glunet|False|False,2.6434,3.377422862938789,2.7268948744657493,0.0,0.0,30.377199995919185
synthetic_2d_warp,spair|glunet|False|True,spair,glunet|False|True,2.5156,3.377422862938789,2.7268948744657493,0.0,0.0,20.010115044902246
synthetic_2d_warp,spair|raft|True|False,spair,raft|True|False,3.0927,3.377422862938789,2.7268948744657493,0.0,0.0,27.214767893820795
synthetic_large_zoom,spair|catspp|False|False,spair,catspp|False|False,4.0943,0.9269789737465736,0.7484328480110912,0.0,0.0,41.01587605644518
synthetic_large_zoom,spair|catspp|False|True,spair,catspp|False|True,4.1558,0.9269789737465736,0.7484328480110912,0.0,0.0,49.85885239585655
synthetic_large_zoom,spair|glunet|False|False,spair,glunet|False|False,3.0531,0.9269789737465736,0.7484328480110912,0.0,0.0,25.60364559906225
synthetic_large_zoom,spair|glunet|False|True,spair,glunet|False|True,2.5485,0.9269789737465736,0.7484328480110912,0.0,0.0,22.51748362041048
synthetic_large_zoom,spair|raft|True|False,spair,raft|True|False,2.9715,0.9269789737465736,0.7484328480110912,0.0,0.0,49.50568451750027
synthetic_random_flipping,spair|catspp|False|False,spair,catspp|False|False,3.3223,3.4540816548633546,2.7887883581262294,0.0,0.0,21.210212294009885
synthetic_random_flipping,spair|catspp|False|True,spair,catspp|False|True,3.4986,3.4540816548633546,2.7887883581262294,0.0,0.0,24.16044738413224
synthetic_random_flipping,spair|glunet|False|False,spair,glunet|False|False,3.3198,3.4540816548633546,2.7887883581262294,0.0,0.0,36.99819941017972
synthetic_random_flipping,spair|glunet|False|True,spair,glunet|False|True,2.7843,3.4540816548633546,2.7887883581262294,0.0,0.0,21.485467367882247
synthetic_random_flipping,spair|raft|True|False,spair,raft|True|False,2.895,3.4540816548633546,2.7887883581262294,0.0,0.0,27.44106965345885
synthetic_small_zoom,spair|catspp|False|False,spair,catspp|False|False,3.622,-0.2610108174786589,-0.2107373252466702,0.0,0.0,49.3509389548084
synthetic_small_zoom,spair|catspp|False|True,spair,catspp|False|True,3.8854,-0.2610108174786589,-0.2107373252466702,0.0,0.0,50.465251208654536
synthetic_small_zoom,spair|glunet|False|False,spair,glunet|False|False,3.0311,-0.2610108174786589,-0.2107373252466702,0.0,0.0,24.941777223100654
synthetic_small_zoom,spair|glunet|False|True,spair,glunet|False|True,2.408,-0.2610108174786589,-0.2107373252466702,0.0,0.0,21.3861375243972
synthetic_small_zoom,spair|raft|True|False,spair,raft|True|False,2.7395,-0.2610108174786589,-0.2107373252466702,0.0,0.0,52.98470501104067
flyingthings,synthetic|catspp|False|False,synthetic,catspp|False|False,20.6718,3.776756593368841,2.7135033628795853,0.0,0.0,14.613586550175553
flyingthings,synthetic|catspp|False|True,synthetic,catspp|False|True,22.0954,3.776756593368841,2.7135033628795853,0.0,0.0,14.939682670601275
flyingthings,synthetic|glunet|False|False,synthetic,glunet|False|False,15.5289,3.776756593368841,2.7135033628795853,0.0,0.0,13.82187551577188
flyingthings,synthetic|glunet|False|True,synthetic,glunet|False|True,15.7001,3.776756593368841,2.7135033628795853,0.0,0.0,14.190736465718173
flyingthings,synthetic|raft|True|False,synthetic,raft|True|False,15.92325,3.776756593368841,2.7135033628795853,0.0,0.0,12.901549799075722
imagenet2dwarp,synthetic|catspp|False|False,synthetic,catspp|False|False,19.63085,-3.2937296391005013,-2.366460806028048,0.0,0.0,11.61142344441616
imagenet2dwarp,synthetic|catspp|False|True,synthetic,catspp|False|True,19.6472,-3.2937296391005013,-2.366460806028048,0.0,0.0,11.760854609145492
imagenet2dwarp,synthetic|glunet|False|False,synthetic,glunet|False|False,9.7372,-3.2937296391005013,-2.366460806028048,0.0,0.0,10.132927538150447
imagenet2dwarp,synthetic|glunet|False|True,synthetic,glunet|False|True,9.3907,-3.2937296391005013,-2.366460806028048,0.0,0.0,9.514793712768238
imagenet2dwarp,synthetic|raft|True|False,synthetic,raft|True|False,4.674075,-3.2937296391005013,-2.366460806028048,0.0,0.0,3.4348268146078764
movi_f,synthetic|catspp|False|False,synthetic,catspp|False|False,15.2654,-12.78890489594317,-9.188502246509453,0.0,0.0,12.2310981860153
movi_f,synthetic|catspp|False|True,synthetic,catspp|False|True,15.8474,-12.78890489594317,-9.188502246509453,0.0,0.0,11.193381710872298
movi_f,synthetic|glunet|False|False,synthetic,glunet|False|False,6.5898,-12.78890489594317,-9.188502246509453,0.0,0.0,8.817414226505367
movi_f,synthetic|glunet|False|True,synthetic,glunet|False|True,6.8448,-12.78890489594317,-9.188502246509453,0.0,0.0,9.066577679218977
movi_f,synthetic|raft|True|False,synthetic,raft|True|False,6.1934,-12.78890489594317,-9.188502246509453,0.0,0.0,8.644770031789303
pointodyssey,synthetic|catspp|False|False,synthetic,catspp|False|False,17.907249999999998,3.4209617127877627,2.457873808502897,0.0,0.0,12.797660558341905
pointodyssey,synthetic|catspp|False|True,synthetic,catspp|False|True,17.94525,3.4209617127877627,2.457873808502897,0.0,0.0,12.876800489886048
pointodyssey,synthetic|glunet|False|False,synthetic,glunet|False|False,14.6555,3.4209617127877627,2.457873808502897,0.0,0.0,15.582855405307711
pointodyssey,synthetic|glunet|False|True,synthetic,glunet|False|True,13.3788,3.4209617127877627,2.457873808502897,0.0,0.0,13.83570544207276
pointodyssey,synthetic|raft|True|False,synthetic,raft|True|False,11.985,3.4209617127877627,2.457873808502897,0.0,0.0,11.879975277895202
sintel,synthetic|catspp|False|False,synthetic,catspp|False|False,22.7542,-9.276132589534066,-6.664664866253773,0.0,0.0,14.183916466829793
sintel,synthetic|catspp|False|True,synthetic,catspp|False|True,20.3562,-9.276132589534066,-6.664664866253773,0.0,0.0,14.420458034172851
sintel,synthetic|glunet|False|False,synthetic,glunet|False|False,10.5186,-9.276132589534066,-6.664664866253773,0.0,0.0,11.956871693664873
sintel,synthetic|glunet|False|True,synthetic,glunet|False|True,10.7744,-9.276132589534066,-6.664664866253773,0.0,0.0,11.571391707779156
sintel,synthetic|raft|True|False,synthetic,raft|True|False,10.7984,-9.276132589534066,-6.664664866253773,0.0,0.0,11.863844606385474
spair,synthetic|catspp|False|False,synthetic,catspp|False|False,4.0712,3.598925835361048,2.585736495212017,0.0,0.0,3.4148913221466466
spair,synthetic|catspp|False|True,synthetic,catspp|False|True,4.077,3.598925835361048,2.585736495212017,0.0,0.0,3.4902010372437005
spair,synthetic|glunet|False|False,synthetic,glunet|False|False,3.8373,3.598925835361048,2.585736495212017,0.0,0.0,3.653672147891561
spair,synthetic|glunet|False|True,synthetic,glunet|False|True,3.9451,3.598925835361048,2.585736495212017,0.0,0.0,3.256043238970932
spair,synthetic|raft|True|False,synthetic,raft|True|False,4.2572,3.598925835361048,2.585736495212017,0.0,0.0,3.830614561674033
synthetic,synthetic|catspp|False|False,synthetic,catspp|False|False,22.1053,3.502232065620061,2.5162644858634797,0.0,0.0,13.109844292714868
synthetic,synthetic|catspp|False|True,synthetic,catspp|False|True,21.8997,3.502232065620061,2.5162644858634797,0.0,0.0,12.751897264558396
synthetic,synthetic|glunet|False|False,synthetic,glunet|False|False,27.0582,3.502232065620061,2.5162644858634797,0.0,0.0,15.057227328369445
synthetic,synthetic|glunet|False|True,synthetic,glunet|False|True,16.1312,3.502232065620061,2.5162644858634797,0.0,0.0,12.0513283365181
synthetic,synthetic|raft|True|False,synthetic,raft|True|False,25.1774,3.502232065620061,2.5162644858634797,0.0,0.0,12.65246459268481
synthetic_2d_warp,synthetic|catspp|False|False,synthetic,catspp|False|False,20.1312,3.5484793338369625,2.5494919694802136,0.0,0.0,11.426112807898024
synthetic_2d_warp,synthetic|catspp|False|True,synthetic,catspp|False|True,18.8784,3.5484793338369625,2.5494919694802136,0.0,0.0,11.314244424801936
synthetic_2d_warp,synthetic|glunet|False|False,synthetic,glunet|False|False,23.9947,3.5484793338369625,2.5494919694802136,0.0,0.0,12.829362278183178
synthetic_2d_warp,synthetic|glunet|False|True,synthetic,glunet|False|True,12.7059,3.5484793338369625,2.5494919694802136,0.0,0.0,11.787499396944018
synthetic_2d_warp,synthetic|raft|True|False,synthetic,raft|True|False,21.9875,3.5484793338369625,2.5494919694802136,0.0,0.0,11.995520004795509
synthetic_large_zoom,synthetic|catspp|False|False,synthetic,catspp|False|False,39.135,2.100530763344448,1.5091778220960226,0.0,0.0,14.02115356323063
synthetic_large_zoom,synthetic|catspp|False|True,synthetic,catspp|False|True,48.6509,2.100530763344448,1.5091778220960226,0.0,0.0,15.430542355964022
synthetic_large_zoom,synthetic|glunet|False|False,synthetic,glunet|False|False,18.5281,2.100530763344448,1.5091778220960226,0.0,0.0,13.540459649689437
synthetic_large_zoom,synthetic|glunet|False|True,synthetic,glunet|False|True,15.7459,2.100530763344448,1.5091778220960226,0.0,0.0,11.999648277189369
synthetic_large_zoom,synthetic|raft|True|False,synthetic,raft|True|False,51.426,2.100530763344448,1.5091778220960226,0.0,0.0,11.718780505523569
synthetic_random_flipping,synthetic|catspp|False|False,synthetic,catspp|False|False,19.2799,3.907500054178511,2.8074392075152863,0.0,0.0,8.264225659664863
synthetic_random_flipping,synthetic|catspp|False|True,synthetic,catspp|False|True,21.8158,3.907500054178511,2.8074392075152863,0.0,0.0,9.494925276619508
synthetic_random_flipping,synthetic|glunet|False|False,synthetic,glunet|False|False,33.5541,3.907500054178511,2.8074392075152863,0.0,0.0,12.892698425574006
synthetic_random_flipping,synthetic|glunet|False|True,synthetic,glunet|False|True,16.7068,3.907500054178511,2.8074392075152863,0.0,0.0,9.653168479726691
synthetic_random_flipping,synthetic|raft|True|False,synthetic,raft|True|False,24.5252,3.907500054178511,2.8074392075152863,0.0,0.0,10.218347074904658
synthetic_small_zoom,synthetic|catspp|False|False,synthetic,catspp|False|False,49.4854,1.5033807660801024,1.080140767241773,0.0,0.0,13.863477829080088
synthetic_small_zoom,synthetic|catspp|False|True,synthetic,catspp|False|True,50.3084,1.5033807660801024,1.080140767241773,0.0,0.0,14.880154294309904
synthetic_small_zoom,synthetic|glunet|False|False,synthetic,glunet|False|False,16.7571,1.5033807660801024,1.080140767241773,0.0,0.0,14.66978286226454
synthetic_small_zoom,synthetic|glunet|False|True,synthetic,glunet|False|True,14.039,1.5033807660801024,1.080140767241773,0.0,0.0,12.275233025070186
synthetic_small_zoom,synthetic|raft|True|False,synthetic,raft|True|False,54.0896,1.5033807660801024,1.080140767241773,0.0,0.0,13.026815234972537
flyingthings,tss|catspp|False|False,tss,catspp|False|False,33.5001,0.7739979049394469,0.6367042157430678,0.0,0.0,55.17848252485096
flyingthings,tss|catspp|False|True,tss,catspp|False|True,32.7945,0.7739979049394469,0.6367042157430678,0.0,0.0,58.54626695641487
flyingthings,tss|glunet|False|False,tss,glunet|False|False,26.1161,0.7739979049394469,0.6367042157430678,0.0,0.0,62.25013217027836
flyingthings,tss|glunet|False|True,tss,glunet|False|True,32.7723,0.7739979049394469,0.6367042157430678,0.0,0.0,58.69853406891663
flyingthings,tss|raft|True|False,tss,raft|True|False,24.11475,0.7739979049394469,0.6367042157430678,0.0,0.0,55.0005766789574
imagenet2dwarp,tss|catspp|False|False,tss,catspp|False|False,21.05095,-0.4288875876949418,-0.3528104319437494,0.0,0.0,44.15766853226928
imagenet2dwarp,tss|catspp|False|True,tss,catspp|False|True,20.9901,-0.4288875876949418,-0.3528104319437494,0.0,0.0,45.18952703801853
imagenet2dwarp,tss|glunet|False|False,tss,glunet|False|False,14.8312,-0.4288875876949418,-0.3528104319437494,0.0,0.0,45.435333999522655
imagenet2dwarp,tss|glunet|False|True,tss,glunet|False|True,14.6164,-0.4288875876949418,-0.3528104319437494,0.0,0.0,41.46775945029204
imagenet2dwarp,tss|raft|True|False,tss,raft|True|False,7.744925,-0.4288875876949418,-0.3528104319437494,0.0,0.0,4.790301202093648
movi_f,tss|catspp|False|False,tss,catspp|False|False,24.3569,-1.738455616680291,-1.4300840001745874,0.0,0.0,50.35401717332598
movi_f,tss|catspp|False|True,tss,catspp|False|True,19.1092,-1.738455616680291,-1.4300840001745874,0.0,0.0,50.01815033467759
movi_f,tss|glunet|False|False,tss,glunet|False|False,17.947,-1.738455616680291,-1.4300840001745874,0.0,0.0,36.29528189700394
movi_f,tss|glunet|False|True,tss,glunet|False|True,18.6283,-1.738455616680291,-1.4300840001745874,0.0,0.0,37.20149208509311
movi_f,tss|raft|True|False,tss,raft|True|False,18.6637,-1.738455616680291,-1.4300840001745874,0.0,0.0,34.26607852664362
pointodyssey,tss|catspp|False|False,tss,catspp|False|False,27.7243,0.5296671927271859,0.4357134979281102,0.0,0.0,50.66994496634872
pointodyssey,tss|catspp|False|True,tss,catspp|False|True,26.72155,0.5296671927271859,0.4357134979281102,0.0,0.0,51.74539096332938
pointodyssey,tss|glunet|False|False,tss,glunet|False|False,41.4764,0.5296671927271859,0.4357134979281102,0.0,0.0,58.21505608702838
pointodyssey,tss|glunet|False|True,tss,glunet|False|True,33.6273,0.5296671927271859,0.4357134979281102,0.0,0.0,55.37992515131527
pointodyssey,tss|raft|True|False,tss,raft|True|False,27.3016,0.5296671927271859,0.4357134979281102,0.0,0.0,45.217536782359495
sintel,tss|catspp|False|False,tss,catspp|False|False,32.9288,-1.1741178008786488,-0.9658498412303834,0.0,0.0,52.49015694585852
sintel,tss|catspp|False|True,tss,catspp|False|True,35.3243,-1.1741178008786488,-0.9658498412303834,0.0,0.0,50.90219231045905
sintel,tss|glunet|False|False,tss,glunet|False|False,23.8706,-1.1741178008786488,-0.9658498412303834,0.0,0.0,52.05657015066652
sintel,tss|glunet|False|True,tss,glunet|False|True,22.0866,-1.1741178008786488,-0.9658498412303834,0.0,0.0,50.04766082171235
sintel,tss|raft|True|False,tss,raft|True|False,24.4577,-1.1741178008786488,-0.9658498412303834,0.0,0.0,50.246677537633744
spair,tss|catspp|False|False,tss,catspp|False|False,5.2821,-0.6478835860319506,-0.5329603709580466,0.0,0.0,3.769935513561879
spair,tss|catspp|False|True,tss,catspp|False|True,5.6335,-0.6478835860319506,-0.5329603709580466,0.0,0.0,4.326676545666495
spair,tss|glunet|False|False,tss,glunet|False|False,5.711,-0.6478835860319506,-0.5329603709580466,0.0,0.0,4.982874314545097
spair,tss|glunet|False|True,tss,glunet|False|True,5.6742,-0.6478835860319506,-0.5329603709580466,0.0,0.0,4.048308147369495
spair,tss|raft|True|False,tss,raft|True|False,6.1812,-0.6478835860319506,-0.5329603709580466,0.0,0.0,5.1504757383580095
synthetic,tss|catspp|False|False,tss,catspp|False|False,32.3684,0.4708489899326201,0.387328615433292,0.0,0.0,43.82027024550282
synthetic,tss|catspp|False|True,tss,catspp|False|True,29.7936,0.4708489899326201,0.387328615433292,0.0,0.0,43.76497385206883
synthetic,tss|glunet|False|False,tss,glunet|False|False,36.1641,0.4708489899326201,0.387328615433292,0.0,0.0,58.18892927180273
synthetic,tss|glunet|False|True,tss,glunet|False|True,27.3178,0.4708489899326201,0.387328615433292,0.0,0.0,47.27512898864569
synthetic,tss|raft|True|False,tss,raft|True|False,27.3868,0.4708489899326201,0.387328615433292,0.0,0.0,48.2134917307841
synthetic_2d_warp,tss|catspp|False|False,tss,catspp|False|False,20.8428,0.4843203088547864,0.3984103580253907,0.0,0.0,47.02084788483845
synthetic_2d_warp,tss|catspp|False|True,tss,catspp|False|True,20.0086,0.4843203088547864,0.3984103580253907,0.0,0.0,46.91921547752302
synthetic_2d_warp,tss|glunet|False|False,tss,glunet|False|False,23.6203,0.4843203088547864,0.3984103580253907,0.0,0.0,58.22946808292838
synthetic_2d_warp,tss|glunet|False|True,tss,glunet|False|True,26.4422,0.4843203088547864,0.3984103580253907,0.0,0.0,47.7592548597784
synthetic_2d_warp,tss|raft|True|False,tss,raft|True|False,22.1823,0.4843203088547864,0.3984103580253907,0.0,0.0,49.38765098857234
synthetic_large_zoom,tss|catspp|False|False,tss,catspp|False|False,33.0076,0.7303744413263449,0.600818791492534,0.0,0.0,50.6810157909989
synthetic_large_zoom,tss|catspp|False|True,tss,catspp|False|True,37.3118,0.7303744413263449,0.600818791492534,0.0,0.0,58.35725476187041
synthetic_large_zoom,tss|glunet|False|False,tss,glunet|False|False,32.7962,0.7303744413263449,0.600818791492534,0.0,0.0,52.3709942103153
synthetic_large_zoom,tss|glunet|False|True,tss,glunet|False|True,27.4139,0.7303744413263449,0.600818791492534,0.0,0.0,48.48880594822113
synthetic_large_zoom,tss|raft|True|False,tss,raft|True|False,25.936,0.7303744413263449,0.600818791492534,0.0,0.0,47.68759670440953
synthetic_random_flipping,tss|catspp|False|False,tss,catspp|False|False,11.4546,0.3536702936585007,0.2909353701326536,0.0,0.0,31.253165561793235
synthetic_random_flipping,tss|catspp|False|True,tss,catspp|False|True,15.3875,0.3536702936585007,0.2909353701326536,0.0,0.0,35.69059812298107
synthetic_random_flipping,tss|glunet|False|False,tss,glunet|False|False,26.1956,0.3536702936585007,0.2909353701326536,0.0,0.0,54.28079566343571
synthetic_random_flipping,tss|glunet|False|True,tss,glunet|False|True,14.4363,0.3536702936585007,0.2909353701326536,0.0,0.0,42.737983633765865
synthetic_random_flipping,tss|raft|True|False,tss,raft|True|False,18.9126,0.3536702936585007,0.2909353701326536,0.0,0.0,41.157544801478814
synthetic_small_zoom,tss|catspp|False|False,tss,catspp|False|False,33.4343,0.6464654598469378,0.531793795551718,0.0,0.0,53.10961651171757
synthetic_small_zoom,tss|catspp|False|True,tss,catspp|False|True,38.3962,0.6464654598469378,0.531793795551718,0.0,0.0,54.42040558691696
synthetic_small_zoom,tss|glunet|False|False,tss,glunet|False|False,39.6402,0.6464654598469378,0.531793795551718,0.0,0.0,54.25622827108042
synthetic_small_zoom,tss|glunet|False|True,tss,glunet|False|True,29.9933,0.6464654598469378,0.531793795551718,0.0,0.0,48.69848214016837
synthetic_small_zoom,tss|raft|True|False,tss,raft|True|False,31.9553,0.6464654598469378,0.531793795551718,0.0,0.0,54.079261556450746
flyingthings,flyingthings|catspp|True|False,flyingthings,catspp|True|False,85.2977,0.2939329842640385,0.167435521999456,0.0,0.0,60.314613578414345
flyingthings,flyingthings|catspp|True|True,flyingthings,catspp|True|True,85.2894,0.2939329842640385,0.167435521999456,0.0,0.0,57.34913081961954
flyingthings,flyingthings|glunet|True|False,flyingthings,glunet|True|False,85.8465,0.2939329842640385,0.167435521999456,0.0,0.0,76.06865267827337
flyingthings,flyingthings|glunet|True|True,flyingthings,glunet|True|True,81.4831,0.2939329842640385,0.167435521999456,0.0,0.0,73.85115185589177
imagenet2dwarp,flyingthings|catspp|True|False,flyingthings,catspp|True|False,78.9297,-0.046076637703672,-0.0262470232975414,0.0,0.0,40.36852439180285
imagenet2dwarp,flyingthings|catspp|True|True,flyingthings,catspp|True|True,79.9519,-0.046076637703672,-0.0262470232975414,0.0,0.0,45.74991766319375
imagenet2dwarp,flyingthings|glunet|True|False,flyingthings,glunet|True|False,11.3571,-0.046076637703672,-0.0262470232975414,0.0,0.0,18.84106135444956
imagenet2dwarp,flyingthings|glunet|True|True,flyingthings,glunet|True|True,66.7997,-0.046076637703672,-0.0262470232975414,0.0,0.0,68.54821088244066
movi_f,flyingthings|catspp|True|False,flyingthings,catspp|True|False,77.7052,-0.5659319826186043,-0.3223766028273068,0.0,0.0,75.19655929930636
movi_f,flyingthings|catspp|True|True,flyingthings,catspp|True|True,77.9071,-0.5659319826186043,-0.3223766028273068,0.0,0.0,75.91583910338952
movi_f,flyingthings|glunet|True|False,flyingthings,glunet|True|False,39.164,-0.5659319826186043,-0.3223766028273068,0.0,0.0,44.34604660761804
movi_f,flyingthings|glunet|True|True,flyingthings,glunet|True|True,39.106,-0.5659319826186043,-0.3223766028273068,0.0,0.0,43.78677271158704
pointodyssey,flyingthings|catspp|True|False,flyingthings,catspp|True|False,79.6231,-0.0279440133749642,-0.0159179837469139,0.0,0.0,63.80501589941683
pointodyssey,flyingthings|catspp|True|True,flyingthings,catspp|True|True,79.22595,-0.0279440133749642,-0.0159179837469139,0.0,0.0,63.40773206446946
pointodyssey,flyingthings|glunet|True|False,flyingthings,glunet|True|False,77.7439,-0.0279440133749642,-0.0159179837469139,0.0,0.0,74.81517778899892
pointodyssey,flyingthings|glunet|True|True,flyingthings,glunet|True|True,76.6361,-0.0279440133749642,-0.0159179837469139,0.0,0.0,76.43225507586112
sintel,flyingthings|catspp|True|False,flyingthings,catspp|True|False,82.138,-0.0542198796682622,-0.0308857268187639,0.0,0.0,56.89526605662227
sintel,flyingthings|catspp|True|True,flyingthings,catspp|True|True,82.249,-0.0542198796682622,-0.0308857268187639,0.0,0.0,64.6845594484282
sintel,flyingthings|glunet|True|False,flyingthings,glunet|True|False,70.575,-0.0542198796682622,-0.0308857268187639,0.0,0.0,66.78358643319955
sintel,flyingthings|glunet|True|True,flyingthings,glunet|True|True,69.7732,-0.0542198796682622,-0.0308857268187639,0.0,0.0,68.02044001384611
spair,flyingthings|catspp|True|False,flyingthings,catspp|True|False,63.3569,-0.1173209140667741,-0.0668305006238352,0.0,0.0,52.08114449279746
spair,flyingthings|catspp|True|True,flyingthings,catspp|True|True,68.3472,-0.1173209140667741,-0.0668305006238352,0.0,0.0,47.52023564659804
spair,flyingthings|glunet|True|False,flyingthings,glunet|True|False,66.6096,-0.1173209140667741,-0.0668305006238352,0.0,0.0,76.07314489574101
spair,flyingthings|glunet|True|True,flyingthings,glunet|True|True,39.6279,-0.1173209140667741,-0.0668305006238352,0.0,0.0,47.42390050784262
synthetic,flyingthings|catspp|True|False,flyingthings,catspp|True|False,83.7548,0.1473863733983404,0.083956941502659,0.0,0.0,57.41426850101615
synthetic,flyingthings|catspp|True|True,flyingthings,catspp|True|True,82.2555,0.1473863733983404,0.083956941502659,0.0,0.0,53.00101321778389
synthetic,flyingthings|glunet|True|False,flyingthings,glunet|True|False,72.0776,0.1473863733983404,0.083956941502659,0.0,0.0,71.66140036855569
synthetic,flyingthings|glunet|True|True,flyingthings,glunet|True|True,78.4335,0.1473863733983404,0.083956941502659,0.0,0.0,78.06614600908767
synthetic_2d_warp,flyingthings|catspp|True|False,flyingthings,catspp|True|False,82.2203,0.1442075618007215,0.0821461682731152,0.0,0.0,53.770691091091045
synthetic_2d_warp,flyingthings|catspp|True|True,flyingthings,catspp|True|True,81.6201,0.1442075618007215,0.0821461682731152,0.0,0.0,53.29783731840392
synthetic_2d_warp,flyingthings|glunet|True|False,flyingthings,glunet|True|False,71.3152,0.1442075618007215,0.0821461682731152,0.0,0.0,70.44049868085575
synthetic_2d_warp,flyingthings|glunet|True|True,flyingthings,glunet|True|True,78.2963,0.1442075618007215,0.0821461682731152,0.0,0.0,78.32144968674748
synthetic_large_zoom,flyingthings|catspp|True|False,flyingthings,catspp|True|False,81.8483,-0.0337360550156179,-0.0192173532204476,0.0,0.0,50.061280655490265
synthetic_large_zoom,flyingthings|catspp|True|True,flyingthings,catspp|True|True,82.1343,-0.0337360550156179,-0.0192173532204476,0.0,0.0,54.6331914111898
synthetic_large_zoom,flyingthings|glunet|True|False,flyingthings,glunet|True|False,72.5692,-0.0337360550156179,-0.0192173532204476,0.0,0.0,69.27015779222843
synthetic_large_zoom,flyingthings|glunet|True|True,flyingthings,glunet|True|True,62.7767,-0.0337360550156179,-0.0192173532204476,0.0,0.0,62.6086515738776
synthetic_random_flipping,flyingthings|catspp|True|False,flyingthings,catspp|True|False,83.2946,0.1447812171001515,0.0824729443739611,0.0,0.0,52.051895815518726
synthetic_random_flipping,flyingthings|catspp|True|True,flyingthings,catspp|True|True,80.7323,0.1447812171001515,0.0824729443739611,0.0,0.0,51.396586811738175
synthetic_random_flipping,flyingthings|glunet|True|False,flyingthings,glunet|True|False,81.6246,0.1447812171001515,0.0824729443739611,0.0,0.0,78.70587520299055
synthetic_random_flipping,flyingthings|glunet|True|True,flyingthings,glunet|True|True,77.2625,0.1447812171001515,0.0824729443739611,0.0,0.0,77.69751054406397
synthetic_small_zoom,flyingthings|catspp|True|False,flyingthings,catspp|True|False,81.3255,-0.1323725973620227,-0.07540451777887,0.0,0.0,49.422922269369344
synthetic_small_zoom,flyingthings|catspp|True|True,flyingthings,catspp|True|True,81.1893,-0.1323725973620227,-0.07540451777887,0.0,0.0,51.10947610885616
synthetic_small_zoom,flyingthings|glunet|True|False,flyingthings,glunet|True|False,75.9953,-0.1323725973620227,-0.07540451777887,0.0,0.0,71.20784704208728
synthetic_small_zoom,flyingthings|glunet|True|True,flyingthings,glunet|True|True,72.6252,-0.1323725973620227,-0.07540451777887,0.0,0.0,70.1473074135141
flyingthings,kitti2012|catspp|True|False,kitti2012,catspp|True|False,98.098,0.00027777782574,0.0001909440083243,0.0,0.0,91.96311088877135
flyingthings,kitti2012|catspp|True|True,kitti2012,catspp|True|True,97.709,0.00027777782574,0.0001909440083243,0.0,0.0,90.6985430076087
flyingthings,kitti2012|glunet|True|False,kitti2012,glunet|True|False,99.4901,0.00027777782574,0.0001909440083243,0.0,0.0,94.6097687121552
flyingthings,kitti2012|glunet|True|True,kitti2012,glunet|True|True,99.0764,0.00027777782574,0.0001909440083243,0.0,0.0,93.93297365835068
imagenet2dwarp,kitti2012|catspp|True|False,kitti2012,catspp|True|False,92.9336,-0.0293736855520223,-0.0201914218444889,0.0,0.0,85.25612352776636
imagenet2dwarp,kitti2012|catspp|True|True,kitti2012,catspp|True|True,93.6996,-0.0293736855520223,-0.0201914218444889,0.0,0.0,86.96177580551934
imagenet2dwarp,kitti2012|glunet|True|False,kitti2012,glunet|True|False,22.7606,-0.0293736855520223,-0.0201914218444889,0.0,0.0,27.91472072078152
imagenet2dwarp,kitti2012|glunet|True|True,kitti2012,glunet|True|True,93.1941,-0.0293736855520223,-0.0201914218444889,0.0,0.0,86.24197535133622
movi_f,kitti2012|catspp|True|False,kitti2012,catspp|True|False,94.5198,-0.0120727160369447,-0.008298764616342,0.0,0.0,91.2479630896054
movi_f,kitti2012|catspp|True|True,kitti2012,catspp|True|True,95.7835,-0.0120727160369447,-0.008298764616342,0.0,0.0,91.91394552580036
movi_f,kitti2012|glunet|True|False,kitti2012,glunet|True|False,78.7366,-0.0120727160369447,-0.008298764616342,0.0,0.0,61.87939082015716
movi_f,kitti2012|glunet|True|True,kitti2012,glunet|True|True,73.9202,-0.0120727160369447,-0.008298764616342,0.0,0.0,58.80628621431919
pointodyssey,kitti2012|catspp|True|False,kitti2012,catspp|True|False,96.6249,-0.0201041285717395,-0.0138195440299417,0.0,0.0,90.90588941848814
pointodyssey,kitti2012|catspp|True|True,kitti2012,catspp|True|True,96.1437,-0.0201041285717395,-0.0138195440299417,0.0,0.0,90.69174199304952
pointodyssey,kitti2012|glunet|True|False,kitti2012,glunet|True|False,97.8728,-0.0201041285717395,-0.0138195440299417,0.0,0.0,91.94843609634913
pointodyssey,kitti2012|glunet|True|True,kitti2012,glunet|True|True,97.4634,-0.0201041285717395,-0.0138195440299417,0.0,0.0,92.16388889000427
sintel,kitti2012|catspp|True|False,kitti2012,catspp|True|False,98.205,-0.0150213198653167,-0.0103256299085944,0.0,0.0,91.44600924564416
sintel,kitti2012|catspp|True|True,kitti2012,catspp|True|True,98.1215,-0.0150213198653167,-0.0103256299085944,0.0,0.0,92.05685275951546
sintel,kitti2012|glunet|True|False,kitti2012,glunet|True|False,98.4939,-0.0150213198653167,-0.0103256299085944,0.0,0.0,90.7506923779234
sintel,kitti2012|glunet|True|True,kitti2012,glunet|True|True,98.9758,-0.0150213198653167,-0.0103256299085944,0.0,0.0,91.92601051714064
spair,kitti2012|catspp|True|False,kitti2012,catspp|True|False,83.7234,-0.1663588434379282,-0.1143547880454935,0.0,0.0,80.8983346104934
spair,kitti2012|catspp|True|True,kitti2012,catspp|True|True,84.0079,-0.1663588434379282,-0.1143547880454935,0.0,0.0,79.93395463568834
spair,kitti2012|glunet|True|False,kitti2012,glunet|True|False,93.4583,-0.1663588434379282,-0.1143547880454935,0.0,0.0,89.2804517240492
spair,kitti2012|glunet|True|True,kitti2012,glunet|True|True,54.1912,-0.1663588434379282,-0.1143547880454935,0.0,0.0,58.92882607892355
synthetic,kitti2012|catspp|True|False,kitti2012,catspp|True|False,98.3518,-0.016808163641171,-0.0115539033026354,0.0,0.0,92.05203158423986
synthetic,kitti2012|catspp|True|True,kitti2012,catspp|True|True,97.2492,-0.016808163641171,-0.0115539033026354,0.0,0.0,90.36982170810032
synthetic,kitti2012|glunet|True|False,kitti2012,glunet|True|False,97.2991,-0.016808163641171,-0.0115539033026354,0.0,0.0,92.28559056081949
synthetic,kitti2012|glunet|True|True,kitti2012,glunet|True|True,98.2409,-0.016808163641171,-0.0115539033026354,0.0,0.0,94.4683020547994
synthetic_2d_warp,kitti2012|catspp|True|False,kitti2012,catspp|True|False,95.9663,-0.0166961034285505,-0.0114768733017185,0.0,0.0,89.8437629454571
synthetic_2d_warp,kitti2012|catspp|True|True,kitti2012,catspp|True|True,96.3689,-0.0166961034285505,-0.0114768733017185,0.0,0.0,90.17724217504885
synthetic_2d_warp,kitti2012|glunet|True|False,kitti2012,glunet|True|False,91.75,-0.0166961034285505,-0.0114768733017185,0.0,0.0,88.33792032907213
synthetic_2d_warp,kitti2012|glunet|True|True,kitti2012,glunet|True|True,98.3573,-0.0166961034285505,-0.0114768733017185,0.0,0.0,94.51355405247642
synthetic_large_zoom,kitti2012|catspp|True|False,kitti2012,catspp|True|False,98.7949,-0.0112548233670347,-0.0077365465762387,0.0,0.0,91.60618275182082
synthetic_large_zoom,kitti2012|catspp|True|True,kitti2012,catspp|True|True,98.6413,-0.0112548233670347,-0.0077365465762387,0.0,0.0,91.91515793835384
synthetic_large_zoom,kitti2012|glunet|True|False,kitti2012,glunet|True|False,99.1724,-0.0112548233670347,-0.0077365465762387,0.0,0.0,93.65809748989122
synthetic_large_zoom,kitti2012|glunet|True|True,kitti2012,glunet|True|True,98.7654,-0.0112548233670347,-0.0077365465762387,0.0,0.0,91.48067761722233
synthetic_random_flipping,kitti2012|catspp|True|False,kitti2012,catspp|True|False,97.9034,-0.0199890576940197,-0.0137404445029197,0.0,0.0,90.89633596532832
synthetic_random_flipping,kitti2012|catspp|True|True,kitti2012,catspp|True|True,95.9432,-0.0199890576940197,-0.0137404445029197,0.0,0.0,89.39197872208399
synthetic_random_flipping,kitti2012|glunet|True|False,kitti2012,glunet|True|False,98.9943,-0.0199890576940197,-0.0137404445029197,0.0,0.0,94.48009857181052
synthetic_random_flipping,kitti2012|glunet|True|True,kitti2012,glunet|True|True,98.8084,-0.0199890576940197,-0.0137404445029197,0.0,0.0,94.02569228457963
synthetic_small_zoom,kitti2012|catspp|True|False,kitti2012,catspp|True|False,98.6145,-0.0120808802192449,-0.008304376661468,0.0,0.0,91.16525856629475
synthetic_small_zoom,kitti2012|catspp|True|True,kitti2012,catspp|True|True,98.7183,-0.0120808802192449,-0.008304376661468,0.0,0.0,91.48042881687876
synthetic_small_zoom,kitti2012|glunet|True|False,kitti2012,glunet|True|False,99.1933,-0.0120808802192449,-0.008304376661468,0.0,0.0,94.05287854654328
synthetic_small_zoom,kitti2012|glunet|True|True,kitti2012,glunet|True|True,99.0835,-0.0120808802192449,-0.008304376661468,0.0,0.0,93.68835375386348
flyingthings,kitti2015|catspp|True|False,kitti2015,catspp|True|False,96.7896,0.0172603391089755,0.0108680960491421,0.0,0.0,93.6288816838616
flyingthings,kitti2015|catspp|True|True,kitti2015,catspp|True|True,95.7013,0.0172603391089755,0.0108680960491421,0.0,0.0,93.05570446944247
flyingthings,kitti2015|glunet|True|False,kitti2015,glunet|True|False,97.7086,0.0172603391089755,0.0108680960491421,0.0,0.0,96.04402434115428
flyingthings,kitti2015|glunet|True|True,kitti2015,glunet|True|True,97.3336,0.0172603391089755,0.0108680960491421,0.0,0.0,95.3812728650143
imagenet2dwarp,kitti2015|catspp|True|False,kitti2015,catspp|True|False,92.1125,-0.0331377991644509,-0.0208654524052286,0.0,0.0,86.9489982568581
imagenet2dwarp,kitti2015|catspp|True|True,kitti2015,catspp|True|True,93.2336,-0.0331377991644509,-0.0208654524052286,0.0,0.0,88.28712012914501
imagenet2dwarp,kitti2015|glunet|True|False,kitti2015,glunet|True|False,29.7992,-0.0331377991644509,-0.0208654524052286,0.0,0.0,21.889899880566173
imagenet2dwarp,kitti2015|glunet|True|True,kitti2015,glunet|True|True,89.5363,-0.0331377991644509,-0.0208654524052286,0.0,0.0,89.36372095715313
movi_f,kitti2015|catspp|True|False,kitti2015,catspp|True|False,94.1351,-0.0433224143157054,-0.0272782682246945,0.0,0.0,91.4714471789413
movi_f,kitti2015|catspp|True|True,kitti2015,catspp|True|True,94.8194,-0.0433224143157054,-0.0272782682246945,0.0,0.0,92.64622374059644
movi_f,kitti2015|glunet|True|False,kitti2015,glunet|True|False,65.3127,-0.0433224143157054,-0.0272782682246945,0.0,0.0,73.56350838541066
movi_f,kitti2015|glunet|True|True,kitti2015,glunet|True|True,61.7536,-0.0433224143157054,-0.0272782682246945,0.0,0.0,69.3568785850903
pointodyssey,kitti2015|catspp|True|False,kitti2015,catspp|True|False,95.30515,-0.0307072545355682,-0.0193350425846773,0.0,0.0,92.4120846051086
pointodyssey,kitti2015|catspp|True|True,kitti2015,catspp|True|True,95.0862,-0.0307072545355682,-0.0193350425846773,0.0,0.0,92.00254374279628
pointodyssey,kitti2015|glunet|True|False,kitti2015,glunet|True|False,95.0124,-0.0307072545355682,-0.0193350425846773,0.0,0.0,94.3226002496634
pointodyssey,kitti2015|glunet|True|True,kitti2015,glunet|True|True,94.9408,-0.0307072545355682,-0.0193350425846773,0.0,0.0,94.2607080861158
sintel,kitti2015|catspp|True|False,kitti2015,catspp|True|False,96.8068,-0.0385619753625466,-0.0242808237682235,0.0,0.0,93.32087144706904
sintel,kitti2015|catspp|True|True,kitti2015,catspp|True|True,96.3826,-0.0385619753625466,-0.0242808237682235,0.0,0.0,93.93270262259468
sintel,kitti2015|glunet|True|False,kitti2015,glunet|True|False,95.0838,-0.0385619753625466,-0.0242808237682235,0.0,0.0,93.71042560618136
sintel,kitti2015|glunet|True|True,kitti2015,glunet|True|True,96.2638,-0.0385619753625466,-0.0242808237682235,0.0,0.0,94.3021783654062
spair,kitti2015|catspp|True|False,kitti2015,catspp|True|False,85.7568,-0.1732120171816888,-0.1090641862660365,0.0,0.0,79.70896751967267
spair,kitti2015|catspp|True|True,kitti2015,catspp|True|True,85.1192,-0.1732120171816888,-0.1090641862660365,0.0,0.0,79.68290088096535
spair,kitti2015|glunet|True|False,kitti2015,glunet|True|False,91.9963,-0.1732120171816888,-0.1090641862660365,0.0,0.0,90.54274522383903
spair,kitti2015|glunet|True|True,kitti2015,glunet|True|True,61.2326,-0.1732120171816888,-0.1090641862660365,0.0,0.0,52.93972646559679
synthetic,kitti2015|catspp|True|False,kitti2015,catspp|True|False,97.4319,-0.0189642021362737,-0.011940945598525,0.0,0.0,93.52921733080188
synthetic,kitti2015|catspp|True|True,kitti2015,catspp|True|True,96.1149,-0.0189642021362737,-0.011940945598525,0.0,0.0,92.14865555374138
synthetic,kitti2015|glunet|True|False,kitti2015,glunet|True|False,96.11,-0.0189642021362737,-0.011940945598525,0.0,0.0,93.30663705027186
synthetic,kitti2015|glunet|True|True,kitti2015,glunet|True|True,97.4108,-0.0189642021362737,-0.011940945598525,0.0,0.0,95.14139921815658
synthetic_2d_warp,kitti2015|catspp|True|False,kitti2015,catspp|True|False,95.364,-0.0189616637684434,-0.011939347297054,0.0,0.0,91.1053538661453
synthetic_2d_warp,kitti2015|catspp|True|True,kitti2015,catspp|True|True,95.7853,-0.0189616637684434,-0.011939347297054,0.0,0.0,91.49438483892604
synthetic_2d_warp,kitti2015|glunet|True|False,kitti2015,glunet|True|False,91.6412,-0.0189616637684434,-0.011939347297054,0.0,0.0,88.33902159865022
synthetic_2d_warp,kitti2015|glunet|True|True,kitti2015,glunet|True|True,97.4131,-0.0189616637684434,-0.011939347297054,0.0,0.0,95.30063964638104
synthetic_large_zoom,kitti2015|catspp|True|False,kitti2015,catspp|True|False,98.0919,-0.016167911437313,-0.0101802411473694,0.0,0.0,93.17637695994377
synthetic_large_zoom,kitti2015|catspp|True|True,kitti2015,catspp|True|True,97.7369,-0.016167911437313,-0.0101802411473694,0.0,0.0,93.5186635308021
synthetic_large_zoom,kitti2015|glunet|True|False,kitti2015,glunet|True|False,98.0506,-0.016167911437313,-0.0101802411473694,0.0,0.0,94.68046144968488
synthetic_large_zoom,kitti2015|glunet|True|True,kitti2015,glunet|True|True,96.8003,-0.016167911437313,-0.0101802411473694,0.0,0.0,93.3343094189173
synthetic_random_flipping,kitti2015|catspp|True|False,kitti2015,catspp|True|False,97.1466,-0.0226317703650454,-0.0142502561819043,0.0,0.0,92.42605452699354
synthetic_random_flipping,kitti2015|catspp|True|True,kitti2015,catspp|True|True,95.5148,-0.0226317703650454,-0.0142502561819043,0.0,0.0,90.60922475356048
synthetic_random_flipping,kitti2015|glunet|True|False,kitti2015,glunet|True|False,97.5133,-0.0226317703650454,-0.0142502561819043,0.0,0.0,95.70326600812118
synthetic_random_flipping,kitti2015|glunet|True|True,kitti2015,glunet|True|True,97.2046,-0.0226317703650454,-0.0142502561819043,0.0,0.0,95.39420004087292
synthetic_small_zoom,kitti2015|catspp|True|False,kitti2015,catspp|True|False,97.692,-0.0314558892729625,-0.0198064258049231,0.0,0.0,92.90797269442815
synthetic_small_zoom,kitti2015|catspp|True|True,kitti2015,catspp|True|True,97.817,-0.0314558892729625,-0.0198064258049231,0.0,0.0,93.15729952036828
synthetic_small_zoom,kitti2015|glunet|True|False,kitti2015,glunet|True|False,98.1319,-0.0314558892729625,-0.0198064258049231,0.0,0.0,94.98919079284332
synthetic_small_zoom,kitti2015|glunet|True|True,kitti2015,glunet|True|True,97.9048,-0.0314558892729625,-0.0198064258049231,0.0,0.0,94.76651515876809
flyingthings,pfpascal|catspp|True|False,pfpascal,catspp|True|False,48.3555,0.5460712998035534,0.3686813230194577,0.0,0.0,67.74318519309294
flyingthings,pfpascal|catspp|True|True,pfpascal,catspp|True|True,50.7447,0.5460712998035534,0.3686813230194577,0.0,0.0,64.1952715674261
flyingthings,pfpascal|glunet|True|False,pfpascal,glunet|True|False,34.1953,0.5460712998035534,0.3686813230194577,0.0,0.0,88.4920560796499
flyingthings,pfpascal|glunet|True|True,pfpascal,glunet|True|True,33.9699,0.5460712998035534,0.3686813230194577,0.0,0.0,85.91841462289335
imagenet2dwarp,pfpascal|catspp|True|False,pfpascal,catspp|True|False,34.5998,0.2199066970539254,0.1484705239770828,0.0,0.0,46.492684427085536
imagenet2dwarp,pfpascal|catspp|True|True,pfpascal,catspp|True|True,45.3169,0.2199066970539254,0.1484705239770828,0.0,0.0,50.79525603303728
imagenet2dwarp,pfpascal|glunet|True|False,pfpascal,glunet|True|False,5.8954,0.2199066970539254,0.1484705239770828,0.0,0.0,20.706939047788108
imagenet2dwarp,pfpascal|glunet|True|True,pfpascal,glunet|True|True,29.9721,0.2199066970539254,0.1484705239770828,0.0,0.0,78.60769202517062
movi_f,pfpascal|catspp|True|False,pfpascal,catspp|True|False,34.8945,-1.7578642245840694,-1.1868261676476606,0.0,0.0,85.77224783459258
movi_f,pfpascal|catspp|True|True,pfpascal,catspp|True|True,38.85,-1.7578642245840694,-1.1868261676476606,0.0,0.0,86.0616370398664
movi_f,pfpascal|glunet|True|False,pfpascal,glunet|True|False,12.1653,-1.7578642245840694,-1.1868261676476606,0.0,0.0,52.51675226295245
movi_f,pfpascal|glunet|True|True,pfpascal,glunet|True|True,11.6719,-1.7578642245840694,-1.1868261676476606,0.0,0.0,51.7060587280858
pointodyssey,pfpascal|catspp|True|False,pfpascal,catspp|True|False,42.4378,0.3299554825732096,0.2227702204755624,0.0,0.0,71.54008613830057
pointodyssey,pfpascal|catspp|True|True,pfpascal,catspp|True|True,45.84245,0.3299554825732096,0.2227702204755624,0.0,0.0,70.56426894660248
pointodyssey,pfpascal|glunet|True|False,pfpascal,glunet|True|False,28.6839,0.3299554825732096,0.2227702204755624,0.0,0.0,86.41544178815921
pointodyssey,pfpascal|glunet|True|True,pfpascal,glunet|True|True,42.0709,0.3299554825732096,0.2227702204755624,0.0,0.0,86.55462502413855
sintel,pfpascal|catspp|True|False,pfpascal,catspp|True|False,48.9548,-0.5480170255703557,-0.3699949843493901,0.0,0.0,63.09542555315103
sintel,pfpascal|catspp|True|True,pfpascal,catspp|True|True,45.1843,-0.5480170255703557,-0.3699949843493901,0.0,0.0,72.71605810968657
sintel,pfpascal|glunet|True|False,pfpascal,glunet|True|False,21.5232,-0.5480170255703557,-0.3699949843493901,0.0,0.0,79.03262644836516
sintel,pfpascal|glunet|True|True,pfpascal,glunet|True|True,25.0318,-0.5480170255703557,-0.3699949843493901,0.0,0.0,79.68160093964445
spair,pfpascal|catspp|True|False,pfpascal,catspp|True|False,38.806,0.4516498612201244,0.3049324665773368,0.0,0.0,56.02153313000713
spair,pfpascal|catspp|True|True,pfpascal,catspp|True|True,40.9858,0.4516498612201244,0.3049324665773368,0.0,0.0,51.24313181653224
spair,pfpascal|glunet|True|False,pfpascal,glunet|True|False,44.4728,0.4516498612201244,0.3049324665773368,0.0,0.0,82.47874155783319
spair,pfpascal|glunet|True|True,pfpascal,glunet|True|True,30.356,0.4516498612201244,0.3049324665773368,0.0,0.0,50.0958088993763
synthetic,pfpascal|catspp|True|False,pfpascal,catspp|True|False,49.2406,0.608226131880289,0.410645304152227,0.0,0.0,63.31657525120328
synthetic,pfpascal|catspp|True|True,pfpascal,catspp|True|True,50.2518,0.608226131880289,0.410645304152227,0.0,0.0,58.207164645807794
synthetic,pfpascal|glunet|True|False,pfpascal,glunet|True|False,30.3321,0.608226131880289,0.410645304152227,0.0,0.0,82.18220953454995
synthetic,pfpascal|glunet|True|True,pfpascal,glunet|True|True,42.4831,0.608226131880289,0.410645304152227,0.0,0.0,87.55485025709716
synthetic_2d_warp,pfpascal|catspp|True|False,pfpascal,catspp|True|False,49.2846,0.6075248384428814,0.4101718242377519,0.0,0.0,59.41478860276059
synthetic_2d_warp,pfpascal|catspp|True|True,pfpascal,catspp|True|True,55.8613,0.6075248384428814,0.4101718242377519,0.0,0.0,57.85615851366669
synthetic_2d_warp,pfpascal|glunet|True|False,pfpascal,glunet|True|False,27.963,0.6075248384428814,0.4101718242377519,0.0,0.0,81.30962550364353
synthetic_2d_warp,pfpascal|glunet|True|True,pfpascal,glunet|True|True,46.4716,0.6075248384428814,0.4101718242377519,0.0,0.0,87.28888988659189
synthetic_large_zoom,pfpascal|catspp|True|False,pfpascal,catspp|True|False,47.5495,-0.3076578066058733,-0.2077158920776882,0.0,0.0,54.2741858948752
synthetic_large_zoom,pfpascal|catspp|True|True,pfpascal,catspp|True|True,50.0421,-0.3076578066058733,-0.2077158920776882,0.0,0.0,59.25394702712878
synthetic_large_zoom,pfpascal|glunet|True|False,pfpascal,glunet|True|False,23.0618,-0.3076578066058733,-0.2077158920776882,0.0,0.0,80.960984090229
synthetic_large_zoom,pfpascal|glunet|True|True,pfpascal,glunet|True|True,19.3452,-0.3076578066058733,-0.2077158920776882,0.0,0.0,73.88930443241736
synthetic_random_flipping,pfpascal|catspp|True|False,pfpascal,catspp|True|False,39.4059,0.6021816705947756,0.4065643718921272,0.0,0.0,56.440877630087066
synthetic_random_flipping,pfpascal|catspp|True|True,pfpascal,catspp|True|True,38.0521,0.6021816705947756,0.4065643718921272,0.0,0.0,55.89128157088934
synthetic_random_flipping,pfpascal|glunet|True|False,pfpascal,glunet|True|False,30.4384,0.6021816705947756,0.4065643718921272,0.0,0.0,88.3808407984832
synthetic_random_flipping,pfpascal|glunet|True|True,pfpascal,glunet|True|True,32.8035,0.6021816705947756,0.4065643718921272,0.0,0.0,86.70475692189197
synthetic_small_zoom,pfpascal|catspp|True|False,pfpascal,catspp|True|False,46.1154,-1.002666569766668,-0.676952693946636,0.0,0.0,54.02193074850624
synthetic_small_zoom,pfpascal|catspp|True|True,pfpascal,catspp|True|True,47.1207,-1.002666569766668,-0.676952693946636,0.0,0.0,55.7930837723092
synthetic_small_zoom,pfpascal|glunet|True|False,pfpascal,glunet|True|False,26.2712,-1.002666569766668,-0.676952693946636,0.0,0.0,82.88072281174149
synthetic_small_zoom,pfpascal|glunet|True|True,pfpascal,glunet|True|True,31.3731,-1.002666569766668,-0.676952693946636,0.0,0.0,81.00976541842097
flyingthings,pfwillow|catspp|True|False,pfwillow,catspp|True|False,51.4778,0.7063767064440678,0.4938912680524784,0.0,0.0,65.3461488836733
flyingthings,pfwillow|catspp|True|True,pfwillow,catspp|True|True,53.4,0.7063767064440678,0.4938912680524784,0.0,0.0,62.76388809095277
flyingthings,pfwillow|glunet|True|False,pfwillow,glunet|True|False,35.8302,0.7063767064440678,0.4938912680524784,0.0,0.0,78.12287678177326
flyingthings,pfwillow|glunet|True|True,pfwillow,glunet|True|True,36.9398,0.7063767064440678,0.4938912680524784,0.0,0.0,75.21211634345227
imagenet2dwarp,pfwillow|catspp|True|False,pfwillow,catspp|True|False,40.8778,-0.0196348580966507,-0.0137284891686237,0.0,0.0,47.442892794255286
imagenet2dwarp,pfwillow|catspp|True|True,pfwillow,catspp|True|True,48.9333,-0.0196348580966507,-0.0137284891686237,0.0,0.0,52.254745232704366
imagenet2dwarp,pfwillow|glunet|True|False,pfwillow,glunet|True|False,10.1,-0.0196348580966507,-0.0137284891686237,0.0,0.0,17.795828764906823
imagenet2dwarp,pfwillow|glunet|True|True,pfwillow,glunet|True|True,31.7,-0.0196348580966507,-0.0137284891686237,0.0,0.0,69.15311251463473
movi_f,pfwillow|catspp|True|False,pfwillow,catspp|True|False,38.0889,-2.382165872888788,-1.665585675375811,0.0,0.0,76.42419453140269
movi_f,pfwillow|catspp|True|True,pfwillow,catspp|True|True,38.0222,-2.382165872888788,-1.665585675375811,0.0,0.0,76.1520498988201
movi_f,pfwillow|glunet|True|False,pfwillow,glunet|True|False,11.9333,-2.382165872888788,-1.665585675375811,0.0,0.0,41.674288435267
movi_f,pfwillow|glunet|True|True,pfwillow,glunet|True|True,14.3062,-2.382165872888788,-1.665585675375811,0.0,0.0,41.73045945502786
pointodyssey,pfwillow|catspp|True|False,pfwillow,catspp|True|False,44.75,0.429855978154387,0.3005508423392766,0.0,0.0,67.1676533274754
pointodyssey,pfwillow|catspp|True|True,pfwillow,catspp|True|True,47.911100000000005,0.429855978154387,0.3005508423392766,0.0,0.0,66.72772634291952
pointodyssey,pfwillow|glunet|True|False,pfwillow,glunet|True|False,36.5889,0.429855978154387,0.3005508423392766,0.0,0.0,77.23392047598283
pointodyssey,pfwillow|glunet|True|True,pfwillow,glunet|True|True,44.3778,0.429855978154387,0.3005508423392766,0.0,0.0,78.14765823108158
sintel,pfwillow|catspp|True|False,pfwillow,catspp|True|False,50.7444,-1.216857867755124,-0.8508144023755427,0.0,0.0,61.93862164840898
sintel,pfwillow|catspp|True|True,pfwillow,catspp|True|True,49.6444,-1.216857867755124,-0.8508144023755427,0.0,0.0,68.43410064593105
sintel,pfwillow|glunet|True|False,pfwillow,glunet|True|False,21.9778,-1.216857867755124,-0.8508144023755427,0.0,0.0,66.63815599771155
sintel,pfwillow|glunet|True|True,pfwillow,glunet|True|True,27.2457,-1.216857867755124,-0.8508144023755427,0.0,0.0,67.76669813902545
spair,pfwillow|catspp|True|False,pfwillow,catspp|True|False,44.0889,0.7269354774268099,0.5082657475301238,0.0,0.0,55.786668703604114
spair,pfwillow|catspp|True|True,pfwillow,catspp|True|True,45.7111,0.7269354774268099,0.5082657475301238,0.0,0.0,52.30004429660627
spair,pfwillow|glunet|True|False,pfwillow,glunet|True|False,49.2827,0.7269354774268099,0.5082657475301238,0.0,0.0,76.6165472787718
spair,pfwillow|glunet|True|True,pfwillow,glunet|True|True,34.1444,0.7269354774268099,0.5082657475301238,0.0,0.0,49.31699998444885
synthetic,pfwillow|catspp|True|False,pfwillow,catspp|True|False,51.6333,0.8354291657566473,0.5841234093359022,0.0,0.0,62.27113573981683
synthetic,pfwillow|catspp|True|True,pfwillow,catspp|True|True,52.2222,0.8354291657566473,0.5841234093359022,0.0,0.0,58.439504777701984
synthetic,pfwillow|glunet|True|False,pfwillow,glunet|True|False,29.7111,0.8354291657566473,0.5841234093359022,0.0,0.0,72.28309641074708
synthetic,pfwillow|glunet|True|True,pfwillow,glunet|True|True,48.458,0.8354291657566473,0.5841234093359022,0.0,0.0,79.24226131844623
synthetic_2d_warp,pfwillow|catspp|True|False,pfwillow,catspp|True|False,52.3889,0.8324355622410285,0.5820303128013093,0.0,0.0,59.213305824273824
synthetic_2d_warp,pfwillow|catspp|True|True,pfwillow,catspp|True|True,57.2889,0.8324355622410285,0.5820303128013093,0.0,0.0,58.81526021236446
synthetic_2d_warp,pfwillow|glunet|True|False,pfwillow,glunet|True|False,29.116,0.8324355622410285,0.5820303128013093,0.0,0.0,71.17074650098677
synthetic_2d_warp,pfwillow|glunet|True|True,pfwillow,glunet|True|True,48.3864,0.8324355622410285,0.5820303128013093,0.0,0.0,79.83213133185578
synthetic_large_zoom,pfwillow|catspp|True|False,pfwillow,catspp|True|False,51.4222,-0.1991719933193475,-0.1392589923246875,0.0,0.0,56.26811720819236
synthetic_large_zoom,pfwillow|catspp|True|True,pfwillow,catspp|True|True,54.3556,-0.1991719933193475,-0.1392589923246875,0.0,0.0,60.10742568093942
synthetic_large_zoom,pfwillow|glunet|True|False,pfwillow,glunet|True|False,30.5,-0.1991719933193475,-0.1392589923246875,0.0,0.0,70.07936529294457
synthetic_large_zoom,pfwillow|glunet|True|True,pfwillow,glunet|True|True,21.0975,-0.1991719933193475,-0.1392589923246875,0.0,0.0,61.33931654738588
synthetic_random_flipping,pfwillow|catspp|True|False,pfwillow,catspp|True|False,40.1667,0.8423059929724412,0.5889316156128107,0.0,0.0,58.09040811423665
synthetic_random_flipping,pfwillow|catspp|True|True,pfwillow,catspp|True|True,40.1,0.8423059929724412,0.5889316156128107,0.0,0.0,57.72630962953038
synthetic_random_flipping,pfwillow|glunet|True|False,pfwillow,glunet|True|False,36.342,0.8423059929724412,0.5889316156128107,0.0,0.0,80.61931215369924
synthetic_random_flipping,pfwillow|glunet|True|True,pfwillow,glunet|True|True,36.9201,0.8423059929724412,0.5889316156128107,0.0,0.0,80.09547067272993
synthetic_small_zoom,pfwillow|catspp|True|False,pfwillow,catspp|True|False,48.7889,-0.8034769075171952,-0.5617827217182927,0.0,0.0,55.26451781741328
synthetic_small_zoom,pfwillow|catspp|True|True,pfwillow,catspp|True|True,48.6889,-0.8034769075171952,-0.5617827217182927,0.0,0.0,56.69765274752811
synthetic_small_zoom,pfwillow|glunet|True|False,pfwillow,glunet|True|False,29.3389,-0.8034769075171952,-0.5617827217182927,0.0,0.0,73.09989628479866
synthetic_small_zoom,pfwillow|glunet|True|True,pfwillow,glunet|True|True,31.6222,-0.8034769075171952,-0.5617827217182927,0.0,0.0,71.10318737800296
flyingthings,pointodyssey|catspp|True|False,pointodyssey,catspp|True|False,64.7289,-0.3067556264047046,-0.170975677206764,0.0,0.0,76.38752735812196
flyingthings,pointodyssey|catspp|True|True,pointodyssey,catspp|True|True,59.3461,-0.3067556264047046,-0.170975677206764,0.0,0.0,76.75513920458536
flyingthings,pointodyssey|glunet|True|False,pointodyssey,glunet|True|False,97.4434,-0.3067556264047046,-0.170975677206764,0.0,0.0,73.02554089982739
flyingthings,pointodyssey|glunet|True|True,pointodyssey,glunet|True|True,95.08,-0.3067556264047046,-0.170975677206764,0.0,0.0,70.0873480423238
imagenet2dwarp,pointodyssey|catspp|True|False,pointodyssey,catspp|True|False,36.487,0.0237265359049857,0.0132244046887456,0.0,0.0,68.8817712109203
imagenet2dwarp,pointodyssey|catspp|True|True,pointodyssey,catspp|True|True,41.4359,0.0237265359049857,0.0132244046887456,0.0,0.0,72.04259894965453
imagenet2dwarp,pointodyssey|glunet|True|False,pointodyssey,glunet|True|False,25.0551,0.0237265359049857,0.0132244046887456,0.0,0.0,11.820685789327754
imagenet2dwarp,pointodyssey|glunet|True|True,pointodyssey,glunet|True|True,89.2135,0.0237265359049857,0.0132244046887456,0.0,0.0,59.328027926867456
movi_f,pointodyssey|catspp|True|False,pointodyssey,catspp|True|False,95.4377,-0.0228880096269905,-0.0127570372278253,0.0,0.0,68.07630243284446
movi_f,pointodyssey|catspp|True|True,pointodyssey,catspp|True|True,95.8171,-0.0228880096269905,-0.0127570372278253,0.0,0.0,68.6832221679876
movi_f,pointodyssey|glunet|True|False,pointodyssey,glunet|True|False,62.6774,-0.0228880096269905,-0.0127570372278253,0.0,0.0,34.509328662468114
movi_f,pointodyssey|glunet|True|True,pointodyssey,glunet|True|True,61.2703,-0.0228880096269905,-0.0127570372278253,0.0,0.0,34.380119901583775
pointodyssey,pointodyssey|catspp|True|False,pointodyssey,catspp|True|False,72.7112,0.0420465819899154,0.0234354065945347,0.0,0.0,71.29265358145507
pointodyssey,pointodyssey|catspp|True|True,pointodyssey,catspp|True|True,71.0583,0.0420465819899154,0.0234354065945347,0.0,0.0,71.76532452059288
pointodyssey,pointodyssey|glunet|True|False,pointodyssey,glunet|True|False,96.5284,0.0420465819899154,0.0234354065945347,0.0,0.0,67.44113488587243
pointodyssey,pointodyssey|glunet|True|True,pointodyssey,glunet|True|True,96.2978,0.0420465819899154,0.0234354065945347,0.0,0.0,69.16181154199202
sintel,pointodyssey|catspp|True|False,pointodyssey,catspp|True|False,58.6808,0.0140142571036684,0.007811094215068,0.0,0.0,74.52497969140836
sintel,pointodyssey|catspp|True|True,pointodyssey,catspp|True|True,73.2754,0.0140142571036684,0.007811094215068,0.0,0.0,73.82113262813233
sintel,pointodyssey|glunet|True|False,pointodyssey,glunet|True|False,90.0851,0.0140142571036684,0.007811094215068,0.0,0.0,59.56805681329543
sintel,pointodyssey|glunet|True|True,pointodyssey,glunet|True|True,90.6576,0.0140142571036684,0.007811094215068,0.0,0.0,60.20056654495081
spair,pointodyssey|catspp|True|False,pointodyssey,catspp|True|False,54.5198,-0.125450901211567,-0.0699222799667534,0.0,0.0,59.83648783434159
spair,pointodyssey|catspp|True|True,pointodyssey,catspp|True|True,45.8507,-0.125450901211567,-0.0699222799667534,0.0,0.0,63.29680070970038
spair,pointodyssey|glunet|True|False,pointodyssey,glunet|True|False,91.9268,-0.125450901211567,-0.0699222799667534,0.0,0.0,64.10312742129433
spair,pointodyssey|glunet|True|True,pointodyssey,glunet|True|True,55.0086,-0.125450901211567,-0.0699222799667534,0.0,0.0,39.98272075322526
synthetic,pointodyssey|catspp|True|False,pointodyssey,catspp|True|False,58.2916,0.0416666291920752,0.0232236331784161,0.0,0.0,75.7787236998648
synthetic,pointodyssey|catspp|True|True,pointodyssey,catspp|True|True,51.1702,0.0416666291920752,0.0232236331784161,0.0,0.0,74.8764601442135
synthetic,pointodyssey|glunet|True|False,pointodyssey,glunet|True|False,92.7503,0.0416666291920752,0.0232236331784161,0.0,0.0,63.1423539357386
synthetic,pointodyssey|glunet|True|True,pointodyssey,glunet|True|True,96.5122,0.0416666291920752,0.0232236331784161,0.0,0.0,71.08523909070452
synthetic_2d_warp,pointodyssey|catspp|True|False,pointodyssey,catspp|True|False,53.0839,0.0416997941852891,0.0232421182743237,0.0,0.0,74.58551725180709
synthetic_2d_warp,pointodyssey|catspp|True|True,pointodyssey,catspp|True|True,50.3469,0.0416997941852891,0.0232421182743237,0.0,0.0,75.65733579532255
synthetic_2d_warp,pointodyssey|glunet|True|False,pointodyssey,glunet|True|False,92.0552,0.0416997941852891,0.0232421182743237,0.0,0.0,61.68969634752936
synthetic_2d_warp,pointodyssey|glunet|True|True,pointodyssey,glunet|True|True,96.0115,0.0416997941852891,0.0232421182743237,0.0,0.0,71.65172466803712
synthetic_large_zoom,pointodyssey|catspp|True|False,pointodyssey,catspp|True|False,45.1112,0.0144047379413426,0.0080287356205088,0.0,0.0,74.68348978635082
synthetic_large_zoom,pointodyssey|catspp|True|True,pointodyssey,catspp|True|True,52.1959,0.0144047379413426,0.0080287356205088,0.0,0.0,75.41066086911785
synthetic_large_zoom,pointodyssey|glunet|True|False,pointodyssey,glunet|True|False,91.0513,0.0144047379413426,0.0080287356205088,0.0,0.0,62.459443912967245
synthetic_large_zoom,pointodyssey|glunet|True|True,pointodyssey,glunet|True|True,85.0481,0.0144047379413426,0.0080287356205088,0.0,0.0,54.14970198791778
synthetic_random_flipping,pointodyssey|catspp|True|False,pointodyssey,catspp|True|False,48.4592,0.0379462053140928,0.0211499890875493,0.0,0.0,73.81080194281846
synthetic_random_flipping,pointodyssey|catspp|True|True,pointodyssey,catspp|True|True,48.5201,0.0379462053140928,0.0211499890875493,0.0,0.0,71.86097776429021
synthetic_random_flipping,pointodyssey|glunet|True|False,pointodyssey,glunet|True|False,97.2085,0.0379462053140928,0.0211499890875493,0.0,0.0,71.0482486090424
synthetic_random_flipping,pointodyssey|glunet|True|True,pointodyssey,glunet|True|True,95.8802,0.0379462053140928,0.0211499890875493,0.0,0.0,68.79697735767736
synthetic_small_zoom,pointodyssey|catspp|True|False,pointodyssey,catspp|True|False,45.3383,0.0021099786083196,0.0011760339188472,0.0,0.0,73.70465430818263
synthetic_small_zoom,pointodyssey|catspp|True|True,pointodyssey,catspp|True|True,47.995,0.0021099786083196,0.0011760339188472,0.0,0.0,73.76800077785633
synthetic_small_zoom,pointodyssey|glunet|True|False,pointodyssey,glunet|True|False,92.6605,0.0021099786083196,0.0011760339188472,0.0,0.0,65.24641907471127
synthetic_small_zoom,pointodyssey|glunet|True|True,pointodyssey,glunet|True|True,90.8588,0.0021099786083196,0.0011760339188472,0.0,0.0,63.77171348648558
flyingthings,spair|catspp|True|False,spair,catspp|True|False,19.9484,4.90671496644836,3.2464061440067487,0.0,0.0,45.74666271072084
flyingthings,spair|catspp|True|True,spair,catspp|True|True,19.8812,4.90671496644836,3.2464061440067487,0.0,0.0,45.773273211392194
flyingthings,spair|glunet|True|False,spair,glunet|True|False,6.6514,4.90671496644836,3.2464061440067487,0.0,0.0,43.38673640129394
flyingthings,spair|glunet|True|True,spair,glunet|True|True,7.582,4.90671496644836,3.2464061440067487,0.0,0.0,36.77716080641398
imagenet2dwarp,spair|catspp|True|False,spair,catspp|True|False,16.6978,-3.9695697079034353,-2.626367249151361,0.0,0.0,42.77116640142447
imagenet2dwarp,spair|catspp|True|True,spair,catspp|True|True,23.1718,-3.9695697079034353,-2.626367249151361,0.0,0.0,45.61408705689223
imagenet2dwarp,spair|glunet|True|False,spair,glunet|True|False,2.8992,-3.9695697079034353,-2.626367249151361,0.0,0.0,7.981551963401893
imagenet2dwarp,spair|glunet|True|True,spair,glunet|True|True,6.6248,-3.9695697079034353,-2.626367249151361,0.0,0.0,29.417094607601992
movi_f,spair|catspp|True|False,spair,catspp|True|False,14.7345,-17.893530876256033,-11.838810481526556,0.0,0.0,40.730451809680105
movi_f,spair|catspp|True|True,spair,catspp|True|True,18.34,-17.893530876256033,-11.838810481526556,0.0,0.0,45.47791694763762
movi_f,spair|glunet|True|False,spair,glunet|True|False,2.3566,-17.893530876256033,-11.838810481526556,0.0,0.0,12.325917398908995
movi_f,spair|glunet|True|True,spair,glunet|True|True,2.486,-17.893530876256033,-11.838810481526556,0.0,0.0,12.489465602791942
pointodyssey,spair|catspp|True|False,spair,catspp|True|False,20.8771,5.201524231046584,3.441459375027124,0.0,0.0,46.39702422551623
pointodyssey,spair|catspp|True|True,spair,catspp|True|True,22.5766,5.201524231046584,3.441459375027124,0.0,0.0,46.29168892593282
pointodyssey,spair|glunet|True|False,spair,glunet|True|False,5.1968,5.201524231046584,3.441459375027124,0.0,0.0,35.039579483420546
pointodyssey,spair|glunet|True|True,spair,glunet|True|True,8.153,5.201524231046584,3.441459375027124,0.0,0.0,34.98756365689836
sintel,spair|catspp|True|False,spair,catspp|True|False,22.5826,-8.847638728939355,-5.853820514536929,0.0,0.0,47.439561035176105
sintel,spair|catspp|True|True,spair,catspp|True|True,17.4154,-8.847638728939355,-5.853820514536929,0.0,0.0,46.15946057823501
sintel,spair|glunet|True|False,spair,glunet|True|False,3.778,-8.847638728939355,-5.853820514536929,0.0,0.0,29.59580955731904
sintel,spair|glunet|True|True,spair,glunet|True|True,5.0597,-8.847638728939355,-5.853820514536929,0.0,0.0,29.11835528296489
spair,spair|catspp|True|False,spair,catspp|True|False,27.8596,5.168190605488466,3.419405009213365,0.0,0.0,39.99128623587269
spair,spair|catspp|True|True,spair,catspp|True|True,27.9373,5.168190605488466,3.419405009213365,0.0,0.0,45.21324450258692
spair,spair|glunet|True|False,spair,glunet|True|False,26.6007,5.168190605488466,3.419405009213365,0.0,0.0,42.37512211709856
spair,spair|glunet|True|True,spair,glunet|True|True,14.6684,5.168190605488466,3.419405009213365,0.0,0.0,26.167611278526287
synthetic,spair|catspp|True|False,spair,catspp|True|False,22.4135,5.10014681494415,3.374385524447071,0.0,0.0,57.64709511841285
synthetic,spair|catspp|True|True,spair,catspp|True|True,23.9909,5.10014681494415,3.374385524447071,0.0,0.0,53.20883055888055
synthetic,spair|glunet|True|False,spair,glunet|True|False,7.559,5.10014681494415,3.374385524447071,0.0,0.0,39.387290729002736
synthetic,spair|glunet|True|True,spair,glunet|True|True,15.5133,5.10014681494415,3.374385524447071,0.0,0.0,45.31457542830919
synthetic_2d_warp,spair|catspp|True|False,spair,catspp|True|False,22.7753,5.101383915775401,3.375204021499944,0.0,0.0,50.19240239020368
synthetic_2d_warp,spair|catspp|True|True,spair,catspp|True|True,25.8691,5.101383915775401,3.375204021499944,0.0,0.0,49.41804722405206
synthetic_2d_warp,spair|glunet|True|False,spair,glunet|True|False,6.63,5.101383915775401,3.375204021499944,0.0,0.0,36.43683364413581
synthetic_2d_warp,spair|glunet|True|True,spair,glunet|True|True,15.6163,5.101383915775401,3.375204021499944,0.0,0.0,44.70868695209336
synthetic_large_zoom,spair|catspp|True|False,spair,catspp|True|False,20.9922,0.8400244275191984,0.5557813081178445,0.0,0.0,64.6424150311192
synthetic_large_zoom,spair|catspp|True|True,spair,catspp|True|True,21.5433,0.8400244275191984,0.5557813081178445,0.0,0.0,63.16710403994653
synthetic_large_zoom,spair|glunet|True|False,spair,glunet|True|False,4.5811,0.8400244275191984,0.5557813081178445,0.0,0.0,33.306304817791506
synthetic_large_zoom,spair|glunet|True|True,spair,glunet|True|True,3.6447,0.8400244275191984,0.5557813081178445,0.0,0.0,25.829588597284157
synthetic_random_flipping,spair|catspp|True|False,spair,catspp|True|False,23.9303,5.315825898207916,3.517084235464321,0.0,0.0,81.21247189986815
synthetic_random_flipping,spair|catspp|True|True,spair,catspp|True|True,25.8495,5.315825898207916,3.517084235464321,0.0,0.0,70.02373716583249
synthetic_random_flipping,spair|glunet|True|False,spair,glunet|True|False,12.1407,5.315825898207916,3.517084235464321,0.0,0.0,71.04445451425842
synthetic_random_flipping,spair|glunet|True|True,spair,glunet|True|True,14.4483,5.315825898207916,3.517084235464321,0.0,0.0,57.38117008605074
synthetic_small_zoom,spair|catspp|True|False,spair,catspp|True|False,20.7809,-1.1851538384302611,-0.7841276147039214,0.0,0.0,62.54737669861016
synthetic_small_zoom,spair|catspp|True|True,spair,catspp|True|True,20.6206,-1.1851538384302611,-0.7841276147039214,0.0,0.0,62.547536232293375
synthetic_small_zoom,spair|glunet|True|False,spair,glunet|True|False,4.3584,-1.1851538384302611,-0.7841276147039214,0.0,0.0,34.947489379254314
synthetic_small_zoom,spair|glunet|True|True,spair,glunet|True|True,5.8067,-1.1851538384302611,-0.7841276147039214,0.0,0.0,32.16037770347542
flyingthings,synthetic|catspp|True|False,synthetic,catspp|True|False,38.1694,6.582567908130408,3.6513811895991446,0.0,0.0,32.961966342268155
flyingthings,synthetic|catspp|True|True,synthetic,catspp|True|True,38.2449,6.582567908130408,3.6513811895991446,0.0,0.0,32.90910511082451
flyingthings,synthetic|glunet|True|False,synthetic,glunet|True|False,35.4304,6.582567908130408,3.6513811895991446,0.0,0.0,22.038142058959917
flyingthings,synthetic|glunet|True|True,synthetic,glunet|True|True,27.769,6.582567908130408,3.6513811895991446,0.0,0.0,21.923198112958836
imagenet2dwarp,synthetic|catspp|True|False,synthetic,catspp|True|False,37.1935,-5.922161098987124,-3.2850504454209406,0.0,0.0,28.194572302784938
imagenet2dwarp,synthetic|catspp|True|True,synthetic,catspp|True|True,39.7476,-5.922161098987124,-3.2850504454209406,0.0,0.0,34.1017104085361
imagenet2dwarp,synthetic|glunet|True|False,synthetic,glunet|True|False,6.6755,-5.922161098987124,-3.2850504454209406,0.0,0.0,5.229624557008689
imagenet2dwarp,synthetic|glunet|True|True,synthetic,glunet|True|True,21.0263,-5.922161098987124,-3.2850504454209406,0.0,0.0,19.186238322156463
movi_f,synthetic|catspp|True|False,synthetic,catspp|True|False,33.1069,-22.613485001604857,-12.543805839686986,0.0,0.0,27.38016662930347
movi_f,synthetic|catspp|True|True,synthetic,catspp|True|True,39.2118,-22.613485001604857,-12.543805839686986,0.0,0.0,29.789276452891865
movi_f,synthetic|glunet|True|False,synthetic,glunet|True|False,6.5871,-22.613485001604857,-12.543805839686986,0.0,0.0,8.630617800967768
movi_f,synthetic|glunet|True|True,synthetic,glunet|True|True,6.6584,-22.613485001604857,-12.543805839686986,0.0,0.0,9.062894057573995
pointodyssey,synthetic|catspp|True|False,synthetic,catspp|True|False,40.1523,6.779535750956803,3.760640172763435,0.0,0.0,32.50737325125349
pointodyssey,synthetic|catspp|True|True,synthetic,catspp|True|True,39.8872,6.779535750956803,3.760640172763435,0.0,0.0,33.92927113191717
pointodyssey,synthetic|glunet|True|False,synthetic,glunet|True|False,25.8011,6.779535750956803,3.760640172763435,0.0,0.0,20.548893952176947
pointodyssey,synthetic|glunet|True|True,synthetic,glunet|True|True,25.2246,6.779535750956803,3.760640172763435,0.0,0.0,23.19699524545956
sintel,synthetic|catspp|True|False,synthetic,catspp|True|False,40.9952,-16.425456428658496,-9.111277463633238,0.0,0.0,34.45835263711807
sintel,synthetic|catspp|True|True,synthetic,catspp|True|True,39.1069,-16.425456428658496,-9.111277463633238,0.0,0.0,30.600976521179877
sintel,synthetic|glunet|True|False,synthetic,glunet|True|False,21.7318,-16.425456428658496,-9.111277463633238,0.0,0.0,15.935272500804569
sintel,synthetic|glunet|True|True,synthetic,glunet|True|True,20.8004,-16.425456428658496,-9.111277463633238,0.0,0.0,17.303066298550988
spair,synthetic|catspp|True|False,synthetic,catspp|True|False,34.9252,6.496223384667895,3.6034854788072335,0.0,0.0,35.77506577216983
spair,synthetic|catspp|True|True,synthetic,catspp|True|True,41.0818,6.496223384667895,3.6034854788072335,0.0,0.0,36.23419699930636
spair,synthetic|glunet|True|False,synthetic,glunet|True|False,35.7954,6.496223384667895,3.6034854788072335,0.0,0.0,36.492571313757935
spair,synthetic|glunet|True|True,synthetic,glunet|True|True,21.6568,6.496223384667895,3.6034854788072335,0.0,0.0,22.327700058366524
synthetic,synthetic|catspp|True|False,synthetic,catspp|True|False,53.8161,6.049982998730616,3.355953850726602,0.0,0.0,34.51756775587322
synthetic,synthetic|catspp|True|True,synthetic,catspp|True|True,48.52,6.049982998730616,3.355953850726602,0.0,0.0,35.448401692124534
synthetic,synthetic|glunet|True|False,synthetic,glunet|True|False,32.9391,6.049982998730616,3.355953850726602,0.0,0.0,20.527668981556687
synthetic,synthetic|glunet|True|True,synthetic,glunet|True|True,37.9779,6.049982998730616,3.355953850726602,0.0,0.0,29.07162774985079
synthetic_2d_warp,synthetic|catspp|True|False,synthetic,catspp|True|False,44.6253,6.129404397782453,3.400009272044981,0.0,0.0,34.55966737020988
synthetic_2d_warp,synthetic|catspp|True|True,synthetic,catspp|True|True,43.3481,6.129404397782453,3.400009272044981,0.0,0.0,37.23796218866001
synthetic_2d_warp,synthetic|glunet|True|False,synthetic,glunet|True|False,29.4639,6.129404397782453,3.400009272044981,0.0,0.0,19.540935494292658
synthetic_2d_warp,synthetic|glunet|True|True,synthetic,glunet|True|True,37.0372,6.129404397782453,3.400009272044981,0.0,0.0,29.43089319473796
synthetic_large_zoom,synthetic|catspp|True|False,synthetic,catspp|True|False,63.3596,3.4811884499103694,1.9310315063749597,0.0,0.0,33.32112458128624
synthetic_large_zoom,synthetic|catspp|True|True,synthetic,catspp|True|True,61.0204,3.4811884499103694,1.9310315063749597,0.0,0.0,34.051469312702025
synthetic_large_zoom,synthetic|glunet|True|False,synthetic,glunet|True|False,25.3843,3.4811884499103694,1.9310315063749597,0.0,0.0,17.957393001253948
synthetic_large_zoom,synthetic|glunet|True|True,synthetic,glunet|True|True,18.4805,3.4811884499103694,1.9310315063749597,0.0,0.0,14.352348274621429
synthetic_random_flipping,synthetic|catspp|True|False,synthetic,catspp|True|False,84.9434,6.752178717177329,3.745465098242408,0.0,0.0,35.200630165208686
synthetic_random_flipping,synthetic|catspp|True|True,synthetic,catspp|True|True,70.9568,6.752178717177329,3.745465098242408,0.0,0.0,36.46932134434127
synthetic_random_flipping,synthetic|glunet|True|False,synthetic,glunet|True|False,71.1258,6.752178717177329,3.745465098242408,0.0,0.0,26.58873656755937
synthetic_random_flipping,synthetic|glunet|True|True,synthetic,glunet|True|True,54.0369,6.752178717177329,3.745465098242408,0.0,0.0,28.25773147602602
synthetic_small_zoom,synthetic|catspp|True|False,synthetic,catspp|True|False,61.0298,2.430227109800148,1.348058338178007,0.0,0.0,32.67557928926175
synthetic_small_zoom,synthetic|catspp|True|True,synthetic,catspp|True|True,60.9373,2.430227109800148,1.348058338178007,0.0,0.0,32.623809022522536
synthetic_small_zoom,synthetic|glunet|True|False,synthetic,glunet|True|False,26.6724,2.430227109800148,1.348058338178007,0.0,0.0,18.75455455328556
synthetic_small_zoom,synthetic|glunet|True|True,synthetic,glunet|True|True,23.5695,2.430227109800148,1.348058338178007,0.0,0.0,19.27541587727363
flyingthings,tss|catspp|True|False,tss,catspp|True|False,66.7564,1.048345238323641,0.663103994738401,0.0,0.0,70.38562484437894
flyingthings,tss|catspp|True|True,tss,catspp|True|True,66.7002,1.048345238323641,0.663103994738401,0.0,0.0,70.00787005049459
flyingthings,tss|glunet|True|False,tss,glunet|True|False,58.8215,1.048345238323641,0.663103994738401,0.0,0.0,71.76245584989657
flyingthings,tss|glunet|True|True,tss,glunet|True|True,54.9733,1.048345238323641,0.663103994738401,0.0,0.0,68.37912028577183
imagenet2dwarp,tss|catspp|True|False,tss,catspp|True|False,58.4608,-0.9467937945196756,-0.59887022365213,0.0,0.0,61.09138428652258
imagenet2dwarp,tss|catspp|True|True,tss,catspp|True|True,63.5068,-0.9467937945196756,-0.59887022365213,0.0,0.0,64.18029410195338
imagenet2dwarp,tss|glunet|True|False,tss,glunet|True|False,11.2237,-0.9467937945196756,-0.59887022365213,0.0,0.0,12.30430814004465
imagenet2dwarp,tss|glunet|True|True,tss,glunet|True|True,50.4683,-0.9467937945196756,-0.59887022365213,0.0,0.0,57.80464622454668
movi_f,tss|catspp|True|False,tss,catspp|True|False,58.5563,-3.823923063786335,-2.418724830785393,0.0,0.0,67.20686939195608
movi_f,tss|catspp|True|True,tss,catspp|True|True,55.6517,-3.823923063786335,-2.418724830785393,0.0,0.0,68.28272522987699
movi_f,tss|glunet|True|False,tss,glunet|True|False,16.9644,-3.823923063786335,-2.418724830785393,0.0,0.0,33.90824260722594
movi_f,tss|glunet|True|True,tss,glunet|True|True,19.7064,-3.823923063786335,-2.418724830785393,0.0,0.0,33.89594380415828
pointodyssey,tss|catspp|True|False,tss,catspp|True|False,62.2398,-0.0251588554482417,-0.0159135911920116,0.0,0.0,67.41644820048934
pointodyssey,tss|catspp|True|True,tss,catspp|True|True,62.9798,-0.0251588554482417,-0.0159135911920116,0.0,0.0,67.51947857645243
pointodyssey,tss|glunet|True|False,tss,glunet|True|False,61.47,-0.0251588554482417,-0.0159135911920116,0.0,0.0,65.92763366456188
pointodyssey,tss|glunet|True|True,tss,glunet|True|True,62.9502,-0.0251588554482417,-0.0159135911920116,0.0,0.0,66.78021563493387
sintel,tss|catspp|True|False,tss,catspp|True|False,65.8113,-2.787974434511257,-1.7634619943608865,0.0,0.0,68.16598090850091
sintel,tss|catspp|True|True,tss,catspp|True|True,64.5396,-2.787974434511257,-1.7634619943608865,0.0,0.0,69.46271514058901
sintel,tss|glunet|True|False,tss,glunet|True|False,40.9775,-2.787974434511257,-1.7634619943608865,0.0,0.0,58.58929869310812
sintel,tss|glunet|True|True,tss,glunet|True|True,43.3458,-2.787974434511257,-1.7634619943608865,0.0,0.0,58.95691322763242
spair,tss|catspp|True|False,tss,catspp|True|False,60.1788,1.3158466976838898,0.8323052080560432,0.0,0.0,55.27041266634352
spair,tss|catspp|True|True,tss,catspp|True|True,60.5773,1.3158466976838898,0.8323052080560432,0.0,0.0,57.85417951288191
spair,tss|glunet|True|False,tss,glunet|True|False,65.5404,1.3158466976838898,0.8323052080560432,0.0,0.0,62.9495579564389
spair,tss|glunet|True|True,tss,glunet|True|True,49.9068,1.3158466976838898,0.8323052080560432,0.0,0.0,38.29181275935582
synthetic,tss|catspp|True|False,tss,catspp|True|False,66.0565,1.3453571138490048,0.850971267794886,0.0,0.0,70.48398581056873
synthetic,tss|catspp|True|True,tss,catspp|True|True,65.6689,1.3453571138490048,0.850971267794886,0.0,0.0,68.31457023755235
synthetic,tss|glunet|True|False,tss,glunet|True|False,52.1427,1.3453571138490048,0.850971267794886,0.0,0.0,62.34689742895558
synthetic,tss|glunet|True|True,tss,glunet|True|True,64.008,1.3453571138490048,0.850971267794886,0.0,0.0,69.91806183938849
synthetic_2d_warp,tss|catspp|True|False,tss,catspp|True|False,65.697,1.3551044366581648,0.8571366877886795,0.0,0.0,68.05789379884045
synthetic_2d_warp,tss|catspp|True|True,tss,catspp|True|True,67.8214,1.3551044366581648,0.8571366877886795,0.0,0.0,68.19551250529078
synthetic_2d_warp,tss|glunet|True|False,tss,glunet|True|False,50.8272,1.3551044366581648,0.8571366877886795,0.0,0.0,61.177671729276526
synthetic_2d_warp,tss|glunet|True|True,tss,glunet|True|True,66.2204,1.3551044366581648,0.8571366877886795,0.0,0.0,69.82860487171219
synthetic_large_zoom,tss|catspp|True|False,tss,catspp|True|False,67.8898,0.5601921844625833,0.3543352530816696,0.0,0.0,68.61157518980585
synthetic_large_zoom,tss|catspp|True|True,tss,catspp|True|True,68.6688,0.5601921844625833,0.3543352530816696,0.0,0.0,69.90252786575772
synthetic_large_zoom,tss|glunet|True|False,tss,glunet|True|False,49.3439,0.5601921844625833,0.3543352530816696,0.0,0.0,61.36966928701277
synthetic_large_zoom,tss|glunet|True|True,tss,glunet|True|True,34.6233,0.5601921844625833,0.3543352530816696,0.0,0.0,53.09643747446348
synthetic_random_flipping,tss|catspp|True|False,tss,catspp|True|False,67.4824,1.42676546939129,0.9024640430675565,0.0,0.0,70.49046386942989
synthetic_random_flipping,tss|catspp|True|True,tss,catspp|True|True,68.1239,1.42676546939129,0.9024640430675565,0.0,0.0,67.56787537339845
synthetic_random_flipping,tss|glunet|True|False,tss,glunet|True|False,66.03,1.42676546939129,0.9024640430675565,0.0,0.0,73.2188843997768
synthetic_random_flipping,tss|glunet|True|True,tss,glunet|True|True,68.4478,1.42676546939129,0.9024640430675565,0.0,0.0,69.05790213659927
synthetic_small_zoom,tss|catspp|True|False,tss,catspp|True|False,64.8435,0.2872218920001735,0.1816748691167705,0.0,0.0,67.71527256104099
synthetic_small_zoom,tss|catspp|True|True,tss,catspp|True|True,65.1306,0.2872218920001735,0.1816748691167705,0.0,0.0,67.99560779750847
synthetic_small_zoom,tss|glunet|True|False,tss,glunet|True|False,55.011,0.2872218920001735,0.1816748691167705,0.0,0.0,63.58977513604924
synthetic_small_zoom,tss|glunet|True|True,tss,glunet|True|True,51.7585,0.2872218920001735,0.1816748691167705,0.0,0.0,61.679370589331846
