train_dataset,context_id,benchmark,variant,actual,g,g_zridge,g_rank,g_gbm,L
flyingthings,flyingthings|catspp|False|False,flyingthings,catspp|False|False,70.7445,-0.7400048577463297,0.4300119273713724,0.0,0.0,33.865395
flyingthings,flyingthings|catspp|False|True,flyingthings,catspp|False|True,61.1514,-0.7400048577463297,0.4300119273713724,0.0,0.0,36.441303125000005
flyingthings,flyingthings|catspp|True|False,flyingthings,catspp|True|False,63.3569,-0.7400048577463297,0.4300119273713724,0.0,0.0,59.242393125
flyingthings,flyingthings|catspp|True|True,flyingthings,catspp|True|True,82.2555,-0.7400048577463297,0.4300119273713724,0.0,0.0,59.707148125
flyingthings,flyingthings|glunet|False|False,flyingthings,glunet|False|False,54.827,-0.7400048577463297,0.4300119273713724,0.0,0.0,40.0654125
flyingthings,flyingthings|glunet|False|True,flyingthings,glunet|False|True,61.0606,-0.7400048577463297,0.4300119273713724,0.0,0.0,37.06447875
flyingthings,flyingthings|glunet|True|False,flyingthings,glunet|True|False,72.5692,-0.7400048577463297,0.4300119273713724,0.0,0.0,50.0302675
flyingthings,flyingthings|glunet|True|True,flyingthings,glunet|True|True,78.4335,-0.7400048577463297,0.4300119273713724,0.0,0.0,53.14472875
flyingthings,flyingthings|raft|True|False,flyingthings,raft|True|False,3.4438,-0.7400048577463297,0.4300119273713724,0.0,0.0,32.914900625
flyingthings,kitti2012|catspp|False|False,kitti2012,catspp|False|False,91.745,-0.19835585651485602,-0.37953112926410215,0.0,0.0,31.543036875000002
flyingthings,kitti2012|catspp|False|True,kitti2012,catspp|False|True,91.7972,-0.19835585651485602,-0.37953112926410215,0.0,0.0,34.105021875
flyingthings,kitti2012|catspp|True|False,kitti2012,catspp|True|False,98.205,-0.19835585651485602,-0.37953112926410215,0.0,0.0,57.499975625000005
flyingthings,kitti2012|catspp|True|True,kitti2012,catspp|True|True,97.709,-0.19835585651485602,-0.37953112926410215,0.0,0.0,57.75676625
flyingthings,kitti2012|glunet|False|False,kitti2012,glunet|False|False,98.5049,-0.19835585651485602,-0.37953112926410215,0.0,0.0,36.83332125
flyingthings,kitti2012|glunet|False|True,kitti2012,glunet|False|True,94.6197,-0.19835585651485602,-0.37953112926410215,0.0,0.0,33.28193625
flyingthings,kitti2012|glunet|True|False,kitti2012,glunet|True|False,99.1724,-0.19835585651485602,-0.37953112926410215,0.0,0.0,47.208515
flyingthings,kitti2012|glunet|True|True,kitti2012,glunet|True|True,98.7654,-0.19835585651485602,-0.37953112926410215,0.0,0.0,50.0581725
flyingthings,kitti2012|raft|True|False,kitti2012,raft|True|False,84.6833,-0.19835585651485602,-0.37953112926410215,0.0,0.0,30.371542812500003
flyingthings,kitti2015|catspp|False|False,kitti2015,catspp|False|False,89.5554,0.022992580811973008,-0.20965932150489378,0.0,0.0,31.227420625
flyingthings,kitti2015|catspp|False|True,kitti2015,catspp|False|True,12.2973,0.022992580811973008,-0.20965932150489378,0.0,0.0,32.994825625
flyingthings,kitti2015|catspp|True|False,kitti2015,catspp|True|False,92.1125,0.022992580811973008,-0.20965932150489378,0.0,0.0,57.512609999999995
flyingthings,kitti2015|catspp|True|True,kitti2015,catspp|True|True,96.3826,0.022992580811973008,-0.20965932150489378,0.0,0.0,57.85362249999999
flyingthings,kitti2015|glunet|False|False,kitti2015,glunet|False|False,93.9097,0.022992580811973008,-0.20965932150489378,0.0,0.0,37.347224999999995
flyingthings,kitti2015|glunet|False|True,kitti2015,glunet|False|True,92.7311,0.022992580811973008,-0.20965932150489378,0.0,0.0,33.85118625
flyingthings,kitti2015|glunet|True|False,kitti2015,glunet|True|False,95.0124,0.022992580811973008,-0.20965932150489378,0.0,0.0,47.4172825
flyingthings,kitti2015|glunet|True|True,kitti2015,glunet|True|True,96.8003,0.022992580811973008,-0.20965932150489378,0.0,0.0,50.3121375
flyingthings,kitti2015|raft|True|False,kitti2015,raft|True|False,83.4171,0.022992580811973008,-0.20965932150489378,0.0,0.0,30.689229843750002
flyingthings,pfpascal|catspp|False|False,pfpascal,catspp|False|False,9.00725,0.4676875672307241,0.35730367228343574,0.0,0.0,39.38341125
flyingthings,pfpascal|catspp|False|True,pfpascal,catspp|False|True,17.9071,0.4676875672307241,0.35730367228343574,0.0,0.0,42.313646875
flyingthings,pfpascal|catspp|True|False,pfpascal,catspp|True|False,46.1154,0.4676875672307241,0.35730367228343574,0.0,0.0,64.024995625
flyingthings,pfpascal|catspp|True|True,pfpascal,catspp|True|True,40.9858,0.4676875672307241,0.35730367228343574,0.0,0.0,63.849400625
flyingthings,pfpascal|glunet|False|False,pfpascal,glunet|False|False,6.0177,0.4676875672307241,0.35730367228343574,0.0,0.0,45.93394875
flyingthings,pfpascal|glunet|False|True,pfpascal,glunet|False|True,15.9056,0.4676875672307241,0.35730367228343574,0.0,0.0,42.10224
flyingthings,pfpascal|glunet|True|False,pfpascal,glunet|True|False,26.2712,0.4676875672307241,0.35730367228343574,0.0,0.0,54.9499875
flyingthings,pfpascal|glunet|True|True,pfpascal,glunet|True|True,31.3731,0.4676875672307241,0.35730367228343574,0.0,0.0,57.5223625
flyingthings,pfpascal|raft|True|False,pfpascal,raft|True|False,12.3863,0.4676875672307241,0.35730367228343574,0.0,0.0,38.39201890625
flyingthings,pfwillow|catspp|False|False,pfwillow,catspp|False|False,15.5,0.7143120944622614,0.3538390615096487,0.0,0.0,39.150540625000005
flyingthings,pfwillow|catspp|False|True,pfwillow,catspp|False|True,14.47225,0.7143120944622614,0.3538390615096487,0.0,0.0,41.924605625
flyingthings,pfwillow|catspp|True|False,pfwillow,catspp|True|False,44.75,0.7143120944622614,0.3538390615096487,0.0,0.0,63.573135625
flyingthings,pfwillow|catspp|True|True,pfwillow,catspp|True|True,48.6889,0.7143120944622614,0.3538390615096487,0.0,0.0,63.59537
flyingthings,pfwillow|glunet|False|False,pfwillow,glunet|False|False,5.6222,0.7143120944622614,0.3538390615096487,0.0,0.0,45.418705
flyingthings,pfwillow|glunet|False|True,pfwillow,glunet|False|True,18.3398,0.7143120944622614,0.3538390615096487,0.0,0.0,41.80552625
flyingthings,pfwillow|glunet|True|False,pfwillow,glunet|True|False,11.9333,0.7143120944622614,0.3538390615096487,0.0,0.0,54.3242825
flyingthings,pfwillow|glunet|True|True,pfwillow,glunet|True|True,21.0975,0.7143120944622614,0.3538390615096487,0.0,0.0,57.02330500000001
flyingthings,pfwillow|raft|True|False,pfwillow,raft|True|False,6.6805625,0.7143120944622614,0.3538390615096487,0.0,0.0,37.889566875
flyingthings,pointodyssey|catspp|False|False,pointodyssey,catspp|False|False,46.0158,-0.2065985388654529,0.4238730449007424,0.0,0.0,35.32643875
flyingthings,pointodyssey|catspp|False|True,pointodyssey,catspp|False|True,68.9316,-0.2065985388654529,0.4238730449007424,0.0,0.0,37.574106875
flyingthings,pointodyssey|catspp|True|False,pointodyssey,catspp|True|False,58.6808,-0.2065985388654529,0.4238730449007424,0.0,0.0,62.266998125
flyingthings,pointodyssey|catspp|True|True,pointodyssey,catspp|True|True,71.0583,-0.2065985388654529,0.4238730449007424,0.0,0.0,62.615813749999994
flyingthings,pointodyssey|glunet|False|False,pointodyssey,glunet|False|False,87.5416,-0.2065985388654529,0.4238730449007424,0.0,0.0,37.592655
flyingthings,pointodyssey|glunet|False|True,pointodyssey,glunet|False|True,78.5324,-0.2065985388654529,0.4238730449007424,0.0,0.0,34.21474125
flyingthings,pointodyssey|glunet|True|False,pointodyssey,glunet|True|False,91.9268,-0.2065985388654529,0.4238730449007424,0.0,0.0,47.7151875
flyingthings,pointodyssey|glunet|True|True,pointodyssey,glunet|True|True,89.2135,-0.2065985388654529,0.4238730449007424,0.0,0.0,50.66674875
flyingthings,pointodyssey|raft|True|False,pointodyssey,raft|True|False,38.923,-0.2065985388654529,0.4238730449007424,0.0,0.0,34.62762078125
flyingthings,spair|catspp|False|False,spair,catspp|False|False,3.622,0.08063680626520493,-0.24528860943837058,0.0,0.0,40.44839875
flyingthings,spair|catspp|False|True,spair,catspp|False|True,3.8854,0.08063680626520493,-0.24528860943837058,0.0,0.0,43.28522625
flyingthings,spair|catspp|True|False,spair,catspp|True|False,14.7345,0.08063680626520493,-0.24528860943837058,0.0,0.0,66.708386875
flyingthings,spair|catspp|True|True,spair,catspp|True|True,19.8812,0.08063680626520493,-0.24528860943837058,0.0,0.0,66.84879875
flyingthings,spair|glunet|False|False,spair,glunet|False|False,2.6434,0.08063680626520493,-0.24528860943837058,0.0,0.0,47.11526875
flyingthings,spair|glunet|False|True,spair,glunet|False|True,2.5485,0.08063680626520493,-0.24528860943837058,0.0,0.0,43.17895375
flyingthings,spair|glunet|True|False,spair,glunet|True|False,4.3584,0.08063680626520493,-0.24528860943837058,0.0,0.0,57.20420875
flyingthings,spair|glunet|True|True,spair,glunet|True|True,15.5133,0.08063680626520493,-0.24528860943837058,0.0,0.0,60.398438750000004
flyingthings,spair|raft|True|False,spair,raft|True|False,2.3576,0.08063680626520493,-0.24528860943837058,0.0,0.0,39.49907640625
flyingthings,synthetic|catspp|False|False,synthetic,catspp|False|False,49.4854,0.12983920697314297,-0.3484611004978354,0.0,0.0,38.376416875000004
flyingthings,synthetic|catspp|False|True,synthetic,catspp|False|True,19.6472,0.12983920697314297,-0.3484611004978354,0.0,0.0,40.70311875
flyingthings,synthetic|catspp|True|False,synthetic,catspp|True|False,44.6253,0.12983920697314297,-0.3484611004978354,0.0,0.0,63.34796562499999
flyingthings,synthetic|catspp|True|True,synthetic,catspp|True|True,41.0818,0.12983920697314297,-0.3484611004978354,0.0,0.0,63.6779675
flyingthings,synthetic|glunet|False|False,synthetic,glunet|False|False,15.5289,0.12983920697314297,-0.3484611004978354,0.0,0.0,45.41143125
flyingthings,synthetic|glunet|False|True,synthetic,glunet|False|True,10.7744,0.12983920697314297,-0.3484611004978354,0.0,0.0,41.94463875
flyingthings,synthetic|glunet|True|False,synthetic,glunet|True|False,25.3843,0.12983920697314297,-0.3484611004978354,0.0,0.0,54.53134625
flyingthings,synthetic|glunet|True|True,synthetic,glunet|True|True,6.6584,0.12983920697314297,-0.3484611004978354,0.0,0.0,57.85482375
flyingthings,synthetic|raft|True|False,synthetic,raft|True|False,24.5252,0.12983920697314297,-0.3484611004978354,0.0,0.0,37.2686678125
flyingthings,tss|catspp|False|False,tss,catspp|False|False,27.7243,-0.1346807173359692,0.06321077024569484,0.0,0.0,37.785486250000005
flyingthings,tss|catspp|False|True,tss,catspp|False|True,20.9901,-0.1346807173359692,0.06321077024569484,0.0,0.0,40.47054
flyingthings,tss|catspp|True|False,tss,catspp|True|False,58.5563,-0.1346807173359692,0.06321077024569484,0.0,0.0,61.37640437500001
flyingthings,tss|catspp|True|True,tss,catspp|True|True,63.5068,-0.1346807173359692,0.06321077024569484,0.0,0.0,61.616952500000004
flyingthings,tss|glunet|False|False,tss,glunet|False|False,17.947,-0.1346807173359692,0.06321077024569484,0.0,0.0,44.0965425
flyingthings,tss|glunet|False|True,tss,glunet|False|True,18.6283,-0.1346807173359692,0.06321077024569484,0.0,0.0,40.572238750000004
flyingthings,tss|glunet|True|False,tss,glunet|True|False,40.9775,-0.1346807173359692,0.06321077024569484,0.0,0.0,52.0919425
flyingthings,tss|glunet|True|True,tss,glunet|True|True,19.7064,-0.1346807173359692,0.06321077024569484,0.0,0.0,54.6157825
flyingthings,tss|raft|True|False,tss,raft|True|False,18.6637,-0.1346807173359692,0.06321077024569484,0.0,0.0,37.1479009375
imagenet2dwarp,flyingthings|catspp|False|False,flyingthings,catspp|False|False,58.1203,-0.4723995424758057,0.21678405465214032,0.0,0.0,34.55240375
imagenet2dwarp,flyingthings|catspp|False|True,flyingthings,catspp|False|True,70.0137,-0.4723995424758057,0.21678405465214032,0.0,0.0,36.987165
imagenet2dwarp,flyingthings|catspp|True|False,flyingthings,catspp|True|False,82.138,-0.4723995424758057,0.21678405465214032,0.0,0.0,59.219274375
imagenet2dwarp,flyingthings|catspp|True|True,flyingthings,catspp|True|True,68.3472,-0.4723995424758057,0.21678405465214032,0.0,0.0,59.461870624999996
imagenet2dwarp,flyingthings|glunet|False|False,flyingthings,glunet|False|False,41.9398,-0.4723995424758057,0.21678405465214032,0.0,0.0,40.03057
imagenet2dwarp,flyingthings|glunet|False|True,flyingthings,glunet|False|True,56.1849,-0.4723995424758057,0.21678405465214032,0.0,0.0,36.74137
imagenet2dwarp,flyingthings|glunet|True|False,flyingthings,glunet|True|False,71.3152,-0.4723995424758057,0.21678405465214032,0.0,0.0,49.765497499999995
imagenet2dwarp,flyingthings|glunet|True|True,flyingthings,glunet|True|True,76.6361,-0.4723995424758057,0.21678405465214032,0.0,0.0,52.12928125
imagenet2dwarp,flyingthings|raft|True|False,flyingthings,raft|True|False,38.9566,-0.4723995424758057,0.21678405465214032,0.0,0.0,32.32422078125
imagenet2dwarp,kitti2012|catspp|False|False,kitti2012,catspp|False|False,83.2552,-0.22933387531823296,-0.4465933950055512,0.0,0.0,32.281725625
imagenet2dwarp,kitti2012|catspp|False|True,kitti2012,catspp|False|True,72.7553,-0.22933387531823296,-0.4465933950055512,0.0,0.0,34.30208125
imagenet2dwarp,kitti2012|catspp|True|False,kitti2012,catspp|True|False,94.5198,-0.22933387531823296,-0.4465933950055512,0.0,0.0,57.196028125
imagenet2dwarp,kitti2012|catspp|True|True,kitti2012,catspp|True|True,98.7183,-0.22933387531823296,-0.4465933950055512,0.0,0.0,57.69795875
imagenet2dwarp,kitti2012|glunet|False|False,kitti2012,glunet|False|False,96.3978,-0.22933387531823296,-0.4465933950055512,0.0,0.0,36.933229999999995
imagenet2dwarp,kitti2012|glunet|False|True,kitti2012,glunet|False|True,97.0676,-0.22933387531823296,-0.4465933950055512,0.0,0.0,33.0503725
imagenet2dwarp,kitti2012|glunet|True|False,kitti2012,glunet|True|False,93.4583,-0.22933387531823296,-0.4465933950055512,0.0,0.0,46.88799375
imagenet2dwarp,kitti2012|glunet|True|True,kitti2012,glunet|True|True,98.2409,-0.22933387531823296,-0.4465933950055512,0.0,0.0,49.05863625
imagenet2dwarp,kitti2012|raft|True|False,kitti2012,raft|True|False,96.60025,-0.22933387531823296,-0.4465933950055512,0.0,0.0,29.48591484375
imagenet2dwarp,kitti2015|catspp|False|False,kitti2015,catspp|False|False,78.94014999999999,0.047955631105449065,-0.23042517283826125,0.0,0.0,31.93954125
imagenet2dwarp,kitti2015|catspp|False|True,kitti2015,catspp|False|True,81.1634,0.047955631105449065,-0.23042517283826125,0.0,0.0,34.290735
imagenet2dwarp,kitti2015|catspp|True|False,kitti2015,catspp|True|False,95.364,0.047955631105449065,-0.23042517283826125,0.0,0.0,57.29537125
imagenet2dwarp,kitti2015|catspp|True|True,kitti2015,catspp|True|True,97.7369,0.047955631105449065,-0.23042517283826125,0.0,0.0,57.7991275
imagenet2dwarp,kitti2015|glunet|False|False,kitti2015,glunet|False|False,86.2536,0.047955631105449065,-0.23042517283826125,0.0,0.0,37.37777125
imagenet2dwarp,kitti2015|glunet|False|True,kitti2015,glunet|False|True,89.0545,0.047955631105449065,-0.23042517283826125,0.0,0.0,33.543066249999995
imagenet2dwarp,kitti2015|glunet|True|False,kitti2015,glunet|True|False,97.5133,0.047955631105449065,-0.23042517283826125,0.0,0.0,47.19944875
imagenet2dwarp,kitti2015|glunet|True|True,kitti2015,glunet|True|True,96.2638,0.047955631105449065,-0.23042517283826125,0.0,0.0,49.312451249999995
imagenet2dwarp,kitti2015|raft|True|False,kitti2015,raft|True|False,92.9642,0.047955631105449065,-0.23042517283826125,0.0,0.0,29.773978749999998
imagenet2dwarp,pfpascal|catspp|False|False,pfpascal,catspp|False|False,15.8031,0.5462965059288348,0.6765480833311628,0.0,0.0,40.313170625
imagenet2dwarp,pfpascal|catspp|False|True,pfpascal,catspp|False|True,6.5354,0.5462965059288348,0.6765480833311628,0.0,0.0,42.60658375
imagenet2dwarp,pfpascal|catspp|True|False,pfpascal,catspp|True|False,48.9548,0.5462965059288348,0.6765480833311628,0.0,0.0,63.802605625
imagenet2dwarp,pfpascal|catspp|True|True,pfpascal,catspp|True|True,50.0421,0.5462965059288348,0.6765480833311628,0.0,0.0,63.891180625000004
imagenet2dwarp,pfpascal|glunet|False|False,pfpascal,glunet|False|False,16.1068,0.5462965059288348,0.6765480833311628,0.0,0.0,46.186310000000006
imagenet2dwarp,pfpascal|glunet|False|True,pfpascal,glunet|False|True,14.5575,0.5462965059288348,0.6765480833311628,0.0,0.0,41.82322625
imagenet2dwarp,pfpascal|glunet|True|False,pfpascal,glunet|True|False,28.6839,0.5462965059288348,0.6765480833311628,0.0,0.0,54.73105124999999
imagenet2dwarp,pfpascal|glunet|True|True,pfpascal,glunet|True|True,42.4831,0.5462965059288348,0.6765480833311628,0.0,0.0,56.6682575
imagenet2dwarp,pfpascal|raft|True|False,pfpascal,raft|True|False,13.923,0.5462965059288348,0.6765480833311628,0.0,0.0,37.3766378125
imagenet2dwarp,pfwillow|catspp|False|False,pfwillow,catspp|False|False,4.8667,0.7506463645176186,0.7436328204398353,0.0,0.0,39.862435625
imagenet2dwarp,pfwillow|catspp|False|True,pfwillow,catspp|False|True,11.4889,0.7506463645176186,0.7436328204398353,0.0,0.0,42.322396874999995
imagenet2dwarp,pfwillow|catspp|True|False,pfwillow,catspp|True|False,48.7889,0.7506463645176186,0.7436328204398353,0.0,0.0,63.365739375
imagenet2dwarp,pfwillow|catspp|True|True,pfwillow,catspp|True|True,47.911100000000005,0.7506463645176186,0.7436328204398353,0.0,0.0,63.51422375
imagenet2dwarp,pfwillow|glunet|False|False,pfwillow,glunet|False|False,19.8741,0.7506463645176186,0.7436328204398353,0.0,0.0,45.72310125
imagenet2dwarp,pfwillow|glunet|False|True,pfwillow,glunet|False|True,15.0111,0.7506463645176186,0.7436328204398353,0.0,0.0,41.501755
imagenet2dwarp,pfwillow|glunet|True|False,pfwillow,glunet|True|False,35.8302,0.7506463645176186,0.7436328204398353,0.0,0.0,54.37389875
imagenet2dwarp,pfwillow|glunet|True|True,pfwillow,glunet|True|True,31.7,0.7506463645176186,0.7436328204398353,0.0,0.0,56.162856250000004
imagenet2dwarp,pfwillow|raft|True|False,pfwillow,raft|True|False,18.722250000000003,0.7506463645176186,0.7436328204398353,0.0,0.0,37.005498125
imagenet2dwarp,pointodyssey|catspp|False|False,pointodyssey,catspp|False|False,38.9858,-0.16671095560183705,0.20359187752093885,0.0,0.0,36.083375000000004
imagenet2dwarp,pointodyssey|catspp|False|True,pointodyssey,catspp|False|True,4.4014,-0.16671095560183705,0.20359187752093885,0.0,0.0,37.2025625
imagenet2dwarp,pointodyssey|catspp|True|False,pointodyssey,catspp|True|False,45.3383,-0.16671095560183705,0.20359187752093885,0.0,0.0,61.84233437499999
imagenet2dwarp,pointodyssey|catspp|True|True,pointodyssey,catspp|True|True,47.995,-0.16671095560183705,0.20359187752093885,0.0,0.0,62.25609875
imagenet2dwarp,pointodyssey|glunet|False|False,pointodyssey,glunet|False|False,88.4868,-0.16671095560183705,0.20359187752093885,0.0,0.0,37.730717500000004
imagenet2dwarp,pointodyssey|glunet|False|True,pointodyssey,glunet|False|True,91.9442,-0.16671095560183705,0.20359187752093885,0.0,0.0,34.12022625
imagenet2dwarp,pointodyssey|glunet|True|False,pointodyssey,glunet|True|False,92.6605,-0.16671095560183705,0.20359187752093885,0.0,0.0,47.475263749999996
imagenet2dwarp,pointodyssey|glunet|True|True,pointodyssey,glunet|True|True,95.08,-0.16671095560183705,0.20359187752093885,0.0,0.0,49.7471
imagenet2dwarp,pointodyssey|raft|True|False,pointodyssey,raft|True|False,33.6102,-0.16671095560183705,0.20359187752093885,0.0,0.0,33.5266209375
imagenet2dwarp,spair|catspp|False|False,spair,catspp|False|False,3.1293,-0.12673501153130318,0.004425183842517431,0.0,0.0,41.287051250000005
imagenet2dwarp,spair|catspp|False|True,spair,catspp|False|True,3.9251,-0.12673501153130318,0.004425183842517431,0.0,0.0,43.720805625
imagenet2dwarp,spair|catspp|True|False,spair,catspp|True|False,27.8596,-0.12673501153130318,0.004425183842517431,0.0,0.0,66.614568125
imagenet2dwarp,spair|catspp|True|True,spair,catspp|True|True,22.5766,-0.12673501153130318,0.004425183842517431,0.0,0.0,66.81106750000001
imagenet2dwarp,spair|glunet|False|False,spair,glunet|False|False,1.9627,-0.12673501153130318,0.004425183842517431,0.0,0.0,47.2330075
imagenet2dwarp,spair|glunet|False|True,spair,glunet|False|True,2.6273,-0.12673501153130318,0.004425183842517431,0.0,0.0,42.91777625
imagenet2dwarp,spair|glunet|True|False,spair,glunet|True|False,12.1407,-0.12673501153130318,0.004425183842517431,0.0,0.0,57.052392499999996
imagenet2dwarp,spair|glunet|True|True,spair,glunet|True|True,3.6447,-0.12673501153130318,0.004425183842517431,0.0,0.0,59.257101250000005
imagenet2dwarp,spair|raft|True|False,spair,raft|True|False,2.80045,-0.12673501153130318,0.004425183842517431,0.0,0.0,38.4700221875
imagenet2dwarp,synthetic|catspp|False|False,synthetic,catspp|False|False,19.2799,-0.08349961540325887,-0.1299738638975961,0.0,0.0,38.843659375
imagenet2dwarp,synthetic|catspp|False|True,synthetic,catspp|False|True,20.3562,-0.08349961540325887,-0.1299738638975961,0.0,0.0,41.147064375
imagenet2dwarp,synthetic|catspp|True|False,synthetic,catspp|True|False,33.1069,-0.08349961540325887,-0.1299738638975961,0.0,0.0,62.946103125
imagenet2dwarp,synthetic|catspp|True|True,synthetic,catspp|True|True,70.9568,-0.08349961540325887,-0.1299738638975961,0.0,0.0,63.97998125
imagenet2dwarp,synthetic|glunet|False|False,synthetic,glunet|False|False,6.5898,-0.08349961540325887,-0.1299738638975961,0.0,0.0,45.42594
imagenet2dwarp,synthetic|glunet|False|True,synthetic,glunet|False|True,14.039,-0.08349961540325887,-0.1299738638975961,0.0,0.0,41.72328375
imagenet2dwarp,synthetic|glunet|True|False,synthetic,glunet|True|False,6.5871,-0.08349961540325887,-0.1299738638975961,0.0,0.0,54.04728625
imagenet2dwarp,synthetic|glunet|True|True,synthetic,glunet|True|True,37.9779,-0.08349961540325887,-0.1299738638975961,0.0,0.0,57.2533375
imagenet2dwarp,synthetic|raft|True|False,synthetic,raft|True|False,54.0896,-0.08349961540325887,-0.1299738638975961,0.0,0.0,36.60363296875
imagenet2dwarp,tss|catspp|False|False,tss,catspp|False|False,33.4343,-0.15208265302480492,0.11344724220753898,0.0,0.0,38.7016725
imagenet2dwarp,tss|catspp|False|True,tss,catspp|False|True,5.6335,-0.15208265302480492,0.11344724220753898,0.0,0.0,40.713665625
imagenet2dwarp,tss|catspp|True|False,tss,catspp|True|False,65.697,-0.15208265302480492,0.11344724220753898,0.0,0.0,61.207780625
imagenet2dwarp,tss|catspp|True|True,tss,catspp|True|True,62.9798,-0.15208265302480492,0.11344724220753898,0.0,0.0,61.53894125000001
imagenet2dwarp,tss|glunet|False|False,tss,glunet|False|False,14.8312,-0.15208265302480492,0.11344724220753898,0.0,0.0,44.1838425
imagenet2dwarp,tss|glunet|False|True,tss,glunet|False|True,33.6273,-0.15208265302480492,0.11344724220753898,0.0,0.0,40.49756375
imagenet2dwarp,tss|glunet|True|False,tss,glunet|True|False,49.3439,-0.15208265302480492,0.11344724220753898,0.0,0.0,51.9474275
imagenet2dwarp,tss|glunet|True|True,tss,glunet|True|True,54.9733,-0.15208265302480492,0.11344724220753898,0.0,0.0,54.063638749999996
imagenet2dwarp,tss|raft|True|False,tss,raft|True|False,6.1812,-0.15208265302480492,0.11344724220753898,0.0,0.0,35.95727984375
movi_f,flyingthings|catspp|False|False,flyingthings,catspp|False|False,62.5568,-0.44477751469666627,0.5591473261534333,0.0,0.0,34.163458125
movi_f,flyingthings|catspp|False|True,flyingthings,catspp|False|True,63.8607,-0.44477751469666627,0.5591473261534333,0.0,0.0,36.952101875
movi_f,flyingthings|catspp|True|False,flyingthings,catspp|True|False,81.3255,-0.44477751469666627,0.5591473261534333,0.0,0.0,58.90243937499999
movi_f,flyingthings|catspp|True|True,flyingthings,catspp|True|True,82.249,-0.44477751469666627,0.5591473261534333,0.0,0.0,59.868841875
movi_f,flyingthings|glunet|False|False,flyingthings,glunet|False|False,4.0965,-0.44477751469666627,0.5591473261534333,0.0,0.0,39.77615375
movi_f,flyingthings|glunet|False|True,flyingthings,glunet|False|True,43.0123,-0.44477751469666627,0.5591473261534333,0.0,0.0,37.50186625
movi_f,flyingthings|glunet|True|False,flyingthings,glunet|True|False,85.8465,-0.44477751469666627,0.5591473261534333,0.0,0.0,49.22983625
movi_f,flyingthings|glunet|True|True,flyingthings,glunet|True|True,39.6279,-0.44477751469666627,0.5591473261534333,0.0,0.0,52.943605000000005
movi_f,flyingthings|raft|True|False,flyingthings,raft|True|False,68.432,-0.44477751469666627,0.5591473261534333,0.0,0.0,35.082914375
movi_f,kitti2012|catspp|False|False,kitti2012,catspp|False|False,88.0451,-0.23839729804403073,-0.45010643765010605,0.0,0.0,31.897197499999997
movi_f,kitti2012|catspp|False|True,kitti2012,catspp|False|True,11.8574,-0.23839729804403073,-0.45010643765010605,0.0,0.0,33.582706875
movi_f,kitti2012|catspp|True|False,kitti2012,catspp|True|False,97.9034,-0.23839729804403073,-0.45010643765010605,0.0,0.0,56.931644375
movi_f,kitti2012|catspp|True|True,kitti2012,catspp|True|True,96.3689,-0.23839729804403073,-0.45010643765010605,0.0,0.0,57.901790000000005
movi_f,kitti2012|glunet|False|False,kitti2012,glunet|False|False,93.4764,-0.23839729804403073,-0.45010643765010605,0.0,0.0,37.115337499999995
movi_f,kitti2012|glunet|False|True,kitti2012,glunet|False|True,82.5947,-0.23839729804403073,-0.45010643765010605,0.0,0.0,33.794615
movi_f,kitti2012|glunet|True|False,kitti2012,glunet|True|False,97.2991,-0.23839729804403073,-0.45010643765010605,0.0,0.0,46.218701249999995
movi_f,kitti2012|glunet|True|True,kitti2012,glunet|True|True,73.9202,-0.23839729804403073,-0.45010643765010605,0.0,0.0,50.03155375
movi_f,kitti2012|raft|True|False,kitti2012,raft|True|False,13.823675,-0.23839729804403073,-0.45010643765010605,0.0,0.0,30.841458749999997
movi_f,kitti2015|catspp|False|False,kitti2015,catspp|False|False,91.4836,-0.0473707233748342,-0.29489229135414247,0.0,0.0,31.651932499999997
movi_f,kitti2015|catspp|False|True,kitti2015,catspp|False|True,83.9623,-0.0473707233748342,-0.29489229135414247,0.0,0.0,34.367570625
movi_f,kitti2015|catspp|True|False,kitti2015,catspp|True|False,98.0919,-0.0473707233748342,-0.29489229135414247,0.0,0.0,57.02279125
movi_f,kitti2015|catspp|True|True,kitti2015,catspp|True|True,95.7853,-0.0473707233748342,-0.29489229135414247,0.0,0.0,58.00793125
movi_f,kitti2015|glunet|False|False,kitti2015,glunet|False|False,90.0772,-0.0473707233748342,-0.29489229135414247,0.0,0.0,37.64419125
movi_f,kitti2015|glunet|False|True,kitti2015,glunet|False|True,83.9377,-0.0473707233748342,-0.29489229135414247,0.0,0.0,34.40426
movi_f,kitti2015|glunet|True|False,kitti2015,glunet|True|False,98.0506,-0.0473707233748342,-0.29489229135414247,0.0,0.0,46.488862499999996
movi_f,kitti2015|glunet|True|True,kitti2015,glunet|True|True,97.4131,-0.0473707233748342,-0.29489229135414247,0.0,0.0,50.60374375
movi_f,kitti2015|raft|True|False,kitti2015,raft|True|False,15.6081,-0.0473707233748342,-0.29489229135414247,0.0,0.0,31.197278593750003
movi_f,pfpascal|catspp|False|False,pfpascal,catspp|False|False,12.26865,0.5201621280999362,0.5402445220662453,0.0,0.0,39.824588125000005
movi_f,pfpascal|catspp|False|True,pfpascal,catspp|False|True,16.0706,0.5201621280999362,0.5402445220662453,0.0,0.0,42.767623125
movi_f,pfpascal|catspp|True|False,pfpascal,catspp|True|False,38.806,0.5201621280999362,0.5402445220662453,0.0,0.0,63.369066875
movi_f,pfpascal|catspp|True|True,pfpascal,catspp|True|True,45.1843,0.5201621280999362,0.5402445220662453,0.0,0.0,64.063656875
movi_f,pfpascal|glunet|False|False,pfpascal,glunet|False|False,13.9864,0.5201621280999362,0.5402445220662453,0.0,0.0,46.37843
movi_f,pfpascal|glunet|False|True,pfpascal,glunet|False|True,14.9872,0.5201621280999362,0.5402445220662453,0.0,0.0,42.75375125
movi_f,pfpascal|glunet|True|False,pfpascal,glunet|True|False,44.4728,0.5201621280999362,0.5402445220662453,0.0,0.0,54.21111
movi_f,pfpascal|glunet|True|True,pfpascal,glunet|True|True,29.9721,0.5201621280999362,0.5402445220662453,0.0,0.0,57.78879625
movi_f,pfpascal|raft|True|False,pfpascal,raft|True|False,15.79625,0.5201621280999362,0.5402445220662453,0.0,0.0,39.79030453125
movi_f,pfwillow|catspp|False|False,pfwillow,catspp|False|False,8.2333,0.6740561822518152,0.4589096410858291,0.0,0.0,39.46011625
movi_f,pfwillow|catspp|False|True,pfwillow,catspp|False|True,19.8667,0.6740561822518152,0.4589096410858291,0.0,0.0,42.46896875
movi_f,pfwillow|catspp|True|False,pfwillow,catspp|True|False,40.1667,0.6740561822518152,0.4589096410858291,0.0,0.0,62.951283124999996
movi_f,pfwillow|catspp|True|True,pfwillow,catspp|True|True,52.2222,0.6740561822518152,0.4589096410858291,0.0,0.0,63.801311250000005
movi_f,pfwillow|glunet|False|False,pfwillow,glunet|False|False,10.8778,0.6740561822518152,0.4589096410858291,0.0,0.0,45.8292725
movi_f,pfwillow|glunet|False|True,pfwillow,glunet|False|True,14.6333,0.6740561822518152,0.4589096410858291,0.0,0.0,42.422186249999996
movi_f,pfwillow|glunet|True|False,pfwillow,glunet|True|False,30.5,0.6740561822518152,0.4589096410858291,0.0,0.0,53.589968750000004
movi_f,pfwillow|glunet|True|True,pfwillow,glunet|True|True,44.3778,0.6740561822518152,0.4589096410858291,0.0,0.0,57.598254999999995
movi_f,pfwillow|raft|True|False,pfwillow,raft|True|False,14.7593,0.6740561822518152,0.4589096410858291,0.0,0.0,39.34621234375
movi_f,pointodyssey|catspp|False|False,pointodyssey,catspp|False|False,68.8301,-0.08730688500848302,0.4609373262970884,0.0,0.0,36.012026875
movi_f,pointodyssey|catspp|False|True,pointodyssey,catspp|False|True,39.8187,-0.08730688500848302,0.4609373262970884,0.0,0.0,37.687128125
movi_f,pointodyssey|catspp|True|False,pointodyssey,catspp|True|False,58.2916,-0.08730688500848302,0.4609373262970884,0.0,0.0,61.697571874999994
movi_f,pointodyssey|catspp|True|True,pointodyssey,catspp|True|True,48.5201,-0.08730688500848302,0.4609373262970884,0.0,0.0,62.49586125
movi_f,pointodyssey|glunet|False|False,pointodyssey,glunet|False|False,82.9373,-0.08730688500848302,0.4609373262970884,0.0,0.0,37.87997375
movi_f,pointodyssey|glunet|False|True,pointodyssey,glunet|False|True,68.033,-0.08730688500848302,0.4609373262970884,0.0,0.0,34.74649
movi_f,pointodyssey|glunet|True|False,pointodyssey,glunet|True|False,97.2085,-0.08730688500848302,0.4609373262970884,0.0,0.0,46.814811250000005
movi_f,pointodyssey|glunet|True|True,pointodyssey,glunet|True|True,55.0086,-0.08730688500848302,0.4609373262970884,0.0,0.0,50.52313375
movi_f,pointodyssey|raft|True|False,pointodyssey,raft|True|False,3.8248375,-0.08730688500848302,0.4609373262970884,0.0,0.0,35.544555
movi_f,spair|catspp|False|False,spair,catspp|False|False,3.633,-0.05064956621293049,-0.6236965401011062,0.0,0.0,40.848945625
movi_f,spair|catspp|False|True,spair,catspp|False|True,4.1558,-0.05064956621293049,-0.6236965401011062,0.0,0.0,43.765538750000005
movi_f,spair|catspp|True|False,spair,catspp|True|False,23.9303,-0.05064956621293049,-0.6236965401011062,0.0,0.0,66.258773125
movi_f,spair|catspp|True|True,spair,catspp|True|True,23.9909,-0.05064956621293049,-0.6236965401011062,0.0,0.0,67.06194500000001
movi_f,spair|glunet|False|False,spair,glunet|False|False,2.3266,-0.05064956621293049,-0.6236965401011062,0.0,0.0,47.45618125
movi_f,spair|glunet|False|True,spair,glunet|False|True,2.5156,-0.05064956621293049,-0.6236965401011062,0.0,0.0,43.84153375
movi_f,spair|glunet|True|False,spair,glunet|True|False,3.778,-0.05064956621293049,-0.6236965401011062,0.0,0.0,56.23055624999999
movi_f,spair|glunet|True|True,spair,glunet|True|True,7.582,-0.05064956621293049,-0.6236965401011062,0.0,0.0,60.583243749999994
movi_f,spair|raft|True|False,spair,raft|True|False,2.7395,-0.05064956621293049,-0.6236965401011062,0.0,0.0,40.85951140625
movi_f,synthetic|catspp|False|False,synthetic,catspp|False|False,15.2654,-0.06870372692987212,-0.6946164277164566,0.0,0.0,38.34907625
movi_f,synthetic|catspp|False|True,synthetic,catspp|False|True,17.94525,-0.06870372692987212,-0.6946164277164566,0.0,0.0,41.158776875
movi_f,synthetic|catspp|True|False,synthetic,catspp|True|False,61.0298,-0.06870372692987212,-0.6946164277164566,0.0,0.0,62.988460625
movi_f,synthetic|catspp|True|True,synthetic,catspp|True|True,39.7476,-0.06870372692987212,-0.6946164277164566,0.0,0.0,63.823065
movi_f,synthetic|glunet|False|False,synthetic,glunet|False|False,33.5541,-0.06870372692987212,-0.6946164277164566,0.0,0.0,45.98161875
movi_f,synthetic|glunet|False|True,synthetic,glunet|False|True,3.9451,-0.06870372692987212,-0.6946164277164566,0.0,0.0,42.52226375
movi_f,synthetic|glunet|True|False,synthetic,glunet|True|False,21.7318,-0.06870372692987212,-0.6946164277164566,0.0,0.0,53.51929249999999
movi_f,synthetic|glunet|True|True,synthetic,glunet|True|True,37.0372,-0.06870372692987212,-0.6946164277164566,0.0,0.0,58.518505000000005
movi_f,synthetic|raft|True|False,synthetic,raft|True|False,4.2572,-0.06870372692987212,-0.6946164277164566,0.0,0.0,38.3709790625
movi_f,tss|catspp|False|False,tss,catspp|False|False,21.05095,-0.06956191409347068,-0.04789680650229943,0.0,0.0,38.10247875
movi_f,tss|catspp|False|True,tss,catspp|False|True,15.3875,-0.06956191409347068,-0.04789680650229943,0.0,0.0,40.87744
movi_f,tss|catspp|True|False,tss,catspp|True|False,66.7564,-0.06956191409347068,-0.04789680650229943,0.0,0.0,60.914344375
movi_f,tss|catspp|True|True,tss,catspp|True|True,64.5396,-0.06956191409347068,-0.04789680650229943,0.0,0.0,61.7916375
movi_f,tss|glunet|False|False,tss,glunet|False|False,23.6203,-0.06956191409347068,-0.04789680650229943,0.0,0.0,44.51233125
movi_f,tss|glunet|False|True,tss,glunet|False|True,26.4422,-0.06956191409347068,-0.04789680650229943,0.0,0.0,41.33290375
movi_f,tss|glunet|True|False,tss,glunet|True|False,66.03,-0.06956191409347068,-0.04789680650229943,0.0,0.0,51.438701249999994
movi_f,tss|glunet|True|True,tss,glunet|True|True,49.9068,-0.06956191409347068,-0.04789680650229943,0.0,0.0,55.27723375000001
movi_f,tss|raft|True|False,tss,raft|True|False,27.3868,-0.06956191409347068,-0.04789680650229943,0.0,0.0,38.6126009375
pointodyssey,flyingthings|catspp|False|False,flyingthings,catspp|False|False,61.2423,-0.42047906868605806,0.24005554503503793,0.0,0.0,34.415966874999995
pointodyssey,flyingthings|catspp|False|True,flyingthings,catspp|False|True,57.0993,-0.42047906868605806,0.24005554503503793,0.0,0.0,36.311615
pointodyssey,flyingthings|catspp|True|False,flyingthings,catspp|True|False,85.2977,-0.42047906868605806,0.24005554503503793,0.0,0.0,58.54875187500001
pointodyssey,flyingthings|catspp|True|True,flyingthings,catspp|True|True,80.7323,-0.42047906868605806,0.24005554503503793,0.0,0.0,59.996248125
pointodyssey,flyingthings|glunet|False|False,flyingthings,glunet|False|False,62.2616,-0.42047906868605806,0.24005554503503793,0.0,0.0,39.926283749999996
pointodyssey,flyingthings|glunet|False|True,flyingthings,glunet|False|True,67.784,-0.42047906868605806,0.24005554503503793,0.0,0.0,37.253185
pointodyssey,flyingthings|glunet|True|False,flyingthings,glunet|True|False,66.6096,-0.42047906868605806,0.24005554503503793,0.0,0.0,50.3908
pointodyssey,flyingthings|glunet|True|True,flyingthings,glunet|True|True,77.2625,-0.42047906868605806,0.24005554503503793,0.0,0.0,52.5969625
pointodyssey,flyingthings|raft|True|False,flyingthings,raft|True|False,79.60585,-0.42047906868605806,0.24005554503503793,0.0,0.0,32.891666406249996
pointodyssey,kitti2012|catspp|False|False,kitti2012,catspp|False|False,69.0475,-0.21354633905683895,-0.278652053915526,0.0,0.0,31.9286675
pointodyssey,kitti2012|catspp|False|True,kitti2012,catspp|False|True,86.4889,-0.21354633905683895,-0.278652053915526,0.0,0.0,33.95963125
pointodyssey,kitti2012|catspp|True|False,kitti2012,catspp|True|False,98.3518,-0.21354633905683895,-0.278652053915526,0.0,0.0,56.53390937499999
pointodyssey,kitti2012|catspp|True|True,kitti2012,catspp|True|True,97.2492,-0.21354633905683895,-0.278652053915526,0.0,0.0,58.059158749999995
pointodyssey,kitti2012|glunet|False|False,kitti2012,glunet|False|False,97.9959,-0.21354633905683895,-0.278652053915526,0.0,0.0,36.5948975
pointodyssey,kitti2012|glunet|False|True,kitti2012,glunet|False|True,94.0515,-0.21354633905683895,-0.278652053915526,0.0,0.0,33.3794975
pointodyssey,kitti2012|glunet|True|False,kitti2012,glunet|True|False,22.7606,-0.21354633905683895,-0.278652053915526,0.0,0.0,46.688395
pointodyssey,kitti2012|glunet|True|True,kitti2012,glunet|True|True,93.1941,-0.21354633905683895,-0.278652053915526,0.0,0.0,49.4554025
pointodyssey,kitti2012|raft|True|False,kitti2012,raft|True|False,94.0246,-0.21354633905683895,-0.278652053915526,0.0,0.0,29.51304921875
pointodyssey,kitti2015|catspp|False|False,kitti2015,catspp|False|False,88.7903,-0.11267142589964836,-0.13752875509792553,0.0,0.0,31.887206250000002
pointodyssey,kitti2015|catspp|False|True,kitti2015,catspp|False|True,79.9745,-0.11267142589964836,-0.13752875509792553,0.0,0.0,33.76175375
pointodyssey,kitti2015|catspp|True|False,kitti2015,catspp|True|False,97.4319,-0.11267142589964836,-0.13752875509792553,0.0,0.0,56.61120125
pointodyssey,kitti2015|catspp|True|True,kitti2015,catspp|True|True,97.817,-0.11267142589964836,-0.13752875509792553,0.0,0.0,58.1796925
pointodyssey,kitti2015|glunet|False|False,kitti2015,glunet|False|False,93.5085,-0.11267142589964836,-0.13752875509792553,0.0,0.0,37.11014875
pointodyssey,kitti2015|glunet|False|True,kitti2015,glunet|False|True,84.862,-0.11267142589964836,-0.13752875509792553,0.0,0.0,33.85748625
pointodyssey,kitti2015|glunet|True|False,kitti2015,glunet|True|False,97.7086,-0.11267142589964836,-0.13752875509792553,0.0,0.0,47.8860125
pointodyssey,kitti2015|glunet|True|True,kitti2015,glunet|True|True,94.9408,-0.11267142589964836,-0.13752875509792553,0.0,0.0,49.755765
pointodyssey,kitti2015|raft|True|False,kitti2015,raft|True|False,90.2207,-0.11267142589964836,-0.13752875509792553,0.0,0.0,29.799014999999997
pointodyssey,pfpascal|catspp|False|False,pfpascal,catspp|False|False,14.1789,0.6396681911847006,0.667115897484936,0.0,0.0,40.11740625
pointodyssey,pfpascal|catspp|False|True,pfpascal,catspp|False|True,7.8772,0.6396681911847006,0.667115897484936,0.0,0.0,42.109236249999995
pointodyssey,pfpascal|catspp|True|False,pfpascal,catspp|True|False,48.3555,0.6396681911847006,0.667115897484936,0.0,0.0,63.085095624999994
pointodyssey,pfpascal|catspp|True|True,pfpascal,catspp|True|True,47.1207,0.6396681911847006,0.667115897484936,0.0,0.0,64.234226875
pointodyssey,pfpascal|glunet|False|False,pfpascal,glunet|False|False,11.2521,0.6396681911847006,0.667115897484936,0.0,0.0,45.767317500000004
pointodyssey,pfpascal|glunet|False|True,pfpascal,glunet|False|True,12.3527,0.6396681911847006,0.667115897484936,0.0,0.0,42.1624925
pointodyssey,pfpascal|glunet|True|False,pfpascal,glunet|True|False,34.1953,0.6396681911847006,0.667115897484936,0.0,0.0,55.48406625
pointodyssey,pfpascal|glunet|True|True,pfpascal,glunet|True|True,42.0709,0.6396681911847006,0.667115897484936,0.0,0.0,57.12295625
pointodyssey,pfpascal|raft|True|False,pfpascal,raft|True|False,7.6938,0.6396681911847006,0.667115897484936,0.0,0.0,37.3581028125
pointodyssey,pfwillow|catspp|False|False,pfwillow,catspp|False|False,11.9667,0.8227893416556218,0.7660480394648557,0.0,0.0,39.77572375
pointodyssey,pfwillow|catspp|False|True,pfwillow,catspp|False|True,11.5778,0.8227893416556218,0.7660480394648557,0.0,0.0,41.809388125
pointodyssey,pfwillow|catspp|True|False,pfwillow,catspp|True|False,52.3889,0.8227893416556218,0.7660480394648557,0.0,0.0,62.700720624999995
pointodyssey,pfwillow|catspp|True|True,pfwillow,catspp|True|True,38.0222,0.8227893416556218,0.7660480394648557,0.0,0.0,63.77017625
pointodyssey,pfwillow|glunet|False|False,pfwillow,glunet|False|False,13.8,0.8227893416556218,0.7660480394648557,0.0,0.0,45.28886625
pointodyssey,pfwillow|glunet|False|True,pfwillow,glunet|False|True,7.7889,0.8227893416556218,0.7660480394648557,0.0,0.0,41.778303750000006
pointodyssey,pfwillow|glunet|True|False,pfwillow,glunet|True|False,29.116,0.8227893416556218,0.7660480394648557,0.0,0.0,54.974093749999994
pointodyssey,pfwillow|glunet|True|True,pfwillow,glunet|True|True,34.1444,0.8227893416556218,0.7660480394648557,0.0,0.0,56.653262500000004
pointodyssey,pfwillow|raft|True|False,pfwillow,raft|True|False,17.8333,0.8227893416556218,0.7660480394648557,0.0,0.0,37.05371625
pointodyssey,pointodyssey|catspp|False|False,pointodyssey,catspp|False|False,51.33235,-0.29057010778051845,0.4345398646894015,0.0,0.0,36.062245000000004
pointodyssey,pointodyssey|catspp|False|True,pointodyssey,catspp|False|True,17.5356,-0.29057010778051845,0.4345398646894015,0.0,0.0,36.85262
pointodyssey,pointodyssey|catspp|True|False,pointodyssey,catspp|True|False,45.1112,-0.29057010778051845,0.4345398646894015,0.0,0.0,61.129476875
pointodyssey,pointodyssey|catspp|True|True,pointodyssey,catspp|True|True,45.8507,-0.29057010778051845,0.4345398646894015,0.0,0.0,62.60885875
pointodyssey,pointodyssey|glunet|False|False,pointodyssey,glunet|False|False,66.6921,-0.29057010778051845,0.4345398646894015,0.0,0.0,37.099975
pointodyssey,pointodyssey|glunet|False|True,pointodyssey,glunet|False|True,80.199,-0.29057010778051845,0.4345398646894015,0.0,0.0,34.3402375
pointodyssey,pointodyssey|glunet|True|False,pointodyssey,glunet|True|False,92.7503,-0.29057010778051845,0.4345398646894015,0.0,0.0,48.16050875
pointodyssey,pointodyssey|glunet|True|True,pointodyssey,glunet|True|True,96.5122,-0.29057010778051845,0.4345398646894015,0.0,0.0,50.22485375
pointodyssey,pointodyssey|raft|True|False,pointodyssey,raft|True|False,9.7147,-0.29057010778051845,0.4345398646894015,0.0,0.0,33.2872571875
pointodyssey,spair|catspp|False|False,spair,catspp|False|False,3.018,0.05174038822837539,-0.4102195025617469,0.0,0.0,41.110198125
pointodyssey,spair|catspp|False|True,spair,catspp|False|True,2.6465,0.05174038822837539,-0.4102195025617469,0.0,0.0,43.190703125
pointodyssey,spair|catspp|True|False,spair,catspp|True|False,20.8771,0.05174038822837539,-0.4102195025617469,0.0,0.0,65.817268125
pointodyssey,spair|catspp|True|True,spair,catspp|True|True,25.8691,0.05174038822837539,-0.4102195025617469,0.0,0.0,67.2317875
pointodyssey,spair|glunet|False|False,spair,glunet|False|False,2.6759,0.05174038822837539,-0.4102195025617469,0.0,0.0,46.88361375
pointodyssey,spair|glunet|False|True,spair,glunet|False|True,2.9367,0.05174038822837539,-0.4102195025617469,0.0,0.0,43.288470000000004
pointodyssey,spair|glunet|True|False,spair,glunet|True|False,4.5811,0.05174038822837539,-0.4102195025617469,0.0,0.0,57.64202
pointodyssey,spair|glunet|True|True,spair,glunet|True|True,5.8067,0.05174038822837539,-0.4102195025617469,0.0,0.0,59.74397750000001
pointodyssey,spair|raft|True|False,spair,raft|True|False,2.895,0.05174038822837539,-0.4102195025617469,0.0,0.0,38.530534062499996
pointodyssey,synthetic|catspp|False|False,synthetic,catspp|False|False,17.907249999999998,0.11432559141745378,-0.48066904146821116,0.0,0.0,38.651039374999996
pointodyssey,synthetic|catspp|False|True,synthetic,catspp|False|True,18.8784,0.11432559141745378,-0.48066904146821116,0.0,0.0,40.614471875
pointodyssey,synthetic|catspp|True|False,synthetic,catspp|True|False,84.9434,0.11432559141745378,-0.48066904146821116,0.0,0.0,62.884040625
pointodyssey,synthetic|catspp|True|True,synthetic,catspp|True|True,39.1069,0.11432559141745378,-0.48066904146821116,0.0,0.0,63.96142125
pointodyssey,synthetic|glunet|False|False,synthetic,glunet|False|False,16.7571,0.11432559141745378,-0.48066904146821116,0.0,0.0,45.1947225
pointodyssey,synthetic|glunet|False|True,synthetic,glunet|False|True,12.7059,0.11432559141745378,-0.48066904146821116,0.0,0.0,42.07344625
pointodyssey,synthetic|glunet|True|False,synthetic,glunet|True|False,32.9391,0.11432559141745378,-0.48066904146821116,0.0,0.0,55.06080875
pointodyssey,synthetic|glunet|True|True,synthetic,glunet|True|True,21.6568,0.11432559141745378,-0.48066904146821116,0.0,0.0,57.509175000000006
pointodyssey,synthetic|raft|True|False,synthetic,raft|True|False,25.1774,0.11432559141745378,-0.48066904146821116,0.0,0.0,36.30156046875
pointodyssey,tss|catspp|False|False,tss,catspp|False|False,32.3684,-0.10427942771305045,0.08377566745163903,0.0,0.0,38.512886875
pointodyssey,tss|catspp|False|True,tss,catspp|False|True,35.3243,-0.10427942771305045,0.08377566745163903,0.0,0.0,40.570680625
pointodyssey,tss|catspp|True|False,tss,catspp|True|False,65.8113,-0.10427942771305045,0.08377566745163903,0.0,0.0,60.499190625000004
pointodyssey,tss|catspp|True|True,tss,catspp|True|True,65.1306,-0.10427942771305045,0.08377566745163903,0.0,0.0,61.945389999999996
pointodyssey,tss|glunet|False|False,tss,glunet|False|False,36.1641,-0.10427942771305045,0.08377566745163903,0.0,0.0,44.092195
pointodyssey,tss|glunet|False|True,tss,glunet|False|True,22.0866,-0.10427942771305045,0.08377566745163903,0.0,0.0,40.72013125
pointodyssey,tss|glunet|True|False,tss,glunet|True|False,52.1427,-0.10427942771305045,0.08377566745163903,0.0,0.0,52.666534999999996
pointodyssey,tss|glunet|True|True,tss,glunet|True|True,34.6233,-0.10427942771305045,0.08377566745163903,0.0,0.0,54.269115
pointodyssey,tss|raft|True|False,tss,raft|True|False,25.936,-0.10427942771305045,0.08377566745163903,0.0,0.0,36.26354484375
sintel,flyingthings|catspp|False|False,flyingthings,catspp|False|False,76.3251,-0.5047311231015787,0.5591797776489729,0.0,0.0,36.571215625
sintel,flyingthings|catspp|False|True,flyingthings,catspp|False|True,76.5009,-0.5047311231015787,0.5591797776489729,0.0,0.0,35.36657875
sintel,flyingthings|catspp|True|False,flyingthings,catspp|True|False,81.8483,-0.5047311231015787,0.5591797776489729,0.0,0.0,59.228573125000004
sintel,flyingthings|catspp|True|True,flyingthings,catspp|True|True,81.6201,-0.5047311231015787,0.5591797776489729,0.0,0.0,59.564668125000004
sintel,flyingthings|glunet|False|False,flyingthings,glunet|False|False,79.5401,-0.5047311231015787,0.5591797776489729,0.0,0.0,40.164114999999995
sintel,flyingthings|glunet|False|True,flyingthings,glunet|False|True,57.5697,-0.5047311231015787,0.5591797776489729,0.0,0.0,37.2748225
sintel,flyingthings|glunet|True|False,flyingthings,glunet|True|False,72.0776,-0.5047311231015787,0.5591797776489729,0.0,0.0,49.97865
sintel,flyingthings|glunet|True|True,flyingthings,glunet|True|True,39.106,-0.5047311231015787,0.5591797776489729,0.0,0.0,52.69093
sintel,flyingthings|raft|True|False,flyingthings,raft|True|False,63.2297,-0.5047311231015787,0.5591797776489729,0.0,0.0,32.55988640625
sintel,kitti2012|catspp|False|False,kitti2012,catspp|False|False,10.184,-0.14933433892853384,-0.3562496881205368,0.0,0.0,33.1595875
sintel,kitti2012|catspp|False|True,kitti2012,catspp|False|True,94.8248,-0.14933433892853384,-0.3562496881205368,0.0,0.0,32.87627375
sintel,kitti2012|catspp|True|False,kitti2012,catspp|True|False,92.9336,-0.14933433892853384,-0.3562496881205368,0.0,0.0,57.189120625
sintel,kitti2012|catspp|True|True,kitti2012,catspp|True|True,95.7835,-0.14933433892853384,-0.3562496881205368,0.0,0.0,57.59815999999999
sintel,kitti2012|glunet|False|False,kitti2012,glunet|False|False,83.4869,-0.14933433892853384,-0.3562496881205368,0.0,0.0,36.435385000000004
sintel,kitti2012|glunet|False|True,kitti2012,glunet|False|True,83.8602,-0.14933433892853384,-0.3562496881205368,0.0,0.0,33.4014225
sintel,kitti2012|glunet|True|False,kitti2012,glunet|True|False,99.1933,-0.14933433892853384,-0.3562496881205368,0.0,0.0,47.16330375
sintel,kitti2012|glunet|True|True,kitti2012,glunet|True|True,98.9758,-0.14933433892853384,-0.3562496881205368,0.0,0.0,50.0985975
sintel,kitti2012|raft|True|False,kitti2012,raft|True|False,81.5116,-0.14933433892853384,-0.3562496881205368,0.0,0.0,29.22955859375
sintel,kitti2015|catspp|False|False,kitti2015,catspp|False|False,10.8859,0.048481767610650754,-0.20452690332882262,0.0,0.0,32.880115
sintel,kitti2015|catspp|False|True,kitti2015,catspp|False|True,85.19040000000001,0.048481767610650754,-0.20452690332882262,0.0,0.0,32.63939625
sintel,kitti2015|catspp|True|False,kitti2015,catspp|True|False,94.1351,0.048481767610650754,-0.20452690332882262,0.0,0.0,57.29293
sintel,kitti2015|catspp|True|True,kitti2015,catspp|True|True,95.0862,0.048481767610650754,-0.20452690332882262,0.0,0.0,57.70288000000001
sintel,kitti2015|glunet|False|False,kitti2015,glunet|False|False,71.5137,0.048481767610650754,-0.20452690332882262,0.0,0.0,36.857063749999995
sintel,kitti2015|glunet|False|True,kitti2015,glunet|False|True,84.0249,0.048481767610650754,-0.20452690332882262,0.0,0.0,33.99633875
sintel,kitti2015|glunet|True|False,kitti2015,glunet|True|False,29.7992,0.048481767610650754,-0.20452690332882262,0.0,0.0,46.556644999999996
sintel,kitti2015|glunet|True|True,kitti2015,glunet|True|True,61.7536,0.048481767610650754,-0.20452690332882262,0.0,0.0,49.911848750000004
sintel,kitti2015|raft|True|False,kitti2015,raft|True|False,84.9165,0.048481767610650754,-0.20452690332882262,0.0,0.0,29.605634375
sintel,pfpascal|catspp|False|False,pfpascal,catspp|False|False,3.0238,0.5383399946443124,0.704036400651052,0.0,0.0,41.94468125
sintel,pfpascal|catspp|False|True,pfpascal,catspp|False|True,15.5569,0.5383399946443124,0.704036400651052,0.0,0.0,41.01767625
sintel,pfpascal|catspp|True|False,pfpascal,catspp|True|False,42.4378,0.5383399946443124,0.704036400651052,0.0,0.0,63.734063125
sintel,pfpascal|catspp|True|True,pfpascal,catspp|True|True,38.0521,0.5383399946443124,0.704036400651052,0.0,0.0,63.678191875
sintel,pfpascal|glunet|False|False,pfpascal,glunet|False|False,18.1731,0.5383399946443124,0.704036400651052,0.0,0.0,45.87568
sintel,pfpascal|glunet|False|True,pfpascal,glunet|False|True,13.1695,0.5383399946443124,0.704036400651052,0.0,0.0,42.32201875
sintel,pfpascal|glunet|True|False,pfpascal,glunet|True|False,30.4384,0.5383399946443124,0.704036400651052,0.0,0.0,54.956605
sintel,pfpascal|glunet|True|True,pfpascal,glunet|True|True,46.4716,0.5383399946443124,0.704036400651052,0.0,0.0,57.748888750000006
sintel,pfpascal|raft|True|False,pfpascal,raft|True|False,11.7703,0.5383399946443124,0.704036400651052,0.0,0.0,37.281980937499995
sintel,pfwillow|catspp|False|False,pfwillow,catspp|False|False,17.4889,0.7595849963829768,0.6438377658438068,0.0,0.0,41.811465
sintel,pfwillow|catspp|False|True,pfwillow,catspp|False|True,18.5333,0.7595849963829768,0.6438377658438068,0.0,0.0,40.708775625
sintel,pfwillow|catspp|True|False,pfwillow,catspp|True|False,38.0889,0.7595849963829768,0.6438377658438068,0.0,0.0,63.244909375
sintel,pfwillow|catspp|True|True,pfwillow,catspp|True|True,57.2889,0.7595849963829768,0.6438377658438068,0.0,0.0,63.5683325
sintel,pfwillow|glunet|False|False,pfwillow,glunet|False|False,16.7914,0.7595849963829768,0.6438377658438068,0.0,0.0,45.34810875
sintel,pfwillow|glunet|False|True,pfwillow,glunet|False|True,10.5889,0.7595849963829768,0.6438377658438068,0.0,0.0,41.96262
sintel,pfwillow|glunet|True|False,pfwillow,glunet|True|False,36.5889,0.7595849963829768,0.6438377658438068,0.0,0.0,54.587005
sintel,pfwillow|glunet|True|True,pfwillow,glunet|True|True,27.2457,0.7595849963829768,0.6438377658438068,0.0,0.0,57.1379525
sintel,pfwillow|raft|True|False,pfwillow,raft|True|False,8.1389,0.7595849963829768,0.6438377658438068,0.0,0.0,36.805458125
sintel,pointodyssey|catspp|False|False,pointodyssey,catspp|False|False,17.1954,-0.13148668109970216,0.5408789297799271,0.0,0.0,37.602246875
sintel,pointodyssey|catspp|False|True,pointodyssey,catspp|False|True,80.8951,-0.13148668109970216,0.5408789297799271,0.0,0.0,36.457057500000005
sintel,pointodyssey|catspp|True|False,pointodyssey,catspp|True|False,54.5198,-0.13148668109970216,0.5408789297799271,0.0,0.0,61.970023125
sintel,pointodyssey|catspp|True|True,pointodyssey,catspp|True|True,59.3461,-0.13148668109970216,0.5408789297799271,0.0,0.0,62.33487375
sintel,pointodyssey|glunet|False|False,pointodyssey,glunet|False|False,85.9719,-0.13148668109970216,0.5408789297799271,0.0,0.0,37.3628225
sintel,pointodyssey|glunet|False|True,pointodyssey,glunet|False|True,80.8978,-0.13148668109970216,0.5408789297799271,0.0,0.0,34.49828875
sintel,pointodyssey|glunet|True|False,pointodyssey,glunet|True|False,91.0513,-0.13148668109970216,0.5408789297799271,0.0,0.0,47.65877125
sintel,pointodyssey|glunet|True|True,pointodyssey,glunet|True|True,96.2978,-0.13148668109970216,0.5408789297799271,0.0,0.0,50.7930975
sintel,pointodyssey|raft|True|False,pointodyssey,raft|True|False,64.2839,-0.13148668109970216,0.5408789297799271,0.0,0.0,33.8422940625
sintel,spair|catspp|False|False,spair,catspp|False|False,3.7321,0.07269702087190531,-0.4748581142240421,0.0,0.0,43.085838124999995
sintel,spair|catspp|False|True,spair,catspp|False|True,4.0341,0.07269702087190531,-0.4748581142240421,0.0,0.0,42.020491875
sintel,spair|catspp|True|False,spair,catspp|True|False,22.7753,0.07269702087190531,-0.4748581142240421,0.0,0.0,66.563934375
sintel,spair|catspp|True|True,spair,catspp|True|True,17.4154,0.07269702087190531,-0.4748581142240421,0.0,0.0,66.68343875000001
sintel,spair|glunet|False|False,spair,glunet|False|False,3.0311,0.07269702087190531,-0.4748581142240421,0.0,0.0,46.90990375
sintel,spair|glunet|False|True,spair,glunet|False|True,2.0144,0.07269702087190531,-0.4748581142240421,0.0,0.0,43.426257500000006
sintel,spair|glunet|True|False,spair,glunet|True|False,26.6007,0.07269702087190531,-0.4748581142240421,0.0,0.0,57.436765
sintel,spair|glunet|True|True,spair,glunet|True|True,14.4483,0.07269702087190531,-0.4748581142240421,0.0,0.0,60.42292125
sintel,spair|raft|True|False,spair,raft|True|False,2.9715,0.07269702087190531,-0.4748581142240421,0.0,0.0,38.4044121875
sintel,synthetic|catspp|False|False,synthetic,catspp|False|False,20.6718,0.05984234005699403,-0.6515663083378515,0.0,0.0,40.65231
sintel,synthetic|catspp|False|True,synthetic,catspp|False|True,4.077,0.05984234005699403,-0.6515663083378515,0.0,0.0,39.241898125
sintel,synthetic|catspp|True|False,synthetic,catspp|True|False,53.8161,0.05984234005699403,-0.6515663083378515,0.0,0.0,63.217888125
sintel,synthetic|catspp|True|True,synthetic,catspp|True|True,61.0204,0.05984234005699403,-0.6515663083378515,0.0,0.0,63.79266249999999
sintel,synthetic|glunet|False|False,synthetic,glunet|False|False,14.6555,0.05984234005699403,-0.6515663083378515,0.0,0.0,45.1903025
sintel,synthetic|glunet|False|True,synthetic,glunet|False|True,13.3788,0.05984234005699403,-0.6515663083378515,0.0,0.0,42.231173749999996
sintel,synthetic|glunet|True|False,synthetic,glunet|True|False,26.6724,0.05984234005699403,-0.6515663083378515,0.0,0.0,54.501975
sintel,synthetic|glunet|True|True,synthetic,glunet|True|True,18.4805,0.05984234005699403,-0.6515663083378515,0.0,0.0,58.040395000000004
sintel,synthetic|raft|True|False,synthetic,raft|True|False,21.9875,0.05984234005699403,-0.6515663083378515,0.0,0.0,36.13460859375
sintel,tss|catspp|False|False,tss,catspp|False|False,33.0076,-0.09315281017609144,-0.001050452230506074,0.0,0.0,40.487590625
sintel,tss|catspp|False|True,tss,catspp|False|True,32.7945,-0.09315281017609144,-0.001050452230506074,0.0,0.0,39.351501875000004
sintel,tss|catspp|True|False,tss,catspp|True|False,60.1788,-0.09315281017609144,-0.001050452230506074,0.0,0.0,61.151723125000004
sintel,tss|catspp|True|True,tss,catspp|True|True,66.7002,-0.09315281017609144,-0.001050452230506074,0.0,0.0,61.522332500000005
sintel,tss|glunet|False|False,tss,glunet|False|False,26.1956,-0.09315281017609144,-0.001050452230506074,0.0,0.0,43.98943875
sintel,tss|glunet|False|True,tss,glunet|False|True,27.3178,-0.09315281017609144,-0.001050452230506074,0.0,0.0,40.9348375
sintel,tss|glunet|True|False,tss,glunet|True|False,58.8215,-0.09315281017609144,-0.001050452230506074,0.0,0.0,52.26952
sintel,tss|glunet|True|True,tss,glunet|True|True,51.7585,-0.09315281017609144,-0.001050452230506074,0.0,0.0,55.05422875000001
sintel,tss|raft|True|False,tss,raft|True|False,24.4577,-0.09315281017609144,-0.001050452230506074,0.0,0.0,36.11798796875
spair,flyingthings|catspp|False|False,flyingthings,catspp|False|False,64.4318,0.16988254179696605,-0.3147276106733144,0.0,0.0,34.454909375
spair,flyingthings|catspp|False|True,flyingthings,catspp|False|True,72.1858,0.16988254179696605,-0.3147276106733144,0.0,0.0,35.235053125
spair,flyingthings|catspp|True|False,flyingthings,catspp|True|False,77.7052,0.16988254179696605,-0.3147276106733144,0.0,0.0,58.989374375
spair,flyingthings|catspp|True|True,flyingthings,catspp|True|True,77.9071,0.16988254179696605,-0.3147276106733144,0.0,0.0,59.61775
spair,flyingthings|glunet|False|False,flyingthings,glunet|False|False,64.4604,0.16988254179696605,-0.3147276106733144,0.0,0.0,39.419923749999995
spair,flyingthings|glunet|False|True,flyingthings,glunet|False|True,56.8539,0.16988254179696605,-0.3147276106733144,0.0,0.0,37.332544999999996
spair,flyingthings|glunet|True|False,flyingthings,glunet|True|False,70.575,0.16988254179696605,-0.3147276106733144,0.0,0.0,49.96792125
spair,flyingthings|glunet|True|True,flyingthings,glunet|True|True,69.7732,0.16988254179696605,-0.3147276106733144,0.0,0.0,53.14450125
spair,flyingthings|raft|True|False,flyingthings,raft|True|False,4.28145,0.16988254179696605,-0.3147276106733144,0.0,0.0,33.09906453125
spair,kitti2012|catspp|False|False,kitti2012,catspp|False|False,76.4616,-1.0249495995299438,-1.3580895597586082,0.0,0.0,32.0204175
spair,kitti2012|catspp|False|True,kitti2012,catspp|False|True,77.1277,-1.0249495995299438,-1.3580895597586082,0.0,0.0,32.577473125
spair,kitti2012|catspp|True|False,kitti2012,catspp|True|False,83.7234,-1.0249495995299438,-1.3580895597586082,0.0,0.0,56.886583125
spair,kitti2012|catspp|True|True,kitti2012,catspp|True|True,95.9432,-1.0249495995299438,-1.3580895597586082,0.0,0.0,57.699650625000004
spair,kitti2012|glunet|False|False,kitti2012,glunet|False|False,95.5502,-1.0249495995299438,-1.3580895597586082,0.0,0.0,36.03048125
spair,kitti2012|glunet|False|True,kitti2012,glunet|False|True,98.3756,-1.0249495995299438,-1.3580895597586082,0.0,0.0,33.649535
spair,kitti2012|glunet|True|False,kitti2012,glunet|True|False,98.4939,-1.0249495995299438,-1.3580895597586082,0.0,0.0,47.162615
spair,kitti2012|glunet|True|True,kitti2012,glunet|True|True,54.1912,-1.0249495995299438,-1.3580895597586082,0.0,0.0,49.60902125
spair,kitti2012|raft|True|False,kitti2012,raft|True|False,87.91614999999999,-1.0249495995299438,-1.3580895597586082,0.0,0.0,30.585646718750002
spair,kitti2015|catspp|False|False,kitti2015,catspp|False|False,84.7086,-0.01774720710784805,-0.594751953691592,0.0,0.0,31.83525875
spair,kitti2015|catspp|False|True,kitti2015,catspp|False|True,78.5201,-0.01774720710784805,-0.594751953691592,0.0,0.0,32.478430625
spair,kitti2015|catspp|True|False,kitti2015,catspp|True|False,96.7896,-0.01774720710784805,-0.594751953691592,0.0,0.0,57.13870125
spair,kitti2015|catspp|True|True,kitti2015,catspp|True|True,95.5148,-0.01774720710784805,-0.594751953691592,0.0,0.0,57.807731875
spair,kitti2015|glunet|False|False,kitti2015,glunet|False|False,90.6756,-0.01774720710784805,-0.594751953691592,0.0,0.0,36.5408925
spair,kitti2015|glunet|False|True,kitti2015,glunet|False|True,86.9497,-0.01774720710784805,-0.594751953691592,0.0,0.0,34.09956875
spair,kitti2015|glunet|True|False,kitti2015,glunet|True|False,95.0838,-0.01774720710784805,-0.594751953691592,0.0,0.0,47.380756250000005
spair,kitti2015|glunet|True|True,kitti2015,glunet|True|True,97.4108,-0.01774720710784805,-0.594751953691592,0.0,0.0,50.427794999999996
spair,kitti2015|raft|True|False,kitti2015,raft|True|False,70.4775,-0.01774720710784805,-0.594751953691592,0.0,0.0,30.701178125000002
spair,pfpascal|catspp|False|False,pfpascal,catspp|False|False,10.5271,1.6021615026818126,1.4904276175788673,0.0,0.0,40.0708325
spair,pfpascal|catspp|False|True,pfpascal,catspp|False|True,10.9336,1.6021615026818126,1.4904276175788673,0.0,0.0,40.882298125
spair,pfpascal|catspp|True|False,pfpascal,catspp|True|False,49.2406,1.6021615026818126,1.4904276175788673,0.0,0.0,63.631688125000004
spair,pfpascal|catspp|True|True,pfpascal,catspp|True|True,45.84245,1.6021615026818126,1.4904276175788673,0.0,0.0,63.875065625000005
spair,pfpascal|glunet|False|False,pfpascal,glunet|False|False,8.3855,1.6021615026818126,1.4904276175788673,0.0,0.0,45.19764
spair,pfpascal|glunet|False|True,pfpascal,glunet|False|True,5.604,1.6021615026818126,1.4904276175788673,0.0,0.0,42.29412
spair,pfpascal|glunet|True|False,pfpascal,glunet|True|False,5.8954,1.6021615026818126,1.4904276175788673,0.0,0.0,54.65787125000001
spair,pfpascal|glunet|True|True,pfpascal,glunet|True|True,33.9699,1.6021615026818126,1.4904276175788673,0.0,0.0,57.66284875
spair,pfpascal|raft|True|False,pfpascal,raft|True|False,14.4373,1.6021615026818126,1.4904276175788673,0.0,0.0,38.5913496875
spair,pfwillow|catspp|False|False,pfwillow,catspp|False|False,19.4444,1.603732941481572,1.5025067021712395,0.0,0.0,39.86826875
spair,pfwillow|catspp|False|True,pfwillow,catspp|False|True,5.5667,1.603732941481572,1.5025067021712395,0.0,0.0,40.469106249999996
spair,pfwillow|catspp|True|False,pfwillow,catspp|True|False,44.0889,1.603732941481572,1.5025067021712395,0.0,0.0,63.132499374999995
spair,pfwillow|catspp|True|True,pfwillow,catspp|True|True,48.9333,1.603732941481572,1.5025067021712395,0.0,0.0,63.563381875000005
spair,pfwillow|glunet|False|False,pfwillow,glunet|False|False,21.063,1.603732941481572,1.5025067021712395,0.0,0.0,44.845808749999996
spair,pfwillow|glunet|False|True,pfwillow,glunet|False|True,16.9778,1.603732941481572,1.5025067021712395,0.0,0.0,42.109151250000004
spair,pfwillow|glunet|True|False,pfwillow,glunet|True|False,10.1,1.603732941481572,1.5025067021712395,0.0,0.0,54.26394749999999
spair,pfwillow|glunet|True|True,pfwillow,glunet|True|True,48.458,1.603732941481572,1.5025067021712395,0.0,0.0,57.4733375
spair,pfwillow|raft|True|False,pfwillow,raft|True|False,16.6614,1.603732941481572,1.5025067021712395,0.0,0.0,38.188020625
spair,pointodyssey|catspp|False|False,pointodyssey,catspp|False|False,34.7757,-0.2610183397755919,-0.6398110041641929,0.0,0.0,35.854360625
spair,pointodyssey|catspp|False|True,pointodyssey,catspp|False|True,84.993,-0.2610183397755919,-0.6398110041641929,0.0,0.0,36.430694375
spair,pointodyssey|catspp|True|False,pointodyssey,catspp|True|False,72.7112,-0.2610183397755919,-0.6398110041641929,0.0,0.0,62.010005625
spair,pointodyssey|catspp|True|True,pointodyssey,catspp|True|True,73.2754,-0.2610183397755919,-0.6398110041641929,0.0,0.0,62.608484375
spair,pointodyssey|glunet|False|False,pointodyssey,glunet|False|False,92.1122,-0.2610183397755919,-0.6398110041641929,0.0,0.0,36.88388125
spair,pointodyssey|glunet|False|True,pointodyssey,glunet|False|True,78.4489,-0.2610183397755919,-0.6398110041641929,0.0,0.0,34.5343475
spair,pointodyssey|glunet|True|False,pointodyssey,glunet|True|False,96.5284,-0.2610183397755919,-0.6398110041641929,0.0,0.0,47.73528875
spair,pointodyssey|glunet|True|True,pointodyssey,glunet|True|True,61.2703,-0.2610183397755919,-0.6398110041641929,0.0,0.0,50.425484999999995
spair,pointodyssey|raft|True|False,pointodyssey,raft|True|False,34.6076,-0.2610183397755919,-0.6398110041641929,0.0,0.0,34.7473715625
spair,spair|catspp|False|False,spair,catspp|False|False,3.3223,1.4861426193465588,1.9658500612018448,0.0,0.0,41.113075625
spair,spair|catspp|False|True,spair,catspp|False|True,3.32435,1.4861426193465588,1.9658500612018448,0.0,0.0,41.934033125
spair,spair|catspp|True|False,spair,catspp|True|False,22.5826,1.4861426193465588,1.9658500612018448,0.0,0.0,66.374115625
spair,spair|catspp|True|True,spair,catspp|True|True,27.9373,1.4861426193465588,1.9658500612018448,0.0,0.0,66.914456875
spair,spair|glunet|False|False,spair,glunet|False|False,3.0334,1.4861426193465588,1.9658500612018448,0.0,0.0,46.354237499999996
spair,spair|glunet|False|True,spair,glunet|False|True,2.4731,1.4861426193465588,1.9658500612018448,0.0,0.0,43.49866125
spair,spair|glunet|True|False,spair,glunet|True|False,6.6514,1.4861426193465588,1.9658500612018448,0.0,0.0,57.1954525
spair,spair|glunet|True|True,spair,glunet|True|True,8.153,1.4861426193465588,1.9658500612018448,0.0,0.0,60.41446125
spair,spair|raft|True|False,spair,raft|True|False,3.0927,1.4861426193465588,1.9658500612018448,0.0,0.0,39.6819584375
spair,synthetic|catspp|False|False,synthetic,catspp|False|False,22.7542,-0.485353319067702,-0.11893126795315,0.0,0.0,38.710699999999996
spair,synthetic|catspp|False|True,synthetic,catspp|False|True,48.6509,-0.485353319067702,-0.11893126795315,0.0,0.0,39.721485
spair,synthetic|catspp|True|False,synthetic,catspp|True|False,40.9952,-0.485353319067702,-0.11893126795315,0.0,0.0,62.870216875000004
spair,synthetic|catspp|True|True,synthetic,catspp|True|True,43.3481,-0.485353319067702,-0.11893126795315,0.0,0.0,63.671253125
spair,synthetic|glunet|False|False,synthetic,glunet|False|False,27.0582,-0.485353319067702,-0.11893126795315,0.0,0.0,44.78964125
spair,synthetic|glunet|False|True,synthetic,glunet|False|True,16.1312,-0.485353319067702,-0.11893126795315,0.0,0.0,42.332248750000005
spair,synthetic|glunet|True|False,synthetic,glunet|True|False,25.8011,-0.485353319067702,-0.11893126795315,0.0,0.0,54.499137499999996
spair,synthetic|glunet|True|True,synthetic,glunet|True|True,25.2246,-0.485353319067702,-0.11893126795315,0.0,0.0,58.19492749999999
spair,synthetic|raft|True|False,synthetic,raft|True|False,10.7984,-0.485353319067702,-0.11893126795315,0.0,0.0,37.27077609375
spair,tss|catspp|False|False,tss,catspp|False|False,33.5001,-0.3201236513353871,-0.26009121150680675,0.0,0.0,38.526106874999996
spair,tss|catspp|False|True,tss,catspp|False|True,37.3118,-0.3201236513353871,-0.26009121150680675,0.0,0.0,39.33038125
spair,tss|catspp|True|False,tss,catspp|True|False,67.8898,-0.3201236513353871,-0.26009121150680675,0.0,0.0,61.060700625
spair,tss|catspp|True|True,tss,catspp|True|True,55.6517,-0.3201236513353871,-0.26009121150680675,0.0,0.0,61.483720625000004
spair,tss|glunet|False|False,tss,glunet|False|False,41.4764,-0.3201236513353871,-0.26009121150680675,0.0,0.0,43.62475375
spair,tss|glunet|False|True,tss,glunet|False|True,5.6742,-0.3201236513353871,-0.26009121150680675,0.0,0.0,40.7309625
spair,tss|glunet|True|False,tss,glunet|True|False,61.47,-0.3201236513353871,-0.26009121150680675,0.0,0.0,52.310680000000005
spair,tss|glunet|True|True,tss,glunet|True|True,50.4683,-0.3201236513353871,-0.26009121150680675,0.0,0.0,55.108332499999996
spair,tss|raft|True|False,tss,raft|True|False,18.9126,-0.3201236513353871,-0.26009121150680675,0.0,0.0,37.32470546875
synthetic,flyingthings|catspp|False|False,flyingthings,catspp|False|False,3.3861,-0.4133143392589568,0.37281109443617805,0.0,0.0,35.152103749999995
synthetic,flyingthings|catspp|False|True,flyingthings,catspp|False|True,69.0867,-0.4133143392589568,0.37281109443617805,0.0,0.0,35.55281
synthetic,flyingthings|catspp|True|False,flyingthings,catspp|True|False,78.9297,-0.4133143392589568,0.37281109443617805,0.0,0.0,59.013301875
synthetic,flyingthings|catspp|True|True,flyingthings,catspp|True|True,79.22595,-0.4133143392589568,0.37281109443617805,0.0,0.0,59.957076875
synthetic,flyingthings|glunet|False|False,flyingthings,glunet|False|False,71.3364,-0.4133143392589568,0.37281109443617805,0.0,0.0,39.666103750000005
synthetic,flyingthings|glunet|False|True,flyingthings,glunet|False|True,57.9755,-0.4133143392589568,0.37281109443617805,0.0,0.0,39.16116875
synthetic,flyingthings|glunet|True|False,flyingthings,glunet|True|False,75.9953,-0.4133143392589568,0.37281109443617805,0.0,0.0,50.8387575
synthetic,flyingthings|glunet|True|True,flyingthings,glunet|True|True,62.7767,-0.4133143392589568,0.37281109443617805,0.0,0.0,52.64588875
synthetic,flyingthings|raft|True|False,flyingthings,raft|True|False,54.9845,-0.4133143392589568,0.37281109443617805,0.0,0.0,32.761201875
synthetic,kitti2012|catspp|False|False,kitti2012,catspp|False|False,87.0735,-0.26311427577839325,-0.5008052325823759,0.0,0.0,33.613331875
synthetic,kitti2012|catspp|False|True,kitti2012,catspp|False|True,94.1642,-0.26311427577839325,-0.5008052325823759,0.0,0.0,33.146924999999996
synthetic,kitti2012|catspp|True|False,kitti2012,catspp|True|False,98.6145,-0.26311427577839325,-0.5008052325823759,0.0,0.0,57.081343125000004
synthetic,kitti2012|catspp|True|True,kitti2012,catspp|True|True,84.0079,-0.26311427577839325,-0.5008052325823759,0.0,0.0,57.873300625
synthetic,kitti2012|glunet|False|False,kitti2012,glunet|False|False,96.5983,-0.26311427577839325,-0.5008052325823759,0.0,0.0,36.2038125
synthetic,kitti2012|glunet|False|True,kitti2012,glunet|False|True,91.3276,-0.26311427577839325,-0.5008052325823759,0.0,0.0,35.37603875
synthetic,kitti2012|glunet|True|False,kitti2012,glunet|True|False,78.7366,-0.26311427577839325,-0.5008052325823759,0.0,0.0,47.718731250000005
synthetic,kitti2012|glunet|True|True,kitti2012,glunet|True|True,98.8084,-0.26311427577839325,-0.5008052325823759,0.0,0.0,49.755579999999995
synthetic,kitti2012|raft|True|False,kitti2012,raft|True|False,98.2173,-0.26311427577839325,-0.5008052325823759,0.0,0.0,29.742760312500003
synthetic,kitti2015|catspp|False|False,kitti2015,catspp|False|False,85.69685,-0.0016064982001831741,-0.2974702539503876,0.0,0.0,33.307877500000004
synthetic,kitti2015|catspp|False|True,kitti2015,catspp|False|True,89.3623,-0.0016064982001831741,-0.2974702539503876,0.0,0.0,32.970453750000004
synthetic,kitti2015|catspp|True|False,kitti2015,catspp|True|False,96.8068,-0.0016064982001831741,-0.2974702539503876,0.0,0.0,57.1475375
synthetic,kitti2015|catspp|True|True,kitti2015,catspp|True|True,93.2336,-0.0016064982001831741,-0.2974702539503876,0.0,0.0,58.102058125
synthetic,kitti2015|glunet|False|False,kitti2015,glunet|False|False,89.7925,-0.0016064982001831741,-0.2974702539503876,0.0,0.0,36.69008375
synthetic,kitti2015|glunet|False|True,kitti2015,glunet|False|True,14.6026,-0.0016064982001831741,-0.2974702539503876,0.0,0.0,35.00983375
synthetic,kitti2015|glunet|True|False,kitti2015,glunet|True|False,65.3127,-0.0016064982001831741,-0.2974702539503876,0.0,0.0,47.8117
synthetic,kitti2015|glunet|True|True,kitti2015,glunet|True|True,97.2046,-0.0016064982001831741,-0.2974702539503876,0.0,0.0,50.01406125
synthetic,kitti2015|raft|True|False,kitti2015,raft|True|False,18.0252125,-0.0016064982001831741,-0.2974702539503876,0.0,0.0,29.07387375
synthetic,pfpascal|catspp|False|False,pfpascal,catspp|False|False,5.3233,0.3367328337431772,0.7132478435388663,0.0,0.0,41.466050625
synthetic,pfpascal|catspp|False|True,pfpascal,catspp|False|True,14.3443,0.3367328337431772,0.7132478435388663,0.0,0.0,41.2814275
synthetic,pfpascal|catspp|True|False,pfpascal,catspp|True|False,34.8945,0.3367328337431772,0.7132478435388663,0.0,0.0,63.460983125
synthetic,pfpascal|catspp|True|True,pfpascal,catspp|True|True,50.7447,0.3367328337431772,0.7132478435388663,0.0,0.0,64.259185
synthetic,pfpascal|glunet|False|False,pfpascal,glunet|False|False,20.2654,0.3367328337431772,0.7132478435388663,0.0,0.0,45.50636875
synthetic,pfpascal|glunet|False|True,pfpascal,glunet|False|True,3.5234,0.3367328337431772,0.7132478435388663,0.0,0.0,44.08271625
synthetic,pfpascal|glunet|True|False,pfpascal,glunet|True|False,21.5232,0.3367328337431772,0.7132478435388663,0.0,0.0,55.65630125
synthetic,pfpascal|glunet|True|True,pfpascal,glunet|True|True,19.3452,0.3367328337431772,0.7132478435388663,0.0,0.0,57.06888375
synthetic,pfpascal|raft|True|False,pfpascal,raft|True|False,11.9889,0.3367328337431772,0.7132478435388663,0.0,0.0,37.58909390625
synthetic,pfwillow|catspp|False|False,pfwillow,catspp|False|False,11.4111,0.5892258563550088,0.8223287506385198,0.0,0.0,41.228118124999995
synthetic,pfwillow|catspp|False|True,pfwillow,catspp|False|True,15.1333,0.5892258563550088,0.8223287506385198,0.0,0.0,40.945184375000004
synthetic,pfwillow|catspp|True|False,pfwillow,catspp|True|False,40.8778,0.5892258563550088,0.8223287506385198,0.0,0.0,63.100981875
synthetic,pfwillow|catspp|True|True,pfwillow,catspp|True|True,40.1,0.5892258563550088,0.8223287506385198,0.0,0.0,63.775806875
synthetic,pfwillow|glunet|False|False,pfwillow,glunet|False|False,16.2466,0.5892258563550088,0.8223287506385198,0.0,0.0,44.945833750000006
synthetic,pfwillow|glunet|False|True,pfwillow,glunet|False|True,16.3506,0.5892258563550088,0.8223287506385198,0.0,0.0,43.915915
synthetic,pfwillow|glunet|True|False,pfwillow,glunet|True|False,49.2827,0.5892258563550088,0.8223287506385198,0.0,0.0,55.55681375
synthetic,pfwillow|glunet|True|True,pfwillow,glunet|True|True,31.6222,0.5892258563550088,0.8223287506385198,0.0,0.0,56.851733749999994
synthetic,pfwillow|raft|True|False,pfwillow,raft|True|False,18.25555,0.5892258563550088,0.8223287506385198,0.0,0.0,37.23629671875
synthetic,pointodyssey|catspp|False|False,pointodyssey,catspp|False|False,3.4912,-0.1297210620142228,0.2759299979176229,0.0,0.0,36.92357
synthetic,pointodyssey|catspp|False|True,pointodyssey,catspp|False|True,43.8201,-0.1297210620142228,0.2759299979176229,0.0,0.0,36.27252875
synthetic,pointodyssey|catspp|True|False,pointodyssey,catspp|True|False,53.0839,-0.1297210620142228,0.2759299979176229,0.0,0.0,61.77328562499999
synthetic,pointodyssey|catspp|True|True,pointodyssey,catspp|True|True,41.4359,-0.1297210620142228,0.2759299979176229,0.0,0.0,62.533331875
synthetic,pointodyssey|glunet|False|False,pointodyssey,glunet|False|False,85.5722,-0.1297210620142228,0.2759299979176229,0.0,0.0,36.96236125
synthetic,pointodyssey|glunet|False|True,pointodyssey,glunet|False|True,5.4396,-0.1297210620142228,0.2759299979176229,0.0,0.0,35.436335
synthetic,pointodyssey|glunet|True|False,pointodyssey,glunet|True|False,25.0551,-0.1297210620142228,0.2759299979176229,0.0,0.0,47.644954999999996
synthetic,pointodyssey|glunet|True|True,pointodyssey,glunet|True|True,95.8802,-0.1297210620142228,0.2759299979176229,0.0,0.0,50.446952499999995
synthetic,pointodyssey|raft|True|False,pointodyssey,raft|True|False,58.56285,-0.1297210620142228,0.2759299979176229,0.0,0.0,34.07516140625
synthetic,spair|catspp|False|False,spair,catspp|False|False,3.1626,-0.12005215568029746,0.07192525337740852,0.0,0.0,42.571345
synthetic,spair|catspp|False|True,spair,catspp|False|True,3.6918,-0.12005215568029746,0.07192525337740852,0.0,0.0,42.295121875
synthetic,spair|catspp|True|False,spair,catspp|True|False,22.4135,-0.12005215568029746,0.07192525337740852,0.0,0.0,66.380623125
synthetic,spair|catspp|True|True,spair,catspp|True|True,23.1718,-0.12005215568029746,0.07192525337740852,0.0,0.0,67.177729375
synthetic,spair|glunet|False|False,spair,glunet|False|False,3.3198,-0.12005215568029746,0.07192525337740852,0.0,0.0,46.5180475
synthetic,spair|glunet|False|True,spair,glunet|False|True,2.7843,-0.12005215568029746,0.07192525337740852,0.0,0.0,45.317155
synthetic,spair|glunet|True|False,spair,glunet|True|False,2.3566,-0.12005215568029746,0.07192525337740852,0.0,0.0,57.944849999999995
synthetic,spair|glunet|True|True,spair,glunet|True|True,5.0597,-0.12005215568029746,0.07192525337740852,0.0,0.0,59.96463874999999
synthetic,spair|raft|True|False,spair,raft|True|False,3.3421000000000003,-0.12005215568029746,0.07192525337740852,0.0,0.0,38.713425156250004
synthetic,synthetic|catspp|False|False,synthetic,catspp|False|False,22.1053,-0.08186706960360025,-0.1542376536343534,0.0,0.0,40.162854375
synthetic,synthetic|catspp|False|True,synthetic,catspp|False|True,22.0954,-0.08186706960360025,-0.1542376536343534,0.0,0.0,39.746036875
synthetic,synthetic|catspp|True|False,synthetic,catspp|True|False,63.3596,-0.08186706960360025,-0.1542376536343534,0.0,0.0,63.158393124999996
synthetic,synthetic|catspp|True|True,synthetic,catspp|True|True,60.9373,-0.08186706960360025,-0.1542376536343534,0.0,0.0,64.213959375
synthetic,synthetic|glunet|False|False,synthetic,glunet|False|False,23.9947,-0.08186706960360025,-0.1542376536343534,0.0,0.0,44.9115775
synthetic,synthetic|glunet|False|True,synthetic,glunet|False|True,15.7001,-0.08186706960360025,-0.1542376536343534,0.0,0.0,44.14146375
synthetic,synthetic|glunet|True|False,synthetic,glunet|True|False,71.1258,-0.08186706960360025,-0.1542376536343534,0.0,0.0,55.868778750000004
synthetic,synthetic|glunet|True|True,synthetic,glunet|True|True,27.769,-0.08186706960360025,-0.1542376536343534,0.0,0.0,57.81557625000001
synthetic,synthetic|raft|True|False,synthetic,raft|True|False,51.426,-0.08186706960360025,-0.1542376536343534,0.0,0.0,36.8069703125
synthetic,tss|catspp|False|False,tss,catspp|False|False,11.4546,-0.14834641305370233,0.22550265616491236,0.0,0.0,39.710803750000004
synthetic,tss|catspp|False|True,tss,catspp|False|True,38.3962,-0.14834641305370233,0.22550265616491236,0.0,0.0,39.700431875
synthetic,tss|catspp|True|False,tss,catspp|True|False,66.0565,-0.14834641305370233,0.22550265616491236,0.0,0.0,61.046405625
synthetic,tss|catspp|True|True,tss,catspp|True|True,65.6689,-0.14834641305370233,0.22550265616491236,0.0,0.0,61.931776875000004
synthetic,tss|glunet|False|False,tss,glunet|False|False,23.8706,-0.14834641305370233,0.22550265616491236,0.0,0.0,43.56491125
synthetic,tss|glunet|False|True,tss,glunet|False|True,14.6164,-0.14834641305370233,0.22550265616491236,0.0,0.0,42.65734375
synthetic,tss|glunet|True|False,tss,glunet|True|False,16.9644,-0.14834641305370233,0.22550265616491236,0.0,0.0,52.5574425
synthetic,tss|glunet|True|True,tss,glunet|True|True,43.3458,-0.14834641305370233,0.22550265616491236,0.0,0.0,54.608145
synthetic,tss|raft|True|False,tss,raft|True|False,24.11475,-0.14834641305370233,0.22550265616491236,0.0,0.0,36.4180815625
synthetic_2d_warp,flyingthings|catspp|False|False,flyingthings,catspp|False|False,66.7727,-0.4557306196374443,0.3068724190153899,0.0,0.0,34.318426875
synthetic_2d_warp,flyingthings|catspp|False|True,flyingthings,catspp|False|True,50.8063,-0.4557306196374443,0.3068724190153899,0.0,0.0,35.63780625
synthetic_2d_warp,flyingthings|catspp|True|False,flyingthings,catspp|True|False,83.7548,-0.4557306196374443,0.3068724190153899,0.0,0.0,58.541447500000004
synthetic_2d_warp,flyingthings|catspp|True|True,flyingthings,catspp|True|True,79.9519,-0.4557306196374443,0.3068724190153899,0.0,0.0,59.784766875
synthetic_2d_warp,flyingthings|glunet|False|False,flyingthings,glunet|False|False,63.9418,-0.4557306196374443,0.3068724190153899,0.0,0.0,40.004795
synthetic_2d_warp,flyingthings|glunet|False|True,flyingthings,glunet|False|True,72.9905,-0.4557306196374443,0.3068724190153899,0.0,0.0,37.27487375
synthetic_2d_warp,flyingthings|glunet|True|False,flyingthings,glunet|True|False,81.6246,-0.4557306196374443,0.3068724190153899,0.0,0.0,49.660955
synthetic_2d_warp,flyingthings|glunet|True|True,flyingthings,glunet|True|True,81.4831,-0.4557306196374443,0.3068724190153899,0.0,0.0,52.91633624999999
synthetic_2d_warp,flyingthings|raft|True|False,flyingthings,raft|True|False,63.0829,-0.4557306196374443,0.3068724190153899,0.0,0.0,34.13949796875
synthetic_2d_warp,kitti2012|catspp|False|False,kitti2012,catspp|False|False,86.277,-0.2448518487465908,-0.5431790430052073,0.0,0.0,31.97736625
synthetic_2d_warp,kitti2012|catspp|False|True,kitti2012,catspp|False|True,71.5744,-0.2448518487465908,-0.5431790430052073,0.0,0.0,33.17805375
synthetic_2d_warp,kitti2012|catspp|True|False,kitti2012,catspp|True|False,98.7949,-0.2448518487465908,-0.5431790430052073,0.0,0.0,56.55143
synthetic_2d_warp,kitti2012|catspp|True|True,kitti2012,catspp|True|True,98.1215,-0.2448518487465908,-0.5431790430052073,0.0,0.0,57.868336250000006
synthetic_2d_warp,kitti2012|glunet|False|False,kitti2012,glunet|False|False,95.0148,-0.2448518487465908,-0.5431790430052073,0.0,0.0,36.615142500000005
synthetic_2d_warp,kitti2012|glunet|False|True,kitti2012,glunet|False|True,83.3858,-0.2448518487465908,-0.5431790430052073,0.0,0.0,33.20278375
synthetic_2d_warp,kitti2012|glunet|True|False,kitti2012,glunet|True|False,98.9943,-0.2448518487465908,-0.5431790430052073,0.0,0.0,46.72378375
synthetic_2d_warp,kitti2012|glunet|True|True,kitti2012,glunet|True|True,99.0835,-0.2448518487465908,-0.5431790430052073,0.0,0.0,49.79563625
synthetic_2d_warp,kitti2012|raft|True|False,kitti2012,raft|True|False,12.1716,-0.2448518487465908,-0.5431790430052073,0.0,0.0,29.94425515625
synthetic_2d_warp,kitti2015|catspp|False|False,kitti2015,catspp|False|False,90.7618,0.011101418122761903,-0.31168969787722994,0.0,0.0,31.745179999999998
synthetic_2d_warp,kitti2015|catspp|False|True,kitti2015,catspp|False|True,88.9381,0.011101418122761903,-0.31168969787722994,0.0,0.0,33.2786525
synthetic_2d_warp,kitti2015|catspp|True|False,kitti2015,catspp|True|False,95.30515,0.011101418122761903,-0.31168969787722994,0.0,0.0,56.59659875
synthetic_2d_warp,kitti2015|catspp|True|True,kitti2015,catspp|True|True,95.7013,0.011101418122761903,-0.31168969787722994,0.0,0.0,57.95152
synthetic_2d_warp,kitti2015|glunet|False|False,kitti2015,glunet|False|False,85.4709,0.011101418122761903,-0.31168969787722994,0.0,0.0,37.0671875
synthetic_2d_warp,kitti2015|glunet|False|True,kitti2015,glunet|False|True,80.8596,0.011101418122761903,-0.31168969787722994,0.0,0.0,33.764063750000005
synthetic_2d_warp,kitti2015|glunet|True|False,kitti2015,glunet|True|False,91.9963,0.011101418122761903,-0.31168969787722994,0.0,0.0,46.89707625
synthetic_2d_warp,kitti2015|glunet|True|True,kitti2015,glunet|True|True,61.2326,0.011101418122761903,-0.31168969787722994,0.0,0.0,49.60102875
synthetic_2d_warp,kitti2015|raft|True|False,kitti2015,raft|True|False,89.93475000000001,0.011101418122761903,-0.31168969787722994,0.0,0.0,31.2498090625
synthetic_2d_warp,pfpascal|catspp|False|False,pfpascal,catspp|False|False,10.5168,0.5127153684790043,0.860315119020643,0.0,0.0,39.90496
synthetic_2d_warp,pfpascal|catspp|False|True,pfpascal,catspp|False|True,11.4723,0.5127153684790043,0.860315119020643,0.0,0.0,41.559028749999996
synthetic_2d_warp,pfpascal|catspp|True|False,pfpascal,catspp|True|False,49.2846,0.5127153684790043,0.860315119020643,0.0,0.0,63.10869125000001
synthetic_2d_warp,pfpascal|catspp|True|True,pfpascal,catspp|True|True,38.85,0.5127153684790043,0.860315119020643,0.0,0.0,63.929116875
synthetic_2d_warp,pfpascal|glunet|False|False,pfpascal,glunet|False|False,10.3086,0.5127153684790043,0.860315119020643,0.0,0.0,45.813032500000006
synthetic_2d_warp,pfpascal|glunet|False|True,pfpascal,glunet|False|True,15.6204,0.5127153684790043,0.860315119020643,0.0,0.0,42.159946250000004
synthetic_2d_warp,pfpascal|glunet|True|False,pfpascal,glunet|True|False,23.0618,0.5127153684790043,0.860315119020643,0.0,0.0,54.427364999999995
synthetic_2d_warp,pfpascal|glunet|True|True,pfpascal,glunet|True|True,25.0318,0.5127153684790043,0.860315119020643,0.0,0.0,57.17658375
synthetic_2d_warp,pfpascal|raft|True|False,pfpascal,raft|True|False,4.4726,0.5127153684790043,0.860315119020643,0.0,0.0,38.772206249999996
synthetic_2d_warp,pfwillow|catspp|False|False,pfwillow,catspp|False|False,13.6778,0.7922489478393725,1.0322056393081043,0.0,0.0,39.6304425
synthetic_2d_warp,pfwillow|catspp|False|True,pfwillow,catspp|False|True,20.5333,0.7922489478393725,1.0322056393081043,0.0,0.0,41.326185625
synthetic_2d_warp,pfwillow|catspp|True|False,pfwillow,catspp|True|False,51.6333,0.7922489478393725,1.0322056393081043,0.0,0.0,62.70325749999999
synthetic_2d_warp,pfwillow|catspp|True|True,pfwillow,catspp|True|True,54.3556,0.7922489478393725,1.0322056393081043,0.0,0.0,63.7726175
synthetic_2d_warp,pfwillow|glunet|False|False,pfwillow,glunet|False|False,14.7707,0.7922489478393725,1.0322056393081043,0.0,0.0,45.35850875
synthetic_2d_warp,pfwillow|glunet|False|True,pfwillow,glunet|False|True,18.0556,0.7922489478393725,1.0322056393081043,0.0,0.0,41.863245
synthetic_2d_warp,pfwillow|glunet|True|False,pfwillow,glunet|True|False,29.3389,0.7922489478393725,1.0322056393081043,0.0,0.0,54.0593475
synthetic_2d_warp,pfwillow|glunet|True|True,pfwillow,glunet|True|True,36.9398,0.7922489478393725,1.0322056393081043,0.0,0.0,56.954821249999995
synthetic_2d_warp,pfwillow|raft|True|False,pfwillow,raft|True|False,13.5556,0.7922489478393725,1.0322056393081043,0.0,0.0,38.4546134375
synthetic_2d_warp,pointodyssey|catspp|False|False,pointodyssey,catspp|False|False,47.6015,-0.14793848895318007,0.28274459376422134,0.0,0.0,35.848939375
synthetic_2d_warp,pointodyssey|catspp|False|True,pointodyssey,catspp|False|True,48.7736,-0.14793848895318007,0.28274459376422134,0.0,0.0,36.64794875
synthetic_2d_warp,pointodyssey|catspp|True|False,pointodyssey,catspp|True|False,95.4377,-0.14793848895318007,0.28274459376422134,0.0,0.0,61.770540000000004
synthetic_2d_warp,pointodyssey|catspp|True|True,pointodyssey,catspp|True|True,52.1959,-0.14793848895318007,0.28274459376422134,0.0,0.0,62.4864475
synthetic_2d_warp,pointodyssey|glunet|False|False,pointodyssey,glunet|False|False,94.4359,-0.14793848895318007,0.28274459376422134,0.0,0.0,37.504281250000005
synthetic_2d_warp,pointodyssey|glunet|False|True,pointodyssey,glunet|False|True,91.0918,-0.14793848895318007,0.28274459376422134,0.0,0.0,34.433005
synthetic_2d_warp,pointodyssey|glunet|True|False,pointodyssey,glunet|True|False,90.0851,-0.14793848895318007,0.28274459376422134,0.0,0.0,47.209661249999996
synthetic_2d_warp,pointodyssey|glunet|True|True,pointodyssey,glunet|True|True,85.0481,-0.14793848895318007,0.28274459376422134,0.0,0.0,50.34816875
synthetic_2d_warp,pointodyssey|raft|True|False,pointodyssey,raft|True|False,36.4545,-0.14793848895318007,0.28274459376422134,0.0,0.0,35.075873125
synthetic_2d_warp,spair|catspp|False|False,spair,catspp|False|False,3.0896,-0.1472489513294918,0.018992396941662926,0.0,0.0,40.944423125
synthetic_2d_warp,spair|catspp|False|True,spair,catspp|False|True,3.4986,-0.1472489513294918,0.018992396941662926,0.0,0.0,42.606208125
synthetic_2d_warp,spair|catspp|True|False,spair,catspp|True|False,20.9922,-0.1472489513294918,0.018992396941662926,0.0,0.0,65.83068875000001
synthetic_2d_warp,spair|catspp|True|True,spair,catspp|True|True,25.8495,-0.1472489513294918,0.018992396941662926,0.0,0.0,67.02981625
synthetic_2d_warp,spair|glunet|False|False,spair,glunet|False|False,2.6105,-0.1472489513294918,0.018992396941662926,0.0,0.0,46.940305
synthetic_2d_warp,spair|glunet|False|True,spair,glunet|False|True,2.408,-0.1472489513294918,0.018992396941662926,0.0,0.0,43.238468749999996
synthetic_2d_warp,spair|glunet|True|False,spair,glunet|True|False,6.63,-0.1472489513294918,0.018992396941662926,0.0,0.0,56.75009874999999
synthetic_2d_warp,spair|glunet|True|True,spair,glunet|True|True,2.486,-0.1472489513294918,0.018992396941662926,0.0,0.0,59.96908499999999
synthetic_2d_warp,spair|raft|True|False,spair,raft|True|False,3.1416,-0.1472489513294918,0.018992396941662926,0.0,0.0,39.987984999999995
synthetic_2d_warp,synthetic|catspp|False|False,synthetic,catspp|False|False,20.1312,-0.10722470513239854,-0.15861045055131984,0.0,0.0,38.51216875
synthetic_2d_warp,synthetic|catspp|False|True,synthetic,catspp|False|True,50.3084,-0.10722470513239854,-0.15861045055131984,0.0,0.0,40.412200625000004
synthetic_2d_warp,synthetic|catspp|True|False,synthetic,catspp|True|False,34.9252,-0.10722470513239854,-0.15861045055131984,0.0,0.0,62.270795
synthetic_2d_warp,synthetic|catspp|True|True,synthetic,catspp|True|True,39.8872,-0.10722470513239854,-0.15861045055131984,0.0,0.0,63.76944875
synthetic_2d_warp,synthetic|glunet|False|False,synthetic,glunet|False|False,3.8373,-0.10722470513239854,-0.15861045055131984,0.0,0.0,45.09073375
synthetic_2d_warp,synthetic|glunet|False|True,synthetic,glunet|False|True,9.3907,-0.10722470513239854,-0.15861045055131984,0.0,0.0,41.98861375
synthetic_2d_warp,synthetic|glunet|True|False,synthetic,glunet|True|False,29.4639,-0.10722470513239854,-0.15861045055131984,0.0,0.0,54.099836249999996
synthetic_2d_warp,synthetic|glunet|True|True,synthetic,glunet|True|True,23.5695,-0.10722470513239854,-0.15861045055131984,0.0,0.0,57.799699999999994
synthetic_2d_warp,synthetic|raft|True|False,synthetic,raft|True|False,6.1934,-0.10722470513239854,-0.15861045055131984,0.0,0.0,37.51862890625
synthetic_2d_warp,tss|catspp|False|False,tss,catspp|False|False,24.3569,-0.1616853989527289,0.18027459740445098,0.0,0.0,38.246073124999995
synthetic_2d_warp,tss|catspp|False|True,tss,catspp|False|True,19.1092,-0.1616853989527289,0.18027459740445098,0.0,0.0,39.772845625
synthetic_2d_warp,tss|catspp|True|False,tss,catspp|True|False,67.4824,-0.1616853989527289,0.18027459740445098,0.0,0.0,60.532061250000005
synthetic_2d_warp,tss|catspp|True|True,tss,catspp|True|True,68.1239,-0.1616853989527289,0.18027459740445098,0.0,0.0,61.781079999999996
synthetic_2d_warp,tss|glunet|False|False,tss,glunet|False|False,26.1161,-0.1616853989527289,0.18027459740445098,0.0,0.0,44.02410375
synthetic_2d_warp,tss|glunet|False|True,tss,glunet|False|True,14.4363,-0.1616853989527289,0.18027459740445098,0.0,0.0,40.58111
synthetic_2d_warp,tss|glunet|True|False,tss,glunet|True|False,55.011,-0.1616853989527289,0.18027459740445098,0.0,0.0,51.78485625
synthetic_2d_warp,tss|glunet|True|True,tss,glunet|True|True,64.008,-0.1616853989527289,0.18027459740445098,0.0,0.0,54.90304
synthetic_2d_warp,tss|raft|True|False,tss,raft|True|False,7.744925,-0.1616853989527289,0.18027459740445098,0.0,0.0,37.49052484375
synthetic_large_zoom,flyingthings|catspp|False|False,flyingthings,catspp|False|False,43.8954,-0.6439093821696696,0.24737758990015699,0.0,0.0,33.770174374999996
synthetic_large_zoom,flyingthings|catspp|False|True,flyingthings,catspp|False|True,58.9743,-0.6439093821696696,0.24737758990015699,0.0,0.0,35.771182499999995
synthetic_large_zoom,flyingthings|catspp|True|False,flyingthings,catspp|True|False,82.2203,-0.6439093821696696,0.24737758990015699,0.0,0.0,59.13888312499999
synthetic_large_zoom,flyingthings|catspp|True|True,flyingthings,catspp|True|True,81.1893,-0.6439093821696696,0.24737758990015699,0.0,0.0,59.755305625000005
synthetic_large_zoom,flyingthings|glunet|False|False,flyingthings,glunet|False|False,71.1769,-0.6439093821696696,0.24737758990015699,0.0,0.0,41.1048825
synthetic_large_zoom,flyingthings|glunet|False|True,flyingthings,glunet|False|True,48.8918,-0.6439093821696696,0.24737758990015699,0.0,0.0,37.978269999999995
synthetic_large_zoom,flyingthings|glunet|True|False,flyingthings,glunet|True|False,77.7439,-0.6439093821696696,0.24737758990015699,0.0,0.0,49.94388875
synthetic_large_zoom,flyingthings|glunet|True|True,flyingthings,glunet|True|True,72.6252,-0.6439093821696696,0.24737758990015699,0.0,0.0,52.19071
synthetic_large_zoom,flyingthings|raft|True|False,flyingthings,raft|True|False,57.27595,-0.6439093821696696,0.24737758990015699,0.0,0.0,32.38153078125
synthetic_large_zoom,kitti2012|catspp|False|False,kitti2012,catspp|False|False,94.359,-0.11895189712073062,-0.26806753397765737,0.0,0.0,31.816105
synthetic_large_zoom,kitti2012|catspp|False|True,kitti2012,catspp|False|True,82.5049,-0.11895189712073062,-0.26806753397765737,0.0,0.0,33.34596125
synthetic_large_zoom,kitti2012|catspp|True|False,kitti2012,catspp|True|False,96.6249,-0.11895189712073062,-0.26806753397765737,0.0,0.0,57.140921875000004
synthetic_large_zoom,kitti2012|catspp|True|True,kitti2012,catspp|True|True,98.6413,-0.11895189712073062,-0.26806753397765737,0.0,0.0,57.829905
synthetic_large_zoom,kitti2012|glunet|False|False,kitti2012,glunet|False|False,12.4578,-0.11895189712073062,-0.26806753397765737,0.0,0.0,36.59282875
synthetic_large_zoom,kitti2012|glunet|False|True,kitti2012,glunet|False|True,11.0648,-0.11895189712073062,-0.26806753397765737,0.0,0.0,33.30340125
synthetic_large_zoom,kitti2012|glunet|True|False,kitti2012,glunet|True|False,91.75,-0.11895189712073062,-0.26806753397765737,0.0,0.0,46.9646725
synthetic_large_zoom,kitti2012|glunet|True|True,kitti2012,glunet|True|True,98.3573,-0.11895189712073062,-0.26806753397765737,0.0,0.0,49.17165625
synthetic_large_zoom,kitti2012|raft|True|False,kitti2012,raft|True|False,86.3393,-0.11895189712073062,-0.26806753397765737,0.0,0.0,29.18597109375
synthetic_large_zoom,kitti2015|catspp|False|False,kitti2015,catspp|False|False,86.5834,-0.015040721870068068,-0.1465188951204619,0.0,0.0,31.43066375
synthetic_large_zoom,kitti2015|catspp|False|True,kitti2015,catspp|False|True,91.5434,-0.015040721870068068,-0.1465188951204619,0.0,0.0,33.342495
synthetic_large_zoom,kitti2015|catspp|True|False,kitti2015,catspp|True|False,97.692,-0.015040721870068068,-0.1465188951204619,0.0,0.0,57.24305124999999
synthetic_large_zoom,kitti2015|catspp|True|True,kitti2015,catspp|True|True,96.1149,-0.015040721870068068,-0.1465188951204619,0.0,0.0,57.91176125
synthetic_large_zoom,kitti2015|glunet|False|False,kitti2015,glunet|False|False,95.5117,-0.015040721870068068,-0.1465188951204619,0.0,0.0,38.20234625
synthetic_large_zoom,kitti2015|glunet|False|True,kitti2015,glunet|False|True,87.0141,-0.015040721870068068,-0.1465188951204619,0.0,0.0,34.845625
synthetic_large_zoom,kitti2015|glunet|True|False,kitti2015,glunet|True|False,98.1319,-0.015040721870068068,-0.1465188951204619,0.0,0.0,47.30521375
synthetic_large_zoom,kitti2015|glunet|True|True,kitti2015,glunet|True|True,89.5363,-0.015040721870068068,-0.1465188951204619,0.0,0.0,49.3399225
synthetic_large_zoom,kitti2015|raft|True|False,kitti2015,raft|True|False,94.1569,-0.015040721870068068,-0.1465188951204619,0.0,0.0,29.617205625000004
synthetic_large_zoom,pfpascal|catspp|False|False,pfpascal,catspp|False|False,16.3109,0.4317418199783752,0.7793418365052371,0.0,0.0,39.7151
synthetic_large_zoom,pfpascal|catspp|False|True,pfpascal,catspp|False|True,3.1542,0.4317418199783752,0.7793418365052371,0.0,0.0,41.48632875
synthetic_large_zoom,pfpascal|catspp|True|False,pfpascal,catspp|True|False,39.4059,0.4317418199783752,0.7793418365052371,0.0,0.0,63.601824375
synthetic_large_zoom,pfpascal|catspp|True|True,pfpascal,catspp|True|True,50.2518,0.4317418199783752,0.7793418365052371,0.0,0.0,64.02671062499999
synthetic_large_zoom,pfpascal|glunet|False|False,pfpascal,glunet|False|False,4.4643,0.4317418199783752,0.7793418365052371,0.0,0.0,46.7496275
synthetic_large_zoom,pfpascal|glunet|False|True,pfpascal,glunet|False|True,13.3499,0.4317418199783752,0.7793418365052371,0.0,0.0,43.136195
synthetic_large_zoom,pfpascal|glunet|True|False,pfpascal,glunet|True|False,30.3321,0.4317418199783752,0.7793418365052371,0.0,0.0,54.849686250000005
synthetic_large_zoom,pfpascal|glunet|True|True,pfpascal,glunet|True|True,30.356,0.4317418199783752,0.7793418365052371,0.0,0.0,56.62823375000001
synthetic_large_zoom,pfpascal|raft|True|False,pfpascal,raft|True|False,17.4659,0.4317418199783752,0.7793418365052371,0.0,0.0,37.2492421875
synthetic_large_zoom,pfwillow|catspp|False|False,pfwillow,catspp|False|False,15.2778,0.709246579200244,0.8889088975078838,0.0,0.0,39.388156249999994
synthetic_large_zoom,pfwillow|catspp|False|True,pfwillow,catspp|False|True,8.9444,0.709246579200244,0.8889088975078838,0.0,0.0,41.212600625
synthetic_large_zoom,pfwillow|catspp|True|False,pfwillow,catspp|True|False,51.4778,0.709246579200244,0.8889088975078838,0.0,0.0,63.317930624999995
synthetic_large_zoom,pfwillow|catspp|True|True,pfwillow,catspp|True|True,53.4,0.709246579200244,0.8889088975078838,0.0,0.0,63.71574375
synthetic_large_zoom,pfwillow|glunet|False|False,pfwillow,glunet|False|False,19.4667,0.709246579200244,0.8889088975078838,0.0,0.0,46.4268575
synthetic_large_zoom,pfwillow|glunet|False|True,pfwillow,glunet|False|True,14.6222,0.709246579200244,0.8889088975078838,0.0,0.0,42.8249575
synthetic_large_zoom,pfwillow|glunet|True|False,pfwillow,glunet|True|False,29.7111,0.709246579200244,0.8889088975078838,0.0,0.0,54.3954425
synthetic_large_zoom,pfwillow|glunet|True|True,pfwillow,glunet|True|True,14.3062,0.709246579200244,0.8889088975078838,0.0,0.0,56.056998750000005
synthetic_large_zoom,pfwillow|raft|True|False,pfwillow,raft|True|False,13.8111,0.709246579200244,0.8889088975078838,0.0,0.0,36.772426875
synthetic_large_zoom,pointodyssey|catspp|False|False,pointodyssey,catspp|False|False,51.6048,-0.17681208181265393,0.39246228268171746,0.0,0.0,35.636694375000005
synthetic_large_zoom,pointodyssey|catspp|False|True,pointodyssey,catspp|False|True,62.7536,-0.17681208181265393,0.39246228268171746,0.0,0.0,36.853975000000005
synthetic_large_zoom,pointodyssey|catspp|True|False,pointodyssey,catspp|True|False,64.7289,-0.17681208181265393,0.39246228268171746,0.0,0.0,62.003296875000004
synthetic_large_zoom,pointodyssey|catspp|True|True,pointodyssey,catspp|True|True,50.3469,-0.17681208181265393,0.39246228268171746,0.0,0.0,62.41840625
synthetic_large_zoom,pointodyssey|glunet|False|False,pointodyssey,glunet|False|False,93.9512,-0.17681208181265393,0.39246228268171746,0.0,0.0,38.50787125
synthetic_large_zoom,pointodyssey|glunet|False|True,pointodyssey,glunet|False|True,84.5038,-0.17681208181265393,0.39246228268171746,0.0,0.0,35.355284999999995
synthetic_large_zoom,pointodyssey|glunet|True|False,pointodyssey,glunet|True|False,97.4434,-0.17681208181265393,0.39246228268171746,0.0,0.0,47.6330825
synthetic_large_zoom,pointodyssey|glunet|True|True,pointodyssey,glunet|True|True,96.0115,-0.17681208181265393,0.39246228268171746,0.0,0.0,49.87030875
synthetic_large_zoom,pointodyssey|raft|True|False,pointodyssey,raft|True|False,65.6666,-0.17681208181265393,0.39246228268171746,0.0,0.0,33.7556440625
synthetic_large_zoom,spair|catspp|False|False,spair,catspp|False|False,4.0731,0.020018989319936717,-0.20755779301508517,0.0,0.0,40.694430625
synthetic_large_zoom,spair|catspp|False|True,spair,catspp|False|True,2.944,0.020018989319936717,-0.20755779301508517,0.0,0.0,42.630551874999995
synthetic_large_zoom,spair|catspp|True|False,spair,catspp|True|False,16.6978,0.020018989319936717,-0.20755779301508517,0.0,0.0,66.393625625
synthetic_large_zoom,spair|catspp|True|True,spair,catspp|True|True,20.6206,0.020018989319936717,-0.20755779301508517,0.0,0.0,66.91952625
synthetic_large_zoom,spair|glunet|False|False,spair,glunet|False|False,3.2579,0.020018989319936717,-0.20755779301508517,0.0,0.0,47.95804625
synthetic_large_zoom,spair|glunet|False|True,spair,glunet|False|True,2.6825,0.020018989319936717,-0.20755779301508517,0.0,0.0,44.24653
synthetic_large_zoom,spair|glunet|True|False,spair,glunet|True|False,7.559,0.020018989319936717,-0.20755779301508517,0.0,0.0,57.09315375
synthetic_large_zoom,spair|glunet|True|True,spair,glunet|True|True,6.6248,0.020018989319936717,-0.20755779301508517,0.0,0.0,59.4059175
synthetic_large_zoom,spair|raft|True|False,spair,raft|True|False,2.69925,0.020018989319936717,-0.20755779301508517,0.0,0.0,38.2970753125
synthetic_large_zoom,synthetic|catspp|False|False,synthetic,catspp|False|False,39.135,0.09609139508307958,-0.2650189489673534,0.0,0.0,38.48743
synthetic_large_zoom,synthetic|catspp|False|True,synthetic,catspp|False|True,21.8997,0.09609139508307958,-0.2650189489673534,0.0,0.0,40.088368125
synthetic_large_zoom,synthetic|catspp|True|False,synthetic,catspp|True|False,37.1935,0.09609139508307958,-0.2650189489673534,0.0,0.0,62.91576562499999
synthetic_large_zoom,synthetic|catspp|True|True,synthetic,catspp|True|True,38.2449,0.09609139508307958,-0.2650189489673534,0.0,0.0,63.70399125
synthetic_large_zoom,synthetic|glunet|False|False,synthetic,glunet|False|False,9.7372,0.09609139508307958,-0.2650189489673534,0.0,0.0,46.17413125
synthetic_large_zoom,synthetic|glunet|False|True,synthetic,glunet|False|True,15.7459,0.09609139508307958,-0.2650189489673534,0.0,0.0,43.072683749999996
synthetic_large_zoom,synthetic|glunet|True|False,synthetic,glunet|True|False,35.7954,0.09609139508307958,-0.2650189489673534,0.0,0.0,54.510422500000004
synthetic_large_zoom,synthetic|glunet|True|True,synthetic,glunet|True|True,54.0369,0.09609139508307958,-0.2650189489673534,0.0,0.0,57.565639999999995
synthetic_large_zoom,synthetic|raft|True|False,synthetic,raft|True|False,11.985,0.09609139508307958,-0.2650189489673534,0.0,0.0,35.90564359375
synthetic_large_zoom,tss|catspp|False|False,tss,catspp|False|False,32.9288,-0.18425017786451828,0.09383787802410458,0.0,0.0,38.090935625
synthetic_large_zoom,tss|catspp|False|True,tss,catspp|False|True,29.7936,-0.18425017786451828,0.09383787802410458,0.0,0.0,39.937676875
synthetic_large_zoom,tss|catspp|True|False,tss,catspp|True|False,62.2398,-0.18425017786451828,0.09383787802410458,0.0,0.0,61.083145625
synthetic_large_zoom,tss|catspp|True|True,tss,catspp|True|True,67.8214,-0.18425017786451828,0.09383787802410458,0.0,0.0,61.73237
synthetic_large_zoom,tss|glunet|False|False,tss,glunet|False|False,5.711,-0.18425017786451828,0.09383787802410458,0.0,0.0,44.77868875
synthetic_large_zoom,tss|glunet|False|True,tss,glunet|False|True,29.9933,-0.18425017786451828,0.09383787802410458,0.0,0.0,41.7802025
synthetic_large_zoom,tss|glunet|True|False,tss,glunet|True|False,11.2237,-0.18425017786451828,0.09383787802410458,0.0,0.0,51.568957499999996
synthetic_large_zoom,tss|glunet|True|True,tss,glunet|True|True,66.2204,-0.18425017786451828,0.09383787802410458,0.0,0.0,54.3157925
synthetic_large_zoom,tss|raft|True|False,tss,raft|True|False,22.1823,-0.18425017786451828,0.09383787802410458,0.0,0.0,35.98561171875
synthetic_random_flipping,flyingthings|catspp|False|False,flyingthings,catspp|False|False,67.1619,-0.10228809077191117,-0.44475219334752203,0.0,0.0,34.1420225
synthetic_random_flipping,flyingthings|catspp|False|True,flyingthings,catspp|False|True,3.963,-0.10228809077191117,-0.44475219334752203,0.0,0.0,35.653776875
synthetic_random_flipping,flyingthings|catspp|True|False,flyingthings,catspp|True|False,83.2946,-0.10228809077191117,-0.44475219334752203,0.0,0.0,59.528134375
synthetic_random_flipping,flyingthings|catspp|True|True,flyingthings,catspp|True|True,85.2894,-0.10228809077191117,-0.44475219334752203,0.0,0.0,59.561708124999996
synthetic_random_flipping,flyingthings|glunet|False|False,flyingthings,glunet|False|False,69.5375,-0.10228809077191117,-0.44475219334752203,0.0,0.0,40.594735
synthetic_random_flipping,flyingthings|glunet|False|True,flyingthings,glunet|False|True,50.412,-0.10228809077191117,-0.44475219334752203,0.0,0.0,37.5127425
synthetic_random_flipping,flyingthings|glunet|True|False,flyingthings,glunet|True|False,11.3571,-0.10228809077191117,-0.44475219334752203,0.0,0.0,50.4055275
synthetic_random_flipping,flyingthings|glunet|True|True,flyingthings,glunet|True|True,78.2963,-0.10228809077191117,-0.44475219334752203,0.0,0.0,52.22680749999999
synthetic_random_flipping,flyingthings|raft|True|False,flyingthings,raft|True|False,59.3757,-0.10228809077191117,-0.44475219334752203,0.0,0.0,32.8357059375
synthetic_random_flipping,kitti2012|catspp|False|False,kitti2012,catspp|False|False,90.3601,-0.35312218920182337,-0.5635012311793273,0.0,0.0,31.847135625
synthetic_random_flipping,kitti2012|catspp|False|True,kitti2012,catspp|False|True,92.0926,-0.35312218920182337,-0.5635012311793273,0.0,0.0,34.036043125
synthetic_random_flipping,kitti2012|catspp|True|False,kitti2012,catspp|True|False,95.9663,-0.35312218920182337,-0.5635012311793273,0.0,0.0,57.508511874999996
synthetic_random_flipping,kitti2012|catspp|True|True,kitti2012,catspp|True|True,93.6996,-0.35312218920182337,-0.5635012311793273,0.0,0.0,57.523285
synthetic_random_flipping,kitti2012|glunet|False|False,kitti2012,glunet|False|False,97.2233,-0.35312218920182337,-0.5635012311793273,0.0,0.0,37.1627425
synthetic_random_flipping,kitti2012|glunet|False|True,kitti2012,glunet|False|True,84.216,-0.35312218920182337,-0.5635012311793273,0.0,0.0,33.73326125
synthetic_random_flipping,kitti2012|glunet|True|False,kitti2012,glunet|True|False,99.4901,-0.35312218920182337,-0.5635012311793273,0.0,0.0,48.3528975
synthetic_random_flipping,kitti2012|glunet|True|True,kitti2012,glunet|True|True,99.0764,-0.35312218920182337,-0.5635012311793273,0.0,0.0,49.14585375
synthetic_random_flipping,kitti2012|raft|True|False,kitti2012,raft|True|False,89.47625,-0.35312218920182337,-0.5635012311793273,0.0,0.0,29.653111250000002
synthetic_random_flipping,kitti2015|catspp|False|False,kitti2015,catspp|False|False,72.005,-0.07181910691109222,-0.6016532001980214,0.0,0.0,31.329450625
synthetic_random_flipping,kitti2015|catspp|False|True,kitti2015,catspp|False|True,86.8286,-0.07181910691109222,-0.6016532001980214,0.0,0.0,33.853795625
synthetic_random_flipping,kitti2015|catspp|True|False,kitti2015,catspp|True|False,85.7568,-0.07181910691109222,-0.6016532001980214,0.0,0.0,57.46968375
synthetic_random_flipping,kitti2015|catspp|True|True,kitti2015,catspp|True|True,85.1192,-0.07181910691109222,-0.6016532001980214,0.0,0.0,57.52946625
synthetic_random_flipping,kitti2015|glunet|False|False,kitti2015,glunet|False|False,93.9536,-0.07181910691109222,-0.6016532001980214,0.0,0.0,37.693214999999995
synthetic_random_flipping,kitti2015|glunet|False|True,kitti2015,glunet|False|True,72.591,-0.07181910691109222,-0.6016532001980214,0.0,0.0,34.18080625
synthetic_random_flipping,kitti2015|glunet|True|False,kitti2015,glunet|True|False,91.6412,-0.07181910691109222,-0.6016532001980214,0.0,0.0,48.515553749999995
synthetic_random_flipping,kitti2015|glunet|True|True,kitti2015,glunet|True|True,97.9048,-0.07181910691109222,-0.6016532001980214,0.0,0.0,49.4097375
synthetic_random_flipping,kitti2015|raft|True|False,kitti2015,raft|True|False,85.0135,-0.07181910691109222,-0.6016532001980214,0.0,0.0,29.93084140625
synthetic_random_flipping,pfpascal|catspp|False|False,pfpascal,catspp|False|False,16.4969,0.843119746223134,0.4452225483127225,0.0,0.0,39.798441874999995
synthetic_random_flipping,pfpascal|catspp|False|True,pfpascal,catspp|False|True,8.1291,0.843119746223134,0.4452225483127225,0.0,0.0,42.118750625000004
synthetic_random_flipping,pfpascal|catspp|True|False,pfpascal,catspp|True|False,34.5998,0.843119746223134,0.4452225483127225,0.0,0.0,63.917570624999996
synthetic_random_flipping,pfpascal|catspp|True|True,pfpascal,catspp|True|True,45.3169,0.843119746223134,0.4452225483127225,0.0,0.0,63.720175625
synthetic_random_flipping,pfpascal|glunet|False|False,pfpascal,glunet|False|False,12.3182,0.843119746223134,0.4452225483127225,0.0,0.0,46.35814625
synthetic_random_flipping,pfpascal|glunet|False|True,pfpascal,glunet|False|True,6.6055,0.843119746223134,0.4452225483127225,0.0,0.0,42.56736
synthetic_random_flipping,pfpascal|glunet|True|False,pfpascal,glunet|True|False,12.1653,0.843119746223134,0.4452225483127225,0.0,0.0,55.914075000000004
synthetic_random_flipping,pfpascal|glunet|True|True,pfpascal,glunet|True|True,11.6719,0.843119746223134,0.4452225483127225,0.0,0.0,56.35989125
synthetic_random_flipping,pfpascal|raft|True|False,pfpascal,raft|True|False,5.7248375000000005,0.843119746223134,0.4452225483127225,0.0,0.0,37.530407187499996
synthetic_random_flipping,pfwillow|catspp|False|False,pfwillow,catspp|False|False,17.9333,0.818927251168738,0.3837660464481468,0.0,0.0,39.502366875
synthetic_random_flipping,pfwillow|catspp|False|True,pfwillow,catspp|False|True,13.4667,0.818927251168738,0.3837660464481468,0.0,0.0,41.839365
synthetic_random_flipping,pfwillow|catspp|True|False,pfwillow,catspp|True|False,50.7444,0.818927251168738,0.3837660464481468,0.0,0.0,63.684585625
synthetic_random_flipping,pfwillow|catspp|True|True,pfwillow,catspp|True|True,49.6444,0.818927251168738,0.3837660464481468,0.0,0.0,63.423950000000005
synthetic_random_flipping,pfwillow|glunet|False|False,pfwillow,glunet|False|False,18.3917,0.818927251168738,0.3837660464481468,0.0,0.0,45.923765
synthetic_random_flipping,pfwillow|glunet|False|True,pfwillow,glunet|False|True,5.0111,0.818927251168738,0.3837660464481468,0.0,0.0,42.22028875
synthetic_random_flipping,pfwillow|glunet|True|False,pfwillow,glunet|True|False,36.342,0.818927251168738,0.3837660464481468,0.0,0.0,55.769802500000004
synthetic_random_flipping,pfwillow|glunet|True|True,pfwillow,glunet|True|True,48.3864,0.818927251168738,0.3837660464481468,0.0,0.0,56.448209999999996
synthetic_random_flipping,pfwillow|raft|True|False,pfwillow,raft|True|False,16.4025,0.818927251168738,0.3837660464481468,0.0,0.0,37.23274765625
synthetic_random_flipping,pointodyssey|catspp|False|False,pointodyssey,catspp|False|False,84.7224,-0.1626178962458856,-0.6437776794543524,0.0,0.0,36.13168125
synthetic_random_flipping,pointodyssey|catspp|False|True,pointodyssey,catspp|False|True,65.9417,-0.1626178962458856,-0.6437776794543524,0.0,0.0,37.464061875
synthetic_random_flipping,pointodyssey|catspp|True|False,pointodyssey,catspp|True|False,48.4592,-0.1626178962458856,-0.6437776794543524,0.0,0.0,62.175748125
synthetic_random_flipping,pointodyssey|catspp|True|True,pointodyssey,catspp|True|True,95.8171,-0.1626178962458856,-0.6437776794543524,0.0,0.0,62.741935
synthetic_random_flipping,pointodyssey|glunet|False|False,pointodyssey,glunet|False|False,8.5059,-0.1626178962458856,-0.6437776794543524,0.0,0.0,36.95015
synthetic_random_flipping,pointodyssey|glunet|False|True,pointodyssey,glunet|False|True,80.976,-0.1626178962458856,-0.6437776794543524,0.0,0.0,34.826657499999996
synthetic_random_flipping,pointodyssey|glunet|True|False,pointodyssey,glunet|True|False,62.6774,-0.1626178962458856,-0.6437776794543524,0.0,0.0,48.48998125
synthetic_random_flipping,pointodyssey|glunet|True|True,pointodyssey,glunet|True|True,90.6576,-0.1626178962458856,-0.6437776794543524,0.0,0.0,49.768593749999994
synthetic_random_flipping,pointodyssey|raft|True|False,pointodyssey,raft|True|False,36.1356,-0.1626178962458856,-0.6437776794543524,0.0,0.0,33.81443484375
synthetic_random_flipping,spair|catspp|False|False,spair,catspp|False|False,4.0943,-0.09715806145684822,0.20763175424734065,0.0,0.0,40.7757125
synthetic_random_flipping,spair|catspp|False|True,spair,catspp|False|True,3.9026,-0.09715806145684822,0.20763175424734065,0.0,0.0,43.21277
synthetic_random_flipping,spair|catspp|True|False,spair,catspp|True|False,20.7809,-0.09715806145684822,0.20763175424734065,0.0,0.0,66.820486875
synthetic_random_flipping,spair|catspp|True|True,spair,catspp|True|True,21.5433,-0.09715806145684822,0.20763175424734065,0.0,0.0,66.68621125
synthetic_random_flipping,spair|glunet|False|False,spair,glunet|False|False,3.6526,-0.09715806145684822,0.20763175424734065,0.0,0.0,47.473325
synthetic_random_flipping,spair|glunet|False|True,spair,glunet|False|True,2.6984,-0.09715806145684822,0.20763175424734065,0.0,0.0,43.762198749999996
synthetic_random_flipping,spair|glunet|True|False,spair,glunet|True|False,5.1968,-0.09715806145684822,0.20763175424734065,0.0,0.0,58.35510000000001
synthetic_random_flipping,spair|glunet|True|True,spair,glunet|True|True,15.6163,-0.09715806145684822,0.20763175424734065,0.0,0.0,59.48352
synthetic_random_flipping,spair|raft|True|False,spair,raft|True|False,1.9948,-0.09715806145684822,0.20763175424734065,0.0,0.0,38.716197968749995
synthetic_random_flipping,synthetic|catspp|False|False,synthetic,catspp|False|False,19.63085,-0.38961075132517264,0.10521210732155771,0.0,0.0,38.324645
synthetic_random_flipping,synthetic|catspp|False|True,synthetic,catspp|False|True,15.8474,-0.38961075132517264,0.10521210732155771,0.0,0.0,40.58295
synthetic_random_flipping,synthetic|catspp|True|False,synthetic,catspp|True|False,40.1523,-0.38961075132517264,0.10521210732155771,0.0,0.0,63.328573125000005
synthetic_random_flipping,synthetic|catspp|True|True,synthetic,catspp|True|True,39.2118,-0.38961075132517264,0.10521210732155771,0.0,0.0,63.47122875
synthetic_random_flipping,synthetic|glunet|False|False,synthetic,glunet|False|False,18.5281,-0.38961075132517264,0.10521210732155771,0.0,0.0,45.7943625
synthetic_random_flipping,synthetic|glunet|False|True,synthetic,glunet|False|True,16.7068,-0.38961075132517264,0.10521210732155771,0.0,0.0,42.600165
synthetic_random_flipping,synthetic|glunet|True|False,synthetic,glunet|True|False,6.6755,-0.38961075132517264,0.10521210732155771,0.0,0.0,55.4378975
synthetic_random_flipping,synthetic|glunet|True|True,synthetic,glunet|True|True,20.8004,-0.38961075132517264,0.10521210732155771,0.0,0.0,57.1153925
synthetic_random_flipping,synthetic|raft|True|False,synthetic,raft|True|False,15.92325,-0.38961075132517264,0.10521210732155771,0.0,0.0,36.382799999999996
synthetic_random_flipping,tss|catspp|False|False,tss,catspp|False|False,5.2821,-0.10757856068870555,-0.25564590545328947,0.0,0.0,37.82636875
synthetic_random_flipping,tss|catspp|False|True,tss,catspp|False|True,26.72155,-0.10757856068870555,-0.25564590545328947,0.0,0.0,40.469511875
synthetic_random_flipping,tss|catspp|True|False,tss,catspp|True|False,58.4608,-0.10757856068870555,-0.25564590545328947,0.0,0.0,61.411730625
synthetic_random_flipping,tss|catspp|True|True,tss,catspp|True|True,60.5773,-0.10757856068870555,-0.25564590545328947,0.0,0.0,61.396969999999996
synthetic_random_flipping,tss|glunet|False|False,tss,glunet|False|False,32.7962,-0.10757856068870555,-0.25564590545328947,0.0,0.0,44.62759875
synthetic_random_flipping,tss|glunet|False|True,tss,glunet|False|True,27.4139,-0.10757856068870555,-0.25564590545328947,0.0,0.0,41.26343
synthetic_random_flipping,tss|glunet|True|False,tss,glunet|True|False,50.8272,-0.10757856068870555,-0.25564590545328947,0.0,0.0,53.355475
synthetic_random_flipping,tss|glunet|True|True,tss,glunet|True|True,68.4478,-0.10757856068870555,-0.25564590545328947,0.0,0.0,54.308843749999994
synthetic_random_flipping,tss|raft|True|False,tss,raft|True|False,27.3016,-0.10757856068870555,-0.25564590545328947,0.0,0.0,36.47753125
synthetic_small_zoom,flyingthings|catspp|False|False,flyingthings,catspp|False|False,57.94145,-0.790721547892928,0.21413511317869588,0.0,0.0,34.829767499999996
synthetic_small_zoom,flyingthings|catspp|False|True,flyingthings,catspp|False|True,60.329,-0.790721547892928,0.21413511317869588,0.0,0.0,35.7446575
synthetic_small_zoom,flyingthings|catspp|True|False,flyingthings,catspp|True|False,79.6231,-0.790721547892928,0.21413511317869588,0.0,0.0,59.293833125000006
synthetic_small_zoom,flyingthings|catspp|True|True,flyingthings,catspp|True|True,82.1343,-0.790721547892928,0.21413511317869588,0.0,0.0,59.707896875
synthetic_small_zoom,flyingthings|glunet|False|False,flyingthings,glunet|False|False,64.6211,-0.790721547892928,0.21413511317869588,0.0,0.0,40.865575
synthetic_small_zoom,flyingthings|glunet|False|True,flyingthings,glunet|False|True,3.3265,-0.790721547892928,0.21413511317869588,0.0,0.0,37.05944
synthetic_small_zoom,flyingthings|glunet|True|False,flyingthings,glunet|True|False,39.164,-0.790721547892928,0.21413511317869588,0.0,0.0,49.470111249999995
synthetic_small_zoom,flyingthings|glunet|True|True,flyingthings,glunet|True|True,66.7997,-0.790721547892928,0.21413511317869588,0.0,0.0,52.20852375
synthetic_small_zoom,flyingthings|raft|True|False,flyingthings,raft|True|False,65.58855,-0.790721547892928,0.21413511317869588,0.0,0.0,32.113011875
synthetic_small_zoom,kitti2012|catspp|False|False,kitti2012,catspp|False|False,62.5595,-0.12352863605535729,-0.2616848857076066,0.0,0.0,32.30262875
synthetic_small_zoom,kitti2012|catspp|False|True,kitti2012,catspp|False|True,86.332,-0.12352863605535729,-0.2616848857076066,0.0,0.0,33.35034125
synthetic_small_zoom,kitti2012|catspp|True|False,kitti2012,catspp|True|False,98.098,-0.12352863605535729,-0.2616848857076066,0.0,0.0,57.346750625000006
synthetic_small_zoom,kitti2012|catspp|True|True,kitti2012,catspp|True|True,96.1437,-0.12352863605535729,-0.2616848857076066,0.0,0.0,57.739463750000006
synthetic_small_zoom,kitti2012|glunet|False|False,kitti2012,glunet|False|False,83.278,-0.12352863605535729,-0.2616848857076066,0.0,0.0,37.320721250000005
synthetic_small_zoom,kitti2012|glunet|False|True,kitti2012,glunet|False|True,91.6607,-0.12352863605535729,-0.2616848857076066,0.0,0.0,33.961586249999996
synthetic_small_zoom,kitti2012|glunet|True|False,kitti2012,glunet|True|False,97.8728,-0.12352863605535729,-0.2616848857076066,0.0,0.0,47.04967875
synthetic_small_zoom,kitti2012|glunet|True|True,kitti2012,glunet|True|True,97.4634,-0.12352863605535729,-0.2616848857076066,0.0,0.0,49.251115
synthetic_small_zoom,kitti2012|raft|True|False,kitti2012,raft|True|False,98.2011,-0.12352863605535729,-0.2616848857076066,0.0,0.0,28.961817187500003
synthetic_small_zoom,kitti2015|catspp|False|False,kitti2015,catspp|False|False,83.0162,0.043004315031496584,-0.12000898161534021,0.0,0.0,32.27009125
synthetic_small_zoom,kitti2015|catspp|False|True,kitti2015,catspp|False|True,93.0548,0.043004315031496584,-0.12000898161534021,0.0,0.0,33.31792875
synthetic_small_zoom,kitti2015|catspp|True|False,kitti2015,catspp|True|False,97.1466,0.043004315031496584,-0.12000898161534021,0.0,0.0,57.42364875
synthetic_small_zoom,kitti2015|catspp|True|True,kitti2015,catspp|True|True,94.8194,0.043004315031496584,-0.12000898161534021,0.0,0.0,57.83634625
synthetic_small_zoom,kitti2015|glunet|False|False,kitti2015,glunet|False|False,13.6098,0.043004315031496584,-0.12000898161534021,0.0,0.0,37.021212500000004
synthetic_small_zoom,kitti2015|glunet|False|True,kitti2015,glunet|False|True,88.1684,0.043004315031496584,-0.12000898161534021,0.0,0.0,34.51079
synthetic_small_zoom,kitti2015|glunet|True|False,kitti2015,glunet|True|False,96.11,0.043004315031496584,-0.12000898161534021,0.0,0.0,47.28841125
synthetic_small_zoom,kitti2015|glunet|True|True,kitti2015,glunet|True|True,97.3336,0.043004315031496584,-0.12000898161534021,0.0,0.0,49.52802125
synthetic_small_zoom,kitti2015|raft|True|False,kitti2015,raft|True|False,91.5495,0.043004315031496584,-0.12000898161534021,0.0,0.0,29.21218671875
synthetic_small_zoom,pfpascal|catspp|False|False,pfpascal,catspp|False|False,15.9431,0.3974016688700832,0.5459626521110353,0.0,0.0,40.59452
synthetic_small_zoom,pfpascal|catspp|False|True,pfpascal,catspp|False|True,18.9586,0.3974016688700832,0.5459626521110353,0.0,0.0,41.640425
synthetic_small_zoom,pfpascal|catspp|True|False,pfpascal,catspp|True|False,47.5495,0.3974016688700832,0.5459626521110353,0.0,0.0,63.891034375000004
synthetic_small_zoom,pfpascal|catspp|True|True,pfpascal,catspp|True|True,55.8613,0.3974016688700832,0.5459626521110353,0.0,0.0,64.03760812499999
synthetic_small_zoom,pfpascal|glunet|False|False,pfpascal,glunet|False|False,8.1688,0.3974016688700832,0.5459626521110353,0.0,0.0,46.63857375
synthetic_small_zoom,pfpascal|glunet|False|True,pfpascal,glunet|False|True,12.2101,0.3974016688700832,0.5459626521110353,0.0,0.0,42.77268375
synthetic_small_zoom,pfpascal|glunet|True|False,pfpascal,glunet|True|False,27.963,0.3974016688700832,0.5459626521110353,0.0,0.0,54.828543749999994
synthetic_small_zoom,pfpascal|glunet|True|True,pfpascal,glunet|True|True,32.8035,0.3974016688700832,0.5459626521110353,0.0,0.0,56.74946
synthetic_small_zoom,pfpascal|raft|True|False,pfpascal,raft|True|False,13.37085,0.3974016688700832,0.5459626521110353,0.0,0.0,36.82562765625
synthetic_small_zoom,pfwillow|catspp|False|False,pfwillow,catspp|False|False,18.7222,0.6647150886785848,0.6071950779398747,0.0,0.0,40.31522875
synthetic_small_zoom,pfwillow|catspp|False|True,pfwillow,catspp|False|True,19.0444,0.6647150886785848,0.6071950779398747,0.0,0.0,41.295391875
synthetic_small_zoom,pfwillow|catspp|True|False,pfwillow,catspp|True|False,51.4222,0.6647150886785848,0.6071950779398747,0.0,0.0,63.504650625
synthetic_small_zoom,pfwillow|catspp|True|True,pfwillow,catspp|True|True,45.7111,0.6647150886785848,0.6071950779398747,0.0,0.0,63.56041125
synthetic_small_zoom,pfwillow|glunet|False|False,pfwillow,glunet|False|False,13.3667,0.6647150886785848,0.6071950779398747,0.0,0.0,46.1932475
synthetic_small_zoom,pfwillow|glunet|False|True,pfwillow,glunet|False|True,16.6778,0.6647150886785848,0.6071950779398747,0.0,0.0,42.501388750000004
synthetic_small_zoom,pfwillow|glunet|True|False,pfwillow,glunet|True|False,21.9778,0.6647150886785848,0.6071950779398747,0.0,0.0,54.3072475
synthetic_small_zoom,pfwillow|glunet|True|True,pfwillow,glunet|True|True,36.9201,0.6647150886785848,0.6071950779398747,0.0,0.0,56.430305
synthetic_small_zoom,pfwillow|raft|True|False,pfwillow,raft|True|False,18.7,0.6647150886785848,0.6071950779398747,0.0,0.0,36.46111171875
synthetic_small_zoom,pointodyssey|catspp|False|False,pointodyssey,catspp|False|False,46.4111,-0.31871050120928285,0.3494324018001221,0.0,0.0,36.455790625
synthetic_small_zoom,pointodyssey|catspp|False|True,pointodyssey,catspp|False|True,43.2626,-0.31871050120928285,0.3494324018001221,0.0,0.0,36.56687875
synthetic_small_zoom,pointodyssey|catspp|True|False,pointodyssey,catspp|True|False,36.487,-0.31871050120928285,0.3494324018001221,0.0,0.0,61.837688125
synthetic_small_zoom,pointodyssey|catspp|True|True,pointodyssey,catspp|True|True,51.1702,-0.31871050120928285,0.3494324018001221,0.0,0.0,62.369476250000005
synthetic_small_zoom,pointodyssey|glunet|False|False,pointodyssey,glunet|False|False,92.0672,-0.31871050120928285,0.3494324018001221,0.0,0.0,38.32696125
synthetic_small_zoom,pointodyssey|glunet|False|True,pointodyssey,glunet|False|True,81.446,-0.31871050120928285,0.3494324018001221,0.0,0.0,34.96779875
synthetic_small_zoom,pointodyssey|glunet|True|False,pointodyssey,glunet|True|False,92.0552,-0.31871050120928285,0.3494324018001221,0.0,0.0,47.57420125
synthetic_small_zoom,pointodyssey|glunet|True|True,pointodyssey,glunet|True|True,90.8588,-0.31871050120928285,0.3494324018001221,0.0,0.0,49.8965325
synthetic_small_zoom,pointodyssey|raft|True|False,pointodyssey,raft|True|False,74.9348,-0.31871050120928285,0.3494324018001221,0.0,0.0,33.49907015625
synthetic_small_zoom,spair|catspp|False|False,spair,catspp|False|False,3.93925,0.18969979451849536,-0.28354498128354283,0.0,0.0,41.576775
synthetic_small_zoom,spair|catspp|False|True,spair,catspp|False|True,3.183,0.18969979451849536,-0.28354498128354283,0.0,0.0,42.590080625
synthetic_small_zoom,spair|catspp|True|False,spair,catspp|True|False,19.9484,0.18969979451849536,-0.28354498128354283,0.0,0.0,66.621673125
synthetic_small_zoom,spair|catspp|True|True,spair,catspp|True|True,18.34,0.18969979451849536,-0.28354498128354283,0.0,0.0,66.83179750000001
synthetic_small_zoom,spair|glunet|False|False,spair,glunet|False|False,3.0531,0.18969979451849536,-0.28354498128354283,0.0,0.0,47.79812625
synthetic_small_zoom,spair|glunet|False|True,spair,glunet|False|True,2.7028,0.18969979451849536,-0.28354498128354283,0.0,0.0,43.89752
synthetic_small_zoom,spair|glunet|True|False,spair,glunet|True|False,2.8992,0.18969979451849536,-0.28354498128354283,0.0,0.0,57.0433775
synthetic_small_zoom,spair|glunet|True|True,spair,glunet|True|True,14.6684,0.18969979451849536,-0.28354498128354283,0.0,0.0,59.597095
synthetic_small_zoom,spair|raft|True|False,spair,raft|True|False,2.4022375,0.18969979451849536,-0.28354498128354283,0.0,0.0,37.92093625
synthetic_small_zoom,synthetic|catspp|False|False,synthetic,catspp|False|False,4.0712,0.16538522907642808,-0.44484580371181914,0.0,0.0,38.93315
synthetic_small_zoom,synthetic|catspp|False|True,synthetic,catspp|False|True,21.8158,0.16538522907642808,-0.44484580371181914,0.0,0.0,40.043860625
synthetic_small_zoom,synthetic|catspp|True|False,synthetic,catspp|True|False,38.1694,0.16538522907642808,-0.44484580371181914,0.0,0.0,63.115379374999996
synthetic_small_zoom,synthetic|catspp|True|True,synthetic,catspp|True|True,48.52,0.16538522907642808,-0.44484580371181914,0.0,0.0,63.77320875
synthetic_small_zoom,synthetic|glunet|False|False,synthetic,glunet|False|False,10.5186,0.16538522907642808,-0.44484580371181914,0.0,0.0,46.02653875
synthetic_small_zoom,synthetic|glunet|False|True,synthetic,glunet|False|True,6.8448,0.16538522907642808,-0.44484580371181914,0.0,0.0,42.61215625
synthetic_small_zoom,synthetic|glunet|True|False,synthetic,glunet|True|False,35.4304,0.16538522907642808,-0.44484580371181914,0.0,0.0,54.51433125
synthetic_small_zoom,synthetic|glunet|True|True,synthetic,glunet|True|True,21.0263,0.16538522907642808,-0.44484580371181914,0.0,0.0,57.243640000000006
synthetic_small_zoom,synthetic|raft|True|False,synthetic,raft|True|False,4.674075,0.16538522907642808,-0.44484580371181914,0.0,0.0,35.441830625
synthetic_small_zoom,tss|catspp|False|False,tss,catspp|False|False,20.8428,-0.12999773519761063,0.027270400098630895,0.0,0.0,38.823878125
synthetic_small_zoom,tss|catspp|False|True,tss,catspp|False|True,20.0086,-0.12999773519761063,0.027270400098630895,0.0,0.0,39.771905625
synthetic_small_zoom,tss|catspp|True|False,tss,catspp|True|False,64.8435,-0.12999773519761063,0.027270400098630895,0.0,0.0,61.303106875000005
synthetic_small_zoom,tss|catspp|True|True,tss,catspp|True|True,68.6688,-0.12999773519761063,0.027270400098630895,0.0,0.0,61.683741250000004
synthetic_small_zoom,tss|glunet|False|False,tss,glunet|False|False,39.6402,-0.12999773519761063,0.027270400098630895,0.0,0.0,45.04544375
synthetic_small_zoom,tss|glunet|False|True,tss,glunet|False|True,32.7723,-0.12999773519761063,0.027270400098630895,0.0,0.0,41.46567625
synthetic_small_zoom,tss|glunet|True|False,tss,glunet|True|False,65.5404,-0.12999773519761063,0.027270400098630895,0.0,0.0,52.256387499999995
synthetic_small_zoom,tss|glunet|True|True,tss,glunet|True|True,62.9502,-0.12999773519761063,0.027270400098630895,0.0,0.0,54.365547500000005
synthetic_small_zoom,tss|raft|True|False,tss,raft|True|False,31.9553,-0.12999773519761063,0.027270400098630895,0.0,0.0,35.735347812499995
