train_dataset,context_id,benchmark,variant,actual,g,g_zridge,g_rank,g_gbm,L
flyingthings,flyingthings|catspp|False|False,flyingthings,catspp|False|False,76.3251,3.53872548898887,2.032607191453089,0.0,0.0,33.977970625
flyingthings,flyingthings|catspp|False|True,flyingthings,catspp|False|True,76.5009,3.53872548898887,2.032607191453089,0.0,0.0,35.21120625
flyingthings,flyingthings|catspp|True|False,flyingthings,catspp|True|False,85.2977,3.544061967914952,2.035672409559422,0.0,0.0,58.910590625
flyingthings,flyingthings|catspp|True|True,flyingthings,catspp|True|True,85.2894,3.544061967914952,2.035672409559422,0.0,0.0,59.676735625000006
flyingthings,flyingthings|glunet|False|False,flyingthings,glunet|False|False,79.5401,3.53872548898887,2.032607191453089,0.0,0.0,39.701375
flyingthings,flyingthings|glunet|False|True,flyingthings,glunet|False|True,72.9905,3.53872548898887,2.032607191453089,0.0,0.0,36.72107125
flyingthings,flyingthings|glunet|True|False,flyingthings,glunet|True|False,85.8465,3.544061967914952,2.035672409559422,0.0,0.0,49.148585
flyingthings,flyingthings|glunet|True|True,flyingthings,glunet|True|True,81.4831,3.544061967914952,2.035672409559422,0.0,0.0,52.2247775
flyingthings,flyingthings|raft|True|False,flyingthings,raft|True|False,79.60585,3.53872548898887,2.032607191453089,0.0,0.0,32.59717453125
flyingthings,kitti2012|catspp|False|False,kitti2012,catspp|False|False,94.359,-2.90176973347898,-2.0116478992738895,0.0,0.0,31.61853
flyingthings,kitti2012|catspp|False|True,kitti2012,catspp|False|True,94.1642,-2.90176973347898,-2.0116478992738895,0.0,0.0,32.71264375
flyingthings,kitti2012|catspp|True|False,kitti2012,catspp|True|False,98.098,2.8051834076329043,1.94468956097256,0.0,0.0,56.89257562499999
flyingthings,kitti2012|catspp|True|True,kitti2012,catspp|True|True,97.709,2.8051834076329043,1.94468956097256,0.0,0.0,57.688430000000004
flyingthings,kitti2012|glunet|False|False,kitti2012,glunet|False|False,97.2233,-2.90176973347898,-2.0116478992738895,0.0,0.0,36.144349999999996
flyingthings,kitti2012|glunet|False|True,kitti2012,glunet|False|True,94.0515,-2.90176973347898,-2.0116478992738895,0.0,0.0,32.7823025
flyingthings,kitti2012|glunet|True|False,kitti2012,glunet|True|False,99.4901,2.8051834076329043,1.94468956097256,0.0,0.0,46.1648375
flyingthings,kitti2012|glunet|True|True,kitti2012,glunet|True|True,99.0764,2.8051834076329043,1.94468956097256,0.0,0.0,49.10398875
flyingthings,kitti2012|raft|True|False,kitti2012,raft|True|False,96.60025,-2.90176973347898,-2.0116478992738895,0.0,0.0,29.25075296875
flyingthings,kitti2015|catspp|False|False,kitti2015,catspp|False|False,91.4836,-4.22374826372704,-2.688993242009887,0.0,0.0,31.294341250000002
flyingthings,kitti2015|catspp|False|True,kitti2015,catspp|False|True,91.5434,-4.22374826372704,-2.688993242009887,0.0,0.0,32.56343625
flyingthings,kitti2015|catspp|True|False,kitti2015,catspp|True|False,96.7896,2.8843172994396484,1.8362623058320233,0.0,0.0,56.965011249999996
flyingthings,kitti2015|catspp|True|True,kitti2015,catspp|True|True,95.7013,2.8843172994396484,1.8362623058320233,0.0,0.0,57.77677
flyingthings,kitti2015|glunet|False|False,kitti2015,glunet|False|False,93.9097,-4.22374826372704,-2.688993242009887,0.0,0.0,36.67427375
flyingthings,kitti2015|glunet|False|True,kitti2015,glunet|False|True,89.0545,-4.22374826372704,-2.688993242009887,0.0,0.0,33.3126975
flyingthings,kitti2015|glunet|True|False,kitti2015,glunet|True|False,97.7086,2.8843172994396484,1.8362623058320233,0.0,0.0,46.40333625
flyingthings,kitti2015|glunet|True|True,kitti2015,glunet|True|True,97.3336,2.8843172994396484,1.8362623058320233,0.0,0.0,49.3607325
flyingthings,kitti2015|raft|True|False,kitti2015,raft|True|False,91.5495,-4.22374826372704,-2.688993242009887,0.0,0.0,29.521133125
flyingthings,pfpascal|catspp|False|False,pfpascal,catspp|False|False,16.4969,1.9414360922953315,1.3522212819416302,0.0,0.0,39.519850000000005
flyingthings,pfpascal|catspp|False|True,pfpascal,catspp|False|True,16.0706,1.9414360922953315,1.3522212819416302,0.0,0.0,40.868725
flyingthings,pfpascal|catspp|True|False,pfpascal,catspp|True|False,48.3555,3.3369260161295906,2.324187951991945,0.0,0.0,63.446934375
flyingthings,pfpascal|catspp|True|True,pfpascal,catspp|True|True,50.7447,3.3369260161295906,2.324187951991945,0.0,0.0,63.903050625000006
flyingthings,pfpascal|glunet|False|False,pfpascal,glunet|False|False,11.2521,1.9414360922953315,1.3522212819416302,0.0,0.0,45.3264275
flyingthings,pfpascal|glunet|False|True,pfpascal,glunet|False|True,14.9872,1.9414360922953315,1.3522212819416302,0.0,0.0,41.59822875
flyingthings,pfpascal|glunet|True|False,pfpascal,glunet|True|False,34.1953,3.3369260161295906,2.324187951991945,0.0,0.0,54.00139
flyingthings,pfpascal|glunet|True|True,pfpascal,glunet|True|True,33.9699,3.3369260161295906,2.324187951991945,0.0,0.0,56.59675125
flyingthings,pfpascal|raft|True|False,pfpascal,raft|True|False,13.37085,1.9414360922953315,1.3522212819416302,0.0,0.0,37.1345740625
flyingthings,pfwillow|catspp|False|False,pfwillow,catspp|False|False,17.4889,1.2013798401101785,0.865994839228175,0.0,0.0,39.21822
flyingthings,pfwillow|catspp|False|True,pfwillow,catspp|False|True,19.0444,1.2013798401101785,0.865994839228175,0.0,0.0,40.559791875
flyingthings,pfwillow|catspp|True|False,pfwillow,catspp|True|False,51.4778,3.268229821762727,2.3558495527930434,0.0,0.0,63.051170625
flyingthings,pfwillow|catspp|True|True,pfwillow,catspp|True|True,53.4,3.268229821762727,2.3558495527930434,0.0,0.0,63.5859225
flyingthings,pfwillow|glunet|False|False,pfwillow,glunet|False|False,16.2466,1.2013798401101785,0.865994839228175,0.0,0.0,44.87855875
flyingthings,pfwillow|glunet|False|True,pfwillow,glunet|False|True,18.3398,1.2013798401101785,0.865994839228175,0.0,0.0,41.312995
flyingthings,pfwillow|glunet|True|False,pfwillow,glunet|True|False,35.8302,3.268229821762727,2.3558495527930434,0.0,0.0,53.575345000000006
flyingthings,pfwillow|glunet|True|True,pfwillow,glunet|True|True,36.9398,3.268229821762727,2.3558495527930434,0.0,0.0,56.263262499999996
flyingthings,pfwillow|raft|True|False,pfwillow,raft|True|False,16.6614,1.2013798401101785,0.865994839228175,0.0,0.0,36.744575624999996
flyingthings,pointodyssey|catspp|False|False,pointodyssey,catspp|False|False,46.0158,3.3577529267480557,1.8716614092672577,0.0,0.0,35.369256875000005
flyingthings,pointodyssey|catspp|False|True,pointodyssey,catspp|False|True,68.9316,3.3577529267480557,1.8716614092672577,0.0,0.0,36.15214125
flyingthings,pointodyssey|catspp|True|False,pointodyssey,catspp|True|False,64.7289,3.0099677590296414,1.6778007854111356,0.0,0.0,61.736536875
flyingthings,pointodyssey|catspp|True|True,pointodyssey,catspp|True|True,59.3461,3.0099677590296414,1.6778007854111356,0.0,0.0,62.401075000000006
flyingthings,pointodyssey|glunet|False|False,pointodyssey,glunet|False|False,93.9512,3.3577529267480557,1.8716614092672577,0.0,0.0,36.999823750000004
flyingthings,pointodyssey|glunet|False|True,pointodyssey,glunet|False|True,91.9442,3.3577529267480557,1.8716614092672577,0.0,0.0,33.8898575
flyingthings,pointodyssey|glunet|True|False,pointodyssey,glunet|True|False,97.4434,3.0099677590296414,1.6778007854111356,0.0,0.0,46.73649625
flyingthings,pointodyssey|glunet|True|True,pointodyssey,glunet|True|True,95.08,3.0099677590296414,1.6778007854111356,0.0,0.0,49.78200875
flyingthings,pointodyssey|raft|True|False,pointodyssey,raft|True|False,36.1356,3.3577529267480557,1.8716614092672577,0.0,0.0,33.323026562500004
flyingthings,spair|catspp|False|False,spair,catspp|False|False,3.633,2.1063472888097112,1.4287143679764183,0.0,0.0,40.491354375
flyingthings,spair|catspp|False|True,spair,catspp|False|True,3.6918,2.1063472888097112,1.4287143679764183,0.0,0.0,41.860840625
flyingthings,spair|catspp|True|False,spair,catspp|True|False,19.9484,2.961851924948415,2.0089946342056906,0.0,0.0,66.167498125
flyingthings,spair|catspp|True|True,spair,catspp|True|True,19.8812,2.961851924948415,2.0089946342056906,0.0,0.0,66.7804625
flyingthings,spair|glunet|False|False,spair,glunet|False|False,2.6105,2.1063472888097112,1.4287143679764183,0.0,0.0,46.44190625
flyingthings,spair|glunet|False|True,spair,glunet|False|True,2.7028,2.1063472888097112,1.4287143679764183,0.0,0.0,42.68835125
flyingthings,spair|glunet|True|False,spair,glunet|True|False,6.6514,2.961851924948415,2.0089946342056906,0.0,0.0,56.185222499999995
flyingthings,spair|glunet|True|True,spair,glunet|True|True,7.582,2.961851924948415,2.0089946342056906,0.0,0.0,59.34122625
flyingthings,spair|raft|True|False,spair,raft|True|False,2.69925,2.1063472888097112,1.4287143679764183,0.0,0.0,38.2335953125
flyingthings,synthetic|catspp|False|False,synthetic,catspp|False|False,20.6718,3.1417977233869903,1.7565600267230979,0.0,0.0,38.059065
flyingthings,synthetic|catspp|False|True,synthetic,catspp|False|True,22.0954,3.1417977233869903,1.7565600267230979,0.0,0.0,39.311755625
flyingthings,synthetic|catspp|True|False,synthetic,catspp|True|False,38.1694,3.162243184732349,1.7679909599941468,0.0,0.0,62.661204375
flyingthings,synthetic|catspp|True|True,synthetic,catspp|True|True,38.2449,3.162243184732349,1.7679909599941468,0.0,0.0,63.57417
flyingthings,synthetic|glunet|False|False,synthetic,glunet|False|False,15.5289,3.1417977233869903,1.7565600267230979,0.0,0.0,44.738479999999996
flyingthings,synthetic|glunet|False|True,synthetic,glunet|False|True,15.7001,3.1417977233869903,1.7565600267230979,0.0,0.0,41.513678750000004
flyingthings,synthetic|glunet|True|False,synthetic,glunet|True|False,35.4304,3.162243184732349,1.7679909599941468,0.0,0.0,53.60927375
flyingthings,synthetic|glunet|True|True,synthetic,glunet|True|True,27.769,3.162243184732349,1.7679909599941468,0.0,0.0,57.160635
flyingthings,synthetic|raft|True|False,synthetic,raft|True|False,15.92325,3.1417977233869903,1.7565600267230979,0.0,0.0,35.89139171875
flyingthings,tss|catspp|False|False,tss,catspp|False|False,33.5001,2.65816551266972,1.7036278943729315,0.0,0.0,37.900501874999996
flyingthings,tss|catspp|False|True,tss,catspp|False|True,32.7945,2.65816551266972,1.7036278943729315,0.0,0.0,39.196129375
flyingthings,tss|catspp|True|False,tss,catspp|True|False,66.7564,3.0464012508467597,1.9524495836162725,0.0,0.0,60.872843124999996
flyingthings,tss|catspp|True|True,tss,catspp|True|True,66.7002,3.0464012508467597,1.9524495836162725,0.0,0.0,61.588533749999996
flyingthings,tss|glunet|False|False,tss,glunet|False|False,26.1161,2.65816551266972,1.7036278943729315,0.0,0.0,43.525705
flyingthings,tss|glunet|False|True,tss,glunet|False|True,32.7723,2.65816551266972,1.7036278943729315,0.0,0.0,40.2565075
flyingthings,tss|glunet|True|False,tss,glunet|True|False,58.8215,3.0464012508467597,1.9524495836162725,0.0,0.0,51.267343749999995
flyingthings,tss|glunet|True|True,tss,glunet|True|True,54.9733,3.0464012508467597,1.9524495836162725,0.0,0.0,54.098547499999995
flyingthings,tss|raft|True|False,tss,raft|True|False,24.11475,2.65816551266972,1.7036278943729315,0.0,0.0,35.94628734375
imagenet2dwarp,flyingthings|catspp|False|False,flyingthings,catspp|False|False,57.94145,3.386291708841449,1.8213017713632096,0.0,0.0,34.719091875
imagenet2dwarp,flyingthings|catspp|False|True,flyingthings,catspp|False|True,60.329,3.386291708841449,1.8213017713632096,0.0,0.0,36.23153375
imagenet2dwarp,flyingthings|catspp|True|False,flyingthings,catspp|True|False,78.9297,3.0698033601475267,1.651079935900231,0.0,0.0,59.84760562499999
imagenet2dwarp,flyingthings|catspp|True|True,flyingthings,catspp|True|True,79.9519,3.0698033601475267,1.651079935900231,0.0,0.0,60.085259375
imagenet2dwarp,flyingthings|glunet|False|False,flyingthings,glunet|False|False,54.827,3.386291708841449,1.8213017713632096,0.0,0.0,40.46141875
imagenet2dwarp,flyingthings|glunet|False|True,flyingthings,glunet|False|True,48.8918,3.386291708841449,1.8213017713632096,0.0,0.0,37.642782499999996
imagenet2dwarp,flyingthings|glunet|True|False,flyingthings,glunet|True|False,11.3571,3.0698033601475267,1.651079935900231,0.0,0.0,53.5381125
imagenet2dwarp,flyingthings|glunet|True|True,flyingthings,glunet|True|True,66.7997,3.0698033601475267,1.651079935900231,0.0,0.0,52.737135
imagenet2dwarp,flyingthings|raft|True|False,flyingthings,raft|True|False,4.28145,3.386291708841449,1.8213017713632096,0.0,0.0,35.524105625
imagenet2dwarp,kitti2012|catspp|False|False,kitti2012,catspp|False|False,69.0475,-10.32997869548202,-6.815476341017052,0.0,0.0,32.273053125000004
imagenet2dwarp,kitti2012|catspp|False|True,kitti2012,catspp|False|True,72.7553,-10.32997869548202,-6.815476341017052,0.0,0.0,33.66750875
imagenet2dwarp,kitti2012|catspp|True|False,kitti2012,catspp|True|False,92.9336,2.623515802674584,1.7309338586761365,0.0,0.0,57.844635625
imagenet2dwarp,kitti2012|catspp|True|True,kitti2012,catspp|True|True,93.6996,2.623515802674584,1.7309338586761365,0.0,0.0,58.113555
imagenet2dwarp,kitti2012|glunet|False|False,kitti2012,glunet|False|False,83.4869,-10.32997869548202,-6.815476341017052,0.0,0.0,37.041602499999996
imagenet2dwarp,kitti2012|glunet|False|True,kitti2012,glunet|False|True,82.5947,-10.32997869548202,-6.815476341017052,0.0,0.0,33.8620375
imagenet2dwarp,kitti2012|glunet|True|False,kitti2012,glunet|True|False,22.7606,2.623515802674584,1.7309338586761365,0.0,0.0,50.52636375
imagenet2dwarp,kitti2012|glunet|True|True,kitti2012,glunet|True|True,93.1941,2.623515802674584,1.7309338586761365,0.0,0.0,49.72636
imagenet2dwarp,kitti2012|raft|True|False,kitti2012,raft|True|False,13.823675,-10.32997869548202,-6.815476341017052,0.0,0.0,32.084531874999996
imagenet2dwarp,kitti2015|catspp|False|False,kitti2015,catspp|False|False,78.94014999999999,-9.75124846453966,-5.878744174071529,0.0,0.0,32.108465
imagenet2dwarp,kitti2015|catspp|False|True,kitti2015,catspp|False|True,81.1634,-9.75124846453966,-5.878744174071529,0.0,0.0,33.6561625
imagenet2dwarp,kitti2015|catspp|True|False,kitti2015,catspp|True|False,92.1125,2.671790873409053,1.610745033162524,0.0,0.0,57.923162500000004
imagenet2dwarp,kitti2015|catspp|True|True,kitti2015,catspp|True|True,93.2336,2.671790873409053,1.610745033162524,0.0,0.0,58.221166249999996
imagenet2dwarp,kitti2015|glunet|False|False,kitti2015,glunet|False|False,85.4709,-9.75124846453966,-5.878744174071529,0.0,0.0,37.63774625
imagenet2dwarp,kitti2015|glunet|False|True,kitti2015,glunet|False|True,80.8596,-9.75124846453966,-5.878744174071529,0.0,0.0,34.43320625
imagenet2dwarp,kitti2015|glunet|True|False,kitti2015,glunet|True|False,29.7992,2.671790873409053,1.610745033162524,0.0,0.0,50.87511375
imagenet2dwarp,kitti2015|glunet|True|True,kitti2015,glunet|True|True,89.5363,2.671790873409053,1.610745033162524,0.0,0.0,49.959166249999996
imagenet2dwarp,kitti2015|raft|True|False,kitti2015,raft|True|False,18.0252125,-9.75124846453966,-5.878744174071529,0.0,0.0,32.470565625
imagenet2dwarp,pfpascal|catspp|False|False,pfpascal,catspp|False|False,9.00725,1.5044737376612636,0.8826558797050448,0.0,0.0,40.397146250000006
imagenet2dwarp,pfpascal|catspp|False|True,pfpascal,catspp|False|True,7.8772,1.5044737376612636,0.8826558797050448,0.0,0.0,41.988783749999996
imagenet2dwarp,pfpascal|catspp|True|False,pfpascal,catspp|True|False,34.5998,2.8703797915922635,1.6840158366432658,0.0,0.0,64.29160312500001
imagenet2dwarp,pfpascal|catspp|True|True,pfpascal,catspp|True|True,45.3169,2.8703797915922635,1.6840158366432658,0.0,0.0,64.310445625
imagenet2dwarp,pfpascal|glunet|False|False,pfpascal,glunet|False|False,6.0177,1.5044737376612636,0.8826558797050448,0.0,0.0,46.329955
imagenet2dwarp,pfpascal|glunet|False|True,pfpascal,glunet|False|True,6.6055,1.5044737376612636,0.8826558797050448,0.0,0.0,42.7164025
imagenet2dwarp,pfpascal|glunet|True|False,pfpascal,glunet|True|False,5.8954,2.8703797915922635,1.6840158366432658,0.0,0.0,58.96828624999999
imagenet2dwarp,pfpascal|glunet|True|True,pfpascal,glunet|True|True,29.9721,2.8703797915922635,1.6840158366432658,0.0,0.0,57.24267875
imagenet2dwarp,pfpascal|raft|True|False,pfpascal,raft|True|False,5.7248375000000005,1.5044737376612636,0.8826558797050448,0.0,0.0,40.907485
imagenet2dwarp,pfwillow|catspp|False|False,pfwillow,catspp|False|False,11.4111,1.3877990469210693,0.8288325942867939,0.0,0.0,40.113164375000004
imagenet2dwarp,pfwillow|catspp|False|True,pfwillow,catspp|False|True,11.5778,1.3877990469210693,0.8288325942867939,0.0,0.0,41.688935625
imagenet2dwarp,pfwillow|catspp|True|False,pfwillow,catspp|True|False,40.8778,2.401135158943887,1.4340253997406616,0.0,0.0,63.935285625000006
imagenet2dwarp,pfwillow|catspp|True|True,pfwillow,catspp|True|True,48.9333,2.401135158943887,1.4340253997406616,0.0,0.0,64.00533125
imagenet2dwarp,pfwillow|glunet|False|False,pfwillow,glunet|False|False,10.8778,1.3877990469210693,0.8288325942867939,0.0,0.0,45.88040625
imagenet2dwarp,pfwillow|glunet|False|True,pfwillow,glunet|False|True,10.5889,1.3877990469210693,0.8288325942867939,0.0,0.0,42.43905375
imagenet2dwarp,pfwillow|glunet|True|False,pfwillow,glunet|True|False,10.1,2.401135158943887,1.4340253997406616,0.0,0.0,58.57436249999999
imagenet2dwarp,pfwillow|glunet|True|True,pfwillow,glunet|True|True,31.7,2.401135158943887,1.4340253997406616,0.0,0.0,56.893665
imagenet2dwarp,pfwillow|raft|True|False,pfwillow,raft|True|False,6.6805625,1.3877990469210693,0.8288325942867939,0.0,0.0,40.48830125
imagenet2dwarp,pointodyssey|catspp|False|False,pointodyssey,catspp|False|False,51.33235,3.0371573093202042,1.5135197227299981,0.0,0.0,36.406630625000005
imagenet2dwarp,pointodyssey|catspp|False|True,pointodyssey,catspp|False|True,48.7736,3.0371573093202042,1.5135197227299981,0.0,0.0,37.1226425
imagenet2dwarp,pointodyssey|catspp|True|False,pointodyssey,catspp|True|False,36.487,3.207687542026194,1.598500790299403,0.0,0.0,62.400128125
imagenet2dwarp,pointodyssey|catspp|True|True,pointodyssey,catspp|True|True,41.4359,3.207687542026194,1.598500790299403,0.0,0.0,62.65244
imagenet2dwarp,pointodyssey|glunet|False|False,pointodyssey,glunet|False|False,82.9373,3.0371573093202042,1.5135197227299981,0.0,0.0,37.9311075
imagenet2dwarp,pointodyssey|glunet|False|True,pointodyssey,glunet|False|True,78.5324,3.0371573093202042,1.5135197227299981,0.0,0.0,34.945155
imagenet2dwarp,pointodyssey|glunet|True|False,pointodyssey,glunet|True|False,25.0551,3.207687542026194,1.598500790299403,0.0,0.0,51.1522875
imagenet2dwarp,pointodyssey|glunet|True|True,pointodyssey,glunet|True|True,89.2135,3.207687542026194,1.598500790299403,0.0,0.0,50.4045775
imagenet2dwarp,pointodyssey|raft|True|False,pointodyssey,raft|True|False,3.8248375,3.0371573093202042,1.5135197227299981,0.0,0.0,36.787628125
imagenet2dwarp,spair|catspp|False|False,spair,catspp|False|False,3.93925,2.928153033714587,1.704144996430789,0.0,0.0,41.466099375
imagenet2dwarp,spair|catspp|False|True,spair,catspp|False|True,3.9251,2.928153033714587,1.704144996430789,0.0,0.0,43.086233125
imagenet2dwarp,spair|catspp|True|False,spair,catspp|True|False,16.6978,-6.103611385897111,-3.5522183040548048,0.0,0.0,67.143480625
imagenet2dwarp,spair|catspp|True|True,spair,catspp|True|True,23.1718,-6.103611385897111,-3.5522183040548048,0.0,0.0,67.29683750000001
imagenet2dwarp,spair|glunet|False|False,spair,glunet|False|False,2.6759,2.928153033714587,1.704144996430789,0.0,0.0,47.511681249999995
imagenet2dwarp,spair|glunet|False|True,spair,glunet|False|True,2.6273,2.928153033714587,1.704144996430789,0.0,0.0,43.9103525
imagenet2dwarp,spair|glunet|True|False,spair,glunet|True|False,2.8992,-6.103611385897111,-3.5522183040548048,0.0,0.0,61.458965
imagenet2dwarp,spair|glunet|True|True,spair,glunet|True|True,6.6248,-6.103611385897111,-3.5522183040548048,0.0,0.0,60.02516125
imagenet2dwarp,spair|raft|True|False,spair,raft|True|False,2.4022375,2.928153033714587,1.704144996430789,0.0,0.0,42.098368750000006
imagenet2dwarp,synthetic|catspp|False|False,synthetic,catspp|False|False,19.63085,3.230581161149343,1.696263317938711,0.0,0.0,39.01697
imagenet2dwarp,synthetic|catspp|False|True,synthetic,catspp|False|True,19.6472,3.230581161149343,1.696263317938711,0.0,0.0,40.503629375
imagenet2dwarp,synthetic|catspp|True|False,synthetic,catspp|True|False,37.1935,-9.572763219022502,-5.026317646811204,0.0,0.0,63.665620624999995
imagenet2dwarp,synthetic|catspp|True|True,synthetic,catspp|True|True,39.7476,-9.572763219022502,-5.026317646811204,0.0,0.0,64.06819625
imagenet2dwarp,synthetic|glunet|False|False,synthetic,glunet|False|False,9.7372,3.230581161149343,1.696263317938711,0.0,0.0,45.73504125
imagenet2dwarp,synthetic|glunet|False|True,synthetic,glunet|False|True,9.3907,3.230581161149343,1.696263317938711,0.0,0.0,42.65775625
imagenet2dwarp,synthetic|glunet|True|False,synthetic,glunet|True|False,6.6755,-9.572763219022502,-5.026317646811204,0.0,0.0,58.570482500000004
imagenet2dwarp,synthetic|glunet|True|True,synthetic,glunet|True|True,21.0263,-9.572763219022502,-5.026317646811204,0.0,0.0,57.77225125
imagenet2dwarp,synthetic|raft|True|False,synthetic,raft|True|False,4.674075,3.230581161149343,1.696263317938711,0.0,0.0,39.619263124999996
imagenet2dwarp,tss|catspp|False|False,tss,catspp|False|False,21.05095,2.4584004673828046,1.3694817811117372,0.0,0.0,38.715804375
imagenet2dwarp,tss|catspp|False|True,tss,catspp|False|True,20.9901,2.4584004673828046,1.3694817811117372,0.0,0.0,40.271050625
imagenet2dwarp,tss|catspp|True|False,tss,catspp|True|False,58.4608,0.9075443820484236,0.5055585992825533,0.0,0.0,61.785763125
imagenet2dwarp,tss|catspp|True|True,tss,catspp|True|True,63.5068,0.9075443820484236,0.5055585992825533,0.0,0.0,62.02385875
imagenet2dwarp,tss|glunet|False|False,tss,glunet|False|False,14.8312,2.4584004673828046,1.3694817811117372,0.0,0.0,44.453601250000006
imagenet2dwarp,tss|glunet|False|True,tss,glunet|False|True,14.6164,2.4584004673828046,1.3694817811117372,0.0,0.0,41.25250375
imagenet2dwarp,tss|glunet|True|False,tss,glunet|True|False,11.2237,0.9075443820484236,0.5055585992825533,0.0,0.0,55.993016250000004
imagenet2dwarp,tss|glunet|True|True,tss,glunet|True|True,50.4683,0.9075443820484236,0.5055585992825533,0.0,0.0,54.738135
imagenet2dwarp,tss|raft|True|False,tss,raft|True|False,7.744925,2.4584004673828046,1.3694817811117372,0.0,0.0,39.610150625
movi_f,flyingthings|catspp|False|False,flyingthings,catspp|False|False,61.2423,3.5655859881920624,1.7823731735091017,0.0,0.0,33.990903125
movi_f,flyingthings|catspp|False|True,flyingthings,catspp|False|True,61.1514,3.5655859881920624,1.7823731735091017,0.0,0.0,35.65905
movi_f,flyingthings|catspp|True|False,flyingthings,catspp|True|False,77.7052,2.5992578691275243,1.2993228917512167,0.0,0.0,59.171219375
movi_f,flyingthings|catspp|True|True,flyingthings,catspp|True|True,77.9071,2.5992578691275243,1.2993228917512167,0.0,0.0,59.742131875
movi_f,flyingthings|glunet|False|False,flyingthings,glunet|False|False,41.9398,3.5655859881920624,1.7823731735091017,0.0,0.0,40.73558625
movi_f,flyingthings|glunet|False|True,flyingthings,glunet|False|True,43.0123,3.5655859881920624,1.7823731735091017,0.0,0.0,37.736217499999995
movi_f,flyingthings|glunet|True|False,flyingthings,glunet|True|False,39.164,2.5992578691275243,1.2993228917512167,0.0,0.0,51.75905375
movi_f,flyingthings|glunet|True|True,flyingthings,glunet|True|True,39.106,2.5992578691275243,1.2993228917512167,0.0,0.0,54.736665
movi_f,flyingthings|raft|True|False,flyingthings,raft|True|False,38.9566,3.5655859881920624,1.7823731735091017,0.0,0.0,32.94383140625
movi_f,kitti2012|catspp|False|False,kitti2012,catspp|False|False,86.277,-0.9425829262414612,-0.5680539243177117,0.0,0.0,31.7189725
movi_f,kitti2012|catspp|False|True,kitti2012,catspp|False|True,86.332,-0.9425829262414612,-0.5680539243177117,0.0,0.0,33.254453749999996
movi_f,kitti2012|catspp|True|False,kitti2012,catspp|True|False,94.5198,2.746709692636176,1.6553230240283145,0.0,0.0,57.203383125
movi_f,kitti2012|catspp|True|True,kitti2012,catspp|True|True,95.7835,2.746709692636176,1.6553230240283145,0.0,0.0,57.82203625
movi_f,kitti2012|glunet|False|False,kitti2012,glunet|False|False,83.278,-0.9425829262414612,-0.5680539243177117,0.0,0.0,37.47424875
movi_f,kitti2012|glunet|False|True,kitti2012,glunet|False|True,83.3858,-0.9425829262414612,-0.5680539243177117,0.0,0.0,34.038855
movi_f,kitti2012|glunet|True|False,kitti2012,glunet|True|False,78.7366,2.746709692636176,1.6553230240283145,0.0,0.0,49.09941875
movi_f,kitti2012|glunet|True|True,kitti2012,glunet|True|True,73.9202,2.746709692636176,1.6553230240283145,0.0,0.0,51.8311375
movi_f,kitti2012|raft|True|False,kitti2012,raft|True|False,81.5116,-0.9425829262414612,-0.5680539243177117,0.0,0.0,29.916917343749997
movi_f,kitti2015|catspp|False|False,kitti2015,catspp|False|False,84.7086,-2.4602294764981205,-1.3552058810427932,0.0,0.0,31.41112125
movi_f,kitti2015|catspp|False|True,kitti2015,catspp|False|True,83.9623,-2.4602294764981205,-1.3552058810427932,0.0,0.0,33.108385
movi_f,kitti2015|catspp|True|False,kitti2015,catspp|True|False,94.1351,2.7235861829101466,1.5002746889532041,0.0,0.0,57.287365
movi_f,kitti2015|catspp|True|True,kitti2015,catspp|True|True,94.8194,2.7235861829101466,1.5002746889532041,0.0,0.0,57.923421250000004
movi_f,kitti2015|glunet|False|False,kitti2015,glunet|False|False,71.5137,-2.4602294764981205,-1.3552058810427932,0.0,0.0,37.89853875
movi_f,kitti2015|glunet|False|True,kitti2015,glunet|False|True,72.591,-2.4602294764981205,-1.3552058810427932,0.0,0.0,34.4967775
movi_f,kitti2015|glunet|True|False,kitti2015,glunet|True|False,65.3127,2.7235861829101466,1.5002746889532041,0.0,0.0,49.1923875
movi_f,kitti2015|glunet|True|True,kitti2015,glunet|True|True,61.7536,2.7235861829101466,1.5002746889532041,0.0,0.0,51.957583750000005
movi_f,kitti2015|raft|True|False,kitti2015,raft|True|False,70.4775,-2.4602294764981205,-1.3552058810427932,0.0,0.0,30.112505625
movi_f,pfpascal|catspp|False|False,pfpascal,catspp|False|False,10.5168,2.4333873126157335,1.2558636883913716,0.0,0.0,39.64656625
movi_f,pfpascal|catspp|False|True,pfpascal,catspp|False|True,8.1291,2.4333873126157335,1.2558636883913716,0.0,0.0,41.40916875
movi_f,pfpascal|catspp|True|False,pfpascal,catspp|True|False,34.8945,0.8458388999511268,0.4365348480163085,0.0,0.0,63.634206875
movi_f,pfpascal|catspp|True|True,pfpascal,catspp|True|True,38.85,0.8458388999511268,0.4365348480163085,0.0,0.0,63.912041875
movi_f,pfpascal|glunet|False|False,pfpascal,glunet|False|False,12.3182,2.4333873126157335,1.2558636883913716,0.0,0.0,46.84396875
movi_f,pfpascal|glunet|False|True,pfpascal,glunet|False|True,12.2101,2.4333873126157335,1.2558636883913716,0.0,0.0,42.95338875
movi_f,pfpascal|glunet|True|False,pfpascal,glunet|True|False,12.1653,0.8458388999511268,0.4365348480163085,0.0,0.0,56.920015
movi_f,pfpascal|glunet|True|True,pfpascal,glunet|True|True,11.6719,0.8458388999511268,0.4365348480163085,0.0,0.0,59.3596275
movi_f,pfpascal|raft|True|False,pfpascal,raft|True|False,12.3863,2.4333873126157335,1.2558636883913716,0.0,0.0,37.9770396875
movi_f,pfwillow|catspp|False|False,pfwillow,catspp|False|False,13.6778,1.594932293721179,0.8597692464990367,0.0,0.0,39.37204875
movi_f,pfwillow|catspp|False|True,pfwillow,catspp|False|True,11.4889,1.594932293721179,0.8597692464990367,0.0,0.0,41.105060625
movi_f,pfwillow|catspp|True|False,pfwillow,catspp|True|False,38.0889,-0.05651150071893646,-0.030463268304820382,0.0,0.0,63.239344374999995
movi_f,pfwillow|catspp|True|True,pfwillow,catspp|True|True,38.0222,-0.05651150071893646,-0.030463268304820382,0.0,0.0,63.55137499999999
movi_f,pfwillow|glunet|False|False,pfwillow,glunet|False|False,13.8,1.594932293721179,0.8597692464990367,0.0,0.0,46.35219125
movi_f,pfwillow|glunet|False|True,pfwillow,glunet|False|True,14.6333,1.594932293721179,0.8597692464990367,0.0,0.0,42.6565375
movi_f,pfwillow|glunet|True|False,pfwillow,glunet|True|False,11.9333,-0.05651150071893646,-0.030463268304820382,0.0,0.0,56.470633750000005
movi_f,pfwillow|glunet|True|True,pfwillow,glunet|True|True,14.3062,-0.05651150071893646,-0.030463268304820382,0.0,0.0,59.021943750000005
movi_f,pfwillow|raft|True|False,pfwillow,raft|True|False,13.8111,1.594932293721179,0.8597692464990367,0.0,0.0,37.563719375
movi_f,pointodyssey|catspp|False|False,pointodyssey,catspp|False|False,84.7224,3.3319721167443492,1.5143858961350376,0.0,0.0,36.054556874999996
movi_f,pointodyssey|catspp|False|True,pointodyssey,catspp|False|True,84.993,3.3319721167443492,1.5143858961350376,0.0,0.0,36.99262125
movi_f,pointodyssey|catspp|True|False,pointodyssey,catspp|True|False,95.4377,3.2563865268007652,1.4800321418564892,0.0,0.0,62.475931875
movi_f,pointodyssey|catspp|True|True,pointodyssey,catspp|True|True,95.8171,3.2563865268007652,1.4800321418564892,0.0,0.0,63.014637500000006
movi_f,pointodyssey|glunet|False|False,pointodyssey,glunet|False|False,66.6921,3.3319721167443492,1.5143858961350376,0.0,0.0,38.1633
movi_f,pointodyssey|glunet|False|True,pointodyssey,glunet|False|True,68.033,3.3319721167443492,1.5143858961350376,0.0,0.0,34.980841250000005
movi_f,pointodyssey|glunet|True|False,pointodyssey,glunet|True|False,62.6774,3.2563865268007652,1.4800321418564892,0.0,0.0,49.495921249999995
movi_f,pointodyssey|glunet|True|True,pointodyssey,glunet|True|True,61.2703,3.2563865268007652,1.4800321418564892,0.0,0.0,52.400988749999996
movi_f,pointodyssey|raft|True|False,pointodyssey,raft|True|False,64.2839,3.3319721167443492,1.5143858961350376,0.0,0.0,34.529652812500004
movi_f,spair|catspp|False|False,spair,catspp|False|False,3.0896,2.840782554915076,1.4898607079896926,0.0,0.0,40.686029375
movi_f,spair|catspp|False|True,spair,catspp|False|True,2.6465,2.840782554915076,1.4898607079896926,0.0,0.0,42.487486875
movi_f,spair|catspp|True|False,spair,catspp|True|False,14.7345,-20.741833022449878,-10.878144115030652,0.0,0.0,66.457859375
movi_f,spair|catspp|True|True,spair,catspp|True|True,18.34,-20.741833022449878,-10.878144115030652,0.0,0.0,66.91887249999999
movi_f,spair|glunet|False|False,spair,glunet|False|False,1.9627,2.840782554915076,1.4898607079896926,0.0,0.0,47.93802375
movi_f,spair|glunet|False|True,spair,glunet|False|True,2.0144,2.840782554915076,1.4898607079896926,0.0,0.0,44.06962
movi_f,spair|glunet|True|False,spair,glunet|True|False,2.3566,-20.741833022449878,-10.878144115030652,0.0,0.0,59.325537499999996
movi_f,spair|glunet|True|True,spair,glunet|True|True,2.486,-20.741833022449878,-10.878144115030652,0.0,0.0,62.3191275
movi_f,spair|raft|True|False,spair,raft|True|False,1.9948,2.840782554915076,1.4898607079896926,0.0,0.0,39.0795621875
movi_f,synthetic|catspp|False|False,synthetic,catspp|False|False,15.2654,3.405724015492157,1.6652887253921684,0.0,0.0,38.192952500000004
movi_f,synthetic|catspp|False|True,synthetic,catspp|False|True,15.8474,3.405724015492157,1.6652887253921684,0.0,0.0,39.873368125
movi_f,synthetic|catspp|True|False,synthetic,catspp|True|False,33.1069,-27.421609721818403,-13.408278913419089,0.0,0.0,62.953458125
movi_f,synthetic|catspp|True|True,synthetic,catspp|True|True,39.2118,-27.421609721818403,-13.408278913419089,0.0,0.0,63.74393125
movi_f,synthetic|glunet|False|False,synthetic,glunet|False|False,6.5898,3.405724015492157,1.6652887253921684,0.0,0.0,46.130956250000004
movi_f,synthetic|glunet|False|True,synthetic,glunet|False|True,6.8448,3.405724015492157,1.6652887253921684,0.0,0.0,42.79286125
movi_f,synthetic|glunet|True|False,synthetic,glunet|True|False,6.5871,-27.421609721818403,-13.408278913419089,0.0,0.0,56.4427325
movi_f,synthetic|glunet|True|True,synthetic,glunet|True|True,6.6584,-27.421609721818403,-13.408278913419089,0.0,0.0,59.93835375
movi_f,synthetic|raft|True|False,synthetic,raft|True|False,6.1934,3.405724015492157,1.6652887253921684,0.0,0.0,36.62454109375
movi_f,tss|catspp|False|False,tss,catspp|False|False,24.3569,3.2071535110050147,1.654830545331083,0.0,0.0,37.987679375
movi_f,tss|catspp|False|True,tss,catspp|False|True,19.1092,3.2071535110050147,1.654830545331083,0.0,0.0,39.664775625
movi_f,tss|catspp|True|False,tss,catspp|True|False,58.5563,-2.192995146662768,-1.131544013096882,0.0,0.0,61.125876874999996
movi_f,tss|catspp|True|True,tss,catspp|True|True,55.6517,-2.192995146662768,-1.131544013096882,0.0,0.0,61.608102499999994
movi_f,tss|glunet|False|False,tss,glunet|False|False,17.947,3.2071535110050147,1.654830545331083,0.0,0.0,44.92780625
movi_f,tss|glunet|False|True,tss,glunet|False|True,18.6283,3.2071535110050147,1.654830545331083,0.0,0.0,41.46958125
movi_f,tss|glunet|True|False,tss,glunet|True|False,16.9644,-2.192995146662768,-1.131544013096882,0.0,0.0,53.93813
movi_f,tss|glunet|True|True,tss,glunet|True|True,19.7064,-2.192995146662768,-1.131544013096882,0.0,0.0,56.6993125
movi_f,tss|raft|True|False,tss,raft|True|False,18.6637,3.2071535110050147,1.654830545331083,0.0,0.0,36.73292171875
pointodyssey,flyingthings|catspp|False|False,flyingthings,catspp|False|False,64.4318,3.7203979342544002,2.066882030367695,0.0,0.0,34.04654375
pointodyssey,flyingthings|catspp|False|True,flyingthings,catspp|False|True,63.8607,3.7203979342544002,2.066882030367695,0.0,0.0,35.48402875
pointodyssey,flyingthings|catspp|True|False,flyingthings,catspp|True|False,79.6231,3.345705482207243,1.8587201321685223,0.0,0.0,59.025912500000004
pointodyssey,flyingthings|catspp|True|True,flyingthings,catspp|True|True,79.22595,3.345705482207243,1.8587201321685223,0.0,0.0,59.67976125
pointodyssey,flyingthings|glunet|False|False,flyingthings,glunet|False|False,71.1769,3.7203979342544002,2.066882030367695,0.0,0.0,39.490896250000006
pointodyssey,flyingthings|glunet|False|True,flyingthings,glunet|False|True,67.784,3.7203979342544002,2.066882030367695,0.0,0.0,36.8360275
pointodyssey,flyingthings|glunet|True|False,flyingthings,glunet|True|False,77.7439,3.345705482207243,1.8587201321685223,0.0,0.0,49.378792499999996
pointodyssey,flyingthings|glunet|True|True,flyingthings,glunet|True|True,76.6361,3.345705482207243,1.8587201321685223,0.0,0.0,51.99034625
pointodyssey,flyingthings|raft|True|False,flyingthings,raft|True|False,57.27595,3.7203979342544002,2.066882030367695,0.0,0.0,32.46542203125
pointodyssey,kitti2012|catspp|False|False,kitti2012,catspp|False|False,87.0735,0.5395123239503768,0.3620677725078567,0.0,0.0,31.744700625
pointodyssey,kitti2012|catspp|False|True,kitti2012,catspp|False|True,86.4889,0.5395123239503768,0.3620677725078567,0.0,0.0,33.0475275
pointodyssey,kitti2012|catspp|True|False,kitti2012,catspp|True|False,96.6249,2.8627723006844206,1.9212120726297561,0.0,0.0,57.06041625
pointodyssey,kitti2012|catspp|True|True,kitti2012,catspp|True|True,96.1437,2.8627723006844206,1.9212120726297561,0.0,0.0,57.747682499999996
pointodyssey,kitti2012|glunet|False|False,kitti2012,glunet|False|False,95.5502,0.5395123239503768,0.3620677725078567,0.0,0.0,36.017497500000005
pointodyssey,kitti2012|glunet|False|True,kitti2012,glunet|False|True,91.6607,0.5395123239503768,0.3620677725078567,0.0,0.0,32.932455
pointodyssey,kitti2012|glunet|True|False,kitti2012,glunet|True|False,97.8728,2.8627723006844206,1.9212120726297561,0.0,0.0,46.47611125
pointodyssey,kitti2012|glunet|True|True,kitti2012,glunet|True|True,97.4634,2.8627723006844206,1.9212120726297561,0.0,0.0,48.9099825
pointodyssey,kitti2012|raft|True|False,kitti2012,raft|True|False,89.47625,0.5395123239503768,0.3620677725078567,0.0,0.0,29.30907421875
pointodyssey,kitti2015|catspp|False|False,kitti2015,catspp|False|False,85.69685,-0.3454548250759622,-0.21299419746094697,0.0,0.0,31.439246250000004
pointodyssey,kitti2015|catspp|False|True,kitti2015,catspp|False|True,85.19040000000001,-0.3454548250759622,-0.21299419746094697,0.0,0.0,32.91484875
pointodyssey,kitti2015|catspp|True|False,kitti2015,catspp|True|False,95.30515,2.8957145026795716,1.7853865159898654,0.0,0.0,57.132709999999996
pointodyssey,kitti2015|catspp|True|True,kitti2015,catspp|True|True,95.0862,2.8957145026795716,1.7853865159898654,0.0,0.0,57.8479
pointodyssey,kitti2015|glunet|False|False,kitti2015,glunet|False|False,86.2536,-0.3454548250759622,-0.21299419746094697,0.0,0.0,36.47263375
pointodyssey,kitti2015|glunet|False|True,kitti2015,glunet|False|True,83.9377,-0.3454548250759622,-0.21299419746094697,0.0,0.0,33.428775
pointodyssey,kitti2015|glunet|True|False,kitti2015,glunet|True|False,95.0124,2.8957145026795716,1.7853865159898654,0.0,0.0,46.70112375
pointodyssey,kitti2015|glunet|True|True,kitti2015,glunet|True|True,94.9408,2.8957145026795716,1.7853865159898654,0.0,0.0,49.15697875
pointodyssey,kitti2015|raft|True|False,kitti2015,raft|True|False,83.4171,-0.3454548250759622,-0.21299419746094697,0.0,0.0,29.566849374999997
pointodyssey,pfpascal|catspp|False|False,pfpascal,catspp|False|False,12.26865,2.7343237457017118,1.8714280567203887,0.0,0.0,39.68423625
pointodyssey,pfpascal|catspp|False|True,pfpascal,catspp|False|True,11.4723,2.7343237457017118,1.8714280567203887,0.0,0.0,41.242071249999995
pointodyssey,pfpascal|catspp|True|False,pfpascal,catspp|True|False,42.4378,3.239771587703225,2.217367075176909,0.0,0.0,63.5592175
pointodyssey,pfpascal|catspp|True|True,pfpascal,catspp|True|True,45.84245,3.239771587703225,2.217367075176909,0.0,0.0,63.920591249999994
pointodyssey,pfpascal|glunet|False|False,pfpascal,glunet|False|False,18.1731,2.7343237457017118,1.8714280567203887,0.0,0.0,45.30700125
pointodyssey,pfpascal|glunet|False|True,pfpascal,glunet|False|True,15.9056,2.7343237457017118,1.8714280567203887,0.0,0.0,41.78974625
pointodyssey,pfpascal|glunet|True|False,pfpascal,glunet|True|False,28.6839,3.239771587703225,2.217367075176909,0.0,0.0,54.2639875
pointodyssey,pfpascal|glunet|True|True,pfpascal,glunet|True|True,42.0709,3.239771587703225,2.217367075176909,0.0,0.0,56.524170000000005
pointodyssey,pfpascal|raft|True|False,pfpascal,raft|True|False,15.79625,2.7343237457017118,1.8714280567203887,0.0,0.0,37.3122628125
pointodyssey,pfwillow|catspp|False|False,pfwillow,catspp|False|False,15.5,2.4868612212264325,1.7637986672287806,0.0,0.0,39.410598125
pointodyssey,pfwillow|catspp|False|True,pfwillow,catspp|False|True,14.47225,2.4868612212264325,1.7637986672287806,0.0,0.0,40.933465
pointodyssey,pfwillow|catspp|True|False,pfwillow,catspp|True|False,44.75,3.10267642854788,2.200563707699001,0.0,0.0,63.1533275
pointodyssey,pfwillow|catspp|True|True,pfwillow,catspp|True|True,47.911100000000005,3.10267642854788,2.200563707699001,0.0,0.0,63.59613
pointodyssey,pfwillow|glunet|False|False,pfwillow,glunet|False|False,19.8741,2.4868612212264325,1.7637986672287806,0.0,0.0,44.817963750000004
pointodyssey,pfwillow|glunet|False|True,pfwillow,glunet|False|True,18.0556,2.4868612212264325,1.7637986672287806,0.0,0.0,41.48948
pointodyssey,pfwillow|glunet|True|False,pfwillow,glunet|True|False,36.5889,3.10267642854788,2.200563707699001,0.0,0.0,53.91631875
pointodyssey,pfwillow|glunet|True|True,pfwillow,glunet|True|True,44.3778,3.10267642854788,2.200563707699001,0.0,0.0,56.18239375
pointodyssey,pfwillow|raft|True|False,pfwillow,raft|True|False,18.25555,2.4868612212264325,1.7637986672287806,0.0,0.0,36.91187375
pointodyssey,pointodyssey|catspp|False|False,pointodyssey,catspp|False|False,68.8301,3.4957168871560897,1.9140798823586946,0.0,0.0,35.871674999999996
pointodyssey,pointodyssey|catspp|False|True,pointodyssey,catspp|False|True,80.8951,3.4957168871560897,1.9140798823586946,0.0,0.0,36.732510000000005
pointodyssey,pointodyssey|catspp|True|False,pointodyssey,catspp|True|False,72.7112,3.495808641677759,1.9141301225496803,0.0,0.0,62.022569999999995
pointodyssey,pointodyssey|catspp|True|True,pointodyssey,catspp|True|True,71.0583,3.495808641677759,1.9141301225496803,0.0,0.0,62.626296249999996
pointodyssey,pointodyssey|glunet|False|False,pointodyssey,glunet|False|False,94.4359,3.4957168871560897,1.9140798823586946,0.0,0.0,36.89994375
pointodyssey,pointodyssey|glunet|False|True,pointodyssey,glunet|False|True,91.0918,3.4957168871560897,1.9140798823586946,0.0,0.0,34.05924
pointodyssey,pointodyssey|glunet|True|False,pointodyssey,glunet|True|False,96.5284,3.495808641677759,1.9141301225496803,0.0,0.0,47.056548750000005
pointodyssey,pointodyssey|glunet|True|True,pointodyssey,glunet|True|True,96.2978,3.495808641677759,1.9141301225496803,0.0,0.0,49.6233875
pointodyssey,pointodyssey|raft|True|False,pointodyssey,raft|True|False,58.56285,3.4957168871560897,1.9140798823586946,0.0,0.0,33.750738437500004
pointodyssey,spair|catspp|False|False,spair,catspp|False|False,3.1626,-3.380277044601939,-2.260912104851403,0.0,0.0,40.70271375
pointodyssey,spair|catspp|False|True,spair,catspp|False|True,3.32435,-3.380277044601939,-2.260912104851403,0.0,0.0,42.2870725
pointodyssey,spair|catspp|True|False,spair,catspp|True|False,20.8771,3.400770759274825,2.2746194095977104,0.0,0.0,66.36536125
pointodyssey,spair|catspp|True|True,spair,catspp|True|True,22.5766,3.400770759274825,2.2746194095977104,0.0,0.0,66.89297375
pointodyssey,spair|glunet|False|False,spair,glunet|False|False,3.2579,-3.380277044601939,-2.260912104851403,0.0,0.0,46.34406
pointodyssey,spair|glunet|False|True,spair,glunet|False|True,2.6984,-3.380277044601939,-2.260912104851403,0.0,0.0,42.86833375
pointodyssey,spair|glunet|True|False,spair,glunet|True|False,5.1968,3.400770759274825,2.2746194095977104,0.0,0.0,56.49853
pointodyssey,spair|glunet|True|True,spair,glunet|True|True,8.153,3.400770759274825,2.2746194095977104,0.0,0.0,59.174519999999994
pointodyssey,spair|raft|True|False,spair,raft|True|False,2.80045,-3.380277044601939,-2.260912104851403,0.0,0.0,38.382231562499996
pointodyssey,synthetic|catspp|False|False,synthetic,catspp|False|False,17.907249999999998,2.441455740299983,1.3190178337427318,0.0,0.0,38.2417475
pointodyssey,synthetic|catspp|False|True,synthetic,catspp|False|True,17.94525,2.441455740299983,1.3190178337427318,0.0,0.0,39.69070375
pointodyssey,synthetic|catspp|True|False,synthetic,catspp|True|False,40.1523,3.4944878723899886,1.8879276602875235,0.0,0.0,62.872245
pointodyssey,synthetic|catspp|True|True,synthetic,catspp|True|True,39.8872,3.4944878723899886,1.8879276602875235,0.0,0.0,63.6735175
pointodyssey,synthetic|glunet|False|False,synthetic,glunet|False|False,14.6555,2.441455740299983,1.3190178337427318,0.0,0.0,44.62162375
pointodyssey,synthetic|glunet|False|True,synthetic,glunet|False|True,13.3788,2.441455740299983,1.3190178337427318,0.0,0.0,41.664699999999996
pointodyssey,synthetic|glunet|True|False,synthetic,glunet|True|False,25.8011,3.4944878723899886,1.8879276602875235,0.0,0.0,53.8203975
pointodyssey,synthetic|glunet|True|True,synthetic,glunet|True|True,25.2246,3.4944878723899886,1.8879276602875235,0.0,0.0,56.954986250000005
pointodyssey,synthetic|raft|True|False,synthetic,raft|True|False,11.985,2.441455740299983,1.3190178337427318,0.0,0.0,35.98953484375
pointodyssey,tss|catspp|False|False,tss,catspp|False|False,27.7243,3.4317964520247313,2.1757797839395825,0.0,0.0,38.04554375
pointodyssey,tss|catspp|False|True,tss,catspp|False|True,26.72155,3.4317964520247313,2.1757797839395825,0.0,0.0,39.5510425
pointodyssey,tss|catspp|True|False,tss,catspp|True|False,62.2398,2.068282874105273,1.3113038980769598,0.0,0.0,61.00264
pointodyssey,tss|catspp|True|True,tss,catspp|True|True,62.9798,2.068282874105273,1.3113038980769598,0.0,0.0,61.6208475
pointodyssey,tss|glunet|False|False,tss,glunet|False|False,41.4764,3.4317964520247313,2.1757797839395825,0.0,0.0,43.61177
pointodyssey,tss|glunet|False|True,tss,glunet|False|True,33.6273,3.4317964520247313,2.1757797839395825,0.0,0.0,40.4472325
pointodyssey,tss|glunet|True|False,tss,glunet|True|False,61.47,2.068282874105273,1.3113038980769598,0.0,0.0,51.63194
pointodyssey,tss|glunet|True|True,tss,glunet|True|True,62.9502,2.068282874105273,1.3113038980769598,0.0,0.0,54.024415
pointodyssey,tss|raft|True|False,tss,raft|True|False,27.3016,3.4317964520247313,2.1757797839395825,0.0,0.0,36.13349421875
sintel,flyingthings|catspp|False|False,flyingthings,catspp|False|False,70.7445,3.4927368940989316,1.9781149985767998,0.0,0.0,33.997916875
sintel,flyingthings|catspp|False|True,flyingthings,catspp|False|True,69.0867,3.4927368940989316,1.9781149985767998,0.0,0.0,35.57855125
sintel,flyingthings|catspp|True|False,flyingthings,catspp|True|False,82.138,3.0945478205756736,1.7526002224891606,0.0,0.0,58.929879375
sintel,flyingthings|catspp|True|True,flyingthings,catspp|True|True,82.249,3.0945478205756736,1.7526002224891606,0.0,0.0,59.652451875
sintel,flyingthings|glunet|False|False,flyingthings,glunet|False|False,64.4604,3.4927368940989316,1.9781149985767998,0.0,0.0,39.98132375
sintel,flyingthings|glunet|False|True,flyingthings,glunet|False|True,61.0606,3.4927368940989316,1.9781149985767998,0.0,0.0,37.13193375
sintel,flyingthings|glunet|True|False,flyingthings,glunet|True|False,70.575,3.0945478205756736,1.7526002224891606,0.0,0.0,50.0475825
sintel,flyingthings|glunet|True|True,flyingthings,glunet|True|True,69.7732,3.0945478205756736,1.7526002224891606,0.0,0.0,52.79157
sintel,flyingthings|raft|True|False,flyingthings,raft|True|False,63.2297,3.4927368940989316,1.9781149985767998,0.0,0.0,32.28767140625
sintel,kitti2012|catspp|False|False,kitti2012,catspp|False|False,91.745,-1.0900707665024987,-0.7445330793931167,0.0,0.0,31.67555875
sintel,kitti2012|catspp|False|True,kitti2012,catspp|False|True,92.0926,-1.0900707665024987,-0.7445330793931167,0.0,0.0,33.14677125
sintel,kitti2012|catspp|True|False,kitti2012,catspp|True|False,98.205,2.692936854869311,1.8393123004298702,0.0,0.0,56.952698125
sintel,kitti2012|catspp|True|True,kitti2012,catspp|True|True,98.1215,2.692936854869311,1.8393123004298702,0.0,0.0,57.7073075
sintel,kitti2012|glunet|False|False,kitti2012,glunet|False|False,96.5983,-1.0900707665024987,-0.7445330793931167,0.0,0.0,36.6049825
sintel,kitti2012|glunet|False|True,kitti2012,glunet|False|True,94.6197,-1.0900707665024987,-0.7445330793931167,0.0,0.0,33.349391250000004
sintel,kitti2012|glunet|True|False,kitti2012,glunet|True|False,98.4939,2.692936854869311,1.8393123004298702,0.0,0.0,47.242276249999996
sintel,kitti2012|glunet|True|True,kitti2012,glunet|True|True,98.9758,2.692936854869311,1.8393123004298702,0.0,0.0,49.8158975
sintel,kitti2012|raft|True|False,kitti2012,raft|True|False,94.0246,-1.0900707665024987,-0.7445330793931167,0.0,0.0,29.11375609375
sintel,kitti2015|catspp|False|False,kitti2015,catspp|False|False,89.5554,-2.475160896886944,-1.5549656323695336,0.0,0.0,31.3599425
sintel,kitti2015|catspp|False|True,kitti2015,catspp|False|True,89.3623,-2.475160896886944,-1.5549656323695336,0.0,0.0,32.996195
sintel,kitti2015|catspp|True|False,kitti2015,catspp|True|False,96.8068,2.7017194784370027,1.6972961000461255,0.0,0.0,57.02401125
sintel,kitti2015|catspp|True|True,kitti2015,catspp|True|True,96.3826,2.7017194784370027,1.6972961000461255,0.0,0.0,57.7990075
sintel,kitti2015|glunet|False|False,kitti2015,glunet|False|False,90.0772,-2.475160896886944,-1.5549656323695336,0.0,0.0,37.0948125
sintel,kitti2015|glunet|False|True,kitti2015,glunet|False|True,84.862,-2.475160896886944,-1.5549656323695336,0.0,0.0,33.820277499999996
sintel,kitti2015|glunet|True|False,kitti2015,glunet|True|False,95.0838,2.7017194784370027,1.6972961000461255,0.0,0.0,47.4604175
sintel,kitti2015|glunet|True|True,kitti2015,glunet|True|True,96.2638,2.7017194784370027,1.6972961000461255,0.0,0.0,50.060526249999995
sintel,kitti2015|raft|True|False,kitti2015,raft|True|False,84.9165,-2.475160896886944,-1.5549656323695336,0.0,0.0,29.333419375
sintel,pfpascal|catspp|False|False,pfpascal,catspp|False|False,15.8031,2.3026288689023606,1.5585386933481002,0.0,0.0,39.60088125
sintel,pfpascal|catspp|False|True,pfpascal,catspp|False|True,15.5569,2.3026288689023606,1.5585386933481002,0.0,0.0,41.32232625
sintel,pfpascal|catspp|True|False,pfpascal,catspp|True|False,48.9548,2.1267901455954465,1.4395219217945527,0.0,0.0,63.513210625
sintel,pfpascal|catspp|True|True,pfpascal,catspp|True|True,45.1843,2.1267901455954465,1.4395219217945527,0.0,0.0,63.847266875
sintel,pfpascal|glunet|False|False,pfpascal,glunet|False|False,10.3086,2.3026288689023606,1.5585386933481002,0.0,0.0,45.78307875
sintel,pfpascal|glunet|False|True,pfpascal,glunet|False|True,12.3527,2.3026288689023606,1.5585386933481002,0.0,0.0,42.12528375
sintel,pfpascal|glunet|True|False,pfpascal,glunet|True|False,21.5232,2.1267901455954465,1.4395219217945527,0.0,0.0,54.93288
sintel,pfpascal|glunet|True|True,pfpascal,glunet|True|True,25.0318,2.1267901455954465,1.4395219217945527,0.0,0.0,57.19819125
sintel,pfpascal|raft|True|False,pfpascal,raft|True|False,13.923,2.3026288689023606,1.5585386933481002,0.0,0.0,37.036674687499996
sintel,pfwillow|catspp|False|False,pfwillow,catspp|False|False,17.9333,1.5670956733445611,1.0997227391557123,0.0,0.0,39.31347875
sintel,pfwillow|catspp|False|True,pfwillow,catspp|False|True,18.5333,1.5670956733445611,1.0997227391557123,0.0,0.0,41.013425625
sintel,pfwillow|catspp|True|False,pfwillow,catspp|True|False,50.7444,1.22109370725903,0.8569129117986181,0.0,0.0,63.100788124999994
sintel,pfwillow|catspp|True|True,pfwillow,catspp|True|True,49.6444,1.22109370725903,0.8569129117986181,0.0,0.0,63.552698750000005
sintel,pfwillow|glunet|False|False,pfwillow,glunet|False|False,14.7707,1.5670956733445611,1.0997227391557123,0.0,0.0,45.328555
sintel,pfwillow|glunet|False|True,pfwillow,glunet|False|True,15.0111,1.5670956733445611,1.0997227391557123,0.0,0.0,41.8313725
sintel,pfwillow|glunet|True|False,pfwillow,glunet|True|False,21.9778,1.22109370725903,0.8569129117986181,0.0,0.0,54.49208125
sintel,pfwillow|glunet|True|True,pfwillow,glunet|True|True,27.2457,1.22109370725903,0.8569129117986181,0.0,0.0,56.85525249999999
sintel,pfwillow|raft|True|False,pfwillow,raft|True|False,16.4025,1.5670956733445611,1.0997227391557123,0.0,0.0,36.636538125
sintel,pointodyssey|catspp|False|False,pointodyssey,catspp|False|False,47.6015,3.225463732874364,1.747681228453978,0.0,0.0,35.478781874999996
sintel,pointodyssey|catspp|False|True,pointodyssey,catspp|False|True,43.8201,3.225463732874364,1.747681228453978,0.0,0.0,36.29827
sintel,pointodyssey|catspp|True|False,pointodyssey,catspp|True|False,58.6808,3.232283685607479,1.7513765430994745,0.0,0.0,61.719720625
sintel,pointodyssey|catspp|True|True,pointodyssey,catspp|True|True,73.2754,3.232283685607479,1.7513765430994745,0.0,0.0,62.588912500000006
sintel,pointodyssey|glunet|False|False,pointodyssey,glunet|False|False,85.9719,3.225463732874364,1.747681228453978,0.0,0.0,37.3685275
sintel,pointodyssey|glunet|False|True,pointodyssey,glunet|False|True,84.5038,3.225463732874364,1.747681228453978,0.0,0.0,34.35683875
sintel,pointodyssey|glunet|True|False,pointodyssey,glunet|True|False,90.0851,3.232283685607479,1.7513765430994745,0.0,0.0,47.73440875
sintel,pointodyssey|glunet|True|True,pointodyssey,glunet|True|True,90.6576,3.232283685607479,1.7513765430994745,0.0,0.0,50.439895
sintel,pointodyssey|raft|True|False,pointodyssey,raft|True|False,74.9348,3.225463732874364,1.747681228453978,0.0,0.0,33.7032153125
sintel,spair|catspp|False|False,spair,catspp|False|False,3.7321,2.8045157376628733,1.86731775835233,0.0,0.0,40.582296875
sintel,spair|catspp|False|True,spair,catspp|False|True,3.9026,2.8045157376628733,1.86731775835233,0.0,0.0,42.323498125
sintel,spair|catspp|True|False,spair,catspp|True|False,22.5826,-11.008033418564802,-7.329428040276132,0.0,0.0,66.25921062500001
sintel,spair|catspp|True|True,spair,catspp|True|True,17.4154,-11.008033418564802,-7.329428040276132,0.0,0.0,66.76336125
sintel,spair|glunet|False|False,spair,glunet|False|False,2.3266,2.8045157376628733,1.86731775835233,0.0,0.0,46.9068025
sintel,spair|glunet|False|True,spair,glunet|False|True,2.4731,2.8045157376628733,1.86731775835233,0.0,0.0,43.24546625
sintel,spair|glunet|True|False,spair,glunet|True|False,3.778,-11.008033418564802,-7.329428040276132,0.0,0.0,57.23919625
sintel,spair|glunet|True|True,spair,glunet|True|True,5.0597,-11.008033418564802,-7.329428040276132,0.0,0.0,60.02286375
sintel,spair|raft|True|False,spair,raft|True|False,2.3576,2.8045157376628733,1.86731775835233,0.0,0.0,38.1245234375
sintel,synthetic|catspp|False|False,synthetic,catspp|False|False,22.7542,3.265780494400195,1.808512040010679,0.0,0.0,38.17479875
sintel,synthetic|catspp|False|True,synthetic,catspp|False|True,20.3562,3.265780494400195,1.808512040010679,0.0,0.0,39.750038124999996
sintel,synthetic|catspp|True|False,synthetic,catspp|True|False,40.9952,-19.786603167383305,-10.957353110683702,0.0,0.0,62.755311875
sintel,synthetic|catspp|True|True,synthetic,catspp|True|True,39.1069,-19.786603167383305,-10.957353110683702,0.0,0.0,63.598666249999994
sintel,synthetic|glunet|False|False,synthetic,glunet|False|False,10.5186,3.265780494400195,1.808512040010679,0.0,0.0,45.144296250000004
sintel,synthetic|glunet|False|True,synthetic,glunet|False|True,10.7744,3.265780494400195,1.808512040010679,0.0,0.0,42.012093750000005
sintel,synthetic|glunet|True|False,synthetic,glunet|True|False,21.7318,-19.786603167383305,-10.957353110683702,0.0,0.0,54.5279325
sintel,synthetic|glunet|True|True,synthetic,glunet|True|True,20.8004,-19.786603167383305,-10.957353110683702,0.0,0.0,57.78669375
sintel,synthetic|raft|True|False,synthetic,raft|True|False,10.7984,3.265780494400195,1.808512040010679,0.0,0.0,35.722529843749996
sintel,tss|catspp|False|False,tss,catspp|False|False,32.9288,3.06048183804609,1.9298105795166018,0.0,0.0,37.983064375
sintel,tss|catspp|False|True,tss,catspp|False|True,35.3243,3.06048183804609,1.9298105795166018,0.0,0.0,39.687774375
sintel,tss|catspp|True|False,tss,catspp|True|False,65.8113,-0.9345631060654002,-0.5892960209371269,0.0,0.0,60.919814375
sintel,tss|catspp|True|True,tss,catspp|True|True,64.5396,-0.9345631060654002,-0.5892960209371269,0.0,0.0,61.5752475
sintel,tss|glunet|False|False,tss,glunet|False|False,23.8706,3.06048183804609,1.9298105795166018,0.0,0.0,43.96608125
sintel,tss|glunet|False|True,tss,glunet|False|True,22.0866,3.06048183804609,1.9298105795166018,0.0,0.0,40.682922500000004
sintel,tss|glunet|True|False,tss,glunet|True|False,40.9775,-0.9345631060654002,-0.5892960209371269,0.0,0.0,52.134185
sintel,tss|glunet|True|True,tss,glunet|True|True,43.3458,-0.9345631060654002,-0.5892960209371269,0.0,0.0,54.66636999999999
sintel,tss|raft|True|False,tss,raft|True|False,24.4577,3.06048183804609,1.9298105795166018,0.0,0.0,35.84577296875
spair,flyingthings|catspp|False|False,flyingthings,catspp|False|False,3.3861,0.7100692962701957,0.55179501125701,0.0,0.0,37.463298125
spair,flyingthings|catspp|False|True,flyingthings,catspp|False|True,3.963,0.7100692962701957,0.55179501125701,0.0,0.0,38.941261250000004
spair,flyingthings|catspp|True|False,flyingthings,catspp|True|False,63.3569,1.0485713307146012,0.8148450190349777,0.0,0.0,59.591409375
spair,flyingthings|catspp|True|True,flyingthings,catspp|True|True,68.3472,1.0485713307146012,0.8148450190349777,0.0,0.0,60.307439375
spair,flyingthings|glunet|False|False,flyingthings,glunet|False|False,4.0965,0.7100692962701957,0.55179501125701,0.0,0.0,43.44633375
spair,flyingthings|glunet|False|True,flyingthings,glunet|False|True,3.3265,0.7100692962701957,0.55179501125701,0.0,0.0,40.566185000000004
spair,flyingthings|glunet|True|False,flyingthings,glunet|True|False,66.6096,1.0485713307146012,0.8148450190349777,0.0,0.0,48.729803749999995
spair,flyingthings|glunet|True|True,flyingthings,glunet|True|True,39.6279,1.0485713307146012,0.8148450190349777,0.0,0.0,53.8692675
spair,flyingthings|raft|True|False,flyingthings,raft|True|False,3.4438,0.7100692962701957,0.55179501125701,0.0,0.0,35.51428640625
spair,kitti2012|catspp|False|False,kitti2012,catspp|False|False,10.184,-12.953201037855385,-10.608747178070823,0.0,0.0,34.9634075
spair,kitti2012|catspp|False|True,kitti2012,catspp|False|True,11.8574,-12.953201037855385,-10.608747178070823,0.0,0.0,36.3205875
spair,kitti2012|catspp|True|False,kitti2012,catspp|True|False,83.7234,1.2579667276779138,1.0302820849733085,0.0,0.0,57.667971875
spair,kitti2012|catspp|True|True,kitti2012,catspp|True|True,84.0079,1.2579667276779138,1.0302820849733085,0.0,0.0,58.35964750000001
spair,kitti2012|glunet|False|False,kitti2012,glunet|False|False,12.4578,-12.953201037855385,-10.608747178070823,0.0,0.0,39.772785
spair,kitti2012|glunet|False|True,kitti2012,glunet|False|True,11.0648,-12.953201037855385,-10.608747178070823,0.0,0.0,36.460882500000004
spair,kitti2012|glunet|True|False,kitti2012,glunet|True|False,93.4583,1.2579667276779138,1.0302820849733085,0.0,0.0,45.91112
spair,kitti2012|glunet|True|True,kitti2012,glunet|True|True,54.1912,1.2579667276779138,1.0302820849733085,0.0,0.0,50.710603750000004
spair,kitti2012|raft|True|False,kitti2012,raft|True|False,12.1716,-12.953201037855385,-10.608747178070823,0.0,0.0,32.06453234375
spair,kitti2015|catspp|False|False,kitti2015,catspp|False|False,10.8859,-14.96991005543975,-12.432426196661899,0.0,0.0,34.683935000000005
spair,kitti2015|catspp|False|True,kitti2015,catspp|False|True,12.2973,-14.96991005543975,-12.432426196661899,0.0,0.0,36.209638749999996
spair,kitti2015|catspp|True|False,kitti2015,catspp|True|False,85.7568,1.4091959970610417,1.1703293583735657,0.0,0.0,57.782180000000004
spair,kitti2015|catspp|True|True,kitti2015,catspp|True|True,85.1192,1.4091959970610417,1.1703293583735657,0.0,0.0,58.486974999999994
spair,kitti2015|glunet|False|False,kitti2015,glunet|False|False,13.6098,-14.96991005543975,-12.432426196661899,0.0,0.0,40.35852875
spair,kitti2015|glunet|False|True,kitti2015,glunet|False|True,14.6026,-14.96991005543975,-12.432426196661899,0.0,0.0,37.0979625
spair,kitti2015|glunet|True|False,kitti2015,glunet|True|False,91.9963,1.4091959970610417,1.1703293583735657,0.0,0.0,46.153612499999994
spair,kitti2015|glunet|True|True,kitti2015,glunet|True|True,61.2326,1.4091959970610417,1.1703293583735657,0.0,0.0,51.07715
spair,kitti2015|raft|True|False,kitti2015,raft|True|False,15.6081,-14.96991005543975,-12.432426196661899,0.0,0.0,32.441003124999995
spair,pfpascal|catspp|False|False,pfpascal,catspp|False|False,3.0238,-2.433515104037155,-2.0992696497127916,0.0,0.0,43.74850125
spair,pfpascal|catspp|False|True,pfpascal,catspp|False|True,3.1542,-2.433515104037155,-2.0992696497127916,0.0,0.0,45.34404875
spair,pfpascal|catspp|True|False,pfpascal,catspp|True|False,38.806,1.079246842579361,0.931011333119149,0.0,0.0,64.28264437499999
spair,pfpascal|catspp|True|True,pfpascal,catspp|True|True,40.9858,1.079246842579361,0.931011333119149,0.0,0.0,64.62354562499999
spair,pfpascal|glunet|False|False,pfpascal,glunet|False|False,4.4643,-2.433515104037155,-2.0992696497127916,0.0,0.0,49.92958375
spair,pfpascal|glunet|False|True,pfpascal,glunet|False|True,3.5234,-2.433515104037155,-2.0992696497127916,0.0,0.0,46.170845
spair,pfpascal|glunet|True|False,pfpascal,glunet|True|False,44.4728,1.079246842579361,0.931011333119149,0.0,0.0,53.95153875
spair,pfpascal|glunet|True|True,pfpascal,glunet|True|True,30.356,1.079246842579361,0.931011333119149,0.0,0.0,58.719257500000005
spair,pfpascal|raft|True|False,pfpascal,raft|True|False,4.4726,-2.433515104037155,-2.0992696497127916,0.0,0.0,40.8924834375
spair,pfwillow|catspp|False|False,pfwillow,catspp|False|False,4.8667,-0.8002930517187743,-0.7144662503557612,0.0,0.0,43.4575075
spair,pfwillow|catspp|False|True,pfwillow,catspp|False|True,5.5667,-0.8002930517187743,-0.7144662503557612,0.0,0.0,45.028099375
spair,pfwillow|catspp|True|False,pfwillow,catspp|True|False,44.0889,1.0958077696529793,0.9782887238783574,0.0,0.0,63.91388812500001
spair,pfwillow|catspp|True|True,pfwillow,catspp|True|True,45.7111,1.0958077696529793,0.9782887238783574,0.0,0.0,64.3322925
spair,pfwillow|glunet|False|False,pfwillow,glunet|False|False,5.6222,-0.8002930517187743,-0.7144662503557612,0.0,0.0,49.4337575
spair,pfwillow|glunet|False|True,pfwillow,glunet|False|True,5.0111,-0.8002930517187743,-0.7144662503557612,0.0,0.0,45.8623
spair,pfwillow|glunet|True|False,pfwillow,glunet|True|False,49.2827,1.0958077696529793,0.9782887238783574,0.0,0.0,53.56518125
spair,pfwillow|glunet|True|True,pfwillow,glunet|True|True,34.1444,1.0958077696529793,0.9782887238783574,0.0,0.0,58.396
spair,pfwillow|raft|True|False,pfwillow,raft|True|False,8.1389,-0.8002930517187743,-0.7144662503557612,0.0,0.0,40.507181875
spair,pointodyssey|catspp|False|False,pointodyssey,catspp|False|False,3.4912,-1.3745888972426903,-1.0185678563509657,0.0,0.0,39.234764375
spair,pointodyssey|catspp|False|True,pointodyssey,catspp|False|True,4.4014,-1.3745888972426903,-1.0185678563509657,0.0,0.0,39.9822925
spair,pointodyssey|catspp|True|False,pointodyssey,catspp|True|False,54.5198,1.072041942550665,0.794381116807006,0.0,0.0,62.564001874999995
spair,pointodyssey|catspp|True|True,pointodyssey,catspp|True|True,45.8507,1.072041942550665,0.794381116807006,0.0,0.0,63.07486375
spair,pointodyssey|glunet|False|False,pointodyssey,glunet|False|False,8.5059,-1.3745888972426903,-1.0185678563509657,0.0,0.0,40.619761249999996
spair,pointodyssey|glunet|False|True,pointodyssey,glunet|False|True,5.4396,-1.3745888972426903,-1.0185678563509657,0.0,0.0,37.52446375
spair,pointodyssey|glunet|True|False,pointodyssey,glunet|True|False,91.9268,1.072041942550665,0.794381116807006,0.0,0.0,46.48921875
spair,pointodyssey|glunet|True|True,pointodyssey,glunet|True|True,55.0086,1.072041942550665,0.794381116807006,0.0,0.0,51.44879625
spair,pointodyssey|raft|True|False,pointodyssey,raft|True|False,9.7147,-1.3745888972426903,-1.0185678563509657,0.0,0.0,36.8619028125
spair,spair|catspp|False|False,spair,catspp|False|False,3.018,0.8494270534104592,0.8058479196176419,0.0,0.0,44.880731874999995
spair,spair|catspp|False|True,spair,catspp|False|True,2.944,0.8494270534104592,0.8058479196176419,0.0,0.0,46.488271874999995
spair,spair|catspp|True|False,spair,catspp|True|False,27.8596,0.9346931920851026,0.8867395514404253,0.0,0.0,67.221466875
spair,spair|catspp|True|True,spair,catspp|True|True,27.9373,0.9346931920851026,0.8867395514404253,0.0,0.0,67.723645
spair,spair|glunet|False|False,spair,glunet|False|False,3.0334,0.8494270534104592,0.8058479196176419,0.0,0.0,51.13519625
spair,spair|glunet|False|True,spair,glunet|False|True,2.6825,0.8494270534104592,0.8058479196176419,0.0,0.0,47.40401125
spair,spair|glunet|True|False,spair,glunet|True|False,26.6007,0.9346931920851026,0.8867395514404253,0.0,0.0,56.256268750000004
spair,spair|glunet|True|True,spair,glunet|True|True,14.6684,0.9346931920851026,0.8867395514404253,0.0,0.0,61.597486249999996
spair,spair|raft|True|False,spair,raft|True|False,3.1416,0.8494270534104592,0.8058479196176419,0.0,0.0,42.1082621875
spair,synthetic|catspp|False|False,synthetic,catspp|False|False,4.0712,0.6680050538608753,0.590916214326443,0.0,0.0,42.248622499999996
spair,synthetic|catspp|False|True,synthetic,catspp|False|True,4.077,0.6680050538608753,0.590916214326443,0.0,0.0,43.723304375
spair,synthetic|catspp|True|False,synthetic,catspp|True|False,34.9252,0.7142015848316713,0.631781592572462,0.0,0.0,63.575730625000006
spair,synthetic|catspp|True|True,synthetic,catspp|True|True,41.0818,0.7142015848316713,0.631781592572462,0.0,0.0,64.4521125
spair,synthetic|glunet|False|False,synthetic,glunet|False|False,3.8373,0.6680050538608753,0.590916214326443,0.0,0.0,49.28033875
spair,synthetic|glunet|False|True,synthetic,glunet|False|True,3.9451,0.6680050538608753,0.590916214326443,0.0,0.0,46.082655
spair,synthetic|glunet|True|False,synthetic,glunet|True|False,35.7954,0.7142015848316713,0.631781592572462,0.0,0.0,53.43551625
spair,synthetic|glunet|True|True,synthetic,glunet|True|True,21.6568,0.7142015848316713,0.631781592572462,0.0,0.0,59.2519125
spair,synthetic|raft|True|False,synthetic,raft|True|False,4.2572,0.6680050538608753,0.590916214326443,0.0,0.0,39.61470359375
spair,tss|catspp|False|False,tss,catspp|False|False,5.2821,-0.25309383141917413,-0.20354173971630887,0.0,0.0,41.944841874999995
spair,tss|catspp|False|True,tss,catspp|False|True,5.6335,-0.25309383141917413,-0.20354173971630887,0.0,0.0,43.493395625
spair,tss|catspp|True|False,tss,catspp|True|False,60.1788,1.0876368921150745,0.8746934050482433,0.0,0.0,61.745701874999995
spair,tss|catspp|True|True,tss,catspp|True|True,60.5773,1.0876368921150745,0.8746934050482433,0.0,0.0,62.35447875
spair,tss|glunet|False|False,tss,glunet|False|False,5.711,-0.25309383141917413,-0.20354173971630887,0.0,0.0,47.958645000000004
spair,tss|glunet|False|True,tss,glunet|False|True,5.6742,-0.25309383141917413,-0.20354173971630887,0.0,0.0,44.633695
spair,tss|glunet|True|False,tss,glunet|True|False,65.5404,1.0876368921150745,0.8746934050482433,0.0,0.0,51.17301
spair,tss|glunet|True|True,tss,glunet|True|True,49.9068,1.0876368921150745,0.8746934050482433,0.0,0.0,56.20289625
spair,tss|raft|True|False,tss,raft|True|False,6.1812,-0.25309383141917413,-0.20354173971630887,0.0,0.0,39.59125546875
synthetic,flyingthings|catspp|False|False,flyingthings,catspp|False|False,58.1203,3.2909149702419156,1.794977068923181,0.0,0.0,34.313235625
synthetic,flyingthings|catspp|False|True,flyingthings,catspp|False|True,57.0993,3.2909149702419156,1.794977068923181,0.0,0.0,35.84289125
synthetic,flyingthings|catspp|True|False,flyingthings,catspp|True|False,83.7548,3.3108173618411882,1.8058325109083009,0.0,0.0,58.749199375
synthetic,flyingthings|catspp|True|True,flyingthings,catspp|True|True,82.2555,3.3108173618411882,1.8058325109083009,0.0,0.0,59.633476875
synthetic,flyingthings|glunet|False|False,flyingthings,glunet|False|False,69.5375,3.2909149702419156,1.794977068923181,0.0,0.0,39.383086250000005
synthetic,flyingthings|glunet|False|True,flyingthings,glunet|False|True,56.1849,3.2909149702419156,1.794977068923181,0.0,0.0,37.1462
synthetic,flyingthings|glunet|True|False,flyingthings,glunet|True|False,72.0776,3.3108173618411882,1.8058325109083009,0.0,0.0,49.48267875
synthetic,flyingthings|glunet|True|True,flyingthings,glunet|True|True,78.4335,3.3108173618411882,1.8058325109083009,0.0,0.0,51.626275
synthetic,flyingthings|raft|True|False,flyingthings,raft|True|False,65.58855,3.2909149702419156,1.794977068923181,0.0,0.0,32.541305781249996
synthetic,kitti2012|catspp|False|False,kitti2012,catspp|False|False,83.2552,-12.798210296690431,-8.425489295800293,0.0,0.0,32.0425575
synthetic,kitti2012|catspp|False|True,kitti2012,catspp|False|True,82.5049,-12.798210296690431,-8.425489295800293,0.0,0.0,33.4411075
synthetic,kitti2012|catspp|True|False,kitti2012,catspp|True|False,98.3518,2.723869004081494,1.7932139420295032,0.0,0.0,56.753643124999996
synthetic,kitti2012|catspp|True|True,kitti2012,catspp|True|True,97.2492,2.723869004081494,1.7932139420295032,0.0,0.0,57.677347499999996
synthetic,kitti2012|glunet|False|False,kitti2012,glunet|False|False,96.3978,-12.798210296690431,-8.425489295800293,0.0,0.0,35.940775
synthetic,kitti2012|glunet|False|True,kitti2012,glunet|False|True,84.216,-12.798210296690431,-8.425489295800293,0.0,0.0,33.2945575
synthetic,kitti2012|glunet|True|False,kitti2012,glunet|True|False,97.2991,2.723869004081494,1.7932139420295032,0.0,0.0,46.643655
synthetic,kitti2012|glunet|True|True,kitti2012,glunet|True|True,98.2409,2.723869004081494,1.7932139420295032,0.0,0.0,48.533162499999996
synthetic,kitti2012|raft|True|False,kitti2012,raft|True|False,87.91614999999999,-12.798210296690431,-8.425489295800293,0.0,0.0,29.26154921875
synthetic,kitti2015|catspp|False|False,kitti2015,catspp|False|False,86.5834,-12.816955540201205,-7.712720445774272,0.0,0.0,31.79591375
synthetic,kitti2015|catspp|False|True,kitti2015,catspp|False|True,86.8286,-12.816955540201205,-7.712720445774272,0.0,0.0,33.37870625
synthetic,kitti2015|catspp|True|False,kitti2015,catspp|True|False,97.4319,2.7768572587230502,1.6709993014467257,0.0,0.0,56.830935
synthetic,kitti2015|catspp|True|True,kitti2015,catspp|True|True,96.1149,2.7768572587230502,1.6709993014467257,0.0,0.0,57.776604999999996
synthetic,kitti2015|glunet|False|False,kitti2015,glunet|False|False,93.5085,-12.816955540201205,-7.712720445774272,0.0,0.0,36.4760025
synthetic,kitti2015|glunet|False|True,kitti2015,glunet|False|True,86.9497,-12.816955540201205,-7.712720445774272,0.0,0.0,33.921586250000004
synthetic,kitti2015|glunet|True|False,kitti2015,glunet|True|False,96.11,2.7768572587230502,1.6709993014467257,0.0,0.0,46.88955875
synthetic,kitti2015|glunet|True|True,kitti2015,glunet|True|True,97.4108,2.7768572587230502,1.6709993014467257,0.0,0.0,48.801315
synthetic,kitti2015|raft|True|False,kitti2015,raft|True|False,89.93475000000001,-12.816955540201205,-7.712720445774272,0.0,0.0,29.620296250000003
synthetic,pfpascal|catspp|False|False,pfpascal,catspp|False|False,14.1789,0.7988453344308678,0.5294601143908753,0.0,0.0,40.0537
synthetic,pfpascal|catspp|False|True,pfpascal,catspp|False|True,14.3443,0.7988453344308678,0.5294601143908753,0.0,0.0,41.72135125
synthetic,pfpascal|catspp|True|False,pfpascal,catspp|True|False,49.2406,3.317141244512802,2.1985407025274806,0.0,0.0,63.315893125
synthetic,pfpascal|catspp|True|True,pfpascal,catspp|True|True,50.2518,3.317141244512802,2.1985407025274806,0.0,0.0,63.891554375
synthetic,pfpascal|glunet|False|False,pfpascal,glunet|False|False,13.9864,0.7988453344308678,0.5294601143908753,0.0,0.0,45.16735
synthetic,pfpascal|glunet|False|True,pfpascal,glunet|False|True,13.1695,0.7988453344308678,0.5294601143908753,0.0,0.0,42.21070625
synthetic,pfpascal|glunet|True|False,pfpascal,glunet|True|False,30.3321,3.317141244512802,2.1985407025274806,0.0,0.0,54.45930499999999
synthetic,pfpascal|glunet|True|True,pfpascal,glunet|True|True,42.4831,3.317141244512802,2.1985407025274806,0.0,0.0,56.14278375
synthetic,pfpascal|raft|True|False,pfpascal,raft|True|False,14.4373,0.7988453344308678,0.5294601143908753,0.0,0.0,37.2672521875
synthetic,pfwillow|catspp|False|False,pfwillow,catspp|False|False,15.2778,0.9798866764597735,0.6725559238717821,0.0,0.0,39.75340625
synthetic,pfwillow|catspp|False|True,pfwillow,catspp|False|True,15.1333,0.9798866764597735,0.6725559238717821,0.0,0.0,41.385108125
synthetic,pfwillow|catspp|True|False,pfwillow,catspp|True|False,51.6333,3.3098458022534567,2.271748820435258,0.0,0.0,62.911009375000006
synthetic,pfwillow|catspp|True|True,pfwillow,catspp|True|True,52.2222,3.3098458022534567,2.271748820435258,0.0,0.0,63.565864999999995
synthetic,pfwillow|glunet|False|False,pfwillow,glunet|False|False,19.4667,0.9798866764597735,0.6725559238717821,0.0,0.0,44.72555375
synthetic,pfwillow|glunet|False|True,pfwillow,glunet|False|True,14.6222,0.9798866764597735,0.6725559238717821,0.0,0.0,41.90172375
synthetic,pfwillow|glunet|True|False,pfwillow,glunet|True|False,29.7111,3.3098458022534567,2.271748820435258,0.0,0.0,54.00506125
synthetic,pfwillow|glunet|True|True,pfwillow,glunet|True|True,48.458,3.3098458022534567,2.271748820435258,0.0,0.0,55.8468575
synthetic,pfwillow|raft|True|False,pfwillow,raft|True|False,18.722250000000003,0.9798866764597735,0.6725559238717821,0.0,0.0,36.88968375
synthetic,pointodyssey|catspp|False|False,pointodyssey,catspp|False|False,38.9858,2.3270747979173505,1.2325827270287957,0.0,0.0,35.844206875
synthetic,pointodyssey|catspp|False|True,pointodyssey,catspp|False|True,43.2626,2.3270747979173505,1.2325827270287957,0.0,0.0,36.70548375
synthetic,pointodyssey|catspp|True|False,pointodyssey,catspp|True|False,58.2916,3.2762285827790842,1.7353214278052416,0.0,0.0,61.513965625000004
synthetic,pointodyssey|catspp|True|True,pointodyssey,catspp|True|True,51.1702,3.2762285827790842,1.7353214278052416,0.0,0.0,62.29354125
synthetic,pointodyssey|glunet|False|False,pointodyssey,glunet|False|False,92.0672,2.3270747979173505,1.2325827270287957,0.0,0.0,36.7830175
synthetic,pointodyssey|glunet|False|True,pointodyssey,glunet|False|True,80.199,2.3270747979173505,1.2325827270287957,0.0,0.0,34.37824125
synthetic,pointodyssey|glunet|True|False,pointodyssey,glunet|True|False,92.7503,3.2762285827790842,1.7353214278052416,0.0,0.0,47.1840375
synthetic,pointodyssey|glunet|True|True,pointodyssey,glunet|True|True,96.5122,3.2762285827790842,1.7353214278052416,0.0,0.0,49.23952875
synthetic,pointodyssey|raft|True|False,pointodyssey,raft|True|False,34.6076,2.3270747979173505,1.2325827270287957,0.0,0.0,33.4232740625
synthetic,spair|catspp|False|False,spair,catspp|False|False,4.0731,2.8911401874736904,1.8878792490931335,0.0,0.0,41.059680625
synthetic,spair|catspp|False|True,spair,catspp|False|True,4.0341,2.8911401874736904,1.8878792490931335,0.0,0.0,42.739324375
synthetic,spair|catspp|True|False,spair,catspp|True|False,22.4135,3.052183901649243,1.993038828523482,0.0,0.0,66.056206875
synthetic,spair|catspp|True|True,spair,catspp|True|True,23.9909,3.052183901649243,1.993038828523482,0.0,0.0,66.82649875
synthetic,spair|glunet|False|False,spair,glunet|False|False,3.6526,2.8911401874736904,1.8878792490931335,0.0,0.0,46.26167625
synthetic,spair|glunet|False|True,spair,glunet|False|True,2.9367,2.8911401874736904,1.8878792490931335,0.0,0.0,43.326473750000005
synthetic,spair|glunet|True|False,spair,glunet|True|False,7.559,3.052183901649243,1.993038828523482,0.0,0.0,56.7027725
synthetic,spair|glunet|True|True,spair,glunet|True|True,15.5133,3.052183901649243,1.993038828523482,0.0,0.0,58.879985
synthetic,spair|raft|True|False,spair,raft|True|False,3.3421000000000003,2.8911401874736904,1.8878792490931335,0.0,0.0,38.3609784375
synthetic,synthetic|catspp|False|False,synthetic,catspp|False|False,22.1053,3.1280946341463847,1.6605506807154504,0.0,0.0,38.63980875
synthetic,synthetic|catspp|False|True,synthetic,catspp|False|True,21.8997,3.1280946341463847,1.6605506807154504,0.0,0.0,40.183514375
synthetic,synthetic|catspp|True|False,synthetic,catspp|True|False,53.8161,2.564508485930749,1.3613706777048773,0.0,0.0,62.714683125
synthetic,synthetic|catspp|True|True,synthetic,catspp|True|True,48.52,2.564508485930749,1.3613706777048773,0.0,0.0,63.69727375
synthetic,synthetic|glunet|False|False,synthetic,glunet|False|False,27.0582,3.1280946341463847,1.6605506807154504,0.0,0.0,44.68934
synthetic,synthetic|glunet|False|True,synthetic,glunet|False|True,16.1312,3.1280946341463847,1.6605506807154504,0.0,0.0,42.15426625
synthetic,synthetic|glunet|True|False,synthetic,glunet|True|False,32.9391,2.564508485930749,1.3613706777048773,0.0,0.0,54.084337500000004
synthetic,synthetic|glunet|True|True,synthetic,glunet|True|True,37.9779,2.564508485930749,1.3613706777048773,0.0,0.0,56.72786375
synthetic,synthetic|raft|True|False,synthetic,raft|True|False,25.1774,3.1280946341463847,1.6605506807154504,0.0,0.0,36.126416093749995
synthetic,tss|catspp|False|False,tss,catspp|False|False,32.3684,1.7492724903894934,1.0996655327180382,0.0,0.0,38.449180625000004
synthetic,tss|catspp|False|True,tss,catspp|False|True,29.7936,1.7492724903894934,1.0996655327180382,0.0,0.0,40.032823125
synthetic,tss|catspp|True|False,tss,catspp|True|False,66.0565,3.2571491003433013,2.0475795625034823,0.0,0.0,60.721989375
synthetic,tss|catspp|True|True,tss,catspp|True|True,65.6689,3.2571491003433013,2.0475795625034823,0.0,0.0,61.5703075
synthetic,tss|glunet|False|False,tss,glunet|False|False,36.1641,1.7492724903894934,1.0996655327180382,0.0,0.0,43.45804875
synthetic,tss|glunet|False|True,tss,glunet|False|True,27.3178,1.7492724903894934,1.0996655327180382,0.0,0.0,40.823525000000004
synthetic,tss|glunet|True|False,tss,glunet|True|False,52.1427,3.2571491003433013,2.0475795625034823,0.0,0.0,51.69006375
synthetic,tss|glunet|True|True,tss,glunet|True|True,64.008,3.2571491003433013,2.0475795625034823,0.0,0.0,53.65109875
synthetic,tss|raft|True|False,tss,raft|True|False,27.3868,1.7492724903894934,1.0996655327180382,0.0,0.0,36.10653546875
synthetic_2d_warp,flyingthings|catspp|False|False,flyingthings,catspp|False|False,62.5568,3.3043011890033758,1.8026867836234617,0.0,0.0,34.552588125
synthetic_2d_warp,flyingthings|catspp|False|True,flyingthings,catspp|False|True,58.9743,3.3043011890033758,1.8026867836234617,0.0,0.0,35.9464775
synthetic_2d_warp,flyingthings|catspp|True|False,flyingthings,catspp|True|False,82.2203,3.3131527795931466,1.8075158365631054,0.0,0.0,58.974824375000004
synthetic_2d_warp,flyingthings|catspp|True|True,flyingthings,catspp|True|True,81.6201,3.3131527795931466,1.8075158365631054,0.0,0.0,59.539704375
synthetic_2d_warp,flyingthings|glunet|False|False,flyingthings,glunet|False|False,71.3364,3.3043011890033758,1.8026867836234617,0.0,0.0,39.776650000000004
synthetic_2d_warp,flyingthings|glunet|False|True,flyingthings,glunet|False|True,56.8539,3.3043011890033758,1.8026867836234617,0.0,0.0,37.0719875
synthetic_2d_warp,flyingthings|glunet|True|False,flyingthings,glunet|True|False,71.3152,3.3131527795931466,1.8075158365631054,0.0,0.0,49.725139999999996
synthetic_2d_warp,flyingthings|glunet|True|True,flyingthings,glunet|True|True,78.2963,3.3131527795931466,1.8075158365631054,0.0,0.0,51.564904999999996
synthetic_2d_warp,flyingthings|raft|True|False,flyingthings,raft|True|False,68.432,3.3043011890033758,1.8026867836234617,0.0,0.0,32.71512140625
synthetic_2d_warp,kitti2012|catspp|False|False,kitti2012,catspp|False|False,76.4616,-12.797326013257488,-8.441577574454122,0.0,0.0,32.14153375
synthetic_2d_warp,kitti2012|catspp|False|True,kitti2012,catspp|False|True,77.1277,-12.797326013257488,-8.441577574454122,0.0,0.0,33.45404125
synthetic_2d_warp,kitti2012|catspp|True|False,kitti2012,catspp|True|False,95.9663,2.731188527719673,1.8015904106311116,0.0,0.0,56.968630625
synthetic_2d_warp,kitti2012|catspp|True|True,kitti2012,catspp|True|True,96.3689,2.731188527719673,1.8015904106311116,0.0,0.0,57.58051375
synthetic_2d_warp,kitti2012|glunet|False|False,kitti2012,glunet|False|False,93.4764,-12.797326013257488,-8.441577574454122,0.0,0.0,36.275335
synthetic_2d_warp,kitti2012|glunet|False|True,kitti2012,glunet|False|True,91.3276,-12.797326013257488,-8.441577574454122,0.0,0.0,33.3008775
synthetic_2d_warp,kitti2012|glunet|True|False,kitti2012,glunet|True|False,91.75,2.731188527719673,1.8015904106311116,0.0,0.0,46.826282500000005
synthetic_2d_warp,kitti2012|glunet|True|True,kitti2012,glunet|True|True,98.3573,2.731188527719673,1.8015904106311116,0.0,0.0,48.4749625
synthetic_2d_warp,kitti2012|raft|True|False,kitti2012,raft|True|False,84.6833,-12.797326013257488,-8.441577574454122,0.0,0.0,29.359411093749998
synthetic_2d_warp,kitti2015|catspp|False|False,kitti2015,catspp|False|False,83.0162,-12.790317963249853,-7.714724162077464,0.0,0.0,31.935219999999997
synthetic_2d_warp,kitti2015|catspp|False|True,kitti2015,catspp|False|True,79.9745,-12.790317963249853,-7.714724162077464,0.0,0.0,33.37317875
synthetic_2d_warp,kitti2015|catspp|True|False,kitti2015,catspp|True|False,95.364,2.7835134744941685,1.6789292274710643,0.0,0.0,57.0498925
synthetic_2d_warp,kitti2015|catspp|True|True,kitti2015,catspp|True|True,95.7853,2.7835134744941685,1.6789292274710643,0.0,0.0,57.686654999999995
synthetic_2d_warp,kitti2015|glunet|False|False,kitti2015,glunet|False|False,89.7925,-12.790317963249853,-7.714724162077464,0.0,0.0,36.80063
synthetic_2d_warp,kitti2015|glunet|False|True,kitti2015,glunet|False|True,87.0141,-12.790317963249853,-7.714724162077464,0.0,0.0,33.83981625
synthetic_2d_warp,kitti2015|glunet|True|False,kitti2015,glunet|True|False,91.6412,2.7835134744941685,1.6789292274710643,0.0,0.0,47.08569
synthetic_2d_warp,kitti2015|glunet|True|True,kitti2015,glunet|True|True,97.4131,2.7835134744941685,1.6789292274710643,0.0,0.0,48.74168875
synthetic_2d_warp,kitti2015|raft|True|False,kitti2015,raft|True|False,90.2207,-12.790317963249853,-7.714724162077464,0.0,0.0,29.762143125
synthetic_2d_warp,pfpascal|catspp|False|False,pfpascal,catspp|False|False,10.5271,0.7890411559048767,0.5225323915773866,0.0,0.0,40.19194875
synthetic_2d_warp,pfpascal|catspp|False|True,pfpascal,catspp|False|True,10.9336,0.7890411559048767,0.5225323915773866,0.0,0.0,41.75886625
synthetic_2d_warp,pfpascal|catspp|True|False,pfpascal,catspp|True|False,49.2846,3.321455079266181,2.1995910518703647,0.0,0.0,63.561249375
synthetic_2d_warp,pfpascal|catspp|True|True,pfpascal,catspp|True|True,55.8613,3.321455079266181,2.1995910518703647,0.0,0.0,63.875843125
synthetic_2d_warp,pfpascal|glunet|False|False,pfpascal,glunet|False|False,8.3855,0.7890411559048767,0.5225323915773866,0.0,0.0,45.468416250000004
synthetic_2d_warp,pfpascal|glunet|False|True,pfpascal,glunet|False|True,13.3499,0.7890411559048767,0.5225323915773866,0.0,0.0,42.13038625
synthetic_2d_warp,pfpascal|glunet|True|False,pfpascal,glunet|True|False,27.963,3.321455079266181,2.1995910518703647,0.0,0.0,54.6816825
synthetic_2d_warp,pfpascal|glunet|True|True,pfpascal,glunet|True|True,46.4716,3.321455079266181,2.1995910518703647,0.0,0.0,56.132985
synthetic_2d_warp,pfpascal|raft|True|False,pfpascal,raft|True|False,11.7703,0.7890411559048767,0.5225323915773866,0.0,0.0,37.372187187499996
synthetic_2d_warp,pfwillow|catspp|False|False,pfwillow,catspp|False|False,11.9667,0.9739883259458337,0.6683794353870023,0.0,0.0,39.89591375
synthetic_2d_warp,pfwillow|catspp|False|True,pfwillow,catspp|False|True,13.4667,0.9739883259458337,0.6683794353870023,0.0,0.0,41.444424375
synthetic_2d_warp,pfwillow|catspp|True|False,pfwillow,catspp|True|False,52.3889,3.3127946608979006,2.2733371294299807,0.0,0.0,63.165260624999995
synthetic_2d_warp,pfwillow|catspp|True|True,pfwillow,catspp|True|True,57.2889,3.3127946608979006,2.2733371294299807,0.0,0.0,63.54336875
synthetic_2d_warp,pfwillow|glunet|False|False,pfwillow,glunet|False|False,16.7914,0.9739883259458337,0.6683794353870023,0.0,0.0,45.06319
synthetic_2d_warp,pfwillow|glunet|False|True,pfwillow,glunet|False|True,16.6778,0.9739883259458337,0.6683794353870023,0.0,0.0,41.84484375
synthetic_2d_warp,pfwillow|glunet|True|False,pfwillow,glunet|True|False,29.116,3.3127946608979006,2.2733371294299807,0.0,0.0,54.24961375
synthetic_2d_warp,pfwillow|glunet|True|True,pfwillow,glunet|True|True,48.3864,3.3127946608979006,2.2733371294299807,0.0,0.0,55.7863075
synthetic_2d_warp,pfwillow|raft|True|False,pfwillow,raft|True|False,14.7593,0.9739883259458337,0.6683794353870023,0.0,0.0,36.978419375
synthetic_2d_warp,pointodyssey|catspp|False|False,pointodyssey,catspp|False|False,51.6048,2.351449897106739,1.2217877810174107,0.0,0.0,36.185840625
synthetic_2d_warp,pointodyssey|catspp|False|True,pointodyssey,catspp|False|True,65.9417,2.351449897106739,1.2217877810174107,0.0,0.0,37.06912125
synthetic_2d_warp,pointodyssey|catspp|True|False,pointodyssey,catspp|True|False,53.0839,3.2854073859410384,1.7070619300653989,0.0,0.0,61.693675625000004
synthetic_2d_warp,pointodyssey|catspp|True|True,pointodyssey,catspp|True|True,50.3469,3.2854073859410384,1.7070619300653989,0.0,0.0,62.19742
synthetic_2d_warp,pointodyssey|glunet|False|False,pointodyssey,glunet|False|False,92.1122,2.351449897106739,1.2217877810174107,0.0,0.0,37.1546575
synthetic_2d_warp,pointodyssey|glunet|False|True,pointodyssey,glunet|False|True,81.446,2.351449897106739,1.2217877810174107,0.0,0.0,34.311253750000006
synthetic_2d_warp,pointodyssey|glunet|True|False,pointodyssey,glunet|True|False,92.0552,3.2854073859410384,1.7070619300653989,0.0,0.0,47.42734
synthetic_2d_warp,pointodyssey|glunet|True|True,pointodyssey,glunet|True|True,96.0115,3.2854073859410384,1.7070619300653989,0.0,0.0,49.173615
synthetic_2d_warp,pointodyssey|raft|True|False,pointodyssey,raft|True|False,38.923,2.351449897106739,1.2217877810174107,0.0,0.0,33.615489062500004
synthetic_2d_warp,spair|catspp|False|False,spair,catspp|False|False,3.1293,2.8954570169165508,1.8813361649697933,0.0,0.0,41.231779375
synthetic_2d_warp,spair|catspp|False|True,spair,catspp|False|True,3.183,2.8954570169165508,1.8813361649697933,0.0,0.0,42.808834374999996
synthetic_2d_warp,spair|catspp|True|False,spair,catspp|True|False,22.7753,3.0591088208789907,1.9876696575612185,0.0,0.0,66.305535625
synthetic_2d_warp,spair|catspp|True|True,spair,catspp|True|True,25.8691,3.0591088208789907,1.9876696575612185,0.0,0.0,66.76414625
synthetic_2d_warp,spair|glunet|False|False,spair,glunet|False|False,2.6434,2.8954570169165508,1.8813361649697933,0.0,0.0,46.62013875
synthetic_2d_warp,spair|glunet|False|True,spair,glunet|False|True,2.5156,2.8954570169165508,1.8813361649697933,0.0,0.0,43.238635
synthetic_2d_warp,spair|glunet|True|False,spair,glunet|True|False,6.63,3.0591088208789907,1.9876696575612185,0.0,0.0,56.94315125000001
synthetic_2d_warp,spair|glunet|True|True,spair,glunet|True|True,15.6163,3.0591088208789907,1.9876696575612185,0.0,0.0,58.8216175
synthetic_2d_warp,spair|raft|True|False,spair,raft|True|False,3.0927,2.8954570169165508,1.8813361649697933,0.0,0.0,38.4961334375
synthetic_2d_warp,synthetic|catspp|False|False,synthetic,catspp|False|False,20.1312,3.1216724666451214,1.6567718924697077,0.0,0.0,38.799028750000005
synthetic_2d_warp,synthetic|catspp|False|True,synthetic,catspp|False|True,18.8784,3.1216724666451214,1.6567718924697077,0.0,0.0,40.225896875000004
synthetic_2d_warp,synthetic|catspp|True|False,synthetic,catspp|True|False,44.6253,2.637294502429675,1.3996969414559313,0.0,0.0,62.844604374999996
synthetic_2d_warp,synthetic|catspp|True|True,synthetic,catspp|True|True,43.3481,2.637294502429675,1.3996969414559313,0.0,0.0,63.546794999999996
synthetic_2d_warp,synthetic|glunet|False|False,synthetic,glunet|False|False,23.9947,3.1216724666451214,1.6567718924697077,0.0,0.0,45.022123750000006
synthetic_2d_warp,synthetic|glunet|False|True,synthetic,glunet|False|True,12.7059,3.1216724666451214,1.6567718924697077,0.0,0.0,42.028875
synthetic_2d_warp,synthetic|glunet|True|False,synthetic,glunet|True|False,29.4639,2.637294502429675,1.3996969414559313,0.0,0.0,54.292888749999996
synthetic_2d_warp,synthetic|glunet|True|True,synthetic,glunet|True|True,37.0372,2.637294502429675,1.3996969414559313,0.0,0.0,56.65644999999999
synthetic_2d_warp,synthetic|raft|True|False,synthetic,raft|True|False,21.9875,3.1216724666451214,1.6567718924697077,0.0,0.0,36.224814843749996
synthetic_2d_warp,tss|catspp|False|False,tss,catspp|False|False,20.8428,1.7675218265028811,1.1166592679237848,0.0,0.0,38.489006875
synthetic_2d_warp,tss|catspp|False|True,tss,catspp|False|True,20.0086,1.7675218265028811,1.1166592679237848,0.0,0.0,39.990659375
synthetic_2d_warp,tss|catspp|True|False,tss,catspp|True|False,65.697,3.275153909401232,2.0691291682919086,0.0,0.0,60.962301875
synthetic_2d_warp,tss|catspp|True|True,tss,catspp|True|True,67.8214,3.275153909401232,2.0691291682919086,0.0,0.0,61.51138375000001
synthetic_2d_warp,tss|glunet|False|False,tss,glunet|False|False,23.6203,1.7675218265028811,1.1166592679237848,0.0,0.0,43.672328750000005
synthetic_2d_warp,tss|glunet|False|True,tss,glunet|False|True,26.4422,1.7675218265028811,1.1166592679237848,0.0,0.0,40.730005
synthetic_2d_warp,tss|glunet|True|False,tss,glunet|True|False,50.8272,3.275153909401232,2.0691291682919086,0.0,0.0,51.925611249999996
synthetic_2d_warp,tss|glunet|True|True,tss,glunet|True|True,66.2204,3.275153909401232,2.0691291682919086,0.0,0.0,53.61909875
synthetic_2d_warp,tss|raft|True|False,tss,raft|True|False,22.1823,1.7675218265028811,1.1166592679237848,0.0,0.0,36.17975171875
synthetic_large_zoom,flyingthings|catspp|False|False,flyingthings,catspp|False|False,67.1619,3.5153597939780177,1.9294449032600574,0.0,0.0,33.962926875
synthetic_large_zoom,flyingthings|catspp|False|True,flyingthings,catspp|False|True,72.1858,3.5153597939780177,1.9294449032600574,0.0,0.0,34.833836250000004
synthetic_large_zoom,flyingthings|catspp|True|False,flyingthings,catspp|True|False,81.8483,3.174392984044356,1.7423014208960845,0.0,0.0,58.799499375
synthetic_large_zoom,flyingthings|catspp|True|True,flyingthings,catspp|True|True,82.1343,3.174392984044356,1.7423014208960845,0.0,0.0,59.395774374999995
synthetic_large_zoom,flyingthings|glunet|False|False,flyingthings,glunet|False|False,62.2616,3.5153597939780177,1.9294449032600574,0.0,0.0,39.581885
synthetic_large_zoom,flyingthings|glunet|False|True,flyingthings,glunet|False|True,57.5697,3.5153597939780177,1.9294449032600574,0.0,0.0,36.93012125
synthetic_large_zoom,flyingthings|glunet|True|False,flyingthings,glunet|True|False,72.5692,3.174392984044356,1.7423014208960845,0.0,0.0,49.70390375
synthetic_large_zoom,flyingthings|glunet|True|True,flyingthings,glunet|True|True,62.7767,3.174392984044356,1.7423014208960845,0.0,0.0,53.161265
synthetic_large_zoom,flyingthings|raft|True|False,flyingthings,raft|True|False,59.3757,3.5153597939780177,1.9294449032600574,0.0,0.0,32.07325765625
synthetic_large_zoom,kitti2012|catspp|False|False,kitti2012,catspp|False|False,88.0451,-2.0489090203899076,-1.3580878345694931,0.0,0.0,31.6391025
synthetic_large_zoom,kitti2012|catspp|False|True,kitti2012,catspp|False|True,94.8248,-2.0489090203899076,-1.3580878345694931,0.0,0.0,32.39747
synthetic_large_zoom,kitti2012|catspp|True|False,kitti2012,catspp|True|False,98.7949,2.723778004866796,1.805414362309565,0.0,0.0,56.833313125
synthetic_large_zoom,kitti2012|catspp|True|True,kitti2012,catspp|True|True,98.6413,2.723778004866796,1.805414362309565,0.0,0.0,57.45856125
synthetic_large_zoom,kitti2012|glunet|False|False,kitti2012,glunet|False|False,97.9959,-2.0489090203899076,-1.3580878345694931,0.0,0.0,36.25049875
synthetic_large_zoom,kitti2012|glunet|False|True,kitti2012,glunet|False|True,97.0676,-2.0489090203899076,-1.3580878345694931,0.0,0.0,33.22181375
synthetic_large_zoom,kitti2012|glunet|True|False,kitti2012,glunet|True|False,99.1724,2.723778004866796,1.805414362309565,0.0,0.0,46.88215125
synthetic_large_zoom,kitti2012|glunet|True|True,kitti2012,glunet|True|True,98.7654,2.723778004866796,1.805414362309565,0.0,0.0,50.27041875
synthetic_large_zoom,kitti2012|raft|True|False,kitti2012,raft|True|False,98.2011,-2.0489090203899076,-1.3580878345694931,0.0,0.0,28.99972359375
synthetic_large_zoom,kitti2015|catspp|False|False,kitti2015,catspp|False|False,90.7618,-2.6557288362812947,-1.6122778317437318,0.0,0.0,31.384814999999996
synthetic_large_zoom,kitti2015|catspp|False|True,kitti2015,catspp|False|True,93.0548,-2.6557288362812947,-1.6122778317437318,0.0,0.0,32.2588975
synthetic_large_zoom,kitti2015|catspp|True|False,kitti2015,catspp|True|False,98.0919,2.7838135757252367,1.6900373466343053,0.0,0.0,56.91331625
synthetic_large_zoom,kitti2015|catspp|True|True,kitti2015,catspp|True|True,97.7369,2.7838135757252367,1.6900373466343053,0.0,0.0,57.5606925
synthetic_large_zoom,kitti2015|glunet|False|False,kitti2015,glunet|False|False,93.9536,-2.6557288362812947,-1.6122778317437318,0.0,0.0,36.771313750000004
synthetic_large_zoom,kitti2015|glunet|False|True,kitti2015,glunet|False|True,88.1684,-2.6557288362812947,-1.6122778317437318,0.0,0.0,33.70343125
synthetic_large_zoom,kitti2015|glunet|True|False,kitti2015,glunet|True|False,98.0506,2.7838135757252367,1.6900373466343053,0.0,0.0,47.128896250000004
synthetic_large_zoom,kitti2015|glunet|True|True,kitti2015,glunet|True|True,96.8003,2.7838135757252367,1.6900373466343053,0.0,0.0,50.52438375
synthetic_large_zoom,kitti2015|raft|True|False,kitti2015,raft|True|False,94.1569,-2.6557288362812947,-1.6122778317437318,0.0,0.0,29.282685625
synthetic_large_zoom,pfpascal|catspp|False|False,pfpascal,catspp|False|False,16.3109,2.2769655640160797,1.417643441187422,0.0,0.0,39.61702125
synthetic_large_zoom,pfpascal|catspp|False|True,pfpascal,catspp|False|True,17.9071,2.2769655640160797,1.417643441187422,0.0,0.0,40.56825
synthetic_large_zoom,pfpascal|catspp|True|False,pfpascal,catspp|True|False,47.5495,2.457423207508136,1.529996741013982,0.0,0.0,63.368885625
synthetic_large_zoom,pfpascal|catspp|True|True,pfpascal,catspp|True|True,50.0421,2.457423207508136,1.529996741013982,0.0,0.0,63.652745625
synthetic_large_zoom,pfpascal|glunet|False|False,pfpascal,glunet|False|False,16.1068,2.2769655640160797,1.417643441187422,0.0,0.0,45.4836025
synthetic_large_zoom,pfpascal|glunet|False|True,pfpascal,glunet|False|True,14.5575,2.2769655640160797,1.417643441187422,0.0,0.0,41.994667500000006
synthetic_large_zoom,pfpascal|glunet|True|False,pfpascal,glunet|True|False,23.0618,2.457423207508136,1.529996741013982,0.0,0.0,54.583506250000006
synthetic_large_zoom,pfpascal|glunet|True|True,pfpascal,glunet|True|True,19.3452,2.457423207508136,1.529996741013982,0.0,0.0,57.58425999999999
synthetic_large_zoom,pfpascal|raft|True|False,pfpascal,raft|True|False,11.9889,2.2769655640160797,1.417643441187422,0.0,0.0,36.846259687499995
synthetic_large_zoom,pfwillow|catspp|False|False,pfwillow,catspp|False|False,18.7222,2.014973286360328,1.2801574148849302,0.0,0.0,39.3331325
synthetic_large_zoom,pfwillow|catspp|False|True,pfwillow,catspp|False|True,19.8667,2.014973286360328,1.2801574148849302,0.0,0.0,40.246639375
synthetic_large_zoom,pfwillow|catspp|True|False,pfwillow,catspp|True|False,51.4222,2.336300624061383,1.4843038304963578,0.0,0.0,62.982501875000004
synthetic_large_zoom,pfwillow|catspp|True|True,pfwillow,catspp|True|True,54.3556,2.336300624061383,1.4843038304963578,0.0,0.0,63.356345
synthetic_large_zoom,pfwillow|glunet|False|False,pfwillow,glunet|False|False,18.3917,2.014973286360328,1.2801574148849302,0.0,0.0,45.00186375
synthetic_large_zoom,pfwillow|glunet|False|True,pfwillow,glunet|False|True,16.3506,2.014973286360328,1.2801574148849302,0.0,0.0,41.68994
synthetic_large_zoom,pfwillow|glunet|True|False,pfwillow,glunet|True|False,30.5,2.336300624061383,1.4843038304963578,0.0,0.0,54.2300025
synthetic_large_zoom,pfwillow|glunet|True|True,pfwillow,glunet|True|True,21.0975,2.336300624061383,1.4843038304963578,0.0,0.0,57.23555125
synthetic_large_zoom,pfwillow|raft|True|False,pfwillow,raft|True|False,17.8333,2.014973286360328,1.2801574148849302,0.0,0.0,36.488184374999996
synthetic_large_zoom,pointodyssey|catspp|False|False,pointodyssey,catspp|False|False,34.7757,3.2136627390234374,1.7392030065024058,0.0,0.0,35.328251875
synthetic_large_zoom,pointodyssey|catspp|False|True,pointodyssey,catspp|False|True,62.7536,3.2136627390234374,1.7392030065024058,0.0,0.0,35.751485
synthetic_large_zoom,pointodyssey|catspp|True|False,pointodyssey,catspp|True|False,45.1112,3.2735685265522467,1.7716234358498428,0.0,0.0,61.423341875000006
synthetic_large_zoom,pointodyssey|catspp|True|True,pointodyssey,catspp|True|True,52.1959,3.2735685265522467,1.7716234358498428,0.0,0.0,62.07017499999999
synthetic_large_zoom,pointodyssey|glunet|False|False,pointodyssey,glunet|False|False,85.5722,3.2136627390234374,1.7392030065024058,0.0,0.0,36.9915775
synthetic_large_zoom,pointodyssey|glunet|False|True,pointodyssey,glunet|False|True,80.976,3.2136627390234374,1.7392030065024058,0.0,0.0,34.154565000000005
synthetic_large_zoom,pointodyssey|glunet|True|False,pointodyssey,glunet|True|False,91.0513,3.2735685265522467,1.7716234358498428,0.0,0.0,47.37788
synthetic_large_zoom,pointodyssey|glunet|True|True,pointodyssey,glunet|True|True,85.0481,3.2735685265522467,1.7716234358498428,0.0,0.0,50.8269275
synthetic_large_zoom,pointodyssey|raft|True|False,pointodyssey,raft|True|False,36.4545,3.2136627390234374,1.7392030065024058,0.0,0.0,33.0559728125
synthetic_large_zoom,spair|catspp|False|False,spair,catspp|False|False,4.0943,3.0199184248819466,1.8371584274353565,0.0,0.0,40.596616875
synthetic_large_zoom,spair|catspp|False|True,spair,catspp|False|True,4.1558,3.0199184248819466,1.8371584274353565,0.0,0.0,41.543209374999996
synthetic_large_zoom,spair|catspp|True|False,spair,catspp|True|False,20.9922,-1.0394926034124883,-0.63237224584655,0.0,0.0,66.112571875
synthetic_large_zoom,spair|catspp|True|True,spair,catspp|True|True,21.5433,-1.0394926034124883,-0.63237224584655,0.0,0.0,66.55971625
synthetic_large_zoom,spair|glunet|False|False,spair,glunet|False|False,3.0531,3.0199184248819466,1.8371584274353565,0.0,0.0,46.54393
synthetic_large_zoom,spair|glunet|False|True,spair,glunet|False|True,2.5485,3.0199184248819466,1.8371584274353565,0.0,0.0,43.0882325
synthetic_large_zoom,spair|glunet|True|False,spair,glunet|True|False,4.5811,-1.0394926034124883,-0.63237224584655,0.0,0.0,56.88062875000001
synthetic_large_zoom,spair|glunet|True|True,spair,glunet|True|True,3.6447,-1.0394926034124883,-0.63237224584655,0.0,0.0,60.4623275
synthetic_large_zoom,spair|raft|True|False,spair,raft|True|False,2.9715,3.0199184248819466,1.8371584274353565,0.0,0.0,37.9659584375
synthetic_large_zoom,synthetic|catspp|False|False,synthetic,catspp|False|False,39.135,3.304627804456974,1.764068297878766,0.0,0.0,38.38935125
synthetic_large_zoom,synthetic|catspp|False|True,synthetic,catspp|False|True,48.6509,3.304627804456974,1.764068297878766,0.0,0.0,39.320268125
synthetic_large_zoom,synthetic|catspp|True|False,synthetic,catspp|True|False,63.3596,0.12536687047317366,0.06692303487482779,0.0,0.0,62.908108125
synthetic_large_zoom,synthetic|catspp|True|True,synthetic,catspp|True|True,61.0204,0.12536687047317366,0.06692303487482779,0.0,0.0,63.61734125
synthetic_large_zoom,synthetic|glunet|False|False,synthetic,glunet|False|False,18.5281,3.304627804456974,1.764068297878766,0.0,0.0,44.87246125
synthetic_large_zoom,synthetic|glunet|False|True,synthetic,glunet|False|True,15.7459,3.304627804456974,1.764068297878766,0.0,0.0,41.91606125
synthetic_large_zoom,synthetic|glunet|True|False,synthetic,glunet|True|False,25.3843,0.12536687047317366,0.06692303487482779,0.0,0.0,54.20498250000001
synthetic_large_zoom,synthetic|glunet|True|True,synthetic,glunet|True|True,18.4805,0.12536687047317366,0.06692303487482779,0.0,0.0,58.21484625000001
synthetic_large_zoom,synthetic|raft|True|False,synthetic,raft|True|False,51.426,3.304627804456974,1.764068297878766,0.0,0.0,36.06413609375
synthetic_large_zoom,tss|catspp|False|False,tss,catspp|False|False,33.0076,3.0228327946379956,1.8123093376037318,0.0,0.0,37.993841875
synthetic_large_zoom,tss|catspp|False|True,tss,catspp|False|True,37.3118,3.0228327946379956,1.8123093376037318,0.0,0.0,38.929164375
synthetic_large_zoom,tss|catspp|True|False,tss,catspp|True|False,67.8898,2.525229444587269,1.5139761981328705,0.0,0.0,60.819036874999995
synthetic_large_zoom,tss|catspp|True|True,tss,catspp|True|True,68.6688,2.525229444587269,1.5139761981328705,0.0,0.0,61.37161875
synthetic_large_zoom,tss|glunet|False|False,tss,glunet|False|False,32.7962,3.0228327946379956,1.8123093376037318,0.0,0.0,43.7056975
synthetic_large_zoom,tss|glunet|False|True,tss,glunet|False|True,27.4139,3.0228327946379956,1.8123093376037318,0.0,0.0,40.591337499999995
synthetic_large_zoom,tss|glunet|True|False,tss,glunet|True|False,49.3439,2.525229444587269,1.5139761981328705,0.0,0.0,51.870158749999995
synthetic_large_zoom,tss|glunet|True|True,tss,glunet|True|True,34.6233,2.525229444587269,1.5139761981328705,0.0,0.0,55.01449
synthetic_large_zoom,tss|raft|True|False,tss,raft|True|False,25.936,3.0228327946379956,1.8123093376037318,0.0,0.0,35.69801296875
synthetic_random_flipping,flyingthings|catspp|False|False,flyingthings,catspp|False|False,43.8954,1.3812835781727206,0.7098404141312583,0.0,0.0,35.531418125
synthetic_random_flipping,flyingthings|catspp|False|True,flyingthings,catspp|False|True,50.8063,1.3812835781727206,0.7098404141312583,0.0,0.0,36.7677575
synthetic_random_flipping,flyingthings|catspp|True|False,flyingthings,catspp|True|False,83.2946,4.359528982046586,2.240358103820313,0.0,0.0,58.721666875
synthetic_random_flipping,flyingthings|catspp|True|True,flyingthings,catspp|True|True,80.7323,4.359528982046586,2.240358103820313,0.0,0.0,59.660073125
synthetic_random_flipping,flyingthings|glunet|False|False,flyingthings,glunet|False|False,63.9418,1.3812835781727206,0.7098404141312583,0.0,0.0,39.6770775
synthetic_random_flipping,flyingthings|glunet|False|True,flyingthings,glunet|False|True,50.412,1.3812835781727206,0.7098404141312583,0.0,0.0,37.5447975
synthetic_random_flipping,flyingthings|glunet|True|False,flyingthings,glunet|True|False,81.6246,4.359528982046586,2.240358103820313,0.0,0.0,48.595808749999996
synthetic_random_flipping,flyingthings|glunet|True|True,flyingthings,glunet|True|True,77.2625,4.359528982046586,2.240358103820313,0.0,0.0,51.651955
synthetic_random_flipping,flyingthings|raft|True|False,flyingthings,raft|True|False,54.9845,1.3812835781727206,0.7098404141312583,0.0,0.0,32.90354515625
synthetic_random_flipping,kitti2012|catspp|False|False,kitti2012,catspp|False|False,62.5595,-29.973693192209964,-20.07038754065638,0.0,0.0,33.179854999999996
synthetic_random_flipping,kitti2012|catspp|False|True,kitti2012,catspp|False|True,71.5744,-29.973693192209964,-20.07038754065638,0.0,0.0,34.308005
synthetic_random_flipping,kitti2012|catspp|True|False,kitti2012,catspp|True|False,97.9034,3.0433494363982954,2.0378270444840183,0.0,0.0,56.726258125
synthetic_random_flipping,kitti2012|catspp|True|True,kitti2012,catspp|True|True,95.9432,3.0433494363982954,2.0378270444840183,0.0,0.0,57.706658749999995
synthetic_random_flipping,kitti2012|glunet|False|False,kitti2012,glunet|False|False,95.0148,-29.973693192209964,-20.07038754065638,0.0,0.0,36.287425
synthetic_random_flipping,kitti2012|glunet|False|True,kitti2012,glunet|False|True,83.8602,-29.973693192209964,-20.07038754065638,0.0,0.0,33.76086875
synthetic_random_flipping,kitti2012|glunet|True|False,kitti2012,glunet|True|False,98.9943,3.0433494363982954,2.0378270444840183,0.0,0.0,45.658637500000005
synthetic_random_flipping,kitti2012|glunet|True|True,kitti2012,glunet|True|True,98.8084,3.0433494363982954,2.0378270444840183,0.0,0.0,48.58057375
synthetic_random_flipping,kitti2012|raft|True|False,kitti2012,raft|True|False,86.3393,-29.973693192209964,-20.07038754065638,0.0,0.0,29.736628593749998
synthetic_random_flipping,kitti2015|catspp|False|False,kitti2015,catspp|False|False,72.005,-31.818180158132463,-20.00159144904695,0.0,0.0,33.009677499999995
synthetic_random_flipping,kitti2015|catspp|False|True,kitti2015,catspp|False|True,78.5201,-31.818180158132463,-20.00159144904695,0.0,0.0,34.27837875
synthetic_random_flipping,kitti2015|catspp|True|False,kitti2015,catspp|True|False,97.1466,3.141632792164887,1.9748978502074983,0.0,0.0,56.805588750000005
synthetic_random_flipping,kitti2015|catspp|True|True,kitti2015,catspp|True|True,95.5148,3.141632792164887,1.9748978502074983,0.0,0.0,57.81473999999999
synthetic_random_flipping,kitti2015|glunet|False|False,kitti2015,glunet|False|False,90.6756,-31.818180158132463,-20.00159144904695,0.0,0.0,36.804528749999996
synthetic_random_flipping,kitti2015|glunet|False|True,kitti2015,glunet|False|True,84.0249,-31.818180158132463,-20.00159144904695,0.0,0.0,34.355785
synthetic_random_flipping,kitti2015|glunet|True|False,kitti2015,glunet|True|False,97.5133,3.141632792164887,1.9748978502074983,0.0,0.0,45.9008925
synthetic_random_flipping,kitti2015|glunet|True|True,kitti2015,glunet|True|True,97.2046,3.141632792164887,1.9748978502074983,0.0,0.0,48.839055
synthetic_random_flipping,kitti2015|raft|True|False,kitti2015,raft|True|False,85.0135,-31.818180158132463,-20.00159144904695,0.0,0.0,30.053570625
synthetic_random_flipping,pfpascal|catspp|False|False,pfpascal,catspp|False|False,5.3233,-16.237827139424144,-9.541041470386473,0.0,0.0,41.33899875
synthetic_random_flipping,pfpascal|catspp|False|True,pfpascal,catspp|False|True,6.5354,-16.237827139424144,-9.541041470386473,0.0,0.0,42.62726875
synthetic_random_flipping,pfpascal|catspp|True|False,pfpascal,catspp|True|False,39.4059,4.433822621893635,2.605230684166839,0.0,0.0,63.171179374999994
synthetic_random_flipping,pfpascal|catspp|True|True,pfpascal,catspp|True|True,38.0521,4.433822621893635,2.605230684166839,0.0,0.0,63.784694375
synthetic_random_flipping,pfpascal|glunet|False|False,pfpascal,glunet|False|False,8.1688,-16.237827139424144,-9.541041470386473,0.0,0.0,45.4585675
synthetic_random_flipping,pfpascal|glunet|False|True,pfpascal,glunet|False|True,5.604,-16.237827139424144,-9.541041470386473,0.0,0.0,42.58689625
synthetic_random_flipping,pfpascal|glunet|True|False,pfpascal,glunet|True|False,30.4384,4.433822621893635,2.605230684166839,0.0,0.0,53.45442625
synthetic_random_flipping,pfpascal|glunet|True|True,pfpascal,glunet|True|True,32.8035,4.433822621893635,2.605230684166839,0.0,0.0,56.06210625
synthetic_random_flipping,pfpascal|raft|True|False,pfpascal,raft|True|False,7.6938,-16.237827139424144,-9.541041470386473,0.0,0.0,37.6777484375
synthetic_random_flipping,pfwillow|catspp|False|False,pfwillow,catspp|False|False,8.2333,-4.232482653921932,-2.449689182701042,0.0,0.0,41.06134375
synthetic_random_flipping,pfwillow|catspp|False|True,pfwillow,catspp|False|True,8.9444,-4.232482653921932,-2.449689182701042,0.0,0.0,42.311275625
synthetic_random_flipping,pfwillow|catspp|True|False,pfwillow,catspp|True|False,40.1667,4.38954138889917,2.54059211499444,0.0,0.0,62.74589687500001
synthetic_random_flipping,pfwillow|catspp|True|True,pfwillow,catspp|True|True,40.1,4.38954138889917,2.54059211499444,0.0,0.0,63.459973749999996
synthetic_random_flipping,pfwillow|glunet|False|False,pfwillow,glunet|False|False,13.3667,-4.232482653921932,-2.449689182701042,0.0,0.0,45.01324125
synthetic_random_flipping,pfwillow|glunet|False|True,pfwillow,glunet|False|True,7.7889,-4.232482653921932,-2.449689182701042,0.0,0.0,42.287066249999995
synthetic_random_flipping,pfwillow|glunet|True|False,pfwillow,glunet|True|False,36.342,4.38954138889917,2.54059211499444,0.0,0.0,53.08174
synthetic_random_flipping,pfwillow|glunet|True|True,pfwillow,glunet|True|True,36.9201,4.38954138889917,2.54059211499444,0.0,0.0,55.74295125
synthetic_random_flipping,pfwillow|raft|True|False,pfwillow,raft|True|False,13.5556,-4.232482653921932,-2.449689182701042,0.0,0.0,37.319890625
synthetic_random_flipping,pointodyssey|catspp|False|False,pointodyssey,catspp|False|False,17.1954,-11.795201175061916,-5.688808446774413,0.0,0.0,36.967820625
synthetic_random_flipping,pointodyssey|catspp|False|True,pointodyssey,catspp|False|True,17.5356,-11.795201175061916,-5.688808446774413,0.0,0.0,37.387425
synthetic_random_flipping,pointodyssey|catspp|True|False,pointodyssey,catspp|True|False,48.4592,4.444692853299685,2.1436689270402702,0.0,0.0,61.369280625
synthetic_random_flipping,pointodyssey|catspp|True|True,pointodyssey,catspp|True|True,48.5201,4.444692853299685,2.1436689270402702,0.0,0.0,62.306051249999996
synthetic_random_flipping,pointodyssey|glunet|False|False,pointodyssey,glunet|False|False,88.4868,-11.795201175061916,-5.688808446774413,0.0,0.0,37.102199999999996
synthetic_random_flipping,pointodyssey|glunet|False|True,pointodyssey,glunet|False|True,78.4489,-11.795201175061916,-5.688808446774413,0.0,0.0,34.82712375
synthetic_random_flipping,pointodyssey|glunet|True|False,pointodyssey,glunet|True|False,97.2085,4.444692853299685,2.1436689270402702,0.0,0.0,46.2335575
synthetic_random_flipping,pointodyssey|glunet|True|True,pointodyssey,glunet|True|True,95.8802,4.444692853299685,2.1436689270402702,0.0,0.0,49.27194625
synthetic_random_flipping,pointodyssey|raft|True|False,pointodyssey,raft|True|False,33.6102,-11.795201175061916,-5.688808446774413,0.0,0.0,33.9055965625
synthetic_random_flipping,spair|catspp|False|False,spair,catspp|False|False,3.3223,3.657949879752295,2.0657245705976703,0.0,0.0,42.446289375
synthetic_random_flipping,spair|catspp|False|True,spair,catspp|False|True,3.4986,3.657949879752295,2.0657245705976703,0.0,0.0,43.736159375
synthetic_random_flipping,spair|catspp|True|False,spair,catspp|True|False,23.9303,4.4447886209467296,2.51006967488148,0.0,0.0,66.053386875
synthetic_random_flipping,spair|catspp|True|True,spair,catspp|True|True,25.8495,4.4447886209467296,2.51006967488148,0.0,0.0,66.89536749999999
synthetic_random_flipping,spair|glunet|False|False,spair,glunet|False|False,3.3198,3.657949879752295,2.0657245705976703,0.0,0.0,46.62145375
synthetic_random_flipping,spair|glunet|False|True,spair,glunet|False|True,2.7843,3.657949879752295,2.0657245705976703,0.0,0.0,43.7953275
synthetic_random_flipping,spair|glunet|True|False,spair,glunet|True|False,12.1407,4.4447886209467296,2.51006967488148,0.0,0.0,55.75383624999999
synthetic_random_flipping,spair|glunet|True|True,spair,glunet|True|True,14.4483,4.4447886209467296,2.51006967488148,0.0,0.0,58.90698999999999
synthetic_random_flipping,spair|raft|True|False,spair,raft|True|False,2.895,3.657949879752295,2.0657245705976703,0.0,0.0,38.8501796875
synthetic_random_flipping,synthetic|catspp|False|False,synthetic,catspp|False|False,19.2799,4.53396592420516,2.4100879348738102,0.0,0.0,40.000485
synthetic_random_flipping,synthetic|catspp|False|True,synthetic,catspp|False|True,21.8158,4.53396592420516,2.4100879348738102,0.0,0.0,41.185994375
synthetic_random_flipping,synthetic|catspp|True|False,synthetic,catspp|True|False,84.9434,4.774745133200915,2.5380772220166916,0.0,0.0,63.081994375
synthetic_random_flipping,synthetic|catspp|True|True,synthetic,catspp|True|True,70.9568,4.774745133200915,2.5380772220166916,0.0,0.0,64.02337
synthetic_random_flipping,synthetic|glunet|False|False,synthetic,glunet|False|False,33.5541,4.53396592420516,2.4100879348738102,0.0,0.0,45.13447625
synthetic_random_flipping,synthetic|glunet|False|True,synthetic,glunet|False|True,16.7068,4.53396592420516,2.4100879348738102,0.0,0.0,42.632220000000004
synthetic_random_flipping,synthetic|glunet|True|False,synthetic,glunet|True|False,71.1258,4.774745133200915,2.5380772220166916,0.0,0.0,53.55546375
synthetic_random_flipping,synthetic|glunet|True|True,synthetic,glunet|True|True,54.0369,4.774745133200915,2.5380772220166916,0.0,0.0,56.96891875
synthetic_random_flipping,synthetic|raft|True|False,synthetic,raft|True|False,24.5252,4.53396592420516,2.4100879348738102,0.0,0.0,36.613053593749996
synthetic_random_flipping,tss|catspp|False|False,tss,catspp|False|False,11.4546,1.3734198996191196,0.7758256007903607,0.0,0.0,39.583751875000004
synthetic_random_flipping,tss|catspp|False|True,tss,catspp|False|True,15.3875,1.3734198996191196,0.7758256007903607,0.0,0.0,40.856275625
synthetic_random_flipping,tss|catspp|True|False,tss,catspp|True|False,67.4824,4.4237953065224,2.4989398015917184,0.0,0.0,60.718033125
synthetic_random_flipping,tss|catspp|True|True,tss,catspp|True|True,68.1239,4.4237953065224,2.4989398015917184,0.0,0.0,61.64663125
synthetic_random_flipping,tss|glunet|False|False,tss,glunet|False|False,26.1956,1.3734198996191196,0.7758256007903607,0.0,0.0,43.697379999999995
synthetic_random_flipping,tss|glunet|False|True,tss,glunet|False|True,14.4363,1.3734198996191196,0.7758256007903607,0.0,0.0,41.133265
synthetic_random_flipping,tss|glunet|True|False,tss,glunet|True|False,66.03,4.4237953065224,2.4989398015917184,0.0,0.0,50.8574475
synthetic_random_flipping,tss|glunet|True|True,tss,glunet|True|True,68.4478,4.4237953065224,2.4989398015917184,0.0,0.0,53.74691375
synthetic_random_flipping,tss|raft|True|False,tss,raft|True|False,18.9126,1.3734198996191196,0.7758256007903607,0.0,0.0,36.49539796875
synthetic_small_zoom,flyingthings|catspp|False|False,flyingthings,catspp|False|False,66.7727,3.523886451265081,1.9277597330967748,0.0,0.0,33.679950625
synthetic_small_zoom,flyingthings|catspp|False|True,flyingthings,catspp|False|True,70.0137,3.523886451265081,1.9277597330967748,0.0,0.0,35.15745625
synthetic_small_zoom,flyingthings|catspp|True|False,flyingthings,catspp|True|False,81.3255,3.068395271741871,1.6785810019403367,0.0,0.0,58.924599375
synthetic_small_zoom,flyingthings|catspp|True|True,flyingthings,catspp|True|True,81.1893,3.068395271741871,1.6785810019403367,0.0,0.0,59.610473125
synthetic_small_zoom,flyingthings|glunet|False|False,flyingthings,glunet|False|False,64.6211,3.523886451265081,1.9277597330967748,0.0,0.0,39.382917500000005
synthetic_small_zoom,flyingthings|glunet|False|True,flyingthings,glunet|False|True,57.9755,3.523886451265081,1.9277597330967748,0.0,0.0,36.82743875
synthetic_small_zoom,flyingthings|glunet|True|False,flyingthings,glunet|True|False,75.9953,3.068395271741871,1.6785810019403367,0.0,0.0,49.572751249999996
synthetic_small_zoom,flyingthings|glunet|True|True,flyingthings,glunet|True|True,72.6252,3.068395271741871,1.6785810019403367,0.0,0.0,52.484113750000006
synthetic_small_zoom,flyingthings|raft|True|False,flyingthings,raft|True|False,63.0829,3.523886451265081,1.9277597330967748,0.0,0.0,31.537880156249997
synthetic_small_zoom,kitti2012|catspp|False|False,kitti2012,catspp|False|False,90.3601,-0.42742772919870614,-0.28217571923700535,0.0,0.0,31.389928750000003
synthetic_small_zoom,kitti2012|catspp|False|True,kitti2012,catspp|False|True,91.7972,-0.42742772919870614,-0.28217571923700535,0.0,0.0,32.71039625
synthetic_small_zoom,kitti2012|catspp|True|False,kitti2012,catspp|True|False,98.6145,2.7005750804800077,1.7828434227151422,0.0,0.0,56.962693125
synthetic_small_zoom,kitti2012|catspp|True|True,kitti2012,catspp|True|True,98.7183,2.7005750804800077,1.7828434227151422,0.0,0.0,57.686035000000004
synthetic_small_zoom,kitti2012|glunet|False|False,kitti2012,glunet|False|False,98.5049,-0.42742772919870614,-0.28217571923700535,0.0,0.0,36.0284
synthetic_small_zoom,kitti2012|glunet|False|True,kitti2012,glunet|False|True,98.3756,-0.42742772919870614,-0.28217571923700535,0.0,0.0,33.13040875
synthetic_small_zoom,kitti2012|glunet|True|False,kitti2012,glunet|True|False,99.1933,2.7005750804800077,1.7828434227151422,0.0,0.0,46.70843375
synthetic_small_zoom,kitti2012|glunet|True|True,kitti2012,glunet|True|True,99.0835,2.7005750804800077,1.7828434227151422,0.0,0.0,49.4741375
synthetic_small_zoom,kitti2012|raft|True|False,kitti2012,raft|True|False,98.2173,-0.42742772919870614,-0.28217571923700535,0.0,0.0,28.418208593750002
synthetic_small_zoom,kitti2015|catspp|False|False,kitti2015,catspp|False|False,88.7903,-1.579241197501209,-0.9561085971143014,0.0,0.0,31.082060000000002
synthetic_small_zoom,kitti2015|catspp|False|True,kitti2015,catspp|False|True,88.9381,-1.579241197501209,-0.9561085971143014,0.0,0.0,32.55821
synthetic_small_zoom,kitti2015|catspp|True|False,kitti2015,catspp|True|False,97.692,2.7478228378283127,1.6635945432221793,0.0,0.0,57.039952500000005
synthetic_small_zoom,kitti2015|catspp|True|True,kitti2015,catspp|True|True,97.817,2.7478228378283127,1.6635945432221793,0.0,0.0,57.788205000000005
synthetic_small_zoom,kitti2015|glunet|False|False,kitti2015,glunet|False|False,95.5117,-1.579241197501209,-0.9561085971143014,0.0,0.0,36.56232875
synthetic_small_zoom,kitti2015|glunet|False|True,kitti2015,glunet|False|True,92.7311,-1.579241197501209,-0.9561085971143014,0.0,0.0,33.65271
synthetic_small_zoom,kitti2015|glunet|True|False,kitti2015,glunet|True|False,98.1319,2.7478228378283127,1.6635945432221793,0.0,0.0,46.95593375
synthetic_small_zoom,kitti2015|glunet|True|True,kitti2015,glunet|True|True,97.9048,2.7478228378283127,1.6635945432221793,0.0,0.0,49.7379325
synthetic_small_zoom,kitti2015|raft|True|False,kitti2015,raft|True|False,92.9642,-1.579241197501209,-0.9561085971143014,0.0,0.0,28.686059375000003
synthetic_small_zoom,pfpascal|catspp|False|False,pfpascal,catspp|False|False,15.9431,2.4564707236804346,1.5427726118945062,0.0,0.0,39.334312499999996
synthetic_small_zoom,pfpascal|catspp|False|True,pfpascal,catspp|False|True,18.9586,2.4564707236804346,1.5427726118945062,0.0,0.0,40.932165
synthetic_small_zoom,pfpascal|catspp|True|False,pfpascal,catspp|True|False,46.1154,1.7728399793417313,1.11342217069136,0.0,0.0,63.482594375
synthetic_small_zoom,pfpascal|catspp|True|True,pfpascal,catspp|True|True,47.1207,1.7728399793417313,1.11342217069136,0.0,0.0,63.842739374999994
synthetic_small_zoom,pfpascal|glunet|False|False,pfpascal,glunet|False|False,20.2654,2.4564707236804346,1.5427726118945062,0.0,0.0,45.30712375
synthetic_small_zoom,pfpascal|glunet|False|True,pfpascal,glunet|False|True,15.6204,2.4564707236804346,1.5427726118945062,0.0,0.0,41.90019875
synthetic_small_zoom,pfpascal|glunet|True|False,pfpascal,glunet|True|False,26.2712,1.7728399793417313,1.11342217069136,0.0,0.0,54.449645
synthetic_small_zoom,pfpascal|glunet|True|True,pfpascal,glunet|True|True,31.3731,1.7728399793417313,1.11342217069136,0.0,0.0,56.93435125
synthetic_small_zoom,pfpascal|raft|True|False,pfpascal,raft|True|False,17.4659,2.4564707236804346,1.5427726118945062,0.0,0.0,36.3330046875
synthetic_small_zoom,pfwillow|catspp|False|False,pfwillow,catspp|False|False,19.4444,2.0473058152801396,1.2949959518118535,0.0,0.0,39.06404875
synthetic_small_zoom,pfwillow|catspp|False|True,pfwillow,catspp|False|True,20.5333,2.0473058152801396,1.2949959518118535,0.0,0.0,40.605743125
synthetic_small_zoom,pfwillow|catspp|True|False,pfwillow,catspp|True|False,48.7889,1.7405007360762943,1.100930496324477,0.0,0.0,63.081220625
synthetic_small_zoom,pfwillow|catspp|True|True,pfwillow,catspp|True|True,48.6889,1.7405007360762943,1.100930496324477,0.0,0.0,63.5120225
synthetic_small_zoom,pfwillow|glunet|False|False,pfwillow,glunet|False|False,21.063,2.0473058152801396,1.2949959518118535,0.0,0.0,44.806793750000004
synthetic_small_zoom,pfwillow|glunet|False|True,pfwillow,glunet|False|True,16.9778,2.0473058152801396,1.2949959518118535,0.0,0.0,41.590025000000004
synthetic_small_zoom,pfwillow|glunet|True|False,pfwillow,glunet|True|False,29.3389,1.7405007360762943,1.100930496324477,0.0,0.0,54.04151
synthetic_small_zoom,pfwillow|glunet|True|True,pfwillow,glunet|True|True,31.6222,1.7405007360762943,1.100930496324477,0.0,0.0,56.5668525
synthetic_small_zoom,pfwillow|raft|True|False,pfwillow,raft|True|False,18.7,2.0473058152801396,1.2949959518118535,0.0,0.0,35.917300625
synthetic_small_zoom,pointodyssey|catspp|False|False,pointodyssey,catspp|False|False,46.4111,3.244056629886405,1.7068485127565822,0.0,0.0,35.195583125
synthetic_small_zoom,pointodyssey|catspp|False|True,pointodyssey,catspp|False|True,39.8187,3.244056629886405,1.7068485127565822,0.0,0.0,35.81557
synthetic_small_zoom,pointodyssey|catspp|True|False,pointodyssey,catspp|True|False,45.3383,3.2538765535939613,1.7120152296446942,0.0,0.0,61.557815625
synthetic_small_zoom,pointodyssey|catspp|True|True,pointodyssey,catspp|True|True,47.995,3.2538765535939613,1.7120152296446942,0.0,0.0,62.244175
synthetic_small_zoom,pointodyssey|glunet|False|False,pointodyssey,glunet|False|False,87.5416,3.244056629886405,1.7068485127565822,0.0,0.0,36.78773375
synthetic_small_zoom,pointodyssey|glunet|False|True,pointodyssey,glunet|False|True,80.8978,3.244056629886405,1.7068485127565822,0.0,0.0,34.0458325
synthetic_small_zoom,pointodyssey|glunet|True|False,pointodyssey,glunet|True|False,92.6605,3.2538765535939613,1.7120152296446942,0.0,0.0,47.22401625
synthetic_small_zoom,pointodyssey|glunet|True|True,pointodyssey,glunet|True|True,90.8588,3.2538765535939613,1.7120152296446942,0.0,0.0,50.099303750000004
synthetic_small_zoom,pointodyssey|raft|True|False,pointodyssey,raft|True|False,65.6666,3.244056629886405,1.7068485127565822,0.0,0.0,32.8394065625
synthetic_small_zoom,spair|catspp|False|False,spair,catspp|False|False,3.622,3.0051583190296567,1.8487631393475374,0.0,0.0,40.312601875
synthetic_small_zoom,spair|catspp|False|True,spair,catspp|False|True,3.8854,3.0051583190296567,1.8487631393475374,0.0,0.0,41.890600625000005
synthetic_small_zoom,spair|catspp|True|False,spair,catspp|True|False,20.7809,-3.014465870114158,-1.8544891130021213,0.0,0.0,66.24156562499999
synthetic_small_zoom,spair|catspp|True|True,spair,catspp|True|True,20.6206,-3.014465870114158,-1.8544891130021213,0.0,0.0,66.77469375000001
synthetic_small_zoom,spair|glunet|False|False,spair,glunet|False|False,3.0311,3.0051583190296567,1.8487631393475374,0.0,0.0,46.31519375
synthetic_small_zoom,spair|glunet|False|True,spair,glunet|False|True,2.408,3.0051583190296567,1.8487631393475374,0.0,0.0,42.97872125
synthetic_small_zoom,spair|glunet|True|False,spair,glunet|True|False,4.3584,-3.014465870114158,-1.8544891130021213,0.0,0.0,56.70386625
synthetic_small_zoom,spair|glunet|True|True,spair,glunet|True|True,5.8067,-3.014465870114158,-1.8544891130021213,0.0,0.0,59.689094999999995
synthetic_small_zoom,spair|raft|True|False,spair,raft|True|False,2.7395,3.0051583190296567,1.8487631393475374,0.0,0.0,37.3813409375
synthetic_small_zoom,synthetic|catspp|False|False,synthetic,catspp|False|False,49.4854,3.3078435426483432,1.8386369279768076,0.0,0.0,38.24062
synthetic_small_zoom,synthetic|catspp|False|True,synthetic,catspp|False|True,50.3084,3.3078435426483432,1.8386369279768076,0.0,0.0,39.691758125
synthetic_small_zoom,synthetic|catspp|True|False,synthetic,catspp|True|False,61.0298,-0.9017510699711232,-0.5012307250070449,0.0,0.0,63.010620625
synthetic_small_zoom,synthetic|catspp|True|True,synthetic,catspp|True|True,60.9373,-0.9017510699711232,-0.5012307250070449,0.0,0.0,63.842813750000005
synthetic_small_zoom,synthetic|glunet|False|False,synthetic,glunet|False|False,16.7571,3.3078435426483432,1.8386369279768076,0.0,0.0,44.6218625
synthetic_small_zoom,synthetic|glunet|False|True,synthetic,glunet|False|True,14.039,3.3078435426483432,1.8386369279768076,0.0,0.0,41.786970000000004
synthetic_small_zoom,synthetic|glunet|True|False,synthetic,glunet|True|False,26.6724,-0.9017510699711232,-0.5012307250070449,0.0,0.0,54.047105
synthetic_small_zoom,synthetic|glunet|True|True,synthetic,glunet|True|True,23.5695,-0.9017510699711232,-0.5012307250070449,0.0,0.0,57.47820125
synthetic_small_zoom,synthetic|raft|True|False,synthetic,raft|True|False,54.0896,3.3078435426483432,1.8386369279768076,0.0,0.0,35.51571359375
synthetic_small_zoom,tss|catspp|False|False,tss,catspp|False|False,33.4343,3.1424210326984556,1.8509498011547416,0.0,0.0,37.721064375
synthetic_small_zoom,tss|catspp|False|True,tss,catspp|False|True,38.3962,3.1424210326984556,1.8509498011547416,0.0,0.0,39.293490625
synthetic_small_zoom,tss|catspp|True|False,tss,catspp|True|False,64.8435,2.2523083301522733,1.3266553439067963,0.0,0.0,60.912593125
synthetic_small_zoom,tss|catspp|True|True,tss,catspp|True|True,65.1306,2.2523083301522733,1.3266553439067963,0.0,0.0,61.55390250000001
synthetic_small_zoom,tss|glunet|False|False,tss,glunet|False|False,39.6402,3.1424210326984556,1.8509498011547416,0.0,0.0,43.56278625
synthetic_small_zoom,tss|glunet|False|True,tss,glunet|False|True,29.9933,3.1424210326984556,1.8509498011547416,0.0,0.0,40.515825
synthetic_small_zoom,tss|glunet|True|False,tss,glunet|True|False,55.011,2.2523083301522733,1.3266553439067963,0.0,0.0,51.76701875
synthetic_small_zoom,tss|glunet|True|True,tss,glunet|True|True,51.7585,2.2523083301522733,1.3266553439067963,0.0,0.0,54.428422499999996
synthetic_small_zoom,tss|raft|True|False,tss,raft|True|False,31.9553,3.1424210326984556,1.8509498011547416,0.0,0.0,35.19153671875
