train_dataset,context_id,benchmark,variant,actual,g,g_zridge,g_rank,g_gbm,L
flyingthings,flyingthings|catspp|False|False,flyingthings,catspp|False|False,76.3251,7.133390545931278,5.49017007255224,0.0,0.0,55.625325
flyingthings,flyingthings|catspp|False|True,flyingthings,catspp|False|True,76.5009,7.133390545931278,5.454802512922618,0.0,0.0,56.74702
flyingthings,flyingthings|catspp|True|False,flyingthings,catspp|True|False,85.2977,7.133390545931278,1.6545594978667062,0.0,0.0,79.41964
flyingthings,flyingthings|catspp|True|True,flyingthings,catspp|True|True,85.2894,7.133390545931278,1.1634125650329867,0.0,0.0,79.561265
flyingthings,flyingthings|glunet|False|False,flyingthings,glunet|False|False,79.5401,7.133390545931278,5.690826405732627,0.0,0.0,56.819900000000004
flyingthings,flyingthings|glunet|False|True,flyingthings,glunet|False|True,72.9905,7.133390545931278,4.95867236747207,0.0,0.0,50.307120000000005
flyingthings,flyingthings|glunet|True|False,flyingthings,glunet|True|False,85.8465,7.133390545931278,6.048379618493785,0.0,0.0,63.903150000000004
flyingthings,flyingthings|glunet|True|True,flyingthings,glunet|True|True,81.4831,7.133390545931278,4.172185108700109,0.0,0.0,66.13371
flyingthings,flyingthings|raft|True|False,flyingthings,raft|True|False,79.60585,7.133390545931278,6.8168865257711015,0.0,0.0,47.865115
flyingthings,kitti2012|catspp|False|False,kitti2012,catspp|False|False,94.359,7.209398142121672,11.72589972608053,0.0,0.0,74.50085
flyingthings,kitti2012|catspp|False|True,kitti2012,catspp|False|True,94.1642,7.209398142121672,11.555519818738631,0.0,0.0,76.73552
flyingthings,kitti2012|catspp|True|False,kitti2012,catspp|True|False,98.098,7.209398142121672,2.192622268658196,0.0,0.0,95.56376
flyingthings,kitti2012|catspp|True|True,kitti2012,catspp|True|True,97.709,7.209398142121672,2.057957491452326,0.0,0.0,95.46771
flyingthings,kitti2012|glunet|False|False,kitti2012,glunet|False|False,97.2233,7.209398142121672,12.508558053746393,0.0,0.0,85.2761
flyingthings,kitti2012|glunet|False|True,kitti2012,glunet|False|True,94.0515,7.209398142121672,12.211773897449422,0.0,0.0,81.81727000000001
flyingthings,kitti2012|glunet|True|False,kitti2012,glunet|True|False,99.4901,7.209398142121672,11.320535689454976,0.0,0.0,87.77313
flyingthings,kitti2012|glunet|True|True,kitti2012,glunet|True|True,99.0764,7.209398142121672,7.2122307272776816,0.0,0.0,91.10002
flyingthings,kitti2012|raft|True|False,kitti2012,raft|True|False,96.60025,7.209398142121672,15.744560547079075,0.0,0.0,74.6364875
flyingthings,kitti2015|catspp|False|False,kitti2015,catspp|False|False,91.4836,5.4277619327214754,7.970368042834681,0.0,0.0,77.09436
flyingthings,kitti2015|catspp|False|True,kitti2015,catspp|False|True,91.5434,5.4277619327214754,7.831957397174541,0.0,0.0,77.92918
flyingthings,kitti2015|catspp|True|False,kitti2015,catspp|True|False,96.7896,5.4277619327214754,1.2435606782314588,0.0,0.0,94.984275
flyingthings,kitti2015|catspp|True|True,kitti2015,catspp|True|True,95.7013,5.4277619327214754,1.2151720277851157,0.0,0.0,94.76099
flyingthings,kitti2015|glunet|False|False,kitti2015,glunet|False|False,93.9097,5.4277619327214754,8.213070182937164,0.0,0.0,81.03671
flyingthings,kitti2015|glunet|False|True,kitti2015,glunet|False|True,89.0545,5.4277619327214754,7.57871297687815,0.0,0.0,77.57410999999999
flyingthings,kitti2015|glunet|True|False,kitti2015,glunet|True|False,97.7086,5.4277619327214754,7.321817626460672,0.0,0.0,85.86514
flyingthings,kitti2015|glunet|True|True,kitti2015,glunet|True|True,97.3336,5.4277619327214754,4.90590059028206,0.0,0.0,89.04607
flyingthings,kitti2015|raft|True|False,kitti2015,raft|True|False,91.5495,5.4277619327214754,10.024052673691141,0.0,0.0,72.47344625
flyingthings,pfpascal|catspp|False|False,pfpascal,catspp|False|False,16.4969,-0.20612864606224468,0.8061667239746156,0.0,0.0,11.29029
flyingthings,pfpascal|catspp|False|True,pfpascal,catspp|False|True,16.0706,-0.20612864606224468,0.9142887571701562,0.0,0.0,11.48687
flyingthings,pfpascal|catspp|True|False,pfpascal,catspp|True|False,48.3555,-0.20612864606224468,1.04042199568245,0.0,0.0,43.12889
flyingthings,pfpascal|catspp|True|True,pfpascal,catspp|True|True,50.7447,-0.20612864606224468,0.97423606076798,0.0,0.0,45.750745
flyingthings,pfpascal|glunet|False|False,pfpascal,glunet|False|False,11.2521,-0.20612864606224468,0.9328398828627246,0.0,0.0,11.81948
flyingthings,pfpascal|glunet|False|True,pfpascal,glunet|False|True,14.9872,-0.20612864606224468,0.7803519215425773,0.0,0.0,11.289860000000001
flyingthings,pfpascal|glunet|True|False,pfpascal,glunet|True|False,34.1953,-0.20612864606224468,1.8711731065482196,0.0,0.0,25.08071
flyingthings,pfpascal|glunet|True|True,pfpascal,glunet|True|True,33.9699,-0.20612864606224468,1.905050654471632,0.0,0.0,31.15792
flyingthings,pfpascal|raft|True|False,pfpascal,raft|True|False,13.37085,-0.20612864606224468,0.761737659322233,0.0,0.0,11.56591875
flyingthings,pfwillow|catspp|False|False,pfwillow,catspp|False|False,17.4889,-1.6964255005617905,0.040163522845862915,0.0,0.0,13.70333
flyingthings,pfwillow|catspp|False|True,pfwillow,catspp|False|True,19.0444,-1.6964255005617905,0.04119015846094082,0.0,0.0,13.958335
flyingthings,pfwillow|catspp|True|False,pfwillow,catspp|True|False,51.4778,-1.6964255005617905,0.045970944379259186,0.0,0.0,46.295
flyingthings,pfwillow|catspp|True|True,pfwillow,catspp|True|True,53.4,-1.6964255005617905,0.05065045919497064,0.0,0.0,48.28777
flyingthings,pfwillow|glunet|False|False,pfwillow,glunet|False|False,16.2466,-1.6964255005617905,0.040630406365808336,0.0,0.0,15.402429999999999
flyingthings,pfwillow|glunet|False|True,pfwillow,glunet|False|True,18.3398,-1.6964255005617905,0.03710349468744032,0.0,0.0,13.571729999999999
flyingthings,pfwillow|glunet|True|False,pfwillow,glunet|True|False,35.8302,-1.6964255005617905,0.09972846167069639,0.0,0.0,28.489069999999998
flyingthings,pfwillow|glunet|True|True,pfwillow,glunet|True|True,36.9398,-1.6964255005617905,0.09648522458550293,0.0,0.0,33.82583
flyingthings,pfwillow|raft|True|False,pfwillow,raft|True|False,16.6614,-1.6964255005617905,0.036882860602585804,0.0,0.0,14.685906249999999
flyingthings,pointodyssey|catspp|False|False,pointodyssey,catspp|False|False,46.0158,2.2514392186443946,13.39077420472968,0.0,0.0,44.495034999999994
flyingthings,pointodyssey|catspp|False|True,pointodyssey,catspp|False|True,68.9316,2.2514392186443946,14.749777265498617,0.0,0.0,49.21954
flyingthings,pointodyssey|catspp|True|False,pointodyssey,catspp|True|False,64.7289,2.2514392186443946,9.632023090637489,0.0,0.0,56.81206999999999
flyingthings,pointodyssey|catspp|True|True,pointodyssey,catspp|True|True,59.3461,2.2514392186443946,9.75219748886704,0.0,0.0,57.76655000000001
flyingthings,pointodyssey|glunet|False|False,pointodyssey,glunet|False|False,93.9512,2.2514392186443946,14.821032897599588,0.0,0.0,78.43231
flyingthings,pointodyssey|glunet|False|True,pointodyssey,glunet|False|True,91.9442,2.2514392186443946,14.042342404470288,0.0,0.0,72.95683
flyingthings,pointodyssey|glunet|True|False,pointodyssey,glunet|True|False,97.4434,2.2514392186443946,13.03956096823023,0.0,0.0,83.19986
flyingthings,pointodyssey|glunet|True|True,pointodyssey,glunet|True|True,95.08,2.2514392186443946,8.668615225334953,0.0,0.0,85.67586
flyingthings,pointodyssey|raft|True|False,pointodyssey,raft|True|False,36.1356,2.2514392186443946,13.67381969579205,0.0,0.0,42.05829875
flyingthings,spair|catspp|False|False,spair,catspp|False|False,3.633,1.0455238514032903,0.5308468205879039,0.0,0.0,3.518255
flyingthings,spair|catspp|False|True,spair,catspp|False|True,3.6918,1.0455238514032903,0.6387440867242529,0.0,0.0,3.549945
flyingthings,spair|catspp|True|False,spair,catspp|True|False,19.9484,1.0455238514032903,4.559872303810987,0.0,0.0,21.36438
flyingthings,spair|catspp|True|True,spair,catspp|True|True,19.8812,1.0455238514032903,4.205194408056149,0.0,0.0,22.731450000000002
flyingthings,spair|glunet|False|False,spair,glunet|False|False,2.6105,1.0455238514032903,0.6252437633185715,0.0,0.0,2.89565
flyingthings,spair|glunet|False|True,spair,glunet|False|True,2.7028,1.0455238514032903,0.3119178314275891,0.0,0.0,2.56888
flyingthings,spair|glunet|True|False,spair,glunet|True|False,6.6514,1.0455238514032903,9.052868796236123,0.0,0.0,7.610049999999999
flyingthings,spair|glunet|True|True,spair,glunet|True|True,7.582,1.0455238514032903,6.597720576697914,0.0,0.0,9.20212
flyingthings,spair|raft|True|False,spair,raft|True|False,2.69925,1.0455238514032903,0.5159469565259694,0.0,0.0,2.77374875
flyingthings,synthetic|catspp|False|False,synthetic,catspp|False|False,20.6718,17.023210008930906,32.02959337413614,0.0,0.0,22.97657
flyingthings,synthetic|catspp|False|True,synthetic,catspp|False|True,22.0954,17.023210008930906,36.47308272488609,0.0,0.0,23.942625
flyingthings,synthetic|catspp|True|False,synthetic,catspp|True|False,38.1694,17.023210008930906,41.48459282461122,0.0,0.0,49.41473
flyingthings,synthetic|catspp|True|True,synthetic,catspp|True|True,38.2449,17.023210008930906,29.509862953469327,0.0,0.0,48.38179
flyingthings,synthetic|glunet|False|False,synthetic,glunet|False|False,15.5289,17.023210008930906,23.96354011808049,0.0,0.0,16.52306
flyingthings,synthetic|glunet|False|True,synthetic,glunet|False|True,15.7001,17.023210008930906,10.661489703342136,0.0,0.0,11.96626
flyingthings,synthetic|glunet|True|False,synthetic,glunet|True|False,35.4304,17.023210008930906,45.550297861202274,0.0,0.0,28.21764
flyingthings,synthetic|glunet|True|True,synthetic,glunet|True|True,27.769,17.023210008930906,33.281821103455975,0.0,0.0,26.64685
flyingthings,synthetic|raft|True|False,synthetic,raft|True|False,15.92325,17.023210008930906,46.23091973366021,0.0,0.0,21.511377500000002
flyingthings,tss|catspp|False|False,tss,catspp|False|False,33.5001,2.6433248589940392,3.4481386108967387,0.0,0.0,24.245075
flyingthings,tss|catspp|False|True,tss,catspp|False|True,32.7945,2.6433248589940392,3.731026211010168,0.0,0.0,24.867635
flyingthings,tss|catspp|True|False,tss,catspp|True|False,66.7564,2.6433248589940392,1.2644152867010572,0.0,0.0,63.72162000000001
flyingthings,tss|catspp|True|True,tss,catspp|True|True,66.7002,2.6433248589940392,1.390191468683182,0.0,0.0,64.26688
flyingthings,tss|glunet|False|False,tss,glunet|False|False,26.1161,2.6433248589940392,4.050035474181186,0.0,0.0,26.22526
flyingthings,tss|glunet|False|True,tss,glunet|False|True,32.7723,2.6433248589940392,3.035006285808158,0.0,0.0,22.02363
flyingthings,tss|glunet|True|False,tss,glunet|True|False,58.8215,2.6433248589940392,6.698454331295989,0.0,0.0,46.95308
flyingthings,tss|glunet|True|True,tss,glunet|True|True,54.9733,2.6433248589940392,5.460550512673468,0.0,0.0,51.14355
flyingthings,tss|raft|True|False,tss,raft|True|False,24.11475,2.6433248589940392,2.982736911507717,0.0,0.0,21.0722125
imagenet2dwarp,flyingthings|catspp|False|False,flyingthings,catspp|False|False,57.94145,-4.168721063103429,0.46733609845982327,0.0,0.0,57.46369
imagenet2dwarp,flyingthings|catspp|False|True,flyingthings,catspp|False|True,60.329,-4.168721063103429,0.4623312794938818,0.0,0.0,58.36421
imagenet2dwarp,flyingthings|catspp|True|False,flyingthings,catspp|True|False,78.9297,-4.168721063103429,0.13982458851206817,0.0,0.0,80.05644
imagenet2dwarp,flyingthings|catspp|True|True,flyingthings,catspp|True|True,79.9519,-4.168721063103429,0.10244954277416754,0.0,0.0,80.095015
imagenet2dwarp,flyingthings|glunet|False|False,flyingthings,glunet|False|False,54.827,-4.168721063103429,0.4863072239661225,0.0,0.0,59.29121
imagenet2dwarp,flyingthings|glunet|False|True,flyingthings,glunet|False|True,48.8918,-4.168721063103429,0.43105363000551444,0.0,0.0,52.716989999999996
imagenet2dwarp,flyingthings|glunet|True|False,flyingthings,glunet|True|False,11.3571,-4.168721063103429,0.2835127303625902,0.0,0.0,71.35209
imagenet2dwarp,flyingthings|glunet|True|True,flyingthings,glunet|True|True,66.7997,-4.168721063103429,0.3542616868724856,0.0,0.0,67.60204999999999
imagenet2dwarp,flyingthings|raft|True|False,flyingthings,raft|True|False,4.28145,-4.168721063103429,0.4708300154684901,0.0,0.0,55.397555
imagenet2dwarp,kitti2012|catspp|False|False,kitti2012,catspp|False|False,69.0475,-4.430414495111751,-9.21613581681118,0.0,0.0,77.03200000000001
imagenet2dwarp,kitti2012|catspp|False|True,kitti2012,catspp|False|True,72.7553,-4.430414495111751,-9.041425195867953,0.0,0.0,78.87640999999999
imagenet2dwarp,kitti2012|catspp|True|False,kitti2012,catspp|True|False,92.9336,-4.430414495111751,-1.6633719457408251,0.0,0.0,96.0802
imagenet2dwarp,kitti2012|catspp|True|True,kitti2012,catspp|True|True,93.6996,-4.430414495111751,-1.5757730630281097,0.0,0.0,95.86865
imagenet2dwarp,kitti2012|glunet|False|False,kitti2012,glunet|False|False,83.4869,-4.430414495111751,-9.662653724999073,0.0,0.0,86.64974
imagenet2dwarp,kitti2012|glunet|False|True,kitti2012,glunet|False|True,82.5947,-4.430414495111751,-9.449860986804424,0.0,0.0,82.96295
imagenet2dwarp,kitti2012|glunet|True|False,kitti2012,glunet|True|False,22.7606,-4.430414495111751,-2.351435883499413,0.0,0.0,95.44608
imagenet2dwarp,kitti2012|glunet|True|True,kitti2012,glunet|True|True,93.1941,-4.430414495111751,-5.592165154915827,0.0,0.0,91.68825
imagenet2dwarp,kitti2012|raft|True|False,kitti2012,raft|True|False,13.823675,-4.430414495111751,-9.335386005305466,0.0,0.0,82.91414499999999
imagenet2dwarp,kitti2015|catspp|False|False,kitti2015,catspp|False|False,78.94014999999999,-2.352798951570137,-5.247492896666038,0.0,0.0,78.348705
imagenet2dwarp,kitti2015|catspp|False|True,kitti2015,catspp|False|True,81.1634,-2.352798951570137,-5.147690073711035,0.0,0.0,78.96718000000001
imagenet2dwarp,kitti2015|catspp|True|False,kitti2015,catspp|True|False,92.1125,-2.352798951570137,-0.7808280971282309,0.0,0.0,95.45198500000001
imagenet2dwarp,kitti2015|catspp|True|True,kitti2015,catspp|True|True,93.2336,-2.352798951570137,-0.7790433614109767,0.0,0.0,95.00776
imagenet2dwarp,kitti2015|glunet|False|False,kitti2015,glunet|False|False,85.4709,-2.352798951570137,-5.378292765556993,0.0,0.0,81.88059000000001
imagenet2dwarp,kitti2015|glunet|False|True,kitti2015,glunet|False|True,80.8596,-2.352798951570137,-4.960802438687077,0.0,0.0,78.3936
imagenet2dwarp,kitti2015|glunet|True|False,kitti2015,glunet|True|False,29.7992,-2.352798951570137,-2.1317176462354572,0.0,0.0,92.65608
imagenet2dwarp,kitti2015|glunet|True|True,kitti2015,glunet|True|True,89.5363,-2.352798951570137,-3.2228639046839884,0.0,0.0,89.82579999999999
imagenet2dwarp,kitti2015|raft|True|False,kitti2015,raft|True|False,18.0252125,-2.352798951570137,-5.0806212267616075,0.0,0.0,79.825875
imagenet2dwarp,pfpascal|catspp|False|False,pfpascal,catspp|False|False,9.00725,6.8684926819194745,2.4178544937344344,0.0,0.0,12.039255
imagenet2dwarp,pfpascal|catspp|False|True,pfpascal,catspp|False|True,7.8772,6.8684926819194745,2.636838122671389,0.0,0.0,12.30621
imagenet2dwarp,pfpascal|catspp|True|False,pfpascal,catspp|True|False,34.5998,6.8684926819194745,2.6654378870134066,0.0,0.0,44.50446
imagenet2dwarp,pfpascal|catspp|True|True,pfpascal,catspp|True|True,45.3169,6.8684926819194745,2.9121576618759755,0.0,0.0,46.293525
imagenet2dwarp,pfpascal|glunet|False|False,pfpascal,glunet|False|False,6.0177,6.8684926819194745,2.482273431810691,0.0,0.0,12.342920000000001
imagenet2dwarp,pfpascal|glunet|False|True,pfpascal,glunet|False|True,6.6055,6.8684926819194745,2.144339641819327,0.0,0.0,12.128029999999999
imagenet2dwarp,pfpascal|glunet|True|False,pfpascal,glunet|True|False,5.8954,6.8684926819194745,4.296873525274993,0.0,0.0,27.910700000000002
imagenet2dwarp,pfpascal|glunet|True|True,pfpascal,glunet|True|True,29.9721,6.8684926819194745,5.492653279252099,0.0,0.0,31.5577
imagenet2dwarp,pfpascal|raft|True|False,pfpascal,raft|True|False,5.7248375000000005,6.8684926819194745,1.9350960116966356,0.0,0.0,12.33052
imagenet2dwarp,pfwillow|catspp|False|False,pfwillow,catspp|False|False,11.4111,8.43334014080349,3.1651279618838952,0.0,0.0,14.31111
imagenet2dwarp,pfwillow|catspp|False|True,pfwillow,catspp|False|True,11.5778,8.43334014080349,3.313347477920166,0.0,0.0,14.704995
imagenet2dwarp,pfwillow|catspp|True|False,pfwillow,catspp|True|False,40.8778,8.43334014080349,3.478729651862859,0.0,0.0,47.355000000000004
imagenet2dwarp,pfwillow|catspp|True|True,pfwillow,catspp|True|True,48.9333,8.43334014080349,4.08403754261416,0.0,0.0,48.73444
imagenet2dwarp,pfwillow|glunet|False|False,pfwillow,glunet|False|False,10.8778,8.43334014080349,2.9775633249126847,0.0,0.0,15.93931
imagenet2dwarp,pfwillow|glunet|False|True,pfwillow,glunet|False|True,10.5889,8.43334014080349,2.9511083635251594,0.0,0.0,14.34682
imagenet2dwarp,pfwillow|glunet|True|False,pfwillow,glunet|True|False,10.1,8.43334014080349,6.547657872051507,0.0,0.0,31.06209
imagenet2dwarp,pfwillow|glunet|True|True,pfwillow,glunet|True|True,31.7,8.43334014080349,7.5103253905764715,0.0,0.0,34.349810000000005
imagenet2dwarp,pfwillow|raft|True|False,pfwillow,raft|True|False,6.6805625,8.43334014080349,2.1840463502335425,0.0,0.0,15.68399
imagenet2dwarp,pointodyssey|catspp|False|False,pointodyssey,catspp|False|False,51.33235,-5.925814104566563,-0.5778112366251899,0.0,0.0,43.96338
imagenet2dwarp,pointodyssey|catspp|False|True,pointodyssey,catspp|False|True,48.7736,-5.925814104566563,-0.658102840530382,0.0,0.0,51.235339999999994
imagenet2dwarp,pointodyssey|catspp|True|False,pointodyssey,catspp|True|False,36.487,-5.925814104566563,-0.38035126988527446,0.0,0.0,59.63626000000001
imagenet2dwarp,pointodyssey|catspp|True|True,pointodyssey,catspp|True|True,41.4359,-5.925814104566563,-0.39788580343450797,0.0,0.0,59.55757
imagenet2dwarp,pointodyssey|glunet|False|False,pointodyssey,glunet|False|False,82.9373,-5.925814104566563,-0.6537744532106621,0.0,0.0,79.5337
imagenet2dwarp,pointodyssey|glunet|False|True,pointodyssey,glunet|False|True,78.5324,-5.925814104566563,-0.6263326380539109,0.0,0.0,74.29801
imagenet2dwarp,pointodyssey|glunet|True|False,pointodyssey,glunet|True|False,25.0551,-5.925814104566563,-0.25206680567040524,0.0,0.0,90.43869
imagenet2dwarp,pointodyssey|glunet|True|True,pointodyssey,glunet|True|True,89.2135,-5.925814104566563,-0.38249082963823616,0.0,0.0,86.26250999999999
imagenet2dwarp,pointodyssey|raft|True|False,pointodyssey,raft|True|False,3.8248375,-5.925814104566563,-0.49557802745551116,0.0,0.0,45.289375
imagenet2dwarp,spair|catspp|False|False,spair,catspp|False|False,3.93925,10.725465124796452,0.30786656054338485,0.0,0.0,3.4876300000000002
imagenet2dwarp,spair|catspp|False|True,spair,catspp|False|True,3.9251,10.725465124796452,0.38131538125150277,0.0,0.0,3.5266150000000005
imagenet2dwarp,spair|catspp|True|False,spair,catspp|True|False,16.6978,10.725465124796452,2.5433377438962337,0.0,0.0,21.689439999999998
imagenet2dwarp,spair|catspp|True|True,spair,catspp|True|True,23.1718,10.725465124796452,2.665855431611168,0.0,0.0,22.40239
imagenet2dwarp,spair|glunet|False|False,spair,glunet|False|False,2.6759,10.725465124796452,0.3864520167871547,0.0,0.0,2.88911
imagenet2dwarp,spair|glunet|False|True,spair,glunet|False|True,2.6273,10.725465124796452,0.1937782876337118,0.0,0.0,2.5764299999999998
imagenet2dwarp,spair|glunet|True|False,spair,glunet|True|False,2.8992,10.725465124796452,5.420299959912981,0.0,0.0,7.98527
imagenet2dwarp,spair|glunet|True|True,spair,glunet|True|True,6.6248,10.725465124796452,4.0154377820937475,0.0,0.0,9.29784
imagenet2dwarp,spair|raft|True|False,spair,raft|True|False,2.4022375,10.725465124796452,0.301678860648688,0.0,0.0,2.80345
imagenet2dwarp,synthetic|catspp|False|False,synthetic,catspp|False|False,19.63085,7.962608989723079,7.78339059739506,0.0,0.0,23.080665
imagenet2dwarp,synthetic|catspp|False|True,synthetic,catspp|False|True,19.6472,7.962608989723079,8.844411718964663,0.0,0.0,24.187445
imagenet2dwarp,synthetic|catspp|True|False,synthetic,catspp|True|False,37.1935,7.962608989723079,10.053851475576616,0.0,0.0,49.51232
imagenet2dwarp,synthetic|catspp|True|True,synthetic,catspp|True|True,39.7476,7.962608989723079,7.267817237194897,0.0,0.0,48.23152
imagenet2dwarp,synthetic|glunet|False|False,synthetic,glunet|False|False,9.7372,7.962608989723079,5.657495791781582,0.0,0.0,17.10223
imagenet2dwarp,synthetic|glunet|False|True,synthetic,glunet|False|True,9.3907,7.962608989723079,2.6231412877953724,0.0,0.0,12.597199999999999
imagenet2dwarp,synthetic|glunet|True|False,synthetic,glunet|True|False,6.6755,7.962608989723079,10.10627105836129,0.0,0.0,31.093130000000002
imagenet2dwarp,synthetic|glunet|True|True,synthetic,glunet|True|True,21.0263,7.962608989723079,8.013154356164414,0.0,0.0,27.32112
imagenet2dwarp,synthetic|raft|True|False,synthetic,raft|True|False,4.674075,7.962608989723079,10.749335579044935,0.0,0.0,22.636295
imagenet2dwarp,tss|catspp|False|False,tss,catspp|False|False,21.05095,7.2845736898611095,5.485853702996118,0.0,0.0,25.48999
imagenet2dwarp,tss|catspp|False|True,tss,catspp|False|True,20.9901,7.2845736898611095,5.834916153600961,0.0,0.0,26.048075
imagenet2dwarp,tss|catspp|True|False,tss,catspp|True|False,58.4608,7.2845736898611095,1.718541458924469,0.0,0.0,64.55118
imagenet2dwarp,tss|catspp|True|True,tss,catspp|True|True,63.5068,7.2845736898611095,2.17125971312928,0.0,0.0,64.58622
imagenet2dwarp,tss|glunet|False|False,tss,glunet|False|False,14.8312,7.2845736898611095,5.843516990023107,0.0,0.0,27.35375
imagenet2dwarp,tss|glunet|False|True,tss,glunet|False|True,14.6164,7.2845736898611095,4.764632716141989,0.0,0.0,23.83922
imagenet2dwarp,tss|glunet|True|False,tss,glunet|True|False,11.2237,7.2845736898611095,7.847825824833376,0.0,0.0,51.71286
imagenet2dwarp,tss|glunet|True|True,tss,glunet|True|True,50.4683,7.2845736898611095,8.423265020158212,0.0,0.0,51.59405
imagenet2dwarp,tss|raft|True|False,tss,raft|True|False,7.744925,7.284573689861102,3.8294507310359553,0.0,0.0,22.709195
movi_f,flyingthings|catspp|False|False,flyingthings,catspp|False|False,61.2423,11.522791506486113,12.427146049477516,0.0,0.0,57.133605
movi_f,flyingthings|catspp|False|True,flyingthings,catspp|False|True,61.1514,11.522791506486113,12.311528012275135,0.0,0.0,58.28197
movi_f,flyingthings|catspp|True|False,flyingthings,catspp|True|False,77.7052,11.522791506486113,3.70182399099224,0.0,0.0,80.17889
movi_f,flyingthings|catspp|True|True,flyingthings,catspp|True|True,77.9071,11.522791506486113,2.6916560702085217,0.0,0.0,80.29949500000001
movi_f,flyingthings|glunet|False|False,flyingthings,glunet|False|False,41.9398,11.522791506486113,12.492886551681085,0.0,0.0,60.579930000000004
movi_f,flyingthings|glunet|False|True,flyingthings,glunet|False|True,43.0123,11.522791506486113,11.340420138052483,0.0,0.0,53.30494
movi_f,flyingthings|glunet|True|False,flyingthings,glunet|True|False,39.164,11.522791506486113,12.474611305891989,0.0,0.0,68.57140000000001
movi_f,flyingthings|glunet|True|True,flyingthings,glunet|True|True,39.106,11.522791506486113,7.340271458524176,0.0,0.0,70.37142
movi_f,flyingthings|raft|True|False,flyingthings,raft|True|False,38.9566,11.522791506486113,15.667330188940323,0.0,0.0,51.93004
movi_f,kitti2012|catspp|False|False,kitti2012,catspp|False|False,86.277,13.335030403704502,20.965811545363195,0.0,0.0,75.30905
movi_f,kitti2012|catspp|False|True,kitti2012,catspp|False|True,86.332,13.335030403704502,20.592710509696715,0.0,0.0,77.51874000000001
movi_f,kitti2012|catspp|True|False,kitti2012,catspp|True|False,94.5198,13.335030403704502,3.8740329991389593,0.0,0.0,95.92157999999999
movi_f,kitti2012|catspp|True|True,kitti2012,catspp|True|True,95.7835,13.335030403704502,3.6465711196011354,0.0,0.0,95.66026000000001
movi_f,kitti2012|glunet|False|False,kitti2012,glunet|False|False,83.278,13.335030403704502,22.078647809511818,0.0,0.0,86.67063
movi_f,kitti2012|glunet|False|True,kitti2012,glunet|False|True,83.3858,13.335030403704502,21.594589954880718,0.0,0.0,82.88383999999999
movi_f,kitti2012|glunet|True|False,kitti2012,glunet|True|False,78.7366,13.335030403704502,19.815743476194847,0.0,0.0,89.84848
movi_f,kitti2012|glunet|True|True,kitti2012,glunet|True|True,73.9202,13.335030403704502,11.66694697730408,0.0,0.0,93.61564000000001
movi_f,kitti2012|raft|True|False,kitti2012,raft|True|False,81.5116,13.335030403704502,28.10041667595962,0.0,0.0,76.1453525
movi_f,kitti2015|catspp|False|False,kitti2015,catspp|False|False,84.7086,10.046237090483531,13.457491772857527,0.0,0.0,77.77185999999999
movi_f,kitti2015|catspp|False|True,kitti2015,catspp|False|True,83.9623,10.046237090483531,13.228569112890158,0.0,0.0,78.68729
movi_f,kitti2015|catspp|True|False,kitti2015,catspp|True|False,94.1351,10.046237090483531,2.085915099072504,0.0,0.0,95.249725
movi_f,kitti2015|catspp|True|True,kitti2015,catspp|True|True,94.8194,10.046237090483531,2.030327275063407,0.0,0.0,94.84918
movi_f,kitti2015|glunet|False|False,kitti2015,glunet|False|False,71.5137,10.046237090483531,13.707783234444182,0.0,0.0,83.27631
movi_f,kitti2015|glunet|False|True,kitti2015,glunet|False|True,72.591,10.046237090483531,12.728152181733032,0.0,0.0,79.22046
movi_f,kitti2015|glunet|True|False,kitti2015,glunet|True|False,65.3127,10.046237090483531,11.636797341765304,0.0,0.0,89.10472999999999
movi_f,kitti2015|glunet|True|True,kitti2015,glunet|True|True,61.7536,10.046237090483531,6.266908032043102,0.0,0.0,92.60407000000001
movi_f,kitti2015|raft|True|False,kitti2015,raft|True|False,70.4775,10.046237090483531,17.01269986236757,0.0,0.0,74.58064625
movi_f,pfpascal|catspp|False|False,pfpascal,catspp|False|False,10.5168,0.5632046528099824,0.013245710166059726,0.0,0.0,11.8883
movi_f,pfpascal|catspp|False|True,pfpascal,catspp|False|True,8.1291,0.5632046528099824,0.014278113020513511,0.0,0.0,12.281020000000002
movi_f,pfpascal|catspp|True|False,pfpascal,catspp|True|False,34.8945,0.5632046528099824,0.014534992306001165,0.0,0.0,44.474990000000005
movi_f,pfpascal|catspp|True|True,pfpascal,catspp|True|True,38.85,0.5632046528099824,0.014050541100590752,0.0,0.0,46.940215
movi_f,pfpascal|glunet|False|False,pfpascal,glunet|False|False,12.3182,0.5632046528099824,0.014463819190343195,0.0,0.0,11.71287
movi_f,pfpascal|glunet|False|True,pfpascal,glunet|False|True,12.2101,0.5632046528099824,0.01251000816595173,0.0,0.0,11.56757
movi_f,pfpascal|glunet|True|False,pfpascal,glunet|True|False,12.1653,0.5632046528099824,0.0270419222062822,0.0,0.0,27.283710000000003
movi_f,pfpascal|glunet|True|True,pfpascal,glunet|True|True,11.6719,0.5632046528099824,0.02280613941066254,0.0,0.0,33.38772
movi_f,pfpascal|raft|True|False,pfpascal,raft|True|False,12.3863,0.5632046528099824,0.011899555678240803,0.0,0.0,11.66437375
movi_f,pfwillow|catspp|False|False,pfwillow,catspp|False|False,13.6778,-0.02144348993293677,-0.3784669012588057,0.0,0.0,14.08444
movi_f,pfwillow|catspp|False|True,pfwillow,catspp|False|True,11.4889,-0.02144348993293677,-0.388593274576376,0.0,0.0,14.713885
movi_f,pfwillow|catspp|True|False,pfwillow,catspp|True|False,38.0889,-0.02144348993293677,-0.3695003480156312,0.0,0.0,47.633889999999994
movi_f,pfwillow|catspp|True|True,pfwillow,catspp|True|True,38.0222,-0.02144348993293677,-0.3794888260100089,0.0,0.0,49.82555
movi_f,pfwillow|glunet|False|False,pfwillow,glunet|False|False,13.8,-0.02144348993293677,-0.3687409421200371,0.0,0.0,15.64709
movi_f,pfwillow|glunet|False|True,pfwillow,glunet|False|True,14.6333,-0.02144348993293677,-0.358497410129174,0.0,0.0,13.94238
movi_f,pfwillow|glunet|True|False,pfwillow,glunet|True|False,11.9333,-0.02144348993293677,-0.8005517631148737,0.0,0.0,30.87876
movi_f,pfwillow|glunet|True|True,pfwillow,glunet|True|True,14.3062,-0.02144348993293677,-0.6994183032747963,0.0,0.0,36.08919
movi_f,pfwillow|raft|True|False,pfwillow,raft|True|False,13.8111,-0.02144348993293677,-0.33911126035777556,0.0,0.0,14.97093625
movi_f,pointodyssey|catspp|False|False,pointodyssey,catspp|False|False,84.7224,15.943434090325098,14.620449679413785,0.0,0.0,40.624375
movi_f,pointodyssey|catspp|False|True,pointodyssey,catspp|False|True,84.993,15.943434090325098,18.53802776291255,0.0,0.0,47.6134
movi_f,pointodyssey|catspp|True|False,pointodyssey,catspp|True|False,95.4377,15.943434090325098,8.284208728660783,0.0,0.0,53.741189999999996
movi_f,pointodyssey|catspp|True|True,pointodyssey,catspp|True|True,95.8171,15.943434090325098,8.319442427589408,0.0,0.0,54.11945000000001
movi_f,pointodyssey|glunet|False|False,pointodyssey,glunet|False|False,66.6921,15.943434090325098,20.314155008440363,0.0,0.0,81.15822
movi_f,pointodyssey|glunet|False|True,pointodyssey,glunet|False|True,68.033,15.943434090325098,19.694483273517967,0.0,0.0,75.34795
movi_f,pointodyssey|glunet|True|False,pointodyssey,glunet|True|False,62.6774,15.943434090325098,17.162717540800212,0.0,0.0,86.67645999999999
movi_f,pointodyssey|glunet|True|True,pointodyssey,glunet|True|True,61.2703,15.943434090325098,9.88590623990063,0.0,0.0,89.05683
movi_f,pointodyssey|raft|True|False,pointodyssey,raft|True|False,64.2839,15.943434090325098,17.67897820057382,0.0,0.0,39.24346875
movi_f,spair|catspp|False|False,spair,catspp|False|False,3.0896,2.8917645291563026,0.15232535755315668,0.0,0.0,3.5725949999999997
movi_f,spair|catspp|False|True,spair,catspp|False|True,2.6465,2.8917645291563026,0.15348891822413926,0.0,0.0,3.654475
movi_f,spair|catspp|True|False,spair,catspp|True|False,14.7345,2.8917645291563026,1.1066115706905455,0.0,0.0,21.88577
movi_f,spair|catspp|True|True,spair,catspp|True|True,18.34,2.8917645291563026,1.2144734668417374,0.0,0.0,22.88557
movi_f,spair|glunet|False|False,spair,glunet|False|False,1.9627,2.8917645291563026,0.15220865395943342,0.0,0.0,2.9604299999999997
movi_f,spair|glunet|False|True,spair,glunet|False|True,2.0144,2.8917645291563026,0.060378424441513784,0.0,0.0,2.6377200000000003
movi_f,spair|glunet|True|False,spair,glunet|True|False,2.3566,2.8917645291563026,2.6891848619364165,0.0,0.0,8.03953
movi_f,spair|glunet|True|True,spair,glunet|True|True,2.486,2.8917645291563026,1.831196250031157,0.0,0.0,9.71172
movi_f,spair|raft|True|False,spair,raft|True|False,1.9948,2.8917645291563026,0.11996352053374357,0.0,0.0,2.84419375
movi_f,synthetic|catspp|False|False,synthetic,catspp|False|False,15.2654,43.812553175704934,84.49938531236562,0.0,0.0,23.51721
movi_f,synthetic|catspp|False|True,synthetic,catspp|False|True,15.8474,43.812553175704934,96.43596077308351,0.0,0.0,24.567425
movi_f,synthetic|catspp|True|False,synthetic,catspp|True|False,33.1069,43.812553175704934,108.34553019810414,0.0,0.0,49.92098
movi_f,synthetic|catspp|True|True,synthetic,catspp|True|True,39.2118,43.812553175704934,80.04322006741646,0.0,0.0,48.2851
movi_f,synthetic|glunet|False|False,synthetic,glunet|False|False,6.5898,43.812553175704934,60.13432279200844,0.0,0.0,17.41697
movi_f,synthetic|glunet|False|True,synthetic,glunet|False|True,6.8448,43.812553175704934,26.829891198587564,0.0,0.0,12.85179
movi_f,synthetic|glunet|True|False,synthetic,glunet|True|False,6.5871,43.812553175704934,111.62525054312572,0.0,0.0,31.10197
movi_f,synthetic|glunet|True|True,synthetic,glunet|True|True,6.6584,43.812553175704934,75.77137621595284,0.0,0.0,28.75791
movi_f,synthetic|raft|True|False,synthetic,raft|True|False,6.1934,43.812553175704934,119.95943258919026,0.0,0.0,22.4843625
movi_f,tss|catspp|False|False,tss,catspp|False|False,24.3569,-0.7889331678406325,-2.701336050937144,0.0,0.0,25.159395
movi_f,tss|catspp|False|True,tss,catspp|False|True,19.1092,-0.7889331678406325,-2.8150021692408744,0.0,0.0,26.236165
movi_f,tss|catspp|True|False,tss,catspp|True|False,58.5563,-0.7889331678406325,-0.8437194794293768,0.0,0.0,64.54163
movi_f,tss|catspp|True|True,tss,catspp|True|True,55.6517,-0.7889331678406325,-0.679207993026451,0.0,0.0,65.37173
movi_f,tss|glunet|False|False,tss,glunet|False|False,17.947,-0.7889331678406325,-2.9412922638003596,0.0,0.0,27.04217
movi_f,tss|glunet|False|True,tss,glunet|False|True,18.6283,-0.7889331678406325,-2.4168705408011086,0.0,0.0,23.43803
movi_f,tss|glunet|True|False,tss,glunet|True|False,16.9644,-0.7889331678406325,-4.242122488320424,0.0,0.0,51.13879
movi_f,tss|glunet|True|True,tss,glunet|True|True,19.7064,-0.7889331678406325,-2.87050357298446,0.0,0.0,54.67024
movi_f,tss|raft|True|False,tss,raft|True|False,18.6637,-0.7889331678406325,-2.2391339718292436,0.0,0.0,21.617317500000002
pointodyssey,flyingthings|catspp|False|False,flyingthings,catspp|False|False,64.4318,8.152231817793142,7.9158027507836595,0.0,0.0,56.814655
pointodyssey,flyingthings|catspp|False|True,flyingthings,catspp|False|True,63.8607,8.152231817793142,7.855694223065513,0.0,0.0,58.01104
pointodyssey,flyingthings|catspp|True|False,flyingthings,catspp|True|False,79.6231,8.152231817793142,2.3879577233701967,0.0,0.0,79.9871
pointodyssey,flyingthings|catspp|True|True,flyingthings,catspp|True|True,79.22595,8.152231817793142,1.7434159625102599,0.0,0.0,80.16761
pointodyssey,flyingthings|glunet|False|False,flyingthings,glunet|False|False,71.1769,8.152231817793142,8.146748744004258,0.0,0.0,57.65622
pointodyssey,flyingthings|glunet|False|True,flyingthings,glunet|False|True,67.784,8.152231817793142,7.071423095849554,0.0,0.0,50.82777
pointodyssey,flyingthings|glunet|True|False,flyingthings,glunet|True|False,77.7439,8.152231817793142,8.603100041001372,0.0,0.0,64.71341
pointodyssey,flyingthings|glunet|True|True,flyingthings,glunet|True|True,76.6361,8.152231817793142,5.91815047814215,0.0,0.0,66.61841
pointodyssey,flyingthings|raft|True|False,flyingthings,raft|True|False,57.27595,8.152231817793142,10.113593551142584,0.0,0.0,50.098105
pointodyssey,kitti2012|catspp|False|False,kitti2012,catspp|False|False,87.0735,8.544005829506736,6.542886701971517,0.0,0.0,75.2294
pointodyssey,kitti2012|catspp|False|True,kitti2012,catspp|False|True,86.4889,8.544005829506736,6.435133501700816,0.0,0.0,77.50305
pointodyssey,kitti2012|catspp|True|False,kitti2012,catspp|True|False,96.6249,8.544005829506736,1.214137549605475,0.0,0.0,95.71106999999999
pointodyssey,kitti2012|catspp|True|True,kitti2012,catspp|True|True,96.1437,8.544005829506736,1.1390591584341625,0.0,0.0,95.62424
pointodyssey,kitti2012|glunet|False|False,kitti2012,glunet|False|False,95.5502,8.544005829506736,6.855859914416071,0.0,0.0,85.44341
pointodyssey,kitti2012|glunet|False|True,kitti2012,glunet|False|True,91.6607,8.544005829506736,6.702835072234633,0.0,0.0,82.05635
pointodyssey,kitti2012|glunet|True|False,kitti2012,glunet|True|False,97.8728,8.544005829506736,6.20764291428804,0.0,0.0,87.93485999999999
pointodyssey,kitti2012|glunet|True|True,kitti2012,glunet|True|True,97.4634,8.544005829506736,3.963126592659205,0.0,0.0,91.26132
pointodyssey,kitti2012|raft|True|False,kitti2012,raft|True|False,89.47625,8.544005829506736,8.716274183288384,0.0,0.0,75.3488875
pointodyssey,kitti2015|catspp|False|False,kitti2015,catspp|False|False,85.69685,7.068956842352985,3.1594218334442656,0.0,0.0,77.673035
pointodyssey,kitti2015|catspp|False|True,kitti2015,catspp|False|True,85.19040000000001,7.068956842352985,3.1055772362774214,0.0,0.0,78.56448
pointodyssey,kitti2015|catspp|True|False,kitti2015,catspp|True|False,95.30515,7.068956842352985,0.4925175942309144,0.0,0.0,95.13271999999999
pointodyssey,kitti2015|catspp|True|True,kitti2015,catspp|True|True,95.0862,7.068956842352985,0.4772043510514334,0.0,0.0,94.8225
pointodyssey,kitti2015|glunet|False|False,kitti2015,glunet|False|False,86.2536,7.068956842352985,3.2541518551688164,0.0,0.0,81.80232
pointodyssey,kitti2015|glunet|False|True,kitti2015,glunet|False|True,83.9377,7.068956842352985,2.9951628097315837,0.0,0.0,78.08579
pointodyssey,kitti2015|glunet|True|False,kitti2015,glunet|True|False,95.0124,7.068956842352985,2.884830295701982,0.0,0.0,86.13476
pointodyssey,kitti2015|glunet|True|True,kitti2015,glunet|True|True,94.9408,7.068956842352985,1.9369940415774693,0.0,0.0,89.28535
pointodyssey,kitti2015|raft|True|False,kitti2015,raft|True|False,83.4171,7.068956842352985,3.981189738552474,0.0,0.0,73.28668625
pointodyssey,pfpascal|catspp|False|False,pfpascal,catspp|False|False,12.26865,-1.6487299097758912,-0.351948224396049,0.0,0.0,11.713115
pointodyssey,pfpascal|catspp|False|True,pfpascal,catspp|False|True,11.4723,-1.6487299097758912,-0.3899043593026709,0.0,0.0,11.9467
pointodyssey,pfpascal|catspp|True|False,pfpascal,catspp|True|False,42.4378,-1.6487299097758912,-0.4429464183607416,0.0,0.0,43.720659999999995
pointodyssey,pfpascal|catspp|True|True,pfpascal,catspp|True|True,45.84245,-1.6487299097758912,-0.416225795413957,0.0,0.0,46.24097
pointodyssey,pfpascal|glunet|False|False,pfpascal,glunet|False|False,18.1731,-1.6487299097758912,-0.34702670585902706,0.0,0.0,11.127379999999999
pointodyssey,pfpascal|glunet|False|True,pfpascal,glunet|False|True,15.9056,-1.6487299097758912,-0.3132847081199918,0.0,0.0,11.19802
pointodyssey,pfpascal|glunet|True|False,pfpascal,glunet|True|False,28.6839,-1.6487299097758912,-0.7935185660365005,0.0,0.0,25.631850000000004
pointodyssey,pfpascal|glunet|True|True,pfpascal,glunet|True|True,42.0709,-1.6487299097758912,-0.7367936505898715,0.0,0.0,30.347820000000002
pointodyssey,pfpascal|raft|True|False,pfpascal,raft|True|False,15.79625,-1.6487299097758912,-0.29816930389024743,0.0,0.0,11.32337875
pointodyssey,pfwillow|catspp|False|False,pfwillow,catspp|False|False,15.5,-2.1933675092157587,-0.6450853029663286,0.0,0.0,13.90222
pointodyssey,pfwillow|catspp|False|True,pfwillow,catspp|False|True,14.47225,-2.1933675092157587,-0.6797845968796782,0.0,0.0,14.41555
pointodyssey,pfwillow|catspp|True|False,pfwillow,catspp|True|False,44.75,-2.1933675092157587,-0.7463116660031652,0.0,0.0,46.96778
pointodyssey,pfwillow|catspp|True|True,pfwillow,catspp|True|True,47.911100000000005,-2.1933675092157587,-0.8207815523490182,0.0,0.0,48.83666
pointodyssey,pfwillow|glunet|False|False,pfwillow,glunet|False|False,19.8741,-2.1933675092157587,-0.6024571794563903,0.0,0.0,15.039679999999999
pointodyssey,pfwillow|glunet|False|True,pfwillow,glunet|False|True,18.0556,-2.1933675092157587,-0.5849356079597829,0.0,0.0,13.60015
pointodyssey,pfwillow|glunet|True|False,pfwillow,glunet|True|False,36.5889,-2.1933675092157587,-1.5526236033222585,0.0,0.0,28.4132
pointodyssey,pfwillow|glunet|True|True,pfwillow,glunet|True|True,44.3778,-2.1933675092157587,-1.4369034049374407,0.0,0.0,33.082029999999996
pointodyssey,pfwillow|raft|True|False,pfwillow,raft|True|False,18.25555,-2.1933675092157587,-0.5610694030492616,0.0,0.0,14.526491250000001
pointodyssey,pointodyssey|catspp|False|False,pointodyssey,catspp|False|False,68.8301,9.737454671898014,7.758019301794053,0.0,0.0,42.213605
pointodyssey,pointodyssey|catspp|False|True,pointodyssey,catspp|False|True,80.8951,9.737454671898014,8.66912694953995,0.0,0.0,48.02319
pointodyssey,pointodyssey|catspp|True|False,pointodyssey,catspp|True|False,72.7112,9.737454671898014,5.750689574269176,0.0,0.0,56.01384
pointodyssey,pointodyssey|catspp|True|True,pointodyssey,catspp|True|True,71.0583,9.737454671898014,5.838930168509609,0.0,0.0,56.595330000000004
pointodyssey,pointodyssey|glunet|False|False,pointodyssey,glunet|False|False,94.4359,9.737454671898014,9.203289716273593,0.0,0.0,78.38383999999999
pointodyssey,pointodyssey|glunet|False|True,pointodyssey,glunet|False|True,91.0918,9.737454671898014,8.756635628464746,0.0,0.0,73.04207
pointodyssey,pointodyssey|glunet|True|False,pointodyssey,glunet|True|False,96.5284,9.737454671898014,8.129495373185891,0.0,0.0,83.29136
pointodyssey,pointodyssey|glunet|True|True,pointodyssey,glunet|True|True,96.2978,9.737454671898014,5.357308618641604,0.0,0.0,85.55408
pointodyssey,pointodyssey|raft|True|False,pointodyssey,raft|True|False,58.56285,9.737454671898014,8.257664477609291,0.0,0.0,39.81557375
pointodyssey,spair|catspp|False|False,spair,catspp|False|False,3.1626,-5.774207067005856,-0.0595726093271484,0.0,0.0,3.565295
pointodyssey,spair|catspp|False|True,spair,catspp|False|True,3.32435,-5.774207067005856,-0.07416382973320176,0.0,0.0,3.58669
pointodyssey,spair|catspp|True|False,spair,catspp|True|False,20.8771,-5.774207067005856,-0.5382364420831116,0.0,0.0,21.27151
pointodyssey,spair|catspp|True|True,spair,catspp|True|True,22.5766,-5.774207067005856,-0.5104491312668722,0.0,0.0,22.46191
pointodyssey,spair|glunet|False|False,spair,glunet|False|False,3.2579,-5.774207067005856,-0.07178022875861888,0.0,0.0,2.8309100000000003
pointodyssey,spair|glunet|False|True,spair,glunet|False|True,2.6984,-5.774207067005856,-0.03660007792906188,0.0,0.0,2.5693200000000003
pointodyssey,spair|glunet|True|False,spair,glunet|True|False,5.1968,-5.774207067005856,-1.0553936272309878,0.0,0.0,7.755510000000001
pointodyssey,spair|glunet|True|True,spair,glunet|True|True,8.153,-5.774207067005856,-0.7756673149417082,0.0,0.0,9.145019999999999
pointodyssey,spair|raft|True|False,spair,raft|True|False,2.80045,-5.774207067005856,-0.06055335694922942,0.0,0.0,2.76362875
pointodyssey,synthetic|catspp|False|False,synthetic,catspp|False|False,17.907249999999998,7.398824298070709,6.315553425002328,0.0,0.0,23.253025
pointodyssey,synthetic|catspp|False|True,synthetic,catspp|False|True,17.94525,7.398824298070709,7.178310214506022,0.0,0.0,24.35764
pointodyssey,synthetic|catspp|True|False,synthetic,catspp|True|False,40.1523,7.398824298070709,8.309012610930408,0.0,0.0,49.21644
pointodyssey,synthetic|catspp|True|True,synthetic,catspp|True|True,39.8872,7.398824298070709,5.934189843214231,0.0,0.0,48.217560000000006
pointodyssey,synthetic|glunet|False|False,synthetic,glunet|False|False,14.6555,7.398824298070709,4.752572520835244,0.0,0.0,16.6104
pointodyssey,synthetic|glunet|False|True,synthetic,glunet|False|True,13.3788,7.398824298070709,2.1922230571036434,0.0,0.0,12.19839
pointodyssey,synthetic|glunet|True|False,synthetic,glunet|True|False,25.8011,7.398824298070709,9.105389689232512,0.0,0.0,29.18057
pointodyssey,synthetic|glunet|True|True,synthetic,glunet|True|True,25.2246,7.398824298070709,6.608192042387582,0.0,0.0,26.90129
pointodyssey,synthetic|raft|True|False,synthetic,raft|True|False,11.985,7.398824298070709,9.089485815087055,0.0,0.0,21.9052025
pointodyssey,tss|catspp|False|False,tss,catspp|False|False,27.7243,1.4162668488385255,0.5904170562667007,0.0,0.0,24.822655
pointodyssey,tss|catspp|False|True,tss,catspp|False|True,26.72155,1.4162668488385255,0.6310332730257803,0.0,0.0,25.47493
pointodyssey,tss|catspp|True|False,tss,catspp|True|False,62.2398,1.4162668488385255,0.21260040616862722,0.0,0.0,64.17328
pointodyssey,tss|catspp|True|True,tss,catspp|True|True,62.9798,1.4162668488385255,0.23122304770317306,0.0,0.0,64.63892
pointodyssey,tss|glunet|False|False,tss,glunet|False|False,41.4764,1.4162668488385255,0.5903970057693517,0.0,0.0,24.689230000000002
pointodyssey,tss|glunet|False|True,tss,glunet|False|True,33.6273,1.4162668488385255,0.49242415294484343,0.0,0.0,21.93813
pointodyssey,tss|glunet|True|False,tss,glunet|True|False,61.47,1.4162668488385255,1.0907482444531256,0.0,0.0,46.68823
pointodyssey,tss|glunet|True|True,tss,glunet|True|True,62.9502,1.4162668488385255,0.8712463159265321,0.0,0.0,50.34586
pointodyssey,tss|raft|True|False,tss,raft|True|False,27.3016,1.4162668488385255,0.4792598834984175,0.0,0.0,20.7535275
sintel,flyingthings|catspp|False|False,flyingthings,catspp|False|False,70.7445,-0.6232717384420257,3.8480776491137947,0.0,0.0,56.183385
sintel,flyingthings|catspp|False|True,flyingthings,catspp|False|True,69.0867,-0.6232717384420257,3.843133997747046,0.0,0.0,57.488440000000004
sintel,flyingthings|catspp|True|False,flyingthings,catspp|True|False,82.138,-0.6232717384420257,1.1738382509057141,0.0,0.0,79.73561
sintel,flyingthings|catspp|True|True,flyingthings,catspp|True|True,82.249,-0.6232717384420257,0.8532149849859917,0.0,0.0,79.865305
sintel,flyingthings|glunet|False|False,flyingthings,glunet|False|False,64.4604,-0.6232717384420257,4.098862797628486,0.0,0.0,58.32787
sintel,flyingthings|glunet|False|True,flyingthings,glunet|False|True,61.0606,-0.6232717384420257,3.6016866625743855,0.0,0.0,51.50011000000001
sintel,flyingthings|glunet|True|False,flyingthings,glunet|True|False,70.575,-0.6232717384420257,4.320680837035511,0.0,0.0,65.4303
sintel,flyingthings|glunet|True|True,flyingthings,glunet|True|True,69.7732,-0.6232717384420257,2.988293840448122,0.0,0.0,67.3047
sintel,flyingthings|raft|True|False,flyingthings,raft|True|False,63.2297,-0.6232717384420257,4.9584575122053245,0.0,0.0,49.50273
sintel,kitti2012|catspp|False|False,kitti2012,catspp|False|False,91.745,-0.30406617575493694,11.332678389242016,0.0,0.0,74.76225
sintel,kitti2012|catspp|False|True,kitti2012,catspp|False|True,92.0926,-0.30406617575493694,11.14083543296946,0.0,0.0,76.94268
sintel,kitti2012|catspp|True|False,kitti2012,catspp|True|False,98.205,-0.30406617575493694,2.0974318848132794,0.0,0.0,95.55306
sintel,kitti2012|catspp|True|True,kitti2012,catspp|True|True,98.1215,-0.30406617575493694,1.959439568400388,0.0,0.0,95.42645999999999
sintel,kitti2012|glunet|False|False,kitti2012,glunet|False|False,96.5983,-0.30406617575493694,11.99715961977684,0.0,0.0,85.3386
sintel,kitti2012|glunet|False|True,kitti2012,glunet|False|True,94.6197,-0.30406617575493694,11.684557788380316,0.0,0.0,81.76045
sintel,kitti2012|glunet|True|False,kitti2012,glunet|True|False,98.4939,-0.30406617575493694,10.868826948966865,0.0,0.0,87.87275
sintel,kitti2012|glunet|True|True,kitti2012,glunet|True|True,98.9758,-0.30406617575493694,6.911930527165985,0.0,0.0,91.11008
sintel,kitti2012|raft|True|False,kitti2012,raft|True|False,94.0246,-0.30406617575493694,15.164622654290895,0.0,0.0,74.8940525
sintel,kitti2015|catspp|False|False,kitti2015,catspp|False|False,89.5554,-1.6748255030003059,8.077680276062804,0.0,0.0,77.28718
sintel,kitti2015|catspp|False|True,kitti2015,catspp|False|True,89.3623,-1.6748255030003059,7.940980881366348,0.0,0.0,78.14729
sintel,kitti2015|catspp|True|False,kitti2015,catspp|True|False,96.8068,-1.6748255030003059,1.2537473929236331,0.0,0.0,94.982555
sintel,kitti2015|catspp|True|True,kitti2015,catspp|True|True,96.3826,-1.6748255030003059,1.2162233383268912,0.0,0.0,94.69286
sintel,kitti2015|glunet|False|False,kitti2015,glunet|False|False,90.0772,-1.6748255030003059,8.344679081845582,0.0,0.0,81.41996
sintel,kitti2015|glunet|False|True,kitti2015,glunet|False|True,84.862,-1.6748255030003059,7.705587444550508,0.0,0.0,77.99336000000001
sintel,kitti2015|glunet|True|False,kitti2015,glunet|True|False,95.0838,-1.6748255030003059,7.429876721857546,0.0,0.0,86.12762000000001
sintel,kitti2015|glunet|True|True,kitti2015,glunet|True|True,96.2638,-1.6748255030003059,4.968165313576101,0.0,0.0,89.15305
sintel,kitti2015|raft|True|False,kitti2015,raft|True|False,84.9165,-1.6748255030003059,10.234915291922608,0.0,0.0,73.13674625
sintel,pfpascal|catspp|False|False,pfpascal,catspp|False|False,15.8031,-4.4504637062463654,-0.7403791763157667,0.0,0.0,11.35967
sintel,pfpascal|catspp|False|True,pfpascal,catspp|False|True,15.5569,-4.4504637062463654,-0.8325774451620535,0.0,0.0,11.538239999999998
sintel,pfpascal|catspp|True|False,pfpascal,catspp|True|False,48.9548,-4.4504637062463654,-0.9287468646256656,0.0,0.0,43.06896
sintel,pfpascal|catspp|True|True,pfpascal,catspp|True|True,45.1843,-4.4504637062463654,-0.913138850585264,0.0,0.0,46.306785000000005
sintel,pfpascal|glunet|False|False,pfpascal,glunet|False|False,10.3086,-4.4504637062463654,-0.8383116630792317,0.0,0.0,11.913829999999999
sintel,pfpascal|glunet|False|True,pfpascal,glunet|False|True,12.3527,-4.4504637062463654,-0.7276000755953389,0.0,0.0,11.55331
sintel,pfpascal|glunet|True|False,pfpascal,glunet|True|False,21.5232,-4.4504637062463654,-1.7334829257093425,0.0,0.0,26.34792
sintel,pfpascal|glunet|True|True,pfpascal,glunet|True|True,25.0318,-4.4504637062463654,-1.687795068460849,0.0,0.0,32.051730000000006
sintel,pfpascal|raft|True|False,pfpascal,raft|True|False,13.923,-4.4504637062463654,-0.6825555976271828,0.0,0.0,11.510703750000001
sintel,pfwillow|catspp|False|False,pfwillow,catspp|False|False,17.9333,-4.973192683810626,-1.5734707264283643,0.0,0.0,13.65889
sintel,pfwillow|catspp|False|True,pfwillow,catspp|False|True,18.5333,-4.973192683810626,-1.647575354864055,0.0,0.0,14.009445
sintel,pfwillow|catspp|True|False,pfwillow,catspp|True|False,50.7444,-4.973192683810626,-1.841890720965148,0.0,0.0,46.36834
sintel,pfwillow|catspp|True|True,pfwillow,catspp|True|True,49.6444,-4.973192683810626,-2.073983434111623,0.0,0.0,48.66333
sintel,pfwillow|glunet|False|False,pfwillow,glunet|False|False,14.7707,-4.973192683810626,-1.606734890583616,0.0,0.0,15.55002
sintel,pfwillow|glunet|False|True,pfwillow,glunet|False|True,15.0111,-4.973192683810626,-1.5494604450430876,0.0,0.0,13.904599999999999
sintel,pfwillow|glunet|True|False,pfwillow,glunet|True|False,21.9778,-4.973192683810626,-3.9304027067181075,0.0,0.0,29.874309999999998
sintel,pfwillow|glunet|True|True,pfwillow,glunet|True|True,27.2457,-4.973192683810626,-3.7421701588288108,0.0,0.0,34.79524
sintel,pfwillow|raft|True|False,pfwillow,raft|True|False,16.4025,-4.973192683810626,-1.4623315540236381,0.0,0.0,14.71179625
sintel,pointodyssey|catspp|False|False,pointodyssey,catspp|False|False,47.6015,8.968644047228857,22.497894021459484,0.0,0.0,44.336465
sintel,pointodyssey|catspp|False|True,pointodyssey,catspp|False|True,43.8201,8.968644047228857,25.414509244993848,0.0,0.0,51.73069
sintel,pointodyssey|catspp|True|False,pointodyssey,catspp|True|False,58.6808,8.968644047228857,16.372802651894524,0.0,0.0,57.416880000000006
sintel,pointodyssey|catspp|True|True,pointodyssey,catspp|True|True,73.2754,8.968644047228857,15.559350909545431,0.0,0.0,56.37362
sintel,pointodyssey|glunet|False|False,pointodyssey,glunet|False|False,85.9719,8.968644047228857,25.288365320765,0.0,0.0,79.23024000000001
sintel,pointodyssey|glunet|False|True,pointodyssey,glunet|False|True,84.5038,8.968644047228857,24.094401394766113,0.0,0.0,73.70087
sintel,pointodyssey|glunet|True|False,pointodyssey,glunet|True|False,90.0851,8.968644047228857,22.27809808182604,0.0,0.0,83.93569
sintel,pointodyssey|glunet|True|True,pointodyssey,glunet|True|True,90.6576,8.968644047228857,14.793979718070284,0.0,0.0,86.1181
sintel,pointodyssey|raft|True|False,pointodyssey,raft|True|False,74.9348,8.968644047228857,20.103064069458412,0.0,0.0,38.17837875
sintel,spair|catspp|False|False,spair,catspp|False|False,3.7321,-4.598848021518463,-0.30882273020285234,0.0,0.0,3.508345
sintel,spair|catspp|False|True,spair,catspp|False|True,3.9026,-4.598848021518463,-0.3667083712052151,0.0,0.0,3.5288649999999997
sintel,spair|catspp|True|False,spair,catspp|True|False,22.5826,-4.598848021518463,-2.6786286598594464,0.0,0.0,21.10096
sintel,spair|catspp|True|True,spair,catspp|True|True,17.4154,-4.598848021518463,-2.206090078002242,0.0,0.0,22.97803
sintel,spair|glunet|False|False,spair,glunet|False|False,2.3266,-4.598848021518463,-0.3465081395340361,0.0,0.0,2.92404
sintel,spair|glunet|False|True,spair,glunet|False|True,2.4731,-4.598848021518463,-0.18393291090058272,0.0,0.0,2.59185
sintel,spair|glunet|True|False,spair,glunet|True|False,3.778,-4.598848021518463,-5.238943387411988,0.0,0.0,7.89739
sintel,spair|glunet|True|True,spair,glunet|True|True,5.0597,-4.598848021518463,-3.7593949171744416,0.0,0.0,9.45435
sintel,spair|raft|True|False,spair,raft|True|False,2.3576,-4.598848021518463,-0.28502434982952496,0.0,0.0,2.80791375
sintel,synthetic|catspp|False|False,synthetic,catspp|False|False,22.7542,-15.628800537109996,-20.708930847971192,0.0,0.0,22.76833
sintel,synthetic|catspp|False|True,synthetic,catspp|False|True,20.3562,-15.628800537109996,-23.48090475459865,0.0,0.0,24.116545000000002
sintel,synthetic|catspp|True|False,synthetic,catspp|True|False,40.9952,-15.628800537109996,-27.079094474931544,0.0,0.0,49.13215
sintel,synthetic|catspp|True|True,synthetic,catspp|True|True,39.1069,-15.628800537109996,-19.177219865977754,0.0,0.0,48.29559
sintel,synthetic|glunet|False|False,synthetic,glunet|False|False,10.5186,-15.628800537109996,-15.103068112329764,0.0,0.0,17.02409
sintel,synthetic|glunet|False|True,synthetic,glunet|False|True,10.7744,-15.628800537109996,-7.0960685070420935,0.0,0.0,12.45883
sintel,synthetic|glunet|True|False,synthetic,glunet|True|False,21.7318,-15.628800537109996,-29.35708801982539,0.0,0.0,29.5875
sintel,synthetic|glunet|True|True,synthetic,glunet|True|True,20.8004,-15.628800537109996,-21.220015277101552,0.0,0.0,27.343709999999998
sintel,synthetic|raft|True|False,synthetic,raft|True|False,10.7984,-15.628800537109996,-29.40927464225501,0.0,0.0,22.0238625
sintel,tss|catspp|False|False,tss,catspp|False|False,32.9288,-8.35909869603394,-4.978150742590961,0.0,0.0,24.302205
sintel,tss|catspp|False|True,tss,catspp|False|True,35.3243,-8.35909869603394,-5.227926580821282,0.0,0.0,24.614655
sintel,tss|catspp|True|False,tss,catspp|True|False,65.8113,-8.35909869603394,-1.8516500186628602,0.0,0.0,63.81613
sintel,tss|catspp|True|True,tss,catspp|True|True,64.5396,-8.35909869603394,-2.03327305519813,0.0,0.0,64.48294
sintel,tss|glunet|False|False,tss,glunet|False|False,23.8706,-8.35909869603394,-5.797876558764328,0.0,0.0,26.449810000000003
sintel,tss|glunet|False|True,tss,glunet|False|True,22.0866,-8.35909869603394,-4.683988259172924,0.0,0.0,23.0922
sintel,tss|glunet|True|False,tss,glunet|True|False,40.9775,-8.35909869603394,-9.721761028185144,0.0,0.0,48.73748
sintel,tss|glunet|True|True,tss,glunet|True|True,43.3458,-8.35909869603394,-7.727898425058447,0.0,0.0,52.3063
sintel,tss|raft|True|False,tss,raft|True|False,24.4577,-8.35909869603394,-4.273500462021862,0.0,0.0,21.0379175
spair,flyingthings|catspp|False|False,flyingthings,catspp|False|False,3.3861,-10.320628761026304,-4.919911419895476,0.0,0.0,62.919225000000004
spair,flyingthings|catspp|False|True,flyingthings,catspp|False|True,3.963,-10.320628761026304,-4.411997675400774,0.0,0.0,64.00081
spair,flyingthings|catspp|True|False,flyingthings,catspp|True|False,63.3569,-10.320628761026304,-1.3015911421890132,0.0,0.0,81.61372
spair,flyingthings|catspp|True|True,flyingthings,catspp|True|True,68.3472,-10.320628761026304,-1.1321732995462985,0.0,0.0,81.255485
spair,flyingthings|glunet|False|False,flyingthings,glunet|False|False,4.0965,-10.320628761026304,-5.779924418596816,0.0,0.0,64.36426
spair,flyingthings|glunet|False|True,flyingthings,glunet|False|True,3.3265,-10.320628761026304,-4.940392323038082,0.0,0.0,57.27352
spair,flyingthings|glunet|True|False,flyingthings,glunet|True|False,66.6096,-10.320628761026304,-12.866961728649457,0.0,0.0,65.82684
spair,flyingthings|glunet|True|True,flyingthings,glunet|True|True,39.6279,-10.320628761026304,-6.9927790498821425,0.0,0.0,70.31923
spair,flyingthings|raft|True|False,flyingthings,raft|True|False,3.4438,-10.320628761026304,-11.681560527925125,0.0,0.0,55.481320000000004
spair,kitti2012|catspp|False|False,kitti2012,catspp|False|False,10.184,-6.251531508683535,-5.330461165699412,0.0,0.0,82.91835
spair,kitti2012|catspp|False|True,kitti2012,catspp|False|True,11.8574,-6.251531508683535,-4.466324370322982,0.0,0.0,84.9662
spair,kitti2012|catspp|True|False,kitti2012,catspp|True|False,83.7234,-6.251531508683535,-1.014118680213828,0.0,0.0,97.00122
spair,kitti2012|catspp|True|True,kitti2012,catspp|True|True,84.0079,-6.251531508683535,-0.8005547777050935,0.0,0.0,96.83782
spair,kitti2012|glunet|False|False,kitti2012,glunet|False|False,12.4578,-6.251531508683535,-2.9066385303775912,0.0,0.0,93.75265
spair,kitti2012|glunet|False|True,kitti2012,glunet|False|True,11.0648,-6.251531508683535,-3.1221447381141187,0.0,0.0,90.11594
spair,kitti2012|glunet|True|False,kitti2012,glunet|True|False,93.4583,-6.251531508683535,-12.2990535845863,0.0,0.0,88.37631
spair,kitti2012|glunet|True|True,kitti2012,glunet|True|True,54.1912,-6.251531508683535,-4.017817958129691,0.0,0.0,95.58854
spair,kitti2012|raft|True|False,kitti2012,raft|True|False,12.1716,-6.251531508683535,-12.865024029057912,0.0,0.0,83.0793525
spair,kitti2015|catspp|False|False,kitti2015,catspp|False|False,10.8859,-7.532794647899651,-3.754859014371789,0.0,0.0,85.15413
spair,kitti2015|catspp|False|True,kitti2015,catspp|False|True,12.2973,-7.532794647899651,-3.109820424687926,0.0,0.0,85.85379
spair,kitti2015|catspp|True|False,kitti2015,catspp|True|False,85.7568,-7.532794647899651,-1.168987867756652,0.0,0.0,96.087555
spair,kitti2015|catspp|True|True,kitti2015,catspp|True|True,85.1192,-7.532794647899651,-0.8465433697375556,0.0,0.0,95.8192
spair,kitti2015|glunet|False|False,kitti2015,glunet|False|False,13.6098,-7.532794647899651,-4.392782687401529,0.0,0.0,89.0667
spair,kitti2015|glunet|False|True,kitti2015,glunet|False|True,14.6026,-7.532794647899651,-3.417441143209664,0.0,0.0,85.0193
spair,kitti2015|glunet|True|False,kitti2015,glunet|True|False,91.9963,-7.532794647899651,-13.934367696205797,0.0,0.0,86.43637
spair,kitti2015|glunet|True|True,kitti2015,glunet|True|True,61.2326,-7.532794647899651,-6.980832255501998,0.0,0.0,92.65617
spair,kitti2015|raft|True|False,kitti2015,raft|True|False,15.6081,-7.532794647899651,-14.325671535405752,0.0,0.0,80.06758625
spair,pfpascal|catspp|False|False,pfpascal,catspp|False|False,3.0238,-11.152809655057476,-3.4167825998500736,0.0,0.0,12.6376
spair,pfpascal|catspp|False|True,pfpascal,catspp|False|True,3.1542,-11.152809655057476,-4.005976343079193,0.0,0.0,12.77851
spair,pfpascal|catspp|True|False,pfpascal,catspp|True|False,38.806,-11.152809655057476,-5.334550909546542,0.0,0.0,44.083839999999995
spair,pfpascal|catspp|True|True,pfpascal,catspp|True|True,40.9858,-11.152809655057476,-4.931912302550181,0.0,0.0,46.726635
spair,pfpascal|glunet|False|False,pfpascal,glunet|False|False,4.4643,-11.152809655057476,-4.191145723063709,0.0,0.0,12.498259999999998
spair,pfpascal|glunet|False|True,pfpascal,glunet|False|True,3.5234,-11.152809655057476,-3.2493667333572924,0.0,0.0,12.436240000000002
spair,pfpascal|glunet|True|False,pfpascal,glunet|True|False,44.4728,-11.152809655057476,-8.024483419719788,0.0,0.0,24.052960000000002
spair,pfpascal|glunet|True|True,pfpascal,glunet|True|True,30.356,-11.152809655057476,-9.803313174731782,0.0,0.0,31.51931
spair,pfpascal|raft|True|False,pfpascal,raft|True|False,4.4726,-11.152809655057476,-3.2005399737487505,0.0,0.0,12.45574375
spair,pfwillow|catspp|False|False,pfwillow,catspp|False|False,4.8667,-11.107794378783018,-2.9222804807506724,0.0,0.0,14.965549999999999
spair,pfwillow|catspp|False|True,pfwillow,catspp|False|True,5.5667,-11.107794378783018,-3.24103497912506,0.0,0.0,15.306104999999999
spair,pfwillow|catspp|True|False,pfwillow,catspp|True|False,44.0889,-11.107794378783018,-4.462597682925836,0.0,0.0,47.03389
spair,pfwillow|catspp|True|True,pfwillow,catspp|True|True,45.7111,-11.107794378783018,-4.8690084012143675,0.0,0.0,49.05666
spair,pfwillow|glunet|False|False,pfwillow,glunet|False|False,5.6222,-11.107794378783018,-2.637923209330324,0.0,0.0,16.464869999999998
spair,pfwillow|glunet|False|True,pfwillow,glunet|False|True,5.0111,-11.107794378783018,-2.695515518862245,0.0,0.0,14.904599999999999
spair,pfwillow|glunet|True|False,pfwillow,glunet|True|False,49.2827,-11.107794378783018,-7.7129243013064315,0.0,0.0,27.143819999999998
spair,pfwillow|glunet|True|True,pfwillow,glunet|True|True,34.1444,-11.107794378783018,-9.116260870646146,0.0,0.0,34.10537
spair,pfwillow|raft|True|False,pfwillow,raft|True|False,8.1389,-11.107794378783018,-2.952180621946526,0.0,0.0,15.53815625
spair,pointodyssey|catspp|False|False,pointodyssey,catspp|False|False,3.4912,-13.123801923231664,-14.502973035374119,0.0,0.0,48.747495
spair,pointodyssey|catspp|False|True,pointodyssey,catspp|False|True,4.4014,-13.123801923231664,-16.44853883279317,0.0,0.0,55.67256
spair,pointodyssey|catspp|True|False,pointodyssey,catspp|True|False,54.5198,-13.123801923231664,-13.390032830096901,0.0,0.0,57.83298
spair,pointodyssey|catspp|True|True,pointodyssey,catspp|True|True,45.8507,-13.123801923231664,-13.016155433830528,0.0,0.0,59.11609
spair,pointodyssey|glunet|False|False,pointodyssey,glunet|False|False,8.5059,-13.123801923231664,-6.417801242726096,0.0,0.0,86.97684000000001
spair,pointodyssey|glunet|False|True,pointodyssey,glunet|False|True,5.4396,-13.123801923231664,-5.362016262017558,0.0,0.0,81.60729
spair,pointodyssey|glunet|True|False,pointodyssey,glunet|True|False,91.9268,-13.123801923231664,-18.199200515000292,0.0,0.0,83.75152
spair,pointodyssey|glunet|True|True,pointodyssey,glunet|True|True,55.0086,-13.123801923231664,-8.477236163872679,0.0,0.0,89.683
spair,pointodyssey|raft|True|False,pointodyssey,raft|True|False,9.7147,-13.123801923231664,-16.711013589491994,0.0,0.0,44.70038875
spair,spair|catspp|False|False,spair,catspp|False|False,3.018,-5.516751454163346,-0.06196968419003008,0.0,0.0,3.579755
spair,spair|catspp|False|True,spair,catspp|False|True,2.944,-5.516751454163346,-0.0744708659873394,0.0,0.0,3.624725
spair,spair|catspp|True|False,spair,catspp|True|False,27.8596,-5.516751454163346,-0.45702361561105526,0.0,0.0,20.573259999999998
spair,spair|catspp|True|True,spair,catspp|True|True,27.9373,-5.516751454163346,-0.46646878068402187,0.0,0.0,21.92584
spair,spair|glunet|False|False,spair,glunet|False|False,3.0334,-5.516751454163346,-0.08086995851891705,0.0,0.0,2.85336
spair,spair|glunet|False|True,spair,glunet|False|True,2.6825,-5.516751454163346,-0.040128822472636785,0.0,0.0,2.57091
spair,spair|glunet|True|False,spair,glunet|True|False,26.6007,-5.516751454163346,-0.45485062492512235,0.0,0.0,5.61512
spair,spair|glunet|True|True,spair,glunet|True|True,14.6684,-5.516751454163346,-0.7888101185558827,0.0,0.0,8.49348
spair,spair|raft|True|False,spair,raft|True|False,3.1416,-5.516751454163346,-0.06278488345343577,0.0,0.0,2.7295137499999997
spair,synthetic|catspp|False|False,synthetic,catspp|False|False,4.0712,-17.952638524863882,-13.744919542666816,0.0,0.0,24.63663
spair,synthetic|catspp|False|True,synthetic,catspp|False|True,4.077,-17.952638524863882,-16.037464055946714,0.0,0.0,25.744465
spair,synthetic|catspp|True|False,synthetic,catspp|True|False,34.9252,-17.952638524863882,-20.379476940581775,0.0,0.0,49.73915
spair,synthetic|catspp|True|True,synthetic,catspp|True|True,41.0818,-17.952638524863882,-15.048199157894116,0.0,0.0,48.0981
spair,synthetic|glunet|False|False,synthetic,glunet|False|False,3.8373,-17.952638524863882,-10.615174366120778,0.0,0.0,17.69222
spair,synthetic|glunet|False|True,synthetic,glunet|False|True,3.9451,-17.952638524863882,-4.121455111274944,0.0,0.0,13.14176
spair,synthetic|glunet|True|False,synthetic,glunet|True|False,35.7954,-17.952638524863882,-22.75770849693823,0.0,0.0,28.18114
spair,synthetic|glunet|True|True,synthetic,glunet|True|True,21.6568,-17.952638524863882,-16.49646898661275,0.0,0.0,27.258069999999996
spair,synthetic|raft|True|False,synthetic,raft|True|False,4.2572,-17.952638524863882,-22.013692956649205,0.0,0.0,22.677982500000002
spair,tss|catspp|False|False,tss,catspp|False|False,5.2821,-12.825118235684759,-7.561303874157807,0.0,0.0,27.066875
spair,tss|catspp|False|True,tss,catspp|False|True,5.6335,-12.825118235684759,-8.40682065612922,0.0,0.0,27.583735
spair,tss|catspp|True|False,tss,catspp|True|False,60.1788,-12.825118235684759,-3.4916987285345797,0.0,0.0,64.37938
spair,tss|catspp|True|True,tss,catspp|True|True,60.5773,-12.825118235684759,-3.8069525745830095,0.0,0.0,64.87917
spair,tss|glunet|False|False,tss,glunet|False|False,5.711,-12.825118235684759,-9.040722218944612,0.0,0.0,28.265769999999996
spair,tss|glunet|False|True,tss,glunet|False|True,5.6742,-12.825118235684759,-7.0566807320467575,0.0,0.0,24.73344
spair,tss|glunet|True|False,tss,glunet|True|False,65.5404,-12.825118235684759,-18.516377937554914,0.0,0.0,46.281189999999995
spair,tss|glunet|True|True,tss,glunet|True|True,49.9068,-12.825118235684759,-15.644062915294134,0.0,0.0,51.6502
spair,tss|raft|True|False,tss,raft|True|False,6.1812,-12.825118235684759,-6.7105177095854796,0.0,0.0,22.8655675
synthetic,flyingthings|catspp|False|False,flyingthings,catspp|False|False,58.1203,4.256275841220738,8.313752888816284,0.0,0.0,57.44580499999999
synthetic,flyingthings|catspp|False|True,flyingthings,catspp|False|True,57.0993,4.256275841220738,8.226243487010544,0.0,0.0,58.68718
synthetic,flyingthings|catspp|True|False,flyingthings,catspp|True|False,83.7548,4.256275841220738,2.434577374638528,0.0,0.0,79.57392999999999
synthetic,flyingthings|catspp|True|True,flyingthings,catspp|True|True,82.2555,4.256275841220738,1.797307700892307,0.0,0.0,79.864655
synthetic,flyingthings|glunet|False|False,flyingthings,glunet|False|False,69.5375,4.256275841220738,8.541778551262539,0.0,0.0,57.82016
synthetic,flyingthings|glunet|False|True,flyingthings,glunet|False|True,56.1849,4.256275841220738,7.6653743149984335,0.0,0.0,51.98768
synthetic,flyingthings|glunet|True|False,flyingthings,glunet|True|False,72.0776,4.256275841220738,9.084899376045685,0.0,0.0,65.28004
synthetic,flyingthings|glunet|True|True,flyingthings,glunet|True|True,78.4335,4.256275841220738,6.117040420276683,0.0,0.0,66.43867
synthetic,flyingthings|raft|True|False,flyingthings,raft|True|False,65.58855,4.256275841220738,10.385795160145904,0.0,0.0,49.266845
synthetic,kitti2012|catspp|False|False,kitti2012,catspp|False|False,83.2552,-0.20300046520523782,-1.9339484359755985,0.0,0.0,75.61123
synthetic,kitti2012|catspp|False|True,kitti2012,catspp|False|True,82.5049,-0.20300046520523782,-1.8990318310112353,0.0,0.0,77.90145
synthetic,kitti2012|catspp|True|False,kitti2012,catspp|True|False,98.3518,-0.20300046520523782,-0.35058700512550783,0.0,0.0,95.53838
synthetic,kitti2012|catspp|True|True,kitti2012,catspp|True|True,97.2492,-0.20300046520523782,-0.33204399306488325,0.0,0.0,95.51369
synthetic,kitti2012|glunet|False|False,kitti2012,glunet|False|False,96.3978,-0.20300046520523782,-2.010331316007399,0.0,0.0,85.35865
synthetic,kitti2012|glunet|False|True,kitti2012,glunet|False|True,84.216,-0.20300046520523782,-1.9818761656121222,0.0,0.0,82.80082
synthetic,kitti2012|glunet|True|False,kitti2012,glunet|True|False,97.2991,-0.20300046520523782,-1.8248690817577158,0.0,0.0,87.99222999999999
synthetic,kitti2012|glunet|True|True,kitti2012,glunet|True|True,98.2409,-0.20300046520523782,-1.1608852408271986,0.0,0.0,91.18357
synthetic,kitti2012|raft|True|False,kitti2012,raft|True|False,87.91614999999999,-0.20300046520523782,-2.564837183524051,0.0,0.0,75.5048975
synthetic,kitti2015|catspp|False|False,kitti2015,catspp|False|False,86.5834,0.9415828877413017,0.2461442851986816,0.0,0.0,77.58438
synthetic,kitti2015|catspp|False|True,kitti2015,catspp|False|True,86.8286,0.9415828877413017,0.2417094670198759,0.0,0.0,78.40066
synthetic,kitti2015|catspp|True|False,kitti2015,catspp|True|False,97.4319,0.9415828877413017,0.03756124156031343,0.0,0.0,94.92004499999999
synthetic,kitti2015|catspp|True|True,kitti2015,catspp|True|True,96.1149,0.9415828877413017,0.03696654909336831,0.0,0.0,94.71963000000001
synthetic,kitti2015|glunet|False|False,kitti2015,glunet|False|False,93.5085,0.9415828877413017,0.25109572953571746,0.0,0.0,81.07683
synthetic,kitti2015|glunet|False|True,kitti2015,glunet|False|True,86.9497,0.9415828877413017,0.2325647915435424,0.0,0.0,77.78459000000001
synthetic,kitti2015|glunet|True|False,kitti2015,glunet|True|False,96.11,0.9415828877413017,0.2245405219485623,0.0,0.0,86.025
synthetic,kitti2015|glunet|True|True,kitti2015,glunet|True|True,97.4108,0.9415828877413017,0.14979815396141313,0.0,0.0,89.03835000000001
synthetic,kitti2015|raft|True|False,kitti2015,raft|True|False,89.93475000000001,0.9415828877413017,0.3072803653284563,0.0,0.0,72.63492125
synthetic,pfpascal|catspp|False|False,pfpascal,catspp|False|False,14.1789,9.134918633909656,2.2744319389844287,0.0,0.0,11.52209
synthetic,pfpascal|catspp|False|True,pfpascal,catspp|False|True,14.3443,9.134918633909656,2.525634506850546,0.0,0.0,11.6595
synthetic,pfpascal|catspp|True|False,pfpascal,catspp|True|False,49.2406,9.134918633909656,2.755953385552511,0.0,0.0,43.04038
synthetic,pfpascal|catspp|True|True,pfpascal,catspp|True|True,50.2518,9.134918633909656,2.645903275406405,0.0,0.0,45.800035
synthetic,pfpascal|glunet|False|False,pfpascal,glunet|False|False,13.9864,9.134918633909656,2.4862928528988832,0.0,0.0,11.54605
synthetic,pfpascal|glunet|False|True,pfpascal,glunet|False|True,13.1695,9.134918633909656,2.1595412914633845,0.0,0.0,11.471630000000001
synthetic,pfpascal|glunet|True|False,pfpascal,glunet|True|False,30.3321,9.134918633909656,5.17247202803825,0.0,0.0,25.46703
synthetic,pfpascal|glunet|True|True,pfpascal,glunet|True|True,42.4831,9.134918633909656,4.806387800559592,0.0,0.0,30.306600000000003
synthetic,pfpascal|raft|True|False,pfpascal,raft|True|False,14.4373,9.134918633909656,2.019754836875856,0.0,0.0,11.45927375
synthetic,pfwillow|catspp|False|False,pfwillow,catspp|False|False,15.2778,8.019928669258976,2.1169562141399436,0.0,0.0,13.924439999999999
synthetic,pfwillow|catspp|False|True,pfwillow,catspp|False|True,15.1333,8.019928669258976,2.2246606717990693,0.0,0.0,14.349445
synthetic,pfwillow|catspp|True|False,pfwillow,catspp|True|False,51.6333,8.019928669258976,2.348942064691135,0.0,0.0,46.27945
synthetic,pfwillow|catspp|True|True,pfwillow,catspp|True|True,52.2222,8.019928669258976,2.639250050404481,0.0,0.0,48.40555
synthetic,pfwillow|glunet|False|False,pfwillow,glunet|False|False,19.4667,8.019928669258976,1.9942276409880182,0.0,0.0,15.08042
synthetic,pfwillow|glunet|False|True,pfwillow,glunet|False|True,14.6222,8.019928669258976,2.0125777039307877,0.0,0.0,13.94349
synthetic,pfwillow|glunet|True|False,pfwillow,glunet|True|False,29.7111,8.019928669258976,5.212775403836114,0.0,0.0,29.10098
synthetic,pfwillow|glunet|True|True,pfwillow,glunet|True|True,48.458,8.019928669258976,4.449825023633285,0.0,0.0,32.674009999999996
synthetic,pfwillow|raft|True|False,pfwillow,raft|True|False,18.722250000000003,8.019928669258976,1.8165730269208893,0.0,0.0,14.47982125
synthetic,pointodyssey|catspp|False|False,pointodyssey,catspp|False|False,38.9858,0.5390143890760747,5.3889375364346,0.0,0.0,45.198035
synthetic,pointodyssey|catspp|False|True,pointodyssey,catspp|False|True,43.2626,0.5390143890760747,6.099000393671409,0.0,0.0,51.78643999999999
synthetic,pointodyssey|catspp|True|False,pointodyssey,catspp|True|False,58.2916,0.5390143890760747,3.932688443386339,0.0,0.0,57.455799999999996
synthetic,pointodyssey|catspp|True|True,pointodyssey,catspp|True|True,51.1702,0.5390143890760747,3.9014782309305893,0.0,0.0,58.584140000000005
synthetic,pointodyssey|glunet|False|False,pointodyssey,glunet|False|False,92.0672,0.5390143890760747,6.012111526954506,0.0,0.0,78.62071
synthetic,pointodyssey|glunet|False|True,pointodyssey,glunet|False|True,80.199,0.5390143890760747,5.824006543242132,0.0,0.0,74.13135
synthetic,pointodyssey|glunet|True|False,pointodyssey,glunet|True|False,92.7503,0.5390143890760747,5.327458224516487,0.0,0.0,83.66917
synthetic,pointodyssey|glunet|True|True,pointodyssey,glunet|True|True,96.5122,0.5390143890760747,3.4753218098599192,0.0,0.0,85.53264
synthetic,pointodyssey|raft|True|False,pointodyssey,raft|True|False,34.6076,0.5390143890760747,5.5103221556048325,0.0,0.0,42.21109875
synthetic,spair|catspp|False|False,spair,catspp|False|False,4.0731,6.08591438931965,0.2017745043157601,0.0,0.0,3.474245
synthetic,spair|catspp|False|True,spair,catspp|False|True,4.0341,6.08591438931965,0.2570121356985977,0.0,0.0,3.515715
synthetic,spair|catspp|True|False,spair,catspp|True|False,22.4135,6.08591438931965,1.9322650043451384,0.0,0.0,21.11787
synthetic,spair|catspp|True|True,spair,catspp|True|True,23.9909,6.08591438931965,1.8216241331607836,0.0,0.0,22.32048
synthetic,spair|glunet|False|False,spair,glunet|False|False,3.6526,6.08591438931965,0.2266340189684189,0.0,0.0,2.79144
synthetic,spair|glunet|False|True,spair,glunet|False|True,2.9367,6.08591438931965,0.11665666244928012,0.0,0.0,2.54549
synthetic,spair|glunet|True|False,spair,glunet|True|False,7.559,6.08591438931965,3.8348320560039526,0.0,0.0,7.51929
synthetic,spair|glunet|True|True,spair,glunet|True|True,15.5133,6.08591438931965,2.538690697455915,0.0,0.0,8.40899
synthetic,spair|raft|True|False,spair,raft|True|False,3.3421000000000003,6.08591438931965,0.1911232047828561,0.0,0.0,2.7094637500000003
synthetic,synthetic|catspp|False|False,synthetic,catspp|False|False,22.1053,8.907115130894333,11.271815221708788,0.0,0.0,22.83322
synthetic,synthetic|catspp|False|True,synthetic,catspp|False|True,21.8997,8.907115130894333,12.813607228073908,0.0,0.0,23.962195
synthetic,synthetic|catspp|True|False,synthetic,catspp|True|False,53.8161,8.907115130894333,14.824336464944333,0.0,0.0,47.85006
synthetic,synthetic|catspp|True|True,synthetic,catspp|True|True,48.52,8.907115130894333,10.753280942947757,0.0,0.0,47.35428
synthetic,synthetic|glunet|False|False,synthetic,glunet|False|False,27.0582,8.907115130894333,7.749879401077098,0.0,0.0,15.37013
synthetic,synthetic|glunet|False|True,synthetic,glunet|False|True,16.1312,8.907115130894333,3.705918446390226,0.0,0.0,11.92315
synthetic,synthetic|glunet|True|False,synthetic,glunet|True|False,32.9391,8.907115130894333,16.085653050109517,0.0,0.0,28.466770000000004
synthetic,synthetic|glunet|True|True,synthetic,glunet|True|True,37.9779,8.907115130894333,11.165605215200051,0.0,0.0,25.62596
synthetic,synthetic|raft|True|False,synthetic,raft|True|False,25.1774,8.907115130894333,16.269978492479883,0.0,0.0,20.5859625
synthetic,tss|catspp|False|False,tss,catspp|False|False,32.3684,8.268943113024736,4.584353360078642,0.0,0.0,24.358245
synthetic,tss|catspp|False|True,tss,catspp|False|True,29.7936,8.268943113024736,4.995970797984854,0.0,0.0,25.167725
synthetic,tss|catspp|True|False,tss,catspp|True|False,66.0565,8.268943113024736,1.6887338961630127,0.0,0.0,63.791610000000006
synthetic,tss|catspp|True|True,tss,catspp|True|True,65.6689,8.268943113024736,1.8526276929335295,0.0,0.0,64.37001000000001
synthetic,tss|glunet|False|False,tss,glunet|False|False,36.1641,8.268943113024736,5.074177256565577,0.0,0.0,25.22046
synthetic,tss|glunet|False|True,tss,glunet|False|True,27.3178,8.268943113024736,4.235636014901635,0.0,0.0,22.56908
synthetic,tss|glunet|True|False,tss,glunet|True|False,52.1427,8.268943113024736,8.953519191199428,0.0,0.0,47.620960000000004
synthetic,tss|glunet|True|True,tss,glunet|True|True,64.008,8.268943113024736,6.909009124340538,0.0,0.0,50.24008
synthetic,tss|raft|True|False,tss,raft|True|False,27.3868,8.268943113024743,3.8234869238402553,0.0,0.0,20.7450075
synthetic_2d_warp,flyingthings|catspp|False|False,flyingthings,catspp|False|False,62.5568,0.24039749404766333,1.4301532325586694,0.0,0.0,57.002155
synthetic_2d_warp,flyingthings|catspp|False|True,flyingthings,catspp|False|True,58.9743,0.24039749404766333,1.4205138825682824,0.0,0.0,58.49968
synthetic_2d_warp,flyingthings|catspp|True|False,flyingthings,catspp|True|False,82.2203,0.24039749404766333,0.42665970974592876,0.0,0.0,79.72738000000001
synthetic_2d_warp,flyingthings|catspp|True|True,flyingthings,catspp|True|True,81.6201,0.24039749404766333,0.31247029274338667,0.0,0.0,79.92819499999999
synthetic_2d_warp,flyingthings|glunet|False|False,flyingthings,glunet|False|False,71.3364,0.24039749404766333,1.4664102264651875,0.0,0.0,57.64027
synthetic_2d_warp,flyingthings|glunet|False|True,flyingthings,glunet|False|True,56.8539,0.24039749404766333,1.3220855316292621,0.0,0.0,51.92078
synthetic_2d_warp,flyingthings|glunet|True|False,flyingthings,glunet|True|False,71.3152,0.24039749404766333,1.5699921946183415,0.0,0.0,65.35628
synthetic_2d_warp,flyingthings|glunet|True|True,flyingthings,glunet|True|True,78.2963,0.24039749404766333,1.0568227412345668,0.0,0.0,66.45239000000001
synthetic_2d_warp,flyingthings|raft|True|False,flyingthings,raft|True|False,68.432,0.24039749404766333,1.7779331288621334,0.0,0.0,48.9825
synthetic_2d_warp,kitti2012|catspp|False|False,kitti2012,catspp|False|False,76.4616,-3.7968323279984224,-10.198530737564022,0.0,0.0,76.29059
synthetic_2d_warp,kitti2012|catspp|False|True,kitti2012,catspp|False|True,77.1277,-3.7968323279984224,-9.984250379761217,0.0,0.0,78.43917
synthetic_2d_warp,kitti2012|catspp|True|False,kitti2012,catspp|True|False,95.9663,-3.7968323279984224,-1.8749915221501035,0.0,0.0,95.77693000000001
synthetic_2d_warp,kitti2012|catspp|True|True,kitti2012,catspp|True|True,96.3689,-3.7968323279984224,-1.7542861345059417,0.0,0.0,95.60172
synthetic_2d_warp,kitti2012|glunet|False|False,kitti2012,glunet|False|False,93.4764,-3.7968323279984224,-10.599413411002653,0.0,0.0,85.65079
synthetic_2d_warp,kitti2012|glunet|False|True,kitti2012,glunet|False|True,91.3276,-3.7968323279984224,-10.337373377353074,0.0,0.0,82.08966000000001
synthetic_2d_warp,kitti2012|glunet|True|False,kitti2012,glunet|True|False,91.75,-3.7968323279984224,-9.644003089083542,0.0,0.0,88.54713999999998
synthetic_2d_warp,kitti2012|glunet|True|True,kitti2012,glunet|True|True,98.3573,-3.7968323279984224,-6.091195518182024,0.0,0.0,91.17193
synthetic_2d_warp,kitti2012|raft|True|False,kitti2012,raft|True|False,84.6833,-3.7968323279984224,-13.509072164486883,0.0,0.0,75.8281825
synthetic_2d_warp,kitti2015|catspp|False|False,kitti2015,catspp|False|False,83.0162,-2.8398849958860417,-7.951148109505701,0.0,0.0,77.94109999999999
synthetic_2d_warp,kitti2015|catspp|False|True,kitti2015,catspp|False|True,79.9745,-2.8398849958860417,-7.819648371365167,0.0,0.0,79.08606999999999
synthetic_2d_warp,kitti2015|catspp|True|False,kitti2015,catspp|True|False,95.364,-2.8398849958860417,-1.2352744374401505,0.0,0.0,95.126835
synthetic_2d_warp,kitti2015|catspp|True|True,kitti2015,catspp|True|True,95.7853,-2.8398849958860417,-1.1924671828276914,0.0,0.0,94.75259
synthetic_2d_warp,kitti2015|glunet|False|False,kitti2015,glunet|False|False,89.7925,-2.8398849958860417,-8.129377373319388,0.0,0.0,81.44843
synthetic_2d_warp,kitti2015|glunet|False|True,kitti2015,glunet|False|True,87.0141,-2.8398849958860417,-7.475975018373734,0.0,0.0,77.77815000000001
synthetic_2d_warp,kitti2015|glunet|True|False,kitti2015,glunet|True|False,91.6412,-2.8398849958860417,-7.274897769446591,0.0,0.0,86.47188
synthetic_2d_warp,kitti2015|glunet|True|True,kitti2015,glunet|True|True,97.4131,-2.8398849958860417,-4.815937228409911,0.0,0.0,89.03812
synthetic_2d_warp,kitti2015|raft|True|False,kitti2015,raft|True|False,90.2207,-2.8398849958860417,-9.872996946615457,0.0,0.0,72.60632625
synthetic_2d_warp,pfpascal|catspp|False|False,pfpascal,catspp|False|False,10.5271,4.826917994922183,0.6224737690013549,0.0,0.0,11.88727
synthetic_2d_warp,pfpascal|catspp|False|True,pfpascal,catspp|False|True,10.9336,4.826917994922183,0.6907949661925598,0.0,0.0,12.00057
synthetic_2d_warp,pfpascal|catspp|True|False,pfpascal,catspp|True|False,49.2846,4.826917994922183,0.745020069038017,0.0,0.0,43.03598
synthetic_2d_warp,pfpascal|catspp|True|True,pfpascal,catspp|True|True,55.8613,4.826917994922183,0.5969838149460446,0.0,0.0,45.239085
synthetic_2d_warp,pfpascal|glunet|False|False,pfpascal,glunet|False|False,8.3855,4.826917994922183,0.6628192900298987,0.0,0.0,12.10614
synthetic_2d_warp,pfpascal|glunet|False|True,pfpascal,glunet|False|True,13.3499,4.826917994922183,0.5832975093167247,0.0,0.0,11.45359
synthetic_2d_warp,pfpascal|glunet|True|False,pfpascal,glunet|True|False,27.963,4.826917994922183,1.4106451092425496,0.0,0.0,25.70394
synthetic_2d_warp,pfpascal|glunet|True|True,pfpascal,glunet|True|True,46.4716,4.826917994922183,1.2163916107753263,0.0,0.0,29.90775
synthetic_2d_warp,pfpascal|raft|True|False,pfpascal,raft|True|False,11.7703,4.826917994922183,0.5599534804015632,0.0,0.0,11.72597375
synthetic_2d_warp,pfwillow|catspp|False|False,pfwillow,catspp|False|False,11.9667,4.319002422314701,0.6570888818502324,0.0,0.0,14.25555
synthetic_2d_warp,pfwillow|catspp|False|True,pfwillow,catspp|False|True,13.4667,4.319002422314701,0.6950183710367412,0.0,0.0,14.516105
synthetic_2d_warp,pfwillow|catspp|True|False,pfwillow,catspp|True|False,52.3889,4.319002422314701,0.7220208337614905,0.0,0.0,46.20389
synthetic_2d_warp,pfwillow|catspp|True|True,pfwillow,catspp|True|True,57.2889,4.319002422314701,0.7356109951291971,0.0,0.0,47.898880000000005
synthetic_2d_warp,pfwillow|glunet|False|False,pfwillow,glunet|False|False,16.7914,4.319002422314701,0.6492691351235278,0.0,0.0,15.34795
synthetic_2d_warp,pfwillow|glunet|False|True,pfwillow,glunet|False|True,16.6778,4.319002422314701,0.6168706007136558,0.0,0.0,13.73793
synthetic_2d_warp,pfwillow|glunet|True|False,pfwillow,glunet|True|False,29.116,4.319002422314701,1.6303283499027004,0.0,0.0,29.16049
synthetic_2d_warp,pfwillow|glunet|True|True,pfwillow,glunet|True|True,48.3864,4.319002422314701,1.3932209119120296,0.0,0.0,32.681169999999995
synthetic_2d_warp,pfwillow|raft|True|False,pfwillow,raft|True|False,14.7593,4.319002422314701,0.5974297092919285,0.0,0.0,14.87611625
synthetic_2d_warp,pointodyssey|catspp|False|False,pointodyssey,catspp|False|False,51.6048,-3.7819266638896925,-2.717606710186111,0.0,0.0,43.936135
synthetic_2d_warp,pointodyssey|catspp|False|True,pointodyssey,catspp|False|True,65.9417,-3.7819266638896925,-3.036688078849106,0.0,0.0,49.51853
synthetic_2d_warp,pointodyssey|catspp|True|False,pointodyssey,catspp|True|False,53.0839,-3.7819266638896925,-1.9788454806222646,0.0,0.0,57.97657
synthetic_2d_warp,pointodyssey|catspp|True|True,pointodyssey,catspp|True|True,50.3469,-3.7819266638896925,-1.9661974891032403,0.0,0.0,58.666470000000004
synthetic_2d_warp,pointodyssey|glunet|False|False,pointodyssey,glunet|False|False,92.1122,-3.7819266638896925,-3.037337094866605,0.0,0.0,78.61621
synthetic_2d_warp,pointodyssey|glunet|False|True,pointodyssey,glunet|False|True,81.446,-3.7819266638896925,-2.9382145647868527,0.0,0.0,74.00665000000001
synthetic_2d_warp,pointodyssey|glunet|True|False,pointodyssey,glunet|True|False,92.0552,-3.7819266638896925,-2.6951580348846407,0.0,0.0,83.73868
synthetic_2d_warp,pointodyssey|glunet|True|True,pointodyssey,glunet|True|True,96.0115,-3.7819266638896925,-1.7605894763725523,0.0,0.0,85.58270999999999
synthetic_2d_warp,pointodyssey|raft|True|False,pointodyssey,raft|True|False,38.923,-3.7819266638896925,-2.796502612908249,0.0,0.0,41.77955875
synthetic_2d_warp,spair|catspp|False|False,spair,catspp|False|False,3.1293,2.258330824741138,0.09120751029244087,0.0,0.0,3.568625
synthetic_2d_warp,spair|catspp|False|True,spair,catspp|False|True,3.183,2.258330824741138,0.1122175625080002,0.0,0.0,3.6008250000000004
synthetic_2d_warp,spair|catspp|True|False,spair,catspp|True|False,22.7753,2.258330824741138,0.8234435914099181,0.0,0.0,21.081690000000002
synthetic_2d_warp,spair|catspp|True|True,spair,catspp|True|True,25.8691,2.258330824741138,0.7417879995830884,0.0,0.0,22.132659999999998
synthetic_2d_warp,spair|glunet|False|False,spair,glunet|False|False,2.6434,2.258330824741138,0.11372223692545581,0.0,0.0,2.89236
synthetic_2d_warp,spair|glunet|False|True,spair,glunet|False|True,2.5156,2.258330824741138,0.057094354529757266,0.0,0.0,2.5876
synthetic_2d_warp,spair|glunet|True|False,spair,glunet|True|False,6.63,2.258330824741138,1.6401199039120227,0.0,0.0,7.61219
synthetic_2d_warp,spair|glunet|True|True,spair,glunet|True|True,15.6163,2.258330824741138,1.0829056382838258,0.0,0.0,8.39869
synthetic_2d_warp,spair|raft|True|False,spair,raft|True|False,3.0927,2.258330824741138,0.09001180230517528,0.0,0.0,2.73440375
synthetic_2d_warp,synthetic|catspp|False|False,synthetic,catspp|False|False,20.1312,5.428352731510814,7.83291310772431,0.0,0.0,23.03063
synthetic_2d_warp,synthetic|catspp|False|True,synthetic,catspp|False|True,18.8784,5.428352731510814,8.872505076615758,0.0,0.0,24.264325000000003
synthetic_2d_warp,synthetic|catspp|True|False,synthetic,catspp|True|False,44.6253,5.428352731510814,10.361783828750198,0.0,0.0,48.76914
synthetic_2d_warp,synthetic|catspp|True|True,synthetic,catspp|True|True,43.3481,5.428352731510814,7.441528209600012,0.0,0.0,47.87147
synthetic_2d_warp,synthetic|glunet|False|False,synthetic,glunet|False|False,23.9947,5.428352731510814,5.635964428794932,0.0,0.0,15.676480000000002
synthetic_2d_warp,synthetic|glunet|False|True,synthetic,glunet|False|True,12.7059,5.428352731510814,2.710124087263485,0.0,0.0,12.26568
synthetic_2d_warp,synthetic|glunet|True|False,synthetic,glunet|True|False,29.4639,5.428352731510814,11.239764673600133,0.0,0.0,28.81429
synthetic_2d_warp,synthetic|glunet|True|True,synthetic,glunet|True|True,37.0372,5.428352731510814,7.839266514855356,0.0,0.0,25.72003
synthetic_2d_warp,synthetic|raft|True|False,synthetic,raft|True|False,21.9875,5.428352731510814,11.36835347013474,0.0,0.0,20.9049525
synthetic_2d_warp,tss|catspp|False|False,tss,catspp|False|False,20.8428,4.57429478967346,1.6377393444776844,0.0,0.0,25.510804999999998
synthetic_2d_warp,tss|catspp|False|True,tss,catspp|False|True,20.0086,4.57429478967346,1.734513222145921,0.0,0.0,26.146224999999998
synthetic_2d_warp,tss|catspp|True|False,tss,catspp|True|False,65.697,4.57429478967346,0.594162769664448,0.0,0.0,63.82755999999999
synthetic_2d_warp,tss|catspp|True|True,tss,catspp|True|True,67.8214,4.57429478967346,0.6232285895819721,0.0,0.0,64.15476
synthetic_2d_warp,tss|glunet|False|False,tss,glunet|False|False,23.6203,4.57429478967346,1.8559640162861908,0.0,0.0,26.47484
synthetic_2d_warp,tss|glunet|False|True,tss,glunet|False|True,26.4422,4.57429478967346,1.4884206108675964,0.0,0.0,22.65664
synthetic_2d_warp,tss|glunet|True|False,tss,glunet|True|False,50.8272,4.57429478967346,3.135419473492333,0.0,0.0,47.75251
synthetic_2d_warp,tss|glunet|True|True,tss,glunet|True|True,66.2204,4.57429478967346,2.37541544808469,0.0,0.0,50.01884
synthetic_2d_warp,tss|raft|True|False,tss,raft|True|False,22.1823,4.57429478967346,1.3792775407594369,0.0,0.0,21.2654575
synthetic_large_zoom,flyingthings|catspp|False|False,flyingthings,catspp|False|False,67.1619,3.8070912544462376,4.8466071087188185,0.0,0.0,56.541645
synthetic_large_zoom,flyingthings|catspp|False|True,flyingthings,catspp|False|True,72.1858,3.8070912544462376,4.72923572654084,0.0,0.0,57.17853
synthetic_large_zoom,flyingthings|catspp|True|False,flyingthings,catspp|True|False,81.8483,3.8070912544462376,1.4635595187043344,0.0,0.0,79.76458
synthetic_large_zoom,flyingthings|catspp|True|True,flyingthings,catspp|True|True,82.1343,3.8070912544462376,1.0633541608272516,0.0,0.0,79.876775
synthetic_large_zoom,flyingthings|glunet|False|False,flyingthings,glunet|False|False,62.2616,3.8070912544462376,5.114026254273669,0.0,0.0,58.54774999999999
synthetic_large_zoom,flyingthings|glunet|False|True,flyingthings,glunet|False|True,57.5697,3.8070912544462376,4.518782832978156,0.0,0.0,51.849199999999996
synthetic_large_zoom,flyingthings|glunet|True|False,flyingthings,glunet|True|False,72.5692,3.8070912544462376,5.362704024811605,0.0,0.0,65.23088
synthetic_large_zoom,flyingthings|glunet|True|True,flyingthings,glunet|True|True,62.7767,3.8070912544462376,3.702828328864671,0.0,0.0,68.00435
synthetic_large_zoom,flyingthings|raft|True|False,flyingthings,raft|True|False,59.3757,3.8070912544462376,6.215256717997437,0.0,0.0,49.888130000000004
synthetic_large_zoom,kitti2012|catspp|False|False,kitti2012,catspp|False|False,88.0451,6.892719821314836,7.69304066974984,0.0,0.0,75.13224
synthetic_large_zoom,kitti2012|catspp|False|True,kitti2012,catspp|False|True,94.8248,6.892719821314836,7.423890521720945,0.0,0.0,76.66946
synthetic_large_zoom,kitti2012|catspp|True|False,kitti2012,catspp|True|False,98.7949,6.892719821314836,1.3965825762522017,0.0,0.0,95.49407
synthetic_large_zoom,kitti2012|catspp|True|True,kitti2012,catspp|True|True,98.6413,6.892719821314836,1.3045616294113784,0.0,0.0,95.37448
synthetic_large_zoom,kitti2012|glunet|False|False,kitti2012,glunet|False|False,97.9959,6.892719821314836,8.041687813989103,0.0,0.0,85.19883999999999
synthetic_large_zoom,kitti2012|glunet|False|True,kitti2012,glunet|False|True,97.0676,6.892719821314836,7.8068198037768415,0.0,0.0,81.51566
synthetic_large_zoom,kitti2012|glunet|True|False,kitti2012,glunet|True|False,99.1724,6.892719821314836,7.294513638379742,0.0,0.0,87.8049
synthetic_large_zoom,kitti2012|glunet|True|True,kitti2012,glunet|True|True,98.7654,6.892719821314836,4.649406853869991,0.0,0.0,91.13112
synthetic_large_zoom,kitti2012|raft|True|False,kitti2012,raft|True|False,98.2011,6.892719821314836,10.099803259400305,0.0,0.0,74.47640249999999
synthetic_large_zoom,kitti2015|catspp|False|False,kitti2015,catspp|False|False,90.7618,8.271414117387481,10.196839260911363,0.0,0.0,77.16654
synthetic_large_zoom,kitti2015|catspp|False|True,kitti2015,catspp|False|True,93.0548,8.271414117387481,9.956154775215888,0.0,0.0,77.77804
synthetic_large_zoom,kitti2015|catspp|True|False,kitti2015,catspp|True|False,98.0919,8.271414117387481,1.5456691160523788,0.0,0.0,94.854045
synthetic_large_zoom,kitti2015|catspp|True|True,kitti2015,catspp|True|True,97.7369,8.271414117387481,1.496234305841359,0.0,0.0,94.55743
synthetic_large_zoom,kitti2015|glunet|False|False,kitti2015,glunet|False|False,93.9536,8.271414117387481,10.485702552253619,0.0,0.0,81.03232
synthetic_large_zoom,kitti2015|glunet|False|True,kitti2015,glunet|False|True,88.1684,8.271414117387481,9.697042269205543,0.0,0.0,77.66272000000001
synthetic_large_zoom,kitti2015|glunet|True|False,kitti2015,glunet|True|False,98.0506,8.271414117387481,9.339942717799058,0.0,0.0,85.83094
synthetic_large_zoom,kitti2015|glunet|True|True,kitti2015,glunet|True|True,96.8003,8.271414117387481,6.277732735208504,0.0,0.0,89.0994
synthetic_large_zoom,kitti2015|raft|True|False,kitti2015,raft|True|False,94.1569,8.271414117387481,12.714802257594156,0.0,0.0,72.21270625
synthetic_large_zoom,pfpascal|catspp|False|False,pfpascal,catspp|False|False,16.3109,1.2646662392986374,0.6704016064958422,0.0,0.0,11.30889
synthetic_large_zoom,pfpascal|catspp|False|True,pfpascal,catspp|False|True,17.9071,1.2646662392986374,0.7234235983422466,0.0,0.0,11.30322
synthetic_large_zoom,pfpascal|catspp|True|False,pfpascal,catspp|True|False,47.5495,1.2646662392986374,0.8714421179737152,0.0,0.0,43.20949
synthetic_large_zoom,pfpascal|catspp|True|True,pfpascal,catspp|True|True,50.0421,1.2646662392986374,0.815587821500071,0.0,0.0,45.821005
synthetic_large_zoom,pfpascal|glunet|False|False,pfpascal,glunet|False|False,16.1068,1.2646662392986374,0.7396686124105332,0.0,0.0,11.334010000000001
synthetic_large_zoom,pfpascal|glunet|False|True,pfpascal,glunet|False|True,14.5575,1.2646662392986374,0.6511233449362807,0.0,0.0,11.33283
synthetic_large_zoom,pfpascal|glunet|True|False,pfpascal,glunet|True|False,23.0618,1.2646662392986374,1.598602894454442,0.0,0.0,26.19406
synthetic_large_zoom,pfpascal|glunet|True|True,pfpascal,glunet|True|True,19.3452,1.2646662392986374,1.45607784933652,0.0,0.0,32.62039
synthetic_large_zoom,pfpascal|raft|True|False,pfpascal,raft|True|False,11.9889,1.2646662392986374,0.6356922478739642,0.0,0.0,11.704113750000001
synthetic_large_zoom,pfwillow|catspp|False|False,pfwillow,catspp|False|False,18.7222,2.23937330153343,1.0682431766548255,0.0,0.0,13.580000000000002
synthetic_large_zoom,pfwillow|catspp|False|True,pfwillow,catspp|False|True,19.8667,2.23937330153343,1.1024126015405658,0.0,0.0,13.876105
synthetic_large_zoom,pfwillow|catspp|True|False,pfwillow,catspp|True|False,51.4222,2.23937330153343,1.2595724923695875,0.0,0.0,46.300560000000004
synthetic_large_zoom,pfwillow|catspp|True|True,pfwillow,catspp|True|True,54.3556,2.23937330153343,1.3623378392821914,0.0,0.0,48.19221
synthetic_large_zoom,pfwillow|glunet|False|False,pfwillow,glunet|False|False,18.3917,2.23937330153343,1.08793407926882,0.0,0.0,15.18792
synthetic_large_zoom,pfwillow|glunet|False|True,pfwillow,glunet|False|True,16.3506,2.23937330153343,1.0584933635819014,0.0,0.0,13.77065
synthetic_large_zoom,pfwillow|glunet|True|False,pfwillow,glunet|True|False,30.5,2.23937330153343,2.781526525134984,0.0,0.0,29.02209
synthetic_large_zoom,pfwillow|glunet|True|True,pfwillow,glunet|True|True,21.0975,2.23937330153343,2.4271049691411206,0.0,0.0,35.41006
synthetic_large_zoom,pfwillow|raft|True|False,pfwillow,raft|True|False,17.8333,2.23937330153343,0.9907175186860252,0.0,0.0,14.56871625
synthetic_large_zoom,pointodyssey|catspp|False|False,pointodyssey,catspp|False|False,34.7757,5.159120568998875,7.541122990304042,0.0,0.0,45.619045
synthetic_large_zoom,pointodyssey|catspp|False|True,pointodyssey,catspp|False|True,62.7536,5.159120568998875,8.539209150038996,0.0,0.0,49.83734
synthetic_large_zoom,pointodyssey|catspp|True|False,pointodyssey,catspp|True|False,45.1112,5.159120568998875,5.3596426056447335,0.0,0.0,58.77383999999999
synthetic_large_zoom,pointodyssey|catspp|True|True,pointodyssey,catspp|True|True,52.1959,5.159120568998875,5.515789876695553,0.0,0.0,58.48157
synthetic_large_zoom,pointodyssey|glunet|False|False,pointodyssey,glunet|False|False,85.5722,5.159120568998875,8.566066749611986,0.0,0.0,79.27020999999999
synthetic_large_zoom,pointodyssey|glunet|False|True,pointodyssey,glunet|False|True,80.976,5.159120568998875,8.203755288166326,0.0,0.0,74.05364999999999
synthetic_large_zoom,pointodyssey|glunet|True|False,pointodyssey,glunet|True|False,91.0513,5.159120568998875,7.532969831737304,0.0,0.0,83.83907
synthetic_large_zoom,pointodyssey|glunet|True|True,pointodyssey,glunet|True|True,85.0481,5.159120568998875,5.02851008001196,0.0,0.0,86.67904999999999
synthetic_large_zoom,pointodyssey|raft|True|False,pointodyssey,raft|True|False,36.4545,5.159120568998875,7.787493570350634,0.0,0.0,42.026408749999995
synthetic_large_zoom,spair|catspp|False|False,spair,catspp|False|False,4.0943,5.549177785000905,0.19213817524265078,0.0,0.0,3.4721249999999997
synthetic_large_zoom,spair|catspp|False|True,spair,catspp|False|True,4.1558,5.549177785000905,0.23876171463271087,0.0,0.0,3.503545
synthetic_large_zoom,spair|catspp|True|False,spair,catspp|True|False,20.9922,5.549177785000905,1.869713189737841,0.0,0.0,21.259999999999998
synthetic_large_zoom,spair|catspp|True|True,spair,catspp|True|True,21.5433,5.549177785000905,1.7650090649214445,0.0,0.0,22.56524
synthetic_large_zoom,spair|glunet|False|False,spair,glunet|False|False,3.0531,5.549177785000905,0.2565905292254282,0.0,0.0,2.85139
synthetic_large_zoom,spair|glunet|False|True,spair,glunet|False|True,2.5485,5.549177785000905,0.12867269531055175,0.0,0.0,2.58431
synthetic_large_zoom,spair|glunet|True|False,spair,glunet|True|False,4.5811,5.549177785000905,3.6510270932615163,0.0,0.0,7.81708
synthetic_large_zoom,spair|glunet|True|True,spair,glunet|True|True,3.6447,5.549177785000905,2.5210159029185437,0.0,0.0,9.59585
synthetic_large_zoom,spair|raft|True|False,spair,raft|True|False,2.9715,5.549177785000905,0.20719802358601294,0.0,0.0,2.74652375
synthetic_large_zoom,synthetic|catspp|False|False,synthetic,catspp|False|False,39.135,5.497338019152231,7.617532486261576,0.0,0.0,21.13025
synthetic_large_zoom,synthetic|catspp|False|True,synthetic,catspp|False|True,48.6509,5.497338019152231,7.747445705440762,0.0,0.0,21.287074999999998
synthetic_large_zoom,synthetic|catspp|True|False,synthetic,catspp|True|False,63.3596,5.497338019152231,10.735020305583749,0.0,0.0,46.89571
synthetic_large_zoom,synthetic|catspp|True|True,synthetic,catspp|True|True,61.0204,5.497338019152231,7.495177491525184,0.0,0.0,46.10424
synthetic_large_zoom,synthetic|glunet|False|False,synthetic,glunet|False|False,18.5281,5.497338019152231,6.361429598482028,0.0,0.0,16.22314
synthetic_large_zoom,synthetic|glunet|False|True,synthetic,glunet|False|True,15.7459,5.497338019152231,2.8340931964734493,0.0,0.0,11.96168
synthetic_large_zoom,synthetic|glunet|True|False,synthetic,glunet|True|False,25.3843,5.497338019152231,12.191849094131227,0.0,0.0,29.222250000000003
synthetic_large_zoom,synthetic|glunet|True|True,synthetic,glunet|True|True,18.4805,5.497338019152231,8.643228553443487,0.0,0.0,27.5757
synthetic_large_zoom,synthetic|raft|True|False,synthetic,raft|True|False,51.426,5.497338019152231,10.071158575202162,0.0,0.0,17.9611025
synthetic_large_zoom,tss|catspp|False|False,tss,catspp|False|False,33.0076,1.429167453162504,2.1415607807531862,0.0,0.0,24.294325
synthetic_large_zoom,tss|catspp|False|True,tss,catspp|False|True,37.3118,1.429167453162504,2.1950581433810807,0.0,0.0,24.415905000000002
synthetic_large_zoom,tss|catspp|True|False,tss,catspp|True|False,67.8898,1.429167453162504,0.7527456456766812,0.0,0.0,63.60828
synthetic_large_zoom,tss|catspp|True|True,tss,catspp|True|True,68.6688,1.429167453162504,0.81534919597655,0.0,0.0,64.07002
synthetic_large_zoom,tss|glunet|False|False,tss,glunet|False|False,32.7962,1.429167453162504,2.4517761841995442,0.0,0.0,25.55725
synthetic_large_zoom,tss|glunet|False|True,tss,glunet|False|True,27.4139,1.429167453162504,1.9895735171021767,0.0,0.0,22.559469999999997
synthetic_large_zoom,tss|glunet|True|False,tss,glunet|True|False,49.3439,1.429167453162504,4.218717977086388,0.0,0.0,47.90084
synthetic_large_zoom,tss|glunet|True|True,tss,glunet|True|True,34.6233,1.429167453162504,3.130852474231277,0.0,0.0,53.178549999999994
synthetic_large_zoom,tss|raft|True|False,tss,raft|True|False,25.936,1.4291674531625076,1.8218242866756404,0.0,0.0,20.8900875
synthetic_random_flipping,flyingthings|catspp|False|False,flyingthings,catspp|False|False,43.8954,-8.796695341740994,-10.937534258289453,0.0,0.0,58.868295
synthetic_random_flipping,flyingthings|catspp|False|True,flyingthings,catspp|False|True,50.8063,-8.796695341740994,-11.0227103664497,0.0,0.0,59.31648
synthetic_random_flipping,flyingthings|catspp|True|False,flyingthings,catspp|True|False,83.2946,-8.796695341740994,-3.307299623692298,0.0,0.0,79.61995
synthetic_random_flipping,flyingthings|catspp|True|True,flyingthings,catspp|True|True,80.7323,-8.796695341740994,-2.4597677604108563,0.0,0.0,80.016975
synthetic_random_flipping,flyingthings|glunet|False|False,flyingthings,glunet|False|False,63.9418,-8.796695341740994,-11.676095219379258,0.0,0.0,58.379729999999995
synthetic_random_flipping,flyingthings|glunet|False|True,flyingthings,glunet|False|True,50.412,-8.796695341740994,-10.375865738493145,0.0,0.0,52.56497
synthetic_random_flipping,flyingthings|glunet|True|False,flyingthings,glunet|True|False,81.6246,-8.796695341740994,-11.969349639384921,0.0,0.0,64.32534000000001
synthetic_random_flipping,flyingthings|glunet|True|True,flyingthings,glunet|True|True,77.2625,-8.796695341740994,-8.31711468469384,0.0,0.0,66.55577000000001
synthetic_random_flipping,flyingthings|raft|True|False,flyingthings,raft|True|False,54.9845,-8.796695341740994,-14.286848005980971,0.0,0.0,50.32725000000001
synthetic_random_flipping,kitti2012|catspp|False|False,kitti2012,catspp|False|False,62.5595,-19.41630841894106,-13.581530161322247,0.0,0.0,77.6808
synthetic_random_flipping,kitti2012|catspp|False|True,kitti2012,catspp|False|True,71.5744,-19.41630841894106,-13.482574374644164,0.0,0.0,78.9945
synthetic_random_flipping,kitti2012|catspp|True|False,kitti2012,catspp|True|False,97.9034,-19.41630841894106,-2.511263652017908,0.0,0.0,95.58322000000001
synthetic_random_flipping,kitti2012|catspp|True|True,kitti2012,catspp|True|True,95.9432,-19.41630841894106,-2.382558753102214,0.0,0.0,95.64429
synthetic_random_flipping,kitti2012|glunet|False|False,kitti2012,glunet|False|False,95.0148,-19.41630841894106,-14.345602523350008,0.0,0.0,85.49695
synthetic_random_flipping,kitti2012|glunet|False|True,kitti2012,glunet|False|True,83.8602,-19.41630841894106,-14.111174135396041,0.0,0.0,82.8364
synthetic_random_flipping,kitti2012|glunet|True|False,kitti2012,glunet|True|False,98.9943,-19.41630841894106,-12.948003792255964,0.0,0.0,87.82271
synthetic_random_flipping,kitti2012|glunet|True|True,kitti2012,glunet|True|True,98.8084,-19.41630841894106,-8.24825617570892,0.0,0.0,91.12682
synthetic_random_flipping,kitti2012|raft|True|False,kitti2012,raft|True|False,86.3393,-19.41630841894106,-18.293589227110054,0.0,0.0,75.6625825
synthetic_random_flipping,kitti2015|catspp|False|False,kitti2015,catspp|False|False,72.005,-18.625329139845913,-11.345506804395859,0.0,0.0,79.04222
synthetic_random_flipping,kitti2015|catspp|False|True,kitti2015,catspp|False|True,78.5201,-18.625329139845913,-11.180903037396202,0.0,0.0,79.23151
synthetic_random_flipping,kitti2015|catspp|True|False,kitti2015,catspp|True|False,97.1466,-18.625329139845913,-1.7360613282160902,0.0,0.0,94.94857499999999
synthetic_random_flipping,kitti2015|catspp|True|True,kitti2015,catspp|True|True,95.5148,-18.625329139845913,-1.7084109033420343,0.0,0.0,94.77964
synthetic_random_flipping,kitti2015|glunet|False|False,kitti2015,glunet|False|False,90.6756,-18.625329139845913,-11.607148299562489,0.0,0.0,81.36012000000001
synthetic_random_flipping,kitti2015|glunet|False|True,kitti2015,glunet|False|True,84.0249,-18.625329139845913,-10.740750390504136,0.0,0.0,78.07707
synthetic_random_flipping,kitti2015|glunet|True|False,kitti2015,glunet|True|False,97.5133,-18.625329139845913,-10.285756656558474,0.0,0.0,85.88467
synthetic_random_flipping,kitti2015|glunet|True|True,kitti2015,glunet|True|True,97.2046,-18.625329139845913,-6.891963334728603,0.0,0.0,89.05897
synthetic_random_flipping,kitti2015|raft|True|False,kitti2015,raft|True|False,85.0135,-18.625329139845913,-14.248254144292025,0.0,0.0,73.12704625
synthetic_random_flipping,pfpascal|catspp|False|False,pfpascal,catspp|False|False,5.3233,-5.335818290683582,-1.3638687839625456,0.0,0.0,12.40765
synthetic_random_flipping,pfpascal|catspp|False|True,pfpascal,catspp|False|True,6.5354,-5.335818290683582,-1.598094437342382,0.0,0.0,12.440389999999999
synthetic_random_flipping,pfpascal|catspp|True|False,pfpascal,catspp|True|False,39.4059,-5.335818290683582,-1.884466523748089,0.0,0.0,44.023849999999996
synthetic_random_flipping,pfpascal|catspp|True|True,pfpascal,catspp|True|True,38.0521,-5.335818290683582,-1.5794191337364154,0.0,0.0,47.020005
synthetic_random_flipping,pfpascal|glunet|False|False,pfpascal,glunet|False|False,8.1688,-5.335818290683582,-1.6276244648049596,0.0,0.0,12.12781
synthetic_random_flipping,pfpascal|glunet|False|True,pfpascal,glunet|False|True,5.604,-5.335818290683582,-1.2866228045154666,0.0,0.0,12.22818
synthetic_random_flipping,pfpascal|glunet|True|False,pfpascal,glunet|True|False,30.4384,-5.335818290683582,-3.4471379064650574,0.0,0.0,25.456400000000002
synthetic_random_flipping,pfpascal|glunet|True|True,pfpascal,glunet|True|True,32.8035,-5.335818290683582,-3.4290103408766277,0.0,0.0,31.27456
synthetic_random_flipping,pfpascal|raft|True|False,pfpascal,raft|True|False,7.6938,-5.335818290683582,-1.305020364187778,0.0,0.0,12.133623750000002
synthetic_random_flipping,pfwillow|catspp|False|False,pfwillow,catspp|False|False,8.2333,-0.25360438559731824,-0.22277555435556617,0.0,0.0,14.628890000000002
synthetic_random_flipping,pfwillow|catspp|False|True,pfwillow,catspp|False|True,8.9444,-0.25360438559731824,-0.23821664177353039,0.0,0.0,14.968335
synthetic_random_flipping,pfwillow|catspp|True|False,pfwillow,catspp|True|False,40.1667,-0.25360438559731824,-0.2595145096366869,0.0,0.0,47.42611
synthetic_random_flipping,pfwillow|catspp|True|True,pfwillow,catspp|True|True,40.1,-0.25360438559731824,-0.27050104403808145,0.0,0.0,49.61777
synthetic_random_flipping,pfwillow|glunet|False|False,pfwillow,glunet|False|False,13.3667,-0.25360438559731824,-0.23797038350313166,0.0,0.0,15.69042
synthetic_random_flipping,pfwillow|glunet|False|True,pfwillow,glunet|False|True,7.7889,-0.25360438559731824,-0.20495306384245607,0.0,0.0,14.62682
synthetic_random_flipping,pfwillow|glunet|True|False,pfwillow,glunet|True|False,36.342,-0.25360438559731824,-0.5884546778475948,0.0,0.0,28.43789
synthetic_random_flipping,pfwillow|glunet|True|True,pfwillow,glunet|True|True,36.9201,-0.25360438559731824,-0.5711761677414086,0.0,0.0,33.8278
synthetic_random_flipping,pfwillow|raft|True|False,pfwillow,raft|True|False,13.5556,-0.25360438559731824,-0.21941129242743154,0.0,0.0,14.99648625
synthetic_random_flipping,pointodyssey|catspp|False|False,pointodyssey,catspp|False|False,17.1954,-13.807033487940034,-14.606098360124031,0.0,0.0,47.377075000000005
synthetic_random_flipping,pointodyssey|catspp|False|True,pointodyssey,catspp|False|True,17.5356,-13.807033487940034,-16.288291772535565,0.0,0.0,54.359140000000004
synthetic_random_flipping,pointodyssey|catspp|True|False,pointodyssey,catspp|True|False,48.4592,-13.807033487940034,-11.451782304967864,0.0,0.0,58.43904
synthetic_random_flipping,pointodyssey|catspp|True|True,pointodyssey,catspp|True|True,48.5201,-13.807033487940034,-11.456710786993707,0.0,0.0,58.849149999999995
synthetic_random_flipping,pointodyssey|glunet|False|False,pointodyssey,glunet|False|False,88.4868,-13.807033487940034,-17.94170149192862,0.0,0.0,78.97875
synthetic_random_flipping,pointodyssey|glunet|False|True,pointodyssey,glunet|False|True,78.4489,-13.807033487940034,-17.290239932577123,0.0,0.0,74.30636
synthetic_random_flipping,pointodyssey|glunet|True|False,pointodyssey,glunet|True|False,97.2085,-13.807033487940034,-15.618541813238803,0.0,0.0,83.22335000000001
synthetic_random_flipping,pointodyssey|glunet|True|True,pointodyssey,glunet|True|True,95.8802,-13.807033487940034,-10.335556780401271,0.0,0.0,85.59584
synthetic_random_flipping,pointodyssey|raft|True|False,pointodyssey,raft|True|False,33.6102,-13.807033487940034,-16.306914091735223,0.0,0.0,42.31083875
synthetic_random_flipping,spair|catspp|False|False,spair,catspp|False|False,3.3223,2.1707656750502498,0.09428002192792097,0.0,0.0,3.5493250000000005
synthetic_random_flipping,spair|catspp|False|True,spair,catspp|False|True,3.4986,2.1707656750502498,0.11501667530215999,0.0,0.0,3.569265
synthetic_random_flipping,spair|catspp|True|False,spair,catspp|True|False,23.9303,2.1707656750502498,0.7973480957964487,0.0,0.0,20.96619
synthetic_random_flipping,spair|catspp|True|True,spair,catspp|True|True,25.8495,2.1707656750502498,0.7356420164327542,0.0,0.0,22.13462
synthetic_random_flipping,spair|glunet|False|False,spair,glunet|False|False,3.3198,2.1707656750502498,0.10848363745993579,0.0,0.0,2.82472
synthetic_random_flipping,spair|glunet|False|True,spair,glunet|False|True,2.7843,2.1707656750502498,0.054527664995908276,0.0,0.0,2.5607300000000004
synthetic_random_flipping,spair|glunet|True|False,spair,glunet|True|False,12.1407,2.1707656750502498,1.5859623892714012,0.0,0.0,7.06112
synthetic_random_flipping,spair|glunet|True|True,spair,glunet|True|True,14.4483,2.1707656750502498,1.112442536919549,0.0,0.0,8.51549
synthetic_random_flipping,spair|raft|True|False,spair,raft|True|False,2.895,2.1707656750502498,0.09224143737558058,0.0,0.0,2.75417375
synthetic_random_flipping,synthetic|catspp|False|False,synthetic,catspp|False|False,19.2799,4.749515208949588,8.250403230099396,0.0,0.0,23.11576
synthetic_random_flipping,synthetic|catspp|False|True,synthetic,catspp|False|True,21.8158,4.749515208949588,9.420168163993685,0.0,0.0,23.970585
synthetic_random_flipping,synthetic|catspp|True|False,synthetic,catspp|True|False,84.9434,4.749515208949588,7.103633284356393,0.0,0.0,44.73733
synthetic_random_flipping,synthetic|catspp|True|True,synthetic,catspp|True|True,70.9568,4.749515208949588,5.804460922586307,0.0,0.0,45.1106
synthetic_random_flipping,synthetic|glunet|False|False,synthetic,glunet|False|False,33.5541,4.749515208949588,4.800032412792186,0.0,0.0,14.72054
synthetic_random_flipping,synthetic|glunet|False|True,synthetic,glunet|False|True,16.7068,4.749515208949588,2.67890229600264,0.0,0.0,11.865590000000001
synthetic_random_flipping,synthetic|glunet|True|False,synthetic,glunet|True|False,71.1258,4.749515208949588,6.882152607180437,0.0,0.0,24.6481
synthetic_random_flipping,synthetic|glunet|True|True,synthetic,glunet|True|True,54.0369,4.749515208949588,5.919685919935475,0.0,0.0,24.02006
synthetic_random_flipping,synthetic|raft|True|False,synthetic,raft|True|False,24.5252,4.749515208949588,11.973286986227752,0.0,0.0,20.651182499999997
synthetic_random_flipping,tss|catspp|False|False,tss,catspp|False|False,11.4546,1.791914216962772,0.49557804273902767,0.0,0.0,26.449625000000005
synthetic_random_flipping,tss|catspp|False|True,tss,catspp|False|True,15.3875,1.791914216962772,0.5638892091976652,0.0,0.0,26.608335
synthetic_random_flipping,tss|catspp|True|False,tss,catspp|True|False,67.4824,1.791914216962772,0.19249386438364902,0.0,0.0,63.64901999999999
synthetic_random_flipping,tss|catspp|True|True,tss,catspp|True|True,68.1239,1.791914216962772,0.2091497432359456,0.0,0.0,64.12451
synthetic_random_flipping,tss|glunet|False|False,tss,glunet|False|False,26.1956,1.791914216962772,0.6303217176379546,0.0,0.0,26.217309999999998
synthetic_random_flipping,tss|glunet|False|True,tss,glunet|False|True,14.4363,1.791914216962772,0.48090224734934306,0.0,0.0,23.85723
synthetic_random_flipping,tss|glunet|True|False,tss,glunet|True|False,66.03,1.791914216962772,1.0051574331643016,0.0,0.0,46.23223
synthetic_random_flipping,tss|glunet|True|True,tss,glunet|True|True,68.4478,1.791914216962772,0.7878803778333568,0.0,0.0,49.7961
synthetic_random_flipping,tss|raft|True|False,tss,raft|True|False,18.9126,1.791914216962772,0.4648924336181753,0.0,0.0,21.5924275
synthetic_small_zoom,flyingthings|catspp|False|False,flyingthings,catspp|False|False,66.7727,5.94974028842892,2.764094571068813,0.0,0.0,56.580565
synthetic_small_zoom,flyingthings|catspp|False|True,flyingthings,catspp|False|True,70.0137,5.94974028842892,2.71649376025254,0.0,0.0,57.39574
synthetic_small_zoom,flyingthings|catspp|True|False,flyingthings,catspp|True|False,81.3255,5.94974028842892,0.8360558434144982,0.0,0.0,79.81685999999999
synthetic_small_zoom,flyingthings|catspp|True|True,flyingthings,catspp|True|True,81.1893,5.94974028842892,0.6112061568939162,0.0,0.0,79.97127499999999
synthetic_small_zoom,flyingthings|glunet|False|False,flyingthings,glunet|False|False,64.6211,5.94974028842892,2.9053742204868533,0.0,0.0,58.311800000000005
synthetic_small_zoom,flyingthings|glunet|False|True,flyingthings,glunet|False|True,57.9755,5.94974028842892,2.572518535045982,0.0,0.0,51.80862
synthetic_small_zoom,flyingthings|glunet|True|False,flyingthings,glunet|True|False,75.9953,5.94974028842892,3.03440909226511,0.0,0.0,64.88827
synthetic_small_zoom,flyingthings|glunet|True|True,flyingthings,glunet|True|True,72.6252,5.94974028842892,2.1077701561200826,0.0,0.0,67.0195
synthetic_small_zoom,flyingthings|raft|True|False,flyingthings,raft|True|False,63.0829,5.94974028842892,3.5166498325349607,0.0,0.0,49.51741
synthetic_small_zoom,kitti2012|catspp|False|False,kitti2012,catspp|False|False,90.3601,14.453870584375151,15.049554732437537,0.0,0.0,74.90074
synthetic_small_zoom,kitti2012|catspp|False|True,kitti2012,catspp|False|True,91.7972,14.453870584375151,14.74712601047934,0.0,0.0,76.97222000000001
synthetic_small_zoom,kitti2012|catspp|True|False,kitti2012,catspp|True|False,98.6145,14.453870584375151,2.7567114821191208,0.0,0.0,95.51210999999999
synthetic_small_zoom,kitti2012|catspp|True|True,kitti2012,catspp|True|True,98.7183,14.453870584375151,2.563039812581811,0.0,0.0,95.36678
synthetic_small_zoom,kitti2012|glunet|False|False,kitti2012,glunet|False|False,98.5049,14.453870584375151,15.80710459863344,0.0,0.0,85.14794
synthetic_small_zoom,kitti2012|glunet|False|True,kitti2012,glunet|False|True,98.3756,14.453870584375151,15.305539391437907,0.0,0.0,81.38486
synthetic_small_zoom,kitti2012|glunet|True|False,kitti2012,glunet|True|False,99.1933,14.453870584375151,14.353302030940904,0.0,0.0,87.80281
synthetic_small_zoom,kitti2012|glunet|True|True,kitti2012,glunet|True|True,99.0835,14.453870584375151,9.137928854048148,0.0,0.0,91.09931
synthetic_small_zoom,kitti2012|raft|True|False,kitti2012,raft|True|False,98.2173,14.453870584375151,19.87337359068474,0.0,0.0,74.47478249999999
synthetic_small_zoom,kitti2015|catspp|False|False,kitti2015,catspp|False|False,88.7903,13.020397967893572,14.268632052399035,0.0,0.0,77.36368999999999
synthetic_small_zoom,kitti2015|catspp|False|True,kitti2015,catspp|False|True,88.9381,13.020397967893572,14.015749185606493,0.0,0.0,78.18971
synthetic_small_zoom,kitti2015|catspp|True|False,kitti2015,catspp|True|False,97.692,13.020397967893572,2.1744003316655225,0.0,0.0,94.894035
synthetic_small_zoom,kitti2015|catspp|True|True,kitti2015,catspp|True|True,97.817,13.020397967893572,2.0789495530352977,0.0,0.0,94.54942
synthetic_small_zoom,kitti2015|glunet|False|False,kitti2015,glunet|False|False,95.5117,13.020397967893572,14.545858421685756,0.0,0.0,80.87651
synthetic_small_zoom,kitti2015|glunet|False|True,kitti2015,glunet|False|True,92.7311,13.020397967893572,13.332306429033705,0.0,0.0,77.20644999999999
synthetic_small_zoom,kitti2015|glunet|True|False,kitti2015,glunet|True|False,98.1319,13.020397967893572,13.004647532587496,0.0,0.0,85.82281
synthetic_small_zoom,kitti2015|glunet|True|True,kitti2015,glunet|True|True,97.9048,13.020397967893572,8.70188488664564,0.0,0.0,88.98895
synthetic_small_zoom,kitti2015|raft|True|False,kitti2015,raft|True|False,92.9642,13.020397967893572,17.76362321437025,0.0,0.0,72.33197625
synthetic_small_zoom,pfpascal|catspp|False|False,pfpascal,catspp|False|False,15.9431,-0.4218423623744481,0.4683740073735288,0.0,0.0,11.34567
synthetic_small_zoom,pfpascal|catspp|False|True,pfpascal,catspp|False|True,18.9586,-0.4218423623744481,0.4832436464188057,0.0,0.0,11.19807
synthetic_small_zoom,pfpascal|catspp|True|False,pfpascal,catspp|True|False,46.1154,-0.4218423623744481,0.6127714725081788,0.0,0.0,43.3529
synthetic_small_zoom,pfpascal|catspp|True|True,pfpascal,catspp|True|True,47.1207,-0.4218423623744481,0.5797812837616215,0.0,0.0,46.113144999999996
synthetic_small_zoom,pfpascal|glunet|False|False,pfpascal,glunet|False|False,20.2654,-0.4218423623744481,0.44176071063354266,0.0,0.0,10.91815
synthetic_small_zoom,pfpascal|glunet|False|True,pfpascal,glunet|False|True,15.6204,-0.4218423623744481,0.440341338612839,0.0,0.0,11.22654
synthetic_small_zoom,pfpascal|glunet|True|False,pfpascal,glunet|True|False,26.2712,-0.4218423623744481,1.1110721561455978,0.0,0.0,25.87312
synthetic_small_zoom,pfpascal|glunet|True|True,pfpascal,glunet|True|True,31.3731,-0.4218423623744481,1.0948260927144624,0.0,0.0,31.417600000000004
synthetic_small_zoom,pfpascal|raft|True|False,pfpascal,raft|True|False,17.4659,-0.4218423623744481,0.3904094654015351,0.0,0.0,11.15641375
synthetic_small_zoom,pfwillow|catspp|False|False,pfwillow,catspp|False|False,19.4444,-0.19018399982708872,0.5194043305208756,0.0,0.0,13.50778
synthetic_small_zoom,pfwillow|catspp|False|True,pfwillow,catspp|False|True,20.5333,-0.19018399982708872,0.5360825485213961,0.0,0.0,13.809445
synthetic_small_zoom,pfwillow|catspp|True|False,pfwillow,catspp|True|False,48.7889,-0.19018399982708872,0.6488398629702146,0.0,0.0,46.56389
synthetic_small_zoom,pfwillow|catspp|True|True,pfwillow,catspp|True|True,48.6889,-0.19018399982708872,0.7144380791634034,0.0,0.0,48.75888
synthetic_small_zoom,pfwillow|glunet|False|False,pfwillow,glunet|False|False,21.063,-0.19018399982708872,0.5046784984077892,0.0,0.0,14.92079
synthetic_small_zoom,pfwillow|glunet|False|True,pfwillow,glunet|False|True,16.9778,-0.19018399982708872,0.5207574316053448,0.0,0.0,13.70793
synthetic_small_zoom,pfwillow|glunet|True|False,pfwillow,glunet|True|False,29.3389,-0.19018399982708872,1.3833975185631722,0.0,0.0,29.1382
synthetic_small_zoom,pfwillow|glunet|True|True,pfwillow,glunet|True|True,31.6222,-0.19018399982708872,1.3135117846234594,0.0,0.0,34.35759
synthetic_small_zoom,pfwillow|raft|True|False,pfwillow,raft|True|False,18.7,-0.19018399982708872,0.4823299005992684,0.0,0.0,14.48204625
synthetic_small_zoom,pointodyssey|catspp|False|False,pointodyssey,catspp|False|False,46.4111,10.327588279412655,6.185154731813021,0.0,0.0,44.455505
synthetic_small_zoom,pointodyssey|catspp|False|True,pointodyssey,catspp|False|True,39.8187,10.327588279412655,6.936879582263718,0.0,0.0,52.13083
synthetic_small_zoom,pointodyssey|catspp|True|False,pointodyssey,catspp|True|False,45.3383,10.327588279412655,4.354561643971026,0.0,0.0,58.75113
synthetic_small_zoom,pointodyssey|catspp|True|True,pointodyssey,catspp|True|True,47.995,10.327588279412655,4.411895312264622,0.0,0.0,58.90166000000001
synthetic_small_zoom,pointodyssey|glunet|False|False,pointodyssey,glunet|False|False,87.5416,10.327588279412655,6.934371830626847,0.0,0.0,79.07327000000001
synthetic_small_zoom,pointodyssey|glunet|False|True,pointodyssey,glunet|False|True,80.8978,10.327588279412655,6.657466593146162,0.0,0.0,74.06147
synthetic_small_zoom,pointodyssey|glunet|True|False,pointodyssey,glunet|True|False,92.6605,10.327588279412655,6.095766814238324,0.0,0.0,83.67815
synthetic_small_zoom,pointodyssey|glunet|True|True,pointodyssey,glunet|True|True,90.8588,10.327588279412655,4.062779517491758,0.0,0.0,86.09797999999999
synthetic_small_zoom,pointodyssey|raft|True|False,pointodyssey,raft|True|False,65.6666,10.327588279412655,5.92579551323428,0.0,0.0,39.10519875
synthetic_small_zoom,spair|catspp|False|False,spair,catspp|False|False,3.622,2.235155160088674,0.11490225233336075,0.0,0.0,3.519355
synthetic_small_zoom,spair|catspp|False|True,spair,catspp|False|True,3.8854,2.235155160088674,0.13529984572511994,0.0,0.0,3.530585
synthetic_small_zoom,spair|catspp|True|False,spair,catspp|True|False,20.7809,2.235155160088674,0.9928072473207724,0.0,0.0,21.281129999999997
synthetic_small_zoom,spair|catspp|True|True,spair,catspp|True|True,20.6206,2.235155160088674,0.9255374331639756,0.0,0.0,22.65751
synthetic_small_zoom,spair|glunet|False|False,spair,glunet|False|False,3.0311,2.235155160088674,0.13658738414213645,0.0,0.0,2.8535899999999996
synthetic_small_zoom,spair|glunet|False|True,spair,glunet|False|True,2.408,2.235155160088674,0.06645641571566172,0.0,0.0,2.59836
synthetic_small_zoom,spair|glunet|True|False,spair,glunet|True|False,4.3584,2.235155160088674,1.9368374237148207,0.0,0.0,7.8393500000000005
synthetic_small_zoom,spair|glunet|True|True,spair,glunet|True|True,5.8067,2.235155160088674,1.4005576284948196,0.0,0.0,9.379650000000002
synthetic_small_zoom,spair|raft|True|False,spair,raft|True|False,2.7395,2.235155160088674,0.1117482543381898,0.0,0.0,2.76972375
synthetic_small_zoom,synthetic|catspp|False|False,synthetic,catspp|False|False,49.4854,2.948421795065946,4.375477180242763,0.0,0.0,20.09521
synthetic_small_zoom,synthetic|catspp|False|True,synthetic,catspp|False|True,50.3084,2.948421795065946,5.639921204541918,0.0,0.0,21.121325000000002
synthetic_small_zoom,synthetic|catspp|True|False,synthetic,catspp|True|False,61.0298,2.948421795065946,8.26718493071192,0.0,0.0,47.12869
synthetic_small_zoom,synthetic|catspp|True|True,synthetic,catspp|True|True,60.9373,2.948421795065946,5.691090758643939,0.0,0.0,46.11255
synthetic_small_zoom,synthetic|glunet|False|False,synthetic,glunet|False|False,16.7571,2.948421795065946,4.8390404086390895,0.0,0.0,16.40024
synthetic_small_zoom,synthetic|glunet|False|True,synthetic,glunet|False|True,14.039,2.948421795065946,2.2141423958786817,0.0,0.0,12.13237
synthetic_small_zoom,synthetic|glunet|True|False,synthetic,glunet|True|False,26.6724,2.948421795065946,9.259661760387806,0.0,0.0,29.093439999999998
synthetic_small_zoom,synthetic|glunet|True|True,synthetic,glunet|True|True,23.5695,2.948421795065946,6.695873084598196,0.0,0.0,27.0668
synthetic_small_zoom,synthetic|raft|True|False,synthetic,raft|True|False,54.0896,2.948421795065946,7.276519214806679,0.0,0.0,17.6947425
synthetic_small_zoom,tss|catspp|False|False,tss,catspp|False|False,33.4343,0.21193460007799295,2.020449043050453,0.0,0.0,24.251655
synthetic_small_zoom,tss|catspp|False|True,tss,catspp|False|True,38.3962,0.21193460007799295,2.046460749863397,0.0,0.0,24.307465
synthetic_small_zoom,tss|catspp|True|False,tss,catspp|True|False,64.8435,0.21193460007799295,0.7642708147639409,0.0,0.0,63.91291
synthetic_small_zoom,tss|catspp|True|True,tss,catspp|True|True,65.1306,0.21193460007799295,0.8282440299095831,0.0,0.0,64.42384
synthetic_small_zoom,tss|glunet|False|False,tss,glunet|False|False,39.6402,0.21193460007799295,2.1642166998520143,0.0,0.0,24.87285
synthetic_small_zoom,tss|glunet|False|True,tss,glunet|False|True,29.9933,0.21193460007799295,1.8442195153573913,0.0,0.0,22.30153
synthetic_small_zoom,tss|glunet|True|False,tss,glunet|True|False,55.011,0.21193460007799295,3.9669801681878227,0.0,0.0,47.33413
synthetic_small_zoom,tss|glunet|True|True,tss,glunet|True|True,51.7585,0.21193460007799295,3.207187439115326,0.0,0.0,51.46503
synthetic_small_zoom,tss|raft|True|False,tss,raft|True|False,31.9553,0.21193460007799295,1.582226187075454,0.0,0.0,20.2881575
