train_dataset,context_id,benchmark,variant,actual,g,g_zridge,g_rank,g_gbm,L
flyingthings,flyingthings|catspp|False|False,flyingthings,catspp|False|False,70.7445,-0.01373499521913415,0.016040911150377934,0.0,0.0,56.183385
flyingthings,flyingthings|catspp|False|True,flyingthings,catspp|False|True,61.1514,-0.01373499521913415,0.01626639038316824,0.0,0.0,58.28197
flyingthings,flyingthings|catspp|True|False,flyingthings,catspp|True|False,63.3569,-0.01373499521913415,0.0018265103597760513,0.0,0.0,81.61372
flyingthings,flyingthings|catspp|True|True,flyingthings,catspp|True|True,82.2555,-0.01373499521913415,0.0035563689392837466,0.0,0.0,79.864655
flyingthings,flyingthings|glunet|False|False,flyingthings,glunet|False|False,54.827,-0.01373499521913415,0.017118839544038467,0.0,0.0,59.29121
flyingthings,flyingthings|glunet|False|True,flyingthings,glunet|False|True,61.0606,-0.01373499521913415,0.015013817550995175,0.0,0.0,51.50010999999999
flyingthings,flyingthings|glunet|True|False,flyingthings,glunet|True|False,72.5692,-0.01373499521913415,0.017963091618405293,0.0,0.0,65.23088
flyingthings,flyingthings|glunet|True|True,flyingthings,glunet|True|True,78.4335,-0.01373499521913415,0.012103911055527545,0.0,0.0,66.43867
flyingthings,flyingthings|raft|True|False,flyingthings,raft|True|False,3.4438,-0.01373499521913415,0.01639262179267952,0.0,0.0,55.481320000000004
flyingthings,kitti2012|catspp|False|False,kitti2012,catspp|False|False,91.745,-0.4821540563169576,0.3963042674367414,0.0,0.0,74.76225
flyingthings,kitti2012|catspp|False|True,kitti2012,catspp|False|True,91.7972,-0.4821540563169576,0.3899190059159513,0.0,0.0,76.97222000000001
flyingthings,kitti2012|catspp|True|False,kitti2012,catspp|True|False,98.205,-0.4821540563169576,0.0733472863218689,0.0,0.0,95.55306
flyingthings,kitti2012|catspp|True|True,kitti2012,catspp|True|True,97.709,-0.4821540563169576,0.06894353988116575,0.0,0.0,95.46771
flyingthings,kitti2012|glunet|False|False,kitti2012,glunet|False|False,98.5049,-0.4821540563169576,0.41794519875457936,0.0,0.0,85.14794
flyingthings,kitti2012|glunet|False|True,kitti2012,glunet|False|True,94.6197,-0.4821540563169576,0.4086095056789177,0.0,0.0,81.76045
flyingthings,kitti2012|glunet|True|False,kitti2012,glunet|True|False,99.1724,-0.4821540563169576,0.37952401269316854,0.0,0.0,87.8049
flyingthings,kitti2012|glunet|True|True,kitti2012,glunet|True|True,98.7654,-0.4821540563169576,0.24190256311808112,0.0,0.0,91.13112
flyingthings,kitti2012|raft|True|False,kitti2012,raft|True|False,84.6833,-0.4821540563169576,0.5372812209782082,0.0,0.0,75.8281825
flyingthings,kitti2015|catspp|False|False,kitti2015,catspp|False|False,89.5554,-0.3997880500125857,0.31977087502462354,0.0,0.0,77.28718
flyingthings,kitti2015|catspp|False|True,kitti2015,catspp|False|True,12.2973,-0.3997880500125857,0.06597551345344271,0.0,0.0,85.85379
flyingthings,kitti2015|catspp|True|False,kitti2015,catspp|True|False,92.1125,-0.3997880500125857,0.048202455843067205,0.0,0.0,95.45198500000001
flyingthings,kitti2015|catspp|True|True,kitti2015,catspp|True|True,96.3826,-0.3997880500125857,0.048146595040986374,0.0,0.0,94.69286
flyingthings,kitti2015|glunet|False|False,kitti2015,glunet|False|False,93.9097,-0.3997880500125857,0.3278755448350034,0.0,0.0,81.03671
flyingthings,kitti2015|glunet|False|True,kitti2015,glunet|False|True,92.7311,-0.3997880500125857,0.2993074660426116,0.0,0.0,77.20644999999999
flyingthings,kitti2015|glunet|True|False,kitti2015,glunet|True|False,95.0124,-0.3997880500125857,0.29416885618842453,0.0,0.0,86.13476
flyingthings,kitti2015|glunet|True|True,kitti2015,glunet|True|True,96.8003,-0.3997880500125857,0.196276964664095,0.0,0.0,89.0994
flyingthings,kitti2015|raft|True|False,kitti2015,raft|True|False,83.4171,-0.3997880500125857,0.40596565884791286,0.0,0.0,73.28668625
flyingthings,pfpascal|catspp|False|False,pfpascal,catspp|False|False,9.00725,-0.08448940814767168,0.016136566809034317,0.0,0.0,12.039255
flyingthings,pfpascal|catspp|False|True,pfpascal,catspp|False|True,17.9071,-0.08448940814767168,0.016784820607944766,0.0,0.0,11.30322
flyingthings,pfpascal|catspp|True|False,pfpascal,catspp|True|False,46.1154,-0.08448940814767168,0.020539463480804848,0.0,0.0,43.3529
flyingthings,pfpascal|catspp|True|True,pfpascal,catspp|True|True,40.9858,-0.08448940814767168,0.018451178601748396,0.0,0.0,46.726635
flyingthings,pfpascal|glunet|False|False,pfpascal,glunet|False|False,6.0177,-0.08448940814767168,0.016566493630821272,0.0,0.0,12.34292
flyingthings,pfpascal|glunet|False|True,pfpascal,glunet|False|True,15.9056,-0.08448940814767168,0.014646638092216587,0.0,0.0,11.19802
flyingthings,pfpascal|glunet|True|False,pfpascal,glunet|True|False,26.2712,-0.08448940814767168,0.037241984980603056,0.0,0.0,25.87312
flyingthings,pfpascal|glunet|True|True,pfpascal,glunet|True|True,31.3731,-0.08448940814767168,0.03669743380366131,0.0,0.0,31.4176
flyingthings,pfpascal|raft|True|False,pfpascal,raft|True|False,12.3863,-0.08448940814767168,0.014731889841691615,0.0,0.0,11.66437375
flyingthings,pfwillow|catspp|False|False,pfwillow,catspp|False|False,15.5,-0.001474882964157309,0.003956388121397566,0.0,0.0,13.90222
flyingthings,pfwillow|catspp|False|True,pfwillow,catspp|False|True,14.47225,-0.001474882964157309,0.004169203191944639,0.0,0.0,14.415550000000001
flyingthings,pfwillow|catspp|True|False,pfwillow,catspp|True|False,44.75,-0.001474882964157309,0.004577221952907322,0.0,0.0,46.96778
flyingthings,pfwillow|catspp|True|True,pfwillow,catspp|True|True,48.6889,-0.001474882964157309,0.005039719263788154,0.0,0.0,48.75888
flyingthings,pfwillow|glunet|False|False,pfwillow,glunet|False|False,5.6222,-0.001474882964157309,0.0026891017855031076,0.0,0.0,16.464869999999998
flyingthings,pfwillow|glunet|False|True,pfwillow,glunet|False|True,18.3398,-0.001474882964157309,0.003559979955012773,0.0,0.0,13.571729999999999
flyingthings,pfwillow|glunet|True|False,pfwillow,glunet|True|False,11.9333,-0.001474882964157309,0.00841214456902538,0.0,0.0,30.87876
flyingthings,pfwillow|glunet|True|True,pfwillow,glunet|True|True,21.0975,-0.001474882964157309,0.008508648177794809,0.0,0.0,35.41006
flyingthings,pfwillow|raft|True|False,pfwillow,raft|True|False,6.6805625,-0.001474882964157309,0.0026949969281904363,0.0,0.0,15.68399
flyingthings,pointodyssey|catspp|False|False,pointodyssey,catspp|False|False,46.0158,-0.0966469927868236,0.06706693866553595,0.0,0.0,44.495034999999994
flyingthings,pointodyssey|catspp|False|True,pointodyssey,catspp|False|True,68.9316,-0.0966469927868236,0.07387342897964141,0.0,0.0,49.21954
flyingthings,pointodyssey|catspp|True|False,pointodyssey,catspp|True|False,58.6808,-0.0966469927868236,0.048769822323133385,0.0,0.0,57.416880000000006
flyingthings,pointodyssey|catspp|True|True,pointodyssey,catspp|True|True,71.0583,-0.0966469927868236,0.04703423013271554,0.0,0.0,56.595330000000004
flyingthings,pointodyssey|glunet|False|False,pointodyssey,glunet|False|False,87.5416,-0.0966469927868236,0.07518025386710982,0.0,0.0,79.07327000000001
flyingthings,pointodyssey|glunet|False|True,pointodyssey,glunet|False|True,78.5324,-0.0966469927868236,0.07234540256705375,0.0,0.0,74.29801
flyingthings,pointodyssey|glunet|True|False,pointodyssey,glunet|True|False,91.9268,-0.0966469927868236,0.0661762270196906,0.0,0.0,83.75152
flyingthings,pointodyssey|glunet|True|True,pointodyssey,glunet|True|True,89.2135,-0.0966469927868236,0.04418012309619218,0.0,0.0,86.26250999999999
flyingthings,pointodyssey|raft|True|False,pointodyssey,raft|True|False,38.923,-0.0966469927868236,0.06864928936245429,0.0,0.0,41.77955875
flyingthings,spair|catspp|False|False,spair,catspp|False|False,3.622,0.046577643055948637,0.0014553452336425272,0.0,0.0,3.519355
flyingthings,spair|catspp|False|True,spair,catspp|False|True,3.8854,0.046577643055948637,0.0017136999631420827,0.0,0.0,3.530585
flyingthings,spair|catspp|True|False,spair,catspp|True|False,14.7345,0.046577643055948637,0.009892528327477354,0.0,0.0,21.88577
flyingthings,spair|catspp|True|True,spair,catspp|True|True,19.8812,0.046577643055948637,0.011520286944968788,0.0,0.0,22.731450000000002
flyingthings,spair|glunet|False|False,spair,glunet|False|False,2.6434,0.046577643055948637,0.0017195473436121813,0.0,0.0,2.89236
flyingthings,spair|glunet|False|True,spair,glunet|False|True,2.5485,0.046577643055948637,0.0008659721715421562,0.0,0.0,2.58431
flyingthings,spair|glunet|True|False,spair,glunet|True|False,4.3584,0.046577643055948637,0.024531869965141097,0.0,0.0,7.8393500000000005
flyingthings,spair|glunet|True|True,spair,glunet|True|True,15.5133,0.046577643055948637,0.01643274450704829,0.0,0.0,8.40899
flyingthings,spair|raft|True|False,spair,raft|True|False,2.3576,0.046577643055948637,0.0013282676861097675,0.0,0.0,2.80791375
flyingthings,synthetic|catspp|False|False,synthetic,catspp|False|False,49.4854,0.047700876143237925,0.043966959317802014,0.0,0.0,20.09521
flyingthings,synthetic|catspp|False|True,synthetic,catspp|False|True,19.6472,0.047700876143237925,0.07366225220607493,0.0,0.0,24.187445
flyingthings,synthetic|catspp|True|False,synthetic,catspp|True|False,44.6253,0.047700876143237925,0.08584926129872666,0.0,0.0,48.76914
flyingthings,synthetic|catspp|True|True,synthetic,catspp|True|True,41.0818,0.047700876143237925,0.061029795256342084,0.0,0.0,48.0981
flyingthings,synthetic|glunet|False|False,synthetic,glunet|False|False,15.5289,0.047700876143237925,0.0486014823820413,0.0,0.0,16.523059999999997
flyingthings,synthetic|glunet|False|True,synthetic,glunet|False|True,10.7744,0.047700876143237925,0.022296514182905545,0.0,0.0,12.45883
flyingthings,synthetic|glunet|True|False,synthetic,glunet|True|False,25.3843,0.047700876143237925,0.09291862927625746,0.0,0.0,29.222250000000003
flyingthings,synthetic|glunet|True|True,synthetic,glunet|True|True,6.6584,0.047700876143237925,0.05708485345494977,0.0,0.0,28.75791
flyingthings,synthetic|raft|True|False,synthetic,raft|True|False,24.5252,0.047700876143237925,0.09399301826850782,0.0,0.0,20.651182499999997
flyingthings,tss|catspp|False|False,tss,catspp|False|False,27.7243,-0.005614039322043081,0.01358760620159335,0.0,0.0,24.822655
flyingthings,tss|catspp|False|True,tss,catspp|False|True,20.9901,-0.005614039322043081,0.014372234812994525,0.0,0.0,26.048075
flyingthings,tss|catspp|True|False,tss,catspp|True|False,58.5563,-0.005614039322043081,0.0042599724537451065,0.0,0.0,64.54163
flyingthings,tss|catspp|True|True,tss,catspp|True|True,63.5068,-0.005614039322043081,0.005348123883122254,0.0,0.0,64.58622
flyingthings,tss|glunet|False|False,tss,glunet|False|False,17.947,-0.005614039322043081,0.01485069899141984,0.0,0.0,27.04217
flyingthings,tss|glunet|False|True,tss,glunet|False|True,18.6283,-0.005614039322043081,0.012202873323541143,0.0,0.0,23.43803
flyingthings,tss|glunet|True|False,tss,glunet|True|False,40.9775,-0.005614039322043081,0.025664749403331553,0.0,0.0,48.73748
flyingthings,tss|glunet|True|True,tss,glunet|True|True,19.7064,-0.005614039322043081,0.0144932841393693,0.0,0.0,54.67024
flyingthings,tss|raft|True|False,tss,raft|True|False,18.6637,-0.005614039322043081,0.011305474476764098,0.0,0.0,21.617317500000002
imagenet2dwarp,flyingthings|catspp|False|False,flyingthings,catspp|False|False,58.1203,-0.013153942785339726,0.009942270150519466,0.0,0.0,57.44580499999999
imagenet2dwarp,flyingthings|catspp|False|True,flyingthings,catspp|False|True,70.0137,-0.013153942785339726,0.009652867592007161,0.0,0.0,57.39574
imagenet2dwarp,flyingthings|catspp|True|False,flyingthings,catspp|True|False,82.138,-0.013153942785339726,0.002957314673684768,0.0,0.0,79.73561
imagenet2dwarp,flyingthings|catspp|True|True,flyingthings,catspp|True|True,68.3472,-0.013153942785339726,0.000960206271921758,0.0,0.0,81.255485
imagenet2dwarp,flyingthings|glunet|False|False,flyingthings,glunet|False|False,41.9398,-0.013153942785339726,0.00997576256531821,0.0,0.0,60.579930000000004
imagenet2dwarp,flyingthings|glunet|False|True,flyingthings,glunet|False|True,56.1849,-0.013153942785339726,0.009166885672905599,0.0,0.0,51.98768
imagenet2dwarp,flyingthings|glunet|True|False,flyingthings,glunet|True|False,71.3152,-0.013153942785339726,0.010875779164262585,0.0,0.0,65.35628
imagenet2dwarp,flyingthings|glunet|True|True,flyingthings,glunet|True|True,76.6361,-0.013153942785339726,0.00738330574079298,0.0,0.0,66.61841
imagenet2dwarp,flyingthings|raft|True|False,flyingthings,raft|True|False,38.9566,-0.013153942785339726,0.012510604763018466,0.0,0.0,51.93004
imagenet2dwarp,kitti2012|catspp|False|False,kitti2012,catspp|False|False,83.2552,-0.10458561003200952,0.09319895101063155,0.0,0.0,75.61123
imagenet2dwarp,kitti2012|catspp|False|True,kitti2012,catspp|False|True,72.7553,-0.10458561003200952,0.09139352542541929,0.0,0.0,78.87640999999999
imagenet2dwarp,kitti2012|catspp|True|False,kitti2012,catspp|True|False,94.5198,-0.10458561003200952,0.017136356565708284,0.0,0.0,95.92157999999999
imagenet2dwarp,kitti2012|catspp|True|True,kitti2012,catspp|True|True,98.7183,-0.10458561003200952,0.01564316011503635,0.0,0.0,95.36678
imagenet2dwarp,kitti2012|glunet|False|False,kitti2012,glunet|False|False,96.3978,-0.10458561003200952,0.09687992003840377,0.0,0.0,85.35865
imagenet2dwarp,kitti2012|glunet|False|True,kitti2012,glunet|False|True,97.0676,-0.10458561003200952,0.09376034538846889,0.0,0.0,81.51566
imagenet2dwarp,kitti2012|glunet|True|False,kitti2012,glunet|True|False,93.4583,-0.10458561003200952,0.08841783306109854,0.0,0.0,88.37631
imagenet2dwarp,kitti2012|glunet|True|True,kitti2012,glunet|True|True,98.2409,-0.10458561003200952,0.055944245811414405,0.0,0.0,91.18357
imagenet2dwarp,kitti2012|raft|True|False,kitti2012,raft|True|False,96.60025,-0.10458561003200952,0.1217558527329029,0.0,0.0,74.6364875
imagenet2dwarp,kitti2015|catspp|False|False,kitti2015,catspp|False|False,78.94014999999999,-0.12271146046058576,0.10553528135107768,0.0,0.0,78.348705
imagenet2dwarp,kitti2015|catspp|False|True,kitti2015,catspp|False|True,81.1634,-0.12271146046058576,0.1035280906397039,0.0,0.0,78.96718000000001
imagenet2dwarp,kitti2015|catspp|True|False,kitti2015,catspp|True|False,95.364,-0.12271146046058576,0.016360231399733607,0.0,0.0,95.126835
imagenet2dwarp,kitti2015|catspp|True|True,kitti2015,catspp|True|True,97.7369,-0.12271146046058576,0.015240464331920011,0.0,0.0,94.55743
imagenet2dwarp,kitti2015|glunet|False|False,kitti2015,glunet|False|False,86.2536,-0.12271146046058576,0.10810513339075205,0.0,0.0,81.80232
imagenet2dwarp,kitti2015|glunet|False|True,kitti2015,glunet|False|True,89.0545,-0.12271146046058576,0.09856688478716358,0.0,0.0,77.57410999999999
imagenet2dwarp,kitti2015|glunet|True|False,kitti2015,glunet|True|False,97.5133,-0.12271146046058576,0.095275986511291,0.0,0.0,85.88467
imagenet2dwarp,kitti2015|glunet|True|True,kitti2015,glunet|True|True,96.2638,-0.12271146046058576,0.06407378274892317,0.0,0.0,89.15305
imagenet2dwarp,kitti2015|raft|True|False,kitti2015,raft|True|False,92.9642,-0.12271146046058576,0.12991996532112518,0.0,0.0,72.33197625
imagenet2dwarp,pfpascal|catspp|False|False,pfpascal,catspp|False|False,15.8031,-0.06453985962107363,0.010085097462902282,0.0,0.0,11.35967
imagenet2dwarp,pfpascal|catspp|False|True,pfpascal,catspp|False|True,6.5354,-0.06453985962107363,0.010939616441115472,0.0,0.0,12.440389999999999
imagenet2dwarp,pfpascal|catspp|True|False,pfpascal,catspp|True|False,48.9548,-0.06453985962107363,0.012650953656913762,0.0,0.0,43.06896
imagenet2dwarp,pfpascal|catspp|True|True,pfpascal,catspp|True|True,50.0421,-0.06453985962107363,0.012116210877271499,0.0,0.0,45.821005
imagenet2dwarp,pfpascal|glunet|False|False,pfpascal,glunet|False|False,16.1068,-0.06453985962107363,0.010988370168134049,0.0,0.0,11.334010000000001
imagenet2dwarp,pfpascal|glunet|False|True,pfpascal,glunet|False|True,14.5575,-0.06453985962107363,0.009672959240431326,0.0,0.0,11.33283
imagenet2dwarp,pfpascal|glunet|True|False,pfpascal,glunet|True|False,28.6839,-0.06453985962107363,0.023753516102114167,0.0,0.0,25.631850000000004
imagenet2dwarp,pfpascal|glunet|True|True,pfpascal,glunet|True|True,42.4831,-0.06453985962107363,0.02193781523877164,0.0,0.0,30.306600000000003
imagenet2dwarp,pfpascal|raft|True|False,pfpascal,raft|True|False,13.923,-0.06453985962107363,0.009297451827553593,0.0,0.0,11.510703750000001
imagenet2dwarp,pfwillow|catspp|False|False,pfwillow,catspp|False|False,4.8667,-0.023224319308255848,0.0029764634127959055,0.0,0.0,14.965549999999999
imagenet2dwarp,pfwillow|catspp|False|True,pfwillow,catspp|False|True,11.4889,-0.023224319308255848,0.004079868341749452,0.0,0.0,14.713885
imagenet2dwarp,pfwillow|catspp|True|False,pfwillow,catspp|True|False,48.7889,-0.023224319308255848,0.004573122487550699,0.0,0.0,46.56389
imagenet2dwarp,pfwillow|catspp|True|True,pfwillow,catspp|True|True,47.911100000000005,-0.023224319308255848,0.005029709331970324,0.0,0.0,48.83666
imagenet2dwarp,pfwillow|glunet|False|False,pfwillow,glunet|False|False,19.8741,-0.023224319308255848,0.003691828220251971,0.0,0.0,15.039679999999999
imagenet2dwarp,pfwillow|glunet|False|True,pfwillow,glunet|False|True,15.0111,-0.023224319308255848,0.0037571303408400532,0.0,0.0,13.904599999999999
imagenet2dwarp,pfwillow|glunet|True|False,pfwillow,glunet|True|False,35.8302,-0.023224319308255848,0.009560605872075462,0.0,0.0,28.489069999999998
imagenet2dwarp,pfwillow|glunet|True|True,pfwillow,glunet|True|True,31.7,-0.023224319308255848,0.009259525593471296,0.0,0.0,34.34981
imagenet2dwarp,pfwillow|raft|True|False,pfwillow,raft|True|False,18.722250000000003,-0.023224319308255848,0.003397461468864588,0.0,0.0,14.47982125
imagenet2dwarp,pointodyssey|catspp|False|False,pointodyssey,catspp|False|False,38.9858,-0.07296672810484828,0.05931296919225917,0.0,0.0,45.198035
imagenet2dwarp,pointodyssey|catspp|False|True,pointodyssey,catspp|False|True,4.4014,-0.07296672810484828,0.053075370949791124,0.0,0.0,55.67256
imagenet2dwarp,pointodyssey|catspp|True|False,pointodyssey,catspp|True|False,45.3383,-0.07296672810484828,0.04189451108002333,0.0,0.0,58.75113
imagenet2dwarp,pointodyssey|catspp|True|True,pointodyssey,catspp|True|True,47.995,-0.07296672810484828,0.04244610873736963,0.0,0.0,58.90166000000001
imagenet2dwarp,pointodyssey|glunet|False|False,pointodyssey,glunet|False|False,88.4868,-0.07296672810484828,0.06662179870181445,0.0,0.0,78.97875
imagenet2dwarp,pointodyssey|glunet|False|True,pointodyssey,glunet|False|True,91.9442,-0.07296672810484828,0.06241060255948911,0.0,0.0,72.95683
imagenet2dwarp,pointodyssey|glunet|True|False,pointodyssey,glunet|True|False,92.6605,-0.07296672810484828,0.05864635552786889,0.0,0.0,83.67815
imagenet2dwarp,pointodyssey|glunet|True|True,pointodyssey,glunet|True|True,95.08,-0.07296672810484828,0.03852729722622971,0.0,0.0,85.67586
imagenet2dwarp,pointodyssey|raft|True|False,pointodyssey,raft|True|False,33.6102,-0.07296672810484828,0.06055144483125523,0.0,0.0,42.31083875
imagenet2dwarp,spair|catspp|False|False,spair,catspp|False|False,3.1293,-0.040551714238236905,0.0012446435186729762,0.0,0.0,3.568625
imagenet2dwarp,spair|catspp|False|True,spair,catspp|False|True,3.9251,-0.040551714238236905,0.001536316500801649,0.0,0.0,3.5266150000000005
imagenet2dwarp,spair|catspp|True|False,spair,catspp|True|False,27.8596,-0.040551714238236905,0.008822006979060874,0.0,0.0,20.573259999999998
imagenet2dwarp,spair|catspp|True|True,spair,catspp|True|True,22.5766,-0.040551714238236905,0.010766668246276862,0.0,0.0,22.46191
imagenet2dwarp,spair|glunet|False|False,spair,glunet|False|False,1.9627,-0.040551714238236905,0.0012279963563664308,0.0,0.0,2.9604299999999997
imagenet2dwarp,spair|glunet|False|True,spair,glunet|False|True,2.6273,-0.040551714238236905,0.0007807311098012162,0.0,0.0,2.5764299999999998
imagenet2dwarp,spair|glunet|True|False,spair,glunet|True|False,12.1407,-0.040551714238236905,0.021839800381707918,0.0,0.0,7.06112
imagenet2dwarp,spair|glunet|True|True,spair,glunet|True|True,3.6447,-0.040551714238236905,0.015312241152247925,0.0,0.0,9.59585
imagenet2dwarp,spair|raft|True|False,spair,raft|True|False,2.80045,-0.040551714238236905,0.001277224047482767,0.0,0.0,2.76362875
imagenet2dwarp,synthetic|catspp|False|False,synthetic,catspp|False|False,19.2799,-0.0183768286825315,0.03970836345497744,0.0,0.0,23.11576
imagenet2dwarp,synthetic|catspp|False|True,synthetic,catspp|False|True,20.3562,-0.0183768286825315,0.04523333495319496,0.0,0.0,24.116545000000002
imagenet2dwarp,synthetic|catspp|True|False,synthetic,catspp|True|False,33.1069,-0.0183768286825315,0.05004392037636669,0.0,0.0,49.92098
imagenet2dwarp,synthetic|catspp|True|True,synthetic,catspp|True|True,70.9568,-0.0183768286825315,0.02793628839053652,0.0,0.0,45.1106
imagenet2dwarp,synthetic|glunet|False|False,synthetic,glunet|False|False,6.5898,-0.0183768286825315,0.02777555526460161,0.0,0.0,17.41697
imagenet2dwarp,synthetic|glunet|False|True,synthetic,glunet|False|True,14.039,-0.0183768286825315,0.013640527523559313,0.0,0.0,12.13237
imagenet2dwarp,synthetic|glunet|True|False,synthetic,glunet|True|False,6.5871,-0.0183768286825315,0.05155879656464051,0.0,0.0,31.10197
imagenet2dwarp,synthetic|glunet|True|True,synthetic,glunet|True|True,37.9779,-0.0183768286825315,0.03951095201273244,0.0,0.0,25.62596
imagenet2dwarp,synthetic|raft|True|False,synthetic,raft|True|False,54.0896,-0.0183768286825315,0.044827993362138385,0.0,0.0,17.6947425
imagenet2dwarp,tss|catspp|False|False,tss,catspp|False|False,33.4343,-0.010984685182834535,0.007872601159828197,0.0,0.0,24.251655
imagenet2dwarp,tss|catspp|False|True,tss,catspp|False|True,5.6335,-0.010984685182834535,0.006711320783687192,0.0,0.0,27.583735
imagenet2dwarp,tss|catspp|True|False,tss,catspp|True|False,65.697,-0.010984685182834535,0.0029489236701384543,0.0,0.0,63.82755999999999
imagenet2dwarp,tss|catspp|True|True,tss,catspp|True|True,62.9798,-0.010984685182834535,0.0032042928643207544,0.0,0.0,64.63892
imagenet2dwarp,tss|glunet|False|False,tss,glunet|False|False,14.8312,-0.010984685182834535,0.008667243948519967,0.0,0.0,27.353749999999998
imagenet2dwarp,tss|glunet|False|True,tss,glunet|False|True,33.6273,-0.010984685182834535,0.006824022151658112,0.0,0.0,21.93813
imagenet2dwarp,tss|glunet|True|False,tss,glunet|True|False,49.3439,-0.010984685182834535,0.015577074719551942,0.0,0.0,47.90084
imagenet2dwarp,tss|glunet|True|True,tss,glunet|True|True,54.9733,-0.010984685182834535,0.012458442306288203,0.0,0.0,51.14355
imagenet2dwarp,tss|raft|True|False,tss,raft|True|False,6.1812,-0.010984685182834535,0.005357130693731048,0.0,0.0,22.8655675
movi_f,flyingthings|catspp|False|False,flyingthings,catspp|False|False,62.5568,0.0009409303238725905,0.04643943789180866,0.0,0.0,57.002155
movi_f,flyingthings|catspp|False|True,flyingthings,catspp|False|True,63.8607,0.0009409303238725905,0.045939991952658986,0.0,0.0,58.01104
movi_f,flyingthings|catspp|True|False,flyingthings,catspp|True|False,81.3255,0.0009409303238725905,0.013925936767232945,0.0,0.0,79.81685999999999
movi_f,flyingthings|catspp|True|True,flyingthings,catspp|True|True,82.249,0.0009409303238725905,0.010076025319263675,0.0,0.0,79.865305
movi_f,flyingthings|glunet|False|False,flyingthings,glunet|False|False,4.0965,0.0009409303238725905,0.022978161856296447,0.0,0.0,64.36426
movi_f,flyingthings|glunet|False|True,flyingthings,glunet|False|True,43.0123,0.0009409303238725905,0.04244767888932649,0.0,0.0,53.30494
movi_f,flyingthings|glunet|True|False,flyingthings,glunet|True|False,85.8465,0.0009409303238725905,0.04872141462407819,0.0,0.0,63.903150000000004
movi_f,flyingthings|glunet|True|True,flyingthings,glunet|True|True,39.6279,0.0009409303238725905,0.027799880620674122,0.0,0.0,70.31922999999999
movi_f,flyingthings|raft|True|False,flyingthings,raft|True|False,68.432,0.0009409303238725905,0.05773242561278829,0.0,0.0,48.9825
movi_f,kitti2012|catspp|False|False,kitti2012,catspp|False|False,88.0451,-0.33660765039272184,0.7306733443255973,0.0,0.0,75.13224
movi_f,kitti2012|catspp|False|True,kitti2012,catspp|False|True,11.8574,-0.33660765039272184,0.2539210040312306,0.0,0.0,84.9662
movi_f,kitti2012|catspp|True|False,kitti2012,catspp|True|False,97.9034,-0.33660765039272184,0.13442602179703747,0.0,0.0,95.58322000000001
movi_f,kitti2012|catspp|True|True,kitti2012,catspp|True|True,96.3689,-0.33660765039272184,0.12736757723309397,0.0,0.0,95.60172
movi_f,kitti2012|glunet|False|False,kitti2012,glunet|False|False,93.4764,-0.33660765039272184,0.7695561058695698,0.0,0.0,85.65079
movi_f,kitti2012|glunet|False|True,kitti2012,glunet|False|True,82.5947,-0.33660765039272184,0.7554124686319448,0.0,0.0,82.96295
movi_f,kitti2012|glunet|True|False,kitti2012,glunet|True|False,97.2991,-0.33660765039272184,0.6954694209271074,0.0,0.0,87.99222999999999
movi_f,kitti2012|glunet|True|True,kitti2012,glunet|True|True,73.9202,-0.33660765039272184,0.4081244290014605,0.0,0.0,93.61564
movi_f,kitti2012|raft|True|False,kitti2012,raft|True|False,13.823675,-0.33660765039272184,0.7462614527078506,0.0,0.0,82.91414499999999
movi_f,kitti2015|catspp|False|False,kitti2015,catspp|False|False,91.4836,-0.28675403719100817,0.5975240964461477,0.0,0.0,77.09436
movi_f,kitti2015|catspp|False|True,kitti2015,catspp|False|True,83.9623,-0.28675403719100817,0.5955437949889197,0.0,0.0,78.68729
movi_f,kitti2015|catspp|True|False,kitti2015,catspp|True|False,98.0919,-0.28675403719100817,0.09075208190810864,0.0,0.0,94.854045
movi_f,kitti2015|catspp|True|True,kitti2015,catspp|True|True,95.7853,-0.28675403719100817,0.09103615367963312,0.0,0.0,94.75259
movi_f,kitti2015|glunet|False|False,kitti2015,glunet|False|False,90.0772,-0.28675403719100817,0.6203480793023777,0.0,0.0,81.41996
movi_f,kitti2015|glunet|False|True,kitti2015,glunet|False|True,83.9377,-0.28675403719100817,0.5735488492017198,0.0,0.0,78.08579
movi_f,kitti2015|glunet|True|False,kitti2015,glunet|True|False,98.0506,-0.28675403719100817,0.5483833750314898,0.0,0.0,85.83094
movi_f,kitti2015|glunet|True|True,kitti2015,glunet|True|True,97.4131,-0.28675403719100817,0.36766160775792384,0.0,0.0,89.03812
movi_f,kitti2015|raft|True|False,kitti2015,raft|True|False,15.6081,-0.28675403719100817,0.5707369801843621,0.0,0.0,80.06758625
movi_f,pfpascal|catspp|False|False,pfpascal,catspp|False|False,12.26865,-0.03116732844806255,0.0481794303818342,0.0,0.0,11.713115
movi_f,pfpascal|catspp|False|True,pfpascal,catspp|False|True,16.0706,-0.03116732844806255,0.05139326651826638,0.0,0.0,11.48687
movi_f,pfpascal|catspp|True|False,pfpascal,catspp|True|False,38.806,-0.03116732844806255,0.058437383196668614,0.0,0.0,44.083839999999995
movi_f,pfpascal|catspp|True|True,pfpascal,catspp|True|True,45.1843,-0.03116732844806255,0.05688199175457445,0.0,0.0,46.306785000000005
movi_f,pfpascal|glunet|False|False,pfpascal,glunet|False|False,13.9864,-0.03116732844806255,0.05189660136992227,0.0,0.0,11.54605
movi_f,pfpascal|glunet|False|True,pfpascal,glunet|False|True,14.9872,-0.03116732844806255,0.043864516507901394,0.0,0.0,11.289860000000001
movi_f,pfpascal|glunet|True|False,pfpascal,glunet|True|False,44.4728,-0.03116732844806255,0.08790427170060319,0.0,0.0,24.052960000000002
movi_f,pfpascal|glunet|True|True,pfpascal,glunet|True|True,29.9721,-0.03116732844806255,0.1073364661914511,0.0,0.0,31.5577
movi_f,pfpascal|raft|True|False,pfpascal,raft|True|False,15.79625,-0.03116732844806255,0.040817444791579435,0.0,0.0,11.32337875
movi_f,pfwillow|catspp|False|False,pfwillow,catspp|False|False,8.2333,0.029129008964432473,0.03254681530817893,0.0,0.0,14.628890000000002
movi_f,pfwillow|catspp|False|True,pfwillow,catspp|False|True,19.8667,0.029129008964432473,0.03483456910914846,0.0,0.0,13.876105
movi_f,pfwillow|catspp|True|False,pfwillow,catspp|True|False,40.1667,0.029129008964432473,0.037914262358682484,0.0,0.0,47.42611
movi_f,pfwillow|catspp|True|True,pfwillow,catspp|True|True,52.2222,0.029129008964432473,0.04452899822320751,0.0,0.0,48.40555
movi_f,pfwillow|glunet|False|False,pfwillow,glunet|False|False,10.8778,0.029129008964432473,0.033117054064403705,0.0,0.0,15.93931
movi_f,pfwillow|glunet|False|True,pfwillow,glunet|False|True,14.6333,0.029129008964432473,0.03395452026411602,0.0,0.0,13.94238
movi_f,pfwillow|glunet|True|False,pfwillow,glunet|True|False,30.5,0.029129008964432473,0.0878920268448861,0.0,0.0,29.02209
movi_f,pfwillow|glunet|True|True,pfwillow,glunet|True|True,44.3778,0.029129008964432473,0.07943347872610744,0.0,0.0,33.082029999999996
movi_f,pfwillow|raft|True|False,pfwillow,raft|True|False,14.7593,0.029129008964432473,0.032232997811122745,0.0,0.0,14.87611625
movi_f,pointodyssey|catspp|False|False,pointodyssey,catspp|False|False,68.8301,-0.05260723735160592,0.09991941597994876,0.0,0.0,42.213604999999994
movi_f,pointodyssey|catspp|False|True,pointodyssey,catspp|False|True,39.8187,-0.05260723735160592,0.12024834028164003,0.0,0.0,52.13083
movi_f,pointodyssey|catspp|True|False,pointodyssey,catspp|True|False,58.2916,-0.05260723735160592,0.07798989023582521,0.0,0.0,57.455799999999996
movi_f,pointodyssey|catspp|True|True,pointodyssey,catspp|True|True,48.5201,-0.05260723735160592,0.07665048878963297,0.0,0.0,58.849149999999995
movi_f,pointodyssey|glunet|False|False,pointodyssey,glunet|False|False,82.9373,-0.05260723735160592,0.1207402617921206,0.0,0.0,79.5337
movi_f,pointodyssey|glunet|False|True,pointodyssey,glunet|False|True,68.033,-0.05260723735160592,0.11534184110748237,0.0,0.0,75.34795
movi_f,pointodyssey|glunet|True|False,pointodyssey,glunet|True|False,97.2085,-0.05260723735160592,0.10449498869476283,0.0,0.0,83.22335000000001
movi_f,pointodyssey|glunet|True|True,pointodyssey,glunet|True|True,55.0086,-0.05260723735160592,0.049285849603740016,0.0,0.0,89.683
movi_f,pointodyssey|raft|True|False,pointodyssey,raft|True|False,3.8248375,-0.05260723735160592,0.09152425653762958,0.0,0.0,45.289375
movi_f,spair|catspp|False|False,spair,catspp|False|False,3.633,0.3103232282636098,0.016296975196480858,0.0,0.0,3.518255
movi_f,spair|catspp|False|True,spair,catspp|False|True,4.1558,0.3103232282636098,0.01800705920460906,0.0,0.0,3.503545
movi_f,spair|catspp|True|False,spair,catspp|True|False,23.9303,0.3103232282636098,0.13633854990637326,0.0,0.0,20.96619
movi_f,spair|catspp|True|True,spair,catspp|True|True,23.9909,0.3103232282636098,0.13213554133771838,0.0,0.0,22.32048
movi_f,spair|glunet|False|False,spair,glunet|False|False,2.3266,0.3103232282636098,0.018095794266187997,0.0,0.0,2.92404
movi_f,spair|glunet|False|True,spair,glunet|False|True,2.5156,0.3103232282636098,0.00967436518618693,0.0,0.0,2.5876
movi_f,spair|glunet|True|False,spair,glunet|True|False,3.778,0.3103232282636098,0.2735948478390686,0.0,0.0,7.89739
movi_f,spair|glunet|True|True,spair,glunet|True|True,7.582,0.3103232282636098,0.20254974584321236,0.0,0.0,9.202119999999999
movi_f,spair|raft|True|False,spair,raft|True|False,2.7395,0.3103232282636098,0.01586130072398803,0.0,0.0,2.76972375
movi_f,synthetic|catspp|False|False,synthetic,catspp|False|False,15.2654,0.3212026213704776,0.4639309584589981,0.0,0.0,23.51721
movi_f,synthetic|catspp|False|True,synthetic,catspp|False|True,17.94525,0.3212026213704776,0.5341117700434431,0.0,0.0,24.35764
movi_f,synthetic|catspp|True|False,synthetic,catspp|True|False,61.0298,0.3212026213704776,0.6054004652221134,0.0,0.0,47.12869
movi_f,synthetic|catspp|True|True,synthetic,catspp|True|True,39.7476,0.3212026213704776,0.44112749612055174,0.0,0.0,48.23152
movi_f,synthetic|glunet|False|False,synthetic,glunet|False|False,33.5541,0.3212026213704776,0.27460627873575616,0.0,0.0,14.72054
movi_f,synthetic|glunet|False|True,synthetic,glunet|False|True,3.9451,0.3212026213704776,0.12181255320147386,0.0,0.0,13.14176
movi_f,synthetic|glunet|True|False,synthetic,glunet|True|False,21.7318,0.3212026213704776,0.6722274395070077,0.0,0.0,29.5875
movi_f,synthetic|glunet|True|True,synthetic,glunet|True|True,37.0372,0.3212026213704776,0.4733273000016308,0.0,0.0,25.720029999999998
movi_f,synthetic|raft|True|False,synthetic,raft|True|False,4.2572,0.3212026213704776,0.6506304380476982,0.0,0.0,22.6779825
movi_f,tss|catspp|False|False,tss,catspp|False|False,21.05095,0.05593982250388007,0.11444172729921764,0.0,0.0,25.48999
movi_f,tss|catspp|False|True,tss,catspp|False|True,15.3875,0.05593982250388007,0.11626608119425623,0.0,0.0,26.608335
movi_f,tss|catspp|True|False,tss,catspp|True|False,66.7564,0.05593982250388007,0.040574252487416515,0.0,0.0,63.721619999999994
movi_f,tss|catspp|True|True,tss,catspp|True|True,64.5396,0.05593982250388007,0.0454609273093282,0.0,0.0,64.48294
movi_f,tss|glunet|False|False,tss,glunet|False|False,23.6203,0.05593982250388007,0.1295570710047331,0.0,0.0,26.47484
movi_f,tss|glunet|False|True,tss,glunet|False|True,26.4422,0.05593982250388007,0.10390040597497557,0.0,0.0,22.65664
movi_f,tss|glunet|True|False,tss,glunet|True|False,66.03,0.05593982250388007,0.2072494274248913,0.0,0.0,46.23223
movi_f,tss|glunet|True|True,tss,glunet|True|True,49.9068,0.05593982250388007,0.17565448447019674,0.0,0.0,51.6502
movi_f,tss|raft|True|False,tss,raft|True|False,27.3868,0.05593982250388007,0.09332693622111972,0.0,0.0,20.7450075
pointodyssey,flyingthings|catspp|False|False,flyingthings,catspp|False|False,61.2423,-0.018181079335668853,0.009393710557665472,0.0,0.0,57.133605
pointodyssey,flyingthings|catspp|False|True,flyingthings,catspp|False|True,57.0993,-0.018181079335668853,0.009312632653274935,0.0,0.0,58.68718
pointodyssey,flyingthings|catspp|True|False,flyingthings,catspp|True|False,85.2977,-0.018181079335668853,0.0026915608739391606,0.0,0.0,79.41964
pointodyssey,flyingthings|catspp|True|True,flyingthings,catspp|True|True,80.7323,-0.018181079335668853,0.00206083666962544,0.0,0.0,80.016975
pointodyssey,flyingthings|glunet|False|False,flyingthings,glunet|False|False,62.2616,-0.018181079335668853,0.009800466503115371,0.0,0.0,58.54774999999999
pointodyssey,flyingthings|glunet|False|True,flyingthings,glunet|False|True,67.784,-0.018181079335668853,0.008351300985326807,0.0,0.0,50.82777
pointodyssey,flyingthings|glunet|True|False,flyingthings,glunet|True|False,66.6096,-0.018181079335668853,0.010330232670018587,0.0,0.0,65.82684
pointodyssey,flyingthings|glunet|True|True,flyingthings,glunet|True|True,77.2625,-0.018181079335668853,0.006968224888366842,0.0,0.0,66.55577
pointodyssey,flyingthings|raft|True|False,flyingthings,raft|True|False,79.60585,-0.018181079335668853,0.011089395744610873,0.0,0.0,47.865115
pointodyssey,kitti2012|catspp|False|False,kitti2012,catspp|False|False,69.0475,-0.593465516043336,0.36254929332969227,0.0,0.0,77.03200000000001
pointodyssey,kitti2012|catspp|False|True,kitti2012,catspp|False|True,86.4889,-0.593465516043336,0.35440301800043167,0.0,0.0,77.50305
pointodyssey,kitti2012|catspp|True|False,kitti2012,catspp|True|False,98.3518,-0.593465516043336,0.06575088583023739,0.0,0.0,95.53838
pointodyssey,kitti2012|catspp|True|True,kitti2012,catspp|True|True,97.2492,-0.593465516043336,0.06227323420276088,0.0,0.0,95.51369
pointodyssey,kitti2012|glunet|False|False,kitti2012,glunet|False|False,97.9959,-0.593465516043336,0.37586502253087445,0.0,0.0,85.19883999999999
pointodyssey,kitti2012|glunet|False|True,kitti2012,glunet|False|True,94.0515,-0.593465516043336,0.3675172413874063,0.0,0.0,81.81727000000001
pointodyssey,kitti2012|glunet|True|False,kitti2012,glunet|True|False,22.7606,-0.593465516043336,0.09250204584851324,0.0,0.0,95.44608
pointodyssey,kitti2012|glunet|True|True,kitti2012,glunet|True|True,93.1941,-0.593465516043336,0.21998759191454306,0.0,0.0,91.68825000000001
pointodyssey,kitti2012|raft|True|False,kitti2012,raft|True|False,94.0246,-0.593465516043336,0.47639761408921993,0.0,0.0,74.8940525
pointodyssey,kitti2015|catspp|False|False,kitti2015,catspp|False|False,88.7903,-0.5747541630222062,0.33545690722758553,0.0,0.0,77.36368999999999
pointodyssey,kitti2015|catspp|False|True,kitti2015,catspp|False|True,79.9745,-0.5747541630222062,0.33290726187162156,0.0,0.0,79.08607
pointodyssey,kitti2015|catspp|True|False,kitti2015,catspp|True|False,97.4319,-0.5747541630222062,0.05141083178285364,0.0,0.0,94.92004499999999
pointodyssey,kitti2015|catspp|True|True,kitti2015,catspp|True|True,97.817,-0.5747541630222062,0.04887630326315245,0.0,0.0,94.54942
pointodyssey,kitti2015|glunet|False|False,kitti2015,glunet|False|False,93.5085,-0.5747541630222062,0.34367980866194686,0.0,0.0,81.07683
pointodyssey,kitti2015|glunet|False|True,kitti2015,glunet|False|True,84.862,-0.5747541630222062,0.31944797230929445,0.0,0.0,77.99336000000001
pointodyssey,kitti2015|glunet|True|False,kitti2015,glunet|True|False,97.7086,-0.5747541630222062,0.306100849540702,0.0,0.0,85.86514
pointodyssey,kitti2015|glunet|True|True,kitti2015,glunet|True|True,94.9408,-0.5747541630222062,0.20684586471869768,0.0,0.0,89.28535
pointodyssey,kitti2015|raft|True|False,kitti2015,raft|True|False,90.2207,-0.5747541630222062,0.4203248309732909,0.0,0.0,72.60632625
pointodyssey,pfpascal|catspp|False|False,pfpascal,catspp|False|False,14.1789,-0.12408066784245203,0.012477180076616402,0.0,0.0,11.52209
pointodyssey,pfpascal|catspp|False|True,pfpascal,catspp|False|True,7.8772,-0.12408066784245203,0.013542705627996475,0.0,0.0,12.30621
pointodyssey,pfpascal|catspp|True|False,pfpascal,catspp|True|False,48.3555,-0.12408066784245203,0.015370543682129388,0.0,0.0,43.12889
pointodyssey,pfpascal|catspp|True|True,pfpascal,catspp|True|True,47.1207,-0.12408066784245203,0.014955320983194353,0.0,0.0,46.113144999999996
pointodyssey,pfpascal|glunet|False|False,pfpascal,glunet|False|False,11.2521,-0.12408066784245203,0.01378119285008867,0.0,0.0,11.81948
pointodyssey,pfpascal|glunet|False|True,pfpascal,glunet|False|True,12.3527,-0.12408066784245203,0.011912079181764026,0.0,0.0,11.55331
pointodyssey,pfpascal|glunet|True|False,pfpascal,glunet|True|False,34.1953,-0.12408066784245203,0.027643540880890178,0.0,0.0,25.08071
pointodyssey,pfpascal|glunet|True|True,pfpascal,glunet|True|True,42.0709,-0.12408066784245203,0.02650852840635458,0.0,0.0,30.347820000000002
pointodyssey,pfpascal|raft|True|False,pfpascal,raft|True|False,7.6938,-0.12408066784245203,0.010737072262613737,0.0,0.0,12.133623750000002
pointodyssey,pfwillow|catspp|False|False,pfwillow,catspp|False|False,11.9667,-0.07252593517001706,0.005964018354817398,0.0,0.0,14.25555
pointodyssey,pfwillow|catspp|False|True,pfwillow,catspp|False|True,11.5778,-0.07252593517001706,0.006199528254103109,0.0,0.0,14.704995
pointodyssey,pfwillow|catspp|True|False,pfwillow,catspp|True|False,52.3889,-0.07252593517001706,0.0065533683860071355,0.0,0.0,46.20389
pointodyssey,pfwillow|catspp|True|True,pfwillow,catspp|True|True,38.0222,-0.07252593517001706,0.006046604157731976,0.0,0.0,49.82555
pointodyssey,pfwillow|glunet|False|False,pfwillow,glunet|False|False,13.8,-0.07252593517001706,0.0058753522131115826,0.0,0.0,15.64709
pointodyssey,pfwillow|glunet|False|True,pfwillow,glunet|False|True,7.7889,-0.07252593517001706,0.005037283001683927,0.0,0.0,14.62682
pointodyssey,pfwillow|glunet|True|False,pfwillow,glunet|True|False,29.116,-0.07252593517001706,0.014797553986638694,0.0,0.0,29.16049
pointodyssey,pfwillow|glunet|True|True,pfwillow,glunet|True|True,34.1444,-0.07252593517001706,0.014091495062181963,0.0,0.0,34.10537
pointodyssey,pfwillow|raft|True|False,pfwillow,raft|True|False,17.8333,-0.07252593517001706,0.005266439336187476,0.0,0.0,14.56871625
pointodyssey,pointodyssey|catspp|False|False,pointodyssey,catspp|False|False,51.33235,-0.0915341013064278,0.049726881839639615,0.0,0.0,43.96338
pointodyssey,pointodyssey|catspp|False|True,pointodyssey,catspp|False|True,17.5356,-0.0915341013064278,0.05078220987706092,0.0,0.0,54.359140000000004
pointodyssey,pointodyssey|catspp|True|False,pointodyssey,catspp|True|False,45.1112,-0.0915341013064278,0.03513069471984651,0.0,0.0,58.77383999999999
pointodyssey,pointodyssey|catspp|True|True,pointodyssey,catspp|True|True,45.8507,-0.0915341013064278,0.035264015886076056,0.0,0.0,59.11609
pointodyssey,pointodyssey|glunet|False|False,pointodyssey,glunet|False|False,66.6921,-0.0915341013064278,0.05543986037739017,0.0,0.0,81.15822
pointodyssey,pointodyssey|glunet|False|True,pointodyssey,glunet|False|True,80.199,-0.0915341013064278,0.053820992030411366,0.0,0.0,74.13135
pointodyssey,pointodyssey|glunet|True|False,pointodyssey,glunet|True|False,92.7503,-0.0915341013064278,0.0492322741252337,0.0,0.0,83.66917
pointodyssey,pointodyssey|glunet|True|True,pointodyssey,glunet|True|True,96.5122,-0.0915341013064278,0.03211625296826339,0.0,0.0,85.53264
pointodyssey,pointodyssey|raft|True|False,pointodyssey,raft|True|False,9.7147,-0.0915341013064278,0.045274309429389946,0.0,0.0,44.70038875
pointodyssey,spair|catspp|False|False,spair,catspp|False|False,3.018,0.25724859832560276,-0.004599639910699795,0.0,0.0,3.579755
pointodyssey,spair|catspp|False|True,spair,catspp|False|True,2.6465,0.25724859832560276,-0.004761574169896991,0.0,0.0,3.654475
pointodyssey,spair|catspp|True|False,spair,catspp|True|False,20.8771,0.25724859832560276,-0.04365336802221798,0.0,0.0,21.27151
pointodyssey,spair|catspp|True|True,spair,catspp|True|True,25.8691,0.25724859832560276,-0.03892332923318867,0.0,0.0,22.132659999999998
pointodyssey,spair|glunet|False|False,spair,glunet|False|False,2.6759,0.25724859832560276,-0.0059869791381625195,0.0,0.0,2.88911
pointodyssey,spair|glunet|False|True,spair,glunet|False|True,2.9367,0.25724859832560276,-0.0026204223270946936,0.0,0.0,2.54549
pointodyssey,spair|glunet|True|False,spair,glunet|True|False,4.5811,0.25724859832560276,-0.08526956082346654,0.0,0.0,7.81708
pointodyssey,spair|glunet|True|True,spair,glunet|True|True,5.8067,0.25724859832560276,-0.06156018298191213,0.0,0.0,9.37965
pointodyssey,spair|raft|True|False,spair,raft|True|False,2.895,0.25724859832560276,-0.004884247220275448,0.0,0.0,2.75417375
pointodyssey,synthetic|catspp|False|False,synthetic,catspp|False|False,17.907249999999998,0.0061620761671712255,-0.0944707295407642,0.0,0.0,23.253025
pointodyssey,synthetic|catspp|False|True,synthetic,catspp|False|True,18.8784,0.0061620761671712255,-0.10769816678055824,0.0,0.0,24.264325000000003
pointodyssey,synthetic|catspp|True|False,synthetic,catspp|True|False,84.9434,0.0061620761671712255,-0.08170013167021928,0.0,0.0,44.73733
pointodyssey,synthetic|catspp|True|True,synthetic,catspp|True|True,39.1069,0.0061620761671712255,-0.08828051100997406,0.0,0.0,48.29559
pointodyssey,synthetic|glunet|False|False,synthetic,glunet|False|False,16.7571,0.0061620761671712255,-0.07123940385550337,0.0,0.0,16.40024
pointodyssey,synthetic|glunet|False|True,synthetic,glunet|False|True,12.7059,0.0061620761671712255,-0.03289661639251956,0.0,0.0,12.26568
pointodyssey,synthetic|glunet|True|False,synthetic,glunet|True|False,32.9391,0.0061620761671712255,-0.13602205516769914,0.0,0.0,28.466769999999997
pointodyssey,synthetic|glunet|True|True,synthetic,glunet|True|True,21.6568,0.0061620761671712255,-0.09801857783603854,0.0,0.0,27.258069999999996
pointodyssey,synthetic|raft|True|False,synthetic,raft|True|False,25.1774,0.0061620761671712255,-0.13758073142490843,0.0,0.0,20.5859625
pointodyssey,tss|catspp|False|False,tss,catspp|False|False,32.3684,-0.04795157622021012,0.011567476341379541,0.0,0.0,24.358245
pointodyssey,tss|catspp|False|True,tss,catspp|False|True,35.3243,-0.04795157622021012,0.012083290020789568,0.0,0.0,24.614655
pointodyssey,tss|catspp|True|False,tss,catspp|True|False,65.8113,-0.04795157622021012,0.004279712778404953,0.0,0.0,63.81613
pointodyssey,tss|catspp|True|True,tss,catspp|True|True,65.1306,-0.04795157622021012,0.004692186549332818,0.0,0.0,64.42384
pointodyssey,tss|glunet|False|False,tss,glunet|False|False,36.1641,-0.04795157622021012,0.012803425206795485,0.0,0.0,25.22046
pointodyssey,tss|glunet|False|True,tss,glunet|False|True,22.0866,-0.04795157622021012,0.010826087113998538,0.0,0.0,23.0922
pointodyssey,tss|glunet|True|False,tss,glunet|True|False,52.1427,-0.04795157622021012,0.022591980434621295,0.0,0.0,47.620960000000004
pointodyssey,tss|glunet|True|True,tss,glunet|True|True,34.6233,-0.04795157622021012,0.01680794513093565,0.0,0.0,53.178549999999994
pointodyssey,tss|raft|True|False,tss,raft|True|False,25.936,-0.04795157622021012,0.00978044251547453,0.0,0.0,20.8900875
sintel,flyingthings|catspp|False|False,flyingthings,catspp|False|False,76.3251,-0.010159760313098173,0.02304102802987775,0.0,0.0,55.625325
sintel,flyingthings|catspp|False|True,flyingthings,catspp|False|True,76.5009,-0.010159760313098173,0.022892598214042253,0.0,0.0,56.74702
sintel,flyingthings|catspp|True|False,flyingthings,catspp|True|False,81.8483,-0.010159760313098173,0.0072358310950051165,0.0,0.0,79.76458
sintel,flyingthings|catspp|True|True,flyingthings,catspp|True|True,81.6201,-0.010159760313098173,0.005286257599238175,0.0,0.0,79.92819499999999
sintel,flyingthings|glunet|False|False,flyingthings,glunet|False|False,79.5401,-0.010159760313098173,0.023883138226116634,0.0,0.0,56.8199
sintel,flyingthings|glunet|False|True,flyingthings,glunet|False|True,57.5697,-0.010159760313098173,0.02234084020264848,0.0,0.0,51.849199999999996
sintel,flyingthings|glunet|True|False,flyingthings,glunet|True|False,72.0776,-0.010159760313098173,0.026532933601161022,0.0,0.0,65.28004
sintel,flyingthings|glunet|True|True,flyingthings,glunet|True|True,39.106,-0.010159760313098173,0.014314366415767771,0.0,0.0,70.37142
sintel,flyingthings|raft|True|False,flyingthings,raft|True|False,63.2297,-0.010159760313098173,0.030507918527895396,0.0,0.0,49.50273
sintel,kitti2012|catspp|False|False,kitti2012,catspp|False|False,10.184,-0.3138421237627628,0.38345015953601347,0.0,0.0,82.91835
sintel,kitti2012|catspp|False|True,kitti2012,catspp|False|True,94.8248,-0.3138421237627628,0.8921801734964326,0.0,0.0,76.66946
sintel,kitti2012|catspp|True|False,kitti2012,catspp|True|False,92.9336,-0.3138421237627628,0.16824566180392037,0.0,0.0,96.0802
sintel,kitti2012|catspp|True|True,kitti2012,catspp|True|True,95.7835,-0.3138421237627628,0.16140457040697448,0.0,0.0,95.66026000000001
sintel,kitti2012|glunet|False|False,kitti2012,glunet|False|False,83.4869,-0.3138421237627628,0.9773518033097153,0.0,0.0,86.64974
sintel,kitti2012|glunet|False|True,kitti2012,glunet|False|True,83.8602,-0.3138421237627628,0.9557624414516831,0.0,0.0,82.8364
sintel,kitti2012|glunet|True|False,kitti2012,glunet|True|False,99.1933,-0.3138421237627628,0.8765908388662061,0.0,0.0,87.80281
sintel,kitti2012|glunet|True|True,kitti2012,glunet|True|True,98.9758,-0.3138421237627628,0.5583077284435407,0.0,0.0,91.11008000000001
sintel,kitti2012|raft|True|False,kitti2012,raft|True|False,81.5116,-0.3138421237627628,1.2437809473838934,0.0,0.0,76.1453525
sintel,kitti2015|catspp|False|False,kitti2015,catspp|False|False,10.8859,-0.268286114356572,0.18922706046771312,0.0,0.0,85.15413
sintel,kitti2015|catspp|False|True,kitti2015,catspp|False|True,85.19040000000001,-0.268286114356572,0.7522477493244463,0.0,0.0,78.56448
sintel,kitti2015|catspp|True|False,kitti2015,catspp|True|False,94.1351,-0.268286114356572,0.11878621532329978,0.0,0.0,95.249725
sintel,kitti2015|catspp|True|True,kitti2015,catspp|True|True,95.0862,-0.268286114356572,0.11559071687315989,0.0,0.0,94.8225
sintel,kitti2015|glunet|False|False,kitti2015,glunet|False|False,71.5137,-0.268286114356572,0.7806145569471271,0.0,0.0,83.27631
sintel,kitti2015|glunet|False|True,kitti2015,glunet|False|True,84.0249,-0.268286114356572,0.7254239562526075,0.0,0.0,78.07707
sintel,kitti2015|glunet|True|False,kitti2015,glunet|True|False,29.7992,-0.268286114356572,0.3125975385534034,0.0,0.0,92.65608
sintel,kitti2015|glunet|True|True,kitti2015,glunet|True|True,61.7536,-0.268286114356572,0.3568804345088609,0.0,0.0,92.60407000000001
sintel,kitti2015|raft|True|False,kitti2015,raft|True|False,84.9165,-0.268286114356572,0.9624510251023246,0.0,0.0,73.13674625
sintel,pfpascal|catspp|False|False,pfpascal,catspp|False|False,3.0238,-0.06300199463790565,0.026211371168825576,0.0,0.0,12.6376
sintel,pfpascal|catspp|False|True,pfpascal,catspp|False|True,15.5569,-0.06300199463790565,0.03631968835476739,0.0,0.0,11.538239999999998
sintel,pfpascal|catspp|True|False,pfpascal,catspp|True|False,42.4378,-0.06300199463790565,0.04246328362461455,0.0,0.0,43.720659999999995
sintel,pfpascal|catspp|True|True,pfpascal,catspp|True|True,38.0521,-0.06300199463790565,0.034624907194694333,0.0,0.0,47.020005
sintel,pfpascal|glunet|False|False,pfpascal,glunet|False|False,18.1731,-0.06300199463790565,0.033267891612584255,0.0,0.0,11.127379999999999
sintel,pfpascal|glunet|False|True,pfpascal,glunet|False|True,13.1695,-0.06300199463790565,0.03156658828210557,0.0,0.0,11.471630000000001
sintel,pfpascal|glunet|True|False,pfpascal,glunet|True|False,30.4384,-0.06300199463790565,0.075570079878863,0.0,0.0,25.456400000000002
sintel,pfpascal|glunet|True|True,pfpascal,glunet|True|True,46.4716,-0.06300199463790565,0.06571251269351386,0.0,0.0,29.90775
sintel,pfpascal|raft|True|False,pfpascal,raft|True|False,11.7703,-0.06300199463790565,0.03025008546812593,0.0,0.0,11.72597375
sintel,pfwillow|catspp|False|False,pfwillow,catspp|False|False,17.4889,-0.021996873553842812,0.007249197615203603,0.0,0.0,13.70333
sintel,pfwillow|catspp|False|True,pfwillow,catspp|False|True,18.5333,-0.021996873553842812,0.007521646168778086,0.0,0.0,14.009445
sintel,pfwillow|catspp|True|False,pfwillow,catspp|True|False,38.0889,-0.021996873553842812,0.007303946194629113,0.0,0.0,47.633889999999994
sintel,pfwillow|catspp|True|True,pfwillow,catspp|True|True,57.2889,-0.021996873553842812,0.008283106251648981,0.0,0.0,47.898880000000005
sintel,pfwillow|glunet|False|False,pfwillow,glunet|False|False,16.7914,-0.021996873553842812,0.007310882066410488,0.0,0.0,15.34795
sintel,pfwillow|glunet|False|True,pfwillow,glunet|False|True,10.5889,-0.021996873553842812,0.006850258885290472,0.0,0.0,14.34682
sintel,pfwillow|glunet|True|False,pfwillow,glunet|True|False,36.5889,-0.021996873553842812,0.017913206402080894,0.0,0.0,28.4132
sintel,pfwillow|glunet|True|True,pfwillow,glunet|True|True,27.2457,-0.021996873553842812,0.017084062197806362,0.0,0.0,34.79524
sintel,pfwillow|raft|True|False,pfwillow,raft|True|False,8.1389,-0.021996873553842812,0.005661264178588735,0.0,0.0,15.53815625
sintel,pointodyssey|catspp|False|False,pointodyssey,catspp|False|False,17.1954,-0.049187665600031544,0.1234648913303695,0.0,0.0,47.377075
sintel,pointodyssey|catspp|False|True,pointodyssey,catspp|False|True,80.8951,-0.049187665600031544,0.1410680531442569,0.0,0.0,48.02319
sintel,pointodyssey|catspp|True|False,pointodyssey,catspp|True|False,54.5198,-0.049187665600031544,0.09835668568858591,0.0,0.0,57.83298
sintel,pointodyssey|catspp|True|True,pointodyssey,catspp|True|True,59.3461,-0.049187665600031544,0.09866834301607674,0.0,0.0,57.766549999999995
sintel,pointodyssey|glunet|False|False,pointodyssey,glunet|False|False,85.9719,-0.049187665600031544,0.15216734198263823,0.0,0.0,79.23024000000001
sintel,pointodyssey|glunet|False|True,pointodyssey,glunet|False|True,80.8978,-0.049187665600031544,0.14580694475518202,0.0,0.0,74.06147
sintel,pointodyssey|glunet|True|False,pointodyssey,glunet|True|False,91.0513,-0.049187665600031544,0.13387218052968242,0.0,0.0,83.83906999999999
sintel,pointodyssey|glunet|True|True,pointodyssey,glunet|True|True,96.2978,-0.049187665600031544,0.08717660974670868,0.0,0.0,85.55408
sintel,pointodyssey|raft|True|False,pointodyssey,raft|True|False,64.2839,-0.049187665600031544,0.13081385007921725,0.0,0.0,39.24346875
sintel,spair|catspp|False|False,spair,catspp|False|False,3.7321,-0.03957784222361978,-0.001102665641079805,0.0,0.0,3.508345
sintel,spair|catspp|False|True,spair,catspp|False|True,4.0341,-0.03957784222361978,-0.00127463219062125,0.0,0.0,3.515715
sintel,spair|catspp|True|False,spair,catspp|True|False,22.7753,-0.03957784222361978,-0.009539674098459482,0.0,0.0,21.081690000000002
sintel,spair|catspp|True|True,spair,catspp|True|True,17.4154,-0.03957784222361978,-0.007876945225315126,0.0,0.0,22.97803
sintel,spair|glunet|False|False,spair,glunet|False|False,3.0311,-0.03957784222361978,-0.0013254978088919932,0.0,0.0,2.8535899999999996
sintel,spair|glunet|False|True,spair,glunet|False|True,2.0144,-0.03957784222361978,-0.00041354694050748346,0.0,0.0,2.6377200000000003
sintel,spair|glunet|True|False,spair,glunet|True|False,26.6007,-0.03957784222361978,-0.007453887851774185,0.0,0.0,5.61512
sintel,spair|glunet|True|True,spair,glunet|True|True,14.4483,-0.03957784222361978,-0.013005248972143082,0.0,0.0,8.51549
sintel,spair|raft|True|False,spair,raft|True|False,2.9715,-0.03957784222361978,-0.0010684005099954085,0.0,0.0,2.74652375
sintel,synthetic|catspp|False|False,synthetic,catspp|False|False,20.6718,-0.05032314827141434,-0.09778671994416273,0.0,0.0,22.97657
sintel,synthetic|catspp|False|True,synthetic,catspp|False|True,4.077,-0.05032314827141434,-0.09790908525445298,0.0,0.0,25.744465
sintel,synthetic|catspp|True|False,synthetic,catspp|True|False,53.8161,-0.05032314827141434,-0.12879997941038362,0.0,0.0,47.85006
sintel,synthetic|catspp|True|True,synthetic,catspp|True|True,61.0204,-0.05032314827141434,-0.08598942643288927,0.0,0.0,46.10424
sintel,synthetic|glunet|False|False,synthetic,glunet|False|False,14.6555,-0.05032314827141434,-0.07304399253450108,0.0,0.0,16.610400000000002
sintel,synthetic|glunet|False|True,synthetic,glunet|False|True,13.3788,-0.05032314827141434,-0.03369306284439353,0.0,0.0,12.19839
sintel,synthetic|glunet|True|False,synthetic,glunet|True|False,26.6724,-0.05032314827141434,-0.14006384544690298,0.0,0.0,29.093439999999998
sintel,synthetic|glunet|True|True,synthetic,glunet|True|True,18.4805,-0.05032314827141434,-0.09916059582035842,0.0,0.0,27.5757
sintel,synthetic|raft|True|False,synthetic,raft|True|False,21.9875,-0.05032314827141434,-0.14178474867938484,0.0,0.0,20.9049525
sintel,tss|catspp|False|False,tss,catspp|False|False,33.0076,-0.030124462446499096,0.01083850546889814,0.0,0.0,24.294325
sintel,tss|catspp|False|True,tss,catspp|False|True,32.7945,-0.030124462446499096,0.011667806099771747,0.0,0.0,24.867635
sintel,tss|catspp|True|False,tss,catspp|True|False,60.1788,-0.030124462446499096,0.0038207319166424104,0.0,0.0,64.37938
sintel,tss|catspp|True|True,tss,catspp|True|True,66.7002,-0.030124462446499096,0.0043474592728097216,0.0,0.0,64.26688
sintel,tss|glunet|False|False,tss,glunet|False|False,26.1956,-0.030124462446499096,0.01266547946936004,0.0,0.0,26.217309999999998
sintel,tss|glunet|False|True,tss,glunet|False|True,27.3178,-0.030124462446499096,0.010075489285925858,0.0,0.0,22.56908
sintel,tss|glunet|True|False,tss,glunet|True|False,58.8215,-0.030124462446499096,0.02094765940670708,0.0,0.0,46.95308
sintel,tss|glunet|True|True,tss,glunet|True|True,51.7585,-0.030124462446499096,0.017128852799170268,0.0,0.0,51.46503
sintel,tss|raft|True|False,tss,raft|True|False,24.4577,-0.030124462446499096,0.009311645924383678,0.0,0.0,21.0379175
spair,flyingthings|catspp|False|False,flyingthings,catspp|False|False,64.4318,0.04712421269521654,-0.03589645201893007,0.0,0.0,56.814655
spair,flyingthings|catspp|False|True,flyingthings,catspp|False|True,72.1858,0.04712421269521654,-0.034800381519831884,0.0,0.0,57.17853
spair,flyingthings|catspp|True|False,flyingthings,catspp|True|False,77.7052,0.04712421269521654,-0.01074461320046924,0.0,0.0,80.17889
spair,flyingthings|catspp|True|True,flyingthings,catspp|True|True,77.9071,0.04712421269521654,-0.007812581963232045,0.0,0.0,80.29949500000001
spair,flyingthings|glunet|False|False,flyingthings,glunet|False|False,64.4604,0.04712421269521654,-0.037535687469281306,0.0,0.0,58.32787
spair,flyingthings|glunet|False|True,flyingthings,glunet|False|True,56.8539,0.04712421269521654,-0.03329002736190986,0.0,0.0,51.92078
spair,flyingthings|glunet|True|False,flyingthings,glunet|True|False,70.575,0.04712421269521654,-0.039567005181854686,0.0,0.0,65.4303
spair,flyingthings|glunet|True|True,flyingthings,glunet|True|True,69.7732,0.04712421269521654,-0.027365557033608653,0.0,0.0,67.3047
spair,flyingthings|raft|True|False,flyingthings,raft|True|False,4.28145,0.04712421269521654,-0.036410238898003,0.0,0.0,55.397555
spair,kitti2012|catspp|False|False,kitti2012,catspp|False|False,76.4616,1.4961729387835905,-1.4938675755662747,0.0,0.0,76.29059
spair,kitti2012|catspp|False|True,kitti2012,catspp|False|True,77.1277,1.4961729387835905,-1.4624800662436517,0.0,0.0,78.43917
spair,kitti2012|catspp|True|False,kitti2012,catspp|True|False,83.7234,1.4961729387835905,-0.11631967583621125,0.0,0.0,97.00122
spair,kitti2012|catspp|True|True,kitti2012,catspp|True|True,95.9432,1.4961729387835905,-0.2573064597551396,0.0,0.0,95.64429
spair,kitti2012|glunet|False|False,kitti2012,glunet|False|False,95.5502,1.4961729387835905,-1.5479550764717718,0.0,0.0,85.44341
spair,kitti2012|glunet|False|True,kitti2012,glunet|False|True,98.3756,1.4961729387835905,-1.4904383095605869,0.0,0.0,81.38486
spair,kitti2012|glunet|True|False,kitti2012,glunet|True|False,98.4939,1.4961729387835905,-1.3998361700734752,0.0,0.0,87.87275
spair,kitti2012|glunet|True|True,kitti2012,glunet|True|True,54.1912,1.4961729387835905,-0.46084476262680846,0.0,0.0,95.58854
spair,kitti2012|raft|True|False,kitti2012,raft|True|False,87.91614999999999,1.4961729387835905,-1.9720692541303686,0.0,0.0,75.5048975
spair,kitti2015|catspp|False|False,kitti2015,catspp|False|False,84.7086,1.3154105491580141,-1.2568212993837404,0.0,0.0,77.77185999999999
spair,kitti2015|catspp|False|True,kitti2015,catspp|False|True,78.5201,1.3154105491580141,-1.2384376378164095,0.0,0.0,79.23151
spair,kitti2015|catspp|True|False,kitti2015,catspp|True|False,96.7896,1.3154105491580141,-0.1933982787715526,0.0,0.0,94.984275
spair,kitti2015|catspp|True|True,kitti2015,catspp|True|True,95.5148,1.3154105491580141,-0.1892298284385644,0.0,0.0,94.77964
spair,kitti2015|glunet|False|False,kitti2015,glunet|False|False,90.6756,1.3154105491580141,-1.2856501191197607,0.0,0.0,81.36012000000001
spair,kitti2015|glunet|False|True,kitti2015,glunet|False|True,86.9497,1.3154105491580141,-1.1841280084785737,0.0,0.0,77.78459000000001
spair,kitti2015|glunet|True|False,kitti2015,glunet|True|False,95.0838,1.3154105491580141,-1.145818912277738,0.0,0.0,86.12762000000001
spair,kitti2015|glunet|True|True,kitti2015,glunet|True|True,97.4108,1.3154105491580141,-0.7627129994476594,0.0,0.0,89.03835000000001
spair,kitti2015|raft|True|False,kitti2015,raft|True|False,70.4775,1.3154105491580141,-1.5888490892613198,0.0,0.0,74.58064625
spair,pfpascal|catspp|False|False,pfpascal,catspp|False|False,10.5271,0.2815821880489307,-0.056653137246556504,0.0,0.0,11.88727
spair,pfpascal|catspp|False|True,pfpascal,catspp|False|True,10.9336,0.2815821880489307,-0.06287124691490777,0.0,0.0,12.00057
spair,pfpascal|catspp|True|False,pfpascal,catspp|True|False,49.2406,0.2815821880489307,-0.06786818779942529,0.0,0.0,43.04038
spair,pfpascal|catspp|True|True,pfpascal,catspp|True|True,45.84245,0.2815821880489307,-0.06722326837187685,0.0,0.0,46.24097
spair,pfpascal|glunet|False|False,pfpascal,glunet|False|False,8.3855,0.2815821880489307,-0.06032509975154833,0.0,0.0,12.10614
spair,pfpascal|glunet|False|True,pfpascal,glunet|False|True,5.604,0.2815821880489307,-0.0475193749669343,0.0,0.0,12.22818
spair,pfpascal|glunet|True|False,pfpascal,glunet|True|False,5.8954,0.2815821880489307,-0.09906618251572477,0.0,0.0,27.910700000000002
spair,pfpascal|glunet|True|True,pfpascal,glunet|True|True,33.9699,0.2815821880489307,-0.1263389083170627,0.0,0.0,31.15792
spair,pfpascal|raft|True|False,pfpascal,raft|True|False,14.4373,0.2815821880489307,-0.04973854104227059,0.0,0.0,11.45927375
spair,pfwillow|catspp|False|False,pfwillow,catspp|False|False,19.4444,0.11724025835610379,-0.024982922607666033,0.0,0.0,13.50778
spair,pfwillow|catspp|False|True,pfwillow,catspp|False|True,5.5667,0.11724025835610379,-0.022528108856799362,0.0,0.0,15.306104999999999
spair,pfwillow|catspp|True|False,pfwillow,catspp|True|False,44.0889,0.11724025835610379,-0.031019068610050497,0.0,0.0,47.03389
spair,pfwillow|catspp|True|True,pfwillow,catspp|True|True,48.9333,0.11724025835610379,-0.034362288127917084,0.0,0.0,48.73444
spair,pfwillow|glunet|False|False,pfwillow,glunet|False|False,21.063,0.11724025835610379,-0.024274622151938634,0.0,0.0,14.92079
spair,pfwillow|glunet|False|True,pfwillow,glunet|False|True,16.9778,0.11724025835610379,-0.025048005660862266,0.0,0.0,13.70793
spair,pfwillow|glunet|True|False,pfwillow,glunet|True|False,10.1,0.11724025835610379,-0.055090704729036946,0.0,0.0,31.06209
spair,pfwillow|glunet|True|True,pfwillow,glunet|True|True,48.458,0.11724025835610379,-0.05679459136295407,0.0,0.0,32.674009999999996
spair,pfwillow|raft|True|False,pfwillow,raft|True|False,16.6614,0.11724025835610379,-0.02412977424990723,0.0,0.0,14.685906249999999
spair,pointodyssey|catspp|False|False,pointodyssey,catspp|False|False,34.7757,0.23842866485023068,-0.21353523771105762,0.0,0.0,45.619045
spair,pointodyssey|catspp|False|True,pointodyssey,catspp|False|True,84.993,0.23842866485023068,-0.21855941301345277,0.0,0.0,47.6134
spair,pointodyssey|catspp|True|False,pointodyssey,catspp|True|False,72.7112,0.23842866485023068,-0.1491017203985011,0.0,0.0,56.01384
spair,pointodyssey|catspp|True|True,pointodyssey,catspp|True|True,73.2754,0.23842866485023068,-0.1491769051969418,0.0,0.0,56.37362
spair,pointodyssey|glunet|False|False,pointodyssey,glunet|False|False,92.1122,0.23842866485023068,-0.23999145677296138,0.0,0.0,78.61621
spair,pointodyssey|glunet|False|True,pointodyssey,glunet|False|True,78.4489,0.23842866485023068,-0.23287329986584798,0.0,0.0,74.30636
spair,pointodyssey|glunet|True|False,pointodyssey,glunet|True|False,96.5284,0.23842866485023068,-0.2107785041183888,0.0,0.0,83.29136
spair,pointodyssey|glunet|True|True,pointodyssey,glunet|True|True,61.2703,0.23842866485023068,-0.1165527364901975,0.0,0.0,89.05683
spair,pointodyssey|raft|True|False,pointodyssey,raft|True|False,34.6076,0.23842866485023068,-0.2199831699705678,0.0,0.0,42.211098750000005
spair,spair|catspp|False|False,spair,catspp|False|False,3.3223,-0.060957104225834884,-0.001665394864455647,0.0,0.0,3.5493249999999996
spair,spair|catspp|False|True,spair,catspp|False|True,3.32435,-0.060957104225834884,-0.002006609093660826,0.0,0.0,3.58669
spair,spair|catspp|True|False,spair,catspp|True|False,22.5826,-0.060957104225834884,-0.014451188223568744,0.0,0.0,21.10096
spair,spair|catspp|True|True,spair,catspp|True|True,27.9373,-0.060957104225834884,-0.011550295729611007,0.0,0.0,21.92584
spair,spair|glunet|False|False,spair,glunet|False|False,3.0334,-0.060957104225834884,-0.0020024318351276583,0.0,0.0,2.85336
spair,spair|glunet|False|True,spair,glunet|False|True,2.4731,-0.060957104225834884,-0.000992317134422318,0.0,0.0,2.59185
spair,spair|glunet|True|False,spair,glunet|True|False,6.6514,-0.060957104225834884,-0.028711167130045567,0.0,0.0,7.610049999999999
spair,spair|glunet|True|True,spair,glunet|True|True,8.153,-0.060957104225834884,-0.020986794956743028,0.0,0.0,9.145019999999999
spair,spair|raft|True|False,spair,raft|True|False,3.0927,-0.060957104225834884,-0.0015756349454422185,0.0,0.0,2.73440375
spair,synthetic|catspp|False|False,synthetic,catspp|False|False,22.7542,-0.02611793703786843,-0.08923723812901925,0.0,0.0,22.76833
spair,synthetic|catspp|False|True,synthetic,catspp|False|True,48.6509,-0.02611793703786843,-0.08097687792388304,0.0,0.0,21.287074999999998
spair,synthetic|catspp|True|False,synthetic,catspp|True|False,40.9952,-0.02611793703786843,-0.1166870283993638,0.0,0.0,49.13215
spair,synthetic|catspp|True|True,synthetic,catspp|True|True,43.3481,-0.02611793703786843,-0.08455385998558439,0.0,0.0,47.87147
spair,synthetic|glunet|False|False,synthetic,glunet|False|False,27.0582,-0.02611793703786843,-0.06134438701505369,0.0,0.0,15.37013
spair,synthetic|glunet|False|True,synthetic,glunet|False|True,16.1312,-0.02611793703786843,-0.029334301046025642,0.0,0.0,11.923150000000001
spair,synthetic|glunet|True|False,synthetic,glunet|True|False,25.8011,-0.02611793703786843,-0.12749514430139725,0.0,0.0,29.18057
spair,synthetic|glunet|True|True,synthetic,glunet|True|True,25.2246,-0.02611793703786843,-0.09252897753644244,0.0,0.0,26.90129
spair,synthetic|raft|True|False,synthetic,raft|True|False,10.7984,-0.02611793703786843,-0.12672805099012366,0.0,0.0,22.0238625
spair,tss|catspp|False|False,tss,catspp|False|False,33.5001,0.11625088888390674,-0.06204111257336925,0.0,0.0,24.245075
spair,tss|catspp|False|True,tss,catspp|False|True,37.3118,0.11625088888390674,-0.06391738271945804,0.0,0.0,24.415905000000002
spair,tss|catspp|True|False,tss,catspp|True|False,67.8898,0.11625088888390674,-0.021919023726183394,0.0,0.0,63.60828
spair,tss|catspp|True|True,tss,catspp|True|True,55.6517,0.11625088888390674,-0.01628531161679463,0.0,0.0,65.37173
spair,tss|glunet|False|False,tss,glunet|False|False,41.4764,0.11625088888390674,-0.06452273572830136,0.0,0.0,24.68923
spair,tss|glunet|False|True,tss,glunet|False|True,5.6742,0.11625088888390674,-0.04442671778052169,0.0,0.0,24.73344
spair,tss|glunet|True|False,tss,glunet|True|False,61.47,0.11625088888390674,-0.11920463693959184,0.0,0.0,46.68823
spair,tss|glunet|True|True,tss,glunet|True|True,50.4683,0.11625088888390674,-0.09852687755200297,0.0,0.0,51.59405
spair,tss|raft|True|False,tss,raft|True|False,18.9126,0.11625088888390674,-0.05374595704885418,0.0,0.0,21.5924275
synthetic,flyingthings|catspp|False|False,flyingthings,catspp|False|False,3.3861,-0.009653272716177915,0.0007507894539856813,0.0,0.0,62.919225000000004
synthetic,flyingthings|catspp|False|True,flyingthings,catspp|False|True,69.0867,-0.009653272716177915,0.0017421440345042499,0.0,0.0,57.488440000000004
synthetic,flyingthings|catspp|True|False,flyingthings,catspp|True|False,78.9297,-0.009653272716177915,0.000535254681996416,0.0,0.0,80.05644
synthetic,flyingthings|catspp|True|True,flyingthings,catspp|True|True,79.22595,-0.009653272716177915,0.00039135881237562604,0.0,0.0,80.16761
synthetic,flyingthings|glunet|False|False,flyingthings,glunet|False|False,71.3364,-0.009653272716177915,0.0018277955602935497,0.0,0.0,57.64027
synthetic,flyingthings|glunet|False|True,flyingthings,glunet|False|True,57.9755,-0.009653272716177915,0.0016448087207937175,0.0,0.0,51.80862
synthetic,flyingthings|glunet|True|False,flyingthings,glunet|True|False,75.9953,-0.009653272716177915,0.0019401308365399937,0.0,0.0,64.88827
synthetic,flyingthings|glunet|True|True,flyingthings,glunet|True|True,62.7767,-0.009653272716177915,0.001348789445743517,0.0,0.0,68.00435
synthetic,flyingthings|raft|True|False,flyingthings,raft|True|False,54.9845,-0.009653272716177915,0.0022751638503186976,0.0,0.0,50.32725000000001
synthetic,kitti2012|catspp|False|False,kitti2012,catspp|False|False,87.0735,0.008890537170487212,-0.017550340098779947,0.0,0.0,75.2294
synthetic,kitti2012|catspp|False|True,kitti2012,catspp|False|True,94.1642,0.008890537170487212,-0.016938101711928683,0.0,0.0,76.73552
synthetic,kitti2012|catspp|True|False,kitti2012,catspp|True|False,98.6145,0.008890537170487212,-0.0031891606716552483,0.0,0.0,95.51210999999999
synthetic,kitti2012|catspp|True|True,kitti2012,catspp|True|True,84.0079,0.008890537170487212,-0.0010908754635113667,0.0,0.0,96.83782
synthetic,kitti2012|glunet|False|False,kitti2012,glunet|False|False,96.5983,0.008890537170487212,-0.018356618961086077,0.0,0.0,85.3386
synthetic,kitti2012|glunet|False|True,kitti2012,glunet|False|True,91.3276,0.008890537170487212,-0.017988891976923146,0.0,0.0,82.08966000000001
synthetic,kitti2012|glunet|True|False,kitti2012,glunet|True|False,78.7366,0.008890537170487212,-0.016614278736484665,0.0,0.0,89.84848
synthetic,kitti2012|glunet|True|True,kitti2012,glunet|True|True,98.8084,0.008890537170487212,-0.010582515918790466,0.0,0.0,91.12682
synthetic,kitti2012|raft|True|False,kitti2012,raft|True|False,98.2173,0.008890537170487212,-0.022990937528146124,0.0,0.0,74.47478249999999
synthetic,kitti2015|catspp|False|False,kitti2015,catspp|False|False,85.69685,0.01407204632532192,-0.026947401048617394,0.0,0.0,77.673035
synthetic,kitti2015|catspp|False|True,kitti2015,catspp|False|True,89.3623,0.01407204632532192,-0.026294156633154053,0.0,0.0,78.14729
synthetic,kitti2015|catspp|True|False,kitti2015,catspp|True|False,96.8068,0.01407204632532192,-0.0041514053264249,0.0,0.0,94.982555
synthetic,kitti2015|catspp|True|True,kitti2015,catspp|True|True,93.2336,0.01407204632532192,-0.004022612634053139,0.0,0.0,95.00776
synthetic,kitti2015|glunet|False|False,kitti2015,glunet|False|False,89.7925,0.01407204632532192,-0.027642927926083798,0.0,0.0,81.44843
synthetic,kitti2015|glunet|False|True,kitti2015,glunet|False|True,14.6026,0.01407204632532192,-0.00606430952959214,0.0,0.0,85.0193
synthetic,kitti2015|glunet|True|False,kitti2015,glunet|True|False,65.3127,0.01407204632532192,-0.023334236598095217,0.0,0.0,89.10472999999999
synthetic,kitti2015|glunet|True|True,kitti2015,glunet|True|True,97.2046,0.01407204632532192,-0.016390452231577597,0.0,0.0,89.05897
synthetic,kitti2015|raft|True|False,kitti2015,raft|True|False,18.0252125,0.01407204632532192,-0.026233932728204415,0.0,0.0,79.825875
synthetic,pfpascal|catspp|False|False,pfpascal,catspp|False|False,5.3233,-0.040512379641489904,0.00283520303442851,0.0,0.0,12.40765
synthetic,pfpascal|catspp|False|True,pfpascal,catspp|False|True,14.3443,-0.040512379641489904,0.0035007168786904985,0.0,0.0,11.6595
synthetic,pfpascal|catspp|True|False,pfpascal,catspp|True|False,34.8945,-0.040512379641489904,0.0034988594928247003,0.0,0.0,44.474990000000005
synthetic,pfpascal|catspp|True|True,pfpascal,catspp|True|True,50.7447,-0.040512379641489904,0.0036365276443077726,0.0,0.0,45.750745
synthetic,pfpascal|glunet|False|False,pfpascal,glunet|False|False,20.2654,-0.040512379641489904,0.0028791323101392654,0.0,0.0,10.91815
synthetic,pfpascal|glunet|False|True,pfpascal,glunet|False|True,3.5234,-0.040512379641489904,0.0023636952147734936,0.0,0.0,12.436240000000002
synthetic,pfpascal|glunet|True|False,pfpascal,glunet|True|False,21.5232,-0.040512379641489904,0.00717063130307567,0.0,0.0,26.34792
synthetic,pfpascal|glunet|True|True,pfpascal,glunet|True|True,19.3452,-0.040512379641489904,0.006568899334817551,0.0,0.0,32.62039
synthetic,pfpascal|raft|True|False,pfpascal,raft|True|False,11.9889,-0.040512379641489904,0.0028678400582157824,0.0,0.0,11.704113750000001
synthetic,pfwillow|catspp|False|False,pfwillow,catspp|False|False,11.4111,-0.020057247906327423,-0.00851788098963334,0.0,0.0,14.31111
synthetic,pfwillow|catspp|False|True,pfwillow,catspp|False|True,15.1333,-0.020057247906327423,-0.009081880190857669,0.0,0.0,14.349445
synthetic,pfwillow|catspp|True|False,pfwillow,catspp|True|False,40.8778,-0.020057247906327423,-0.009361834822008187,0.0,0.0,47.355000000000004
synthetic,pfwillow|catspp|True|True,pfwillow,catspp|True|True,40.1,-0.020057247906327423,-0.009562237293571073,0.0,0.0,49.61777
synthetic,pfwillow|glunet|False|False,pfwillow,glunet|False|False,16.2466,-0.020057247906327423,-0.008502130631757063,0.0,0.0,15.402429999999999
synthetic,pfwillow|glunet|False|True,pfwillow,glunet|False|True,16.3506,-0.020057247906327423,-0.008092897093496861,0.0,0.0,13.77065
synthetic,pfwillow|glunet|True|False,pfwillow,glunet|True|False,49.2827,-0.020057247906327423,-0.017147785117357907,0.0,0.0,27.143819999999998
synthetic,pfwillow|glunet|True|True,pfwillow,glunet|True|True,31.6222,-0.020057247906327423,-0.02020782609694492,0.0,0.0,34.35759
synthetic,pfwillow|raft|True|False,pfwillow,raft|True|False,18.25555,-0.020057247906327423,-0.00750485315952639,0.0,0.0,14.526491250000001
synthetic,pointodyssey|catspp|False|False,pointodyssey,catspp|False|False,3.4912,-0.03405480816606614,0.04271127100426333,0.0,0.0,48.747495
synthetic,pointodyssey|catspp|False|True,pointodyssey,catspp|False|True,43.8201,-0.03405480816606614,0.061312021786882165,0.0,0.0,51.73069
synthetic,pointodyssey|catspp|True|False,pointodyssey,catspp|True|False,53.0839,-0.03405480816606614,0.03934308970474836,0.0,0.0,57.97657
synthetic,pointodyssey|catspp|True|True,pointodyssey,catspp|True|True,41.4359,-0.03405480816606614,0.03722203399132458,0.0,0.0,59.55757
synthetic,pointodyssey|glunet|False|False,pointodyssey,glunet|False|False,85.5722,-0.03405480816606614,0.06103357020988269,0.0,0.0,79.27020999999999
synthetic,pointodyssey|glunet|False|True,pointodyssey,glunet|False|True,5.4396,-0.03405480816606614,0.015791143590883138,0.0,0.0,81.60729
synthetic,pointodyssey|glunet|True|False,pointodyssey,glunet|True|False,25.0551,-0.03405480816606614,0.02358073378783614,0.0,0.0,90.43869
synthetic,pointodyssey|glunet|True|True,pointodyssey,glunet|True|True,95.8802,-0.03405480816606614,0.03502727455417036,0.0,0.0,85.59584
synthetic,pointodyssey|raft|True|False,pointodyssey,raft|True|False,58.56285,-0.03405480816606614,0.05387332177815523,0.0,0.0,39.81557375
synthetic,spair|catspp|False|False,spair,catspp|False|False,3.1626,-0.13589601990660638,-0.0034534816214662175,0.0,0.0,3.565295
synthetic,spair|catspp|False|True,spair,catspp|False|True,3.6918,-0.13589601990660638,-0.004340416562075294,0.0,0.0,3.549945
synthetic,spair|catspp|True|False,spair,catspp|True|False,22.4135,-0.13589601990660638,-0.031023750622033323,0.0,0.0,21.11787
synthetic,spair|catspp|True|True,spair,catspp|True|True,23.1718,-0.13589601990660638,-0.02951988281744859,0.0,0.0,22.40239
synthetic,spair|glunet|False|False,spair,glunet|False|False,3.3198,-0.13589601990660638,-0.004105836802726528,0.0,0.0,2.82472
synthetic,spair|glunet|False|True,spair,glunet|False|True,2.7843,-0.13589601990660638,-0.0020637369740632567,0.0,0.0,2.5607300000000004
synthetic,spair|glunet|True|False,spair,glunet|True|False,2.3566,-0.13589601990660638,-0.05962934716040093,0.0,0.0,8.039530000000001
synthetic,spair|glunet|True|True,spair,glunet|True|True,5.0597,-0.13589601990660638,-0.043455914583496486,0.0,0.0,9.45435
synthetic,spair|raft|True|False,spair,raft|True|False,3.3421000000000003,-0.13589601990660638,-0.003068605305138591,0.0,0.0,2.7094637500000003
synthetic,synthetic|catspp|False|False,synthetic,catspp|False|False,22.1053,-0.131410338709917,-0.15847502515530026,0.0,0.0,22.83322
synthetic,synthetic|catspp|False|True,synthetic,catspp|False|True,22.0954,-0.131410338709917,-0.18018862192857668,0.0,0.0,23.942625
synthetic,synthetic|catspp|True|False,synthetic,catspp|True|False,63.3596,-0.131410338709917,-0.1992931809931149,0.0,0.0,46.895709999999994
synthetic,synthetic|catspp|True|True,synthetic,catspp|True|True,60.9373,-0.131410338709917,-0.13930056337635263,0.0,0.0,46.11255
synthetic,synthetic|glunet|False|False,synthetic,glunet|False|False,23.9947,-0.131410338709917,-0.11374351137565629,0.0,0.0,15.676480000000002
synthetic,synthetic|glunet|False|True,synthetic,glunet|False|True,15.7001,-0.131410338709917,-0.05267114797620741,0.0,0.0,11.96626
synthetic,synthetic|glunet|True|False,synthetic,glunet|True|False,71.1258,-0.131410338709917,-0.13160211077686979,0.0,0.0,24.6481
synthetic,synthetic|glunet|True|True,synthetic,glunet|True|True,27.769,-0.131410338709917,-0.1644227751501058,0.0,0.0,26.64685
synthetic,synthetic|raft|True|False,synthetic,raft|True|False,51.426,-0.131410338709917,-0.18696874077584547,0.0,0.0,17.9611025
synthetic,tss|catspp|False|False,tss,catspp|False|False,11.4546,-0.006056388143546484,-0.044121532684464074,0.0,0.0,26.449625000000005
synthetic,tss|catspp|False|True,tss,catspp|False|True,38.3962,-0.006056388143546484,-0.04842688386910337,0.0,0.0,24.307465
synthetic,tss|catspp|True|False,tss,catspp|True|False,66.0565,-0.006056388143546484,-0.017798684457195818,0.0,0.0,63.791610000000006
synthetic,tss|catspp|True|True,tss,catspp|True|True,65.6689,-0.006056388143546484,-0.019526069677471294,0.0,0.0,64.37001000000001
synthetic,tss|glunet|False|False,tss,glunet|False|False,23.8706,-0.006056388143546484,-0.05597457863411647,0.0,0.0,26.449810000000003
synthetic,tss|glunet|False|True,tss,glunet|False|True,14.6164,-0.006056388143546484,-0.04291893082715053,0.0,0.0,23.83922
synthetic,tss|glunet|True|False,tss,glunet|True|False,16.9644,-0.006056388143546484,-0.0783288410523639,0.0,0.0,51.13879
synthetic,tss|glunet|True|True,tss,glunet|True|True,43.3458,-0.006056388143546484,-0.07460763499975057,0.0,0.0,52.3063
synthetic,tss|raft|True|False,tss,raft|True|False,24.11475,-0.006056388143546484,-0.04132901186584878,0.0,0.0,21.0722125
synthetic_2d_warp,flyingthings|catspp|False|False,flyingthings,catspp|False|False,66.7727,-0.005450233076165824,0.007944575585590119,0.0,0.0,56.580565
synthetic_2d_warp,flyingthings|catspp|False|True,flyingthings,catspp|False|True,50.8063,-0.005450233076165824,0.007890882312912774,0.0,0.0,59.31648
synthetic_2d_warp,flyingthings|catspp|True|False,flyingthings,catspp|True|False,83.7548,-0.005450233076165824,0.002354952737998916,0.0,0.0,79.57392999999999
synthetic_2d_warp,flyingthings|catspp|True|True,flyingthings,catspp|True|True,79.9519,-0.005450233076165824,0.0017629819480898888,0.0,0.0,80.095015
synthetic_2d_warp,flyingthings|glunet|False|False,flyingthings,glunet|False|False,63.9418,-0.005450233076165824,0.008358624166604208,0.0,0.0,58.379729999999995
synthetic_2d_warp,flyingthings|glunet|False|True,flyingthings,glunet|False|True,72.9905,-0.005450233076165824,0.006892470780194798,0.0,0.0,50.307120000000005
synthetic_2d_warp,flyingthings|glunet|True|False,flyingthings,glunet|True|False,81.6246,-0.005450233076165824,0.008568557662003807,0.0,0.0,64.32534000000001
synthetic_2d_warp,flyingthings|glunet|True|True,flyingthings,glunet|True|True,81.4831,-0.005450233076165824,0.00579926678356842,0.0,0.0,66.13371
synthetic_2d_warp,flyingthings|raft|True|False,flyingthings,raft|True|False,63.0829,-0.005450233076165824,0.010107573993687096,0.0,0.0,49.51741
synthetic_2d_warp,kitti2012|catspp|False|False,kitti2012,catspp|False|False,86.277,0.00817682422316215,-0.007655475379467456,0.0,0.0,75.30905
synthetic_2d_warp,kitti2012|catspp|False|True,kitti2012,catspp|False|True,71.5744,0.00817682422316215,-0.0075333644756021174,0.0,0.0,78.9945
synthetic_2d_warp,kitti2012|catspp|True|False,kitti2012,catspp|True|False,98.7949,0.00817682422316215,-0.0013845765591869968,0.0,0.0,95.49407
synthetic_2d_warp,kitti2012|catspp|True|True,kitti2012,catspp|True|True,98.1215,0.00817682422316215,-0.00130567622267716,0.0,0.0,95.42645999999999
synthetic_2d_warp,kitti2012|glunet|False|False,kitti2012,glunet|False|False,95.0148,0.00817682422316215,-0.008015579920237992,0.0,0.0,85.49695
synthetic_2d_warp,kitti2012|glunet|False|True,kitti2012,glunet|False|True,83.3858,0.00817682422316215,-0.007885068096295375,0.0,0.0,82.88383999999999
synthetic_2d_warp,kitti2012|glunet|True|False,kitti2012,glunet|True|False,98.9943,0.00817682422316215,-0.007234674112533272,0.0,0.0,87.82271
synthetic_2d_warp,kitti2012|glunet|True|True,kitti2012,glunet|True|True,99.0835,0.00817682422316215,-0.0046038612082748,0.0,0.0,91.09931
synthetic_2d_warp,kitti2012|raft|True|False,kitti2012,raft|True|False,12.1716,0.00817682422316215,-0.007634561308545315,0.0,0.0,83.0793525
synthetic_2d_warp,kitti2015|catspp|False|False,kitti2015,catspp|False|False,90.7618,0.01274748982458205,-0.011370700929037785,0.0,0.0,77.16654
synthetic_2d_warp,kitti2015|catspp|False|True,kitti2015,catspp|False|True,88.9381,0.01274748982458205,-0.011222348033685887,0.0,0.0,78.18971
synthetic_2d_warp,kitti2015|catspp|True|False,kitti2015,catspp|True|False,95.30515,0.01274748982458205,-0.0017912381230545237,0.0,0.0,95.13271999999999
synthetic_2d_warp,kitti2015|catspp|True|True,kitti2015,catspp|True|True,95.7013,0.01274748982458205,-0.0017302003992993784,0.0,0.0,94.76099
synthetic_2d_warp,kitti2015|glunet|False|False,kitti2015,glunet|False|False,85.4709,0.01274748982458205,-0.011841680110576442,0.0,0.0,81.88059000000001
synthetic_2d_warp,kitti2015|glunet|False|True,kitti2015,glunet|False|True,80.8596,0.01274748982458205,-0.010922468919301409,0.0,0.0,78.3936
synthetic_2d_warp,kitti2015|glunet|True|False,kitti2015,glunet|True|False,91.9963,0.01274748982458205,-0.010543623426127715,0.0,0.0,86.43637
synthetic_2d_warp,kitti2015|glunet|True|True,kitti2015,glunet|True|True,61.2326,0.01274748982458205,-0.005282138960852909,0.0,0.0,92.65617
synthetic_2d_warp,kitti2015|raft|True|False,kitti2015,raft|True|False,89.93475000000001,0.01274748982458205,-0.014323940821168946,0.0,0.0,72.63492125
synthetic_2d_warp,pfpascal|catspp|False|False,pfpascal,catspp|False|False,10.5168,-0.023063801423266035,0.007512475084088477,0.0,0.0,11.8883
synthetic_2d_warp,pfpascal|catspp|False|True,pfpascal,catspp|False|True,11.4723,-0.023063801423266035,0.008350970008925717,0.0,0.0,11.9467
synthetic_2d_warp,pfpascal|catspp|True|False,pfpascal,catspp|True|False,49.2846,-0.023063801423266035,0.008992057647440837,0.0,0.0,43.03598
synthetic_2d_warp,pfpascal|catspp|True|True,pfpascal,catspp|True|True,38.85,-0.023063801423266035,0.007968945312318345,0.0,0.0,46.940215
synthetic_2d_warp,pfpascal|glunet|False|False,pfpascal,glunet|False|False,10.3086,-0.023063801423266035,0.008170326899153224,0.0,0.0,11.91383
synthetic_2d_warp,pfpascal|glunet|False|True,pfpascal,glunet|False|True,15.6204,-0.023063801423266035,0.006761765328524241,0.0,0.0,11.22654
synthetic_2d_warp,pfpascal|glunet|True|False,pfpascal,glunet|True|False,23.0618,-0.023063801423266035,0.016992008118074973,0.0,0.0,26.19406
synthetic_2d_warp,pfpascal|glunet|True|True,pfpascal,glunet|True|True,25.0318,-0.023063801423266035,0.01644953548355978,0.0,0.0,32.051730000000006
synthetic_2d_warp,pfpascal|raft|True|False,pfpascal,raft|True|False,4.4726,-0.023063801423266035,0.005485447999102002,0.0,0.0,12.45574375
synthetic_2d_warp,pfwillow|catspp|False|False,pfwillow,catspp|False|False,13.6778,0.004741222595866228,0.0035949179920519558,0.0,0.0,14.08444
synthetic_2d_warp,pfwillow|catspp|False|True,pfwillow,catspp|False|True,20.5333,0.004741222595866228,0.003418355247193566,0.0,0.0,13.809445
synthetic_2d_warp,pfwillow|catspp|True|False,pfwillow,catspp|True|False,51.6333,0.004741222595866228,0.003974515533224838,0.0,0.0,46.27945
synthetic_2d_warp,pfwillow|catspp|True|True,pfwillow,catspp|True|True,54.3556,0.004741222595866228,0.004317184412505867,0.0,0.0,48.19221
synthetic_2d_warp,pfwillow|glunet|False|False,pfwillow,glunet|False|False,14.7707,0.004741222595866228,0.0035247653213434796,0.0,0.0,15.55002
synthetic_2d_warp,pfwillow|glunet|False|True,pfwillow,glunet|False|True,18.0556,0.004741222595866228,0.0032429001404476196,0.0,0.0,13.60015
synthetic_2d_warp,pfwillow|glunet|True|False,pfwillow,glunet|True|False,29.3389,0.004741222595866228,0.008821298472741159,0.0,0.0,29.1382
synthetic_2d_warp,pfwillow|glunet|True|True,pfwillow,glunet|True|True,36.9398,0.004741222595866228,0.008368301556673459,0.0,0.0,33.82583
synthetic_2d_warp,pfwillow|raft|True|False,pfwillow,raft|True|False,13.5556,0.004741222595866228,0.0032147666112025334,0.0,0.0,14.99648625
synthetic_2d_warp,pointodyssey|catspp|False|False,pointodyssey,catspp|False|False,47.6015,-0.03413040973897263,0.03195418289635129,0.0,0.0,44.336465
synthetic_2d_warp,pointodyssey|catspp|False|True,pointodyssey,catspp|False|True,48.7736,-0.03413040973897263,0.03624577276326345,0.0,0.0,51.235339999999994
synthetic_2d_warp,pointodyssey|catspp|True|False,pointodyssey,catspp|True|False,95.4377,-0.03413040973897263,0.014468807967049028,0.0,0.0,53.741189999999996
synthetic_2d_warp,pointodyssey|catspp|True|True,pointodyssey,catspp|True|True,52.1959,-0.03413040973897263,0.023137528929838527,0.0,0.0,58.48157
synthetic_2d_warp,pointodyssey|glunet|False|False,pointodyssey,glunet|False|False,94.4359,-0.03413040973897263,0.03534936004881102,0.0,0.0,78.38383999999999
synthetic_2d_warp,pointodyssey|glunet|False|True,pointodyssey,glunet|False|True,91.0918,-0.03413040973897263,0.03363378478670562,0.0,0.0,73.04207
synthetic_2d_warp,pointodyssey|glunet|True|False,pointodyssey,glunet|True|False,90.0851,-0.03413040973897263,0.03164200258079716,0.0,0.0,83.93569
synthetic_2d_warp,pointodyssey|glunet|True|True,pointodyssey,glunet|True|True,85.0481,-0.03413040973897263,0.021093497042342684,0.0,0.0,86.67904999999999
synthetic_2d_warp,pointodyssey|raft|True|False,pointodyssey,raft|True|False,36.4545,-0.03413040973897263,0.03266682774414625,0.0,0.0,42.02640875
synthetic_2d_warp,spair|catspp|False|False,spair,catspp|False|False,3.0896,0.0021084257712183957,0.002060844217366558,0.0,0.0,3.5725949999999997
synthetic_2d_warp,spair|catspp|False|True,spair,catspp|False|True,3.4986,0.0021084257712183957,0.002656022900069068,0.0,0.0,3.569265
synthetic_2d_warp,spair|catspp|True|False,spair,catspp|True|False,20.9922,0.0021084257712183957,0.019043790341410183,0.0,0.0,21.259999999999998
synthetic_2d_warp,spair|catspp|True|True,spair,catspp|True|True,25.8495,0.0021084257712183957,0.01698781534734283,0.0,0.0,22.13462
synthetic_2d_warp,spair|glunet|False|False,spair,glunet|False|False,2.6105,0.0021084257712183957,0.0025923130659134,0.0,0.0,2.89565
synthetic_2d_warp,spair|glunet|False|True,spair,glunet|False|True,2.408,0.0021084257712183957,0.0012738997789503975,0.0,0.0,2.59836
synthetic_2d_warp,spair|glunet|True|False,spair,glunet|True|False,6.63,0.0021084257712183957,0.03753230224726723,0.0,0.0,7.61219
synthetic_2d_warp,spair|glunet|True|True,spair,glunet|True|True,2.486,0.0021084257712183957,0.024774668271650677,0.0,0.0,9.71172
synthetic_2d_warp,spair|raft|True|False,spair,raft|True|False,3.1416,0.0021084257712183957,0.0020323526707559858,0.0,0.0,2.7295137499999997
synthetic_2d_warp,synthetic|catspp|False|False,synthetic,catspp|False|False,20.1312,0.03496783187971592,0.06363548515788851,0.0,0.0,23.03063
synthetic_2d_warp,synthetic|catspp|False|True,synthetic,catspp|False|True,50.3084,0.03496783187971592,0.055570980634156185,0.0,0.0,21.121325000000002
synthetic_2d_warp,synthetic|catspp|True|False,synthetic,catspp|True|False,34.9252,0.03496783187971592,0.08104466503654616,0.0,0.0,49.73915
synthetic_2d_warp,synthetic|catspp|True|True,synthetic,catspp|True|True,39.8872,0.03496783187971592,0.05941023743900977,0.0,0.0,48.217560000000006
synthetic_2d_warp,synthetic|glunet|False|False,synthetic,glunet|False|False,3.8373,0.03496783187971592,0.04221419682728277,0.0,0.0,17.69222
synthetic_2d_warp,synthetic|glunet|False|True,synthetic,glunet|False|True,9.3907,0.03496783187971592,0.021422578395024303,0.0,0.0,12.5972
synthetic_2d_warp,synthetic|glunet|True|False,synthetic,glunet|True|False,29.4639,0.03496783187971592,0.0913131383213877,0.0,0.0,28.81429
synthetic_2d_warp,synthetic|glunet|True|True,synthetic,glunet|True|True,23.5695,0.03496783187971592,0.06597543121937927,0.0,0.0,27.0668
synthetic_2d_warp,synthetic|raft|True|False,synthetic,raft|True|False,6.1934,0.03496783187971592,0.08861844677137079,0.0,0.0,22.4843625
synthetic_2d_warp,tss|catspp|False|False,tss,catspp|False|False,24.3569,0.03373528719417169,0.0022211219356120878,0.0,0.0,25.159395
synthetic_2d_warp,tss|catspp|False|True,tss,catspp|False|True,19.1092,0.03373528719417169,0.002314581728818012,0.0,0.0,26.236165
synthetic_2d_warp,tss|catspp|True|False,tss,catspp|True|False,67.4824,0.03373528719417169,0.0007631514183423442,0.0,0.0,63.64901999999999
synthetic_2d_warp,tss|catspp|True|True,tss,catspp|True|True,68.1239,0.03373528719417169,0.0008291844714506493,0.0,0.0,64.12451
synthetic_2d_warp,tss|glunet|False|False,tss,glunet|False|False,26.1161,0.03373528719417169,0.0024989305738522425,0.0,0.0,26.22526
synthetic_2d_warp,tss|glunet|False|True,tss,glunet|False|True,14.4363,0.03373528719417169,0.0019065606757066391,0.0,0.0,23.857229999999998
synthetic_2d_warp,tss|glunet|True|False,tss,glunet|True|False,55.011,0.03373528719417169,0.004180213123369202,0.0,0.0,47.33413
synthetic_2d_warp,tss|glunet|True|True,tss,glunet|True|True,64.008,0.03373528719417169,0.003242632562388292,0.0,0.0,50.24008
synthetic_2d_warp,tss|raft|True|False,tss,raft|True|False,7.744925,0.03373528719417169,0.0015360708320257064,0.0,0.0,22.709195
synthetic_large_zoom,flyingthings|catspp|False|False,flyingthings,catspp|False|False,43.8954,-0.014231143492090067,0.008820056284294088,0.0,0.0,58.868295
synthetic_large_zoom,flyingthings|catspp|False|True,flyingthings,catspp|False|True,58.9743,-0.014231143492090067,0.008965887718414934,0.0,0.0,58.49968
synthetic_large_zoom,flyingthings|catspp|True|False,flyingthings,catspp|True|False,82.2203,-0.014231143492090067,0.0026929571745101352,0.0,0.0,79.72738000000001
synthetic_large_zoom,flyingthings|catspp|True|True,flyingthings,catspp|True|True,81.1893,-0.014231143492090067,0.0019788837570146487,0.0,0.0,79.97127499999999
synthetic_large_zoom,flyingthings|glunet|False|False,flyingthings,glunet|False|False,71.1769,-0.014231143492090067,0.009260492785104534,0.0,0.0,57.65622
synthetic_large_zoom,flyingthings|glunet|False|True,flyingthings,glunet|False|True,48.8918,-0.014231143492090067,0.00835572056344514,0.0,0.0,52.716989999999996
synthetic_large_zoom,flyingthings|glunet|True|False,flyingthings,glunet|True|False,77.7439,-0.014231143492090067,0.009779231981084416,0.0,0.0,64.71341
synthetic_large_zoom,flyingthings|glunet|True|True,flyingthings,glunet|True|True,72.6252,-0.014231143492090067,0.006824263922115898,0.0,0.0,67.0195
synthetic_large_zoom,flyingthings|raft|True|False,flyingthings,raft|True|False,57.27595,-0.014231143492090067,0.011496225433583437,0.0,0.0,50.098105
synthetic_large_zoom,kitti2012|catspp|False|False,kitti2012,catspp|False|False,94.359,-0.42735797847025053,0.30389187121716854,0.0,0.0,74.50085
synthetic_large_zoom,kitti2012|catspp|False|True,kitti2012,catspp|False|True,82.5049,-0.42735797847025053,0.30669873313722706,0.0,0.0,77.90145
synthetic_large_zoom,kitti2012|catspp|True|False,kitti2012,catspp|True|False,96.6249,-0.42735797847025053,0.05758132911171406,0.0,0.0,95.71106999999999
synthetic_large_zoom,kitti2012|catspp|True|True,kitti2012,catspp|True|True,98.6413,-0.42735797847025053,0.05250773055922582,0.0,0.0,95.37448
synthetic_large_zoom,kitti2012|glunet|False|False,kitti2012,glunet|False|False,12.4578,-0.42735797847025053,0.07002817424097613,0.0,0.0,93.75265
synthetic_large_zoom,kitti2012|glunet|False|True,kitti2012,glunet|False|True,11.0648,-0.42735797847025053,0.07522025647193212,0.0,0.0,90.11594
synthetic_large_zoom,kitti2012|glunet|True|False,kitti2012,glunet|True|False,91.75,-0.42735797847025053,0.29672163228083315,0.0,0.0,88.54713999999998
synthetic_large_zoom,kitti2012|glunet|True|True,kitti2012,glunet|True|True,98.3573,-0.42735797847025053,0.18741071109180032,0.0,0.0,91.17193
synthetic_large_zoom,kitti2012|raft|True|False,kitti2012,raft|True|False,86.3393,-0.42735797847025053,0.41497637269083243,0.0,0.0,75.6625825
synthetic_large_zoom,kitti2015|catspp|False|False,kitti2015,catspp|False|False,86.5834,-0.3887137008135337,0.2722971087897234,0.0,0.0,77.58438
synthetic_large_zoom,kitti2015|catspp|False|True,kitti2015,catspp|False|True,91.5434,-0.3887137008135337,0.2646394137897686,0.0,0.0,77.92918
synthetic_large_zoom,kitti2015|catspp|True|False,kitti2015,catspp|True|False,97.692,-0.3887137008135337,0.04131735266478325,0.0,0.0,94.894035
synthetic_large_zoom,kitti2015|catspp|True|True,kitti2015,catspp|True|True,96.1149,-0.3887137008135337,0.040894243926616565,0.0,0.0,94.71963000000001
synthetic_large_zoom,kitti2015|glunet|False|False,kitti2015,glunet|False|False,95.5117,-0.3887137008135337,0.27639637166558634,0.0,0.0,80.87651
synthetic_large_zoom,kitti2015|glunet|False|True,kitti2015,glunet|False|True,87.0141,-0.3887137008135337,0.2572423494740613,0.0,0.0,77.77815000000001
synthetic_large_zoom,kitti2015|glunet|True|False,kitti2015,glunet|True|False,98.1319,-0.3887137008135337,0.2471107093575324,0.0,0.0,85.82281
synthetic_large_zoom,kitti2015|glunet|True|True,kitti2015,glunet|True|True,89.5363,-0.3887137008135337,0.16839780162570483,0.0,0.0,89.82579999999999
synthetic_large_zoom,kitti2015|raft|True|False,kitti2015,raft|True|False,94.1569,-0.3887137008135337,0.33647812818902967,0.0,0.0,72.21270625
synthetic_large_zoom,pfpascal|catspp|False|False,pfpascal,catspp|False|False,16.3109,-0.0878432599783,0.013524909733415365,0.0,0.0,11.30889
synthetic_large_zoom,pfpascal|catspp|False|True,pfpascal,catspp|False|True,3.1542,-0.0878432599783,0.013031441054837948,0.0,0.0,12.77851
synthetic_large_zoom,pfpascal|catspp|True|False,pfpascal,catspp|True|False,39.4059,-0.0878432599783,0.017518274213228262,0.0,0.0,44.023849999999996
synthetic_large_zoom,pfpascal|catspp|True|True,pfpascal,catspp|True|True,50.2518,-0.0878432599783,0.016400299058437536,0.0,0.0,45.800035
synthetic_large_zoom,pfpascal|glunet|False|False,pfpascal,glunet|False|False,4.4643,-0.0878432599783,0.013633797048426854,0.0,0.0,12.498259999999998
synthetic_large_zoom,pfpascal|glunet|False|True,pfpascal,glunet|False|True,13.3499,-0.0878432599783,0.013362153292354368,0.0,0.0,11.45359
synthetic_large_zoom,pfpascal|glunet|True|False,pfpascal,glunet|True|False,30.3321,-0.0878432599783,0.0320609180689723,0.0,0.0,25.46703
synthetic_large_zoom,pfpascal|glunet|True|True,pfpascal,glunet|True|True,30.356,-0.0878432599783,0.03189017778383521,0.0,0.0,31.51931
synthetic_large_zoom,pfpascal|raft|True|False,pfpascal,raft|True|False,17.4659,-0.0878432599783,0.01137853085262572,0.0,0.0,11.15641375
synthetic_large_zoom,pfwillow|catspp|False|False,pfwillow,catspp|False|False,15.2778,-0.04297875692094287,0.007247754228597895,0.0,0.0,13.924439999999999
synthetic_large_zoom,pfwillow|catspp|False|True,pfwillow,catspp|False|True,8.9444,-0.04297875692094287,0.007062236556756107,0.0,0.0,14.968335
synthetic_large_zoom,pfwillow|catspp|True|False,pfwillow,catspp|True|False,51.4778,-0.04297875692094287,0.008067512083043278,0.0,0.0,46.295
synthetic_large_zoom,pfwillow|catspp|True|True,pfwillow,catspp|True|True,53.4,-0.04297875692094287,0.00888872737083634,0.0,0.0,48.28777
synthetic_large_zoom,pfwillow|glunet|False|False,pfwillow,glunet|False|False,19.4667,-0.04297875692094287,0.006827572399096506,0.0,0.0,15.08042
synthetic_large_zoom,pfwillow|glunet|False|True,pfwillow,glunet|False|True,14.6222,-0.04297875692094287,0.006890396913557487,0.0,0.0,13.94349
synthetic_large_zoom,pfwillow|glunet|True|False,pfwillow,glunet|True|False,29.7111,-0.04297875692094287,0.017846809831743998,0.0,0.0,29.10098
synthetic_large_zoom,pfwillow|glunet|True|True,pfwillow,glunet|True|True,14.3062,-0.04297875692094287,0.013442429447681639,0.0,0.0,36.089189999999995
synthetic_large_zoom,pfwillow|raft|True|False,pfwillow,raft|True|False,13.8111,-0.04297875692094287,0.006517529168067545,0.0,0.0,14.97093625
synthetic_large_zoom,pointodyssey|catspp|False|False,pointodyssey,catspp|False|False,51.6048,-0.0726602145070108,0.047707784206462975,0.0,0.0,43.93613499999999
synthetic_large_zoom,pointodyssey|catspp|False|True,pointodyssey,catspp|False|True,62.7536,-0.0726602145070108,0.05372185891431039,0.0,0.0,49.83734
synthetic_large_zoom,pointodyssey|catspp|True|False,pointodyssey,catspp|True|False,64.7289,-0.0726602145070108,0.03449865269428563,0.0,0.0,56.81206999999999
synthetic_large_zoom,pointodyssey|catspp|True|True,pointodyssey,catspp|True|True,50.3469,-0.0726602145070108,0.03451674047088394,0.0,0.0,58.666470000000004
synthetic_large_zoom,pointodyssey|glunet|False|False,pointodyssey,glunet|False|False,93.9512,-0.0726602145070108,0.0530839328034698,0.0,0.0,78.43231
synthetic_large_zoom,pointodyssey|glunet|False|True,pointodyssey,glunet|False|True,84.5038,-0.0726602145070108,0.051324663520138855,0.0,0.0,73.70087
synthetic_large_zoom,pointodyssey|glunet|True|False,pointodyssey,glunet|True|False,97.4434,-0.0726602145070108,0.046703302192682414,0.0,0.0,83.19986
synthetic_large_zoom,pointodyssey|glunet|True|True,pointodyssey,glunet|True|True,96.0115,-0.0726602145070108,0.0309072767962069,0.0,0.0,85.58270999999999
synthetic_large_zoom,pointodyssey|raft|True|False,pointodyssey,raft|True|False,65.6666,-0.0726602145070108,0.045943613183496795,0.0,0.0,39.10519875
synthetic_large_zoom,spair|catspp|False|False,spair,catspp|False|False,4.0731,-0.03218028393895344,-8.224476788353282e-05,0.0,0.0,3.474245
synthetic_large_zoom,spair|catspp|False|True,spair,catspp|False|True,2.944,-0.03218028393895344,-0.0001003023713980577,0.0,0.0,3.624725
synthetic_large_zoom,spair|catspp|True|False,spair,catspp|True|False,16.6978,-0.03218028393895344,-0.0007149842074344838,0.0,0.0,21.689439999999998
synthetic_large_zoom,spair|catspp|True|True,spair,catspp|True|True,20.6206,-0.03218028393895344,-0.000738198491183158,0.0,0.0,22.65751
synthetic_large_zoom,spair|glunet|False|False,spair,glunet|False|False,3.2579,-0.03218028393895344,-0.0001056403282526165,0.0,0.0,2.8309100000000003
synthetic_large_zoom,spair|glunet|False|True,spair,glunet|False|True,2.6825,-0.03218028393895344,-5.404819726551079e-05,0.0,0.0,2.57091
synthetic_large_zoom,spair|glunet|True|False,spair,glunet|True|False,7.559,-0.03218028393895344,-0.0015631056727801922,0.0,0.0,7.51929
synthetic_large_zoom,spair|glunet|True|True,spair,glunet|True|True,6.6248,-0.03218028393895344,-0.0011288216073633334,0.0,0.0,9.297839999999999
synthetic_large_zoom,spair|raft|True|False,spair,raft|True|False,2.69925,-0.03218028393895344,-8.900695671627952e-05,0.0,0.0,2.77374875
synthetic_large_zoom,synthetic|catspp|False|False,synthetic,catspp|False|False,39.135,-0.015175847638986552,-0.04840943111829946,0.0,0.0,21.13025
synthetic_large_zoom,synthetic|catspp|False|True,synthetic,catspp|False|True,21.8997,-0.015175847638986552,-0.061668654257893925,0.0,0.0,23.962195
synthetic_large_zoom,synthetic|catspp|True|False,synthetic,catspp|True|False,37.1935,-0.015175847638986552,-0.06982178622459496,0.0,0.0,49.51232
synthetic_large_zoom,synthetic|catspp|True|True,synthetic,catspp|True|True,38.2449,-0.015175847638986552,-0.049905473432894136,0.0,0.0,48.38179
synthetic_large_zoom,synthetic|glunet|False|False,synthetic,glunet|False|False,9.7372,-0.015175847638986552,-0.039290063385153,0.0,0.0,17.10223
synthetic_large_zoom,synthetic|glunet|False|True,synthetic,glunet|False|True,15.7459,-0.015175847638986552,-0.018010666790717438,0.0,0.0,11.96168
synthetic_large_zoom,synthetic|glunet|True|False,synthetic,glunet|True|False,35.7954,-0.015175847638986552,-0.07696058512536721,0.0,0.0,28.18114
synthetic_large_zoom,synthetic|glunet|True|True,synthetic,glunet|True|True,54.0369,-0.015175847638986552,-0.03874925138735669,0.0,0.0,24.02006
synthetic_large_zoom,synthetic|raft|True|False,synthetic,raft|True|False,11.985,-0.015175847638986552,-0.07738336316229548,0.0,0.0,21.905202499999998
synthetic_large_zoom,tss|catspp|False|False,tss,catspp|False|False,32.9288,-0.031034128574461396,0.0007192234180608162,0.0,0.0,24.302205
synthetic_large_zoom,tss|catspp|False|True,tss,catspp|False|True,29.7936,-0.031034128574461396,0.0007879895941990602,0.0,0.0,25.167725
synthetic_large_zoom,tss|catspp|True|False,tss,catspp|True|False,62.2398,-0.031034128574461396,0.0002677637835935658,0.0,0.0,64.17328
synthetic_large_zoom,tss|catspp|True|True,tss,catspp|True|True,67.8214,-0.031034128574461396,0.00028112024881775215,0.0,0.0,64.15476
synthetic_large_zoom,tss|glunet|False|False,tss,glunet|False|False,5.711,-0.031034128574461396,0.0006559428540209186,0.0,0.0,28.265769999999996
synthetic_large_zoom,tss|glunet|False|True,tss,glunet|False|True,29.9933,-0.031034128574461396,0.0006530848755682604,0.0,0.0,22.30153
synthetic_large_zoom,tss|glunet|True|False,tss,glunet|True|False,11.2237,-0.031034128574461396,0.001057895402742331,0.0,0.0,51.71286
synthetic_large_zoom,tss|glunet|True|True,tss,glunet|True|True,66.2204,-0.031034128574461396,0.0010714806621098833,0.0,0.0,50.01884
synthetic_large_zoom,tss|raft|True|False,tss,raft|True|False,22.1823,-0.031034128574461396,0.0006221518908609552,0.0,0.0,21.2654575
synthetic_random_flipping,flyingthings|catspp|False|False,flyingthings,catspp|False|False,67.1619,0.06670611683450099,-0.058387362930829724,0.0,0.0,56.541645
synthetic_random_flipping,flyingthings|catspp|False|True,flyingthings,catspp|False|True,3.963,0.06670611683450099,-0.02226725176427,0.0,0.0,64.00081
synthetic_random_flipping,flyingthings|catspp|True|False,flyingthings,catspp|True|False,83.2946,0.06670611683450099,-0.017418881322093547,0.0,0.0,79.61994999999999
synthetic_random_flipping,flyingthings|catspp|True|True,flyingthings,catspp|True|True,85.2894,0.06670611683450099,-0.011897420675699268,0.0,0.0,79.561265
synthetic_random_flipping,flyingthings|glunet|False|False,flyingthings,glunet|False|False,69.5375,0.06670611683450099,-0.060787806244173875,0.0,0.0,57.82016
synthetic_random_flipping,flyingthings|glunet|False|True,flyingthings,glunet|False|True,50.412,0.06670611683450099,-0.05464759606842437,0.0,0.0,52.56497
synthetic_random_flipping,flyingthings|glunet|True|False,flyingthings,glunet|True|False,11.3571,0.06670611683450099,-0.035893842591271145,0.0,0.0,71.35209
synthetic_random_flipping,flyingthings|glunet|True|True,flyingthings,glunet|True|True,78.2963,0.06670611683450099,-0.043565705567352654,0.0,0.0,66.45239000000001
synthetic_random_flipping,flyingthings|raft|True|False,flyingthings,raft|True|False,59.3757,0.06670611683450099,-0.07487556584670696,0.0,0.0,49.888130000000004
synthetic_random_flipping,kitti2012|catspp|False|False,kitti2012,catspp|False|False,90.3601,1.1536012821514676,-1.2745212689443932,0.0,0.0,74.90074
synthetic_random_flipping,kitti2012|catspp|False|True,kitti2012,catspp|False|True,92.0926,1.1536012821514676,-1.2478729394679888,0.0,0.0,76.94268
synthetic_random_flipping,kitti2012|catspp|True|False,kitti2012,catspp|True|False,95.9663,1.1536012821514676,-0.23885364393313804,0.0,0.0,95.77693000000001
synthetic_random_flipping,kitti2012|catspp|True|True,kitti2012,catspp|True|True,93.6996,1.1536012821514676,-0.22101742109971437,0.0,0.0,95.86865
synthetic_random_flipping,kitti2012|glunet|False|False,kitti2012,glunet|False|False,97.2233,1.1536012821514676,-1.3422111741972447,0.0,0.0,85.2761
synthetic_random_flipping,kitti2012|glunet|False|True,kitti2012,glunet|False|True,84.216,1.1536012821514676,-1.3252473571316332,0.0,0.0,82.80082
synthetic_random_flipping,kitti2012|glunet|True|False,kitti2012,glunet|True|False,99.4901,1.1536012821514676,-1.214732300477617,0.0,0.0,87.77313
synthetic_random_flipping,kitti2012|glunet|True|True,kitti2012,glunet|True|True,99.0764,1.1536012821514676,-0.7738970896122997,0.0,0.0,91.10002
synthetic_random_flipping,kitti2012|raft|True|False,kitti2012,raft|True|False,89.47625,1.1536012821514676,-1.711533373235104,0.0,0.0,75.3488875
synthetic_random_flipping,kitti2015|catspp|False|False,kitti2015,catspp|False|False,72.005,1.1536665168735232,-1.2434320181473104,0.0,0.0,79.04222
synthetic_random_flipping,kitti2015|catspp|False|True,kitti2015,catspp|False|True,86.8286,1.1536665168735232,-1.2177250280531622,0.0,0.0,78.40066
synthetic_random_flipping,kitti2015|catspp|True|False,kitti2015,catspp|True|False,85.7568,1.1536665168735232,-0.09559616887770983,0.0,0.0,96.087555
synthetic_random_flipping,kitti2015|catspp|True|True,kitti2015,catspp|True|True,85.1192,1.1536665168735232,-0.06922766708523559,0.0,0.0,95.8192
synthetic_random_flipping,kitti2015|glunet|False|False,kitti2015,glunet|False|False,93.9536,1.1536665168735232,-1.2637089504540657,0.0,0.0,81.03232
synthetic_random_flipping,kitti2015|glunet|False|True,kitti2015,glunet|False|True,72.591,1.1536665168735232,-1.1761850440849368,0.0,0.0,79.22046
synthetic_random_flipping,kitti2015|glunet|True|False,kitti2015,glunet|True|False,91.6412,1.1536665168735232,-1.1399972909154816,0.0,0.0,86.47188
synthetic_random_flipping,kitti2015|glunet|True|True,kitti2015,glunet|True|True,97.9048,1.1536665168735232,-0.7530236460199901,0.0,0.0,88.98895
synthetic_random_flipping,kitti2015|raft|True|False,kitti2015,raft|True|False,85.0135,1.1536665168735232,-1.5615640368615706,0.0,0.0,73.12704625
synthetic_random_flipping,pfpascal|catspp|False|False,pfpascal,catspp|False|False,16.4969,0.3729419814588484,-0.07337247312866685,0.0,0.0,11.29029
synthetic_random_flipping,pfpascal|catspp|False|True,pfpascal,catspp|False|True,8.1291,0.3729419814588484,-0.08380464850532471,0.0,0.0,12.281020000000002
synthetic_random_flipping,pfpascal|catspp|True|False,pfpascal,catspp|True|False,34.5998,0.3729419814588484,-0.08433718899922993,0.0,0.0,44.50446
synthetic_random_flipping,pfpascal|catspp|True|True,pfpascal,catspp|True|True,45.3169,0.3729419814588484,-0.09214365576546422,0.0,0.0,46.293525
synthetic_random_flipping,pfpascal|glunet|False|False,pfpascal,glunet|False|False,12.3182,0.3729419814588484,-0.08489464129817396,0.0,0.0,11.712869999999999
synthetic_random_flipping,pfpascal|glunet|False|True,pfpascal,glunet|False|True,6.6055,0.3729419814588484,-0.06784910596933673,0.0,0.0,12.128029999999999
synthetic_random_flipping,pfpascal|glunet|True|False,pfpascal,glunet|True|False,12.1653,0.3729419814588484,-0.1587211686971441,0.0,0.0,27.283710000000003
synthetic_random_flipping,pfpascal|glunet|True|True,pfpascal,glunet|True|True,11.6719,0.3729419814588484,-0.1338594598829747,0.0,0.0,33.38772
synthetic_random_flipping,pfpascal|raft|True|False,pfpascal,raft|True|False,5.7248375000000005,0.3729419814588484,-0.06122842286637548,0.0,0.0,12.33052
synthetic_random_flipping,pfwillow|catspp|False|False,pfwillow,catspp|False|False,17.9333,0.12421803239119507,-0.02256582983178497,0.0,0.0,13.65889
synthetic_random_flipping,pfwillow|catspp|False|True,pfwillow,catspp|False|True,13.4667,0.12421803239119507,-0.02458478039076739,0.0,0.0,14.516105
synthetic_random_flipping,pfwillow|catspp|True|False,pfwillow,catspp|True|False,50.7444,0.12421803239119507,-0.026415358023462752,0.0,0.0,46.36834
synthetic_random_flipping,pfwillow|catspp|True|True,pfwillow,catspp|True|True,49.6444,0.12421803239119507,-0.029743900831468453,0.0,0.0,48.66333
synthetic_random_flipping,pfwillow|glunet|False|False,pfwillow,glunet|False|False,18.3917,0.12421803239119507,-0.02253850061159285,0.0,0.0,15.18792
synthetic_random_flipping,pfwillow|glunet|False|True,pfwillow,glunet|False|True,5.0111,0.12421803239119507,-0.016238180378738903,0.0,0.0,14.904599999999999
synthetic_random_flipping,pfwillow|glunet|True|False,pfwillow,glunet|True|False,36.342,0.12421803239119507,-0.056365083137213445,0.0,0.0,28.43789
synthetic_random_flipping,pfwillow|glunet|True|True,pfwillow,glunet|True|True,48.3864,0.12421803239119507,-0.049282193942714124,0.0,0.0,32.681169999999995
synthetic_random_flipping,pfwillow|raft|True|False,pfwillow,raft|True|False,16.4025,0.12421803239119507,-0.020971934495820715,0.0,0.0,14.71179625
synthetic_random_flipping,pointodyssey|catspp|False|False,pointodyssey,catspp|False|False,84.7224,0.3326218788003726,-0.27388356593658036,0.0,0.0,40.624375
synthetic_random_flipping,pointodyssey|catspp|False|True,pointodyssey,catspp|False|True,65.9417,0.3326218788003726,-0.3812433071572057,0.0,0.0,49.51853
synthetic_random_flipping,pointodyssey|catspp|True|False,pointodyssey,catspp|True|False,48.4592,0.3326218788003726,-0.24507048875715373,0.0,0.0,58.43904
synthetic_random_flipping,pointodyssey|catspp|True|True,pointodyssey,catspp|True|True,95.8171,0.3326218788003726,-0.15584736506980182,0.0,0.0,54.11945000000001
synthetic_random_flipping,pointodyssey|glunet|False|False,pointodyssey,glunet|False|False,8.5059,0.3326218788003726,-0.11934855985543197,0.0,0.0,86.97684000000001
synthetic_random_flipping,pointodyssey|glunet|False|True,pointodyssey,glunet|False|True,80.976,0.3326218788003726,-0.3691012211960554,0.0,0.0,74.05364999999999
synthetic_random_flipping,pointodyssey|glunet|True|False,pointodyssey,glunet|True|False,62.6774,0.3326218788003726,-0.321507640620335,0.0,0.0,86.67645999999999
synthetic_random_flipping,pointodyssey|glunet|True|True,pointodyssey,glunet|True|True,90.6576,0.3326218788003726,-0.22536911147235306,0.0,0.0,86.1181
synthetic_random_flipping,pointodyssey|raft|True|False,pointodyssey,raft|True|False,36.1356,0.3326218788003726,-0.3502465549114167,0.0,0.0,42.05829875
synthetic_random_flipping,spair|catspp|False|False,spair,catspp|False|False,4.0943,0.04518111197258708,0.0007189581862896752,0.0,0.0,3.4721249999999997
synthetic_random_flipping,spair|catspp|False|True,spair,catspp|False|True,3.9026,0.04518111197258708,0.0009501603453141803,0.0,0.0,3.5288650000000006
synthetic_random_flipping,spair|catspp|True|False,spair,catspp|True|False,20.7809,0.04518111197258708,0.006991572384134898,0.0,0.0,21.281129999999997
synthetic_random_flipping,spair|catspp|True|True,spair,catspp|True|True,21.5433,0.04518111197258708,0.0066044538754372025,0.0,0.0,22.56524
synthetic_random_flipping,spair|glunet|False|False,spair,glunet|False|False,3.6526,0.04518111197258708,0.0008156387402266974,0.0,0.0,2.79144
synthetic_random_flipping,spair|glunet|False|True,spair,glunet|False|True,2.6984,0.04518111197258708,0.0004755954255233473,0.0,0.0,2.5693200000000003
synthetic_random_flipping,spair|glunet|True|False,spair,glunet|True|False,5.1968,0.04518111197258708,0.01371418886622071,0.0,0.0,7.755509999999999
synthetic_random_flipping,spair|glunet|True|True,spair,glunet|True|True,15.6163,0.04518111197258708,0.009103990425549793,0.0,0.0,8.398689999999998
synthetic_random_flipping,spair|raft|True|False,spair,raft|True|False,1.9948,0.04518111197258708,0.000596257330780893,0.0,0.0,2.84419375
synthetic_random_flipping,synthetic|catspp|False|False,synthetic,catspp|False|False,19.63085,0.08330242812317107,0.01648455032223679,0.0,0.0,23.080665
synthetic_random_flipping,synthetic|catspp|False|True,synthetic,catspp|False|True,15.8474,0.08330242812317107,0.018475107082021564,0.0,0.0,24.567425
synthetic_random_flipping,synthetic|catspp|True|False,synthetic,catspp|True|False,40.1523,0.08330242812317107,0.02157284842093166,0.0,0.0,49.21644
synthetic_random_flipping,synthetic|catspp|True|True,synthetic,catspp|True|True,39.2118,0.08330242812317107,0.015334601844378471,0.0,0.0,48.2851
synthetic_random_flipping,synthetic|glunet|False|False,synthetic,glunet|False|False,18.5281,0.08330242812317107,0.01232878215062122,0.0,0.0,16.22314
synthetic_random_flipping,synthetic|glunet|False|True,synthetic,glunet|False|True,16.7068,0.08330242812317107,0.005347752697180944,0.0,0.0,11.865590000000001
synthetic_random_flipping,synthetic|glunet|True|False,synthetic,glunet|True|False,6.6755,0.08330242812317107,0.021404210895888825,0.0,0.0,31.093130000000002
synthetic_random_flipping,synthetic|glunet|True|True,synthetic,glunet|True|True,20.8004,0.08330242812317107,0.01695497294759196,0.0,0.0,27.343709999999998
synthetic_random_flipping,synthetic|raft|True|False,synthetic,raft|True|False,15.92325,0.08330242812317107,0.023843132390199775,0.0,0.0,21.511377500000002
synthetic_random_flipping,tss|catspp|False|False,tss,catspp|False|False,5.2821,0.05215877584241528,-0.008888258709259566,0.0,0.0,27.066875
synthetic_random_flipping,tss|catspp|False|True,tss,catspp|False|True,26.72155,0.05215877584241528,-0.012876478916000342,0.0,0.0,25.47493
synthetic_random_flipping,tss|catspp|True|False,tss,catspp|True|False,58.4608,0.05215877584241528,-0.0037532760144246722,0.0,0.0,64.55118
synthetic_random_flipping,tss|catspp|True|True,tss,catspp|True|True,60.5773,0.05215877584241528,-0.0044750455662046,0.0,0.0,64.87917
synthetic_random_flipping,tss|glunet|False|False,tss,glunet|False|False,32.7962,0.05215877584241528,-0.01332999578321155,0.0,0.0,25.55725
synthetic_random_flipping,tss|glunet|False|True,tss,glunet|False|True,27.4139,0.05215877584241528,-0.010817058573403171,0.0,0.0,22.559469999999997
synthetic_random_flipping,tss|glunet|True|False,tss,glunet|True|False,50.8272,0.05215877584241528,-0.022913821616338603,0.0,0.0,47.75251
synthetic_random_flipping,tss|glunet|True|True,tss,glunet|True|True,68.4478,0.05215877584241528,-0.01700708344217233,0.0,0.0,49.7961
synthetic_random_flipping,tss|raft|True|False,tss,raft|True|False,27.3016,0.05215877584241528,-0.009779483981187985,0.0,0.0,20.7535275
synthetic_small_zoom,flyingthings|catspp|False|False,flyingthings,catspp|False|False,57.94145,-0.01858285600112586,0.007307514641777554,0.0,0.0,57.46369
synthetic_small_zoom,flyingthings|catspp|False|True,flyingthings,catspp|False|True,60.329,-0.01858285600112586,0.0072292566428906815,0.0,0.0,58.36421
synthetic_small_zoom,flyingthings|catspp|True|False,flyingthings,catspp|True|False,79.6231,-0.01858285600112586,0.002189596921948079,0.0,0.0,79.9871
synthetic_small_zoom,flyingthings|catspp|True|True,flyingthings,catspp|True|True,82.1343,-0.01858285600112586,0.0015821656694688599,0.0,0.0,79.876775
synthetic_small_zoom,flyingthings|glunet|False|False,flyingthings,glunet|False|False,64.6211,-0.01858285600112586,0.007587914118879335,0.0,0.0,58.31179999999999
synthetic_small_zoom,flyingthings|glunet|False|True,flyingthings,glunet|False|True,3.3265,-0.01858285600112586,0.0030795393579029664,0.0,0.0,57.27352
synthetic_small_zoom,flyingthings|glunet|True|False,flyingthings,glunet|True|False,39.164,-0.01858285600112586,0.007321212643395857,0.0,0.0,68.57140000000001
synthetic_small_zoom,flyingthings|glunet|True|True,flyingthings,glunet|True|True,66.7997,-0.01858285600112586,0.005539423280960308,0.0,0.0,67.60204999999999
synthetic_small_zoom,flyingthings|raft|True|False,flyingthings,raft|True|False,65.58855,-0.01858285600112586,0.009128530931026424,0.0,0.0,49.266845
synthetic_small_zoom,kitti2012|catspp|False|False,kitti2012,catspp|False|False,62.5595,-0.5926793488790534,0.33251656971249516,0.0,0.0,77.6808
synthetic_small_zoom,kitti2012|catspp|False|True,kitti2012,catspp|False|True,86.332,-0.5926793488790534,0.32947497577663626,0.0,0.0,77.51874000000001
synthetic_small_zoom,kitti2012|catspp|True|False,kitti2012,catspp|True|False,98.098,-0.5926793488790534,0.06133055148290098,0.0,0.0,95.56376
synthetic_small_zoom,kitti2012|catspp|True|True,kitti2012,catspp|True|True,96.1437,-0.5926793488790534,0.05830425047890478,0.0,0.0,95.62424
synthetic_small_zoom,kitti2012|glunet|False|False,kitti2012,glunet|False|False,83.278,-0.5926793488790534,0.3532493669929673,0.0,0.0,86.67063
synthetic_small_zoom,kitti2012|glunet|False|True,kitti2012,glunet|False|True,91.6607,-0.5926793488790534,0.34309348384291516,0.0,0.0,82.05635
synthetic_small_zoom,kitti2012|glunet|True|False,kitti2012,glunet|True|False,97.8728,-0.5926793488790534,0.3177464178908737,0.0,0.0,87.93485999999999
synthetic_small_zoom,kitti2012|glunet|True|True,kitti2012,glunet|True|True,97.4634,-0.5926793488790534,0.20285787952897302,0.0,0.0,91.26132
synthetic_small_zoom,kitti2012|raft|True|False,kitti2012,raft|True|False,98.2011,-0.5926793488790534,0.43874451822184307,0.0,0.0,74.47640249999999
synthetic_small_zoom,kitti2015|catspp|False|False,kitti2015,catspp|False|False,83.0162,-0.5177678016065481,0.2836139576558106,0.0,0.0,77.94109999999999
synthetic_small_zoom,kitti2015|catspp|False|True,kitti2015,catspp|False|True,93.0548,-0.5177678016065481,0.2731253427527857,0.0,0.0,77.77804
synthetic_small_zoom,kitti2015|catspp|True|False,kitti2015,catspp|True|False,97.1466,-0.5177678016065481,0.04330958686643986,0.0,0.0,94.94857499999999
synthetic_small_zoom,kitti2015|catspp|True|True,kitti2015,catspp|True|True,94.8194,-0.5177678016065481,0.04270681412748219,0.0,0.0,94.84918
synthetic_small_zoom,kitti2015|glunet|False|False,kitti2015,glunet|False|False,13.6098,-0.5177678016065481,0.08176944223739606,0.0,0.0,89.0667
synthetic_small_zoom,kitti2015|glunet|False|True,kitti2015,glunet|False|True,88.1684,-0.5177678016065481,0.2660171575534376,0.0,0.0,77.66272000000001
synthetic_small_zoom,kitti2015|glunet|True|False,kitti2015,glunet|True|False,96.11,-0.5177678016065481,0.2574963822650689,0.0,0.0,86.025
synthetic_small_zoom,kitti2015|glunet|True|True,kitti2015,glunet|True|True,97.3336,-0.5177678016065481,0.17184072015024487,0.0,0.0,89.04607
synthetic_small_zoom,kitti2015|raft|True|False,kitti2015,raft|True|False,91.5495,-0.5177678016065481,0.3511160486380826,0.0,0.0,72.47344625000001
synthetic_small_zoom,pfpascal|catspp|False|False,pfpascal,catspp|False|False,15.9431,-0.11989327371873888,0.009798337786795293,0.0,0.0,11.34567
synthetic_small_zoom,pfpascal|catspp|False|True,pfpascal,catspp|False|True,18.9586,-0.11989327371873888,0.010109409161038205,0.0,0.0,11.19807
synthetic_small_zoom,pfpascal|catspp|True|False,pfpascal,catspp|True|False,47.5495,-0.11989327371873888,0.01261919477478896,0.0,0.0,43.20949
synthetic_small_zoom,pfpascal|catspp|True|True,pfpascal,catspp|True|True,55.8613,-0.11989327371873888,0.009816183159767093,0.0,0.0,45.239085
synthetic_small_zoom,pfpascal|glunet|False|False,pfpascal,glunet|False|False,8.1688,-0.11989327371873888,0.010860526280115301,0.0,0.0,12.12781
synthetic_small_zoom,pfpascal|glunet|False|True,pfpascal,glunet|False|True,12.2101,-0.11989327371873888,0.00966616881329334,0.0,0.0,11.56757
synthetic_small_zoom,pfpascal|glunet|True|False,pfpascal,glunet|True|False,27.963,-0.11989327371873888,0.023195186232990307,0.0,0.0,25.70394
synthetic_small_zoom,pfpascal|glunet|True|True,pfpascal,glunet|True|True,32.8035,-0.11989327371873888,0.02288049714609098,0.0,0.0,31.27456
synthetic_small_zoom,pfpascal|raft|True|False,pfpascal,raft|True|False,13.37085,-0.11989327371873888,0.009126688034850207,0.0,0.0,11.56591875
synthetic_small_zoom,pfwillow|catspp|False|False,pfwillow,catspp|False|False,18.7222,-0.05733037474815899,0.003748554098130438,0.0,0.0,13.580000000000002
synthetic_small_zoom,pfwillow|catspp|False|True,pfwillow,catspp|False|True,19.0444,-0.05733037474815899,0.00395592315743178,0.0,0.0,13.958335
synthetic_small_zoom,pfwillow|catspp|True|False,pfwillow,catspp|True|False,51.4222,-0.05733037474815899,0.00441994457006491,0.0,0.0,46.300560000000004
synthetic_small_zoom,pfwillow|catspp|True|True,pfwillow,catspp|True|True,45.7111,-0.05733037474815899,0.004968293735779416,0.0,0.0,49.05666
synthetic_small_zoom,pfwillow|glunet|False|False,pfwillow,glunet|False|False,13.3667,-0.05733037474815899,0.00386092404918074,0.0,0.0,15.69042
synthetic_small_zoom,pfwillow|glunet|False|True,pfwillow,glunet|False|True,16.6778,-0.05733037474815899,0.0036960287210725607,0.0,0.0,13.73793
synthetic_small_zoom,pfwillow|glunet|True|False,pfwillow,glunet|True|False,21.9778,-0.05733037474815899,0.009547747103515799,0.0,0.0,29.87431
synthetic_small_zoom,pfwillow|glunet|True|True,pfwillow,glunet|True|True,36.9201,-0.05733037474815899,0.009266984277153447,0.0,0.0,33.8278
synthetic_small_zoom,pfwillow|raft|True|False,pfwillow,raft|True|False,18.7,-0.05733037474815899,0.0034057093727795223,0.0,0.0,14.482046250000002
synthetic_small_zoom,pointodyssey|catspp|False|False,pointodyssey,catspp|False|False,46.4111,-0.088861745637925,0.0468911909663281,0.0,0.0,44.455505
synthetic_small_zoom,pointodyssey|catspp|False|True,pointodyssey,catspp|False|True,43.2626,-0.088861745637925,0.05289726136369379,0.0,0.0,51.78643999999999
synthetic_small_zoom,pointodyssey|catspp|True|False,pointodyssey,catspp|True|False,36.487,-0.088861745637925,0.030720961005349625,0.0,0.0,59.63626000000001
synthetic_small_zoom,pointodyssey|catspp|True|True,pointodyssey,catspp|True|True,51.1702,-0.088861745637925,0.03383792430976779,0.0,0.0,58.584140000000005
synthetic_small_zoom,pointodyssey|glunet|False|False,pointodyssey,glunet|False|False,92.0672,-0.088861745637925,0.05214366523389384,0.0,0.0,78.62071
synthetic_small_zoom,pointodyssey|glunet|False|True,pointodyssey,glunet|False|True,81.446,-0.088861745637925,0.050436896528090705,0.0,0.0,74.00665000000001
synthetic_small_zoom,pointodyssey|glunet|True|False,pointodyssey,glunet|True|False,92.0552,-0.088861745637925,0.04626462905788165,0.0,0.0,83.73868
synthetic_small_zoom,pointodyssey|glunet|True|True,pointodyssey,glunet|True|True,90.8588,-0.088861745637925,0.03080093845169653,0.0,0.0,86.09797999999999
synthetic_small_zoom,pointodyssey|raft|True|False,pointodyssey,raft|True|False,74.9348,-0.088861745637925,0.04187303452164564,0.0,0.0,38.17837875
synthetic_small_zoom,spair|catspp|False|False,spair,catspp|False|False,3.93925,-0.040033411460142485,9.717232275790859e-05,0.0,0.0,3.4876300000000002
synthetic_small_zoom,spair|catspp|False|True,spair,catspp|False|True,3.183,-0.040033411460142485,0.00011996620071704819,0.0,0.0,3.6008250000000004
synthetic_small_zoom,spair|catspp|True|False,spair,catspp|True|False,19.9484,-0.040033411460142485,0.0008832003432620039,0.0,0.0,21.36438
synthetic_small_zoom,spair|catspp|True|True,spair,catspp|True|True,18.34,-0.040033411460142485,0.0007675902627345385,0.0,0.0,22.88557
synthetic_small_zoom,spair|glunet|False|False,spair,glunet|False|False,3.0531,-0.040033411460142485,0.00012209207938424673,0.0,0.0,2.85139
synthetic_small_zoom,spair|glunet|False|True,spair,glunet|False|True,2.7028,-0.040033411460142485,6.041527425146198e-05,0.0,0.0,2.56888
synthetic_small_zoom,spair|glunet|True|False,spair,glunet|True|False,2.8992,-0.040033411460142485,0.0017108163232139,0.0,0.0,7.98527
synthetic_small_zoom,spair|glunet|True|True,spair,glunet|True|True,14.6684,-0.040033411460142485,0.0011928474902528608,0.0,0.0,8.49348
synthetic_small_zoom,spair|raft|True|False,spair,raft|True|False,2.4022375,-0.040033411460142485,9.521929099559147e-05,0.0,0.0,2.80345
synthetic_small_zoom,synthetic|catspp|False|False,synthetic,catspp|False|False,4.0712,0.00135192541775794,0.014869111703625077,0.0,0.0,24.63663
synthetic_small_zoom,synthetic|catspp|False|True,synthetic,catspp|False|True,21.8158,0.00135192541775794,0.019725421795158977,0.0,0.0,23.970585
synthetic_small_zoom,synthetic|catspp|True|False,synthetic,catspp|True|False,38.1694,0.00135192541775794,0.022442478123548087,0.0,0.0,49.41473
synthetic_small_zoom,synthetic|catspp|True|True,synthetic,catspp|True|True,48.52,0.00135192541775794,0.01655529971510588,0.0,0.0,47.35428
synthetic_small_zoom,synthetic|glunet|False|False,synthetic,glunet|False|False,10.5186,0.00135192541775794,0.012658137005324099,0.0,0.0,17.02409
synthetic_small_zoom,synthetic|glunet|False|True,synthetic,glunet|False|True,6.8448,0.00135192541775794,0.0053916298137462754,0.0,0.0,12.85179
synthetic_small_zoom,synthetic|glunet|True|False,synthetic,glunet|True|False,35.4304,0.00135192541775794,0.02464195725851894,0.0,0.0,28.21764
synthetic_small_zoom,synthetic|glunet|True|True,synthetic,glunet|True|True,21.0263,0.00135192541775794,0.017801843954256855,0.0,0.0,27.32112
synthetic_small_zoom,synthetic|raft|True|False,synthetic,raft|True|False,4.674075,0.00135192541775794,0.023880482776784402,0.0,0.0,22.636295
synthetic_small_zoom,tss|catspp|False|False,tss,catspp|False|False,20.8428,-0.04096040290807681,0.011194445294674608,0.0,0.0,25.510804999999998
synthetic_small_zoom,tss|catspp|False|True,tss,catspp|False|True,20.0086,-0.04096040290807681,0.011855924108848245,0.0,0.0,26.146224999999998
synthetic_small_zoom,tss|catspp|True|False,tss,catspp|True|False,64.8435,-0.04096040290807681,0.0041012601989322784,0.0,0.0,63.91291
synthetic_small_zoom,tss|catspp|True|True,tss,catspp|True|True,68.6688,-0.04096040290807681,0.004146185768223321,0.0,0.0,64.07002
synthetic_small_zoom,tss|glunet|False|False,tss,glunet|False|False,39.6402,-0.04096040290807681,0.01161370503950115,0.0,0.0,24.87285
synthetic_small_zoom,tss|glunet|False|True,tss,glunet|False|True,32.7723,-0.04096040290807681,0.009536447256520881,0.0,0.0,22.02363
synthetic_small_zoom,tss|glunet|True|False,tss,glunet|True|False,65.5404,-0.04096040290807681,0.02035785192647408,0.0,0.0,46.281189999999995
synthetic_small_zoom,tss|glunet|True|True,tss,glunet|True|True,62.9502,-0.04096040290807681,0.016628065857143264,0.0,0.0,50.34586
synthetic_small_zoom,tss|raft|True|False,tss,raft|True|False,31.9553,-0.04096040290807681,0.008490604588591051,0.0,0.0,20.2881575
