train_dataset,context_id,benchmark,variant,actual,g,g_zridge,g_rank,g_gbm,L
flyingthings,flyingthings|catspp|False|False,flyingthings,catspp|False|False,76.3251,0.36995709575310215,0.6317536891761527,0.0,0.0,55.625325
flyingthings,flyingthings|catspp|False|True,flyingthings,catspp|False|True,76.5009,0.36995709575310215,0.627683945256037,0.0,0.0,56.74702
flyingthings,flyingthings|catspp|True|False,flyingthings,catspp|True|False,85.2977,0.36995709575310215,0.19039010685015323,0.0,0.0,79.41964
flyingthings,flyingthings|catspp|True|True,flyingthings,catspp|True|True,85.2894,0.36995709575310215,0.1338738454875956,0.0,0.0,79.561265
flyingthings,flyingthings|glunet|False|False,flyingthings,glunet|False|False,79.5401,0.36995709575310215,0.6548432068173321,0.0,0.0,56.819900000000004
flyingthings,flyingthings|glunet|False|True,flyingthings,glunet|False|True,72.9905,0.36995709575310215,0.5705942657820132,0.0,0.0,50.307120000000005
flyingthings,flyingthings|glunet|True|False,flyingthings,glunet|True|False,85.8465,0.36995709575310215,0.695986843217222,0.0,0.0,63.903150000000004
flyingthings,flyingthings|glunet|True|True,flyingthings,glunet|True|True,81.4831,0.36995709575310215,0.4800932028544225,0.0,0.0,66.13371
flyingthings,flyingthings|raft|True|False,flyingthings,raft|True|False,79.60585,0.36995709575310215,0.7844189076913377,0.0,0.0,47.865115
flyingthings,kitti2012|catspp|False|False,kitti2012,catspp|False|False,94.359,5.891674147431797,8.34680576766999,0.0,0.0,74.50085
flyingthings,kitti2012|catspp|False|True,kitti2012,catspp|False|True,94.1642,5.891674147431797,8.225524840276982,0.0,0.0,76.73552
flyingthings,kitti2012|catspp|True|False,kitti2012,catspp|True|False,98.098,5.891674147431797,1.5607665617037703,0.0,0.0,95.56376
flyingthings,kitti2012|catspp|True|True,kitti2012,catspp|True|True,97.709,5.891674147431797,1.4649086091934032,0.0,0.0,95.46771
flyingthings,kitti2012|glunet|False|False,kitti2012,glunet|False|False,97.2233,5.891674147431797,8.903922679470494,0.0,0.0,85.2761
flyingthings,kitti2012|glunet|False|True,kitti2012,glunet|False|True,94.0515,5.891674147431797,8.692663862202691,0.0,0.0,81.81727000000001
flyingthings,kitti2012|glunet|True|False,kitti2012,glunet|True|False,99.4901,5.891674147431797,8.058256917863039,0.0,0.0,87.77313
flyingthings,kitti2012|glunet|True|True,kitti2012,glunet|True|True,99.0764,5.891674147431797,5.133856713640009,0.0,0.0,91.10002
flyingthings,kitti2012|raft|True|False,kitti2012,raft|True|False,96.60025,5.891674147431797,11.207394899642045,0.0,0.0,74.6364875
flyingthings,kitti2015|catspp|False|False,kitti2015,catspp|False|False,91.4836,4.902314874488812,6.791527986204097,0.0,0.0,77.09436
flyingthings,kitti2015|catspp|False|True,kitti2015,catspp|False|True,91.5434,4.902314874488812,6.673588667901916,0.0,0.0,77.92918
flyingthings,kitti2015|catspp|True|False,kitti2015,catspp|True|False,96.7896,4.902314874488812,1.0596345241979785,0.0,0.0,94.984275
flyingthings,kitti2015|catspp|True|True,kitti2015,catspp|True|True,95.7013,4.902314874488812,1.0354446357310045,0.0,0.0,94.76099
flyingthings,kitti2015|glunet|False|False,kitti2015,glunet|False|False,93.9097,4.902314874488812,6.998333790899587,0.0,0.0,81.03671
flyingthings,kitti2015|glunet|False|True,kitti2015,glunet|False|True,89.0545,4.902314874488812,6.457799816176409,0.0,0.0,77.57410999999999
flyingthings,kitti2015|glunet|True|False,kitti2015,glunet|True|False,97.7086,4.902314874488812,6.238900017257524,0.0,0.0,85.86514
flyingthings,kitti2015|glunet|True|True,kitti2015,glunet|True|True,97.3336,4.902314874488812,4.180303968069457,0.0,0.0,89.04607
flyingthings,kitti2015|raft|True|False,kitti2015,raft|True|False,91.5495,4.902314874488812,8.54146683097774,0.0,0.0,72.47344625
flyingthings,pfpascal|catspp|False|False,pfpascal,catspp|False|False,16.4969,1.3910222194581143,0.4514720314380653,0.0,0.0,11.29029
flyingthings,pfpascal|catspp|False|True,pfpascal,catspp|False|True,16.0706,1.3910222194581143,0.5120228734888738,0.0,0.0,11.48687
flyingthings,pfpascal|catspp|True|False,pfpascal,catspp|True|False,48.3555,1.3910222194581143,0.5826604075491365,0.0,0.0,43.12889
flyingthings,pfpascal|catspp|True|True,pfpascal,catspp|True|True,50.7447,1.3910222194581143,0.5455947515256012,0.0,0.0,45.750745
flyingthings,pfpascal|glunet|False|False,pfpascal,glunet|False|False,11.2521,1.3910222194581143,0.5224119334101196,0.0,0.0,11.81948
flyingthings,pfpascal|glunet|False|True,pfpascal,glunet|False|True,14.9872,1.3910222194581143,0.43701514435929323,0.0,0.0,11.289860000000001
flyingthings,pfpascal|glunet|True|False,pfpascal,glunet|True|False,34.1953,1.3910222194581143,1.0479002648739946,0.0,0.0,25.08071
flyingthings,pfpascal|glunet|True|True,pfpascal,glunet|True|True,33.9699,1.3910222194581143,1.0668724761130246,0.0,0.0,31.15792
flyingthings,pfpascal|raft|True|False,pfpascal,raft|True|False,13.37085,1.3910222194581143,0.4265907265206276,0.0,0.0,11.56591875
flyingthings,pfwillow|catspp|False|False,pfwillow,catspp|False|False,17.4889,0.48673081012838365,0.246890972685688,0.0,0.0,13.70333
flyingthings,pfwillow|catspp|False|True,pfwillow,catspp|False|True,19.0444,0.48673081012838365,0.2532018500101969,0.0,0.0,13.958335
flyingthings,pfwillow|catspp|True|False,pfwillow,catspp|True|False,51.4778,0.48673081012838365,0.282590031174122,0.0,0.0,46.295
flyingthings,pfwillow|catspp|True|True,pfwillow,catspp|True|True,53.4,0.48673081012838365,0.3113556842514664,0.0,0.0,48.28777
flyingthings,pfwillow|glunet|False|False,pfwillow,glunet|False|False,16.2466,0.48673081012838365,0.24976097307914494,0.0,0.0,15.402429999999999
flyingthings,pfwillow|glunet|False|True,pfwillow,glunet|False|True,18.3398,0.48673081012838365,0.2280805378695506,0.0,0.0,13.571729999999999
flyingthings,pfwillow|glunet|True|False,pfwillow,glunet|True|False,35.8302,0.48673081012838365,0.6130452500598265,0.0,0.0,28.489069999999998
flyingthings,pfwillow|glunet|True|True,pfwillow,glunet|True|True,36.9398,0.48673081012838365,0.5931086035239466,0.0,0.0,33.82583
flyingthings,pfwillow|raft|True|False,pfwillow,raft|True|False,16.6614,0.48673081012838365,0.22672426830060868,0.0,0.0,14.685906249999999
flyingthings,pointodyssey|catspp|False|False,pointodyssey,catspp|False|False,46.0158,0.9827637103661949,1.078894585010048,0.0,0.0,44.495034999999994
flyingthings,pointodyssey|catspp|False|True,pointodyssey,catspp|False|True,68.9316,0.9827637103661949,1.1883894522118124,0.0,0.0,49.21954
flyingthings,pointodyssey|catspp|True|False,pointodyssey,catspp|True|False,64.7289,0.9827637103661949,0.7760520337584406,0.0,0.0,56.81206999999999
flyingthings,pointodyssey|catspp|True|True,pointodyssey,catspp|True|True,59.3461,0.9827637103661949,0.785734484192181,0.0,0.0,57.76655000000001
flyingthings,pointodyssey|glunet|False|False,pointodyssey,glunet|False|False,93.9512,0.9827637103661949,1.194130517997094,0.0,0.0,78.43231
flyingthings,pointodyssey|glunet|False|True,pointodyssey,glunet|False|True,91.9442,0.9827637103661949,1.1313914303542547,0.0,0.0,72.95683
flyingthings,pointodyssey|glunet|True|False,pointodyssey,glunet|True|False,97.4434,0.9827637103661949,1.0505973369757056,0.0,0.0,83.19986
flyingthings,pointodyssey|glunet|True|True,pointodyssey,glunet|True|True,95.08,0.9827637103661949,0.69843026871786,0.0,0.0,85.67586
flyingthings,pointodyssey|raft|True|False,pointodyssey,raft|True|False,36.1356,0.9827637103661949,1.1016995582662499,0.0,0.0,42.05829875
flyingthings,spair|catspp|False|False,spair,catspp|False|False,3.633,2.4464677046964933,0.12703077503905832,0.0,0.0,3.518255
flyingthings,spair|catspp|False|True,spair,catspp|False|True,3.6918,2.4464677046964933,0.152850414170958,0.0,0.0,3.549945
flyingthings,spair|catspp|True|False,spair,catspp|True|False,19.9484,2.4464677046964933,1.0911699766624638,0.0,0.0,21.36438
flyingthings,spair|catspp|True|True,spair,catspp|True|True,19.8812,2.4464677046964933,1.0062961369038275,0.0,0.0,22.731450000000002
flyingthings,spair|glunet|False|False,spair,glunet|False|False,2.6105,2.4464677046964933,0.1496198088833491,0.0,0.0,2.89565
flyingthings,spair|glunet|False|True,spair,glunet|False|True,2.7028,2.4464677046964933,0.07464142637393402,0.0,0.0,2.56888
flyingthings,spair|glunet|True|False,spair,glunet|True|False,6.6514,2.4464677046964933,2.166336681152548,0.0,0.0,7.610049999999999
flyingthings,spair|glunet|True|True,spair,glunet|True|True,7.582,2.4464677046964933,1.5788237319023262,0.0,0.0,9.20212
flyingthings,spair|raft|True|False,spair,raft|True|False,2.69925,2.4464677046964933,0.12346526196380253,0.0,0.0,2.77374875
flyingthings,synthetic|catspp|False|False,synthetic,catspp|False|False,20.6718,3.493638409638579,5.25053443302042,0.0,0.0,22.97657
flyingthings,synthetic|catspp|False|True,synthetic,catspp|False|True,22.0954,3.493638409638579,5.978944986546576,0.0,0.0,23.942625
flyingthings,synthetic|catspp|True|False,synthetic,catspp|True|False,38.1694,3.493638409638579,6.800469819305901,0.0,0.0,49.41473
flyingthings,synthetic|catspp|True|True,synthetic,catspp|True|True,38.2449,3.493638409638579,4.837481067618558,0.0,0.0,48.38179
flyingthings,synthetic|glunet|False|False,synthetic,glunet|False|False,15.5289,3.493638409638579,3.9282856656134912,0.0,0.0,16.52306
flyingthings,synthetic|glunet|False|True,synthetic,glunet|False|True,15.7001,3.493638409638579,1.7477124402051618,0.0,0.0,11.96626
flyingthings,synthetic|glunet|True|False,synthetic,glunet|True|False,35.4304,3.493638409638579,7.466951096160439,0.0,0.0,28.21764
flyingthings,synthetic|glunet|True|True,synthetic,glunet|True|True,27.769,3.493638409638579,5.455809121773915,0.0,0.0,26.64685
flyingthings,synthetic|raft|True|False,synthetic,raft|True|False,15.92325,3.493638409638579,7.578523807542185,0.0,0.0,21.511377500000002
flyingthings,tss|catspp|False|False,tss,catspp|False|False,33.5001,0.7664909285183557,0.7895224763667475,0.0,0.0,24.245075
flyingthings,tss|catspp|False|True,tss,catspp|False|True,32.7945,0.7664909285183557,0.8542954289009603,0.0,0.0,24.867635
flyingthings,tss|catspp|True|False,tss,catspp|True|False,66.7564,0.7664909285183557,0.28951396708862914,0.0,0.0,63.72162000000001
flyingthings,tss|catspp|True|True,tss,catspp|True|True,66.7002,0.7664909285183557,0.31831301894596054,0.0,0.0,64.26688
flyingthings,tss|glunet|False|False,tss,glunet|False|False,26.1161,0.7664909285183557,0.9273391814481391,0.0,0.0,26.22526
flyingthings,tss|glunet|False|True,tss,glunet|False|True,32.7723,0.7664909285183557,0.6949273068627405,0.0,0.0,22.02363
flyingthings,tss|glunet|True|False,tss,glunet|True|False,58.8215,0.7664909285183557,1.5337493205062898,0.0,0.0,46.95308
flyingthings,tss|glunet|True|True,tss,glunet|True|True,54.9733,0.7664909285183557,1.2503057010142848,0.0,0.0,51.14355
flyingthings,tss|raft|True|False,tss,raft|True|False,24.11475,0.7664909285183557,0.6829591552039272,0.0,0.0,21.0722125
imagenet2dwarp,flyingthings|catspp|False|False,flyingthings,catspp|False|False,57.94145,0.18231767828969828,0.1990598096325015,0.0,0.0,57.46369
imagenet2dwarp,flyingthings|catspp|False|True,flyingthings,catspp|False|True,60.329,0.18231767828969828,0.19692802842859117,0.0,0.0,58.36421
imagenet2dwarp,flyingthings|catspp|True|False,flyingthings,catspp|True|False,78.9297,0.18231767828969828,0.05955768463614197,0.0,0.0,80.05644
imagenet2dwarp,flyingthings|catspp|True|True,flyingthings,catspp|True|True,79.9519,0.18231767828969828,0.043637943973882515,0.0,0.0,80.095015
imagenet2dwarp,flyingthings|glunet|False|False,flyingthings,glunet|False|False,54.827,0.18231767828969828,0.20714047929239698,0.0,0.0,59.29121
imagenet2dwarp,flyingthings|glunet|False|True,flyingthings,glunet|False|True,48.8918,0.18231767828969828,0.18360544758489936,0.0,0.0,52.716989999999996
imagenet2dwarp,flyingthings|glunet|True|False,flyingthings,glunet|True|False,11.3571,0.18231767828969828,0.12076103326997693,0.0,0.0,71.35209
imagenet2dwarp,flyingthings|glunet|True|True,flyingthings,glunet|True|True,66.7997,0.18231767828969828,0.1508962482918241,0.0,0.0,67.60204999999999
imagenet2dwarp,flyingthings|raft|True|False,flyingthings,raft|True|False,4.28145,0.18231767828969828,0.20054802861859974,0.0,0.0,55.397555
imagenet2dwarp,kitti2012|catspp|False|False,kitti2012,catspp|False|False,69.0475,1.565306065265429,2.2725701881285922,0.0,0.0,77.03200000000001
imagenet2dwarp,kitti2012|catspp|False|True,kitti2012,catspp|False|True,72.7553,1.565306065265429,2.2294889926474273,0.0,0.0,78.87640999999999
imagenet2dwarp,kitti2012|catspp|True|False,kitti2012,catspp|True|False,92.9336,1.565306065265429,0.41016425656018485,0.0,0.0,96.0802
imagenet2dwarp,kitti2012|catspp|True|True,kitti2012,catspp|True|True,93.6996,1.565306065265429,0.38856359731174395,0.0,0.0,95.86865
imagenet2dwarp,kitti2012|glunet|False|False,kitti2012,glunet|False|False,83.4869,1.565306065265429,2.3826752589286935,0.0,0.0,86.64974
imagenet2dwarp,kitti2012|glunet|False|True,kitti2012,glunet|False|True,82.5947,1.565306065265429,2.330203545980486,0.0,0.0,82.96295
imagenet2dwarp,kitti2012|glunet|True|False,kitti2012,glunet|True|False,22.7606,1.565306065265429,0.5798311997951394,0.0,0.0,95.44608
imagenet2dwarp,kitti2012|glunet|True|True,kitti2012,glunet|True|True,93.1941,1.565306065265429,1.3789497106771635,0.0,0.0,91.68825
imagenet2dwarp,kitti2012|raft|True|False,kitti2012,raft|True|False,13.823675,1.565306065265429,2.301975616682118,0.0,0.0,82.91414499999999
imagenet2dwarp,kitti2015|catspp|False|False,kitti2015,catspp|False|False,78.94014999999999,1.8391863450287445,2.583526576433287,0.0,0.0,78.348705
imagenet2dwarp,kitti2015|catspp|False|True,kitti2015,catspp|False|True,81.1634,1.8391863450287445,2.5343901124904518,0.0,0.0,78.96718000000001
imagenet2dwarp,kitti2015|catspp|True|False,kitti2015,catspp|True|False,92.1125,1.8391863450287445,0.384429322779701,0.0,0.0,95.45198500000001
imagenet2dwarp,kitti2015|catspp|True|True,kitti2015,catspp|True|True,93.2336,1.8391863450287445,0.3835506341853124,0.0,0.0,95.00776
imagenet2dwarp,kitti2015|glunet|False|False,kitti2015,glunet|False|False,85.4709,1.8391863450287445,2.647923983752975,0.0,0.0,81.88059000000001
imagenet2dwarp,kitti2015|glunet|False|True,kitti2015,glunet|False|True,80.8596,1.8391863450287445,2.442378711732211,0.0,0.0,78.3936
imagenet2dwarp,kitti2015|glunet|True|False,kitti2015,glunet|True|False,29.7992,1.8391863450287445,1.0495200852963853,0.0,0.0,92.65608
imagenet2dwarp,kitti2015|glunet|True|True,kitti2015,glunet|True|True,89.5363,1.8391863450287445,1.58673002783267,0.0,0.0,89.82579999999999
imagenet2dwarp,kitti2015|raft|True|False,kitti2015,raft|True|False,18.0252125,1.8391863450287445,2.5013697441056424,0.0,0.0,79.825875
imagenet2dwarp,pfpascal|catspp|False|False,pfpascal,catspp|False|False,9.00725,1.0924452719727364,0.3381769298411486,0.0,0.0,12.039255
imagenet2dwarp,pfpascal|catspp|False|True,pfpascal,catspp|False|True,7.8772,1.0924452719727364,0.3688054112122474,0.0,0.0,12.30621
imagenet2dwarp,pfpascal|catspp|True|False,pfpascal,catspp|True|False,34.5998,1.0924452719727364,0.37280556114865876,0.0,0.0,44.50446
imagenet2dwarp,pfpascal|catspp|True|True,pfpascal,catspp|True|True,45.3169,1.0924452719727364,0.40731340114082293,0.0,0.0,46.293525
imagenet2dwarp,pfpascal|glunet|False|False,pfpascal,glunet|False|False,6.0177,1.0924452719727364,0.3471869834894175,0.0,0.0,12.342920000000001
imagenet2dwarp,pfpascal|glunet|False|True,pfpascal,glunet|False|True,6.6055,1.0924452719727364,0.2999213552702634,0.0,0.0,12.128029999999999
imagenet2dwarp,pfpascal|glunet|True|False,pfpascal,glunet|True|False,5.8954,1.0924452719727364,0.6009888107240303,0.0,0.0,27.910700000000002
imagenet2dwarp,pfpascal|glunet|True|True,pfpascal,glunet|True|True,29.9721,1.0924452719727364,0.768238381371931,0.0,0.0,31.5577
imagenet2dwarp,pfpascal|raft|True|False,pfpascal,raft|True|False,5.7248375000000005,1.0924452719727364,0.2706551737828837,0.0,0.0,12.33052
imagenet2dwarp,pfwillow|catspp|False|False,pfwillow,catspp|False|False,11.4111,0.3473639574734765,0.09503865796830824,0.0,0.0,14.31111
imagenet2dwarp,pfwillow|catspp|False|True,pfwillow,catspp|False|True,11.5778,0.3473639574734765,0.09948921543658036,0.0,0.0,14.704995
imagenet2dwarp,pfwillow|catspp|True|False,pfwillow,catspp|True|False,40.8778,0.3473639574734765,0.10445511256702045,0.0,0.0,47.355000000000004
imagenet2dwarp,pfwillow|catspp|True|True,pfwillow,catspp|True|True,48.9333,0.3473639574734765,0.12263057033283864,0.0,0.0,48.73444
imagenet2dwarp,pfwillow|glunet|False|False,pfwillow,glunet|False|False,10.8778,0.3473639574734765,0.08940669250127962,0.0,0.0,15.93931
imagenet2dwarp,pfwillow|glunet|False|True,pfwillow,glunet|False|True,10.5889,0.3473639574734765,0.08861233471949272,0.0,0.0,14.34682
imagenet2dwarp,pfwillow|glunet|True|False,pfwillow,glunet|True|False,10.1,0.3473639574734765,0.19660520032340822,0.0,0.0,31.06209
imagenet2dwarp,pfwillow|glunet|True|True,pfwillow,glunet|True|True,31.7,0.3473639574734765,0.2255110234471718,0.0,0.0,34.349810000000005
imagenet2dwarp,pfwillow|raft|True|False,pfwillow,raft|True|False,6.6805625,0.3473639574734765,0.06557991858984175,0.0,0.0,15.68399
imagenet2dwarp,pointodyssey|catspp|False|False,pointodyssey,catspp|False|False,51.33235,1.1165741578896555,1.5260744087761717,0.0,0.0,43.96338
imagenet2dwarp,pointodyssey|catspp|False|True,pointodyssey,catspp|False|True,48.7736,1.1165741578896555,1.7381349472228984,0.0,0.0,51.235339999999994
imagenet2dwarp,pointodyssey|catspp|True|False,pointodyssey,catspp|True|False,36.487,1.1165741578896555,1.0045570292257135,0.0,0.0,59.63626000000001
imagenet2dwarp,pointodyssey|catspp|True|True,pointodyssey,catspp|True|True,41.4359,1.1165741578896555,1.0508680062769788,0.0,0.0,59.55757
imagenet2dwarp,pointodyssey|glunet|False|False,pointodyssey,glunet|False|False,82.9373,1.1165741578896555,1.726703114989112,0.0,0.0,79.5337
imagenet2dwarp,pointodyssey|glunet|False|True,pointodyssey,glunet|False|True,78.5324,1.1165741578896555,1.654225722396885,0.0,0.0,74.29801
imagenet2dwarp,pointodyssey|glunet|True|False,pointodyssey,glunet|True|False,25.0551,1.1165741578896555,0.665741122796974,0.0,0.0,90.43869
imagenet2dwarp,pointodyssey|glunet|True|True,pointodyssey,glunet|True|True,89.2135,1.1165741578896555,1.0102078839998658,0.0,0.0,86.26250999999999
imagenet2dwarp,pointodyssey|raft|True|False,pointodyssey,raft|True|False,3.8248375,1.1165741578896555,1.3088858390308777,0.0,0.0,45.289375
imagenet2dwarp,spair|catspp|False|False,spair,catspp|False|False,3.93925,-1.3738164691766153,-0.08369889538383246,0.0,0.0,3.4876300000000002
imagenet2dwarp,spair|catspp|False|True,spair,catspp|False|True,3.9251,-1.3738164691766153,-0.10366723864808348,0.0,0.0,3.5266150000000005
imagenet2dwarp,spair|catspp|True|False,spair,catspp|True|False,16.6978,-1.3738164691766153,-0.6914507355927174,0.0,0.0,21.689439999999998
imagenet2dwarp,spair|catspp|True|True,spair,catspp|True|True,23.1718,-1.3738164691766153,-0.7247593063859272,0.0,0.0,22.40239
imagenet2dwarp,spair|glunet|False|False,spair,glunet|False|False,2.6759,-1.3738164691766153,-0.1050637226298598,0.0,0.0,2.88911
imagenet2dwarp,spair|glunet|False|True,spair,glunet|False|True,2.6273,-1.3738164691766153,-0.052682008061173104,0.0,0.0,2.5764299999999998
imagenet2dwarp,spair|glunet|True|False,spair,glunet|True|False,2.8992,-1.3738164691766153,-1.47360310419233,0.0,0.0,7.98527
imagenet2dwarp,spair|glunet|True|True,spair,glunet|True|True,6.6248,-1.3738164691766153,-1.0916668125650204,0.0,0.0,9.29784
imagenet2dwarp,spair|raft|True|False,spair,raft|True|False,2.4022375,-1.3738164691766153,-0.0820166612196586,0.0,0.0,2.80345
imagenet2dwarp,synthetic|catspp|False|False,synthetic,catspp|False|False,19.63085,-2.7119179983927415,-4.434760137066387,0.0,0.0,23.080665
imagenet2dwarp,synthetic|catspp|False|True,synthetic,catspp|False|True,19.6472,-2.7119179983927415,-5.039300551124129,0.0,0.0,24.187445
imagenet2dwarp,synthetic|catspp|True|False,synthetic,catspp|True|False,37.1935,-2.7119179983927415,-5.7284057879345545,0.0,0.0,49.51232
imagenet2dwarp,synthetic|catspp|True|True,synthetic,catspp|True|True,39.7476,-2.7119179983927415,-4.1410007327376,0.0,0.0,48.23152
imagenet2dwarp,synthetic|glunet|False|False,synthetic,glunet|False|False,9.7372,-2.7119179983927415,-3.223484225680615,0.0,0.0,17.10223
imagenet2dwarp,synthetic|glunet|False|True,synthetic,glunet|False|True,9.3907,-2.7119179983927415,-1.4945931688050231,0.0,0.0,12.597199999999999
imagenet2dwarp,synthetic|glunet|True|False,synthetic,glunet|True|False,6.6755,-2.7119179983927415,-5.758273012664729,0.0,0.0,31.093130000000002
imagenet2dwarp,synthetic|glunet|True|True,synthetic,glunet|True|True,21.0263,-2.7119179983927415,-4.565673155703006,0.0,0.0,27.32112
imagenet2dwarp,synthetic|raft|True|False,synthetic,raft|True|False,4.674075,-2.7119179983927415,-6.124673345039669,0.0,0.0,22.636295
imagenet2dwarp,tss|catspp|False|False,tss,catspp|False|False,21.05095,-0.33374417769032466,-0.5232532581944956,0.0,0.0,25.48999
imagenet2dwarp,tss|catspp|False|True,tss,catspp|False|True,20.9901,-0.33374417769032466,-0.5565476321389895,0.0,0.0,26.048075
imagenet2dwarp,tss|catspp|True|False,tss,catspp|True|False,58.4608,-0.33374417769032466,-0.16391841022545525,0.0,0.0,64.55118
imagenet2dwarp,tss|catspp|True|True,tss,catspp|True|True,63.5068,-0.33374417769032466,-0.20709971151087142,0.0,0.0,64.58622
imagenet2dwarp,tss|glunet|False|False,tss,glunet|False|False,14.8312,-0.33374417769032466,-0.5573679995648704,0.0,0.0,27.35375
imagenet2dwarp,tss|glunet|False|True,tss,glunet|False|True,14.6164,-0.33374417769032466,-0.4544615528955438,0.0,0.0,23.83922
imagenet2dwarp,tss|glunet|True|False,tss,glunet|True|False,11.2237,-0.33374417769032466,-0.748543554915481,0.0,0.0,51.71286
imagenet2dwarp,tss|glunet|True|True,tss,glunet|True|True,50.4683,-0.33374417769032466,-0.8034302599112945,0.0,0.0,51.59405
imagenet2dwarp,tss|raft|True|False,tss,raft|True|False,7.744925,-0.33374417769032466,-0.36526175880619877,0.0,0.0,22.709195
movi_f,flyingthings|catspp|False|False,flyingthings,catspp|False|False,61.2423,-0.011673143235056825,-0.3040339802760667,0.0,0.0,57.133605
movi_f,flyingthings|catspp|False|True,flyingthings,catspp|False|True,61.1514,-0.011673143235056825,-0.30120534915654873,0.0,0.0,58.28197
movi_f,flyingthings|catspp|True|False,flyingthings,catspp|True|False,77.7052,-0.011673143235056825,-0.09056627143366715,0.0,0.0,80.17889
movi_f,flyingthings|catspp|True|True,flyingthings,catspp|True|True,77.9071,-0.011673143235056825,-0.06585220011912063,0.0,0.0,80.29949500000001
movi_f,flyingthings|glunet|False|False,flyingthings,glunet|False|False,41.9398,-0.011673143235056825,-0.3056423420407648,0.0,0.0,60.579930000000004
movi_f,flyingthings|glunet|False|True,flyingthings,glunet|False|True,43.0123,-0.011673143235056825,-0.2774468939889798,0.0,0.0,53.30494
movi_f,flyingthings|glunet|True|False,flyingthings,glunet|True|False,39.164,-0.011673143235056825,-0.3051952324875608,0.0,0.0,68.57140000000001
movi_f,flyingthings|glunet|True|True,flyingthings,glunet|True|True,39.106,-0.011673143235056825,-0.179582016575378,0.0,0.0,70.37142
movi_f,flyingthings|raft|True|False,flyingthings,raft|True|False,38.9566,-0.011673143235056825,-0.3833060896426157,0.0,0.0,51.93004
movi_f,kitti2012|catspp|False|False,kitti2012,catspp|False|False,86.277,8.17058263547233,12.052920330520925,0.0,0.0,75.30905
movi_f,kitti2012|catspp|False|True,kitti2012,catspp|False|True,86.332,8.17058263547233,11.838430323854931,0.0,0.0,77.51874000000001
movi_f,kitti2012|catspp|True|False,kitti2012,catspp|True|False,94.5198,8.17058263547233,2.2271215686262162,0.0,0.0,95.92157999999999
movi_f,kitti2012|catspp|True|True,kitti2012,catspp|True|True,95.7835,8.17058263547233,2.0963572571008524,0.0,0.0,95.66026000000001
movi_f,kitti2012|glunet|False|False,kitti2012,glunet|False|False,83.278,8.17058263547233,12.69267266272503,0.0,0.0,86.67063
movi_f,kitti2012|glunet|False|True,kitti2012,glunet|False|True,83.3858,8.17058263547233,12.414395299380043,0.0,0.0,82.88383999999999
movi_f,kitti2012|glunet|True|False,kitti2012,glunet|True|False,78.7366,8.17058263547233,11.391764010272123,0.0,0.0,89.84848
movi_f,kitti2012|glunet|True|True,kitti2012,glunet|True|True,73.9202,8.17058263547233,6.707147114892279,0.0,0.0,93.61564000000001
movi_f,kitti2012|raft|True|False,kitti2012,raft|True|False,81.5116,8.17058263547233,16.15449431647153,0.0,0.0,76.1453525
movi_f,kitti2015|catspp|False|False,kitti2015,catspp|False|False,84.7086,6.960877420465742,9.911170304019793,0.0,0.0,77.77185999999999
movi_f,kitti2015|catspp|False|True,kitti2015,catspp|False|True,83.9623,6.960877420465742,9.742573398468497,0.0,0.0,78.68729
movi_f,kitti2015|catspp|True|False,kitti2015,catspp|True|False,94.1351,6.960877420465742,1.5362342504515663,0.0,0.0,95.249725
movi_f,kitti2015|catspp|True|True,kitti2015,catspp|True|True,94.8194,6.960877420465742,1.4952949431955713,0.0,0.0,94.84918
movi_f,kitti2015|glunet|False|False,kitti2015,glunet|False|False,71.5137,6.960877420465742,10.095504899447945,0.0,0.0,83.27631
movi_f,kitti2015|glunet|False|True,kitti2015,glunet|False|True,72.591,6.960877420465742,9.374026457372347,0.0,0.0,79.22046
movi_f,kitti2015|glunet|True|False,kitti2015,glunet|True|False,65.3127,6.960877420465742,8.570265707330318,0.0,0.0,89.10472999999999
movi_f,kitti2015|glunet|True|True,kitti2015,glunet|True|True,61.7536,6.960877420465742,4.615450920095189,0.0,0.0,92.60407000000001
movi_f,kitti2015|raft|True|False,kitti2015,raft|True|False,70.4775,6.960877420465742,12.52950910266807,0.0,0.0,74.58064625
movi_f,pfpascal|catspp|False|False,pfpascal,catspp|False|False,10.5168,0.7914141151308898,0.014565370918650396,0.0,0.0,11.8883
movi_f,pfpascal|catspp|False|True,pfpascal,catspp|False|True,8.1291,0.7914141151308898,0.01570063134063395,0.0,0.0,12.281020000000002
movi_f,pfpascal|catspp|True|False,pfpascal,catspp|True|False,34.8945,0.7914141151308898,0.01598310332798218,0.0,0.0,44.474990000000005
movi_f,pfpascal|catspp|True|True,pfpascal,catspp|True|True,38.85,0.7914141151308898,0.015450386590991325,0.0,0.0,46.940215
movi_f,pfpascal|glunet|False|False,pfpascal,glunet|False|False,12.3182,0.7914141151308898,0.01590483928505826,0.0,0.0,11.71287
movi_f,pfpascal|glunet|False|True,pfpascal,glunet|False|True,12.2101,0.7914141151308898,0.01375637144766517,0.0,0.0,11.56757
movi_f,pfpascal|glunet|True|False,pfpascal,glunet|True|False,12.1653,0.7914141151308898,0.02973608982454109,0.0,0.0,27.283710000000003
movi_f,pfpascal|glunet|True|True,pfpascal,glunet|True|True,11.6719,0.7914141151308898,0.025078298979386935,0.0,0.0,33.38772
movi_f,pfpascal|raft|True|False,pfpascal,raft|True|False,12.3863,0.7914141151308898,0.013085100009573036,0.0,0.0,11.66437375
movi_f,pfwillow|catspp|False|False,pfwillow,catspp|False|False,13.6778,-0.6591936834804072,-0.47658303721238404,0.0,0.0,14.08444
movi_f,pfwillow|catspp|False|True,pfwillow,catspp|False|True,11.4889,-0.6591936834804072,-0.48933463513437486,0.0,0.0,14.713885
movi_f,pfwillow|catspp|True|False,pfwillow,catspp|True|False,38.0889,-0.6591936834804072,-0.46529193840362326,0.0,0.0,47.633889999999994
movi_f,pfwillow|catspp|True|True,pfwillow,catspp|True|True,38.0222,-0.6591936834804072,-0.47786989215296405,0.0,0.0,49.82555
movi_f,pfwillow|glunet|False|False,pfwillow,glunet|False|False,13.8,-0.6591936834804072,-0.4643356593551901,0.0,0.0,15.64709
movi_f,pfwillow|glunet|False|True,pfwillow,glunet|False|True,14.6333,-0.6591936834804072,-0.4514365298097788,0.0,0.0,13.94238
movi_f,pfwillow|glunet|True|False,pfwillow,glunet|True|False,11.9333,-0.6591936834804072,-1.0080918290133793,0.0,0.0,30.87876
movi_f,pfwillow|glunet|True|True,pfwillow,glunet|True|True,14.3062,-0.6591936834804072,-0.880739896006637,0.0,0.0,36.08919
movi_f,pfwillow|raft|True|False,pfwillow,raft|True|False,13.8111,-0.6591936834804072,-0.4270245928420351,0.0,0.0,14.97093625
movi_f,pointodyssey|catspp|False|False,pointodyssey,catspp|False|False,84.7224,1.2771497589774952,1.3902682260133743,0.0,0.0,40.624375
movi_f,pointodyssey|catspp|False|True,pointodyssey,catspp|False|True,84.993,1.2771497589774952,1.7627933159963167,0.0,0.0,47.6134
movi_f,pointodyssey|catspp|True|False,pointodyssey,catspp|True|False,95.4377,1.2771497589774952,0.7877508849359501,0.0,0.0,53.741189999999996
movi_f,pointodyssey|catspp|True|True,pointodyssey,catspp|True|True,95.8171,1.2771497589774952,0.7911012806610804,0.0,0.0,54.11945000000001
movi_f,pointodyssey|glunet|False|False,pointodyssey,glunet|False|False,66.6921,1.2771497589774952,1.9316864300221352,0.0,0.0,81.15822
movi_f,pointodyssey|glunet|False|True,pointodyssey,glunet|False|True,68.033,1.2771497589774952,1.8727614350656374,0.0,0.0,75.34795
movi_f,pointodyssey|glunet|True|False,pointodyssey,glunet|True|False,62.6774,1.2771497589774952,1.6320141577186869,0.0,0.0,86.67645999999999
movi_f,pointodyssey|glunet|True|True,pointodyssey,glunet|True|True,61.2703,1.2771497589774952,0.940057360207834,0.0,0.0,89.05683
movi_f,pointodyssey|raft|True|False,pointodyssey,raft|True|False,64.2839,1.2771497589774952,1.6811057251712638,0.0,0.0,39.24346875
movi_f,spair|catspp|False|False,spair,catspp|False|False,3.0896,-7.217879748707708,-0.3248442765447853,0.0,0.0,3.5725949999999997
movi_f,spair|catspp|False|True,spair,catspp|False|True,2.6465,-7.217879748707708,-0.3273256495115246,0.0,0.0,3.654475
movi_f,spair|catspp|True|False,spair,catspp|True|False,14.7345,-7.217879748707708,-2.359925102894395,0.0,0.0,21.88577
movi_f,spair|catspp|True|True,spair,catspp|True|True,18.34,-7.217879748707708,-2.5899479972096464,0.0,0.0,22.88557
movi_f,spair|glunet|False|False,spair,glunet|False|False,1.9627,-7.217879748707708,-0.32459539812373855,0.0,0.0,2.9604299999999997
movi_f,spair|glunet|False|True,spair,glunet|False|True,2.0144,-7.217879748707708,-0.1287611328913048,0.0,0.0,2.6377200000000003
movi_f,spair|glunet|True|False,spair,glunet|True|False,2.3566,-7.217879748707708,-5.734871232231159,0.0,0.0,8.03953
movi_f,spair|glunet|True|True,spair,glunet|True|True,2.486,-7.217879748707708,-3.905151647816156,0.0,0.0,9.71172
movi_f,spair|raft|True|False,spair,raft|True|False,1.9948,-7.217879748707708,-0.2558304386447957,0.0,0.0,2.84419375
movi_f,synthetic|catspp|False|False,synthetic,catspp|False|False,15.2654,-7.481964437142663,-10.31800508529752,0.0,0.0,23.51721
movi_f,synthetic|catspp|False|True,synthetic,catspp|False|True,15.8474,-7.481964437142663,-11.775549963871935,0.0,0.0,24.567425
movi_f,synthetic|catspp|True|False,synthetic,catspp|True|False,33.1069,-7.481964437142663,-13.229797204095162,0.0,0.0,49.92098
movi_f,synthetic|catspp|True|True,synthetic,catspp|True|True,39.2118,-7.481964437142663,-9.773874077854758,0.0,0.0,48.2851
movi_f,synthetic|glunet|False|False,synthetic,glunet|False|False,6.5898,-7.481964437142663,-7.3428492535799155,0.0,0.0,17.41697
movi_f,synthetic|glunet|False|True,synthetic,glunet|False|True,6.8448,-7.481964437142663,-3.2761297943370273,0.0,0.0,12.85179
movi_f,synthetic|glunet|True|False,synthetic,glunet|True|False,6.5871,-7.481964437142663,-13.630275516134837,0.0,0.0,31.10197
movi_f,synthetic|glunet|True|True,synthetic,glunet|True|True,6.6584,-7.481964437142663,-9.252250087099545,0.0,0.0,28.75791
movi_f,synthetic|raft|True|False,synthetic,raft|True|False,6.1934,-7.481964437142663,-14.647941294592341,0.0,0.0,22.4843625
movi_f,tss|catspp|False|False,tss,catspp|False|False,24.3569,-1.279895506925556,-1.7597132903672543,0.0,0.0,25.159395
movi_f,tss|catspp|False|True,tss,catspp|False|True,19.1092,-1.279895506925556,-1.8337580501719963,0.0,0.0,26.236165
movi_f,tss|catspp|True|False,tss,catspp|True|False,58.5563,-1.279895506925556,-0.5496185418243479,0.0,0.0,64.54163
movi_f,tss|catspp|True|True,tss,catspp|True|True,55.6517,-1.279895506925556,-0.442451923683347,0.0,0.0,65.37173
movi_f,tss|glunet|False|False,tss,glunet|False|False,17.947,-1.279895506925556,-1.9160263624617488,0.0,0.0,27.04217
movi_f,tss|glunet|False|True,tss,glunet|False|True,18.6283,-1.279895506925556,-1.574405824210342,0.0,0.0,23.43803
movi_f,tss|glunet|True|False,tss,glunet|True|False,16.9644,-1.279895506925556,-2.7634175020444194,0.0,0.0,51.13879
movi_f,tss|glunet|True|True,tss,glunet|True|True,19.7064,-1.279895506925556,-1.869912958691336,0.0,0.0,54.67024
movi_f,tss|raft|True|False,tss,raft|True|False,18.6637,-1.279895506925556,-1.4586240789159948,0.0,0.0,21.617317500000002
pointodyssey,flyingthings|catspp|False|False,flyingthings,catspp|False|False,64.4318,0.2307918309442168,0.2646550857735749,0.0,0.0,56.814655
pointodyssey,flyingthings|catspp|False|True,flyingthings,catspp|False|True,63.8607,0.2307918309442168,0.2626454314075165,0.0,0.0,58.01104
pointodyssey,flyingthings|catspp|True|False,flyingthings,catspp|True|False,79.6231,0.2307918309442168,0.07983841639303656,0.0,0.0,79.9871
pointodyssey,flyingthings|catspp|True|True,flyingthings,catspp|True|True,79.22595,0.2307918309442168,0.05828895888689164,0.0,0.0,80.16761
pointodyssey,flyingthings|glunet|False|False,flyingthings,glunet|False|False,71.1769,0.2307918309442168,0.27237647974575413,0.0,0.0,57.65622
pointodyssey,flyingthings|glunet|False|True,flyingthings,glunet|False|True,67.784,0.2307918309442168,0.2364242951592024,0.0,0.0,50.82777
pointodyssey,flyingthings|glunet|True|False,flyingthings,glunet|True|False,77.7439,0.2307918309442168,0.2876340215835288,0.0,0.0,64.71341
pointodyssey,flyingthings|glunet|True|True,flyingthings,glunet|True|True,76.6361,0.2307918309442168,0.19786604994150142,0.0,0.0,66.61841
pointodyssey,flyingthings|raft|True|False,flyingthings,raft|True|False,57.27595,0.2307918309442168,0.33813550602833436,0.0,0.0,50.098105
pointodyssey,kitti2012|catspp|False|False,kitti2012,catspp|False|False,87.0735,7.687089571433192,10.945379709846131,0.0,0.0,75.2294
pointodyssey,kitti2012|catspp|False|True,kitti2012,catspp|False|True,86.4889,7.687089571433192,10.765122929370545,0.0,0.0,77.50305
pointodyssey,kitti2012|catspp|True|False,kitti2012,catspp|True|False,96.6249,7.687089571433192,2.0310907258121613,0.0,0.0,95.71106999999999
pointodyssey,kitti2012|catspp|True|True,kitti2012,catspp|True|True,96.1437,7.687089571433192,1.9054945575143427,0.0,0.0,95.62424
pointodyssey,kitti2012|glunet|False|False,kitti2012,glunet|False|False,95.5502,7.687089571433192,11.46894229089828,0.0,0.0,85.44341
pointodyssey,kitti2012|glunet|False|True,kitti2012,glunet|False|True,91.6607,7.687089571433192,11.212952071442023,0.0,0.0,82.05635
pointodyssey,kitti2012|glunet|True|False,kitti2012,glunet|True|False,97.8728,7.687089571433192,10.384561416835338,0.0,0.0,87.93485999999999
pointodyssey,kitti2012|glunet|True|True,kitti2012,glunet|True|True,97.4634,7.687089571433192,6.629783973146435,0.0,0.0,91.26132
pointodyssey,kitti2012|raft|True|False,kitti2012,raft|True|False,89.47625,7.687089571433192,14.581168058813141,0.0,0.0,75.3488875
pointodyssey,kitti2015|catspp|False|False,kitti2015,catspp|False|False,85.69685,7.443626095469259,10.242935958660098,0.0,0.0,77.673035
pointodyssey,kitti2015|catspp|False|True,kitti2015,catspp|False|True,85.19040000000001,7.443626095469259,10.068370234431185,0.0,0.0,78.56448
pointodyssey,kitti2015|catspp|True|False,kitti2015,catspp|True|False,95.30515,7.443626095469259,1.5967561288645473,0.0,0.0,95.13271999999999
pointodyssey,kitti2015|catspp|True|True,kitti2015,catspp|True|True,95.0862,7.443626095469259,1.5471101564443914,0.0,0.0,94.8225
pointodyssey,kitti2015|glunet|False|False,kitti2015,glunet|False|False,86.2536,7.443626095469259,10.55005339882454,0.0,0.0,81.80232
pointodyssey,kitti2015|glunet|False|True,kitti2015,glunet|False|True,83.9377,7.443626095469259,9.710403505186846,0.0,0.0,78.08579
pointodyssey,kitti2015|glunet|True|False,kitti2015,glunet|True|False,95.0124,7.443626095469259,9.352702338663235,0.0,0.0,86.13476
pointodyssey,kitti2015|glunet|True|True,kitti2015,glunet|True|True,94.9408,7.443626095469259,6.279790090123846,0.0,0.0,89.28535
pointodyssey,kitti2015|raft|True|False,kitti2015,raft|True|False,83.4171,7.443626095469259,12.907131013528554,0.0,0.0,73.28668625
pointodyssey,pfpascal|catspp|False|False,pfpascal,catspp|False|False,12.26865,1.7766142401970735,0.5472881971824736,0.0,0.0,11.713115
pointodyssey,pfpascal|catspp|False|True,pfpascal,catspp|False|True,11.4723,1.7766142401970735,0.6063109261100217,0.0,0.0,11.9467
pointodyssey,pfpascal|catspp|True|False,pfpascal,catspp|True|False,42.4378,1.7766142401970735,0.6887926403637382,0.0,0.0,43.720659999999995
pointodyssey,pfpascal|catspp|True|True,pfpascal,catspp|True|True,45.84245,1.7766142401970735,0.6472414105337446,0.0,0.0,46.24097
pointodyssey,pfpascal|glunet|False|False,pfpascal,glunet|False|False,18.1731,1.7766142401970735,0.5396351140843874,0.0,0.0,11.127379999999999
pointodyssey,pfpascal|glunet|False|True,pfpascal,glunet|False|True,15.9056,1.7766142401970735,0.48716547272273314,0.0,0.0,11.19802
pointodyssey,pfpascal|glunet|True|False,pfpascal,glunet|True|False,28.6839,1.7766142401970735,1.2339410041979268,0.0,0.0,25.631850000000004
pointodyssey,pfpascal|glunet|True|True,pfpascal,glunet|True|True,42.0709,1.7766142401970735,1.1457323571351734,0.0,0.0,30.347820000000002
pointodyssey,pfpascal|raft|True|False,pfpascal,raft|True|False,15.79625,1.7766142401970735,0.4636606451453901,0.0,0.0,11.32337875
pointodyssey,pfwillow|catspp|False|False,pfwillow,catspp|False|False,15.5,1.15997619449377,0.39274611865451764,0.0,0.0,13.90222
pointodyssey,pfwillow|catspp|False|True,pfwillow,catspp|False|True,14.47225,1.15997619449377,0.41387202702950926,0.0,0.0,14.41555
pointodyssey,pfwillow|catspp|True|False,pfwillow,catspp|True|False,44.75,1.15997619449377,0.4543755822392831,0.0,0.0,46.96778
pointodyssey,pfwillow|catspp|True|True,pfwillow,catspp|True|True,47.911100000000005,1.15997619449377,0.4997149484974901,0.0,0.0,48.83666
pointodyssey,pfwillow|glunet|False|False,pfwillow,glunet|False|False,19.8741,1.15997619449377,0.3667929152920043,0.0,0.0,15.039679999999999
pointodyssey,pfwillow|glunet|False|True,pfwillow,glunet|False|True,18.0556,1.15997619449377,0.35612528859771053,0.0,0.0,13.60015
pointodyssey,pfwillow|glunet|True|False,pfwillow,glunet|True|False,36.5889,1.15997619449377,0.9452810211799808,0.0,0.0,28.4132
pointodyssey,pfwillow|glunet|True|True,pfwillow,glunet|True|True,44.3778,1.15997619449377,0.8748273020259728,0.0,0.0,33.082029999999996
pointodyssey,pfwillow|raft|True|False,pfwillow,raft|True|False,18.25555,1.15997619449377,0.34159487021347723,0.0,0.0,14.526491250000001
pointodyssey,pointodyssey|catspp|False|False,pointodyssey,catspp|False|False,68.8301,1.2160715299561373,1.5451423814220122,0.0,0.0,42.213605
pointodyssey,pointodyssey|catspp|False|True,pointodyssey,catspp|False|True,80.8951,1.2160715299561373,1.7266050700034068,0.0,0.0,48.02319
pointodyssey,pointodyssey|catspp|True|False,pointodyssey,catspp|True|False,72.7112,1.2160715299561373,1.1453482954792593,0.0,0.0,56.01384
pointodyssey,pointodyssey|catspp|True|True,pointodyssey,catspp|True|True,71.0583,1.2160715299561373,1.1629229207307366,0.0,0.0,56.595330000000004
pointodyssey,pointodyssey|glunet|False|False,pointodyssey,glunet|False|False,94.4359,1.2160715299561373,1.8329927312543821,0.0,0.0,78.38383999999999
pointodyssey,pointodyssey|glunet|False|True,pointodyssey,glunet|False|True,91.0918,1.2160715299561373,1.7440339217874812,0.0,0.0,73.04207
pointodyssey,pointodyssey|glunet|True|False,pointodyssey,glunet|True|False,96.5284,1.2160715299561373,1.6191282016762807,0.0,0.0,83.29136
pointodyssey,pointodyssey|glunet|True|True,pointodyssey,glunet|True|True,96.2978,1.2160715299561373,1.0669997424608502,0.0,0.0,85.55408
pointodyssey,pointodyssey|raft|True|False,pointodyssey,raft|True|False,58.56285,1.2160715299561373,1.6446552734106472,0.0,0.0,39.81557375
pointodyssey,spair|catspp|False|False,spair,catspp|False|False,3.1626,-0.8986731048052471,0.04935500927390631,0.0,0.0,3.565295
pointodyssey,spair|catspp|False|True,spair,catspp|False|True,3.32435,-0.8986731048052471,0.061443615540984646,0.0,0.0,3.58669
pointodyssey,spair|catspp|True|False,spair,catspp|True|False,20.8771,-0.8986731048052471,0.445920782900142,0.0,0.0,21.27151
pointodyssey,spair|catspp|True|True,spair,catspp|True|True,22.5766,-0.8986731048052471,0.42289941454776697,0.0,0.0,22.46191
pointodyssey,spair|glunet|False|False,spair,glunet|False|False,3.2579,-0.8986731048052471,0.059468838046183546,0.0,0.0,2.8309100000000003
pointodyssey,spair|glunet|False|True,spair,glunet|False|True,2.6984,-0.8986731048052471,0.03032261312736108,0.0,0.0,2.5693200000000003
pointodyssey,spair|glunet|True|False,spair,glunet|True|False,5.1968,-0.8986731048052471,0.8743777190210985,0.0,0.0,7.755510000000001
pointodyssey,spair|glunet|True|True,spair,glunet|True|True,8.153,-0.8986731048052471,0.6426286837996146,0.0,0.0,9.145019999999999
pointodyssey,spair|raft|True|False,spair,raft|True|False,2.80045,-0.8986731048052471,0.05016754390231836,0.0,0.0,2.76362875
pointodyssey,synthetic|catspp|False|False,synthetic,catspp|False|False,17.907249999999998,3.0974904770136216,5.037636060713691,0.0,0.0,23.253025
pointodyssey,synthetic|catspp|False|True,synthetic,catspp|False|True,17.94525,3.0974904770136216,5.725818777563685,0.0,0.0,24.35764
pointodyssey,synthetic|catspp|True|False,synthetic,catspp|True|False,40.1523,3.0974904770136216,6.627729787232766,0.0,0.0,49.21644
pointodyssey,synthetic|catspp|True|True,synthetic,catspp|True|True,39.8872,3.0974904770136216,4.733439294005484,0.0,0.0,48.217560000000006
pointodyssey,synthetic|glunet|False|False,synthetic,glunet|False|False,14.6555,3.0974904770136216,3.790915712522497,0.0,0.0,16.6104
pointodyssey,synthetic|glunet|False|True,synthetic,glunet|False|True,13.3788,3.0974904770136216,1.748638825834848,0.0,0.0,12.19839
pointodyssey,synthetic|glunet|True|False,synthetic,glunet|True|False,25.8011,3.0974904770136216,7.2629643609279455,0.0,0.0,29.18057
pointodyssey,synthetic|glunet|True|True,synthetic,glunet|True|True,25.2246,3.0974904770136216,5.271060869672031,0.0,0.0,26.90129
pointodyssey,synthetic|raft|True|False,synthetic,raft|True|False,11.985,3.0974904770136216,7.250278547902752,0.0,0.0,21.9052025
pointodyssey,tss|catspp|False|False,tss,catspp|False|False,27.7243,0.6175560697649594,0.35418786147106435,0.0,0.0,24.822655
pointodyssey,tss|catspp|False|True,tss,catspp|False|True,26.72155,0.6175560697649594,0.3785533007859565,0.0,0.0,25.47493
pointodyssey,tss|catspp|True|False,tss,catspp|True|False,62.2398,0.6175560697649594,0.12753778436700738,0.0,0.0,64.17328
pointodyssey,tss|catspp|True|True,tss,catspp|True|True,62.9798,0.6175560697649594,0.13870940197197634,0.0,0.0,64.63892
pointodyssey,tss|glunet|False|False,tss,glunet|False|False,41.4764,0.6175560697649594,0.35417583329081087,0.0,0.0,24.689230000000002
pointodyssey,tss|glunet|False|True,tss,glunet|False|True,33.6273,0.6175560697649594,0.2954024715530073,0.0,0.0,21.93813
pointodyssey,tss|glunet|True|False,tss,glunet|True|False,61.47,0.6175560697649594,0.6543337188613653,0.0,0.0,46.68823
pointodyssey,tss|glunet|True|True,tss,glunet|True|True,62.9502,0.6175560697649594,0.5226557501637775,0.0,0.0,50.34586
pointodyssey,tss|raft|True|False,tss,raft|True|False,27.3016,0.6175560697649594,0.28750530057265233,0.0,0.0,20.7535275
sintel,flyingthings|catspp|False|False,flyingthings,catspp|False|False,70.7445,0.21134772198544535,0.2160260263802059,0.0,0.0,56.183385
sintel,flyingthings|catspp|False|True,flyingthings,catspp|False|True,69.0867,0.21134772198544535,0.21574849628389564,0.0,0.0,57.488440000000004
sintel,flyingthings|catspp|True|False,flyingthings,catspp|True|False,82.138,0.21134772198544535,0.06589773806010683,0.0,0.0,79.73561
sintel,flyingthings|catspp|True|True,flyingthings,catspp|True|True,82.249,0.21134772198544535,0.04789836891597512,0.0,0.0,79.865305
sintel,flyingthings|glunet|False|False,flyingthings,glunet|False|False,64.4604,0.21134772198544535,0.23010477531638582,0.0,0.0,58.32787
sintel,flyingthings|glunet|False|True,flyingthings,glunet|False|True,61.0606,0.21134772198544535,0.20219395992742384,0.0,0.0,51.50011000000001
sintel,flyingthings|glunet|True|False,flyingthings,glunet|True|False,70.575,0.21134772198544535,0.2425573487834475,0.0,0.0,65.4303
sintel,flyingthings|glunet|True|True,flyingthings,glunet|True|True,69.7732,0.21134772198544535,0.16775889232825683,0.0,0.0,67.3047
sintel,flyingthings|raft|True|False,flyingthings,raft|True|False,63.2297,0.21134772198544535,0.2783612938744837,0.0,0.0,49.50273
sintel,kitti2012|catspp|False|False,kitti2012,catspp|False|False,91.745,7.2734608140098755,10.327329442349704,0.0,0.0,74.76225
sintel,kitti2012|catspp|False|True,kitti2012,catspp|False|True,92.0926,7.2734608140098755,10.152505332587468,0.0,0.0,76.94268
sintel,kitti2012|catspp|True|False,kitti2012,catspp|True|False,98.205,7.2734608140098755,1.911363696504229,0.0,0.0,95.55306
sintel,kitti2012|catspp|True|True,kitti2012,catspp|True|True,98.1215,7.2734608140098755,1.7856130078178094,0.0,0.0,95.42645999999999
sintel,kitti2012|glunet|False|False,kitti2012,glunet|False|False,96.5983,7.2734608140098755,10.932862957048698,0.0,0.0,85.3386
sintel,kitti2012|glunet|False|True,kitti2012,glunet|False|True,94.6197,7.2734608140098755,10.647992780182266,0.0,0.0,81.76045
sintel,kitti2012|glunet|True|False,kitti2012,glunet|True|False,98.4939,7.2734608140098755,9.904627370386088,0.0,0.0,87.87275
sintel,kitti2012|glunet|True|True,kitti2012,glunet|True|True,98.9758,7.2734608140098755,6.298756673836162,0.0,0.0,91.11008
sintel,kitti2012|raft|True|False,kitti2012,raft|True|False,94.0246,7.2734608140098755,13.819332786188465,0.0,0.0,74.8940525
sintel,kitti2015|catspp|False|False,kitti2015,catspp|False|False,89.5554,6.209119501497886,8.548193274779036,0.0,0.0,77.28718
sintel,kitti2015|catspp|False|True,kitti2015,catspp|False|True,89.3623,6.209119501497886,8.403531341343342,0.0,0.0,78.14729
sintel,kitti2015|catspp|True|False,kitti2015,catspp|True|False,96.8068,6.209119501497886,1.3267763350600612,0.0,0.0,94.982555
sintel,kitti2015|catspp|True|True,kitti2015,catspp|True|True,96.3826,6.209119501497886,1.2870665594581656,0.0,0.0,94.69286
sintel,kitti2015|glunet|False|False,kitti2015,glunet|False|False,90.0772,6.209119501497886,8.83074436840549,0.0,0.0,81.41996
sintel,kitti2015|glunet|False|True,kitti2015,glunet|False|True,84.862,6.209119501497886,8.154426582953837,0.0,0.0,77.99336000000001
sintel,kitti2015|glunet|True|False,kitti2015,glunet|True|False,95.0838,6.209119501497886,7.862656116067125,0.0,0.0,86.12762000000001
sintel,kitti2015|glunet|True|True,kitti2015,glunet|True|True,96.2638,6.209119501497886,5.257553637936476,0.0,0.0,89.15305
sintel,kitti2015|raft|True|False,kitti2015,raft|True|False,84.9165,6.209119501497886,10.831084058329434,0.0,0.0,73.13674625
sintel,pfpascal|catspp|False|False,pfpascal,catspp|False|False,15.8031,1.116979803054033,0.1985026434855248,0.0,0.0,11.35967
sintel,pfpascal|catspp|False|True,pfpascal,catspp|False|True,15.5569,1.116979803054033,0.2232218693582032,0.0,0.0,11.538239999999998
sintel,pfpascal|catspp|True|False,pfpascal,catspp|True|False,48.9548,1.116979803054033,0.249005798183686,0.0,0.0,43.06896
sintel,pfpascal|catspp|True|True,pfpascal,catspp|True|True,45.1843,1.116979803054033,0.24482114234018137,0.0,0.0,46.306785000000005
sintel,pfpascal|glunet|False|False,pfpascal,glunet|False|False,10.3086,1.116979803054033,0.22475926729063303,0.0,0.0,11.913829999999999
sintel,pfpascal|glunet|False|True,pfpascal,glunet|False|True,12.3527,1.116979803054033,0.19507644599710328,0.0,0.0,11.55331
sintel,pfpascal|glunet|True|False,pfpascal,glunet|True|False,21.5232,1.116979803054033,0.46476312975551515,0.0,0.0,26.34792
sintel,pfpascal|glunet|True|True,pfpascal,glunet|True|True,25.0318,1.116979803054033,0.4525137841105651,0.0,0.0,32.051730000000006
sintel,pfpascal|raft|True|False,pfpascal,raft|True|False,13.923,1.116979803054033,0.18299959640822314,0.0,0.0,11.510703750000001
sintel,pfwillow|catspp|False|False,pfwillow,catspp|False|False,17.9333,-0.2727722825034714,-0.2981431698277203,0.0,0.0,13.65889
sintel,pfwillow|catspp|False|True,pfwillow,catspp|False|True,18.5333,-0.2727722825034714,-0.31218460602963377,0.0,0.0,14.009445
sintel,pfwillow|catspp|True|False,pfwillow,catspp|True|False,50.7444,-0.2727722825034714,-0.34900372075642516,0.0,0.0,46.36834
sintel,pfwillow|catspp|True|True,pfwillow,catspp|True|True,49.6444,-0.2727722825034714,-0.3929809336966852,0.0,0.0,48.66333
sintel,pfwillow|glunet|False|False,pfwillow,glunet|False|False,14.7707,-0.2727722825034714,-0.30444610459246685,0.0,0.0,15.55002
sintel,pfwillow|glunet|False|True,pfwillow,glunet|False|True,15.0111,-0.2727722825034714,-0.29359367215965054,0.0,0.0,13.904599999999999
sintel,pfwillow|glunet|True|False,pfwillow,glunet|True|False,21.9778,-0.2727722825034714,-0.7447375422994488,0.0,0.0,29.874309999999998
sintel,pfwillow|glunet|True|True,pfwillow,glunet|True|True,27.2457,-0.2727722825034714,-0.7090710074539922,0.0,0.0,34.79524
sintel,pfwillow|raft|True|False,pfwillow,raft|True|False,16.4025,-0.2727722825034714,-0.2770843826534658,0.0,0.0,14.71179625
sintel,pointodyssey|catspp|False|False,pointodyssey,catspp|False|False,47.6015,1.1601779250755166,1.5763215027036674,0.0,0.0,44.336465
sintel,pointodyssey|catspp|False|True,pointodyssey,catspp|False|True,43.8201,1.1601779250755166,1.780674998527977,0.0,0.0,51.73069
sintel,pointodyssey|catspp|True|False,pointodyssey,catspp|True|False,58.6808,1.1601779250755166,1.1471651904434874,0.0,0.0,57.416880000000006
sintel,pointodyssey|catspp|True|True,pointodyssey,catspp|True|True,73.2754,1.1601779250755166,1.0901704569962787,0.0,0.0,56.37362
sintel,pointodyssey|glunet|False|False,pointodyssey,glunet|False|False,85.9719,1.1601779250755166,1.7718366877061869,0.0,0.0,79.23024000000001
sintel,pointodyssey|glunet|False|True,pointodyssey,glunet|False|True,84.5038,1.1601779250755166,1.6881812571930315,0.0,0.0,73.70087
sintel,pointodyssey|glunet|True|False,pointodyssey,glunet|True|False,90.0851,1.1601779250755166,1.5609214361231831,0.0,0.0,83.93569
sintel,pointodyssey|glunet|True|True,pointodyssey,glunet|True|True,90.6576,1.1601779250755166,1.036544501361435,0.0,0.0,86.1181
sintel,pointodyssey|raft|True|False,pointodyssey,raft|True|False,74.9348,1.1601779250755166,1.4085270440286777,0.0,0.0,38.17837875
sintel,spair|catspp|False|False,spair,catspp|False|False,3.7321,-4.532116966785709,-0.251211965792008,0.0,0.0,3.508345
sintel,spair|catspp|False|True,spair,catspp|False|True,3.9026,-4.532116966785709,-0.2982990621912344,0.0,0.0,3.5288649999999997
sintel,spair|catspp|True|False,spair,catspp|True|False,22.5826,-4.532116966785709,-2.1789314887155555,0.0,0.0,21.10096
sintel,spair|catspp|True|True,spair,catspp|True|True,17.4154,-4.532116966785709,-1.7945448019488717,0.0,0.0,22.97803
sintel,spair|glunet|False|False,spair,glunet|False|False,2.3266,-4.532116966785709,-0.2818671761566876,0.0,0.0,2.92404
sintel,spair|glunet|False|True,spair,glunet|False|True,2.4731,-4.532116966785709,-0.14962029540646446,0.0,0.0,2.59185
sintel,spair|glunet|True|False,spair,glunet|True|False,3.778,-4.532116966785709,-4.261620464790033,0.0,0.0,7.89739
sintel,spair|glunet|True|True,spair,glunet|True|True,5.0597,-4.532116966785709,-3.058081206365657,0.0,0.0,9.45435
sintel,spair|raft|True|False,spair,raft|True|False,2.3576,-4.532116966785709,-0.23185316434522804,0.0,0.0,2.80791375
sintel,synthetic|catspp|False|False,synthetic,catspp|False|False,22.7542,-9.049114977929097,-14.598400414387132,0.0,0.0,22.76833
sintel,synthetic|catspp|False|True,synthetic,catspp|False|True,20.3562,-9.049114977929097,-16.552455180625586,0.0,0.0,24.116545000000002
sintel,synthetic|catspp|True|False,synthetic,catspp|True|False,40.9952,-9.049114977929097,-19.088936406526113,0.0,0.0,49.13215
sintel,synthetic|catspp|True|True,synthetic,catspp|True|True,39.1069,-9.049114977929097,-13.518647413210592,0.0,0.0,48.29559
sintel,synthetic|glunet|False|False,synthetic,glunet|False|False,10.5186,-9.049114977929097,-10.646645034847461,0.0,0.0,17.02409
sintel,synthetic|glunet|False|True,synthetic,glunet|False|True,10.7744,-9.049114977929097,-5.002250004802705,0.0,0.0,12.45883
sintel,synthetic|glunet|True|False,synthetic,glunet|True|False,21.7318,-9.049114977929097,-20.694768313247046,0.0,0.0,29.5875
sintel,synthetic|glunet|True|True,synthetic,glunet|True|True,20.8004,-9.049114977929097,-14.958680488562687,0.0,0.0,27.343709999999998
sintel,synthetic|raft|True|False,synthetic,raft|True|False,10.7984,-9.049114977929097,-20.731556364551814,0.0,0.0,22.0238625
sintel,tss|catspp|False|False,tss,catspp|False|False,32.9288,-1.1312362940510365,-1.7525311745707515,0.0,0.0,24.302205
sintel,tss|catspp|False|True,tss,catspp|False|True,35.3243,-1.1312362940510365,-1.8404634140282796,0.0,0.0,24.614655
sintel,tss|catspp|True|False,tss,catspp|True|False,65.8113,-1.1312362940510365,-0.6518634227641376,0.0,0.0,63.81613
sintel,tss|catspp|True|True,tss,catspp|True|True,64.5396,-1.1312362940510365,-0.7158028352100126,0.0,0.0,64.48294
sintel,tss|glunet|False|False,tss,glunet|False|False,23.8706,-1.1312362940510365,-2.0411112360689656,0.0,0.0,26.449810000000003
sintel,tss|glunet|False|True,tss,glunet|False|True,22.0866,-1.1312362940510365,-1.6489728555812098,0.0,0.0,23.0922
sintel,tss|glunet|True|False,tss,glunet|True|False,40.9775,-1.1312362940510365,-3.4224936436444513,0.0,0.0,48.73748
sintel,tss|glunet|True|True,tss,glunet|True|True,43.3458,-1.1312362940510365,-2.720565045963687,0.0,0.0,52.3063
sintel,tss|raft|True|False,tss,raft|True|False,24.4577,-1.1312362940510365,-1.504462836000386,0.0,0.0,21.0379175
spair,flyingthings|catspp|False|False,flyingthings,catspp|False|False,3.3861,-0.1956638692213788,-0.24222839190473017,0.0,0.0,62.919225000000004
spair,flyingthings|catspp|False|True,flyingthings,catspp|False|True,3.963,-0.1956638692213788,-0.2172216145351743,0.0,0.0,64.00081
spair,flyingthings|catspp|True|False,flyingthings,catspp|True|False,63.3569,-0.1956638692213788,-0.06408292800047685,0.0,0.0,81.61372
spair,flyingthings|catspp|True|True,flyingthings,catspp|True|True,68.3472,-0.1956638692213788,-0.05574175921085966,0.0,0.0,81.255485
spair,flyingthings|glunet|False|False,flyingthings,glunet|False|False,4.0965,-0.1956638692213788,-0.2845705293769971,0.0,0.0,64.36426
spair,flyingthings|glunet|False|True,flyingthings,glunet|False|True,3.3265,-0.1956638692213788,-0.24323675482218596,0.0,0.0,57.27352
spair,flyingthings|glunet|True|False,flyingthings,glunet|True|False,66.6096,-0.1956638692213788,-0.6334958462111256,0.0,0.0,65.82684
spair,flyingthings|glunet|True|True,flyingthings,glunet|True|True,39.6279,-0.1956638692213788,-0.3442845774312791,0.0,0.0,70.31923
spair,flyingthings|raft|True|False,flyingthings,raft|True|False,3.4438,-0.1956638692213788,-0.5751334485768422,0.0,0.0,55.481320000000004
spair,kitti2012|catspp|False|False,kitti2012,catspp|False|False,10.184,-4.557066232275357,-6.7914936868164535,0.0,0.0,82.91835
spair,kitti2012|catspp|False|True,kitti2012,catspp|False|True,11.8574,-4.557066232275357,-5.690504596396023,0.0,0.0,84.9662
spair,kitti2012|catspp|True|False,kitti2012,catspp|True|False,83.7234,-4.557066232275357,-1.292079690716807,0.0,0.0,97.00122
spair,kitti2012|catspp|True|True,kitti2012,catspp|True|True,84.0079,-4.557066232275357,-1.0199798009449537,0.0,0.0,96.83782
spair,kitti2012|glunet|False|False,kitti2012,glunet|False|False,12.4578,-4.557066232275357,-3.703322586034959,0.0,0.0,93.75265
spair,kitti2012|glunet|False|True,kitti2012,glunet|False|True,11.0648,-4.557066232275357,-3.977897149813877,0.0,0.0,90.11594
spair,kitti2012|glunet|True|False,kitti2012,glunet|True|False,93.4583,-4.557066232275357,-15.670115995034223,0.0,0.0,88.37631
spair,kitti2012|glunet|True|True,kitti2012,glunet|True|True,54.1912,-4.557066232275357,-5.119066521486464,0.0,0.0,95.58854
spair,kitti2012|raft|True|False,kitti2012,raft|True|False,12.1716,-4.557066232275357,-16.39121396030742,0.0,0.0,83.0793525
spair,kitti2015|catspp|False|False,kitti2015,catspp|False|False,10.8859,-4.013056166117223,-3.4534949375736366,0.0,0.0,85.15413
spair,kitti2015|catspp|False|True,kitti2015,catspp|False|True,12.2973,-4.013056166117223,-2.8602269891669088,0.0,0.0,85.85379
spair,kitti2015|catspp|True|False,kitti2015,catspp|True|False,85.7568,-4.013056166117223,-1.0751651840802945,0.0,0.0,96.087555
spair,kitti2015|catspp|True|True,kitti2015,catspp|True|True,85.1192,-4.013056166117223,-0.7786000035248462,0.0,0.0,95.8192
spair,kitti2015|glunet|False|False,kitti2015,glunet|False|False,13.6098,-4.013056166117223,-4.040219010816949,0.0,0.0,89.0667
spair,kitti2015|glunet|False|True,kitti2015,glunet|False|True,14.6026,-4.013056166117223,-3.143158143183973,0.0,0.0,85.0193
spair,kitti2015|glunet|True|False,kitti2015,glunet|True|False,91.9963,-4.013056166117223,-12.815998713386442,0.0,0.0,86.43637
spair,kitti2015|glunet|True|True,kitti2015,glunet|True|True,61.2326,-4.013056166117223,-6.420552346213819,0.0,0.0,92.65617
spair,kitti2015|raft|True|False,kitti2015,raft|True|False,15.6081,-4.013056166117223,-13.175896601045553,0.0,0.0,80.06758625
spair,pfpascal|catspp|False|False,pfpascal,catspp|False|False,3.0238,-0.5886963569818024,-0.32682388988066435,0.0,0.0,12.6376
spair,pfpascal|catspp|False|True,pfpascal,catspp|False|True,3.1542,-0.5886963569818024,-0.3831817603123212,0.0,0.0,12.77851
spair,pfpascal|catspp|True|False,pfpascal,catspp|True|False,38.806,-0.5886963569818024,-0.5102632749010542,0.0,0.0,44.083839999999995
spair,pfpascal|catspp|True|True,pfpascal,catspp|True|True,40.9858,-0.5886963569818024,-0.4717498746746374,0.0,0.0,46.726635
spair,pfpascal|glunet|False|False,pfpascal,glunet|False|False,4.4643,-0.5886963569818024,-0.4008936794306127,0.0,0.0,12.498259999999998
spair,pfpascal|glunet|False|True,pfpascal,glunet|False|True,3.5234,-0.5886963569818024,-0.3108101391909618,0.0,0.0,12.436240000000002
spair,pfpascal|glunet|True|False,pfpascal,glunet|True|False,44.4728,-0.5886963569818024,-0.7675621169549374,0.0,0.0,24.052960000000002
spair,pfpascal|glunet|True|True,pfpascal,glunet|True|True,30.356,-0.5886963569818024,-0.9377116781222176,0.0,0.0,31.51931
spair,pfpascal|raft|True|False,pfpascal,raft|True|False,4.4726,-0.5886963569818024,-0.30613973624924934,0.0,0.0,12.45574375
spair,pfwillow|catspp|False|False,pfwillow,catspp|False|False,4.8667,0.05760639276190241,0.017555507312240225,0.0,0.0,14.965549999999999
spair,pfwillow|catspp|False|True,pfwillow,catspp|False|True,5.5667,0.05760639276190241,0.019470414852389678,0.0,0.0,15.306104999999999
spair,pfwillow|catspp|True|False,pfwillow,catspp|True|False,44.0889,0.05760639276190241,0.026808914055390768,0.0,0.0,47.03389
spair,pfwillow|catspp|True|True,pfwillow,catspp|True|True,45.7111,0.05760639276190241,0.02925041355678509,0.0,0.0,49.05666
spair,pfwillow|glunet|False|False,pfwillow,glunet|False|False,5.6222,0.05760639276190241,0.015847240022159207,0.0,0.0,16.464869999999998
spair,pfwillow|glunet|False|True,pfwillow,glunet|False|True,5.0111,0.05760639276190241,0.016193223995216003,0.0,0.0,14.904599999999999
spair,pfwillow|glunet|True|False,pfwillow,glunet|True|False,49.2827,0.05760639276190241,0.04633514813593727,0.0,0.0,27.143819999999998
spair,pfwillow|glunet|True|True,pfwillow,glunet|True|True,34.1444,0.05760639276190241,0.054765648071470135,0.0,0.0,34.10537
spair,pfwillow|raft|True|False,pfwillow,raft|True|False,8.1389,0.05760639276190241,0.017735131462234884,0.0,0.0,15.53815625
spair,pointodyssey|catspp|False|False,pointodyssey,catspp|False|False,3.4912,-0.7763641139239671,-2.0338894388112676,0.0,0.0,48.747495
spair,pointodyssey|catspp|False|True,pointodyssey,catspp|False|True,4.4014,-0.7763641139239671,-2.3067345801647936,0.0,0.0,55.67256
spair,pointodyssey|catspp|True|False,pointodyssey,catspp|True|False,54.5198,-0.7763641139239671,-1.8778112799385556,0.0,0.0,57.83298
spair,pointodyssey|catspp|True|True,pointodyssey,catspp|True|True,45.8507,-0.7763641139239671,-1.8253789072228592,0.0,0.0,59.11609
spair,pointodyssey|glunet|False|False,pointodyssey,glunet|False|False,8.5059,-0.7763641139239671,-0.9000291275542399,0.0,0.0,86.97684000000001
spair,pointodyssey|glunet|False|True,pointodyssey,glunet|False|True,5.4396,-0.7763641139239671,-0.751966387819355,0.0,0.0,81.60729
spair,pointodyssey|glunet|True|False,pointodyssey,glunet|True|False,91.9268,-0.7763641139239671,-2.552246469188366,0.0,0.0,83.75152
spair,pointodyssey|glunet|True|True,pointodyssey,glunet|True|True,55.0086,-0.7763641139239671,-1.1888432159361604,0.0,0.0,89.683
spair,pointodyssey|raft|True|False,pointodyssey,raft|True|False,9.7147,-0.7763641139239671,-2.343543904315242,0.0,0.0,44.70038875
spair,spair|catspp|False|False,spair,catspp|False|False,3.018,2.8759095754340653,0.15137336780347663,0.0,0.0,3.579755
spair,spair|catspp|False|True,spair,catspp|False|True,2.944,2.8759095754340653,0.18191000866127657,0.0,0.0,3.624725
spair,spair|catspp|True|False,spair,catspp|True|False,27.8596,2.8759095754340653,1.1163717350668239,0.0,0.0,20.573259999999998
spair,spair|catspp|True|True,spair,catspp|True|True,27.9373,2.8759095754340653,1.1394434428743125,0.0,0.0,21.92584
spair,spair|glunet|False|False,spair,glunet|False|False,3.0334,2.8759095754340653,0.19754107407740185,0.0,0.0,2.85336
spair,spair|glunet|False|True,spair,glunet|False|True,2.6825,2.8759095754340653,0.09802268775557428,0.0,0.0,2.57091
spair,spair|glunet|True|False,spair,glunet|True|False,26.6007,2.8759095754340653,1.1110637700088355,0.0,0.0,5.61512
spair,spair|glunet|True|True,spair,glunet|True|True,14.6684,2.8759095754340653,1.9268267341351717,0.0,0.0,8.49348
spair,spair|raft|True|False,spair,raft|True|False,3.1416,2.8759095754340653,0.15336465531035226,0.0,0.0,2.7295137499999997
spair,synthetic|catspp|False|False,synthetic,catspp|False|False,4.0712,3.4906510768234806,5.13893563315938,0.0,0.0,24.63663
spair,synthetic|catspp|False|True,synthetic,catspp|False|True,4.077,3.4906510768234806,5.99606969300796,0.0,0.0,25.744465
spair,synthetic|catspp|True|False,synthetic,catspp|True|False,34.9252,3.4906510768234806,7.619456768008545,0.0,0.0,49.73915
spair,synthetic|catspp|True|True,synthetic,catspp|True|True,41.0818,3.4906510768234806,5.626204404276709,0.0,0.0,48.0981
spair,synthetic|glunet|False|False,synthetic,glunet|False|False,3.8373,3.4906510768234806,3.968789895999207,0.0,0.0,17.69222
spair,synthetic|glunet|False|True,synthetic,glunet|False|True,3.9451,3.4906510768234806,1.54092517355604,0.0,0.0,13.14176
spair,synthetic|glunet|True|False,synthetic,glunet|True|False,35.7954,3.4906510768234806,8.50862740672536,0.0,0.0,28.18114
spair,synthetic|glunet|True|True,synthetic,glunet|True|True,21.6568,3.4906510768234806,6.167681959392888,0.0,0.0,27.258069999999996
spair,synthetic|raft|True|False,synthetic,raft|True|False,4.2572,3.4906510768234806,8.230455682274963,0.0,0.0,22.677982500000002
spair,tss|catspp|False|False,tss,catspp|False|False,5.2821,0.3924059765912815,0.37653262105017854,0.0,0.0,27.066875
spair,tss|catspp|False|True,tss,catspp|False|True,5.6335,0.3924059765912815,0.4186370854859593,0.0,0.0,27.583735
spair,tss|catspp|True|False,tss,catspp|True|False,60.1788,0.3924059765912815,0.1738772169527626,0.0,0.0,64.37938
spair,tss|catspp|True|True,tss,catspp|True|True,60.5773,0.3924059765912815,0.18957601162155718,0.0,0.0,64.87917
spair,tss|glunet|False|False,tss,glunet|False|False,5.711,0.3924059765912815,0.4502036804683979,0.0,0.0,28.265769999999996
spair,tss|glunet|False|True,tss,glunet|False|True,5.6742,0.3924059765912815,0.3514037441390104,0.0,0.0,24.73344
spair,tss|glunet|True|False,tss,glunet|True|False,65.5404,0.3924059765912815,0.9220658808610319,0.0,0.0,46.281189999999995
spair,tss|glunet|True|True,tss,glunet|True|True,49.9068,0.3924059765912815,0.7790323086341631,0.0,0.0,51.6502
spair,tss|raft|True|False,tss,raft|True|False,6.1812,0.3924059765912815,0.33416575551598177,0.0,0.0,22.8655675
synthetic,flyingthings|catspp|False|False,flyingthings,catspp|False|False,58.1203,0.17959831254765077,0.3239535773899796,0.0,0.0,57.44580499999999
synthetic,flyingthings|catspp|False|True,flyingthings,catspp|False|True,57.0993,0.17959831254765077,0.3205436872778544,0.0,0.0,58.68718
synthetic,flyingthings|catspp|True|False,flyingthings,catspp|True|False,83.7548,0.17959831254765077,0.09486570752034341,0.0,0.0,79.57392999999999
synthetic,flyingthings|catspp|True|True,flyingthings,catspp|True|True,82.2555,0.17959831254765077,0.07003386643327601,0.0,0.0,79.864655
synthetic,flyingthings|glunet|False|False,flyingthings,glunet|False|False,69.5375,0.17959831254765077,0.33283882212530896,0.0,0.0,57.82016
synthetic,flyingthings|glunet|False|True,flyingthings,glunet|False|True,56.1849,0.17959831254765077,0.2986888670599602,0.0,0.0,51.98768
synthetic,flyingthings|glunet|True|False,flyingthings,glunet|True|False,72.0776,0.17959831254765077,0.35400206049629546,0.0,0.0,65.28004
synthetic,flyingthings|glunet|True|True,flyingthings,glunet|True|True,78.4335,0.17959831254765077,0.2383565104338676,0.0,0.0,66.43867
synthetic,flyingthings|raft|True|False,flyingthings,raft|True|False,65.58855,0.17959831254765077,0.40469274720623105,0.0,0.0,49.266845
synthetic,kitti2012|catspp|False|False,kitti2012,catspp|False|False,83.2552,-0.13888168338072493,-0.1920343575159667,0.0,0.0,75.61123
synthetic,kitti2012|catspp|False|True,kitti2012,catspp|False|True,82.5049,-0.13888168338072493,-0.18856726000900148,0.0,0.0,77.90145
synthetic,kitti2012|catspp|True|False,kitti2012,catspp|True|False,98.3518,-0.13888168338072493,-0.034812071009929085,0.0,0.0,95.53838
synthetic,kitti2012|catspp|True|True,kitti2012,catspp|True|True,97.2492,-0.13888168338072493,-0.0329708143656295,0.0,0.0,95.51369
synthetic,kitti2012|glunet|False|False,kitti2012,glunet|False|False,96.3978,-0.13888168338072493,-0.1996189120052525,0.0,0.0,85.35865
synthetic,kitti2012|glunet|False|True,kitti2012,glunet|False|True,84.216,-0.13888168338072493,-0.1967934144777444,0.0,0.0,82.80082
synthetic,kitti2012|glunet|True|False,kitti2012,glunet|True|False,97.2991,-0.13888168338072493,-0.18120315678908655,0.0,0.0,87.99222999999999
synthetic,kitti2012|glunet|True|True,kitti2012,glunet|True|True,98.2409,-0.13888168338072493,-0.11527186931411659,0.0,0.0,91.18357
synthetic,kitti2012|raft|True|False,kitti2012,raft|True|False,87.91614999999999,-0.13888168338072493,-0.25467941725273446,0.0,0.0,75.5048975
synthetic,kitti2015|catspp|False|False,kitti2015,catspp|False|False,86.5834,-0.21965421244927444,-0.29043714856284125,0.0,0.0,77.58438
synthetic,kitti2015|catspp|False|True,kitti2015,catspp|False|True,86.8286,-0.21965421244927444,-0.2852042992801236,0.0,0.0,78.40066
synthetic,kitti2015|catspp|True|False,kitti2015,catspp|True|False,97.4319,-0.21965421244927444,-0.044320264784745655,0.0,0.0,94.92004499999999
synthetic,kitti2015|catspp|True|True,kitti2015,catspp|True|True,96.1149,-0.21965421244927444,-0.04361855934302911,0.0,0.0,94.71963000000001
synthetic,kitti2015|glunet|False|False,kitti2015,glunet|False|False,93.5085,-0.21965421244927444,-0.2962795892002728,0.0,0.0,81.07683
synthetic,kitti2015|glunet|False|True,kitti2015,glunet|False|True,86.9497,-0.21965421244927444,-0.2744140692013102,0.0,0.0,77.78459000000001
synthetic,kitti2015|glunet|True|False,kitti2015,glunet|True|False,96.11,-0.21965421244927444,-0.26494585839729184,0.0,0.0,86.025
synthetic,kitti2015|glunet|True|True,kitti2015,glunet|True|True,97.4108,-0.21965421244927444,-0.1767538444429558,0.0,0.0,89.03835000000001
synthetic,kitti2015|raft|True|False,kitti2015,raft|True|False,89.93475000000001,-0.21965421244927444,-0.36257446742388566,0.0,0.0,72.63492125
synthetic,pfpascal|catspp|False|False,pfpascal,catspp|False|False,14.1789,0.7409141469165699,0.2959040612617703,0.0,0.0,11.52209
synthetic,pfpascal|catspp|False|True,pfpascal,catspp|False|True,14.3443,0.7409141469165699,0.3285855668091116,0.0,0.0,11.6595
synthetic,pfpascal|catspp|True|False,pfpascal,catspp|True|False,49.2406,0.7409141469165699,0.35855010011741517,0.0,0.0,43.04038
synthetic,pfpascal|catspp|True|True,pfpascal,catspp|True|True,50.2518,0.7409141469165699,0.34423255823964927,0.0,0.0,45.800035
synthetic,pfpascal|glunet|False|False,pfpascal,glunet|False|False,13.9864,0.7409141469165699,0.32346720956943514,0.0,0.0,11.54605
synthetic,pfpascal|glunet|False|True,pfpascal,glunet|False|True,13.1695,0.7409141469165699,0.2809567644797653,0.0,0.0,11.471630000000001
synthetic,pfpascal|glunet|True|False,pfpascal,glunet|True|False,30.3321,0.7409141469165699,0.6729396706163219,0.0,0.0,25.46703
synthetic,pfpascal|glunet|True|True,pfpascal,glunet|True|True,42.4831,0.7409141469165699,0.6253120376157135,0.0,0.0,30.306600000000003
synthetic,pfpascal|raft|True|False,pfpascal,raft|True|False,14.4373,0.7409141469165699,0.2627705180976013,0.0,0.0,11.45927375
synthetic,pfwillow|catspp|False|False,pfwillow,catspp|False|False,15.2778,0.4572529039325506,0.2581894941009869,0.0,0.0,13.924439999999999
synthetic,pfwillow|catspp|False|True,pfwillow,catspp|False|True,15.1333,0.4572529039325506,0.2713254103044916,0.0,0.0,14.349445
synthetic,pfwillow|catspp|True|False,pfwillow,catspp|True|False,51.6333,0.4572529039325506,0.286483092708426,0.0,0.0,46.27945
synthetic,pfwillow|catspp|True|True,pfwillow,catspp|True|True,52.2222,0.4572529039325506,0.32188981083710344,0.0,0.0,48.40555
synthetic,pfwillow|glunet|False|False,pfwillow,glunet|False|False,19.4667,0.4572529039325506,0.24322119763732802,0.0,0.0,15.08042
synthetic,pfwillow|glunet|False|True,pfwillow,glunet|False|True,14.6222,0.4572529039325506,0.2454592191118722,0.0,0.0,13.94349
synthetic,pfwillow|glunet|True|False,pfwillow,glunet|True|False,29.7111,0.4572529039325506,0.6357636664324239,0.0,0.0,29.10098
synthetic,pfwillow|glunet|True|True,pfwillow,glunet|True|True,48.458,0.4572529039325506,0.5427122507380499,0.0,0.0,32.674009999999996
synthetic,pfwillow|raft|True|False,pfwillow,raft|True|False,18.722250000000003,0.4572529039325506,0.22155397815289807,0.0,0.0,14.47982125
synthetic,pointodyssey|catspp|False|False,pointodyssey,catspp|False|False,38.9858,0.5468643336534531,0.7635300823321227,0.0,0.0,45.198035
synthetic,pointodyssey|catspp|False|True,pointodyssey,catspp|False|True,43.2626,0.5468643336534531,0.8641351363305217,0.0,0.0,51.78643999999999
synthetic,pointodyssey|catspp|True|False,pointodyssey,catspp|True|False,58.2916,0.5468643336534531,0.55720184371482,0.0,0.0,57.455799999999996
synthetic,pointodyssey|catspp|True|True,pointodyssey,catspp|True|True,51.1702,0.5468643336534531,0.5527798336386542,0.0,0.0,58.584140000000005
synthetic,pointodyssey|glunet|False|False,pointodyssey,glunet|False|False,92.0672,0.5468643336534531,0.8518243119593797,0.0,0.0,78.62071
synthetic,pointodyssey|glunet|False|True,pointodyssey,glunet|False|True,80.199,0.5468643336534531,0.8251727108357906,0.0,0.0,74.13135
synthetic,pointodyssey|glunet|True|False,pointodyssey,glunet|True|False,92.7503,0.5468643336534531,0.7548194035066235,0.0,0.0,83.66917
synthetic,pointodyssey|glunet|True|True,pointodyssey,glunet|True|True,96.5122,0.5468643336534531,0.4923999823105333,0.0,0.0,85.53264
synthetic,pointodyssey|raft|True|False,pointodyssey,raft|True|False,34.6076,0.5468643336534531,0.7807284275796388,0.0,0.0,42.21109875
synthetic,spair|catspp|False|False,spair,catspp|False|False,4.0731,2.9424202377694852,0.12334755606298223,0.0,0.0,3.474245
synthetic,spair|catspp|False|True,spair,catspp|False|True,4.0341,2.9424202377694852,0.15711508708423785,0.0,0.0,3.515715
synthetic,spair|catspp|True|False,spair,catspp|True|False,22.4135,2.9424202377694852,1.1812204260406374,0.0,0.0,21.11787
synthetic,spair|catspp|True|True,spair,catspp|True|True,23.9909,2.9424202377694852,1.113584125272367,0.0,0.0,22.32048
synthetic,spair|glunet|False|False,spair,glunet|False|False,3.6526,2.9424202377694852,0.13854452253659955,0.0,0.0,2.79144
synthetic,spair|glunet|False|True,spair,glunet|False|True,2.9367,2.9424202377694852,0.07131383749586573,0.0,0.0,2.54549
synthetic,spair|glunet|True|False,spair,glunet|True|False,7.559,2.9424202377694852,2.344286081257506,0.0,0.0,7.51929
synthetic,spair|glunet|True|True,spair,glunet|True|True,15.5133,2.9424202377694852,1.5519368722669502,0.0,0.0,8.40899
synthetic,spair|raft|True|False,spair,raft|True|False,3.3421000000000003,2.9424202377694852,0.1168362687686148,0.0,0.0,2.7094637500000003
synthetic,synthetic|catspp|False|False,synthetic,catspp|False|False,22.1053,3.02868693442873,4.548194139743248,0.0,0.0,22.83322
synthetic,synthetic|catspp|False|True,synthetic,catspp|False|True,21.8997,3.02868693442873,5.1703094982834985,0.0,0.0,23.962195
synthetic,synthetic|catspp|True|False,synthetic,catspp|True|False,53.8161,3.02868693442873,5.981641724004467,0.0,0.0,47.85006
synthetic,synthetic|catspp|True|True,synthetic,catspp|True|True,48.52,3.02868693442873,4.338964790119524,0.0,0.0,47.35428
synthetic,synthetic|glunet|False|False,synthetic,glunet|False|False,27.0582,3.02868693442873,3.12708781881116,0.0,0.0,15.37013
synthetic,synthetic|glunet|False|True,synthetic,glunet|False|True,16.1312,3.02868693442873,1.4953435829728943,0.0,0.0,11.92315
synthetic,synthetic|glunet|True|False,synthetic,glunet|True|False,32.9391,3.02868693442873,6.490584834601305,0.0,0.0,28.466770000000004
synthetic,synthetic|glunet|True|True,synthetic,glunet|True|True,37.9779,3.02868693442873,4.5053382447801384,0.0,0.0,25.62596
synthetic,synthetic|raft|True|False,synthetic,raft|True|False,25.1774,3.02868693442873,6.564960423652824,0.0,0.0,20.5859625
synthetic,tss|catspp|False|False,tss,catspp|False|False,32.3684,0.3236371523717396,0.6229586653493514,0.0,0.0,24.358245
synthetic,tss|catspp|False|True,tss,catspp|False|True,29.7936,0.3236371523717396,0.6788925407756066,0.0,0.0,25.167725
synthetic,tss|catspp|True|False,tss,catspp|True|False,66.0565,0.3236371523717396,0.22947869229388415,0.0,0.0,63.791610000000006
synthetic,tss|catspp|True|True,tss,catspp|True|True,65.6689,0.3236371523717396,0.25174989454986546,0.0,0.0,64.37001000000001
synthetic,tss|glunet|False|False,tss,glunet|False|False,36.1641,0.3236371523717396,0.6895198609737841,0.0,0.0,25.22046
synthetic,tss|glunet|False|True,tss,glunet|False|True,27.3178,0.3236371523717396,0.5755721584916185,0.0,0.0,22.56908
synthetic,tss|glunet|True|False,tss,glunet|True|False,52.1427,0.3236371523717396,1.2166759251371753,0.0,0.0,47.620960000000004
synthetic,tss|glunet|True|True,tss,glunet|True|True,64.008,0.3236371523717396,0.9388515162172923,0.0,0.0,50.24008
synthetic,tss|raft|True|False,tss,raft|True|False,27.3868,0.3236371523717396,0.5195660377749256,0.0,0.0,20.7450075
synthetic_2d_warp,flyingthings|catspp|False|False,flyingthings,catspp|False|False,62.5568,0.18706125786994549,0.33846734415494156,0.0,0.0,57.002155
synthetic_2d_warp,flyingthings|catspp|False|True,flyingthings,catspp|False|True,58.9743,0.18706125786994549,0.33618604651749245,0.0,0.0,58.49968
synthetic_2d_warp,flyingthings|catspp|True|False,flyingthings,catspp|True|False,82.2203,0.18706125786994549,0.10097545880259273,0.0,0.0,79.72738000000001
synthetic_2d_warp,flyingthings|catspp|True|True,flyingthings,catspp|True|True,81.6201,0.18706125786994549,0.07395081009812879,0.0,0.0,79.92819499999999
synthetic_2d_warp,flyingthings|glunet|False|False,flyingthings,glunet|False|False,71.3364,0.18706125786994549,0.3470481088976298,0.0,0.0,57.64027
synthetic_2d_warp,flyingthings|glunet|False|True,flyingthings,glunet|False|True,56.8539,0.18706125786994549,0.3128914919386956,0.0,0.0,51.92078
synthetic_2d_warp,flyingthings|glunet|True|False,flyingthings,glunet|True|False,71.3152,0.18706125786994549,0.3715623447606051,0.0,0.0,65.35628
synthetic_2d_warp,flyingthings|glunet|True|True,flyingthings,glunet|True|True,78.2963,0.18706125786994549,0.2501130496543033,0.0,0.0,66.45239000000001
synthetic_2d_warp,flyingthings|raft|True|False,flyingthings,raft|True|False,68.432,0.18706125786994549,0.4207747047737174,0.0,0.0,48.9825
synthetic_2d_warp,kitti2012|catspp|False|False,kitti2012,catspp|False|False,76.4616,-0.11996493636564019,-0.16584188392509172,0.0,0.0,76.29059
synthetic_2d_warp,kitti2012|catspp|False|True,kitti2012,catspp|False|True,77.1277,-0.11996493636564019,-0.16235739590023648,0.0,0.0,78.43917
synthetic_2d_warp,kitti2012|catspp|True|False,kitti2012,catspp|True|False,95.9663,-0.11996493636564019,-0.030489894513101325,0.0,0.0,95.77693000000001
synthetic_2d_warp,kitti2012|catspp|True|True,kitti2012,catspp|True|True,96.3689,-0.11996493636564019,-0.02852706188534992,0.0,0.0,95.60172
synthetic_2d_warp,kitti2012|glunet|False|False,kitti2012,glunet|False|False,93.4764,-0.11996493636564019,-0.17236077762721236,0.0,0.0,85.65079
synthetic_2d_warp,kitti2012|glunet|False|True,kitti2012,glunet|False|True,91.3276,-0.11996493636564019,-0.16809965276888592,0.0,0.0,82.08966000000001
synthetic_2d_warp,kitti2012|glunet|True|False,kitti2012,glunet|True|False,91.75,-0.11996493636564019,-0.15682451541593723,0.0,0.0,88.54713999999998
synthetic_2d_warp,kitti2012|glunet|True|True,kitti2012,glunet|True|True,98.3573,-0.11996493636564019,-0.09905106589232758,0.0,0.0,91.17193
synthetic_2d_warp,kitti2012|raft|True|False,kitti2012,raft|True|False,84.6833,-0.11996493636564019,-0.21967575874303305,0.0,0.0,75.8281825
synthetic_2d_warp,kitti2015|catspp|False|False,kitti2015,catspp|False|False,83.0162,-0.1863636377634195,-0.24617399171726242,0.0,0.0,77.94109999999999
synthetic_2d_warp,kitti2015|catspp|False|True,kitti2015,catspp|False|True,79.9745,-0.1863636377634195,-0.2421026532134394,0.0,0.0,79.08606999999999
synthetic_2d_warp,kitti2015|catspp|True|False,kitti2015,catspp|True|False,95.364,-0.1863636377634195,-0.03824509805915841,0.0,0.0,95.126835
synthetic_2d_warp,kitti2015|catspp|True|True,kitti2015,catspp|True|True,95.7853,-0.1863636377634195,-0.036919750751162994,0.0,0.0,94.75259
synthetic_2d_warp,kitti2015|glunet|False|False,kitti2015,glunet|False|False,89.7925,-0.1863636377634195,-0.25169211422102894,0.0,0.0,81.44843
synthetic_2d_warp,kitti2015|glunet|False|True,kitti2015,glunet|False|True,87.0141,-0.1863636377634195,-0.23146224757797998,0.0,0.0,77.77815000000001
synthetic_2d_warp,kitti2015|glunet|True|False,kitti2015,glunet|True|False,91.6412,-0.1863636377634195,-0.2252367329315175,0.0,0.0,86.47188
synthetic_2d_warp,kitti2015|glunet|True|True,kitti2015,glunet|True|True,97.4131,-0.1863636377634195,-0.14910532102402754,0.0,0.0,89.03812
synthetic_2d_warp,kitti2015|raft|True|False,kitti2015,raft|True|False,90.2207,-0.1863636377634195,-0.30567598981774796,0.0,0.0,72.60632625
synthetic_2d_warp,pfpascal|catspp|False|False,pfpascal,catspp|False|False,10.5271,0.7466214013701902,0.3087653462415272,0.0,0.0,11.88727
synthetic_2d_warp,pfpascal|catspp|False|True,pfpascal,catspp|False|True,10.9336,0.7466214013701902,0.34265467484764894,0.0,0.0,12.00057
synthetic_2d_warp,pfpascal|catspp|True|False,pfpascal,catspp|True|False,49.2846,0.7466214013701902,0.3695519249629764,0.0,0.0,43.03598
synthetic_2d_warp,pfpascal|catspp|True|True,pfpascal,catspp|True|True,55.8613,0.7466214013701902,0.2961215773286698,0.0,0.0,45.239085
synthetic_2d_warp,pfpascal|glunet|False|False,pfpascal,glunet|False|False,8.3855,0.7466214013701902,0.3287779144653394,0.0,0.0,12.10614
synthetic_2d_warp,pfpascal|glunet|False|True,pfpascal,glunet|False|True,13.3499,0.7466214013701902,0.28933276612593606,0.0,0.0,11.45359
synthetic_2d_warp,pfpascal|glunet|True|False,pfpascal,glunet|True|False,27.963,0.7466214013701902,0.6997215742568017,0.0,0.0,25.70394
synthetic_2d_warp,pfpascal|glunet|True|True,pfpascal,glunet|True|True,46.4716,0.7466214013701902,0.6033661104609777,0.0,0.0,29.90775
synthetic_2d_warp,pfpascal|raft|True|False,pfpascal,raft|True|False,11.7703,0.7466214013701902,0.2777534393661503,0.0,0.0,11.72597375
synthetic_2d_warp,pfwillow|catspp|False|False,pfwillow,catspp|False|False,11.9667,0.4701426063151367,0.26971569970562564,0.0,0.0,14.25555
synthetic_2d_warp,pfwillow|catspp|False|True,pfwillow,catspp|False|True,13.4667,0.4701426063151367,0.28528464174374085,0.0,0.0,14.516105
synthetic_2d_warp,pfwillow|catspp|True|False,pfwillow,catspp|True|False,52.3889,0.4701426063151367,0.2963683601397566,0.0,0.0,46.20389
synthetic_2d_warp,pfwillow|catspp|True|True,pfwillow,catspp|True|True,57.2889,0.4701426063151367,0.30194672249475807,0.0,0.0,47.898880000000005
synthetic_2d_warp,pfwillow|glunet|False|False,pfwillow,glunet|False|False,16.7914,0.4701426063151367,0.2665059231926293,0.0,0.0,15.34795
synthetic_2d_warp,pfwillow|glunet|False|True,pfwillow,glunet|False|True,16.6778,0.4701426063151367,0.25320727575061236,0.0,0.0,13.73793
synthetic_2d_warp,pfwillow|glunet|True|False,pfwillow,glunet|True|False,29.116,0.4701426063151367,0.6692019356738252,0.0,0.0,29.16049
synthetic_2d_warp,pfwillow|glunet|True|True,pfwillow,glunet|True|True,48.3864,0.4701426063151367,0.5718762917472577,0.0,0.0,32.681169999999995
synthetic_2d_warp,pfwillow|raft|True|False,pfwillow,raft|True|False,14.7593,0.4701426063151367,0.24522736043390878,0.0,0.0,14.87611625
synthetic_2d_warp,pointodyssey|catspp|False|False,pointodyssey,catspp|False|False,51.6048,0.5600508119011424,0.7853189957706295,0.0,0.0,43.936135
synthetic_2d_warp,pointodyssey|catspp|False|True,pointodyssey,catspp|False|True,65.9417,0.5600508119011424,0.8775253695142315,0.0,0.0,49.51853
synthetic_2d_warp,pointodyssey|catspp|True|False,pointodyssey,catspp|True|False,53.0839,0.5600508119011424,0.5718358509355831,0.0,0.0,57.97657
synthetic_2d_warp,pointodyssey|catspp|True|True,pointodyssey,catspp|True|True,50.3469,0.5600508119011424,0.5681809041174855,0.0,0.0,58.666470000000004
synthetic_2d_warp,pointodyssey|glunet|False|False,pointodyssey,glunet|False|False,92.1122,0.5600508119011424,0.8777129185827524,0.0,0.0,78.61621
synthetic_2d_warp,pointodyssey|glunet|False|True,pointodyssey,glunet|False|True,81.446,0.5600508119011424,0.8490690366373974,0.0,0.0,74.00665000000001
synthetic_2d_warp,pointodyssey|glunet|True|False,pointodyssey,glunet|True|False,92.0552,0.5600508119011424,0.778831901417332,0.0,0.0,83.73868
synthetic_2d_warp,pointodyssey|glunet|True|True,pointodyssey,glunet|True|True,96.0115,0.5600508119011424,0.508765434809566,0.0,0.0,85.58270999999999
synthetic_2d_warp,pointodyssey|raft|True|False,pointodyssey,raft|True|False,38.923,0.5600508119011424,0.8081178985198515,0.0,0.0,41.77955875
synthetic_2d_warp,spair|catspp|False|False,spair,catspp|False|False,3.1293,3.0567493149794926,0.13788395275530377,0.0,0.0,3.568625
synthetic_2d_warp,spair|catspp|False|True,spair,catspp|False|True,3.183,3.0567493149794926,0.16964612933251863,0.0,0.0,3.6008250000000004
synthetic_2d_warp,spair|catspp|True|False,spair,catspp|True|False,22.7753,3.0567493149794926,1.2448498691673286,0.0,0.0,21.081690000000002
synthetic_2d_warp,spair|catspp|True|True,spair,catspp|True|True,25.8691,3.0567493149794926,1.121406133782414,0.0,0.0,22.132659999999998
synthetic_2d_warp,spair|glunet|False|False,spair,glunet|False|False,2.6434,3.0567493149794926,0.1719208373650408,0.0,0.0,2.89236
synthetic_2d_warp,spair|glunet|False|True,spair,glunet|False|True,2.5156,3.0567493149794926,0.08631301586167807,0.0,0.0,2.5876
synthetic_2d_warp,spair|glunet|True|False,spair,glunet|True|False,6.63,3.0567493149794926,2.479469230318211,0.0,0.0,7.61219
synthetic_2d_warp,spair|glunet|True|True,spair,glunet|True|True,15.6163,3.0567493149794926,1.6370944606296758,0.0,0.0,8.39869
synthetic_2d_warp,spair|raft|True|False,spair,raft|True|False,3.0927,3.0567493149794926,0.1360763281079842,0.0,0.0,2.73440375
synthetic_2d_warp,synthetic|catspp|False|False,synthetic,catspp|False|False,20.1312,3.2082621908328277,4.885853384763577,0.0,0.0,23.03063
synthetic_2d_warp,synthetic|catspp|False|True,synthetic,catspp|False|True,18.8784,3.2082621908328277,5.534308674657249,0.0,0.0,24.264325000000003
synthetic_2d_warp,synthetic|catspp|True|False,synthetic,catspp|True|False,44.6253,3.2082621908328277,6.4632603343912285,0.0,0.0,48.76914
synthetic_2d_warp,synthetic|catspp|True|True,synthetic,catspp|True|True,43.3481,3.2082621908328277,4.6417233653254435,0.0,0.0,47.87147
synthetic_2d_warp,synthetic|glunet|False|False,synthetic,glunet|False|False,23.9947,3.2082621908328277,3.515485937623914,0.0,0.0,15.676480000000002
synthetic_2d_warp,synthetic|glunet|False|True,synthetic,glunet|False|True,12.7059,3.2082621908328277,1.6904654453306673,0.0,0.0,12.26568
synthetic_2d_warp,synthetic|glunet|True|False,synthetic,glunet|True|False,29.4639,3.2082621908328277,7.010909162301425,0.0,0.0,28.81429
synthetic_2d_warp,synthetic|glunet|True|True,synthetic,glunet|True|True,37.0372,3.2082621908328277,4.889816382349417,0.0,0.0,25.72003
synthetic_2d_warp,synthetic|raft|True|False,synthetic,raft|True|False,21.9875,3.2082621908328277,7.091117636230713,0.0,0.0,20.9049525
synthetic_2d_warp,tss|catspp|False|False,tss,catspp|False|False,20.8428,0.3715626099869104,0.7021924021739868,0.0,0.0,25.510804999999998
synthetic_2d_warp,tss|catspp|False|True,tss,catspp|False|True,20.0086,0.3715626099869104,0.7436848911080075,0.0,0.0,26.146224999999998
synthetic_2d_warp,tss|catspp|True|False,tss,catspp|True|False,65.697,0.3715626099869104,0.2547515170346528,0.0,0.0,63.82755999999999
synthetic_2d_warp,tss|catspp|True|True,tss,catspp|True|True,67.8214,0.3715626099869104,0.2672136942290048,0.0,0.0,64.15476
synthetic_2d_warp,tss|glunet|False|False,tss,glunet|False|False,23.6203,0.3715626099869104,0.7957577836417659,0.0,0.0,26.47484
synthetic_2d_warp,tss|glunet|False|True,tss,glunet|False|True,26.4422,0.3715626099869104,0.6381709322149289,0.0,0.0,22.65664
synthetic_2d_warp,tss|glunet|True|False,tss,glunet|True|False,50.8272,0.3715626099869104,1.3443334187082405,0.0,0.0,47.75251
synthetic_2d_warp,tss|glunet|True|True,tss,glunet|True|True,66.2204,0.3715626099869104,1.0184762827345715,0.0,0.0,50.01884
synthetic_2d_warp,tss|raft|True|False,tss,raft|True|False,22.1823,0.3715626099869104,0.5913750639723334,0.0,0.0,21.2654575
synthetic_large_zoom,flyingthings|catspp|False|False,flyingthings,catspp|False|False,67.1619,0.20683988609080758,0.23332447146950014,0.0,0.0,56.541645
synthetic_large_zoom,flyingthings|catspp|False|True,flyingthings,catspp|False|True,72.1858,0.20683988609080758,0.2276739998925786,0.0,0.0,57.17853
synthetic_large_zoom,flyingthings|catspp|True|False,flyingthings,catspp|True|False,81.8483,0.20683988609080758,0.07045841420723598,0.0,0.0,79.76458
synthetic_large_zoom,flyingthings|catspp|True|True,flyingthings,catspp|True|True,82.1343,0.20683988609080758,0.05119180119089504,0.0,0.0,79.876775
synthetic_large_zoom,flyingthings|glunet|False|False,flyingthings,glunet|False|False,62.2616,0.20683988609080758,0.24619851498030268,0.0,0.0,58.54774999999999
synthetic_large_zoom,flyingthings|glunet|False|True,flyingthings,glunet|False|True,57.5697,0.20683988609080758,0.21754241524826015,0.0,0.0,51.849199999999996
synthetic_large_zoom,flyingthings|glunet|True|False,flyingthings,glunet|True|False,72.5692,0.20683988609080758,0.2581703146486929,0.0,0.0,65.23088
synthetic_large_zoom,flyingthings|glunet|True|True,flyingthings,glunet|True|True,62.7767,0.20683988609080758,0.17826088300419846,0.0,0.0,68.00435
synthetic_large_zoom,flyingthings|raft|True|False,flyingthings,raft|True|False,59.3757,0.20683988609080758,0.299213750205834,0.0,0.0,49.888130000000004
synthetic_large_zoom,kitti2012|catspp|False|False,kitti2012,catspp|False|False,88.0451,6.432092896287987,9.231468697399993,0.0,0.0,75.13224
synthetic_large_zoom,kitti2012|catspp|False|True,kitti2012,catspp|False|True,94.8248,6.432092896287987,8.908494820997735,0.0,0.0,76.66946
synthetic_large_zoom,kitti2012|catspp|True|False,kitti2012,catspp|True|False,98.7949,6.432092896287987,1.6758663952865431,0.0,0.0,95.49407
synthetic_large_zoom,kitti2012|catspp|True|True,kitti2012,catspp|True|True,98.6413,6.432092896287987,1.565443413434064,0.0,0.0,95.37448
synthetic_large_zoom,kitti2012|glunet|False|False,kitti2012,glunet|False|False,97.9959,6.432092896287987,9.649837108103757,0.0,0.0,85.19883999999999
synthetic_large_zoom,kitti2012|glunet|False|True,kitti2012,glunet|False|True,97.0676,6.432092896287987,9.368000994482168,0.0,0.0,81.51566
synthetic_large_zoom,kitti2012|glunet|True|False,kitti2012,glunet|True|False,99.1724,6.432092896287987,8.753245589906602,0.0,0.0,87.8049
synthetic_large_zoom,kitti2012|glunet|True|True,kitti2012,glunet|True|True,98.7654,6.432092896287987,5.579179374645563,0.0,0.0,91.13112
synthetic_large_zoom,kitti2012|raft|True|False,kitti2012,raft|True|False,98.2011,6.432092896287987,12.119527458846017,0.0,0.0,74.47640249999999
synthetic_large_zoom,kitti2015|catspp|False|False,kitti2015,catspp|False|False,90.7618,5.852247276566897,8.054398166935773,0.0,0.0,77.16654
synthetic_large_zoom,kitti2015|catspp|False|True,kitti2015,catspp|False|True,93.0548,5.852247276566897,7.864283501911402,0.0,0.0,77.77804
synthetic_large_zoom,kitti2015|catspp|True|False,kitti2015,catspp|True|False,98.0919,5.852247276566897,1.2209111251508364,0.0,0.0,94.854045
synthetic_large_zoom,kitti2015|catspp|True|True,kitti2015,catspp|True|True,97.7369,5.852247276566897,1.1818629814507788,0.0,0.0,94.55743
synthetic_large_zoom,kitti2015|glunet|False|False,kitti2015,glunet|False|False,93.9536,5.852247276566897,8.282568868145212,0.0,0.0,81.03232
synthetic_large_zoom,kitti2015|glunet|False|True,kitti2015,glunet|False|True,88.1684,5.852247276566897,7.6596126975534125,0.0,0.0,77.66272000000001
synthetic_large_zoom,kitti2015|glunet|True|False,kitti2015,glunet|True|False,98.0506,5.852247276566897,7.377542744436891,0.0,0.0,85.83094
synthetic_large_zoom,kitti2015|glunet|True|True,kitti2015,glunet|True|True,96.8003,5.852247276566897,4.958728655143757,0.0,0.0,89.0994
synthetic_large_zoom,kitti2015|raft|True|False,kitti2015,raft|True|False,94.1569,5.852247276566897,10.04331610767826,0.0,0.0,72.21270625
synthetic_large_zoom,pfpascal|catspp|False|False,pfpascal,catspp|False|False,16.3109,1.1869776443753248,0.2673380689636771,0.0,0.0,11.30889
synthetic_large_zoom,pfpascal|catspp|False|True,pfpascal,catspp|False|True,17.9071,1.1869776443753248,0.288481808440849,0.0,0.0,11.30322
synthetic_large_zoom,pfpascal|catspp|True|False,pfpascal,catspp|True|False,47.5495,1.1869776443753248,0.3475075995871063,0.0,0.0,43.20949
synthetic_large_zoom,pfpascal|catspp|True|True,pfpascal,catspp|True|True,50.0421,1.1869776443753248,0.3252344134582163,0.0,0.0,45.821005
synthetic_large_zoom,pfpascal|glunet|False|False,pfpascal,glunet|False|False,16.1068,1.1869776443753248,0.2949598816572956,0.0,0.0,11.334010000000001
synthetic_large_zoom,pfpascal|glunet|False|True,pfpascal,glunet|False|True,14.5575,1.1869776443753248,0.25965041850405396,0.0,0.0,11.33283
synthetic_large_zoom,pfpascal|glunet|True|False,pfpascal,glunet|True|False,23.0618,1.1869776443753248,0.6374796938167032,0.0,0.0,26.19406
synthetic_large_zoom,pfpascal|glunet|True|True,pfpascal,glunet|True|True,19.3452,1.1869776443753248,0.5806445520575039,0.0,0.0,32.62039
synthetic_large_zoom,pfpascal|raft|True|False,pfpascal,raft|True|False,11.9889,1.1869776443753248,0.2534969134249215,0.0,0.0,11.704113750000001
synthetic_large_zoom,pfwillow|catspp|False|False,pfwillow,catspp|False|False,18.7222,0.5616289443535496,0.1188956140323808,0.0,0.0,13.580000000000002
synthetic_large_zoom,pfwillow|catspp|False|True,pfwillow,catspp|False|True,19.8667,0.5616289443535496,0.12269867577123066,0.0,0.0,13.876105
synthetic_large_zoom,pfwillow|catspp|True|False,pfwillow,catspp|True|False,51.4222,0.5616289443535496,0.14019059346350368,0.0,0.0,46.300560000000004
synthetic_large_zoom,pfwillow|catspp|True|True,pfwillow,catspp|True|True,54.3556,0.5616289443535496,0.15162839085780683,0.0,0.0,48.19221
synthetic_large_zoom,pfwillow|glunet|False|False,pfwillow,glunet|False|False,18.3917,0.5616289443535496,0.12108721423007546,0.0,0.0,15.18792
synthetic_large_zoom,pfwillow|glunet|False|True,pfwillow,glunet|False|True,16.3506,0.5616289443535496,0.11781045848227817,0.0,0.0,13.77065
synthetic_large_zoom,pfwillow|glunet|True|False,pfwillow,glunet|True|False,30.5,0.5616289443535496,0.30958428884038547,0.0,0.0,29.02209
synthetic_large_zoom,pfwillow|glunet|True|True,pfwillow,glunet|True|True,21.0975,0.5616289443535496,0.27013712039868304,0.0,0.0,35.41006
synthetic_large_zoom,pfwillow|raft|True|False,pfwillow,raft|True|False,17.8333,0.5616289443535496,0.11026699752548294,0.0,0.0,14.56871625
synthetic_large_zoom,pointodyssey|catspp|False|False,pointodyssey,catspp|False|False,34.7757,1.1083361252901174,1.4889264361229337,0.0,0.0,45.619045
synthetic_large_zoom,pointodyssey|catspp|False|True,pointodyssey,catspp|False|True,62.7536,1.1083361252901174,1.6859895089130876,0.0,0.0,49.83734
synthetic_large_zoom,pointodyssey|catspp|True|False,pointodyssey,catspp|True|False,45.1112,1.1083361252901174,1.0582128913658662,0.0,0.0,58.77383999999999
synthetic_large_zoom,pointodyssey|catspp|True|True,pointodyssey,catspp|True|True,52.1959,1.1083361252901174,1.0890427558429399,0.0,0.0,58.48157
synthetic_large_zoom,pointodyssey|glunet|False|False,pointodyssey,glunet|False|False,85.5722,1.1083361252901174,1.6912922987053303,0.0,0.0,79.27020999999999
synthetic_large_zoom,pointodyssey|glunet|False|True,pointodyssey,glunet|False|True,80.976,1.1083361252901174,1.619757182019078,0.0,0.0,74.05364999999999
synthetic_large_zoom,pointodyssey|glunet|True|False,pointodyssey,glunet|True|False,91.0513,1.1083361252901174,1.4873166688053172,0.0,0.0,83.83907
synthetic_large_zoom,pointodyssey|glunet|True|True,pointodyssey,glunet|True|True,85.0481,1.1083361252901174,0.9928337731750206,0.0,0.0,86.67904999999999
synthetic_large_zoom,pointodyssey|raft|True|False,pointodyssey,raft|True|False,36.4545,1.1083361252901174,1.5375700758283144,0.0,0.0,42.026408749999995
synthetic_large_zoom,spair|catspp|False|False,spair,catspp|False|False,4.0943,0.8650632870060431,0.029143645980275468,0.0,0.0,3.4721249999999997
synthetic_large_zoom,spair|catspp|False|True,spair,catspp|False|True,4.1558,0.8650632870060431,0.03621553538806931,0.0,0.0,3.503545
synthetic_large_zoom,spair|catspp|True|False,spair,catspp|True|False,20.9922,0.8650632870060431,0.28359933791166514,0.0,0.0,21.259999999999998
synthetic_large_zoom,spair|catspp|True|True,spair,catspp|True|True,21.5433,0.8650632870060431,0.26771774674702564,0.0,0.0,22.56524
synthetic_large_zoom,spair|glunet|False|False,spair,glunet|False|False,3.0531,0.8650632870060431,0.03891982182194392,0.0,0.0,2.85139
synthetic_large_zoom,spair|glunet|False|True,spair,glunet|False|True,2.5485,0.8650632870060431,0.01951715984979413,0.0,0.0,2.58431
synthetic_large_zoom,spair|glunet|True|False,spair,glunet|True|False,4.5811,0.8650632870060431,0.5537902134025692,0.0,0.0,7.81708
synthetic_large_zoom,spair|glunet|True|True,spair,glunet|True|True,3.6447,0.8650632870060431,0.38238936584317756,0.0,0.0,9.59585
synthetic_large_zoom,spair|raft|True|False,spair,raft|True|False,2.9715,0.8650632870060431,0.031427933775146535,0.0,0.0,2.74652375
synthetic_large_zoom,synthetic|catspp|False|False,synthetic,catspp|False|False,39.135,1.7940681134731356,2.4432477181198355,0.0,0.0,21.13025
synthetic_large_zoom,synthetic|catspp|False|True,synthetic,catspp|False|True,48.6509,1.7940681134731356,2.484916089982457,0.0,0.0,21.287074999999998
synthetic_large_zoom,synthetic|catspp|True|False,synthetic,catspp|True|False,63.3596,1.7940681134731356,3.443150903903733,0.0,0.0,46.89571
synthetic_large_zoom,synthetic|catspp|True|True,synthetic,catspp|True|True,61.0204,1.7940681134731356,2.404003571510759,0.0,0.0,46.10424
synthetic_large_zoom,synthetic|glunet|False|False,synthetic,glunet|False|False,18.5281,1.7940681134731356,2.040365220430973,0.0,0.0,16.22314
synthetic_large_zoom,synthetic|glunet|False|True,synthetic,glunet|False|True,15.7459,1.7940681134731356,0.909007181487054,0.0,0.0,11.96168
synthetic_large_zoom,synthetic|glunet|True|False,synthetic,glunet|True|False,25.3843,1.7940681134731356,3.9104142361874312,0.0,0.0,29.222250000000003
synthetic_large_zoom,synthetic|glunet|True|True,synthetic,glunet|True|True,18.4805,1.7940681134731356,2.7722295216298813,0.0,0.0,27.5757
synthetic_large_zoom,synthetic|raft|True|False,synthetic,raft|True|False,51.426,1.7940681134731356,3.230223862131718,0.0,0.0,17.9611025
synthetic_large_zoom,tss|catspp|False|False,tss,catspp|False|False,33.0076,0.7410501107959283,0.6123714529074218,0.0,0.0,24.294325
synthetic_large_zoom,tss|catspp|False|True,tss,catspp|False|True,37.3118,0.7410501107959283,0.6276688275948855,0.0,0.0,24.415905000000002
synthetic_large_zoom,tss|catspp|True|False,tss,catspp|True|False,67.8898,0.7410501107959283,0.21524485732814225,0.0,0.0,63.60828
synthetic_large_zoom,tss|catspp|True|True,tss,catspp|True|True,68.6688,0.7410501107959283,0.2331461129912248,0.0,0.0,64.07002
synthetic_large_zoom,tss|glunet|False|False,tss,glunet|False|False,32.7962,0.7410501107959283,0.7010764100723064,0.0,0.0,25.55725
synthetic_large_zoom,tss|glunet|False|True,tss,glunet|False|True,27.4139,0.7410501107959283,0.5689112521501691,0.0,0.0,22.559469999999997
synthetic_large_zoom,tss|glunet|True|False,tss,glunet|True|False,49.3439,0.7410501107959283,1.2063269369952048,0.0,0.0,47.90084
synthetic_large_zoom,tss|glunet|True|True,tss,glunet|True|True,34.6233,0.7410501107959283,0.8952557852733504,0.0,0.0,53.178549999999994
synthetic_large_zoom,tss|raft|True|False,tss,raft|True|False,25.936,0.7410501107959283,0.5209439747870351,0.0,0.0,20.8900875
synthetic_random_flipping,flyingthings|catspp|False|False,flyingthings,catspp|False|False,43.8954,-2.3001729076596056,-2.4567822989604946,0.0,0.0,58.868295
synthetic_random_flipping,flyingthings|catspp|False|True,flyingthings,catspp|False|True,50.8063,-2.3001729076596056,-2.4759145046186255,0.0,0.0,59.31648
synthetic_random_flipping,flyingthings|catspp|True|False,flyingthings,catspp|True|False,83.2946,-2.3001729076596056,-0.7428836318101444,0.0,0.0,79.61995
synthetic_random_flipping,flyingthings|catspp|True|True,flyingthings,catspp|True|True,80.7323,-2.3001729076596056,-0.5525115396782481,0.0,0.0,80.016975
synthetic_random_flipping,flyingthings|glunet|False|False,flyingthings,glunet|False|False,63.9418,-2.3001729076596056,-2.6226774132577146,0.0,0.0,58.379729999999995
synthetic_random_flipping,flyingthings|glunet|False|True,flyingthings,glunet|False|True,50.412,-2.3001729076596056,-2.3306206573388377,0.0,0.0,52.56497
synthetic_random_flipping,flyingthings|glunet|True|False,flyingthings,glunet|True|False,81.6246,-2.3001729076596056,-2.688548042884845,0.0,0.0,64.32534000000001
synthetic_random_flipping,flyingthings|glunet|True|True,flyingthings,glunet|True|True,77.2625,-2.3001729076596056,-1.8681852466239353,0.0,0.0,66.55577000000001
synthetic_random_flipping,flyingthings|raft|True|False,flyingthings,raft|True|False,54.9845,-2.3001729076596056,-3.2091031177736777,0.0,0.0,50.32725000000001
synthetic_random_flipping,kitti2012|catspp|False|False,kitti2012,catspp|False|False,62.5595,-42.5431379314113,-58.73027484275838,0.0,0.0,77.6808
synthetic_random_flipping,kitti2012|catspp|False|True,kitti2012,catspp|False|True,71.5744,-42.5431379314113,-58.30236278278771,0.0,0.0,78.9945
synthetic_random_flipping,kitti2012|catspp|True|False,kitti2012,catspp|True|False,97.9034,-42.5431379314113,-10.859395276804516,0.0,0.0,95.58322000000001
synthetic_random_flipping,kitti2012|catspp|True|True,kitti2012,catspp|True|True,95.9432,-42.5431379314113,-10.302839866836464,0.0,0.0,95.64429
synthetic_random_flipping,kitti2012|glunet|False|False,kitti2012,glunet|False|False,95.0148,-42.5431379314113,-62.03433405321756,0.0,0.0,85.49695
synthetic_random_flipping,kitti2012|glunet|False|True,kitti2012,glunet|False|True,83.8602,-42.5431379314113,-61.020601175408984,0.0,0.0,82.8364
synthetic_random_flipping,kitti2012|glunet|True|False,kitti2012,glunet|True|False,98.9943,-42.5431379314113,-55.99073243969713,0.0,0.0,87.82271
synthetic_random_flipping,kitti2012|glunet|True|True,kitti2012,glunet|True|True,98.8084,-42.5431379314113,-35.667730102489614,0.0,0.0,91.12682
synthetic_random_flipping,kitti2012|raft|True|False,kitti2012,raft|True|False,86.3393,-42.5431379314113,-79.1065152753082,0.0,0.0,75.6625825
synthetic_random_flipping,kitti2015|catspp|False|False,kitti2015,catspp|False|False,72.005,-42.54073819392704,-57.24228621663895,0.0,0.0,79.04222
synthetic_random_flipping,kitti2015|catspp|False|True,kitti2015,catspp|False|True,78.5201,-42.54073819392704,-56.41179921368898,0.0,0.0,79.23151
synthetic_random_flipping,kitti2015|catspp|True|False,kitti2015,catspp|True|False,97.1466,-42.54073819392704,-8.759072745950862,0.0,0.0,94.94857499999999
synthetic_random_flipping,kitti2015|catspp|True|True,kitti2015,catspp|True|True,95.5148,-42.54073819392704,-8.619566105838572,0.0,0.0,94.77964
synthetic_random_flipping,kitti2015|glunet|False|False,kitti2015,glunet|False|False,90.6756,-42.54073819392704,-58.562364518180736,0.0,0.0,81.36012000000001
synthetic_random_flipping,kitti2015|glunet|False|True,kitti2015,glunet|False|True,84.0249,-42.54073819392704,-54.19106599949313,0.0,0.0,78.07707
synthetic_random_flipping,kitti2015|glunet|True|False,kitti2015,glunet|True|False,97.5133,-42.54073819392704,-51.895454001340376,0.0,0.0,85.88467
synthetic_random_flipping,kitti2015|glunet|True|True,kitti2015,glunet|True|True,97.2046,-42.54073819392704,-34.7725090295888,0.0,0.0,89.05897
synthetic_random_flipping,kitti2015|raft|True|False,kitti2015,raft|True|False,85.0135,-42.54073819392704,-71.88772223898962,0.0,0.0,73.12704625
synthetic_random_flipping,pfpascal|catspp|False|False,pfpascal,catspp|False|False,5.3233,-13.154533785263883,-3.027916566516662,0.0,0.0,12.40765
synthetic_random_flipping,pfpascal|catspp|False|True,pfpascal,catspp|False|True,6.5354,-13.154533785263883,-3.5479194762624666,0.0,0.0,12.440389999999999
synthetic_random_flipping,pfpascal|catspp|True|False,pfpascal,catspp|True|False,39.4059,-13.154533785263883,-4.183692356184611,0.0,0.0,44.023849999999996
synthetic_random_flipping,pfpascal|catspp|True|True,pfpascal,catspp|True|True,38.0521,-13.154533785263883,-3.50645855140066,0.0,0.0,47.020005
synthetic_random_flipping,pfpascal|glunet|False|False,pfpascal,glunet|False|False,8.1688,-13.154533785263883,-3.613478905743541,0.0,0.0,12.12781
synthetic_random_flipping,pfpascal|glunet|False|True,pfpascal,glunet|False|True,5.604,-13.154533785263883,-2.856423250139799,0.0,0.0,12.22818
synthetic_random_flipping,pfpascal|glunet|True|False,pfpascal,glunet|True|False,30.4384,-13.154533785263883,-7.652969330178429,0.0,0.0,25.456400000000002
synthetic_random_flipping,pfpascal|glunet|True|True,pfpascal,glunet|True|True,32.8035,-13.154533785263883,-7.612724435067367,0.0,0.0,31.27456
synthetic_random_flipping,pfpascal|raft|True|False,pfpascal,raft|True|False,7.6938,-13.154533785263883,-2.8972675574297004,0.0,0.0,12.133623750000002
synthetic_random_flipping,pfwillow|catspp|False|False,pfwillow,catspp|False|False,8.2333,-3.7398783473383355,-0.7597099283742138,0.0,0.0,14.628890000000002
synthetic_random_flipping,pfwillow|catspp|False|True,pfwillow,catspp|False|True,8.9444,-3.7398783473383355,-0.8123671754866973,0.0,0.0,14.968335
synthetic_random_flipping,pfwillow|catspp|True|False,pfwillow,catspp|True|False,40.1667,-3.7398783473383355,-0.8849972345416387,0.0,0.0,47.42611
synthetic_random_flipping,pfwillow|catspp|True|True,pfwillow,catspp|True|True,40.1,-3.7398783473383355,-0.9224635503019514,0.0,0.0,49.61777
synthetic_random_flipping,pfwillow|glunet|False|False,pfwillow,glunet|False|False,13.3667,-3.7398783473383355,-0.8115273847228167,0.0,0.0,15.69042
synthetic_random_flipping,pfwillow|glunet|False|True,pfwillow,glunet|False|True,7.7889,-3.7398783473383355,-0.6989316125920688,0.0,0.0,14.62682
synthetic_random_flipping,pfwillow|glunet|True|False,pfwillow,glunet|True|False,36.342,-3.7398783473383355,-2.006750078357048,0.0,0.0,28.43789
synthetic_random_flipping,pfwillow|glunet|True|True,pfwillow,glunet|True|True,36.9201,-3.7398783473383355,-1.9478268463482402,0.0,0.0,33.8278
synthetic_random_flipping,pfwillow|raft|True|False,pfwillow,raft|True|False,13.5556,-3.7398783473383355,-0.7482371112787801,0.0,0.0,14.99648625
synthetic_random_flipping,pointodyssey|catspp|False|False,pointodyssey,catspp|False|False,17.1954,-12.210966462730841,-14.320220321178716,0.0,0.0,47.377075000000005
synthetic_random_flipping,pointodyssey|catspp|False|True,pointodyssey,catspp|False|True,17.5356,-12.210966462730841,-15.969488982434262,0.0,0.0,54.359140000000004
synthetic_random_flipping,pointodyssey|catspp|True|False,pointodyssey,catspp|True|False,48.4592,-12.210966462730841,-11.227642155623759,0.0,0.0,58.43904
synthetic_random_flipping,pointodyssey|catspp|True|True,pointodyssey,catspp|True|True,48.5201,-12.210966462730841,-11.232474174874822,0.0,0.0,58.849149999999995
synthetic_random_flipping,pointodyssey|glunet|False|False,pointodyssey,glunet|False|False,88.4868,-12.210966462730841,-17.590537319855272,0.0,0.0,78.97875
synthetic_random_flipping,pointodyssey|glunet|False|True,pointodyssey,glunet|False|True,78.4489,-12.210966462730841,-16.95182649984866,0.0,0.0,74.30636
synthetic_random_flipping,pointodyssey|glunet|True|False,pointodyssey,glunet|True|False,97.2085,-12.210966462730841,-15.312847712414179,0.0,0.0,83.22335000000001
synthetic_random_flipping,pointodyssey|glunet|True|True,pointodyssey,glunet|True|True,95.8802,-12.210966462730841,-10.13326396880035,0.0,0.0,85.59584
synthetic_random_flipping,pointodyssey|raft|True|False,pointodyssey,raft|True|False,33.6102,-12.210966462730841,-15.987746816063432,0.0,0.0,42.31083875
synthetic_random_flipping,spair|catspp|False|False,spair,catspp|False|False,3.3223,3.2683958165529616,0.16174290036406713,0.0,0.0,3.5493250000000005
synthetic_random_flipping,spair|catspp|False|True,spair,catspp|False|True,3.4986,3.2683958165529616,0.19731784394180565,0.0,0.0,3.569265
synthetic_random_flipping,spair|catspp|True|False,spair,catspp|True|False,23.9303,3.2683958165529616,1.3678973654936182,0.0,0.0,20.96619
synthetic_random_flipping,spair|catspp|True|True,spair,catspp|True|True,25.8495,3.2683958165529616,1.2620369717188948,0.0,0.0,22.13462
synthetic_random_flipping,spair|glunet|False|False,spair,glunet|False|False,3.3198,3.2683958165529616,0.18611003483037591,0.0,0.0,2.82472
synthetic_random_flipping,spair|glunet|False|True,spair,glunet|False|True,2.7843,3.2683958165529616,0.09354540342874638,0.0,0.0,2.5607300000000004
synthetic_random_flipping,spair|glunet|True|False,spair,glunet|True|False,12.1407,3.2683958165529616,2.720811381494963,0.0,0.0,7.06112
synthetic_random_flipping,spair|glunet|True|True,spair,glunet|True|True,14.4483,3.2683958165529616,1.908460336881218,0.0,0.0,8.51549
synthetic_random_flipping,spair|raft|True|False,spair,raft|True|False,2.895,3.2683958165529616,0.15824558914807058,0.0,0.0,2.75417375
synthetic_random_flipping,synthetic|catspp|False|False,synthetic,catspp|False|False,19.2799,3.2458802577765393,5.559345390590288,0.0,0.0,23.11576
synthetic_random_flipping,synthetic|catspp|False|True,synthetic,catspp|False|True,21.8158,3.2458802577765393,6.34756471902195,0.0,0.0,23.970585
synthetic_random_flipping,synthetic|catspp|True|False,synthetic,catspp|True|False,84.9434,3.2458802577765393,4.786620708640768,0.0,0.0,44.73733
synthetic_random_flipping,synthetic|catspp|True|True,synthetic,catspp|True|True,70.9568,3.2458802577765393,3.9112031466676416,0.0,0.0,45.1106
synthetic_random_flipping,synthetic|glunet|False|False,synthetic,glunet|False|False,33.5541,3.2458802577765393,3.234391983580508,0.0,0.0,14.72054
synthetic_random_flipping,synthetic|glunet|False|True,synthetic,glunet|False|True,16.7068,3.2458802577765393,1.8051170004383645,0.0,0.0,11.865590000000001
synthetic_random_flipping,synthetic|glunet|True|False,synthetic,glunet|True|False,71.1258,3.2458802577765393,4.637381023328063,0.0,0.0,24.6481
synthetic_random_flipping,synthetic|glunet|True|True,synthetic,glunet|True|True,54.0369,3.2458802577765393,3.988844873990362,0.0,0.0,24.02006
synthetic_random_flipping,synthetic|raft|True|False,synthetic,raft|True|False,24.5252,3.2458802577765393,8.06792540445299,0.0,0.0,20.651182499999997
synthetic_random_flipping,tss|catspp|False|False,tss,catspp|False|False,11.4546,-0.4940272808223784,0.28486022142707207,0.0,0.0,26.449625000000005
synthetic_random_flipping,tss|catspp|False|True,tss,catspp|False|True,15.3875,-0.4940272808223784,0.3241257504158055,0.0,0.0,26.608335
synthetic_random_flipping,tss|catspp|True|False,tss,catspp|True|False,67.4824,-0.4940272808223784,0.11064623551240475,0.0,0.0,63.64901999999999
synthetic_random_flipping,tss|catspp|True|True,tss,catspp|True|True,68.1239,-0.4940272808223784,0.12022010063303158,0.0,0.0,64.12451
synthetic_random_flipping,tss|glunet|False|False,tss,glunet|False|False,26.1956,-0.4940272808223784,0.36231141933621425,0.0,0.0,26.217309999999998
synthetic_random_flipping,tss|glunet|False|True,tss,glunet|False|True,14.4363,-0.4940272808223784,0.27642451612177177,0.0,0.0,23.85723
synthetic_random_flipping,tss|glunet|True|False,tss,glunet|True|False,66.03,-0.4940272808223784,0.5777684729487338,0.0,0.0,46.23223
synthetic_random_flipping,tss|glunet|True|True,tss,glunet|True|True,68.4478,-0.4940272808223784,0.45287676113980607,0.0,0.0,49.7961
synthetic_random_flipping,tss|raft|True|False,tss,raft|True|False,18.9126,-0.4940272808223784,0.2672220117911527,0.0,0.0,21.5924275
synthetic_small_zoom,flyingthings|catspp|False|False,flyingthings,catspp|False|False,66.7727,0.1681972827968705,0.1192497372789235,0.0,0.0,56.580565
synthetic_small_zoom,flyingthings|catspp|False|True,flyingthings,catspp|False|True,70.0137,0.1681972827968705,0.11719612296213498,0.0,0.0,57.39574
synthetic_small_zoom,flyingthings|catspp|True|False,flyingthings,catspp|True|False,81.3255,0.1681972827968705,0.03606947487297303,0.0,0.0,79.81685999999999
synthetic_small_zoom,flyingthings|catspp|True|True,flyingthings,catspp|True|True,81.1893,0.1681972827968705,0.0263689145790249,0.0,0.0,79.97127499999999
synthetic_small_zoom,flyingthings|glunet|False|False,flyingthings,glunet|False|False,64.6211,0.1681972827968705,0.12534488367959282,0.0,0.0,58.311800000000005
synthetic_small_zoom,flyingthings|glunet|False|True,flyingthings,glunet|False|True,57.9755,0.1681972827968705,0.11098468289048903,0.0,0.0,51.80862
synthetic_small_zoom,flyingthings|glunet|True|False,flyingthings,glunet|True|False,75.9953,0.1681972827968705,0.130911760703423,0.0,0.0,64.88827
synthetic_small_zoom,flyingthings|glunet|True|True,flyingthings,glunet|True|True,72.6252,0.1681972827968705,0.09093431172453828,0.0,0.0,67.0195
synthetic_small_zoom,flyingthings|raft|True|False,flyingthings,raft|True|False,63.0829,0.1681972827968705,0.15171679472226143,0.0,0.0,49.51741
synthetic_small_zoom,kitti2012|catspp|False|False,kitti2012,catspp|False|False,90.3601,7.42253802407818,10.62461345663652,0.0,0.0,74.90074
synthetic_small_zoom,kitti2012|catspp|False|True,kitti2012,catspp|False|True,91.7972,7.42253802407818,10.411106258176702,0.0,0.0,76.97222000000001
synthetic_small_zoom,kitti2012|catspp|True|False,kitti2012,catspp|True|False,98.6145,7.42253802407818,1.9461701312569903,0.0,0.0,95.51210999999999
synthetic_small_zoom,kitti2012|catspp|True|True,kitti2012,catspp|True|True,98.7183,7.42253802407818,1.8094427221795468,0.0,0.0,95.36678
synthetic_small_zoom,kitti2012|glunet|False|False,kitti2012,glunet|False|False,98.5049,7.42253802407818,11.159424927510821,0.0,0.0,85.14794
synthetic_small_zoom,kitti2012|glunet|False|True,kitti2012,glunet|False|True,98.3756,7.42253802407818,10.805332295237491,0.0,0.0,81.38486
synthetic_small_zoom,kitti2012|glunet|True|False,kitti2012,glunet|True|False,99.1933,7.42253802407818,10.133076268124466,0.0,0.0,87.80281
synthetic_small_zoom,kitti2012|glunet|True|True,kitti2012,glunet|True|True,99.0835,7.42253802407818,6.451151784527394,0.0,0.0,91.09931
synthetic_small_zoom,kitti2012|raft|True|False,kitti2012,raft|True|False,98.2173,7.42253802407818,14.030110274641663,0.0,0.0,74.47478249999999
synthetic_small_zoom,kitti2015|catspp|False|False,kitti2015,catspp|False|False,88.7903,6.47926720376027,8.977724454956597,0.0,0.0,77.36368999999999
synthetic_small_zoom,kitti2015|catspp|False|True,kitti2015,catspp|False|True,88.9381,6.47926720376027,8.818612306776897,0.0,0.0,78.18971
synthetic_small_zoom,kitti2015|catspp|True|False,kitti2015,catspp|True|False,97.692,6.47926720376027,1.3681176275883529,0.0,0.0,94.894035
synthetic_small_zoom,kitti2015|catspp|True|True,kitti2015,catspp|True|True,97.817,6.47926720376027,1.308060658818937,0.0,0.0,94.54942
synthetic_small_zoom,kitti2015|glunet|False|False,kitti2015,glunet|False|False,95.5117,6.47926720376027,9.152153366289115,0.0,0.0,80.87651
synthetic_small_zoom,kitti2015|glunet|False|True,kitti2015,glunet|False|True,92.7311,6.47926720376027,8.38859485824266,0.0,0.0,77.20644999999999
synthetic_small_zoom,kitti2015|glunet|True|False,kitti2015,glunet|True|False,98.1319,6.47926720376027,8.182434150144884,0.0,0.0,85.82281
synthetic_small_zoom,kitti2015|glunet|True|True,kitti2015,glunet|True|True,97.9048,6.47926720376027,5.475165696624764,0.0,0.0,88.98895
synthetic_small_zoom,kitti2015|raft|True|False,kitti2015,raft|True|False,92.9642,6.47926720376027,11.176748685833068,0.0,0.0,72.33197625
synthetic_small_zoom,pfpascal|catspp|False|False,pfpascal,catspp|False|False,15.9431,0.9515254959436038,0.0998261585767194,0.0,0.0,11.34567
synthetic_small_zoom,pfpascal|catspp|False|True,pfpascal,catspp|False|True,18.9586,0.9515254959436038,0.1029953757449313,0.0,0.0,11.19807
synthetic_small_zoom,pfpascal|catspp|True|False,pfpascal,catspp|True|False,46.1154,0.9515254959436038,0.13060208556173714,0.0,0.0,43.3529
synthetic_small_zoom,pfpascal|catspp|True|True,pfpascal,catspp|True|True,47.1207,0.9515254959436038,0.12357077348753118,0.0,0.0,46.113144999999996
synthetic_small_zoom,pfpascal|glunet|False|False,pfpascal,glunet|False|False,20.2654,0.9515254959436038,0.09415397536673949,0.0,0.0,10.91815
synthetic_small_zoom,pfpascal|glunet|False|True,pfpascal,glunet|False|True,15.6204,0.9515254959436038,0.093851459739938,0.0,0.0,11.22654
synthetic_small_zoom,pfpascal|glunet|True|False,pfpascal,glunet|True|False,26.2712,0.9515254959436038,0.2368066192902842,0.0,0.0,25.87312
synthetic_small_zoom,pfpascal|glunet|True|True,pfpascal,glunet|True|True,31.3731,0.9515254959436038,0.23334404007198314,0.0,0.0,31.417600000000004
synthetic_small_zoom,pfpascal|raft|True|False,pfpascal,raft|True|False,17.4659,0.9515254959436038,0.08320930835076171,0.0,0.0,11.15641375
synthetic_small_zoom,pfwillow|catspp|False|False,pfwillow,catspp|False|False,19.4444,0.2748793847946001,-0.048700683358203836,0.0,0.0,13.50778
synthetic_small_zoom,pfwillow|catspp|False|True,pfwillow,catspp|False|True,20.5333,0.2748793847946001,-0.050264475891484986,0.0,0.0,13.809445
synthetic_small_zoom,pfwillow|catspp|True|False,pfwillow,catspp|True|False,48.7889,0.2748793847946001,-0.06083689114606405,0.0,0.0,46.56389
synthetic_small_zoom,pfwillow|catspp|True|True,pfwillow,catspp|True|True,48.6889,0.2748793847946001,-0.06698754828918752,0.0,0.0,48.75888
synthetic_small_zoom,pfwillow|glunet|False|False,pfwillow,glunet|False|False,21.063,0.2748793847946001,-0.04731995153756941,0.0,0.0,14.92079
synthetic_small_zoom,pfwillow|glunet|False|True,pfwillow,glunet|False|True,16.9778,0.2748793847946001,-0.04882755358934013,0.0,0.0,13.70793
synthetic_small_zoom,pfwillow|glunet|True|False,pfwillow,glunet|True|False,29.3389,0.2748793847946001,-0.12971090256892295,0.0,0.0,29.1382
synthetic_small_zoom,pfwillow|glunet|True|True,pfwillow,glunet|True|True,31.6222,0.2748793847946001,-0.12315823675568165,0.0,0.0,34.35759
synthetic_small_zoom,pfwillow|raft|True|False,pfwillow,raft|True|False,18.7,0.2748793847946001,-0.04522448963743249,0.0,0.0,14.48204625
synthetic_small_zoom,pointodyssey|catspp|False|False,pointodyssey,catspp|False|False,46.4111,1.1236201335343594,1.5205298229801003,0.0,0.0,44.455505
synthetic_small_zoom,pointodyssey|catspp|False|True,pointodyssey,catspp|False|True,39.8187,1.1236201335343594,1.7053303822783954,0.0,0.0,52.13083
synthetic_small_zoom,pointodyssey|catspp|True|False,pointodyssey,catspp|True|False,45.3383,1.1236201335343594,1.0705052877023742,0.0,0.0,58.75113
synthetic_small_zoom,pointodyssey|catspp|True|True,pointodyssey,catspp|True|True,47.995,1.1236201335343594,1.0845999314552408,0.0,0.0,58.90166000000001
synthetic_small_zoom,pointodyssey|glunet|False|False,pointodyssey,glunet|False|False,87.5416,1.1236201335343594,1.7047138882183719,0.0,0.0,79.07327000000001
synthetic_small_zoom,pointodyssey|glunet|False|True,pointodyssey,glunet|False|True,80.8978,1.1236201335343594,1.6366407857682168,0.0,0.0,74.06147
synthetic_small_zoom,pointodyssey|glunet|True|False,pointodyssey,glunet|True|False,92.6605,1.1236201335343594,1.498555110886427,0.0,0.0,83.67815
synthetic_small_zoom,pointodyssey|glunet|True|True,pointodyssey,glunet|True|True,90.8588,1.1236201335343594,0.9987749196903472,0.0,0.0,86.09797999999999
synthetic_small_zoom,pointodyssey|raft|True|False,pointodyssey,raft|True|False,65.6666,1.1236201335343594,1.456770152638241,0.0,0.0,39.10519875
synthetic_small_zoom,spair|catspp|False|False,spair,catspp|False|False,3.622,-0.12073898416064498,-0.018918635722834354,0.0,0.0,3.519355
synthetic_small_zoom,spair|catspp|False|True,spair,catspp|False|True,3.8854,-0.12073898416064498,-0.022277095902375536,0.0,0.0,3.530585
synthetic_small_zoom,spair|catspp|True|False,spair,catspp|True|False,20.7809,-0.12073898416064498,-0.16346553939220104,0.0,0.0,21.281129999999997
synthetic_small_zoom,spair|catspp|True|True,spair,catspp|True|True,20.6206,-0.12073898416064498,-0.15238957627284536,0.0,0.0,22.65751
synthetic_small_zoom,spair|glunet|False|False,spair,glunet|False|False,3.0311,-0.12073898416064498,-0.02248908887723925,0.0,0.0,2.8535899999999996
synthetic_small_zoom,spair|glunet|False|True,spair,glunet|False|True,2.408,-0.12073898416064498,-0.010942037208480495,0.0,0.0,2.59836
synthetic_small_zoom,spair|glunet|True|False,spair,glunet|True|False,4.3584,-0.12073898416064498,-0.3188999425990792,0.0,0.0,7.8393500000000005
synthetic_small_zoom,spair|glunet|True|True,spair,glunet|True|True,5.8067,-0.12073898416064498,-0.23060156823955674,0.0,0.0,9.379650000000002
synthetic_small_zoom,spair|raft|True|False,spair,raft|True|False,2.7395,-0.12073898416064498,-0.01839933050531718,0.0,0.0,2.76972375
synthetic_small_zoom,synthetic|catspp|False|False,synthetic,catspp|False|False,49.4854,1.3013014859893832,1.3229853004672214,0.0,0.0,20.09521
synthetic_small_zoom,synthetic|catspp|False|True,synthetic,catspp|False|True,50.3084,1.3013014859893832,1.7053072252540822,0.0,0.0,21.121325000000002
synthetic_small_zoom,synthetic|catspp|True|False,synthetic,catspp|True|False,61.0298,1.3013014859893832,2.4996963048883187,0.0,0.0,47.12869
synthetic_small_zoom,synthetic|catspp|True|True,synthetic,catspp|True|True,60.9373,1.3013014859893832,1.7207790389831348,0.0,0.0,46.11255
synthetic_small_zoom,synthetic|glunet|False|False,synthetic,glunet|False|False,16.7571,1.3013014859893832,1.4631499754824941,0.0,0.0,16.40024
synthetic_small_zoom,synthetic|glunet|False|True,synthetic,glunet|False|True,14.039,1.3013014859893832,0.6694762016165393,0.0,0.0,12.13237
synthetic_small_zoom,synthetic|glunet|True|False,synthetic,glunet|True|False,26.6724,1.3013014859893832,2.7997852329358546,0.0,0.0,29.093439999999998
synthetic_small_zoom,synthetic|glunet|True|True,synthetic,glunet|True|True,23.5695,1.3013014859893832,2.024588701940397,0.0,0.0,27.0668
synthetic_small_zoom,synthetic|raft|True|False,synthetic,raft|True|False,54.0896,1.3013014859893832,2.2001549918316354,0.0,0.0,17.6947425
synthetic_small_zoom,tss|catspp|False|False,tss,catspp|False|False,33.4343,0.6868969230994731,0.48959547782486873,0.0,0.0,24.251655
synthetic_small_zoom,tss|catspp|False|True,tss,catspp|False|True,38.3962,0.6868969230994731,0.4958986380406275,0.0,0.0,24.307465
synthetic_small_zoom,tss|catspp|True|False,tss,catspp|True|False,64.8435,0.6868969230994731,0.18519820434422582,0.0,0.0,63.91291
synthetic_small_zoom,tss|catspp|True|True,tss,catspp|True|True,65.1306,0.6868969230994731,0.2007002022515503,0.0,0.0,64.42384
synthetic_small_zoom,tss|glunet|False|False,tss,glunet|False|False,39.6402,0.6868969230994731,0.5244332753281657,0.0,0.0,24.87285
synthetic_small_zoom,tss|glunet|False|True,tss,glunet|False|True,29.9933,0.6868969230994731,0.4468915154980242,0.0,0.0,22.30153
synthetic_small_zoom,tss|glunet|True|False,tss,glunet|True|False,55.011,0.6868969230994731,0.9612791560599608,0.0,0.0,47.33413
synthetic_small_zoom,tss|glunet|True|True,tss,glunet|True|True,51.7585,0.6868969230994731,0.7771660820294068,0.0,0.0,51.46503
synthetic_small_zoom,tss|raft|True|False,tss,raft|True|False,31.9553,0.6868969230994731,0.38340525773353196,0.0,0.0,20.2881575
