train_dataset,context_id,benchmark,variant,actual,g,g_zridge,g_rank,g_gbm,L
flyingthings,flyingthings|catspp|False|False,flyingthings,catspp|False|False,76.3251,-2.0572691277402884,-2.7454268606213907,0.0,0.0,55.625325
flyingthings,flyingthings|catspp|False|True,flyingthings,catspp|False|True,76.5009,-2.0572691277402884,-2.727740878781369,0.0,0.0,56.74702
flyingthings,flyingthings|catspp|True|False,flyingthings,catspp|True|False,85.2977,-2.0572691277402884,-0.8273827637233498,0.0,0.0,79.41964
flyingthings,flyingthings|catspp|True|True,flyingthings,catspp|True|True,85.2894,-2.0572691277402884,-0.5817787179297988,0.0,0.0,79.561265
flyingthings,flyingthings|glunet|False|False,flyingthings,glunet|False|False,79.5401,-2.0572691277402884,-2.84576752030721,0.0,0.0,56.819900000000004
flyingthings,flyingthings|glunet|False|True,flyingthings,glunet|False|True,72.9905,-2.0572691277402884,-2.4796449164188163,0.0,0.0,50.307120000000005
flyingthings,flyingthings|glunet|True|False,flyingthings,glunet|True|False,85.8465,-2.0572691277402884,-3.0245663883647924,0.0,0.0,63.903150000000004
flyingthings,flyingthings|glunet|True|True,flyingthings,glunet|True|True,81.4831,-2.0572691277402884,-2.086352319425505,0.0,0.0,66.13371
flyingthings,flyingthings|raft|True|False,flyingthings,raft|True|False,79.60585,-2.0572691277402884,-3.40886769013328,0.0,0.0,47.865115
flyingthings,kitti2012|catspp|False|False,kitti2012,catspp|False|False,94.359,-9.598715488489034,-14.005883771176206,0.0,0.0,74.50085
flyingthings,kitti2012|catspp|False|True,kitti2012,catspp|False|True,94.1642,-9.598715488489034,-13.802375193163483,0.0,0.0,76.73552
flyingthings,kitti2012|catspp|True|False,kitti2012,catspp|True|False,98.098,-9.598715488489034,-2.61895576171572,0.0,0.0,95.56376
flyingthings,kitti2012|catspp|True|True,kitti2012,catspp|True|True,97.709,-9.598715488489034,-2.4581067640544374,0.0,0.0,95.46771
flyingthings,kitti2012|glunet|False|False,kitti2012,glunet|False|False,97.2233,-9.598715488489034,-14.940722190905323,0.0,0.0,85.2761
flyingthings,kitti2012|glunet|False|True,kitti2012,glunet|False|True,94.0515,-9.598715488489034,-14.58623132066731,0.0,0.0,81.81727000000001
flyingthings,kitti2012|glunet|True|False,kitti2012,glunet|True|False,99.4901,-9.598715488489034,-13.521700747730714,0.0,0.0,87.77313
flyingthings,kitti2012|glunet|True|True,kitti2012,glunet|True|True,99.0764,-9.598715488489034,-8.614576932845853,0.0,0.0,91.10002
flyingthings,kitti2012|raft|True|False,kitti2012,raft|True|False,96.60025,-9.598715488489034,-18.80593303728901,0.0,0.0,74.6364875
flyingthings,kitti2015|catspp|False|False,kitti2015,catspp|False|False,91.4836,-12.590747109005564,-18.830615558262636,0.0,0.0,77.09436
flyingthings,kitti2015|catspp|False|True,kitti2015,catspp|False|True,91.5434,-12.590747109005564,-18.503609622829064,0.0,0.0,77.92918
flyingthings,kitti2015|catspp|True|False,kitti2015,catspp|True|False,96.7896,-12.590747109005564,-2.9380090015041045,0.0,0.0,94.984275
flyingthings,kitti2015|catspp|True|True,kitti2015,catspp|True|True,95.7013,-12.590747109005564,-2.8709386027596486,0.0,0.0,94.76099
flyingthings,kitti2015|glunet|False|False,kitti2015,glunet|False|False,93.9097,-12.590747109005564,-19.40401827578784,0.0,0.0,81.03671
flyingthings,kitti2015|glunet|False|True,kitti2015,glunet|False|True,89.0545,-12.590747109005564,-17.90529994688336,0.0,0.0,77.57410999999999
flyingthings,kitti2015|glunet|True|False,kitti2015,glunet|True|False,97.7086,-12.590747109005564,-17.298364664043365,0.0,0.0,85.86514
flyingthings,kitti2015|glunet|True|True,kitti2015,glunet|True|True,97.3336,-12.590747109005564,-11.590572416000958,0.0,0.0,89.04607
flyingthings,kitti2015|raft|True|False,kitti2015,raft|True|False,91.5495,-12.590747109005564,-23.682605523310308,0.0,0.0,72.47344625
flyingthings,pfpascal|catspp|False|False,pfpascal,catspp|False|False,16.4969,-12.486084458252634,-3.569196639351788,0.0,0.0,11.29029
flyingthings,pfpascal|catspp|False|True,pfpascal,catspp|False|True,16.0706,-12.486084458252634,-4.047892653519644,0.0,0.0,11.48687
flyingthings,pfpascal|catspp|True|False,pfpascal,catspp|True|False,48.3555,-12.486084458252634,-4.606330899133479,0.0,0.0,43.12889
flyingthings,pfpascal|catspp|True|True,pfpascal,catspp|True|True,50.7447,-12.486084458252634,-4.31330141845186,0.0,0.0,45.750745
flyingthings,pfpascal|glunet|False|False,pfpascal,glunet|False|False,11.2521,-12.486084458252634,-4.13002531108167,0.0,0.0,11.81948
flyingthings,pfpascal|glunet|False|True,pfpascal,glunet|False|True,14.9872,-12.486084458252634,-3.45490501288562,0.0,0.0,11.289860000000001
flyingthings,pfpascal|glunet|True|False,pfpascal,glunet|True|False,34.1953,-12.486084458252634,-8.28437166273765,0.0,0.0,25.08071
flyingthings,pfpascal|glunet|True|True,pfpascal,glunet|True|True,33.9699,-12.486084458252634,-8.434360029413932,0.0,0.0,31.15792
flyingthings,pfpascal|raft|True|False,pfpascal,raft|True|False,13.37085,-12.486084458252634,-3.3724928266900536,0.0,0.0,11.56591875
flyingthings,pfwillow|catspp|False|False,pfwillow,catspp|False|False,17.4889,-10.910354588816844,-3.246330234325078,0.0,0.0,13.70333
flyingthings,pfwillow|catspp|False|True,pfwillow,catspp|False|True,19.0444,-10.910354588816844,-3.329310959139799,0.0,0.0,13.958335
flyingthings,pfwillow|catspp|True|False,pfwillow,catspp|True|False,51.4778,-10.910354588816844,-3.7157314912737514,0.0,0.0,46.295
flyingthings,pfwillow|catspp|True|True,pfwillow,catspp|True|True,53.4,-10.910354588816844,-4.093966500351922,0.0,0.0,48.28777
flyingthings,pfwillow|glunet|False|False,pfwillow,glunet|False|False,16.2466,-10.910354588816844,-3.2840674142164845,0.0,0.0,15.402429999999999
flyingthings,pfwillow|glunet|False|True,pfwillow,glunet|False|True,18.3398,-10.910354588816844,-2.998994810918697,0.0,0.0,13.571729999999999
flyingthings,pfwillow|glunet|True|False,pfwillow,glunet|True|False,35.8302,-10.910354588816844,-8.060834742678946,0.0,0.0,28.489069999999998
flyingthings,pfwillow|glunet|True|True,pfwillow,glunet|True|True,36.9398,-10.910354588816844,-7.798690940026128,0.0,0.0,33.82583
flyingthings,pfwillow|raft|True|False,pfwillow,raft|True|False,16.6614,-10.910354588816844,-2.9811614375083355,0.0,0.0,14.685906249999999
flyingthings,pointodyssey|catspp|False|False,pointodyssey,catspp|False|False,46.0158,-3.096546488214667,-3.1320592119004664,0.0,0.0,44.495034999999994
flyingthings,pointodyssey|catspp|False|True,pointodyssey,catspp|False|True,68.9316,-3.096546488214667,-3.4499256765578177,0.0,0.0,49.21954
flyingthings,pointodyssey|catspp|True|False,pointodyssey,catspp|True|False,64.7289,-3.096546488214667,-2.2528993610850114,0.0,0.0,56.81206999999999
flyingthings,pointodyssey|catspp|True|True,pointodyssey,catspp|True|True,59.3461,-3.096546488214667,-2.281007768056471,0.0,0.0,57.76655000000001
flyingthings,pointodyssey|glunet|False|False,pointodyssey,glunet|False|False,93.9512,-3.096546488214667,-3.466592140759926,0.0,0.0,78.43231
flyingthings,pointodyssey|glunet|False|True,pointodyssey,glunet|False|True,91.9442,-3.096546488214667,-3.2844589276284917,0.0,0.0,72.95683
flyingthings,pointodyssey|glunet|True|False,pointodyssey,glunet|True|False,97.4434,-3.096546488214667,-3.0499115603979154,0.0,0.0,83.19986
flyingthings,pointodyssey|glunet|True|True,pointodyssey,glunet|True|True,95.08,-3.096546488214667,-2.027561346030408,0.0,0.0,85.67586
flyingthings,pointodyssey|raft|True|False,pointodyssey,raft|True|False,36.1356,-3.096546488214667,-3.1982626460047965,0.0,0.0,42.05829875
flyingthings,spair|catspp|False|False,spair,catspp|False|False,3.633,-10.56620922613843,-0.2522060326887588,0.0,0.0,3.518255
flyingthings,spair|catspp|False|True,spair,catspp|False|True,3.6918,-10.56620922613843,-0.30346816778090185,0.0,0.0,3.549945
flyingthings,spair|catspp|True|False,spair,catspp|True|False,19.9484,-10.56620922613843,-2.166401415078429,0.0,0.0,21.36438
flyingthings,spair|catspp|True|True,spair,catspp|True|True,19.8812,-10.56620922613843,-1.9978934736130203,0.0,0.0,22.731450000000002
flyingthings,spair|glunet|False|False,spair,glunet|False|False,2.6105,-10.56620922613843,-0.29705414611945297,0.0,0.0,2.89565
flyingthings,spair|glunet|False|True,spair,glunet|False|True,2.7028,-10.56620922613843,-0.14819257785534123,0.0,0.0,2.56888
flyingthings,spair|glunet|True|False,spair,glunet|True|False,6.6514,-10.56620922613843,-4.3010300429453086,0.0,0.0,7.610049999999999
flyingthings,spair|glunet|True|True,spair,glunet|True|True,7.582,-10.56620922613843,-3.134585848315218,0.0,0.0,9.20212
flyingthings,spair|raft|True|False,spair,raft|True|False,2.69925,-10.56620922613843,-0.2451270873943318,0.0,0.0,2.77374875
flyingthings,synthetic|catspp|False|False,synthetic,catspp|False|False,20.6718,-0.9741472974429829,-3.172839473987173,0.0,0.0,22.97657
flyingthings,synthetic|catspp|False|True,synthetic,catspp|False|True,22.0954,-0.9741472974429829,-3.6130098579698053,0.0,0.0,23.942625
flyingthings,synthetic|catspp|True|False,synthetic,catspp|True|False,38.1694,-0.9741472974429829,-4.109448163725291,0.0,0.0,49.41473
flyingthings,synthetic|catspp|True|True,synthetic,catspp|True|True,38.2449,-0.9741472974429829,-2.9232359261334033,0.0,0.0,48.38179
flyingthings,synthetic|glunet|False|False,synthetic,glunet|False|False,15.5289,-0.9741472974429829,-2.3738192719148645,0.0,0.0,16.52306
flyingthings,synthetic|glunet|False|True,synthetic,glunet|False|True,15.7001,-0.9741472974429829,-1.0561231604515824,0.0,0.0,11.96626
flyingthings,synthetic|glunet|True|False,synthetic,glunet|True|False,35.4304,-0.9741472974429829,-4.512195375624058,0.0,0.0,28.21764
flyingthings,synthetic|glunet|True|True,synthetic,glunet|True|True,27.769,-0.9741472974429829,-3.296884681917149,0.0,0.0,26.64685
flyingthings,synthetic|raft|True|False,synthetic,raft|True|False,15.92325,-0.9741472974429829,-4.579617522342205,0.0,0.0,21.511377500000002
flyingthings,tss|catspp|False|False,tss,catspp|False|False,33.5001,-14.031141617137509,-8.349154076528258,0.0,0.0,24.245075
flyingthings,tss|catspp|False|True,tss,catspp|False|True,32.7945,-14.031141617137509,-9.034124266596137,0.0,0.0,24.867635
flyingthings,tss|catspp|True|False,tss,catspp|True|False,66.7564,-14.031141617137509,-3.0615932932694165,0.0,0.0,63.72162000000001
flyingthings,tss|catspp|True|True,tss,catspp|True|True,66.7002,-14.031141617137509,-3.3661415846889184,0.0,0.0,64.26688
flyingthings,tss|glunet|False|False,tss,glunet|False|False,26.1161,-14.031141617137509,-9.806557683755639,0.0,0.0,26.22526
flyingthings,tss|glunet|False|True,tss,glunet|False|True,32.7723,-14.031141617137509,-7.34881568373323,0.0,0.0,22.02363
flyingthings,tss|glunet|True|False,tss,glunet|True|False,58.8215,-14.031141617137509,-16.219309487687266,0.0,0.0,46.95308
flyingthings,tss|glunet|True|True,tss,glunet|True|True,54.9733,-14.031141617137509,-13.221909765721266,0.0,0.0,51.14355
flyingthings,tss|raft|True|False,tss,raft|True|False,24.11475,-14.031141617137509,-7.222253178925867,0.0,0.0,21.0722125
imagenet2dwarp,flyingthings|catspp|False|False,flyingthings,catspp|False|False,57.94145,23.519213549078547,29.79455769662095,0.0,0.0,57.46369
imagenet2dwarp,flyingthings|catspp|False|True,flyingthings,catspp|False|True,60.329,23.519213549078547,29.475480338947694,0.0,0.0,58.36421
imagenet2dwarp,flyingthings|catspp|True|False,flyingthings,catspp|True|False,78.9297,23.519213549078547,8.914380428900783,0.0,0.0,80.05644
imagenet2dwarp,flyingthings|catspp|True|True,flyingthings,catspp|True|True,79.9519,23.519213549078547,6.531570797199582,0.0,0.0,80.095015
imagenet2dwarp,flyingthings|glunet|False|False,flyingthings,glunet|False|False,54.827,23.519213549078547,31.004043322341047,0.0,0.0,59.29121
imagenet2dwarp,flyingthings|glunet|False|True,flyingthings,glunet|False|True,48.8918,23.519213549078547,27.481404265288766,0.0,0.0,52.716989999999996
imagenet2dwarp,flyingthings|glunet|True|False,flyingthings,glunet|True|False,11.3571,23.519213549078547,18.075077937171013,0.0,0.0,71.35209
imagenet2dwarp,flyingthings|glunet|True|True,flyingthings,glunet|True|True,66.7997,23.519213549078547,22.585608738572443,0.0,0.0,67.60204999999999
imagenet2dwarp,flyingthings|raft|True|False,flyingthings,raft|True|False,4.28145,23.519213549078547,30.017308971870186,0.0,0.0,55.397555
imagenet2dwarp,kitti2012|catspp|False|False,kitti2012,catspp|False|False,69.0475,16.094297040364545,24.692230249081067,0.0,0.0,77.03200000000001
imagenet2dwarp,kitti2012|catspp|False|True,kitti2012,catspp|False|True,72.7553,16.094297040364545,24.22413874467627,0.0,0.0,78.87640999999999
imagenet2dwarp,kitti2012|catspp|True|False,kitti2012,catspp|True|False,92.9336,16.094297040364545,4.456570941497435,0.0,0.0,96.0802
imagenet2dwarp,kitti2012|catspp|True|True,kitti2012,catspp|True|True,93.6996,16.094297040364545,4.221872601054247,0.0,0.0,95.86865
imagenet2dwarp,kitti2012|glunet|False|False,kitti2012,glunet|False|False,83.4869,16.094297040364545,25.888558430269736,0.0,0.0,86.64974
imagenet2dwarp,kitti2012|glunet|False|True,kitti2012,glunet|False|True,82.5947,16.094297040364545,25.318435833199253,0.0,0.0,82.96295
imagenet2dwarp,kitti2012|glunet|True|False,kitti2012,glunet|True|False,22.7606,16.094297040364545,6.300058658576564,0.0,0.0,95.44608
imagenet2dwarp,kitti2012|glunet|True|True,kitti2012,glunet|True|True,93.1941,16.094297040364545,14.982746819354816,0.0,0.0,91.68825
imagenet2dwarp,kitti2012|raft|True|False,kitti2012,raft|True|False,13.823675,16.094297040364545,25.01173000148012,0.0,0.0,82.91414499999999
imagenet2dwarp,kitti2015|catspp|False|False,kitti2015,catspp|False|False,78.94014999999999,14.803430805592082,20.885092361794467,0.0,0.0,78.348705
imagenet2dwarp,kitti2015|catspp|False|True,kitti2015,catspp|False|True,81.1634,14.803430805592082,20.487875783053152,0.0,0.0,78.96718000000001
imagenet2dwarp,kitti2015|catspp|True|False,kitti2015,catspp|True|False,92.1125,14.803430805592082,3.1077063367857627,0.0,0.0,95.45198500000001
imagenet2dwarp,kitti2015|catspp|True|True,kitti2015,catspp|True|True,93.2336,14.803430805592082,3.1006030646079337,0.0,0.0,95.00776
imagenet2dwarp,kitti2015|glunet|False|False,kitti2015,glunet|False|False,85.4709,14.803430805592082,21.405677600591805,0.0,0.0,81.88059000000001
imagenet2dwarp,kitti2015|glunet|False|True,kitti2015,glunet|False|True,80.8596,14.803430805592082,19.744060480085796,0.0,0.0,78.3936
imagenet2dwarp,kitti2015|glunet|True|False,kitti2015,glunet|True|False,29.7992,14.803430805592082,8.484264925671619,0.0,0.0,92.65608
imagenet2dwarp,kitti2015|glunet|True|True,kitti2015,glunet|True|True,89.5363,14.803430805592082,12.82704172150162,0.0,0.0,89.82579999999999
imagenet2dwarp,kitti2015|raft|True|False,kitti2015,raft|True|False,18.0252125,14.803430805592082,20.220940869424627,0.0,0.0,79.825875
imagenet2dwarp,pfpascal|catspp|False|False,pfpascal,catspp|False|False,9.00725,14.936604742156412,4.285821075690313,0.0,0.0,12.039255
imagenet2dwarp,pfpascal|catspp|False|True,pfpascal,catspp|False|True,7.8772,14.936604742156412,4.673985315747445,0.0,0.0,12.30621
imagenet2dwarp,pfpascal|catspp|True|False,pfpascal,catspp|True|False,34.5998,14.936604742156412,4.724680456044112,0.0,0.0,44.50446
imagenet2dwarp,pfpascal|catspp|True|True,pfpascal,catspp|True|True,45.3169,14.936604742156412,5.162009010610021,0.0,0.0,46.293525
imagenet2dwarp,pfpascal|glunet|False|False,pfpascal,glunet|False|False,6.0177,14.936604742156412,4.400008278930316,0.0,0.0,12.342920000000001
imagenet2dwarp,pfpascal|glunet|False|True,pfpascal,glunet|False|True,6.6055,14.936604742156412,3.8009963189111997,0.0,0.0,12.128029999999999
imagenet2dwarp,pfpascal|glunet|True|False,pfpascal,glunet|True|False,5.8954,14.936604742156412,7.6165175207693805,0.0,0.0,27.910700000000002
imagenet2dwarp,pfpascal|glunet|True|True,pfpascal,glunet|True|True,29.9721,14.936604742156412,9.73612318139097,0.0,0.0,31.5577
imagenet2dwarp,pfpascal|raft|True|False,pfpascal,raft|True|False,5.7248375000000005,14.936604742156412,3.430096927629519,0.0,0.0,12.33052
imagenet2dwarp,pfwillow|catspp|False|False,pfwillow,catspp|False|False,11.4111,15.11426014494404,3.563445544566559,0.0,0.0,14.31111
imagenet2dwarp,pfwillow|catspp|False|True,pfwillow,catspp|False|True,11.5778,15.11426014494404,3.730317841799967,0.0,0.0,14.704995
imagenet2dwarp,pfwillow|catspp|True|False,pfwillow,catspp|True|False,40.8778,15.11426014494404,3.916512642763417,0.0,0.0,47.355000000000004
imagenet2dwarp,pfwillow|catspp|True|True,pfwillow,catspp|True|True,48.9333,15.11426014494404,4.597995897900079,0.0,0.0,48.73444
imagenet2dwarp,pfwillow|glunet|False|False,pfwillow,glunet|False|False,10.8778,15.11426014494404,3.352276714117289,0.0,0.0,15.93931
imagenet2dwarp,pfwillow|glunet|False|True,pfwillow,glunet|False|True,10.5889,15.11426014494404,3.322492510943416,0.0,0.0,14.34682
imagenet2dwarp,pfwillow|glunet|True|False,pfwillow,glunet|True|False,10.1,15.11426014494404,7.371652126702857,0.0,0.0,31.06209
imagenet2dwarp,pfwillow|glunet|True|True,pfwillow,glunet|True|True,31.7,15.11426014494404,8.455467163913845,0.0,0.0,34.349810000000005
imagenet2dwarp,pfwillow|raft|True|False,pfwillow,raft|True|False,6.6805625,15.11426014494404,2.458899080729192,0.0,0.0,15.68399
imagenet2dwarp,pointodyssey|catspp|False|False,pointodyssey,catspp|False|False,51.33235,22.083924428591,31.398890145140097,0.0,0.0,43.96338
imagenet2dwarp,pointodyssey|catspp|False|True,pointodyssey,catspp|False|True,48.7736,22.083924428591,35.762023104133725,0.0,0.0,51.235339999999994
imagenet2dwarp,pointodyssey|catspp|True|False,pointodyssey,catspp|True|False,36.487,22.083924428591,20.66870109595862,0.0,0.0,59.63626000000001
imagenet2dwarp,pointodyssey|catspp|True|True,pointodyssey,catspp|True|True,41.4359,22.083924428591,21.621546692860353,0.0,0.0,59.55757
imagenet2dwarp,pointodyssey|glunet|False|False,pointodyssey,glunet|False|False,82.9373,22.083924428591,35.52681383622248,0.0,0.0,79.5337
imagenet2dwarp,pointodyssey|glunet|False|True,pointodyssey,glunet|False|True,78.5324,22.083924428591,34.03559579670728,0.0,0.0,74.29801
imagenet2dwarp,pointodyssey|glunet|True|False,pointodyssey,glunet|True|False,25.0551,22.083924428591,13.697583983842504,0.0,0.0,90.43869
imagenet2dwarp,pointodyssey|glunet|True|True,pointodyssey,glunet|True|True,89.2135,22.083924428591,20.7849670966591,0.0,0.0,86.26250999999999
imagenet2dwarp,pointodyssey|raft|True|False,pointodyssey,raft|True|False,3.8248375,22.083924428591,26.930248247343364,0.0,0.0,45.289375
imagenet2dwarp,spair|catspp|False|False,spair,catspp|False|False,3.93925,23.13835546654747,0.5152913723447409,0.0,0.0,3.4876300000000002
imagenet2dwarp,spair|catspp|False|True,spair,catspp|False|True,3.9251,23.13835546654747,0.6382262684016167,0.0,0.0,3.5266150000000005
imagenet2dwarp,spair|catspp|True|False,spair,catspp|True|False,16.6978,23.13835546654747,4.256909207922183,0.0,0.0,21.689439999999998
imagenet2dwarp,spair|catspp|True|True,spair,catspp|True|True,23.1718,23.13835546654747,4.461973074968037,0.0,0.0,22.40239
imagenet2dwarp,spair|glunet|False|False,spair,glunet|False|False,2.6759,23.13835546654747,0.6468237074015819,0.0,0.0,2.88911
imagenet2dwarp,spair|glunet|False|True,spair,glunet|False|True,2.6273,23.13835546654747,0.3243362305706403,0.0,0.0,2.5764299999999998
imagenet2dwarp,spair|glunet|True|False,spair,glunet|True|False,2.8992,23.13835546654747,9.072222068983379,0.0,0.0,7.98527
imagenet2dwarp,spair|glunet|True|True,spair,glunet|True|True,6.6248,23.13835546654747,6.720835291913515,0.0,0.0,9.29784
imagenet2dwarp,spair|raft|True|False,spair,raft|True|False,2.4022375,23.13835546654747,0.5049347153412388,0.0,0.0,2.80345
imagenet2dwarp,synthetic|catspp|False|False,synthetic,catspp|False|False,19.63085,17.56684955019977,16.709133048863773,0.0,0.0,23.080665
imagenet2dwarp,synthetic|catspp|False|True,synthetic,catspp|False|True,19.6472,17.56684955019977,18.98689912858417,0.0,0.0,24.187445
imagenet2dwarp,synthetic|catspp|True|False,synthetic,catspp|True|False,37.1935,17.56684955019977,21.583285569035713,0.0,0.0,49.51232
imagenet2dwarp,synthetic|catspp|True|True,synthetic,catspp|True|True,39.7476,17.56684955019977,15.602316711660102,0.0,0.0,48.23152
imagenet2dwarp,synthetic|glunet|False|False,synthetic,glunet|False|False,9.7372,17.56684955019977,12.14533033198966,0.0,0.0,17.10223
imagenet2dwarp,synthetic|glunet|False|True,synthetic,glunet|False|True,9.3907,17.56684955019977,5.631275500732273,0.0,0.0,12.597199999999999
imagenet2dwarp,synthetic|glunet|True|False,synthetic,glunet|True|False,6.6755,17.56684955019977,21.69581824642803,0.0,0.0,31.093130000000002
imagenet2dwarp,synthetic|glunet|True|True,synthetic,glunet|True|True,21.0263,17.56684955019977,17.20238250962822,0.0,0.0,27.32112
imagenet2dwarp,synthetic|raft|True|False,synthetic,raft|True|False,4.674075,17.56684955019977,23.07632851385608,0.0,0.0,22.636295
imagenet2dwarp,tss|catspp|False|False,tss,catspp|False|False,21.05095,11.97948629807277,6.474934672716371,0.0,0.0,25.48999
imagenet2dwarp,tss|catspp|False|True,tss,catspp|False|True,20.9901,11.97948629807277,6.886931909013477,0.0,0.0,26.048075
imagenet2dwarp,tss|catspp|True|False,tss,catspp|True|False,58.4608,11.97948629807277,2.0283887032593175,0.0,0.0,64.55118
imagenet2dwarp,tss|catspp|True|True,tss,catspp|True|True,63.5068,11.97948629807277,2.562730535875343,0.0,0.0,64.58622
imagenet2dwarp,tss|glunet|False|False,tss,glunet|False|False,14.8312,11.97948629807277,6.897083447311645,0.0,0.0,27.35375
imagenet2dwarp,tss|glunet|False|True,tss,glunet|False|True,14.6164,11.97948629807277,5.623679967925017,0.0,0.0,23.83922
imagenet2dwarp,tss|glunet|True|False,tss,glunet|True|False,11.2237,11.97948629807277,9.262762423084716,0.0,0.0,51.71286
imagenet2dwarp,tss|glunet|True|True,tss,glunet|True|True,50.4683,11.97948629807277,9.941951369704611,0.0,0.0,51.59405
imagenet2dwarp,tss|raft|True|False,tss,raft|True|False,7.744925,11.979486298072777,4.519887816603942,0.0,0.0,22.709195
movi_f,flyingthings|catspp|False|False,flyingthings,catspp|False|False,61.2423,-10.57467721842112,-21.566272159755798,0.0,0.0,57.133605
movi_f,flyingthings|catspp|False|True,flyingthings,catspp|False|True,61.1514,-10.57467721842112,-21.365626730229508,0.0,0.0,58.28197
movi_f,flyingthings|catspp|True|False,flyingthings,catspp|True|False,77.7052,-10.57467721842112,-6.424205795876084,0.0,0.0,80.17889
movi_f,flyingthings|catspp|True|True,flyingthings,catspp|True|True,77.9071,-10.57467721842112,-4.671143892528432,0.0,0.0,80.29949500000001
movi_f,flyingthings|glunet|False|False,flyingthings,glunet|False|False,41.9398,-10.57467721842112,-21.680359300664616,0.0,0.0,60.579930000000004
movi_f,flyingthings|glunet|False|True,flyingthings,glunet|False|True,43.0123,-10.57467721842112,-19.68035026944082,0.0,0.0,53.30494
movi_f,flyingthings|glunet|True|False,flyingthings,glunet|True|False,39.164,-10.57467721842112,-21.648644140731278,0.0,0.0,68.57140000000001
movi_f,flyingthings|glunet|True|True,flyingthings,glunet|True|True,39.106,-10.57467721842112,-12.738426938152516,0.0,0.0,70.37142
movi_f,flyingthings|raft|True|False,flyingthings,raft|True|False,38.9566,-10.57467721842112,-27.18934061981602,0.0,0.0,51.93004
movi_f,kitti2012|catspp|False|False,kitti2012,catspp|False|False,86.277,-16.113686885524334,-32.73928916176396,0.0,0.0,75.30905
movi_f,kitti2012|catspp|False|True,kitti2012,catspp|False|True,86.332,-16.113686885524334,-32.15667099471572,0.0,0.0,77.51874000000001
movi_f,kitti2012|catspp|True|False,kitti2012,catspp|True|False,94.5198,-16.113686885524334,-6.0495195383494,0.0,0.0,95.92157999999999
movi_f,kitti2012|catspp|True|True,kitti2012,catspp|True|True,95.7835,-16.113686885524334,-5.694325071807793,0.0,0.0,95.66026000000001
movi_f,kitti2012|glunet|False|False,kitti2012,glunet|False|False,83.278,-16.113686885524334,-34.47704532554654,0.0,0.0,86.67063
movi_f,kitti2012|glunet|False|True,kitti2012,glunet|False|True,83.3858,-16.113686885524334,-33.72116187026023,0.0,0.0,82.88383999999999
movi_f,kitti2012|glunet|True|False,kitti2012,glunet|True|False,78.7366,-16.113686885524334,-30.94339344884359,0.0,0.0,89.84848
movi_f,kitti2012|glunet|True|True,kitti2012,glunet|True|True,73.9202,-16.113686885524334,-18.218591247873842,0.0,0.0,93.61564000000001
movi_f,kitti2012|raft|True|False,kitti2012,raft|True|False,81.5116,-16.113686885524334,-43.88037472958021,0.0,0.0,76.1453525
movi_f,kitti2015|catspp|False|False,kitti2015,catspp|False|False,84.7086,-18.03378623727947,-34.92898165866921,0.0,0.0,77.77185999999999
movi_f,kitti2015|catspp|False|True,kitti2015,catspp|False|True,83.9623,-18.03378623727947,-34.33481184409936,0.0,0.0,78.68729
movi_f,kitti2015|catspp|True|False,kitti2015,catspp|True|False,94.1351,-18.03378623727947,-5.414002212804176,0.0,0.0,95.249725
movi_f,kitti2015|catspp|True|True,kitti2015,catspp|True|True,94.8194,-18.03378623727947,-5.269723760472134,0.0,0.0,94.84918
movi_f,kitti2015|glunet|False|False,kitti2015,glunet|False|False,71.5137,-18.03378623727947,-35.57861429591254,0.0,0.0,83.27631
movi_f,kitti2015|glunet|False|True,kitti2015,glunet|False|True,72.591,-18.03378623727947,-33.03597740265253,0.0,0.0,79.22046
movi_f,kitti2015|glunet|True|False,kitti2015,glunet|True|False,65.3127,-18.03378623727947,-30.203360906819558,0.0,0.0,89.10472999999999
movi_f,kitti2015|glunet|True|True,kitti2015,glunet|True|True,61.7536,-18.03378623727947,-16.26578855870408,0.0,0.0,92.60407000000001
movi_f,kitti2015|raft|True|False,kitti2015,raft|True|False,70.4775,-18.03378623727947,-44.15654057137146,0.0,0.0,74.58064625
movi_f,pfpascal|catspp|False|False,pfpascal,catspp|False|False,10.5168,-13.540893027714633,-5.188061678704636,0.0,0.0,11.8883
movi_f,pfpascal|catspp|False|True,pfpascal,catspp|False|True,8.1291,-13.540893027714633,-5.592431819605152,0.0,0.0,12.281020000000002
movi_f,pfpascal|catspp|True|False,pfpascal,catspp|True|False,34.8945,-13.540893027714633,-5.693045947529104,0.0,0.0,44.474990000000005
movi_f,pfpascal|catspp|True|True,pfpascal,catspp|True|True,38.85,-13.540893027714633,-5.5032967606238845,0.0,0.0,46.940215
movi_f,pfpascal|glunet|False|False,pfpascal,glunet|False|False,12.3182,-13.540893027714633,-5.66516895873274,0.0,0.0,11.71287
movi_f,pfpascal|glunet|False|True,pfpascal,glunet|False|True,12.2101,-13.540893027714633,-4.899902923465763,0.0,0.0,11.56757
movi_f,pfpascal|glunet|True|False,pfpascal,glunet|True|False,12.1653,-13.540893027714633,-10.59174318009851,0.0,0.0,27.283710000000003
movi_f,pfpascal|glunet|True|True,pfpascal,glunet|True|True,11.6719,-13.540893027714633,-8.93267755615183,0.0,0.0,33.38772
movi_f,pfpascal|raft|True|False,pfpascal,raft|True|False,12.3863,-13.540893027714633,-4.660801726288874,0.0,0.0,11.66437375
movi_f,pfwillow|catspp|False|False,pfwillow,catspp|False|False,13.6778,-10.796934732608054,-4.598626602415607,0.0,0.0,14.08444
movi_f,pfwillow|catspp|False|True,pfwillow,catspp|False|True,11.4889,-10.796934732608054,-4.7216688276915395,0.0,0.0,14.713885
movi_f,pfwillow|catspp|True|False,pfwillow,catspp|True|False,38.0889,-10.796934732608054,-4.489676968672492,0.0,0.0,47.633889999999994
movi_f,pfwillow|catspp|True|True,pfwillow,catspp|True|True,38.0222,-10.796934732608054,-4.611043673316441,0.0,0.0,49.82555
movi_f,pfwillow|glunet|False|False,pfwillow,glunet|False|False,13.8,-10.796934732608054,-4.4804496778793075,0.0,0.0,15.64709
movi_f,pfwillow|glunet|False|True,pfwillow,glunet|False|True,14.6333,-10.796934732608054,-4.355983896171053,0.0,0.0,13.94238
movi_f,pfwillow|glunet|True|False,pfwillow,glunet|True|False,11.9333,-10.796934732608054,-9.727240670785395,0.0,0.0,30.87876
movi_f,pfwillow|glunet|True|True,pfwillow,glunet|True|True,14.3062,-10.796934732608054,-8.498401326398763,0.0,0.0,36.08919
movi_f,pfwillow|raft|True|False,pfwillow,raft|True|False,13.8111,-10.796934732608054,-4.120429178544099,0.0,0.0,14.97093625
movi_f,pointodyssey|catspp|False|False,pointodyssey,catspp|False|False,84.7224,3.085570570154586,-7.3312481058981875,0.0,0.0,40.624375
movi_f,pointodyssey|catspp|False|True,pointodyssey,catspp|False|True,84.993,3.085570570154586,-9.29567037293684,0.0,0.0,47.6134
movi_f,pointodyssey|catspp|True|False,pointodyssey,catspp|True|False,95.4377,3.085570570154586,-4.154016523607689,0.0,0.0,53.741189999999996
movi_f,pointodyssey|catspp|True|True,pointodyssey,catspp|True|True,95.8171,3.085570570154586,-4.171684036864685,0.0,0.0,54.11945000000001
movi_f,pointodyssey|glunet|False|False,pointodyssey,glunet|False|False,66.6921,3.085570570154586,-10.186287952431977,0.0,0.0,81.15822
movi_f,pointodyssey|glunet|False|True,pointodyssey,glunet|False|True,68.033,3.085570570154586,-9.875561036875807,0.0,0.0,75.34795
movi_f,pointodyssey|glunet|True|False,pointodyssey,glunet|True|False,62.6774,3.085570570154586,-8.606037654246908,0.0,0.0,86.67645999999999
movi_f,pointodyssey|glunet|True|True,pointodyssey,glunet|True|True,61.2703,3.085570570154586,-4.957168417220977,0.0,0.0,89.05683
movi_f,pointodyssey|raft|True|False,pointodyssey,raft|True|False,64.2839,3.085570570154586,-8.86491033375445,0.0,0.0,39.24346875
movi_f,spair|catspp|False|False,spair,catspp|False|False,3.0896,-12.68485595751177,-0.49321342399297335,0.0,0.0,3.5725949999999997
movi_f,spair|catspp|False|True,spair,catspp|False|True,2.6465,-12.68485595751177,-0.4969809105873088,0.0,0.0,3.654475
movi_f,spair|catspp|True|False,spair,catspp|True|False,14.7345,-12.68485595751177,-3.5830914207443163,0.0,0.0,21.88577
movi_f,spair|catspp|True|True,spair,catspp|True|True,18.34,-12.68485595751177,-3.932336851535701,0.0,0.0,22.88557
movi_f,spair|glunet|False|False,spair,glunet|False|False,1.9627,-12.68485595751177,-0.4928355500790227,0.0,0.0,2.9604299999999997
movi_f,spair|glunet|False|True,spair,glunet|False|True,2.0144,-12.68485595751177,-0.19549896309094802,0.0,0.0,2.6377200000000003
movi_f,spair|glunet|True|False,spair,glunet|True|False,2.3566,-12.68485595751177,-8.707296636693467,0.0,0.0,8.03953
movi_f,spair|glunet|True|True,spair,glunet|True|True,2.486,-12.68485595751177,-5.929220104838961,0.0,0.0,9.71172
movi_f,spair|raft|True|False,spair,raft|True|False,1.9948,-12.68485595751177,-0.3884292127530468,0.0,0.0,2.84419375
movi_f,synthetic|catspp|False|False,synthetic,catspp|False|False,15.2654,-8.15422040621442,-3.7540497185081407,0.0,0.0,23.51721
movi_f,synthetic|catspp|False|True,synthetic,catspp|False|True,15.8474,-8.15422040621442,-4.284355324668587,0.0,0.0,24.567425
movi_f,synthetic|catspp|True|False,synthetic,catspp|True|False,33.1069,-8.15422040621442,-4.813461135110609,0.0,0.0,49.92098
movi_f,synthetic|catspp|True|True,synthetic,catspp|True|True,39.2118,-8.15422040621442,-3.5560759010467833,0.0,0.0,48.2851
movi_f,synthetic|glunet|False|False,synthetic,glunet|False|False,6.5898,-8.15422040621442,-2.671584375620081,0.0,0.0,17.41697
movi_f,synthetic|glunet|False|True,synthetic,glunet|False|True,6.8448,-8.15422040621442,-1.191970156106239,0.0,0.0,12.85179
movi_f,synthetic|glunet|True|False,synthetic,glunet|True|False,6.5871,-8.15422040621442,-4.959169097275061,0.0,0.0,31.10197
movi_f,synthetic|glunet|True|True,synthetic,glunet|True|True,6.6584,-8.15422040621442,-3.366290920377215,0.0,0.0,28.75791
movi_f,synthetic|raft|True|False,synthetic,raft|True|False,6.1934,-8.15422040621442,-5.329431361886419,0.0,0.0,22.4843625
movi_f,tss|catspp|False|False,tss,catspp|False|False,24.3569,-11.00178469544267,-9.858887959712122,0.0,0.0,25.159395
movi_f,tss|catspp|False|True,tss,catspp|False|True,19.1092,-11.00178469544267,-10.273727692363341,0.0,0.0,26.236165
movi_f,tss|catspp|True|False,tss,catspp|True|False,58.5563,-11.00178469544267,-3.0792673181980246,0.0,0.0,64.54163
movi_f,tss|catspp|True|True,tss,catspp|True|True,55.6517,-11.00178469544267,-2.4788606002076876,0.0,0.0,65.37173
movi_f,tss|glunet|False|False,tss,glunet|False|False,17.947,-11.00178469544267,-10.734640318266168,0.0,0.0,27.04217
movi_f,tss|glunet|False|True,tss,glunet|False|True,18.6283,-11.00178469544267,-8.820692955480572,0.0,0.0,23.43803
movi_f,tss|glunet|True|False,tss,glunet|True|False,16.9644,-11.00178469544267,-15.482194564136963,0.0,0.0,51.13879
movi_f,tss|glunet|True|True,tss,glunet|True|True,19.7064,-11.00178469544267,-10.476287503803658,0.0,0.0,54.67024
movi_f,tss|raft|True|False,tss,raft|True|False,18.6637,-11.001784695442662,-8.172019526186494,0.0,0.0,21.617317500000002
pointodyssey,flyingthings|catspp|False|False,flyingthings,catspp|False|False,64.4318,-4.310867141539277,-3.0709263050465476,0.0,0.0,56.814655
pointodyssey,flyingthings|catspp|False|True,flyingthings,catspp|False|True,63.8607,-4.310867141539277,-3.047607272885343,0.0,0.0,58.01104
pointodyssey,flyingthings|catspp|True|False,flyingthings,catspp|True|False,79.6231,-4.310867141539277,-0.9264053714969864,0.0,0.0,79.9871
pointodyssey,flyingthings|catspp|True|True,flyingthings,catspp|True|True,79.22595,-4.310867141539277,-0.6763561584933088,0.0,0.0,80.16761
pointodyssey,flyingthings|glunet|False|False,flyingthings,glunet|False|False,71.1769,-4.310867141539277,-3.1605215296819797,0.0,0.0,57.65622
pointodyssey,flyingthings|glunet|False|True,flyingthings,glunet|False|True,67.784,-4.310867141539277,-2.743350217640054,0.0,0.0,50.82777
pointodyssey,flyingthings|glunet|True|False,flyingthings,glunet|True|False,77.7439,-4.310867141539277,-3.3375624750430566,0.0,0.0,64.71341
pointodyssey,flyingthings|glunet|True|True,flyingthings,glunet|True|True,76.6361,-4.310867141539277,-2.2959394710474936,0.0,0.0,66.61841
pointodyssey,flyingthings|raft|True|False,flyingthings,raft|True|False,57.27595,-4.310867141539277,-3.923556643914371,0.0,0.0,50.098105
pointodyssey,kitti2012|catspp|False|False,kitti2012,catspp|False|False,87.0735,-5.658918276842891,-3.691859999860132,0.0,0.0,75.2294
pointodyssey,kitti2012|catspp|False|True,kitti2012,catspp|False|True,86.4889,-5.658918276842891,-3.6310596607962675,0.0,0.0,77.50305
pointodyssey,kitti2012|catspp|True|False,kitti2012,catspp|True|False,96.6249,-5.658918276842891,-0.685083825823546,0.0,0.0,95.71106999999999
pointodyssey,kitti2012|catspp|True|True,kitti2012,catspp|True|True,96.1437,-5.658918276842891,-0.6427204284662754,0.0,0.0,95.62424
pointodyssey,kitti2012|glunet|False|False,kitti2012,glunet|False|False,95.5502,-5.658918276842891,-3.868456865537725,0.0,0.0,85.44341
pointodyssey,kitti2012|glunet|False|True,kitti2012,glunet|False|True,91.6607,-5.658918276842891,-3.7821117522004686,0.0,0.0,82.05635
pointodyssey,kitti2012|glunet|True|False,kitti2012,glunet|True|False,97.8728,-5.658918276842891,-3.5026968389609383,0.0,0.0,87.93485999999999
pointodyssey,kitti2012|glunet|True|True,kitti2012,glunet|True|True,97.4634,-5.658918276842891,-2.236216093641322,0.0,0.0,91.26132
pointodyssey,kitti2012|raft|True|False,kitti2012,raft|True|False,89.47625,-5.658918276842891,-4.91820590373353,0.0,0.0,75.3488875
pointodyssey,kitti2015|catspp|False|False,kitti2015,catspp|False|False,85.69685,-9.378081148464128,-10.107241833813934,0.0,0.0,77.673035
pointodyssey,kitti2015|catspp|False|True,kitti2015,catspp|False|True,85.19040000000001,-9.378081148464128,-9.934988683174563,0.0,0.0,78.56448
pointodyssey,kitti2015|catspp|True|False,kitti2015,catspp|True|False,95.30515,-9.378081148464128,-1.5756029725455492,0.0,0.0,95.13271999999999
pointodyssey,kitti2015|catspp|True|True,kitti2015,catspp|True|True,95.0862,-9.378081148464128,-1.5266146891714714,0.0,0.0,94.8225
pointodyssey,kitti2015|glunet|False|False,kitti2015,glunet|False|False,86.2536,-9.378081148464128,-10.410290710781622,0.0,0.0,81.80232
pointodyssey,kitti2015|glunet|False|True,kitti2015,glunet|False|True,83.9377,-9.378081148464128,-9.5817641472081,0.0,0.0,78.08579
pointodyssey,kitti2015|glunet|True|False,kitti2015,glunet|True|False,95.0124,-9.378081148464128,-9.228801655898682,0.0,0.0,86.13476
pointodyssey,kitti2015|glunet|True|True,kitti2015,glunet|True|True,94.9408,-9.378081148464128,-6.196598061594514,0.0,0.0,89.28535
pointodyssey,kitti2015|raft|True|False,kitti2015,raft|True|False,83.4171,-9.378081148464128,-12.736142748618553,0.0,0.0,73.28668625
pointodyssey,pfpascal|catspp|False|False,pfpascal,catspp|False|False,12.26865,-2.1662649052436858,0.6593016016435792,0.0,0.0,11.713115
pointodyssey,pfpascal|catspp|False|True,pfpascal,catspp|False|True,11.4723,-2.1662649052436858,0.7304045048591822,0.0,0.0,11.9467
pointodyssey,pfpascal|catspp|True|False,pfpascal,catspp|True|False,42.4378,-2.1662649052436858,0.8297677408904759,0.0,0.0,43.720659999999995
pointodyssey,pfpascal|catspp|True|True,pfpascal,catspp|True|True,45.84245,-2.1662649052436858,0.7797122262307262,0.0,0.0,46.24097
pointodyssey,pfpascal|glunet|False|False,pfpascal,glunet|False|False,18.1731,-2.1662649052436858,0.6500821630186359,0.0,0.0,11.127379999999999
pointodyssey,pfpascal|glunet|False|True,pfpascal,glunet|False|True,15.9056,-2.1662649052436858,0.586873566952624,0.0,0.0,11.19802
pointodyssey,pfpascal|glunet|True|False,pfpascal,glunet|True|False,28.6839,-2.1662649052436858,1.4864915497714162,0.0,0.0,25.631850000000004
pointodyssey,pfpascal|glunet|True|True,pfpascal,glunet|True|True,42.0709,-2.1662649052436858,1.3802292503345137,0.0,0.0,30.347820000000002
pointodyssey,pfpascal|raft|True|False,pfpascal,raft|True|False,15.79625,-2.1662649052436858,0.558558009358146,0.0,0.0,11.32337875
pointodyssey,pfwillow|catspp|False|False,pfwillow,catspp|False|False,15.5,-1.328490412931972,0.4132405464570356,0.0,0.0,13.90222
pointodyssey,pfwillow|catspp|False|True,pfwillow,catspp|False|True,14.47225,-1.328490412931972,0.4354688550427209,0.0,0.0,14.41555
pointodyssey,pfwillow|catspp|True|False,pfwillow,catspp|True|False,44.75,-1.328490412931972,0.4780859822232014,0.0,0.0,46.96778
pointodyssey,pfwillow|catspp|True|True,pfwillow,catspp|True|True,47.911100000000005,-1.328490412931972,0.5257912645891832,0.0,0.0,48.83666
pointodyssey,pfwillow|glunet|False|False,pfwillow,glunet|False|False,19.8741,-1.328490412931972,0.3859330431350999,0.0,0.0,15.039679999999999
pointodyssey,pfwillow|glunet|False|True,pfwillow,glunet|False|True,18.0556,-1.328490412931972,0.3747087542747754,0.0,0.0,13.60015
pointodyssey,pfwillow|glunet|True|False,pfwillow,glunet|True|False,36.5889,-1.328490412931972,0.9946080360669317,0.0,0.0,28.4132
pointodyssey,pfwillow|glunet|True|True,pfwillow,glunet|True|True,44.3778,-1.328490412931972,0.9204778740608154,0.0,0.0,33.082029999999996
pointodyssey,pfwillow|raft|True|False,pfwillow,raft|True|False,18.25555,-1.328490412931972,0.3594201040548304,0.0,0.0,14.526491250000001
pointodyssey,pointodyssey|catspp|False|False,pointodyssey,catspp|False|False,68.8301,-6.910089162670638,-11.162475204535237,0.0,0.0,42.213605
pointodyssey,pointodyssey|catspp|False|True,pointodyssey,catspp|False|True,80.8951,-6.910089162670638,-12.473404725460007,0.0,0.0,48.02319
pointodyssey,pointodyssey|catspp|True|False,pointodyssey,catspp|True|False,72.7112,-6.910089162670638,-8.274267862019176,0.0,0.0,56.01384
pointodyssey,pointodyssey|catspp|True|True,pointodyssey,catspp|True|True,71.0583,-6.910089162670638,-8.401231125053918,0.0,0.0,56.595330000000004
pointodyssey,pointodyssey|glunet|False|False,pointodyssey,glunet|False|False,94.4359,-6.910089162670638,-13.241974434673205,0.0,0.0,78.38383999999999
pointodyssey,pointodyssey|glunet|False|True,pointodyssey,glunet|False|True,91.0918,-6.910089162670638,-12.599314886376183,0.0,0.0,73.04207
pointodyssey,pointodyssey|glunet|True|False,pointodyssey,glunet|True|False,96.5284,-6.910089162670638,-11.69696632587476,0.0,0.0,83.29136
pointodyssey,pointodyssey|glunet|True|True,pointodyssey,glunet|True|True,96.2978,-6.910089162670638,-7.708259323974716,0.0,0.0,85.55408
pointodyssey,pointodyssey|raft|True|False,pointodyssey,raft|True|False,58.56285,-6.910089162670638,-11.88137994930862,0.0,0.0,39.81557375
pointodyssey,spair|catspp|False|False,spair,catspp|False|False,3.1626,-9.977207838235074,-0.16139806856232752,0.0,0.0,3.565295
pointodyssey,spair|catspp|False|True,spair,catspp|False|True,3.32435,-9.977207838235074,-0.20092957168268888,0.0,0.0,3.58669
pointodyssey,spair|catspp|True|False,spair,catspp|True|False,20.8771,-9.977207838235074,-1.4582259055502675,0.0,0.0,21.27151
pointodyssey,spair|catspp|True|True,spair,catspp|True|True,22.5766,-9.977207838235074,-1.3829426781251712,0.0,0.0,22.46191
pointodyssey,spair|glunet|False|False,spair,glunet|False|False,3.2579,-9.977207838235074,-0.1944717616611688,0.0,0.0,2.8309100000000003
pointodyssey,spair|glunet|False|True,spair,glunet|False|True,2.6984,-9.977207838235074,-0.09915936121819735,0.0,0.0,2.5693200000000003
pointodyssey,spair|glunet|True|False,spair,glunet|True|False,5.1968,-9.977207838235074,-2.8593424886367025,0.0,0.0,7.755510000000001
pointodyssey,spair|glunet|True|True,spair,glunet|True|True,8.153,-9.977207838235074,-2.101489390720145,0.0,0.0,9.145019999999999
pointodyssey,spair|raft|True|False,spair,raft|True|False,2.80045,-9.977207838235074,-0.16405517513762802,0.0,0.0,2.76362875
pointodyssey,synthetic|catspp|False|False,synthetic,catspp|False|False,17.907249999999998,-3.053786784988624,-4.753239913208381,0.0,0.0,23.253025
pointodyssey,synthetic|catspp|False|True,synthetic,catspp|False|True,17.94525,-3.053786784988624,-5.402571766063219,0.0,0.0,24.35764
pointodyssey,synthetic|catspp|True|False,synthetic,catspp|True|False,40.1523,-3.053786784988624,-6.253566033543868,0.0,0.0,49.21644
pointodyssey,synthetic|catspp|True|True,synthetic,catspp|True|True,39.8872,-3.053786784988624,-4.4662163578026055,0.0,0.0,48.217560000000006
pointodyssey,synthetic|glunet|False|False,synthetic,glunet|False|False,14.6555,-3.053786784988624,-3.576902272257023,0.0,0.0,16.6104
pointodyssey,synthetic|glunet|False|True,synthetic,glunet|False|True,13.3788,-3.053786784988624,-1.6499206692526542,0.0,0.0,12.19839
pointodyssey,synthetic|glunet|True|False,synthetic,glunet|True|False,25.8011,-3.053786784988624,-6.852938892866714,0.0,0.0,29.18057
pointodyssey,synthetic|glunet|True|True,synthetic,glunet|True|True,25.2246,-3.053786784988624,-4.973486891215885,0.0,0.0,26.90129
pointodyssey,synthetic|raft|True|False,synthetic,raft|True|False,11.985,-3.053786784988624,-6.840969248359621,0.0,0.0,21.9052025
pointodyssey,tss|catspp|False|False,tss,catspp|False|False,27.7243,-1.686328343753133,1.5531227745653318,0.0,0.0,24.822655
pointodyssey,tss|catspp|False|True,tss,catspp|False|True,26.72155,-1.686328343753133,1.6599658452314907,0.0,0.0,25.47493
pointodyssey,tss|catspp|True|False,tss,catspp|True|False,62.2398,-1.686328343753133,0.5592564259410228,0.0,0.0,64.17328
pointodyssey,tss|catspp|True|True,tss,catspp|True|True,62.9798,-1.686328343753133,0.6082442530758885,0.0,0.0,64.63892
pointodyssey,tss|glunet|False|False,tss,glunet|False|False,41.4764,-1.686328343753133,1.553070030689213,0.0,0.0,24.689230000000002
pointodyssey,tss|glunet|False|True,tss,glunet|False|True,33.6273,-1.686328343753133,1.2953473456891604,0.0,0.0,21.93813
pointodyssey,tss|glunet|True|False,tss,glunet|True|False,61.47,-1.686328343753133,2.869269987708598,0.0,0.0,46.68823
pointodyssey,tss|glunet|True|True,tss,glunet|True|True,62.9502,-1.686328343753133,2.291858748251336,0.0,0.0,50.34586
pointodyssey,tss|raft|True|False,tss,raft|True|False,27.3016,-1.6863283437531293,1.2607180502263433,0.0,0.0,20.7535275
sintel,flyingthings|catspp|False|False,flyingthings,catspp|False|False,70.7445,-11.537434178651738,-16.866637179199323,0.0,0.0,56.183385
sintel,flyingthings|catspp|False|True,flyingthings,catspp|False|True,69.0867,-11.537434178651738,-16.844968496405823,0.0,0.0,57.488440000000004
sintel,flyingthings|catspp|True|False,flyingthings,catspp|True|False,82.138,-11.537434178651738,-5.145089494140595,0.0,0.0,79.73561
sintel,flyingthings|catspp|True|True,flyingthings,catspp|True|True,82.249,-11.537434178651738,-3.739754989333157,0.0,0.0,79.865305
sintel,flyingthings|glunet|False|False,flyingthings,glunet|False|False,64.4604,-11.537434178651738,-17.965861907916285,0.0,0.0,58.32787
sintel,flyingthings|glunet|False|True,flyingthings,glunet|False|True,61.0606,-11.537434178651738,-15.78667264804121,0.0,0.0,51.50011000000001
sintel,flyingthings|glunet|True|False,flyingthings,glunet|True|False,70.575,-11.537434178651738,-18.938119936893756,0.0,0.0,65.4303
sintel,flyingthings|glunet|True|True,flyingthings,glunet|True|True,69.7732,-11.537434178651738,-13.09809016023422,0.0,0.0,67.3047
sintel,flyingthings|raft|True|False,flyingthings,raft|True|False,63.2297,-11.537434178651738,-21.733580102288975,0.0,0.0,49.50273
sintel,kitti2012|catspp|False|False,kitti2012,catspp|False|False,91.745,-5.884491495086448,-9.268719033923007,0.0,0.0,74.76225
sintel,kitti2012|catspp|False|True,kitti2012,catspp|False|True,92.0926,-5.884491495086448,-9.111815396560859,0.0,0.0,76.94268
sintel,kitti2012|catspp|True|False,kitti2012,catspp|True|False,98.205,-5.884491495086448,-1.715437971978496,0.0,0.0,95.55306
sintel,kitti2012|catspp|True|True,kitti2012,catspp|True|True,98.1215,-5.884491495086448,-1.6025774490075588,0.0,0.0,95.42645999999999
sintel,kitti2012|glunet|False|False,kitti2012,glunet|False|False,96.5983,-5.884491495086448,-9.812181895711204,0.0,0.0,85.3386
sintel,kitti2012|glunet|False|True,kitti2012,glunet|False|True,94.6197,-5.884491495086448,-9.556512543313923,0.0,0.0,81.76045
sintel,kitti2012|glunet|True|False,kitti2012,glunet|True|False,98.4939,-5.884491495086448,-8.889346344985485,0.0,0.0,87.87275
sintel,kitti2012|glunet|True|True,kitti2012,glunet|True|True,98.9758,-5.884491495086448,-5.653098044246345,0.0,0.0,91.11008
sintel,kitti2012|raft|True|False,kitti2012,raft|True|False,94.0246,-5.884491495086448,-12.402772037677774,0.0,0.0,74.8940525
sintel,kitti2015|catspp|False|False,kitti2015,catspp|False|False,89.5554,-5.141976524198949,-7.856690718917596,0.0,0.0,77.28718
sintel,kitti2015|catspp|False|True,kitti2015,catspp|False|True,89.3623,-5.141976524198949,-7.723731152694608,0.0,0.0,78.14729
sintel,kitti2015|catspp|True|False,kitti2015,catspp|True|False,96.8068,-5.141976524198949,-1.2194473127440302,0.0,0.0,94.982555
sintel,kitti2015|catspp|True|True,kitti2015,catspp|True|True,96.3826,-5.141976524198949,-1.182949842998907,0.0,0.0,94.69286
sintel,kitti2015|glunet|False|False,kitti2015,glunet|False|False,90.0772,-5.141976524198949,-8.116384958806243,0.0,0.0,81.41996
sintel,kitti2015|glunet|False|True,kitti2015,glunet|False|True,84.862,-5.141976524198949,-7.494777620601287,0.0,0.0,77.99336000000001
sintel,kitti2015|glunet|True|False,kitti2015,glunet|True|False,95.0838,-5.141976524198949,-7.226609804835289,0.0,0.0,86.12762000000001
sintel,kitti2015|glunet|True|True,kitti2015,glunet|True|True,96.2638,-5.141976524198949,-4.832246013114942,0.0,0.0,89.15305
sintel,kitti2015|raft|True|False,kitti2015,raft|True|False,84.9165,-5.141976524198949,-9.954907997689475,0.0,0.0,73.13674625
sintel,pfpascal|catspp|False|False,pfpascal,catspp|False|False,15.8031,-7.340809519366403,-2.000746771288988,0.0,0.0,11.35967
sintel,pfpascal|catspp|False|True,pfpascal,catspp|False|True,15.5569,-7.340809519366403,-2.249896659094543,0.0,0.0,11.538239999999998
sintel,pfpascal|catspp|True|False,pfpascal,catspp|True|False,48.9548,-7.340809519366403,-2.509777895147158,0.0,0.0,43.06896
sintel,pfpascal|catspp|True|True,pfpascal,catspp|True|True,45.1843,-7.340809519366403,-2.467599934587867,0.0,0.0,46.306785000000005
sintel,pfpascal|glunet|False|False,pfpascal,glunet|False|False,10.3086,-7.340809519366403,-2.2653923920252717,0.0,0.0,11.913829999999999
sintel,pfpascal|glunet|False|True,pfpascal,glunet|False|True,12.3527,-7.340809519366403,-1.9662134600826933,0.0,0.0,11.55331
sintel,pfpascal|glunet|True|False,pfpascal,glunet|True|False,21.5232,-7.340809519366403,-4.684438025331991,0.0,0.0,26.34792
sintel,pfpascal|glunet|True|True,pfpascal,glunet|True|True,25.0318,-7.340809519366403,-4.560974486916575,0.0,0.0,32.051730000000006
sintel,pfpascal|raft|True|False,pfpascal,raft|True|False,13.923,-7.340809519366403,-1.8444885429832558,0.0,0.0,11.510703750000001
sintel,pfwillow|catspp|False|False,pfwillow,catspp|False|False,17.9333,-5.46684517987483,-1.5749472802348825,0.0,0.0,13.65889
sintel,pfwillow|catspp|False|True,pfwillow,catspp|False|True,18.5333,-5.46684517987483,-1.6491214488719632,0.0,0.0,14.009445
sintel,pfwillow|catspp|True|False,pfwillow,catspp|True|False,50.7444,-5.46684517987483,-1.8436191616088482,0.0,0.0,46.36834
sintel,pfwillow|catspp|True|True,pfwillow,catspp|True|True,49.6444,-5.46684517987483,-2.0759296718667057,0.0,0.0,48.66333
sintel,pfwillow|glunet|False|False,pfwillow,glunet|False|False,14.7707,-5.46684517987483,-1.6082426596694392,0.0,0.0,15.55002
sintel,pfwillow|glunet|False|True,pfwillow,glunet|False|True,15.0111,-5.46684517987483,-1.5509144674660982,0.0,0.0,13.904599999999999
sintel,pfwillow|glunet|True|False,pfwillow,glunet|True|False,21.9778,-5.46684517987483,-3.934091018791715,0.0,0.0,29.874309999999998
sintel,pfwillow|glunet|True|True,pfwillow,glunet|True|True,27.2457,-5.46684517987483,-3.7456818324175525,0.0,0.0,34.79524
sintel,pfwillow|raft|True|False,pfwillow,raft|True|False,16.4025,-5.46684517987483,-1.4637038142037726,0.0,0.0,14.71179625
sintel,pointodyssey|catspp|False|False,pointodyssey,catspp|False|False,47.6015,-7.129647216268153,-10.939139976276978,0.0,0.0,44.336465
sintel,pointodyssey|catspp|False|True,pointodyssey,catspp|False|True,43.8201,-7.129647216268153,-12.357284366002972,0.0,0.0,51.73069
sintel,pointodyssey|catspp|True|False,pointodyssey,catspp|True|False,58.6808,-7.129647216268153,-7.960939803618749,0.0,0.0,57.416880000000006
sintel,pointodyssey|catspp|True|True,pointodyssey,catspp|True|True,73.2754,-7.129647216268153,-7.565415561882373,0.0,0.0,56.37362
sintel,pointodyssey|glunet|False|False,pointodyssey,glunet|False|False,85.9719,-7.129647216268153,-12.2959494675907,0.0,0.0,79.23024000000001
sintel,pointodyssey|glunet|False|True,pointodyssey,glunet|False|True,84.5038,-7.129647216268153,-11.715408973415162,0.0,0.0,73.70087
sintel,pointodyssey|glunet|True|False,pointodyssey,glunet|True|False,90.0851,-7.129647216268153,-10.83226870434485,0.0,0.0,83.93569
sintel,pointodyssey|glunet|True|True,pointodyssey,glunet|True|True,90.6576,-7.129647216268153,-7.193269502817001,0.0,0.0,86.1181
sintel,pointodyssey|raft|True|False,pointodyssey,raft|True|False,74.9348,-7.129647216268153,-9.77470298322633,0.0,0.0,38.17837875
sintel,spair|catspp|False|False,spair,catspp|False|False,3.7321,-5.209472351069922,-0.170249026591962,0.0,0.0,3.508345
sintel,spair|catspp|False|True,spair,catspp|False|True,3.9026,-5.209472351069922,-0.20216045366804125,0.0,0.0,3.5288649999999997
sintel,spair|catspp|True|False,spair,catspp|True|False,22.5826,-5.209472351069922,-1.47668509258646,0.0,0.0,21.10096
sintel,spair|catspp|True|True,spair,catspp|True|True,17.4154,-5.209472351069922,-1.2161821382362685,0.0,0.0,22.97803
sintel,spair|glunet|False|False,spair,glunet|False|False,2.3266,-5.209472351069922,-0.1910243893741618,0.0,0.0,2.92404
sintel,spair|glunet|False|True,spair,glunet|False|True,2.4731,-5.209472351069922,-0.10139926882480833,0.0,0.0,2.59185
sintel,spair|glunet|True|False,spair,glunet|True|False,3.778,-5.209472351069922,-2.888145608619611,0.0,0.0,7.89739
sintel,spair|glunet|True|True,spair,glunet|True|True,5.0597,-5.209472351069922,-2.0724942260671937,0.0,0.0,9.45435
sintel,spair|raft|True|False,spair,raft|True|False,2.3576,-5.209472351069922,-0.15712936052864185,0.0,0.0,2.80791375
sintel,synthetic|catspp|False|False,synthetic,catspp|False|False,22.7542,-20.668636761014763,-17.327694282078355,0.0,0.0,22.76833
sintel,synthetic|catspp|False|True,synthetic,catspp|False|True,20.3562,-20.668636761014763,-19.647076038893896,0.0,0.0,24.116545000000002
sintel,synthetic|catspp|True|False,synthetic,catspp|True|False,40.9952,-20.668636761014763,-22.657773785704595,0.0,0.0,49.13215
sintel,synthetic|catspp|True|True,synthetic,catspp|True|True,39.1069,-20.668636761014763,-16.046072366426223,0.0,0.0,48.29559
sintel,synthetic|glunet|False|False,synthetic,glunet|False|False,10.5186,-20.668636761014763,-12.637124962802929,0.0,0.0,17.02409
sintel,synthetic|glunet|False|True,synthetic,glunet|False|True,10.7744,-20.668636761014763,-5.937462759298148,0.0,0.0,12.45883
sintel,synthetic|glunet|True|False,synthetic,glunet|True|False,21.7318,-20.668636761014763,-24.563829487577564,0.0,0.0,29.5875
sintel,synthetic|glunet|True|True,synthetic,glunet|True|True,20.8004,-20.668636761014763,-17.75533174947417,0.0,0.0,27.343709999999998
sintel,synthetic|raft|True|False,synthetic,raft|True|False,10.7984,-20.668636761014763,-24.607495374808206,0.0,0.0,22.0238625
sintel,tss|catspp|False|False,tss,catspp|False|False,32.9288,-4.906592867195607,-2.4593482521422643,0.0,0.0,24.302205
sintel,tss|catspp|False|True,tss,catspp|False|True,35.3243,-4.906592867195607,-2.5827446302236954,0.0,0.0,24.614655
sintel,tss|catspp|True|False,tss,catspp|True|False,65.8113,-4.906592867195607,-0.9147678470273821,0.0,0.0,63.81613
sintel,tss|catspp|True|True,tss,catspp|True|True,64.5396,-4.906592867195607,-1.0044947999760403,0.0,0.0,64.48294
sintel,tss|glunet|False|False,tss,glunet|False|False,23.8706,-4.906592867195607,-2.8643161523695295,0.0,0.0,26.449810000000003
sintel,tss|glunet|False|True,tss,glunet|False|True,22.0866,-4.906592867195607,-2.314023607138959,0.0,0.0,23.0922
sintel,tss|glunet|True|False,tss,glunet|True|False,40.9775,-4.906592867195607,-4.802826838459292,0.0,0.0,48.73748
sintel,tss|glunet|True|True,tss,glunet|True|True,43.3458,-4.906592867195607,-3.8178019242761367,0.0,0.0,52.3063
sintel,tss|raft|True|False,tss,raft|True|False,24.4577,-4.90659286719561,-2.111230944029732,0.0,0.0,21.0379175
spair,flyingthings|catspp|False|False,flyingthings,catspp|False|False,3.3861,1.757862908631218,1.8508202954439368,0.0,0.0,62.919225000000004
spair,flyingthings|catspp|False|True,flyingthings,catspp|False|True,3.963,1.757862908631218,1.6597483458872326,0.0,0.0,64.00081
spair,flyingthings|catspp|True|False,flyingthings,catspp|True|False,63.3569,1.757862908631218,0.48964525917921103,0.0,0.0,81.61372
spair,flyingthings|catspp|True|True,flyingthings,catspp|True|True,68.3472,1.757862908631218,0.4259120016442359,0.0,0.0,81.255485
spair,flyingthings|glunet|False|False,flyingthings,glunet|False|False,4.0965,1.757862908631218,2.1743483788775726,0.0,0.0,64.36426
spair,flyingthings|glunet|False|True,flyingthings,glunet|False|True,3.3265,1.757862908631218,1.8585250014782908,0.0,0.0,57.27352
spair,flyingthings|glunet|True|False,flyingthings,glunet|True|False,66.6096,1.757862908631218,4.840419242464889,0.0,0.0,65.82684
spair,flyingthings|glunet|True|True,flyingthings,glunet|True|True,39.6279,1.757862908631218,2.6306118713316184,0.0,0.0,70.31923
spair,flyingthings|raft|True|False,flyingthings,raft|True|False,3.4438,1.757862908631218,4.39448344946014,0.0,0.0,55.481320000000004
spair,kitti2012|catspp|False|False,kitti2012,catspp|False|False,10.184,9.716560035425719,7.71365316317757,0.0,0.0,82.91835
spair,kitti2012|catspp|False|True,kitti2012,catspp|False|True,11.8574,9.716560035425719,6.463170077780413,0.0,0.0,84.9662
spair,kitti2012|catspp|True|False,kitti2012,catspp|True|False,83.7234,9.716560035425719,1.4675202618125547,0.0,0.0,97.00122
spair,kitti2012|catspp|True|True,kitti2012,catspp|True|True,84.0079,9.716560035425719,1.1584742297867505,0.0,0.0,96.83782
spair,kitti2012|glunet|False|False,kitti2012,glunet|False|False,12.4578,9.716560035425719,4.206165432427284,0.0,0.0,93.75265
spair,kitti2012|glunet|False|True,kitti2012,glunet|False|True,11.0648,9.716560035425719,4.51802215350953,0.0,0.0,90.11594
spair,kitti2012|glunet|True|False,kitti2012,glunet|True|False,93.4583,9.716560035425719,17.797828487582,0.0,0.0,88.37631
spair,kitti2012|glunet|True|True,kitti2012,glunet|True|True,54.1912,9.716560035425719,5.814141260652493,0.0,0.0,95.58854
spair,kitti2012|raft|True|False,kitti2012,raft|True|False,12.1716,9.716560035425719,18.616838245566164,0.0,0.0,83.0793525
spair,kitti2015|catspp|False|False,kitti2015,catspp|False|False,10.8859,9.240694216916696,3.574264679973543,0.0,0.0,85.15413
spair,kitti2015|catspp|False|True,kitti2015,catspp|False|True,12.2973,9.240694216916696,2.9602499754260516,0.0,0.0,85.85379
spair,kitti2015|catspp|True|False,kitti2015,catspp|True|False,85.7568,9.240694216916696,1.1127640295009145,0.0,0.0,96.087555
spair,kitti2015|catspp|True|True,kitti2015,catspp|True|True,85.1192,9.240694216916696,0.8058278766093588,0.0,0.0,95.8192
spair,kitti2015|glunet|False|False,kitti2015,glunet|False|False,13.6098,9.240694216916696,4.181506668102002,0.0,0.0,89.0667
spair,kitti2015|glunet|False|True,kitti2015,glunet|False|True,14.6026,9.240694216916696,3.2530753158268246,0.0,0.0,85.0193
spair,kitti2015|glunet|True|False,kitti2015,glunet|True|False,91.9963,9.240694216916696,13.264177990087703,0.0,0.0,86.43637
spair,kitti2015|glunet|True|True,kitti2015,glunet|True|True,61.2326,9.240694216916696,6.64508096633166,0.0,0.0,92.65617
spair,kitti2015|raft|True|False,kitti2015,raft|True|False,15.6081,9.240694216916696,13.636661613637132,0.0,0.0,80.06758625
spair,pfpascal|catspp|False|False,pfpascal,catspp|False|False,3.0238,8.10958879959478,2.6807057582776808,0.0,0.0,12.6376
spair,pfpascal|catspp|False|True,pfpascal,catspp|False|True,3.1542,8.10958879959478,3.142969602715658,0.0,0.0,12.77851
spair,pfpascal|catspp|True|False,pfpascal,catspp|True|False,38.806,8.10958879959478,4.185329596818465,0.0,0.0,44.083839999999995
spair,pfpascal|catspp|True|True,pfpascal,catspp|True|True,40.9858,8.10958879959478,3.869431350226068,0.0,0.0,46.726635
spair,pfpascal|glunet|False|False,pfpascal,glunet|False|False,4.4643,8.10958879959478,3.2882479775244566,0.0,0.0,12.498259999999998
spair,pfpascal|glunet|False|True,pfpascal,glunet|False|True,3.5234,8.10958879959478,2.54935626084289,0.0,0.0,12.436240000000002
spair,pfpascal|glunet|True|False,pfpascal,glunet|True|False,44.4728,8.10958879959478,6.295770445386404,0.0,0.0,24.052960000000002
spair,pfpascal|glunet|True|True,pfpascal,glunet|True|True,30.356,8.10958879959478,7.691387236301217,0.0,0.0,31.51931
spair,pfpascal|raft|True|False,pfpascal,raft|True|False,4.4726,8.10958879959478,2.5110482409980213,0.0,0.0,12.45574375
spair,pfwillow|catspp|False|False,pfwillow,catspp|False|False,4.8667,6.122973708760482,1.0819547099346185,0.0,0.0,14.965549999999999
spair,pfwillow|catspp|False|True,pfwillow,catspp|False|True,5.5667,6.122973708760482,1.1999714208905852,0.0,0.0,15.306104999999999
spair,pfwillow|catspp|True|False,pfwillow,catspp|True|False,44.0889,6.122973708760482,1.6522468029299593,0.0,0.0,47.03389
spair,pfwillow|catspp|True|True,pfwillow,catspp|True|True,45.7111,6.122973708760482,1.802717640249187,0.0,0.0,49.05666
spair,pfwillow|glunet|False|False,pfwillow,glunet|False|False,5.6222,6.122973708760482,0.9766733411050356,0.0,0.0,16.464869999999998
spair,pfwillow|glunet|False|True,pfwillow,glunet|False|True,5.0111,6.122973708760482,0.9979965066822383,0.0,0.0,14.904599999999999
spair,pfwillow|glunet|True|False,pfwillow,glunet|True|False,49.2827,6.122973708760482,2.8556583908140145,0.0,0.0,27.143819999999998
spair,pfwillow|glunet|True|True,pfwillow,glunet|True|True,34.1444,6.122973708760482,3.37523432502775,0.0,0.0,34.10537
spair,pfwillow|raft|True|False,pfwillow,raft|True|False,8.1389,6.122973708760482,1.0930250362799712,0.0,0.0,15.53815625
spair,pointodyssey|catspp|False|False,pointodyssey,catspp|False|False,3.4912,4.098249087211294,6.816424895290948,0.0,0.0,48.747495
spair,pointodyssey|catspp|False|True,pointodyssey,catspp|False|True,4.4014,4.098249087211294,7.730844518399052,0.0,0.0,55.67256
spair,pointodyssey|catspp|True|False,pointodyssey,catspp|True|False,54.5198,4.098249087211294,6.293340883225407,0.0,0.0,57.83298
spair,pointodyssey|catspp|True|True,pointodyssey,catspp|True|True,45.8507,4.098249087211294,6.117617796277606,0.0,0.0,59.11609
spair,pointodyssey|glunet|False|False,pointodyssey,glunet|False|False,8.5059,4.098249087211294,3.0163787836635705,0.0,0.0,86.97684000000001
spair,pointodyssey|glunet|False|True,pointodyssey,glunet|False|True,5.4396,4.098249087211294,2.5201578357915326,0.0,0.0,81.60729
spair,pointodyssey|glunet|True|False,pointodyssey,glunet|True|False,91.9268,4.098249087211294,8.553658836864805,0.0,0.0,83.75152
spair,pointodyssey|glunet|True|True,pointodyssey,glunet|True|True,55.0086,4.098249087211294,3.984317111377147,0.0,0.0,89.683
spair,pointodyssey|raft|True|False,pointodyssey,raft|True|False,9.7147,4.098249087211294,7.854208152985108,0.0,0.0,44.70038875
spair,spair|catspp|False|False,spair,catspp|False|False,3.018,3.9983817943921696,0.20047148135537993,0.0,0.0,3.579755
spair,spair|catspp|False|True,spair,catspp|False|True,2.944,3.9983817943921696,0.2409127142962234,0.0,0.0,3.624725
spair,spair|catspp|True|False,spair,catspp|True|False,27.8596,3.9983817943921696,1.4784680999016646,0.0,0.0,20.573259999999998
spair,spair|catspp|True|True,spair,catspp|True|True,27.9373,3.9983817943921696,1.5090231407829013,0.0,0.0,21.92584
spair,spair|glunet|False|False,spair,glunet|False|False,3.0334,3.9983817943921696,0.26161373247797987,0.0,0.0,2.85336
spair,spair|glunet|False|True,spair,glunet|False|True,2.6825,3.9983817943921696,0.12981645124198998,0.0,0.0,2.57091
spair,spair|glunet|True|False,spair,glunet|True|False,26.6007,3.9983817943921696,1.4714384907068754,0.0,0.0,5.61512
spair,spair|glunet|True|True,spair,glunet|True|True,14.6684,3.9983817943921696,2.551795043687698,0.0,0.0,8.49348
spair,spair|raft|True|False,spair,raft|True|False,3.1416,3.9983817943921696,0.20310864509230675,0.0,0.0,2.7295137499999997
spair,synthetic|catspp|False|False,synthetic,catspp|False|False,4.0712,-4.278490024258058,-4.311237411875256,0.0,0.0,24.63663
spair,synthetic|catspp|False|True,synthetic,catspp|False|True,4.077,-4.278490024258058,-5.030317916010676,0.0,0.0,25.744465
spair,synthetic|catspp|True|False,synthetic,catspp|True|False,34.9252,-4.278490024258058,-6.392235556414055,0.0,0.0,49.73915
spair,synthetic|catspp|True|True,synthetic,catspp|True|True,41.0818,-4.278490024258058,-4.7200246599825055,0.0,0.0,48.0981
spair,synthetic|glunet|False|False,synthetic,glunet|False|False,3.8373,-4.278490024258058,-3.3295601854006764,0.0,0.0,17.69222
spair,synthetic|glunet|False|True,synthetic,glunet|False|True,3.9451,-4.278490024258058,-1.2927373937647324,0.0,0.0,13.14176
spair,synthetic|glunet|True|False,synthetic,glunet|True|False,35.7954,-4.278490024258058,-7.1381926955619885,0.0,0.0,28.18114
spair,synthetic|glunet|True|True,synthetic,glunet|True|True,21.6568,-4.278490024258058,-5.174289601198051,0.0,0.0,27.258069999999996
spair,synthetic|raft|True|False,synthetic,raft|True|False,4.2572,-4.278490024258058,-6.904824459221751,0.0,0.0,22.677982500000002
spair,tss|catspp|False|False,tss,catspp|False|False,5.2821,1.900454630710816,5.539308025449617,0.0,0.0,27.066875
spair,tss|catspp|False|True,tss,catspp|False|True,5.6335,1.900454630710816,6.158722080746826,0.0,0.0,27.583735
spair,tss|catspp|True|False,tss,catspp|True|False,60.1788,1.900454630710816,2.557970835628945,0.0,0.0,64.37938
spair,tss|catspp|True|True,tss,catspp|True|True,60.5773,1.900454630710816,2.78892150082284,0.0,0.0,64.87917
spair,tss|glunet|False|False,tss,glunet|False|False,5.711,1.900454630710816,6.623109714505223,0.0,0.0,28.265769999999996
spair,tss|glunet|False|True,tss,glunet|False|True,5.6742,1.900454630710816,5.169627998374302,0.0,0.0,24.73344
spair,tss|glunet|True|False,tss,glunet|True|False,65.5404,1.900454630710816,13.564845775118433,0.0,0.0,46.281189999999995
spair,tss|glunet|True|True,tss,glunet|True|True,49.9068,1.900454630710816,11.460626989677701,0.0,0.0,51.6502
spair,tss|raft|True|False,tss,raft|True|False,6.1812,1.9004546307108179,4.916033692372786,0.0,0.0,22.8655675
synthetic,flyingthings|catspp|False|False,flyingthings,catspp|False|False,58.1203,3.7722023879584152,6.95723393319313,0.0,0.0,57.44580499999999
synthetic,flyingthings|catspp|False|True,flyingthings,catspp|False|True,57.0993,3.7722023879584152,6.884003060462319,0.0,0.0,58.68718
synthetic,flyingthings|catspp|True|False,flyingthings,catspp|True|False,83.7548,3.7722023879584152,2.0373379567973955,0.0,0.0,79.57392999999999
synthetic,flyingthings|catspp|True|True,flyingthings,catspp|True|True,82.2555,3.7722023879584152,1.5040488083135288,0.0,0.0,79.864655
synthetic,flyingthings|glunet|False|False,flyingthings,glunet|False|False,69.5375,3.7722023879584152,7.148053638520674,0.0,0.0,57.82016
synthetic,flyingthings|glunet|False|True,flyingthings,glunet|False|True,56.1849,3.7722023879584152,6.414648475620891,0.0,0.0,51.98768
synthetic,flyingthings|glunet|True|False,flyingthings,glunet|True|False,72.0776,3.7722023879584152,7.602555796876639,0.0,0.0,65.28004
synthetic,flyingthings|glunet|True|True,flyingthings,glunet|True|True,78.4335,3.7722023879584152,5.118949498716973,0.0,0.0,66.43867
synthetic,flyingthings|raft|True|False,flyingthings,raft|True|False,65.58855,3.7722023879584152,8.691190065146134,0.0,0.0,49.266845
synthetic,kitti2012|catspp|False|False,kitti2012,catspp|False|False,83.2552,5.545978316747612,9.522329330452616,0.0,0.0,75.61123
synthetic,kitti2012|catspp|False|True,kitti2012,catspp|False|True,82.5049,5.545978316747612,9.350407781052951,0.0,0.0,77.90145
synthetic,kitti2012|catspp|True|False,kitti2012,catspp|True|False,98.3518,5.545978316747612,1.7262119608158397,0.0,0.0,95.53838
synthetic,kitti2012|catspp|True|True,kitti2012,catspp|True|True,97.2492,5.545978316747612,1.634910318882068,0.0,0.0,95.51369
synthetic,kitti2012|glunet|False|False,kitti2012,glunet|False|False,96.3978,5.545978316747612,9.898421539190506,0.0,0.0,85.35865
synthetic,kitti2012|glunet|False|True,kitti2012,glunet|False|True,84.216,5.545978316747612,9.758314746180437,0.0,0.0,82.80082
synthetic,kitti2012|glunet|True|False,kitti2012,glunet|True|False,97.2991,5.545978316747612,8.985246999458719,0.0,0.0,87.99222999999999
synthetic,kitti2012|glunet|True|True,kitti2012,glunet|True|True,98.2409,5.545978316747612,5.715939149350649,0.0,0.0,91.18357
synthetic,kitti2012|raft|True|False,kitti2012,raft|True|False,87.91614999999999,5.545978316747612,12.628684346584464,0.0,0.0,75.5048975
synthetic,kitti2015|catspp|False|False,kitti2015,catspp|False|False,86.5834,8.249072070265955,13.873754649862432,0.0,0.0,77.58438
synthetic,kitti2015|catspp|False|True,kitti2015,catspp|False|True,86.8286,8.249072070265955,13.623789149831275,0.0,0.0,78.40066
synthetic,kitti2015|catspp|True|False,kitti2015,catspp|True|False,97.4319,8.249072070265955,2.1171137462377927,0.0,0.0,94.92004499999999
synthetic,kitti2015|catspp|True|True,kitti2015,catspp|True|True,96.1149,8.249072070265955,2.0835943111964372,0.0,0.0,94.71963000000001
synthetic,kitti2015|glunet|False|False,kitti2015,glunet|False|False,93.5085,8.249072070265955,14.152839430721908,0.0,0.0,81.07683
synthetic,kitti2015|glunet|False|True,kitti2015,glunet|False|True,86.9497,8.249072070265955,13.108355757547324,0.0,0.0,77.78459000000001
synthetic,kitti2015|glunet|True|False,kitti2015,glunet|True|False,96.11,8.249072070265955,12.656073278125774,0.0,0.0,86.025
synthetic,kitti2015|glunet|True|True,kitti2015,glunet|True|True,97.4108,8.249072070265955,8.44327071573261,0.0,0.0,89.03835000000001
synthetic,kitti2015|raft|True|False,kitti2015,raft|True|False,89.93475000000001,8.249072070265955,17.319648083017658,0.0,0.0,72.63492125
synthetic,pfpascal|catspp|False|False,pfpascal,catspp|False|False,14.1789,4.135579417751278,2.032842605519824,0.0,0.0,11.52209
synthetic,pfpascal|catspp|False|True,pfpascal,catspp|False|True,14.3443,4.135579417751278,2.257362527976701,0.0,0.0,11.6595
synthetic,pfpascal|catspp|True|False,pfpascal,catspp|True|False,49.2406,4.135579417751278,2.4632170191381144,0.0,0.0,43.04038
synthetic,pfpascal|catspp|True|True,pfpascal,catspp|True|True,50.2518,4.135579417751278,2.3648563916721437,0.0,0.0,45.800035
synthetic,pfpascal|glunet|False|False,pfpascal,glunet|False|False,13.9864,4.135579417751278,2.2221997302012406,0.0,0.0,11.54605
synthetic,pfpascal|glunet|False|True,pfpascal,glunet|False|True,13.1695,4.135579417751278,1.9301556007986254,0.0,0.0,11.471630000000001
synthetic,pfpascal|glunet|True|False,pfpascal,glunet|True|False,30.3321,4.135579417751278,4.623053930182991,0.0,0.0,25.46703
synthetic,pfpascal|glunet|True|True,pfpascal,glunet|True|True,42.4831,4.135579417751278,4.295855036221046,0.0,0.0,30.306600000000003
synthetic,pfpascal|raft|True|False,pfpascal,raft|True|False,14.4373,4.135579417751278,1.8052172125842152,0.0,0.0,11.45927375
synthetic,pfwillow|catspp|False|False,pfwillow,catspp|False|False,15.2778,5.591916122870215,2.2614419691769796,0.0,0.0,13.924439999999999
synthetic,pfwillow|catspp|False|True,pfwillow,catspp|False|True,15.1333,5.591916122870215,2.376497433806297,0.0,0.0,14.349445
synthetic,pfwillow|catspp|True|False,pfwillow,catspp|True|False,51.6333,5.591916122870215,2.5092612368536247,0.0,0.0,46.27945
synthetic,pfwillow|catspp|True|True,pfwillow,catspp|True|True,52.2222,5.591916122870215,2.819383221661002,0.0,0.0,48.40555
synthetic,pfwillow|glunet|False|False,pfwillow,glunet|False|False,19.4667,5.591916122870215,2.1303369683795355,0.0,0.0,15.08042
synthetic,pfwillow|glunet|False|True,pfwillow,glunet|False|True,14.6222,5.591916122870215,2.149939453399604,0.0,0.0,13.94349
synthetic,pfwillow|glunet|True|False,pfwillow,glunet|True|False,29.7111,5.591916122870215,5.568555927321217,0.0,0.0,29.10098
synthetic,pfwillow|glunet|True|True,pfwillow,glunet|True|True,48.458,5.591916122870215,4.753532924641317,0.0,0.0,32.674009999999996
synthetic,pfwillow|raft|True|False,pfwillow,raft|True|False,18.722250000000003,5.591916122870215,1.9405571337349323,0.0,0.0,14.47982125
synthetic,pointodyssey|catspp|False|False,pointodyssey,catspp|False|False,38.9858,2.1877936799849413,5.189539640838541,0.0,0.0,45.198035
synthetic,pointodyssey|catspp|False|True,pointodyssey,catspp|False|True,43.2626,2.1877936799849413,5.873329222774479,0.0,0.0,51.78643999999999
synthetic,pointodyssey|catspp|True|False,pointodyssey,catspp|True|False,58.2916,2.1877936799849413,3.787173711707895,0.0,0.0,57.455799999999996
synthetic,pointodyssey|catspp|True|True,pointodyssey,catspp|True|True,51.1702,2.1877936799849413,3.7571183188511306,0.0,0.0,58.584140000000005
synthetic,pointodyssey|glunet|False|False,pointodyssey,glunet|False|False,92.0672,2.1877936799849413,5.789655360324547,0.0,0.0,78.62071
synthetic,pointodyssey|glunet|False|True,pointodyssey,glunet|False|True,80.199,2.1877936799849413,5.6085105125665775,0.0,0.0,74.13135
synthetic,pointodyssey|glunet|True|False,pointodyssey,glunet|True|False,92.7503,2.1877936799849413,5.130335145679072,0.0,0.0,83.66917
synthetic,pointodyssey|glunet|True|True,pointodyssey,glunet|True|True,96.5122,2.1877936799849413,3.34673025526869,0.0,0.0,85.53264
synthetic,pointodyssey|raft|True|False,pointodyssey,raft|True|False,34.6076,2.1877936799849413,5.3064328667690805,0.0,0.0,42.21109875
synthetic,spair|catspp|False|False,spair,catspp|False|False,4.0731,1.7087268442175794,0.028312609559968588,0.0,0.0,3.474245
synthetic,spair|catspp|False|True,spair,catspp|False|True,4.0341,1.7087268442175794,0.03606344753458377,0.0,0.0,3.515715
synthetic,spair|catspp|True|False,spair,catspp|True|False,22.4135,1.7087268442175794,0.27113170130157943,0.0,0.0,21.11787
synthetic,spair|catspp|True|True,spair,catspp|True|True,23.9909,1.7087268442175794,0.25560678749822163,0.0,0.0,22.32048
synthetic,spair|glunet|False|False,spair,glunet|False|False,3.6526,1.7087268442175794,0.03180084874359508,0.0,0.0,2.79144
synthetic,spair|glunet|False|True,spair,glunet|False|True,2.9367,1.7087268442175794,0.016369038039250133,0.0,0.0,2.54549
synthetic,spair|glunet|True|False,spair,glunet|True|False,7.559,1.7087268442175794,0.5380962431199048,0.0,0.0,7.51929
synthetic,spair|glunet|True|True,spair,glunet|True|True,15.5133,1.7087268442175794,0.3562241857777645,0.0,0.0,8.40899
synthetic,spair|raft|True|False,spair,raft|True|False,3.3421000000000003,1.7087268442175794,0.026818039738057586,0.0,0.0,2.7094637500000003
synthetic,synthetic|catspp|False|False,synthetic,catspp|False|False,22.1053,13.5555826584822,13.151589046679772,0.0,0.0,22.83322
synthetic,synthetic|catspp|False|True,synthetic,catspp|False|True,21.8997,13.5555826584822,14.950502040224743,0.0,0.0,23.962195
synthetic,synthetic|catspp|True|False,synthetic,catspp|True|False,53.8161,13.5555826584822,17.296555811274313,0.0,0.0,47.85006
synthetic,synthetic|catspp|True|True,synthetic,catspp|True|True,48.52,13.5555826584822,12.546580039102398,0.0,0.0,47.35428
synthetic,synthetic|glunet|False|False,synthetic,glunet|False|False,27.0582,13.5555826584822,9.04230836289768,0.0,0.0,15.37013
synthetic,synthetic|glunet|False|True,synthetic,glunet|False|True,16.1312,13.5555826584822,4.32394565460642,0.0,0.0,11.92315
synthetic,synthetic|glunet|True|False,synthetic,glunet|True|False,32.9391,13.5555826584822,18.768219164476374,0.0,0.0,28.466770000000004
synthetic,synthetic|glunet|True|True,synthetic,glunet|True|True,37.9779,13.5555826584822,13.027666649907522,0.0,0.0,25.62596
synthetic,synthetic|raft|True|False,synthetic,raft|True|False,25.1774,13.5555826584822,18.983284122623814,0.0,0.0,20.5859625
synthetic,tss|catspp|False|False,tss,catspp|False|False,32.3684,5.313289341438427,4.865723355104171,0.0,0.0,24.358245
synthetic,tss|catspp|False|True,tss,catspp|False|True,29.7936,5.313289341438427,5.302604289813366,0.0,0.0,25.167725
synthetic,tss|catspp|True|False,tss,catspp|True|False,66.0565,5.313289341438427,1.7923818941774323,0.0,0.0,63.791610000000006
synthetic,tss|catspp|True|True,tss,catspp|True|True,65.6689,5.313289341438427,1.9663348624733403,0.0,0.0,64.37001000000001
synthetic,tss|glunet|False|False,tss,glunet|False|False,36.1641,5.313289341438427,5.385610760333275,0.0,0.0,25.22046
synthetic,tss|glunet|False|True,tss,glunet|False|True,27.3178,5.313289341438427,4.495603079138232,0.0,0.0,22.56908
synthetic,tss|glunet|True|False,tss,glunet|True|False,52.1427,5.313289341438427,9.503051797526602,0.0,0.0,47.620960000000004
synthetic,tss|glunet|True|True,tss,glunet|True|True,64.008,5.313289341438427,7.333057558275761,0.0,0.0,50.24008
synthetic,tss|raft|True|False,tss,raft|True|False,27.3868,5.3132893414384235,4.058157860445948,0.0,0.0,20.7450075
synthetic_2d_warp,flyingthings|catspp|False|False,flyingthings,catspp|False|False,62.5568,3.7352328562980013,6.921834338009068,0.0,0.0,57.002155
synthetic_2d_warp,flyingthings|catspp|False|True,flyingthings,catspp|False|True,58.9743,3.7352328562980013,6.875180607317444,0.0,0.0,58.49968
synthetic_2d_warp,flyingthings|catspp|True|False,flyingthings,catspp|True|False,82.2203,3.7352328562980013,2.0650009819442197,0.0,0.0,79.72738000000001
synthetic_2d_warp,flyingthings|catspp|True|True,flyingthings,catspp|True|True,81.6201,3.7352328562980013,1.5123327715376065,0.0,0.0,79.92819499999999
synthetic_2d_warp,flyingthings|glunet|False|False,flyingthings,glunet|False|False,71.3364,3.7352328562980013,7.097315468073798,0.0,0.0,57.64027
synthetic_2d_warp,flyingthings|glunet|False|True,flyingthings,glunet|False|True,56.8539,3.7352328562980013,6.398794774070469,0.0,0.0,51.92078
synthetic_2d_warp,flyingthings|glunet|True|False,flyingthings,glunet|True|False,71.3152,3.7352328562980013,7.598644421949831,0.0,0.0,65.35628
synthetic_2d_warp,flyingthings|glunet|True|True,flyingthings,glunet|True|True,78.2963,3.7352328562980013,5.11494277181673,0.0,0.0,66.45239000000001
synthetic_2d_warp,flyingthings|raft|True|False,flyingthings,raft|True|False,68.432,3.7352328562980013,8.605062941419435,0.0,0.0,48.9825
synthetic_2d_warp,kitti2012|catspp|False|False,kitti2012,catspp|False|False,76.4616,7.33720199732117,12.89513590126979,0.0,0.0,76.29059
synthetic_2d_warp,kitti2012|catspp|False|True,kitti2012,catspp|False|True,77.1277,7.33720199732117,12.624197429254174,0.0,0.0,78.43917
synthetic_2d_warp,kitti2012|catspp|True|False,kitti2012,catspp|True|False,95.9663,7.33720199732117,2.3707601726196694,0.0,0.0,95.77693000000001
synthetic_2d_warp,kitti2012|catspp|True|True,kitti2012,catspp|True|True,96.3689,7.33720199732117,2.218138935527757,0.0,0.0,95.60172
synthetic_2d_warp,kitti2012|glunet|False|False,kitti2012,glunet|False|False,93.4764,7.33720199732117,13.402016420383687,0.0,0.0,85.65079
synthetic_2d_warp,kitti2012|glunet|False|True,kitti2012,glunet|False|True,91.3276,7.33720199732117,13.07069008206726,0.0,0.0,82.08966000000001
synthetic_2d_warp,kitti2012|glunet|True|False,kitti2012,glunet|True|False,91.75,7.33720199732117,12.193984963730394,0.0,0.0,88.54713999999998
synthetic_2d_warp,kitti2012|glunet|True|True,kitti2012,glunet|True|True,98.3573,7.33720199732117,7.701775484075661,0.0,0.0,91.17193
synthetic_2d_warp,kitti2012|raft|True|False,kitti2012,raft|True|False,84.6833,7.33720199732117,17.081021369037728,0.0,0.0,75.8281825
synthetic_2d_warp,kitti2015|catspp|False|False,kitti2015,catspp|False|False,83.0162,9.985349054963637,17.026546907441038,0.0,0.0,77.94109999999999
synthetic_2d_warp,kitti2015|catspp|False|True,kitti2015,catspp|False|True,79.9745,9.985349054963637,16.74495405708408,0.0,0.0,79.08606999999999
synthetic_2d_warp,kitti2015|catspp|True|False,kitti2015,catspp|True|False,95.364,9.985349054963637,2.645210209012832,0.0,0.0,95.126835
synthetic_2d_warp,kitti2015|catspp|True|True,kitti2015,catspp|True|True,95.7853,9.985349054963637,2.553542978243172,0.0,0.0,94.75259
synthetic_2d_warp,kitti2015|glunet|False|False,kitti2015,glunet|False|False,89.7925,9.985349054963637,17.40820611926913,0.0,0.0,81.44843
synthetic_2d_warp,kitti2015|glunet|False|True,kitti2015,glunet|False|True,87.0141,9.985349054963637,16.00901373941467,0.0,0.0,77.77815000000001
synthetic_2d_warp,kitti2015|glunet|True|False,kitti2015,glunet|True|False,91.6412,9.985349054963637,15.578427971960007,0.0,0.0,86.47188
synthetic_2d_warp,kitti2015|glunet|True|True,kitti2015,glunet|True|True,97.4131,9.985349054963637,10.312822751318432,0.0,0.0,89.03812
synthetic_2d_warp,kitti2015|raft|True|False,kitti2015,raft|True|False,90.2207,9.985349054963637,21.141983939099415,0.0,0.0,72.60632625
synthetic_2d_warp,pfpascal|catspp|False|False,pfpascal,catspp|False|False,10.5271,5.214191629445545,2.46438989317082,0.0,0.0,11.88727
synthetic_2d_warp,pfpascal|catspp|False|True,pfpascal,catspp|False|True,10.9336,5.214191629445545,2.7348752954994278,0.0,0.0,12.00057
synthetic_2d_warp,pfpascal|catspp|True|False,pfpascal,catspp|True|False,49.2846,5.214191629445545,2.9495538925154605,0.0,0.0,43.03598
synthetic_2d_warp,pfpascal|catspp|True|True,pfpascal,catspp|True|True,55.8613,5.214191629445545,2.3634744999775075,0.0,0.0,45.239085
synthetic_2d_warp,pfpascal|glunet|False|False,pfpascal,glunet|False|False,8.3855,5.214191629445545,2.624118863625217,0.0,0.0,12.10614
synthetic_2d_warp,pfpascal|glunet|False|True,pfpascal,glunet|False|True,13.3499,5.214191629445545,2.3092900588855496,0.0,0.0,11.45359
synthetic_2d_warp,pfpascal|glunet|True|False,pfpascal,glunet|True|False,27.963,5.214191629445545,5.584780794290178,0.0,0.0,25.70394
synthetic_2d_warp,pfpascal|glunet|True|True,pfpascal,glunet|True|True,46.4716,5.214191629445545,4.815726125362182,0.0,0.0,29.90775
synthetic_2d_warp,pfpascal|raft|True|False,pfpascal,raft|True|False,11.7703,5.214191629445545,2.2168704393139396,0.0,0.0,11.72597375
synthetic_2d_warp,pfwillow|catspp|False|False,pfwillow,catspp|False|False,11.9667,7.290705540295506,2.739862926232662,0.0,0.0,14.25555
synthetic_2d_warp,pfwillow|catspp|False|True,pfwillow,catspp|False|True,13.4667,7.290705540295506,2.898017483558964,0.0,0.0,14.516105
synthetic_2d_warp,pfwillow|catspp|True|False,pfwillow,catspp|True|False,52.3889,7.290705540295506,3.010609628366221,0.0,0.0,46.20389
synthetic_2d_warp,pfwillow|catspp|True|True,pfwillow,catspp|True|True,57.2889,7.290705540295506,3.0672765121339873,0.0,0.0,47.898880000000005
synthetic_2d_warp,pfwillow|glunet|False|False,pfwillow,glunet|False|False,16.7914,7.290705540295506,2.707256935261245,0.0,0.0,15.34795
synthetic_2d_warp,pfwillow|glunet|False|True,pfwillow,glunet|False|True,16.6778,7.290705540295506,2.5721647951478266,0.0,0.0,13.73793
synthetic_2d_warp,pfwillow|glunet|True|False,pfwillow,glunet|True|False,29.116,7.290705540295506,6.797978670566819,0.0,0.0,29.16049
synthetic_2d_warp,pfwillow|glunet|True|True,pfwillow,glunet|True|True,48.3864,7.290705540295506,5.8093119972617,0.0,0.0,32.681169999999995
synthetic_2d_warp,pfwillow|raft|True|False,pfwillow,raft|True|False,14.7593,7.290705540295506,2.4911021274774794,0.0,0.0,14.87611625
synthetic_2d_warp,pointodyssey|catspp|False|False,pointodyssey,catspp|False|False,51.6048,2.7026794452658307,6.290501141348959,0.0,0.0,43.936135
synthetic_2d_warp,pointodyssey|catspp|False|True,pointodyssey,catspp|False|True,65.9417,2.7026794452658307,7.029085464913681,0.0,0.0,49.51853
synthetic_2d_warp,pointodyssey|catspp|True|False,pointodyssey,catspp|True|False,53.0839,2.7026794452658307,4.5804750583483465,0.0,0.0,57.97657
synthetic_2d_warp,pointodyssey|catspp|True|True,pointodyssey,catspp|True|True,50.3469,2.7026794452658307,4.551198487611315,0.0,0.0,58.666470000000004
synthetic_2d_warp,pointodyssey|glunet|False|False,pointodyssey,glunet|False|False,92.1122,2.7026794452658307,7.030587755875626,0.0,0.0,78.61621
synthetic_2d_warp,pointodyssey|glunet|False|True,pointodyssey,glunet|False|True,81.446,2.7026794452658307,6.801146760509015,0.0,0.0,74.00665000000001
synthetic_2d_warp,pointodyssey|glunet|True|False,pointodyssey,glunet|True|False,92.0552,2.7026794452658307,6.238538722697145,0.0,0.0,83.73868
synthetic_2d_warp,pointodyssey|glunet|True|True,pointodyssey,glunet|True|True,96.0115,2.7026794452658307,4.075273316428503,0.0,0.0,85.58270999999999
synthetic_2d_warp,pointodyssey|raft|True|False,pointodyssey,raft|True|False,38.923,2.7026794452658307,6.473123138954851,0.0,0.0,41.77955875
synthetic_2d_warp,spair|catspp|False|False,spair,catspp|False|False,3.1293,4.236550142573401,0.11136702631996237,0.0,0.0,3.568625
synthetic_2d_warp,spair|catspp|False|True,spair,catspp|False|True,3.183,4.236550142573401,0.13702091195472793,0.0,0.0,3.6008250000000004
synthetic_2d_warp,spair|catspp|True|False,spair,catspp|True|False,22.7753,4.236550142573401,1.005448606408819,0.0,0.0,21.081690000000002
synthetic_2d_warp,spair|catspp|True|True,spair,catspp|True|True,25.8691,4.236550142573401,0.9057447507176247,0.0,0.0,22.132659999999998
synthetic_2d_warp,spair|glunet|False|False,spair,glunet|False|False,2.6434,4.236550142573401,0.13885816323934766,0.0,0.0,2.89236
synthetic_2d_warp,spair|glunet|False|True,spair,glunet|False|True,2.5156,4.236550142573401,0.06971386965009303,0.0,0.0,2.5876
synthetic_2d_warp,spair|glunet|True|False,spair,glunet|True|False,6.63,4.236550142573401,2.0026341681865047,0.0,0.0,7.61219
synthetic_2d_warp,spair|glunet|True|True,spair,glunet|True|True,15.6163,4.236550142573401,1.3222593220021883,0.0,0.0,8.39869
synthetic_2d_warp,spair|raft|True|False,spair,raft|True|False,3.0927,4.236550142573401,0.10990703204469016,0.0,0.0,2.73440375
synthetic_2d_warp,synthetic|catspp|False|False,synthetic,catspp|False|False,20.1312,7.887963030018107,7.978109601735239,0.0,0.0,23.03063
synthetic_2d_warp,synthetic|catspp|False|True,synthetic,catspp|False|True,18.8784,7.887963030018107,9.036972192808888,0.0,0.0,24.264325000000003
synthetic_2d_warp,synthetic|catspp|True|False,synthetic,catspp|True|False,44.6253,7.887963030018107,10.553857283790833,0.0,0.0,48.76914
synthetic_2d_warp,synthetic|catspp|True|True,synthetic,catspp|True|True,43.3481,7.887963030018107,7.57946971249398,0.0,0.0,47.87147
synthetic_2d_warp,synthetic|glunet|False|False,synthetic,glunet|False|False,23.9947,7.887963030018107,5.740436706755524,0.0,0.0,15.676480000000002
synthetic_2d_warp,synthetic|glunet|False|True,synthetic,glunet|False|True,12.7059,7.887963030018107,2.7603608906587866,0.0,0.0,12.26568
synthetic_2d_warp,synthetic|glunet|True|False,synthetic,glunet|True|False,29.4639,7.887963030018107,11.448113011143326,0.0,0.0,28.81429
synthetic_2d_warp,synthetic|glunet|True|True,synthetic,glunet|True|True,37.0372,7.887963030018107,7.984580780176622,0.0,0.0,25.72003
synthetic_2d_warp,synthetic|raft|True|False,synthetic,raft|True|False,21.9875,7.887963030018107,11.579085421816012,0.0,0.0,20.9049525
synthetic_2d_warp,tss|catspp|False|False,tss,catspp|False|False,20.8428,7.467424972694593,6.539052239912272,0.0,0.0,25.510804999999998
synthetic_2d_warp,tss|catspp|False|True,tss,catspp|False|True,20.0086,7.467424972694593,6.9254442770000155,0.0,0.0,26.146224999999998
synthetic_2d_warp,tss|catspp|True|False,tss,catspp|True|False,65.697,7.467424972694593,2.3723319604841597,0.0,0.0,63.82755999999999
synthetic_2d_warp,tss|catspp|True|True,tss,catspp|True|True,67.8214,7.467424972694593,2.4883839534203065,0.0,0.0,64.15476
synthetic_2d_warp,tss|glunet|False|False,tss,glunet|False|False,23.6203,7.467424972694593,7.410364597281713,0.0,0.0,26.47484
synthetic_2d_warp,tss|glunet|False|True,tss,glunet|False|True,26.4422,7.467424972694593,5.94286274079188,0.0,0.0,22.65664
synthetic_2d_warp,tss|glunet|True|False,tss,glunet|True|False,50.8272,7.467424972694593,12.518885743532898,0.0,0.0,47.75251
synthetic_2d_warp,tss|glunet|True|True,tss,glunet|True|True,66.2204,7.467424972694593,9.484394301752733,0.0,0.0,50.01884
synthetic_2d_warp,tss|raft|True|False,tss,raft|True|False,22.1823,7.467424972694593,5.50708384870617,0.0,0.0,21.2654575
synthetic_large_zoom,flyingthings|catspp|False|False,flyingthings,catspp|False|False,67.1619,3.337828974077423,6.383246938036196,0.0,0.0,56.541645
synthetic_large_zoom,flyingthings|catspp|False|True,flyingthings,catspp|False|True,72.1858,3.337828974077423,6.228662401040642,0.0,0.0,57.17853
synthetic_large_zoom,flyingthings|catspp|True|False,flyingthings,catspp|True|False,81.8483,3.337828974077423,1.9275880232992029,0.0,0.0,79.76458
synthetic_large_zoom,flyingthings|catspp|True|True,flyingthings,catspp|True|True,82.1343,3.337828974077423,1.400495653740518,0.0,0.0,79.876775
synthetic_large_zoom,flyingthings|glunet|False|False,flyingthings,glunet|False|False,62.2616,3.337828974077423,6.735452595260699,0.0,0.0,58.54774999999999
synthetic_large_zoom,flyingthings|glunet|False|True,flyingthings,glunet|False|True,57.5697,3.337828974077423,5.951484416875556,0.0,0.0,51.849199999999996
synthetic_large_zoom,flyingthings|glunet|True|False,flyingthings,glunet|True|False,72.5692,3.337828974077423,7.062974835404395,0.0,0.0,65.23088
synthetic_large_zoom,flyingthings|glunet|True|True,flyingthings,glunet|True|True,62.7767,3.337828974077423,4.876827657389212,0.0,0.0,68.00435
synthetic_large_zoom,flyingthings|raft|True|False,flyingthings,raft|True|False,59.3757,3.337828974077423,8.185833413831965,0.0,0.0,49.888130000000004
synthetic_large_zoom,kitti2012|catspp|False|False,kitti2012,catspp|False|False,88.0451,5.497336307285863,9.178427421123452,0.0,0.0,75.13224
synthetic_large_zoom,kitti2012|catspp|False|True,kitti2012,catspp|False|True,94.8248,5.497336307285863,8.857309256652838,0.0,0.0,76.66946
synthetic_large_zoom,kitti2012|catspp|True|False,kitti2012,catspp|True|False,98.7949,5.497336307285863,1.6662373649135105,0.0,0.0,95.49407
synthetic_large_zoom,kitti2012|catspp|True|True,kitti2012,catspp|True|True,98.6413,5.497336307285863,1.5564488407058228,0.0,0.0,95.37448
synthetic_large_zoom,kitti2012|glunet|False|False,kitti2012,glunet|False|False,97.9959,5.497336307285863,9.59439201124515,0.0,0.0,85.19883999999999
synthetic_large_zoom,kitti2012|glunet|False|True,kitti2012,glunet|False|True,97.0676,5.497336307285863,9.31417524419314,0.0,0.0,81.51566
synthetic_large_zoom,kitti2012|glunet|True|False,kitti2012,glunet|True|False,99.1724,5.497336307285863,8.702952041515823,0.0,0.0,87.8049
synthetic_large_zoom,kitti2012|glunet|True|True,kitti2012,glunet|True|True,98.7654,5.497336307285863,5.54712306764749,0.0,0.0,91.13112
synthetic_large_zoom,kitti2012|raft|True|False,kitti2012,raft|True|False,98.2011,5.497336307285863,12.04989225502771,0.0,0.0,74.47640249999999
synthetic_large_zoom,kitti2015|catspp|False|False,kitti2015,catspp|False|False,90.7618,7.861117569215027,13.12946559720213,0.0,0.0,77.16654
synthetic_large_zoom,kitti2015|catspp|False|True,kitti2015,catspp|False|True,93.0548,7.861117569215027,12.819559890751227,0.0,0.0,77.77804
synthetic_large_zoom,kitti2015|catspp|True|False,kitti2015,catspp|True|False,98.0919,7.861117569215027,1.99020588288196,0.0,0.0,94.854045
synthetic_large_zoom,kitti2015|catspp|True|True,kitti2015,catspp|True|True,97.7369,7.861117569215027,1.9265535467646415,0.0,0.0,94.55743
synthetic_large_zoom,kitti2015|glunet|False|False,kitti2015,glunet|False|False,93.9536,7.861117569215027,13.501406406400855,0.0,0.0,81.03232
synthetic_large_zoom,kitti2015|glunet|False|True,kitti2015,glunet|False|True,88.1684,7.861117569215027,12.485926237575097,0.0,0.0,77.66272000000001
synthetic_large_zoom,kitti2015|glunet|True|False,kitti2015,glunet|True|False,98.0506,7.861117569215027,12.026124317097564,0.0,0.0,85.83094
synthetic_large_zoom,kitti2015|glunet|True|True,kitti2015,glunet|True|True,96.8003,7.861117569215027,8.083218129299308,0.0,0.0,89.0994
synthetic_large_zoom,kitti2015|raft|True|False,kitti2015,raft|True|False,94.1569,7.861117569215027,16.371598545860568,0.0,0.0,72.21270625
synthetic_large_zoom,pfpascal|catspp|False|False,pfpascal,catspp|False|False,16.3109,3.3599321210260173,1.6850020249713187,0.0,0.0,11.30889
synthetic_large_zoom,pfpascal|catspp|False|True,pfpascal,catspp|False|True,17.9071,3.3599321210260173,1.8182686561421348,0.0,0.0,11.30322
synthetic_large_zoom,pfpascal|catspp|True|False,pfpascal,catspp|True|False,47.5495,3.3599321210260173,2.190301632936364,0.0,0.0,43.20949
synthetic_large_zoom,pfpascal|catspp|True|True,pfpascal,catspp|True|True,50.0421,3.3599321210260173,2.049916225518605,0.0,0.0,45.821005
synthetic_large_zoom,pfpascal|glunet|False|False,pfpascal,glunet|False|False,16.1068,3.3599321210260173,1.85909922894435,0.0,0.0,11.334010000000001
synthetic_large_zoom,pfpascal|glunet|False|True,pfpascal,glunet|False|True,14.5575,3.3599321210260173,1.636547621743409,0.0,0.0,11.33283
synthetic_large_zoom,pfpascal|glunet|True|False,pfpascal,glunet|True|False,23.0618,3.3599321210260173,4.017963394151639,0.0,0.0,26.19406
synthetic_large_zoom,pfpascal|glunet|True|True,pfpascal,glunet|True|True,19.3452,3.3599321210260173,3.659737836059519,0.0,0.0,32.62039
synthetic_large_zoom,pfpascal|raft|True|False,pfpascal,raft|True|False,11.9889,3.3599321210260173,1.5977627657025049,0.0,0.0,11.704113750000001
synthetic_large_zoom,pfwillow|catspp|False|False,pfwillow,catspp|False|False,18.7222,4.196975612371409,1.6654136504477712,0.0,0.0,13.580000000000002
synthetic_large_zoom,pfwillow|catspp|False|True,pfwillow,catspp|False|True,19.8667,4.196975612371409,1.7186845047591104,0.0,0.0,13.876105
synthetic_large_zoom,pfwillow|catspp|True|False,pfwillow,catspp|True|False,51.4222,4.196975612371409,1.9637000903574704,0.0,0.0,46.300560000000004
synthetic_large_zoom,pfwillow|catspp|True|True,pfwillow,catspp|True|True,54.3556,4.196975612371409,2.1239134343614015,0.0,0.0,48.19221
synthetic_large_zoom,pfwillow|glunet|False|False,pfwillow,glunet|False|False,18.3917,4.196975612371409,1.6961121830662298,0.0,0.0,15.18792
synthetic_large_zoom,pfwillow|glunet|False|True,pfwillow,glunet|False|True,16.3506,4.196975612371409,1.6502134861632594,0.0,0.0,13.77065
synthetic_large_zoom,pfwillow|glunet|True|False,pfwillow,glunet|True|False,30.5,4.196975612371409,4.336458537978747,0.0,0.0,29.02209
synthetic_large_zoom,pfwillow|glunet|True|True,pfwillow,glunet|True|True,21.0975,4.196975612371409,3.7839078545159266,0.0,0.0,35.41006
synthetic_large_zoom,pfwillow|raft|True|False,pfwillow,raft|True|False,17.8333,4.196975612371409,1.5445495140200556,0.0,0.0,14.56871625
synthetic_large_zoom,pointodyssey|catspp|False|False,pointodyssey,catspp|False|False,34.7757,1.3931639505277225,3.7168514553879883,0.0,0.0,45.619045
synthetic_large_zoom,pointodyssey|catspp|False|True,pointodyssey,catspp|False|True,62.7536,1.3931639505277225,4.208785879502705,0.0,0.0,49.83734
synthetic_large_zoom,pointodyssey|catspp|True|False,pointodyssey,catspp|True|False,45.1112,1.3931639505277225,2.641648391726724,0.0,0.0,58.77383999999999
synthetic_large_zoom,pointodyssey|catspp|True|True,pointodyssey,catspp|True|True,52.1959,1.3931639505277225,2.718609901624695,0.0,0.0,58.48157
synthetic_large_zoom,pointodyssey|glunet|False|False,pointodyssey,glunet|False|False,85.5722,1.3931639505277225,4.222023391765726,0.0,0.0,79.27020999999999
synthetic_large_zoom,pointodyssey|glunet|False|True,pointodyssey,glunet|False|True,80.976,1.3931639505277225,4.04344814713578,0.0,0.0,74.05364999999999
synthetic_large_zoom,pointodyssey|glunet|True|False,pointodyssey,glunet|True|False,91.0513,1.3931639505277225,3.712832945237212,0.0,0.0,83.83907
synthetic_large_zoom,pointodyssey|glunet|True|True,pointodyssey,glunet|True|True,85.0481,1.3931639505277225,2.478440549684242,0.0,0.0,86.67904999999999
synthetic_large_zoom,pointodyssey|raft|True|False,pointodyssey,raft|True|False,36.4545,1.3931639505277225,3.8382820235127015,0.0,0.0,42.026408749999995
synthetic_large_zoom,spair|catspp|False|False,spair,catspp|False|False,4.0943,1.0499056698494564,0.016428193496136886,0.0,0.0,3.4721249999999997
synthetic_large_zoom,spair|catspp|False|True,spair,catspp|False|True,4.1558,1.0499056698494564,0.020414598205182148,0.0,0.0,3.503545
synthetic_large_zoom,spair|catspp|True|False,spair,catspp|True|False,20.9922,1.0499056698494564,0.15986417079532156,0.0,0.0,21.259999999999998
synthetic_large_zoom,spair|catspp|True|True,spair,catspp|True|True,21.5433,1.0499056698494564,0.15091176131107867,0.0,0.0,22.56524
synthetic_large_zoom,spair|glunet|False|False,spair,glunet|False|False,3.0531,1.0499056698494564,0.02193899706847942,0.0,0.0,2.85139
synthetic_large_zoom,spair|glunet|False|True,spair,glunet|False|True,2.5485,1.0499056698494564,0.011001769604409023,0.0,0.0,2.58431
synthetic_large_zoom,spair|glunet|True|False,spair,glunet|True|False,4.5811,1.0499056698494564,0.3121700280123411,0.0,0.0,7.81708
synthetic_large_zoom,spair|glunet|True|True,spair,glunet|True|True,3.6447,1.0499056698494564,0.21555183923070081,0.0,0.0,9.59585
synthetic_large_zoom,spair|raft|True|False,spair,raft|True|False,2.9715,1.0499056698494564,0.01771584027582958,0.0,0.0,2.74652375
synthetic_large_zoom,synthetic|catspp|False|False,synthetic,catspp|False|False,39.135,5.170630733575943,4.1575665955515655,0.0,0.0,21.13025
synthetic_large_zoom,synthetic|catspp|False|True,synthetic,catspp|False|True,48.6509,5.170630733575943,4.2284718212731605,0.0,0.0,21.287074999999998
synthetic_large_zoom,synthetic|catspp|True|False,synthetic,catspp|True|False,63.3596,5.170630733575943,5.859057628642474,0.0,0.0,46.89571
synthetic_large_zoom,synthetic|catspp|True|True,synthetic,catspp|True|True,61.0204,5.170630733575943,4.090786566738776,0.0,0.0,46.10424
synthetic_large_zoom,synthetic|glunet|False|False,synthetic,glunet|False|False,18.5281,5.170630733575943,3.4719992656810703,0.0,0.0,16.22314
synthetic_large_zoom,synthetic|glunet|False|True,synthetic,glunet|False|True,15.7459,5.170630733575943,1.546817322221967,0.0,0.0,11.96168
synthetic_large_zoom,synthetic|glunet|True|False,synthetic,glunet|True|False,25.3843,5.170630733575943,6.6541789776654765,0.0,0.0,29.222250000000003
synthetic_large_zoom,synthetic|glunet|True|True,synthetic,glunet|True|True,18.4805,5.170630733575943,4.717380382206902,0.0,0.0,27.5757
synthetic_large_zoom,synthetic|raft|True|False,synthetic,raft|True|False,51.426,5.170630733575943,5.496729097812134,0.0,0.0,17.9611025
synthetic_large_zoom,tss|catspp|False|False,tss,catspp|False|False,33.0076,4.71908358126238,4.359446659813258,0.0,0.0,24.294325
synthetic_large_zoom,tss|catspp|False|True,tss,catspp|False|True,37.3118,4.71908358126238,4.468348027877615,0.0,0.0,24.415905000000002
synthetic_large_zoom,tss|catspp|True|False,tss,catspp|True|False,67.8898,4.71908358126238,1.5323191012024697,0.0,0.0,63.60828
synthetic_large_zoom,tss|catspp|True|True,tss,catspp|True|True,68.6688,4.71908358126238,1.6597573885954755,0.0,0.0,64.07002
synthetic_large_zoom,tss|glunet|False|False,tss,glunet|False|False,32.7962,4.71908358126238,4.9909335251550955,0.0,0.0,25.55725
synthetic_large_zoom,tss|glunet|False|True,tss,glunet|False|True,27.4139,4.71908358126238,4.05005531551318,0.0,0.0,22.559469999999997
synthetic_large_zoom,tss|glunet|True|False,tss,glunet|True|False,49.3439,4.71908358126238,8.587790810884757,0.0,0.0,47.90084
synthetic_large_zoom,tss|glunet|True|True,tss,glunet|True|True,34.6233,4.71908358126238,6.373288343632881,0.0,0.0,53.178549999999994
synthetic_large_zoom,tss|raft|True|False,tss,raft|True|False,25.936,4.7190835812623835,3.7085782821076676,0.0,0.0,20.8900875
synthetic_random_flipping,flyingthings|catspp|False|False,flyingthings,catspp|False|False,43.8954,3.619957931751574,7.420815486971821,0.0,0.0,58.868295
synthetic_random_flipping,flyingthings|catspp|False|True,flyingthings,catspp|False|True,50.8063,3.619957931751574,7.478605128368969,0.0,0.0,59.31648
synthetic_random_flipping,flyingthings|catspp|True|False,flyingthings,catspp|True|False,83.2946,3.619957931751574,2.243911624683697,0.0,0.0,79.61995
synthetic_random_flipping,flyingthings|catspp|True|True,flyingthings,catspp|True|True,80.7323,3.619957931751574,1.668884618759181,0.0,0.0,80.016975
synthetic_random_flipping,flyingthings|glunet|False|False,flyingthings,glunet|False|False,63.9418,3.619957931751574,7.9219087396831664,0.0,0.0,58.379729999999995
synthetic_random_flipping,flyingthings|glunet|False|True,flyingthings,glunet|False|True,50.412,3.619957931751574,7.039738879409192,0.0,0.0,52.56497
synthetic_random_flipping,flyingthings|glunet|True|False,flyingthings,glunet|True|False,81.6246,3.619957931751574,8.120873779719648,0.0,0.0,64.32534000000001
synthetic_random_flipping,flyingthings|glunet|True|True,flyingthings,glunet|True|True,77.2625,3.619957931751574,5.642933041541788,0.0,0.0,66.55577000000001
synthetic_random_flipping,flyingthings|raft|True|False,flyingthings,raft|True|False,54.9845,3.619957931751574,9.693232536615325,0.0,0.0,50.32725000000001
synthetic_random_flipping,kitti2012|catspp|False|False,kitti2012,catspp|False|False,62.5595,5.701536994220038,10.440618137494758,0.0,0.0,77.6808
synthetic_random_flipping,kitti2012|catspp|False|True,kitti2012,catspp|False|True,71.5744,5.701536994220038,10.364547211102126,0.0,0.0,78.9945
synthetic_random_flipping,kitti2012|catspp|True|False,kitti2012,catspp|True|False,97.9034,5.701536994220038,1.9305000630898645,0.0,0.0,95.58322000000001
synthetic_random_flipping,kitti2012|catspp|True|True,kitti2012,catspp|True|True,95.9432,5.701536994220038,1.8315599078906801,0.0,0.0,95.64429
synthetic_random_flipping,kitti2012|glunet|False|False,kitti2012,glunet|False|False,95.0148,5.701536994220038,11.027988460763904,0.0,0.0,85.49695
synthetic_random_flipping,kitti2012|glunet|False|True,kitti2012,glunet|False|True,83.8602,5.701536994220038,10.847774799258657,0.0,0.0,82.8364
synthetic_random_flipping,kitti2012|glunet|True|False,kitti2012,glunet|True|False,98.9943,5.701536994220038,9.953603285641668,0.0,0.0,87.82271
synthetic_random_flipping,kitti2012|glunet|True|True,kitti2012,glunet|True|True,98.8084,5.701536994220038,6.340735690891084,0.0,0.0,91.12682
synthetic_random_flipping,kitti2012|raft|True|False,kitti2012,raft|True|False,86.3393,5.701536994220038,14.062949992804732,0.0,0.0,75.6625825
synthetic_random_flipping,kitti2015|catspp|False|False,kitti2015,catspp|False|False,72.005,8.348094220081613,15.407015454330383,0.0,0.0,79.04222
synthetic_random_flipping,kitti2015|catspp|False|True,kitti2015,catspp|False|True,78.5201,8.348094220081613,15.183486190655525,0.0,0.0,79.23151
synthetic_random_flipping,kitti2015|catspp|True|False,kitti2015,catspp|True|False,97.1466,8.348094220081613,2.3575433142508193,0.0,0.0,94.94857499999999
synthetic_random_flipping,kitti2015|catspp|True|True,kitti2015,catspp|True|True,95.5148,8.348094220081613,2.3199944827443835,0.0,0.0,94.77964
synthetic_random_flipping,kitti2015|glunet|False|False,kitti2015,glunet|False|False,90.6756,8.348094220081613,15.762320389493308,0.0,0.0,81.36012000000001
synthetic_random_flipping,kitti2015|glunet|False|True,kitti2015,glunet|False|True,84.0249,8.348094220081613,14.585765987420267,0.0,0.0,78.07707
synthetic_random_flipping,kitti2015|glunet|True|False,kitti2015,glunet|True|False,97.5133,8.348094220081613,13.967891827069122,0.0,0.0,85.88467
synthetic_random_flipping,kitti2015|glunet|True|True,kitti2015,glunet|True|True,97.2046,8.348094220081613,9.359175173003319,0.0,0.0,89.05897
synthetic_random_flipping,kitti2015|raft|True|False,kitti2015,raft|True|False,85.0135,8.348094220081613,19.34889957611053,0.0,0.0,73.12704625
synthetic_random_flipping,pfpascal|catspp|False|False,pfpascal,catspp|False|False,5.3233,4.342608545609571,2.1127902514964885,0.0,0.0,12.40765
synthetic_random_flipping,pfpascal|catspp|False|True,pfpascal,catspp|False|True,6.5354,4.342608545609571,2.4756328379171073,0.0,0.0,12.440389999999999
synthetic_random_flipping,pfpascal|catspp|True|False,pfpascal,catspp|True|False,39.4059,4.342608545609571,2.9192562711779004,0.0,0.0,44.023849999999996
synthetic_random_flipping,pfpascal|catspp|True|True,pfpascal,catspp|True|True,38.0521,4.342608545609571,2.446702635931117,0.0,0.0,47.020005
synthetic_random_flipping,pfpascal|glunet|False|False,pfpascal,glunet|False|False,8.1688,4.342608545609571,2.52137826070484,0.0,0.0,12.12781
synthetic_random_flipping,pfpascal|glunet|False|True,pfpascal,glunet|False|True,5.604,4.342608545609571,1.993127308651711,0.0,0.0,12.22818
synthetic_random_flipping,pfpascal|glunet|True|False,pfpascal,glunet|True|False,30.4384,4.342608545609571,5.340014706681193,0.0,0.0,25.456400000000002
synthetic_random_flipping,pfpascal|glunet|True|True,pfpascal,glunet|True|True,32.8035,4.342608545609571,5.311933014139391,0.0,0.0,31.27456
synthetic_random_flipping,pfpascal|raft|True|False,pfpascal,raft|True|False,7.6938,4.342608545609571,2.021627253209465,0.0,0.0,12.133623750000002
synthetic_random_flipping,pfwillow|catspp|False|False,pfwillow,catspp|False|False,8.2333,5.553327514391464,2.212788597169701,0.0,0.0,14.628890000000002
synthetic_random_flipping,pfwillow|catspp|False|True,pfwillow,catspp|False|True,8.9444,5.553327514391464,2.366162077779864,0.0,0.0,14.968335
synthetic_random_flipping,pfwillow|catspp|True|False,pfwillow,catspp|True|False,40.1667,5.553327514391464,2.5777098810742975,0.0,0.0,47.42611
synthetic_random_flipping,pfwillow|catspp|True|True,pfwillow,catspp|True|True,40.1,5.553327514391464,2.6868371060795,0.0,0.0,49.61777
synthetic_random_flipping,pfwillow|glunet|False|False,pfwillow,glunet|False|False,13.3667,5.553327514391464,2.363716039684377,0.0,0.0,15.69042
synthetic_random_flipping,pfwillow|glunet|False|True,pfwillow,glunet|False|True,7.7889,5.553327514391464,2.0357610777245907,0.0,0.0,14.62682
synthetic_random_flipping,pfwillow|glunet|True|False,pfwillow,glunet|True|False,36.342,5.553327514391464,5.845012056457681,0.0,0.0,28.43789
synthetic_random_flipping,pfwillow|glunet|True|True,pfwillow,glunet|True|True,36.9201,5.553327514391464,5.67338779431792,0.0,0.0,33.8278
synthetic_random_flipping,pfwillow|raft|True|False,pfwillow,raft|True|False,13.5556,5.553327514391464,2.179372002364211,0.0,0.0,14.99648625
synthetic_random_flipping,pointodyssey|catspp|False|False,pointodyssey,catspp|False|False,17.1954,2.1147243236687,5.055034094654996,0.0,0.0,47.377075000000005
synthetic_random_flipping,pointodyssey|catspp|False|True,pointodyssey,catspp|False|True,17.5356,2.1147243236687,5.637225508397613,0.0,0.0,54.359140000000004
synthetic_random_flipping,pointodyssey|catspp|True|False,pointodyssey,catspp|True|False,48.4592,2.1147243236687,3.963354796666435,0.0,0.0,58.43904
synthetic_random_flipping,pointodyssey|catspp|True|True,pointodyssey,catspp|True|True,48.5201,2.1147243236687,3.9650604982207627,0.0,0.0,58.849149999999995
synthetic_random_flipping,pointodyssey|glunet|False|False,pointodyssey,glunet|False|False,88.4868,2.1147243236687,6.2094551550761565,0.0,0.0,78.97875
synthetic_random_flipping,pointodyssey|glunet|False|True,pointodyssey,glunet|False|True,78.4489,2.1147243236687,5.983990399692232,0.0,0.0,74.30636
synthetic_random_flipping,pointodyssey|glunet|True|False,pointodyssey,glunet|True|False,97.2085,2.1147243236687,5.405431308765086,0.0,0.0,83.22335000000001
synthetic_random_flipping,pointodyssey|glunet|True|True,pointodyssey,glunet|True|True,95.8802,2.1147243236687,3.5770395778525605,0.0,0.0,85.59584
synthetic_random_flipping,pointodyssey|raft|True|False,pointodyssey,raft|True|False,33.6102,2.1147243236687,5.643670518978455,0.0,0.0,42.31083875
synthetic_random_flipping,spair|catspp|False|False,spair,catspp|False|False,3.3223,1.9069754374561851,0.049749575724846624,0.0,0.0,3.5493250000000005
synthetic_random_flipping,spair|catspp|False|True,spair,catspp|False|True,3.4986,1.9069754374561851,0.060691869608807646,0.0,0.0,3.569265
synthetic_random_flipping,spair|catspp|True|False,spair,catspp|True|False,23.9303,1.9069754374561851,0.42074374464204606,0.0,0.0,20.96619
synthetic_random_flipping,spair|catspp|True|True,spair,catspp|True|True,25.8495,1.9069754374561851,0.3881827502212505,0.0,0.0,22.13462
synthetic_random_flipping,spair|glunet|False|False,spair,glunet|False|False,3.3198,1.9069754374561851,0.057244523562436304,0.0,0.0,2.82472
synthetic_random_flipping,spair|glunet|False|True,spair,glunet|False|True,2.7843,1.9069754374561851,0.028773096816703588,0.0,0.0,2.5607300000000004
synthetic_random_flipping,spair|glunet|True|False,spair,glunet|True|False,12.1407,1.9069754374561851,0.8368788463173849,0.0,0.0,7.06112
synthetic_random_flipping,spair|glunet|True|True,spair,glunet|True|True,14.4483,1.9069754374561851,0.5870124242475344,0.0,0.0,8.51549
synthetic_random_flipping,spair|raft|True|False,spair,raft|True|False,2.895,1.9069754374561851,0.04867385772559013,0.0,0.0,2.75417375
synthetic_random_flipping,synthetic|catspp|False|False,synthetic,catspp|False|False,19.2799,6.555821914662543,7.582168561942123,0.0,0.0,23.11576
synthetic_random_flipping,synthetic|catspp|False|True,synthetic,catspp|False|True,21.8158,6.555821914662543,8.657189340839098,0.0,0.0,23.970585
synthetic_random_flipping,synthetic|catspp|True|False,synthetic,catspp|True|False,84.9434,6.555821914662543,6.528280310920491,0.0,0.0,44.73733
synthetic_random_flipping,synthetic|catspp|True|True,synthetic,catspp|True|True,70.9568,6.555821914662543,5.334333353028765,0.0,0.0,45.1106
synthetic_random_flipping,synthetic|glunet|False|False,synthetic,glunet|False|False,33.5541,6.555821914662543,4.411257709659561,0.0,0.0,14.72054
synthetic_random_flipping,synthetic|glunet|False|True,synthetic,glunet|False|True,16.7068,6.555821914662543,2.4619267934885025,0.0,0.0,11.865590000000001
synthetic_random_flipping,synthetic|glunet|True|False,synthetic,glunet|True|False,71.1258,6.555821914662543,6.324738280218926,0.0,0.0,24.6481
synthetic_random_flipping,synthetic|glunet|True|True,synthetic,glunet|True|True,54.0369,6.555821914662543,5.440225795868822,0.0,0.0,24.02006
synthetic_random_flipping,synthetic|raft|True|False,synthetic,raft|True|False,24.5252,6.555821914662543,11.00352039023832,0.0,0.0,20.651182499999997
synthetic_random_flipping,tss|catspp|False|False,tss,catspp|False|False,11.4546,5.569883883176901,4.956683804432128,0.0,0.0,26.449625000000005
synthetic_random_flipping,tss|catspp|False|True,tss,catspp|False|True,15.3875,5.569883883176901,5.639919991766,0.0,0.0,26.608335
synthetic_random_flipping,tss|catspp|True|False,tss,catspp|True|False,67.4824,5.569883883176901,1.9252895361738913,0.0,0.0,63.64901999999999
synthetic_random_flipping,tss|catspp|True|True,tss,catspp|True|True,68.1239,5.569883883176901,2.0918786862893195,0.0,0.0,64.12451
synthetic_random_flipping,tss|glunet|False|False,tss,glunet|False|False,26.1956,5.569883883176901,6.304366174356832,0.0,0.0,26.217309999999998
synthetic_random_flipping,tss|glunet|False|True,tss,glunet|False|True,14.4363,5.569883883176901,4.809899098388329,0.0,0.0,23.85723
synthetic_random_flipping,tss|glunet|True|False,tss,glunet|True|False,66.03,5.569883883176901,10.053406608439518,0.0,0.0,46.23223
synthetic_random_flipping,tss|glunet|True|True,tss,glunet|True|True,68.4478,5.569883883176901,7.88023998612261,0.0,0.0,49.7961
synthetic_random_flipping,tss|raft|True|False,tss,raft|True|False,18.9126,5.569883883176901,4.649771777180469,0.0,0.0,21.5924275
synthetic_small_zoom,flyingthings|catspp|False|False,flyingthings,catspp|False|False,66.7727,3.0097781990790713,6.383023723081922,0.0,0.0,56.580565
synthetic_small_zoom,flyingthings|catspp|False|True,flyingthings,catspp|False|True,70.0137,3.0097781990790713,6.273100890535451,0.0,0.0,57.39574
synthetic_small_zoom,flyingthings|catspp|True|False,flyingthings,catspp|True|False,81.3255,3.0097781990790713,1.9306735515465656,0.0,0.0,79.81685999999999
synthetic_small_zoom,flyingthings|catspp|True|True,flyingthings,catspp|True|True,81.1893,3.0097781990790713,1.411436294540037,0.0,0.0,79.97127499999999
synthetic_small_zoom,flyingthings|glunet|False|False,flyingthings,glunet|False|False,64.6211,3.0097781990790713,6.709275712888242,0.0,0.0,58.311800000000005
synthetic_small_zoom,flyingthings|glunet|False|True,flyingthings,glunet|False|True,57.9755,3.0097781990790713,5.940624104954932,0.0,0.0,51.80862
synthetic_small_zoom,flyingthings|glunet|True|False,flyingthings,glunet|True|False,75.9953,3.0097781990790713,7.0072512801087825,0.0,0.0,64.88827
synthetic_small_zoom,flyingthings|glunet|True|True,flyingthings,glunet|True|True,72.6252,3.0097781990790713,4.86739746538999,0.0,0.0,67.0195
synthetic_small_zoom,flyingthings|raft|True|False,flyingthings,raft|True|False,63.0829,3.0097781990790713,8.120872397706359,0.0,0.0,49.51741
synthetic_small_zoom,kitti2012|catspp|False|False,kitti2012,catspp|False|False,90.3601,4.906760210399442,8.487070431248416,0.0,0.0,74.90074
synthetic_small_zoom,kitti2012|catspp|False|True,kitti2012,catspp|False|True,91.7972,4.906760210399442,8.31651828473478,0.0,0.0,76.97222000000001
synthetic_small_zoom,kitti2012|catspp|True|False,kitti2012,catspp|True|False,98.6145,4.906760210399442,1.5546243675201898,0.0,0.0,95.51210999999999
synthetic_small_zoom,kitti2012|catspp|True|True,kitti2012,catspp|True|True,98.7183,4.906760210399442,1.4454048504564854,0.0,0.0,95.36678
synthetic_small_zoom,kitti2012|glunet|False|False,kitti2012,glunet|False|False,98.5049,4.906760210399442,8.914284337831957,0.0,0.0,85.14794
synthetic_small_zoom,kitti2012|glunet|False|True,kitti2012,glunet|False|True,98.3756,4.906760210399442,8.631430837179401,0.0,0.0,81.38486
synthetic_small_zoom,kitti2012|glunet|True|False,kitti2012,glunet|True|False,99.1933,4.906760210399442,8.094424547658754,0.0,0.0,87.80281
synthetic_small_zoom,kitti2012|glunet|True|True,kitti2012,glunet|True|True,99.0835,4.906760210399442,5.153258495607497,0.0,0.0,91.09931
synthetic_small_zoom,kitti2012|raft|True|False,kitti2012,raft|True|False,98.2173,4.906760210399442,11.20742270248783,0.0,0.0,74.47478249999999
synthetic_small_zoom,kitti2015|catspp|False|False,kitti2015,catspp|False|False,88.7903,7.594743277184233,13.243194224851862,0.0,0.0,77.36368999999999
synthetic_small_zoom,kitti2015|catspp|False|True,kitti2015,catspp|False|True,88.9381,7.594743277184233,13.008485185556964,0.0,0.0,78.18971
synthetic_small_zoom,kitti2015|catspp|True|False,kitti2015,catspp|True|False,97.692,7.594743277184233,2.01813361008123,0.0,0.0,94.894035
synthetic_small_zoom,kitti2015|catspp|True|True,kitti2015,catspp|True|True,97.817,7.594743277184233,1.9295425527415138,0.0,0.0,94.54942
synthetic_small_zoom,kitti2015|glunet|False|False,kitti2015,glunet|False|False,95.5117,7.594743277184233,13.500497282302089,0.0,0.0,80.87651
synthetic_small_zoom,kitti2015|glunet|False|True,kitti2015,glunet|False|True,92.7311,7.594743277184233,12.374159124472516,0.0,0.0,77.20644999999999
synthetic_small_zoom,kitti2015|glunet|True|False,kitti2015,glunet|True|False,98.1319,7.594743277184233,12.070047953254235,0.0,0.0,85.82281
synthetic_small_zoom,kitti2015|glunet|True|True,kitti2015,glunet|True|True,97.9048,7.594743277184233,8.076510155490023,0.0,0.0,88.98895
synthetic_small_zoom,kitti2015|raft|True|False,kitti2015,raft|True|False,92.9642,7.594743277184233,16.487012314921923,0.0,0.0,72.33197625
synthetic_small_zoom,pfpascal|catspp|False|False,pfpascal,catspp|False|False,15.9431,3.673229000320826,1.9392312731991892,0.0,0.0,11.34567
synthetic_small_zoom,pfpascal|catspp|False|True,pfpascal,catspp|False|True,18.9586,3.673229000320826,2.0007967499417707,0.0,0.0,11.19807
synthetic_small_zoom,pfpascal|catspp|True|False,pfpascal,catspp|True|False,46.1154,3.673229000320826,2.5370869948052057,0.0,0.0,43.3529
synthetic_small_zoom,pfpascal|catspp|True|True,pfpascal,catspp|True|True,47.1207,3.673229000320826,2.4004961406610574,0.0,0.0,46.113144999999996
synthetic_small_zoom,pfpascal|glunet|False|False,pfpascal,glunet|False|False,20.2654,3.673229000320826,1.8290429696028443,0.0,0.0,10.91815
synthetic_small_zoom,pfpascal|glunet|False|True,pfpascal,glunet|False|True,15.6204,3.673229000320826,1.8231662758335048,0.0,0.0,11.22654
synthetic_small_zoom,pfpascal|glunet|True|False,pfpascal,glunet|True|False,26.2712,3.673229000320826,4.600225115097131,0.0,0.0,25.87312
synthetic_small_zoom,pfpascal|glunet|True|True,pfpascal,glunet|True|True,31.3731,3.673229000320826,4.532960762729024,0.0,0.0,31.417600000000004
synthetic_small_zoom,pfpascal|raft|True|False,pfpascal,raft|True|False,17.4659,3.673229000320826,1.6164309563315502,0.0,0.0,11.15641375
synthetic_small_zoom,pfwillow|catspp|False|False,pfwillow,catspp|False|False,19.4444,5.0603864272460735,2.0418742327073285,0.0,0.0,13.50778
synthetic_small_zoom,pfwillow|catspp|False|True,pfwillow,catspp|False|True,20.5333,5.0603864272460735,2.107439384134901,0.0,0.0,13.809445
synthetic_small_zoom,pfwillow|catspp|True|False,pfwillow,catspp|True|False,48.7889,5.0603864272460735,2.5507091864706495,0.0,0.0,46.56389
synthetic_small_zoom,pfwillow|catspp|True|True,pfwillow,catspp|True|True,48.6889,5.0603864272460735,2.8085878745865416,0.0,0.0,48.75888
synthetic_small_zoom,pfwillow|glunet|False|False,pfwillow,glunet|False|False,21.063,5.0603864272460735,1.983984270340762,0.0,0.0,14.92079
synthetic_small_zoom,pfwillow|glunet|False|True,pfwillow,glunet|False|True,16.9778,5.0603864272460735,2.0471935226636817,0.0,0.0,13.70793
synthetic_small_zoom,pfwillow|glunet|True|False,pfwillow,glunet|True|False,29.3389,5.0603864272460735,5.438390827262981,0.0,0.0,29.1382
synthetic_small_zoom,pfwillow|glunet|True|True,pfwillow,glunet|True|True,31.6222,5.0603864272460735,5.163657116009096,0.0,0.0,34.35759
synthetic_small_zoom,pfwillow|raft|True|False,pfwillow,raft|True|False,18.7,5.0603864272460735,1.8961278099285124,0.0,0.0,14.48204625
synthetic_small_zoom,pointodyssey|catspp|False|False,pointodyssey,catspp|False|False,46.4111,1.6376523122086115,4.680068992919594,0.0,0.0,44.455505
synthetic_small_zoom,pointodyssey|catspp|False|True,pointodyssey,catspp|False|True,39.8187,1.6376523122086115,5.248870310970077,0.0,0.0,52.13083
synthetic_small_zoom,pointodyssey|catspp|True|False,pointodyssey,catspp|True|False,45.3383,1.6376523122086115,3.294929522600964,0.0,0.0,58.75113
synthetic_small_zoom,pointodyssey|catspp|True|True,pointodyssey,catspp|True|True,47.995,1.6376523122086115,3.3383117070192583,0.0,0.0,58.90166000000001
synthetic_small_zoom,pointodyssey|glunet|False|False,pointodyssey,glunet|False|False,87.5416,1.6376523122086115,5.246972791637651,0.0,0.0,79.07327000000001
synthetic_small_zoom,pointodyssey|glunet|False|True,pointodyssey,glunet|False|True,80.8978,1.6376523122086115,5.037449235299632,0.0,0.0,74.06147
synthetic_small_zoom,pointodyssey|glunet|True|False,pointodyssey,glunet|True|False,92.6605,1.6376523122086115,4.612432589382061,0.0,0.0,83.67815
synthetic_small_zoom,pointodyssey|glunet|True|True,pointodyssey,glunet|True|True,90.8588,1.6376523122086115,3.0741491958291736,0.0,0.0,86.09797999999999
synthetic_small_zoom,pointodyssey|raft|True|False,pointodyssey,raft|True|False,65.6666,1.6376523122086115,4.483821835082943,0.0,0.0,39.10519875
synthetic_small_zoom,spair|catspp|False|False,spair,catspp|False|False,3.622,1.38639401725901,0.0397654052643481,0.0,0.0,3.519355
synthetic_small_zoom,spair|catspp|False|True,spair,catspp|False|True,3.8854,1.38639401725901,0.04682461038147175,0.0,0.0,3.530585
synthetic_small_zoom,spair|catspp|True|False,spair,catspp|True|False,20.7809,1.38639401725901,0.34359102399970914,0.0,0.0,21.281129999999997
synthetic_small_zoom,spair|catspp|True|True,spair,catspp|True|True,20.6206,1.38639401725901,0.3203102669416011,0.0,0.0,22.65751
synthetic_small_zoom,spair|glunet|False|False,spair,glunet|False|False,3.0311,1.38639401725901,0.04727020205531933,0.0,0.0,2.8535899999999996
synthetic_small_zoom,spair|glunet|False|True,spair,glunet|False|True,2.408,1.38639401725901,0.022999255886492386,0.0,0.0,2.59836
synthetic_small_zoom,spair|glunet|True|False,spair,glunet|True|False,4.3584,1.38639401725901,0.6703012649545251,0.0,0.0,7.8393500000000005
synthetic_small_zoom,spair|glunet|True|True,spair,glunet|True|True,5.8067,1.38639401725901,0.4847053957792667,0.0,0.0,9.379650000000002
synthetic_small_zoom,spair|raft|True|False,spair,raft|True|False,2.7395,1.38639401725901,0.038673868711025905,0.0,0.0,2.76972375
synthetic_small_zoom,synthetic|catspp|False|False,synthetic,catspp|False|False,49.4854,5.065139667978449,3.2277406684646204,0.0,0.0,20.09521
synthetic_small_zoom,synthetic|catspp|False|True,synthetic,catspp|False|True,50.3084,5.065139667978449,4.16050690906035,0.0,0.0,21.121325000000002
synthetic_small_zoom,synthetic|catspp|True|False,synthetic,catspp|True|False,61.0298,5.065139667978449,6.09861002933998,0.0,0.0,47.12869
synthetic_small_zoom,synthetic|catspp|True|True,synthetic,catspp|True|True,60.9373,5.065139667978449,4.1982541178695,0.0,0.0,46.11255
synthetic_small_zoom,synthetic|glunet|False|False,synthetic,glunet|False|False,16.7571,5.065139667978449,3.5697060868779236,0.0,0.0,16.40024
synthetic_small_zoom,synthetic|glunet|False|True,synthetic,glunet|False|True,14.039,5.065139667978449,1.6333481269699581,0.0,0.0,12.13237
synthetic_small_zoom,synthetic|glunet|True|False,synthetic,glunet|True|False,26.6724,5.065139667978449,6.8307491066773585,0.0,0.0,29.093439999999998
synthetic_small_zoom,synthetic|glunet|True|True,synthetic,glunet|True|True,23.5695,5.065139667978449,4.939470822434073,0.0,0.0,27.0668
synthetic_small_zoom,synthetic|raft|True|False,synthetic,raft|True|False,54.0896,5.065139667978449,5.367806990412108,0.0,0.0,17.6947425
synthetic_small_zoom,tss|catspp|False|False,tss,catspp|False|False,33.4343,4.748360584058947,4.650304315943651,0.0,0.0,24.251655
synthetic_small_zoom,tss|catspp|False|True,tss,catspp|False|True,38.3962,4.748360584058947,4.710173359844241,0.0,0.0,24.307465
synthetic_small_zoom,tss|catspp|True|False,tss,catspp|True|False,64.8435,4.748360584058947,1.7590603834683172,0.0,0.0,63.91291
synthetic_small_zoom,tss|catspp|True|True,tss,catspp|True|True,65.1306,4.748360584058947,1.9063023639180776,0.0,0.0,64.42384
synthetic_small_zoom,tss|glunet|False|False,tss,glunet|False|False,39.6402,4.748360584058947,4.981202715592481,0.0,0.0,24.87285
synthetic_small_zoom,tss|glunet|False|True,tss,glunet|False|True,29.9933,4.748360584058947,4.244691050889239,0.0,0.0,22.30153
synthetic_small_zoom,tss|glunet|True|False,tss,glunet|True|False,55.011,4.748360584058947,9.130477732580975,0.0,0.0,47.33413
synthetic_small_zoom,tss|glunet|True|True,tss,glunet|True|True,51.7585,4.748360584058947,7.381724197132268,0.0,0.0,51.46503
synthetic_small_zoom,tss|raft|True|False,tss,raft|True|False,31.9553,4.748360584058947,3.6416821754867335,0.0,0.0,20.2881575
