train_dataset,context_id,benchmark,variant,actual,g,g_zridge,g_rank,g_gbm,L
flyingthings,flyingthings|catspp|False|False,flyingthings,catspp|False|False,70.7445,-0.025270618290830084,0.02000999955397237,0.0,0.0,56.183385
flyingthings,flyingthings|catspp|False|True,flyingthings,catspp|False|True,61.1514,-0.025270618290830084,0.020291270318785356,0.0,0.0,58.28197
flyingthings,flyingthings|catspp|True|False,flyingthings,catspp|True|False,63.3569,-0.025270618290830084,0.0022784535829552047,0.0,0.0,81.61372
flyingthings,flyingthings|catspp|True|True,flyingthings,catspp|True|True,82.2555,-0.025270618290830084,0.0044363403189320895,0.0,0.0,79.864655
flyingthings,flyingthings|glunet|False|False,flyingthings,glunet|False|False,54.827,-0.025270618290830084,0.021354645532879447,0.0,0.0,59.29121
flyingthings,flyingthings|glunet|False|True,flyingthings,glunet|False|True,61.0606,-0.025270618290830084,0.01872876669426336,0.0,0.0,51.50010999999999
flyingthings,flyingthings|glunet|True|False,flyingthings,glunet|True|False,72.5692,-0.025270618290830084,0.022407795411533468,0.0,0.0,65.23088
flyingthings,flyingthings|glunet|True|True,flyingthings,glunet|True|True,78.4335,-0.025270618290830084,0.015098846477727733,0.0,0.0,66.43867
flyingthings,flyingthings|raft|True|False,flyingthings,raft|True|False,3.4438,-0.025270618290830084,0.02044873584080831,0.0,0.0,55.481320000000004
flyingthings,kitti2012|catspp|False|False,kitti2012,catspp|False|False,91.745,-0.367955335183708,0.3548453067870157,0.0,0.0,74.76225
flyingthings,kitti2012|catspp|False|True,kitti2012,catspp|False|True,91.7972,-0.367955335183708,0.3491280327896526,0.0,0.0,76.97222000000001
flyingthings,kitti2012|catspp|True|False,kitti2012,catspp|True|False,98.205,-0.367955335183708,0.06567413589870845,0.0,0.0,95.55306
flyingthings,kitti2012|catspp|True|True,kitti2012,catspp|True|True,97.709,-0.367955335183708,0.06173108283276341,0.0,0.0,95.46771
flyingthings,kitti2012|glunet|False|False,kitti2012,glunet|False|False,98.5049,-0.367955335183708,0.37422229447958627,0.0,0.0,85.14794
flyingthings,kitti2012|glunet|False|True,kitti2012,glunet|False|True,94.6197,-0.367955335183708,0.3658632452699247,0.0,0.0,81.76045
flyingthings,kitti2012|glunet|True|False,kitti2012,glunet|True|False,99.1724,-0.367955335183708,0.33982050102108274,0.0,0.0,87.8049
flyingthings,kitti2012|glunet|True|True,kitti2012,glunet|True|True,98.7654,-0.367955335183708,0.21659617691576458,0.0,0.0,91.13112
flyingthings,kitti2012|raft|True|False,kitti2012,raft|True|False,84.6833,-0.367955335183708,0.48107410228517594,0.0,0.0,75.8281825
flyingthings,kitti2015|catspp|False|False,kitti2015,catspp|False|False,89.5554,-0.3063644559865667,0.2868975209289239,0.0,0.0,77.28718
flyingthings,kitti2015|catspp|False|True,kitti2015,catspp|False|True,12.2973,-0.3063644559865667,0.05919304330123261,0.0,0.0,85.85379
flyingthings,kitti2015|catspp|True|False,kitti2015,catspp|True|False,92.1125,-0.3063644559865667,0.043247106488347335,0.0,0.0,95.45198500000001
flyingthings,kitti2015|catspp|True|True,kitti2015,catspp|True|True,96.3826,-0.3063644559865667,0.04319698833536403,0.0,0.0,94.69286
flyingthings,kitti2015|glunet|False|False,kitti2015,glunet|False|False,93.9097,-0.3063644559865667,0.2941690076656895,0.0,0.0,81.03671
flyingthings,kitti2015|glunet|False|True,kitti2015,glunet|False|True,92.7311,-0.3063644559865667,0.2685378085059529,0.0,0.0,77.20644999999999
flyingthings,kitti2015|glunet|True|False,kitti2015,glunet|True|False,95.0124,-0.3063644559865667,0.2639274623383299,0.0,0.0,86.13476
flyingthings,kitti2015|glunet|True|True,kitti2015,glunet|True|True,96.8003,-0.3063644559865667,0.17609913527380086,0.0,0.0,89.0994
flyingthings,kitti2015|raft|True|False,kitti2015,raft|True|False,83.4171,-0.3063644559865667,0.3642312361836418,0.0,0.0,73.28668625
flyingthings,pfpascal|catspp|False|False,pfpascal,catspp|False|False,9.00725,-0.0905671394082582,0.016762830803814417,0.0,0.0,12.039255
flyingthings,pfpascal|catspp|False|True,pfpascal,catspp|False|True,17.9071,-0.0905671394082582,0.01743624348680111,0.0,0.0,11.30322
flyingthings,pfpascal|catspp|True|False,pfpascal,catspp|True|False,46.1154,-0.0905671394082582,0.021336604942328575,0.0,0.0,43.3529
flyingthings,pfpascal|catspp|True|True,pfpascal,catspp|True|True,40.9858,-0.0905671394082582,0.019167273230567623,0.0,0.0,46.726635
flyingthings,pfpascal|glunet|False|False,pfpascal,glunet|False|False,6.0177,-0.0905671394082582,0.01720944318778209,0.0,0.0,12.34292
flyingthings,pfpascal|glunet|False|True,pfpascal,glunet|False|True,15.9056,-0.0905671394082582,0.01521507759922464,0.0,0.0,11.19802
flyingthings,pfpascal|glunet|True|False,pfpascal,glunet|True|False,26.2712,-0.0905671394082582,0.03868735527302704,0.0,0.0,25.87312
flyingthings,pfpascal|glunet|True|True,pfpascal,glunet|True|True,31.3731,-0.0905671394082582,0.038121669935425866,0.0,0.0,31.4176
flyingthings,pfpascal|raft|True|False,pfpascal,raft|True|False,12.3863,-0.0905671394082582,0.01530363798936779,0.0,0.0,11.66437375
flyingthings,pfwillow|catspp|False|False,pfwillow,catspp|False|False,15.5,-0.03521146042508517,0.006606285818751328,0.0,0.0,13.90222
flyingthings,pfwillow|catspp|False|True,pfwillow,catspp|False|True,14.47225,-0.03521146042508517,0.006961639525069468,0.0,0.0,14.415550000000001
flyingthings,pfwillow|catspp|True|False,pfwillow,catspp|True|False,44.75,-0.03521146042508517,0.007642939860533042,0.0,0.0,46.96778
flyingthings,pfwillow|catspp|True|True,pfwillow,catspp|True|True,48.6889,-0.03521146042508517,0.008415207224687237,0.0,0.0,48.75888
flyingthings,pfwillow|glunet|False|False,pfwillow,glunet|False|False,5.6222,-0.03521146042508517,0.0044902002649003766,0.0,0.0,16.464869999999998
flyingthings,pfwillow|glunet|False|True,pfwillow,glunet|False|True,18.3398,-0.03521146042508517,0.005944372586866482,0.0,0.0,13.571729999999999
flyingthings,pfwillow|glunet|True|False,pfwillow,glunet|True|False,11.9333,-0.03521146042508517,0.014046405374406894,0.0,0.0,30.87876
flyingthings,pfwillow|glunet|True|True,pfwillow,glunet|True|True,21.0975,-0.03521146042508517,0.014207544879053522,0.0,0.0,35.41006
flyingthings,pfwillow|raft|True|False,pfwillow,raft|True|False,6.6805625,-0.03521146042508517,0.0045000438384679405,0.0,0.0,15.68399
flyingthings,pointodyssey|catspp|False|False,pointodyssey,catspp|False|False,46.0158,-0.05954390351919609,0.053974475151726944,0.0,0.0,44.495034999999994
flyingthings,pointodyssey|catspp|False|True,pointodyssey,catspp|False|True,68.9316,-0.05954390351919609,0.059452237364212436,0.0,0.0,49.21954
flyingthings,pointodyssey|catspp|True|False,pointodyssey,catspp|True|False,58.6808,-0.05954390351919609,0.03924922794316819,0.0,0.0,57.416880000000006
flyingthings,pointodyssey|catspp|True|True,pointodyssey,catspp|True|True,71.0583,-0.05954390351919609,0.03785244915142385,0.0,0.0,56.595330000000004
flyingthings,pointodyssey|glunet|False|False,pointodyssey,glunet|False|False,87.5416,-0.05954390351919609,0.06050395060504011,0.0,0.0,79.07327000000001
flyingthings,pointodyssey|glunet|False|True,pointodyssey,glunet|False|True,78.5324,-0.05954390351919609,0.058222504424578846,0.0,0.0,74.29801
flyingthings,pointodyssey|glunet|True|False,pointodyssey,glunet|True|False,91.9268,-0.05954390351919609,0.05325764366138879,0.0,0.0,83.75152
flyingthings,pointodyssey|glunet|True|True,pointodyssey,glunet|True|True,89.2135,-0.05954390351919609,0.03555550624052935,0.0,0.0,86.26250999999999
flyingthings,pointodyssey|raft|True|False,pointodyssey,raft|True|False,38.923,-0.05954390351919609,0.055247927467749015,0.0,0.0,41.77955875
flyingthings,spair|catspp|False|False,spair,catspp|False|False,3.622,-0.18287778273326455,0.00302827429979607,0.0,0.0,3.519355
flyingthings,spair|catspp|False|True,spair,catspp|False|True,3.8854,-0.18287778273326455,0.003565857389697088,0.0,0.0,3.530585
flyingthings,spair|catspp|True|False,spair,catspp|True|False,14.7345,-0.18287778273326455,0.020584318140875295,0.0,0.0,21.88577
flyingthings,spair|catspp|True|True,spair,catspp|True|True,19.8812,-0.18287778273326455,0.023971349254643084,0.0,0.0,22.731450000000002
flyingthings,spair|glunet|False|False,spair,glunet|False|False,2.6434,-0.18287778273326455,0.003578024586585767,0.0,0.0,2.89236
flyingthings,spair|glunet|False|True,spair,glunet|False|True,2.5485,-0.18287778273326455,0.001801910097205045,0.0,0.0,2.58431
flyingthings,spair|glunet|True|False,spair,glunet|True|False,4.3584,-0.18287778273326455,0.05104577912104075,0.0,0.0,7.8393500000000005
flyingthings,spair|glunet|True|True,spair,glunet|True|True,15.5133,-0.18287778273326455,0.034193163735631193,0.0,0.0,8.40899
flyingthings,spair|raft|True|False,spair,raft|True|False,2.3576,-0.18287778273326455,0.002763852042878098,0.0,0.0,2.80791375
flyingthings,synthetic|catspp|False|False,synthetic,catspp|False|False,49.4854,-0.25879838001651123,0.08632150425595642,0.0,0.0,20.09521
flyingthings,synthetic|catspp|False|True,synthetic,catspp|False|True,19.6472,-0.25879838001651123,0.14462306504638017,0.0,0.0,24.187445
flyingthings,synthetic|catspp|True|False,synthetic,catspp|True|False,44.6253,-0.25879838001651123,0.16855014514429287,0.0,0.0,48.76914
flyingthings,synthetic|catspp|True|True,synthetic,catspp|True|True,41.0818,-0.25879838001651123,0.1198214252862244,0.0,0.0,48.0981
flyingthings,synthetic|glunet|False|False,synthetic,glunet|False|False,15.5289,-0.25879838001651123,0.09542058703587653,0.0,0.0,16.523059999999997
flyingthings,synthetic|glunet|False|True,synthetic,glunet|False|True,10.7744,-0.25879838001651123,0.04377534116063797,0.0,0.0,12.45883
flyingthings,synthetic|glunet|True|False,synthetic,glunet|True|False,25.3843,-0.25879838001651123,0.1824296239035225,0.0,0.0,29.222250000000003
flyingthings,synthetic|glunet|True|True,synthetic,glunet|True|True,6.6584,-0.25879838001651123,0.11207621579750485,0.0,0.0,28.75791
flyingthings,synthetic|raft|True|False,synthetic,raft|True|False,24.5252,-0.25879838001651123,0.18453900047643326,0.0,0.0,20.651182499999997
flyingthings,tss|catspp|False|False,tss,catspp|False|False,27.7243,-0.05495479107084343,0.021762331379017744,0.0,0.0,24.822655
flyingthings,tss|catspp|False|True,tss,catspp|False|True,20.9901,-0.05495479107084343,0.023019016890610547,0.0,0.0,26.048075
flyingthings,tss|catspp|True|False,tss,catspp|True|False,58.5563,-0.05495479107084343,0.00682290396324682,0.0,0.0,64.54163
flyingthings,tss|catspp|True|True,tss,catspp|True|True,63.5068,-0.05495479107084343,0.008565721030897809,0.0,0.0,64.58622
flyingthings,tss|glunet|False|False,tss,glunet|False|False,17.947,-0.05495479107084343,0.023785339953657527,0.0,0.0,27.04217
flyingthings,tss|glunet|False|True,tss,glunet|False|True,18.6283,-0.05495479107084343,0.019544500267599504,0.0,0.0,23.43803
flyingthings,tss|glunet|True|False,tss,glunet|True|False,40.9775,-0.05495479107084343,0.04110545838524918,0.0,0.0,48.73748
flyingthings,tss|glunet|True|True,tss,glunet|True|True,19.7064,-0.05495479107084343,0.023212893244891834,0.0,0.0,54.67024
flyingthings,tss|raft|True|False,tss,raft|True|False,18.6637,-0.05495479107084343,0.01810719845056419,0.0,0.0,21.617317500000002
imagenet2dwarp,flyingthings|catspp|False|False,flyingthings,catspp|False|False,58.1203,-0.0093661912660063,0.006429996087492315,0.0,0.0,57.44580499999999
imagenet2dwarp,flyingthings|catspp|False|True,flyingthings,catspp|False|True,70.0137,-0.0093661912660063,0.006242829847712846,0.0,0.0,57.39574
imagenet2dwarp,flyingthings|catspp|True|False,flyingthings,catspp|True|False,82.138,-0.0093661912660063,0.0019125935519146142,0.0,0.0,79.73561
imagenet2dwarp,flyingthings|catspp|True|True,flyingthings,catspp|True|True,68.3472,-0.0093661912660063,0.0006209972650280378,0.0,0.0,81.255485
imagenet2dwarp,flyingthings|glunet|False|False,flyingthings,glunet|False|False,41.9398,-0.0093661912660063,0.006451656743746494,0.0,0.0,60.579930000000004
imagenet2dwarp,flyingthings|glunet|False|True,flyingthings,glunet|False|True,56.1849,-0.0093661912660063,0.005928529211026587,0.0,0.0,51.98768
imagenet2dwarp,flyingthings|glunet|True|False,flyingthings,glunet|True|False,71.3152,-0.0093661912660063,0.0070337273495817325,0.0,0.0,65.35628
imagenet2dwarp,flyingthings|glunet|True|True,flyingthings,glunet|True|True,76.6361,-0.0093661912660063,0.004775028872412801,0.0,0.0,66.61841
imagenet2dwarp,flyingthings|raft|True|False,flyingthings,raft|True|False,38.9566,-0.0093661912660063,0.00809102332369921,0.0,0.0,51.93004
imagenet2dwarp,kitti2012|catspp|False|False,kitti2012,catspp|False|False,83.2552,-0.08178150218566631,0.06792712268178057,0.0,0.0,75.61123
imagenet2dwarp,kitti2012|catspp|False|True,kitti2012,catspp|False|True,72.7553,-0.08178150218566631,0.0666112563132251,0.0,0.0,78.87640999999999
imagenet2dwarp,kitti2012|catspp|True|False,kitti2012,catspp|True|False,94.5198,-0.08178150218566631,0.012489661977255711,0.0,0.0,95.92157999999999
imagenet2dwarp,kitti2012|catspp|True|True,kitti2012,catspp|True|True,98.7183,-0.08178150218566631,0.011401360688529604,0.0,0.0,95.36678
imagenet2dwarp,kitti2012|glunet|False|False,kitti2012,glunet|False|False,96.3978,-0.08178150218566631,0.07060996011745937,0.0,0.0,85.35865
imagenet2dwarp,kitti2012|glunet|False|True,kitti2012,glunet|False|True,97.0676,-0.08178150218566631,0.06833628935546844,0.0,0.0,81.51566
imagenet2dwarp,kitti2012|glunet|True|False,kitti2012,glunet|True|False,93.4583,-0.08178150218566631,0.06444245271508808,0.0,0.0,88.37631
imagenet2dwarp,kitti2012|glunet|True|True,kitti2012,glunet|True|True,98.2409,-0.08178150218566631,0.04077440365330013,0.0,0.0,91.18357
imagenet2dwarp,kitti2012|raft|True|False,kitti2012,raft|True|False,96.60025,-0.08178150218566631,0.08874053469624624,0.0,0.0,74.6364875
imagenet2dwarp,kitti2015|catspp|False|False,kitti2015,catspp|False|False,78.94014999999999,-0.09611633480166992,0.07708614541763362,0.0,0.0,78.348705
imagenet2dwarp,kitti2015|catspp|False|True,kitti2015,catspp|False|True,81.1634,-0.09611633480166992,0.07562003291878915,0.0,0.0,78.96718000000001
imagenet2dwarp,kitti2015|catspp|True|False,kitti2015,catspp|True|False,95.364,-0.09611633480166992,0.011950005349875557,0.0,0.0,95.126835
imagenet2dwarp,kitti2015|catspp|True|True,kitti2015,catspp|True|True,97.7369,-0.09611633480166992,0.011132093785910464,0.0,0.0,94.55743
imagenet2dwarp,kitti2015|glunet|False|False,kitti2015,glunet|False|False,86.2536,-0.09611633480166992,0.07896324268307922,0.0,0.0,81.80232
imagenet2dwarp,kitti2015|glunet|False|True,kitti2015,glunet|False|True,89.0545,-0.09611633480166992,0.07199621886438304,0.0,0.0,77.57410999999999
imagenet2dwarp,kitti2015|glunet|True|False,kitti2015,glunet|True|False,97.5133,-0.09611633480166992,0.06959244772926243,0.0,0.0,85.88467
imagenet2dwarp,kitti2015|glunet|True|True,kitti2015,glunet|True|True,96.2638,-0.09611633480166992,0.0468014191198337,0.0,0.0,89.15305
imagenet2dwarp,kitti2015|raft|True|False,kitti2015,raft|True|False,92.9642,-0.09611633480166992,0.09489745240818372,0.0,0.0,72.33197625
imagenet2dwarp,pfpascal|catspp|False|False,pfpascal,catspp|False|False,15.8031,-0.05974504944982254,0.009125140493048819,0.0,0.0,11.35967
imagenet2dwarp,pfpascal|catspp|False|True,pfpascal,catspp|False|True,6.5354,-0.05974504944982254,0.009898321491929112,0.0,0.0,12.440389999999999
imagenet2dwarp,pfpascal|catspp|True|False,pfpascal,catspp|True|False,48.9548,-0.05974504944982254,0.01144676389246972,0.0,0.0,43.06896
imagenet2dwarp,pfpascal|catspp|True|True,pfpascal,catspp|True|True,50.0421,-0.05974504944982254,0.010962920973764317,0.0,0.0,45.821005
imagenet2dwarp,pfpascal|glunet|False|False,pfpascal,glunet|False|False,16.1068,-0.05974504944982254,0.009942434561757219,0.0,0.0,11.334010000000001
imagenet2dwarp,pfpascal|glunet|False|True,pfpascal,glunet|False|True,14.5575,-0.05974504944982254,0.008752231932032237,0.0,0.0,11.33283
imagenet2dwarp,pfpascal|glunet|True|False,pfpascal,glunet|True|False,28.6839,-0.05974504944982254,0.021492521260504684,0.0,0.0,25.631850000000004
imagenet2dwarp,pfpascal|glunet|True|True,pfpascal,glunet|True|True,42.4831,-0.05974504944982254,0.019849649138316734,0.0,0.0,30.306600000000003
imagenet2dwarp,pfpascal|raft|True|False,pfpascal,raft|True|False,13.923,-0.05974504944982254,0.008412467451689326,0.0,0.0,11.510703750000001
imagenet2dwarp,pfwillow|catspp|False|False,pfwillow,catspp|False|False,4.8667,-0.01826901598811254,0.0021818284506871853,0.0,0.0,14.965549999999999
imagenet2dwarp,pfwillow|catspp|False|True,pfwillow,catspp|False|True,11.4889,-0.01826901598811254,0.0029906542055308906,0.0,0.0,14.713885
imagenet2dwarp,pfwillow|catspp|True|False,pfwillow,catspp|True|False,48.7889,-0.01826901598811254,0.003352222879314001,0.0,0.0,46.56389
imagenet2dwarp,pfwillow|catspp|True|True,pfwillow,catspp|True|True,47.911100000000005,-0.01826901598811254,0.0036869134261829973,0.0,0.0,48.83666
imagenet2dwarp,pfwillow|glunet|False|False,pfwillow,glunet|False|False,19.8741,-0.01826901598811254,0.002706210266643015,0.0,0.0,15.039679999999999
imagenet2dwarp,pfwillow|glunet|False|True,pfwillow,glunet|False|True,15.0111,-0.01826901598811254,0.0027540784930679615,0.0,0.0,13.904599999999999
imagenet2dwarp,pfwillow|glunet|True|False,pfwillow,glunet|True|False,35.8302,-0.01826901598811254,0.007008183540178977,0.0,0.0,28.489069999999998
imagenet2dwarp,pfwillow|glunet|True|True,pfwillow,glunet|True|True,31.7,-0.01826901598811254,0.0067874835258682565,0.0,0.0,34.34981
imagenet2dwarp,pfwillow|raft|True|False,pfwillow,raft|True|False,18.722250000000003,-0.01826901598811254,0.002490431449960012,0.0,0.0,14.47982125
imagenet2dwarp,pointodyssey|catspp|False|False,pointodyssey,catspp|False|False,38.9858,-0.058890537052680506,0.04497651748803277,0.0,0.0,45.198035
imagenet2dwarp,pointodyssey|catspp|False|True,pointodyssey,catspp|False|True,4.4014,-0.058890537052680506,0.040246600064301766,0.0,0.0,55.67256
imagenet2dwarp,pointodyssey|catspp|True|False,pointodyssey,catspp|True|False,45.3383,-0.058890537052680506,0.03176824960718986,0.0,0.0,58.75113
imagenet2dwarp,pointodyssey|catspp|True|True,pointodyssey,catspp|True|True,47.995,-0.058890537052680506,0.03218652139529706,0.0,0.0,58.90166000000001
imagenet2dwarp,pointodyssey|glunet|False|False,pointodyssey,glunet|False|False,88.4868,-0.058890537052680506,0.05051874042393097,0.0,0.0,78.97875
imagenet2dwarp,pointodyssey|glunet|False|True,pointodyssey,glunet|False|True,91.9442,-0.058890537052680506,0.04732542638957725,0.0,0.0,72.95683
imagenet2dwarp,pointodyssey|glunet|True|False,pointodyssey,glunet|True|False,92.6605,-0.058890537052680506,0.0444710300450247,0.0,0.0,83.67815
imagenet2dwarp,pointodyssey|glunet|True|True,pointodyssey,glunet|True|True,95.08,-0.058890537052680506,0.02921492012725447,0.0,0.0,85.67586
imagenet2dwarp,pointodyssey|raft|True|False,pointodyssey,raft|True|False,33.6102,-0.058890537052680506,0.045915642977691754,0.0,0.0,42.31083875
imagenet2dwarp,spair|catspp|False|False,spair,catspp|False|False,3.1293,0.11250324726165996,-0.001492439248093071,0.0,0.0,3.568625
imagenet2dwarp,spair|catspp|False|True,spair,catspp|False|True,3.9251,0.11250324726165996,-0.00184218132251555,0.0,0.0,3.5266150000000005
imagenet2dwarp,spair|catspp|True|False,spair,catspp|True|False,27.8596,0.11250324726165996,-0.01057837787685521,0.0,0.0,20.573259999999998
imagenet2dwarp,spair|catspp|True|True,spair,catspp|True|True,22.5766,0.11250324726165996,-0.012910201210924337,0.0,0.0,22.46191
imagenet2dwarp,spair|glunet|False|False,spair,glunet|False|False,1.9627,0.11250324726165996,-0.001472477806906961,0.0,0.0,2.9604299999999997
imagenet2dwarp,spair|glunet|False|True,spair,glunet|False|True,2.6273,0.11250324726165996,-0.0009361666477136453,0.0,0.0,2.5764299999999998
imagenet2dwarp,spair|glunet|True|False,spair,glunet|True|False,12.1407,0.11250324726165996,-0.02618788012083241,0.0,0.0,7.06112
imagenet2dwarp,spair|glunet|True|True,spair,glunet|True|True,3.6447,0.11250324726165996,-0.01836075095320934,0.0,0.0,9.59585
imagenet2dwarp,spair|raft|True|False,spair,raft|True|False,2.80045,0.11250324726165996,-0.0015315062252554974,0.0,0.0,2.76362875
imagenet2dwarp,synthetic|catspp|False|False,synthetic,catspp|False|False,19.2799,0.2031190388067451,-0.08437291412442639,0.0,0.0,23.11576
imagenet2dwarp,synthetic|catspp|False|True,synthetic,catspp|False|True,20.3562,0.2031190388067451,-0.09611245474507056,0.0,0.0,24.116545000000002
imagenet2dwarp,synthetic|catspp|True|False,synthetic,catspp|True|False,33.1069,0.2031190388067451,-0.10633405733661751,0.0,0.0,49.92098
imagenet2dwarp,synthetic|catspp|True|True,synthetic,catspp|True|True,70.9568,0.2031190388067451,-0.05935943605438339,0.0,0.0,45.1106
imagenet2dwarp,synthetic|glunet|False|False,synthetic,glunet|False|False,6.5898,0.2031190388067451,-0.059017907946662874,0.0,0.0,17.41697
imagenet2dwarp,synthetic|glunet|False|True,synthetic,glunet|False|True,14.039,0.2031190388067451,-0.02898359330930523,0.0,0.0,12.13237
imagenet2dwarp,synthetic|glunet|True|False,synthetic,glunet|True|False,6.5871,0.2031190388067451,-0.10955288852031224,0.0,0.0,31.10197
imagenet2dwarp,synthetic|glunet|True|True,synthetic,glunet|True|True,37.9779,0.2031190388067451,-0.08395345139127694,0.0,0.0,25.62596
imagenet2dwarp,synthetic|raft|True|False,synthetic,raft|True|False,54.0896,0.2031190388067451,-0.09525117897650227,0.0,0.0,17.6947425
imagenet2dwarp,tss|catspp|False|False,tss,catspp|False|False,33.4343,0.02756014714363425,-0.008877765857508864,0.0,0.0,24.251655
imagenet2dwarp,tss|catspp|False|True,tss,catspp|False|True,5.6335,0.02756014714363425,-0.007568214533239231,0.0,0.0,27.583735
imagenet2dwarp,tss|catspp|True|False,tss,catspp|True|False,65.697,0.02756014714363425,-0.003325438866221723,0.0,0.0,63.82755999999999
imagenet2dwarp,tss|catspp|True|True,tss,catspp|True|True,62.9798,0.02756014714363425,-0.0036134133065807276,0.0,0.0,64.63892
imagenet2dwarp,tss|glunet|False|False,tss,glunet|False|False,14.8312,0.02756014714363425,-0.009773867727163009,0.0,0.0,27.353749999999998
imagenet2dwarp,tss|glunet|False|True,tss,glunet|False|True,33.6273,0.02756014714363425,-0.007695305482768372,0.0,0.0,21.93813
imagenet2dwarp,tss|glunet|True|False,tss,glunet|True|False,49.3439,0.02756014714363425,-0.0175659377755294,0.0,0.0,47.90084
imagenet2dwarp,tss|glunet|True|True,tss,glunet|True|True,54.9733,0.02756014714363425,-0.014049121948268885,0.0,0.0,51.14355
imagenet2dwarp,tss|raft|True|False,tss,raft|True|False,6.1812,0.02756014714363425,-0.006041123003880989,0.0,0.0,22.8655675
movi_f,flyingthings|catspp|False|False,flyingthings,catspp|False|False,62.5568,0.005581146396232286,-0.008237470283125655,0.0,0.0,57.002155
movi_f,flyingthings|catspp|False|True,flyingthings,catspp|False|True,63.8607,0.005581146396232286,-0.008148878102243575,0.0,0.0,58.01104
movi_f,flyingthings|catspp|True|False,flyingthings,catspp|True|False,81.3255,0.005581146396232286,-0.002470195495303412,0.0,0.0,79.81685999999999
movi_f,flyingthings|catspp|True|True,flyingthings,catspp|True|True,82.249,0.005581146396232286,-0.001787294655306251,0.0,0.0,79.865305
movi_f,flyingthings|glunet|False|False,flyingthings,glunet|False|False,4.0965,0.005581146396232286,-0.004075887522434469,0.0,0.0,64.36426
movi_f,flyingthings|glunet|False|True,flyingthings,glunet|False|True,43.0123,0.005581146396232286,-0.007529408393208891,0.0,0.0,53.30494
movi_f,flyingthings|glunet|True|False,flyingthings,glunet|True|False,85.8465,0.005581146396232286,-0.008642249418537414,0.0,0.0,63.903150000000004
movi_f,flyingthings|glunet|True|True,flyingthings,glunet|True|True,39.6279,0.005581146396232286,-0.0049311684396515214,0.0,0.0,70.31922999999999
movi_f,flyingthings|raft|True|False,flyingthings,raft|True|False,68.432,0.005581146396232286,-0.010240630850572599,0.0,0.0,48.9825
movi_f,kitti2012|catspp|False|False,kitti2012,catspp|False|False,88.0451,-0.3255316485392411,0.5783307180698526,0.0,0.0,75.13224
movi_f,kitti2012|catspp|False|True,kitti2012,catspp|False|True,11.8574,-0.3255316485392411,0.20097943593376955,0.0,0.0,84.9662
movi_f,kitti2012|catspp|True|False,kitti2012,catspp|True|False,97.9034,-0.3255316485392411,0.10639870513534322,0.0,0.0,95.58322000000001
movi_f,kitti2012|catspp|True|True,kitti2012,catspp|True|True,96.3689,-0.3255316485392411,0.1008119195425426,0.0,0.0,95.60172
movi_f,kitti2012|glunet|False|False,kitti2012,glunet|False|False,93.4764,-0.3255316485392411,0.6091065710264426,0.0,0.0,85.65079
movi_f,kitti2012|glunet|False|True,kitti2012,glunet|False|True,82.5947,-0.3255316485392411,0.5979118286107261,0.0,0.0,82.96295
movi_f,kitti2012|glunet|True|False,kitti2012,glunet|True|False,97.2991,-0.3255316485392411,0.5504666794320173,0.0,0.0,87.99222999999999
movi_f,kitti2012|glunet|True|True,kitti2012,glunet|True|True,73.9202,-0.3255316485392411,0.3230320305500085,0.0,0.0,93.61564
movi_f,kitti2012|raft|True|False,kitti2012,raft|True|False,13.823675,-0.3255316485392411,0.5906687648647306,0.0,0.0,82.91414499999999
movi_f,kitti2015|catspp|False|False,kitti2015,catspp|False|False,91.4836,-0.2771709769787508,0.47109231137717866,0.0,0.0,77.09436
movi_f,kitti2015|catspp|False|True,kitti2015,catspp|False|True,83.9623,-0.2771709769787508,0.4695310274117994,0.0,0.0,78.68729
movi_f,kitti2015|catspp|True|False,kitti2015,catspp|True|False,98.0919,-0.2771709769787508,0.0715495965479194,0.0,0.0,94.854045
movi_f,kitti2015|catspp|True|True,kitti2015,catspp|True|True,95.7853,-0.2771709769787508,0.07177356078340448,0.0,0.0,94.75259
movi_f,kitti2015|glunet|False|False,kitti2015,glunet|False|False,90.0772,-0.2771709769787508,0.4890869042354828,0.0,0.0,81.41996
movi_f,kitti2015|glunet|False|True,kitti2015,glunet|False|True,83.9377,-0.2771709769787508,0.4521900533638321,0.0,0.0,78.08579
movi_f,kitti2015|glunet|True|False,kitti2015,glunet|True|False,98.0506,-0.2771709769787508,0.4323494118495116,0.0,0.0,85.83094
movi_f,kitti2015|glunet|True|True,kitti2015,glunet|True|True,97.4131,-0.2771709769787508,0.289867065836298,0.0,0.0,89.03812
movi_f,kitti2015|raft|True|False,kitti2015,raft|True|False,15.6081,-0.2771709769787508,0.4499731555306645,0.0,0.0,80.06758625
movi_f,pfpascal|catspp|False|False,pfpascal,catspp|False|False,12.26865,-0.01509536985178527,0.00519653365773639,0.0,0.0,11.713115
movi_f,pfpascal|catspp|False|True,pfpascal,catspp|False|True,16.0706,-0.01509536985178527,0.005543171372650435,0.0,0.0,11.48687
movi_f,pfpascal|catspp|True|False,pfpascal,catspp|True|False,38.806,-0.01509536985178527,0.006302935220380382,0.0,0.0,44.083839999999995
movi_f,pfpascal|catspp|True|True,pfpascal,catspp|True|True,45.1843,-0.01509536985178527,0.006135173918186885,0.0,0.0,46.306785000000005
movi_f,pfpascal|glunet|False|False,pfpascal,glunet|False|False,13.9864,-0.01509536985178527,0.005597460028141218,0.0,0.0,11.54605
movi_f,pfpascal|glunet|False|True,pfpascal,glunet|False|True,14.9872,-0.01509536985178527,0.004731135976642596,0.0,0.0,11.289860000000001
movi_f,pfpascal|glunet|True|False,pfpascal,glunet|True|False,44.4728,-0.01509536985178527,0.009481172835186156,0.0,0.0,24.052960000000002
movi_f,pfpascal|glunet|True|True,pfpascal,glunet|True|True,29.9721,-0.01509536985178527,0.011577089119689278,0.0,0.0,31.5577
movi_f,pfpascal|raft|True|False,pfpascal,raft|True|False,15.79625,-0.01509536985178527,0.004402485126976804,0.0,0.0,11.32337875
movi_f,pfwillow|catspp|False|False,pfwillow,catspp|False|False,8.2333,0.048850425644291075,-0.015257518332653132,0.0,0.0,14.628890000000002
movi_f,pfwillow|catspp|False|True,pfwillow,catspp|False|True,19.8667,0.048850425644291075,-0.016329987181859337,0.0,0.0,13.876105
movi_f,pfwillow|catspp|True|False,pfwillow,catspp|True|False,40.1667,0.048850425644291075,-0.01777370681368167,0.0,0.0,47.42611
movi_f,pfwillow|catspp|True|True,pfwillow,catspp|True|True,52.2222,0.048850425644291075,-0.020874607862310122,0.0,0.0,48.40555
movi_f,pfwillow|glunet|False|False,pfwillow,glunet|False|False,10.8778,0.048850425644291075,-0.015524838750786408,0.0,0.0,15.93931
movi_f,pfwillow|glunet|False|True,pfwillow,glunet|False|True,14.6333,0.048850425644291075,-0.015917431874694205,0.0,0.0,13.94238
movi_f,pfwillow|glunet|True|False,pfwillow,glunet|True|False,30.5,0.048850425644291075,-0.04120262453275721,0.0,0.0,29.02209
movi_f,pfwillow|glunet|True|True,pfwillow,glunet|True|True,44.3778,0.048850425644291075,-0.03723736858473631,0.0,0.0,33.082029999999996
movi_f,pfwillow|raft|True|False,pfwillow,raft|True|False,14.7593,0.048850425644291075,-0.015110404823417137,0.0,0.0,14.87611625
movi_f,pointodyssey|catspp|False|False,pointodyssey,catspp|False|False,68.8301,-0.05096244081539963,0.07851476962896778,0.0,0.0,42.213604999999994
movi_f,pointodyssey|catspp|False|True,pointodyssey,catspp|False|True,39.8187,-0.05096244081539963,0.09448885026883376,0.0,0.0,52.13083
movi_f,pointodyssey|catspp|True|False,pointodyssey,catspp|True|False,58.2916,-0.05096244081539963,0.0612829669309026,0.0,0.0,57.455799999999996
movi_f,pointodyssey|catspp|True|True,pointodyssey,catspp|True|True,48.5201,-0.05096244081539963,0.06023049084347637,0.0,0.0,58.849149999999995
movi_f,pointodyssey|glunet|False|False,pointodyssey,glunet|False|False,82.9373,-0.05096244081539963,0.09487539280105459,0.0,0.0,79.5337
movi_f,pointodyssey|glunet|False|True,pointodyssey,glunet|False|True,68.033,-0.05096244081539963,0.09063341688218331,0.0,0.0,75.34795
movi_f,pointodyssey|glunet|True|False,pointodyssey,glunet|True|False,97.2085,-0.05096244081539963,0.08211016732120718,0.0,0.0,83.22335000000001
movi_f,pointodyssey|glunet|True|True,pointodyssey,glunet|True|True,55.0086,-0.05096244081539963,0.038727879758445966,0.0,0.0,89.683
movi_f,pointodyssey|raft|True|False,pointodyssey,raft|True|False,3.8248375,-0.05096244081539963,0.07191801360164655,0.0,0.0,45.289375
movi_f,spair|catspp|False|False,spair,catspp|False|False,3.633,0.4764565914196041,-0.014380199045709302,0.0,0.0,3.518255
movi_f,spair|catspp|False|True,spair,catspp|False|True,4.1558,0.4764565914196041,-0.0158891507453522,0.0,0.0,3.503545
movi_f,spair|catspp|True|False,spair,catspp|True|False,23.9303,0.4764565914196041,-0.12030302934254834,0.0,0.0,20.96619
movi_f,spair|catspp|True|True,spair,catspp|True|True,23.9909,0.4764565914196041,-0.11659435953852663,0.0,0.0,22.32048
movi_f,spair|glunet|False|False,spair,glunet|False|False,2.3266,0.4764565914196041,-0.015967449192300434,0.0,0.0,2.92404
movi_f,spair|glunet|False|True,spair,glunet|False|True,2.5156,0.4764565914196041,-0.008536510324215856,0.0,0.0,2.5876
movi_f,spair|glunet|True|False,spair,glunet|True|False,3.778,0.4764565914196041,-0.24141586535984502,0.0,0.0,7.89739
movi_f,spair|glunet|True|True,spair,glunet|True|True,7.582,0.4764565914196041,-0.178726765351658,0.0,0.0,9.202119999999999
movi_f,spair|raft|True|False,spair,raft|True|False,2.7395,0.4764565914196041,-0.013995766624474831,0.0,0.0,2.76972375
movi_f,synthetic|catspp|False|False,synthetic,catspp|False|False,15.2654,0.6223889302480005,-0.548263107309648,0.0,0.0,23.51721
movi_f,synthetic|catspp|False|True,synthetic,catspp|False|True,17.94525,0.6223889302480005,-0.631201202151623,0.0,0.0,24.35764
movi_f,synthetic|catspp|True|False,synthetic,catspp|True|False,61.0298,0.6223889302480005,-0.7154485687523203,0.0,0.0,47.12869
movi_f,synthetic|catspp|True|True,synthetic,catspp|True|True,39.7476,0.6223889302480005,-0.5213144915918632,0.0,0.0,48.23152
movi_f,synthetic|glunet|False|False,synthetic,glunet|False|False,33.5541,0.6223889302480005,-0.32452348549123833,0.0,0.0,14.72054
movi_f,synthetic|glunet|False|True,synthetic,glunet|False|True,3.9451,0.6223889302480005,-0.14395531858748395,0.0,0.0,13.14176
movi_f,synthetic|glunet|True|False,synthetic,glunet|True|False,21.7318,0.6223889302480005,-0.7944231745756483,0.0,0.0,29.5875
movi_f,synthetic|glunet|True|True,synthetic,glunet|True|True,37.0372,0.6223889302480005,-0.5593674910925678,0.0,0.0,25.720029999999998
movi_f,synthetic|raft|True|False,synthetic,raft|True|False,4.2572,0.6223889302480005,-0.7689003270209542,0.0,0.0,22.6779825
movi_f,tss|catspp|False|False,tss,catspp|False|False,21.05095,0.0879010939795237,-0.06314107567637567,0.0,0.0,25.48999
movi_f,tss|catspp|False|True,tss,catspp|False|True,15.3875,0.0879010939795237,-0.06414762870616299,0.0,0.0,26.608335
movi_f,tss|catspp|True|False,tss,catspp|True|False,66.7564,0.0879010939795237,-0.02238608248302675,0.0,0.0,63.721619999999994
movi_f,tss|catspp|True|True,tss,catspp|True|True,64.5396,0.0879010939795237,-0.02508221362345803,0.0,0.0,64.48294
movi_f,tss|glunet|False|False,tss,glunet|False|False,23.6203,0.0879010939795237,-0.07148068294470206,0.0,0.0,26.47484
movi_f,tss|glunet|False|True,tss,glunet|False|True,26.4422,0.0879010939795237,-0.05732509943090431,0.0,0.0,22.65664
movi_f,tss|glunet|True|False,tss,glunet|True|False,66.03,0.0879010939795237,-0.11434598279617238,0.0,0.0,46.23223
movi_f,tss|glunet|True|True,tss,glunet|True|True,49.9068,0.0879010939795237,-0.09691406586191284,0.0,0.0,51.6502
movi_f,tss|raft|True|False,tss,raft|True|False,27.3868,0.0879010939795237,-0.05149138589262005,0.0,0.0,20.7450075
pointodyssey,flyingthings|catspp|False|False,flyingthings,catspp|False|False,61.2423,-0.014406276546636596,0.0054763900066916536,0.0,0.0,57.133605
pointodyssey,flyingthings|catspp|False|True,flyingthings,catspp|False|True,57.0993,-0.014406276546636596,0.005429122824821172,0.0,0.0,58.68718
pointodyssey,flyingthings|catspp|True|False,flyingthings,catspp|True|False,85.2977,-0.014406276546636596,0.0015691389448245752,0.0,0.0,79.41964
pointodyssey,flyingthings|catspp|True|True,flyingthings,catspp|True|True,80.7323,-0.014406276546636596,0.0012014363518738495,0.0,0.0,80.016975
pointodyssey,flyingthings|glunet|False|False,flyingthings,glunet|False|False,62.2616,-0.014406276546636596,0.005713522520105803,0.0,0.0,58.54774999999999
pointodyssey,flyingthings|glunet|False|True,flyingthings,glunet|False|True,67.784,-0.014406276546636596,0.004868681122136251,0.0,0.0,50.82777
pointodyssey,flyingthings|glunet|True|False,flyingthings,glunet|True|False,66.6096,-0.014406276546636596,0.006022368116795459,0.0,0.0,65.82684
pointodyssey,flyingthings|glunet|True|True,flyingthings,glunet|True|True,77.2625,-0.014406276546636596,0.004062368848685918,0.0,0.0,66.55577
pointodyssey,flyingthings|raft|True|False,flyingthings,raft|True|False,79.60585,-0.014406276546636596,0.006464948612503187,0.0,0.0,47.865115
pointodyssey,kitti2012|catspp|False|False,kitti2012,catspp|False|False,69.0475,-0.47705572228911386,0.21973508619522056,0.0,0.0,77.03200000000001
pointodyssey,kitti2012|catspp|False|True,kitti2012,catspp|False|True,86.4889,-0.47705572228911386,0.21479776444455512,0.0,0.0,77.50305
pointodyssey,kitti2012|catspp|True|False,kitti2012,catspp|True|False,98.3518,-0.47705572228911386,0.039850516415655825,0.0,0.0,95.53838
pointodyssey,kitti2012|catspp|True|True,kitti2012,catspp|True|True,97.2492,-0.47705572228911386,0.03774276970595367,0.0,0.0,95.51369
pointodyssey,kitti2012|glunet|False|False,kitti2012,glunet|False|False,97.9959,-0.47705572228911386,0.22780552780855787,0.0,0.0,85.19883999999999
pointodyssey,kitti2012|glunet|False|True,kitti2012,glunet|False|True,94.0515,-0.47705572228911386,0.22274607674122196,0.0,0.0,81.81727000000001
pointodyssey,kitti2012|glunet|True|False,kitti2012,glunet|True|False,22.7606,-0.47705572228911386,0.05606394879736657,0.0,0.0,95.44608
pointodyssey,kitti2012|glunet|True|True,kitti2012,glunet|True|True,93.1941,-0.47705572228911386,0.1333308142108637,0.0,0.0,91.68825000000001
pointodyssey,kitti2012|raft|True|False,kitti2012,raft|True|False,94.0246,-0.47705572228911386,0.2887366565624441,0.0,0.0,74.8940525
pointodyssey,kitti2015|catspp|False|False,kitti2015,catspp|False|False,88.7903,-0.46165862169771377,0.20312102237177526,0.0,0.0,77.36368999999999
pointodyssey,kitti2015|catspp|False|True,kitti2015,catspp|False|True,79.9745,-0.46165862169771377,0.20157719793343243,0.0,0.0,79.08607
pointodyssey,kitti2015|catspp|True|False,kitti2015,catspp|True|False,97.4319,-0.46165862169771377,0.031129544474193683,0.0,0.0,94.92004499999999
pointodyssey,kitti2015|catspp|True|True,kitti2015,catspp|True|True,97.817,-0.46165862169771377,0.029594873364253295,0.0,0.0,94.54942
pointodyssey,kitti2015|glunet|False|False,kitti2015,glunet|False|False,93.5085,-0.46165862169771377,0.20810003490728599,0.0,0.0,81.07683
pointodyssey,kitti2015|glunet|False|True,kitti2015,glunet|False|True,84.862,-0.46165862169771377,0.19342752327360224,0.0,0.0,77.99336000000001
pointodyssey,kitti2015|glunet|True|False,kitti2015,glunet|True|False,97.7086,-0.46165862169771377,0.18534576623099408,0.0,0.0,85.86514
pointodyssey,kitti2015|glunet|True|True,kitti2015,glunet|True|True,94.9408,-0.46165862169771377,0.12524632109164333,0.0,0.0,89.28535
pointodyssey,kitti2015|raft|True|False,kitti2015,raft|True|False,90.2207,-0.46165862169771377,0.2545090220414388,0.0,0.0,72.60632625
pointodyssey,pfpascal|catspp|False|False,pfpascal,catspp|False|False,14.1789,-0.11276983731402719,0.009836119246626758,0.0,0.0,11.52209
pointodyssey,pfpascal|catspp|False|True,pfpascal,catspp|False|True,7.8772,-0.11276983731402719,0.010676103627660418,0.0,0.0,12.30621
pointodyssey,pfpascal|catspp|True|False,pfpascal,catspp|True|False,48.3555,-0.11276983731402719,0.012117040838919223,0.0,0.0,43.12889
pointodyssey,pfpascal|catspp|True|True,pfpascal,catspp|True|True,47.1207,-0.11276983731402719,0.011789708865223868,0.0,0.0,46.113144999999996
pointodyssey,pfpascal|glunet|False|False,pfpascal,glunet|False|False,11.2521,-0.11276983731402719,0.01086410995127611,0.0,0.0,11.81948
pointodyssey,pfpascal|glunet|False|True,pfpascal,glunet|False|True,12.3527,-0.11276983731402719,0.009390633988418415,0.0,0.0,11.55331
pointodyssey,pfpascal|glunet|True|False,pfpascal,glunet|True|False,34.1953,-0.11276983731402719,0.021792196861293803,0.0,0.0,25.08071
pointodyssey,pfpascal|glunet|True|True,pfpascal,glunet|True|True,42.0709,-0.11276983731402719,0.02089743394392084,0.0,0.0,30.347820000000002
pointodyssey,pfpascal|raft|True|False,pfpascal,raft|True|False,7.6938,-0.11276983731402719,0.00846434230220369,0.0,0.0,12.133623750000002
pointodyssey,pfwillow|catspp|False|False,pfwillow,catspp|False|False,11.9667,-0.07527859791485088,0.006585359631259114,0.0,0.0,14.25555
pointodyssey,pfwillow|catspp|False|True,pfwillow,catspp|False|True,11.5778,-0.07527859791485088,0.006845405340586163,0.0,0.0,14.704995
pointodyssey,pfwillow|catspp|True|False,pfwillow,catspp|True|False,52.3889,-0.07527859791485088,0.007236109121482141,0.0,0.0,46.20389
pointodyssey,pfwillow|catspp|True|True,pfwillow,catspp|True|True,38.0222,-0.07527859791485088,0.006676549359437849,0.0,0.0,49.82555
pointodyssey,pfwillow|glunet|False|False,pfwillow,glunet|False|False,13.8,-0.07527859791485088,0.006487456104557635,0.0,0.0,15.64709
pointodyssey,pfwillow|glunet|False|True,pfwillow,glunet|False|True,7.7889,-0.07527859791485088,0.005562075459362452,0.0,0.0,14.62682
pointodyssey,pfwillow|glunet|True|False,pfwillow,glunet|True|False,29.116,-0.07527859791485088,0.016339187585879152,0.0,0.0,29.16049
pointodyssey,pfwillow|glunet|True|True,pfwillow,glunet|True|True,34.1444,-0.07527859791485088,0.015559570277248327,0.0,0.0,34.10537
pointodyssey,pfwillow|raft|True|False,pfwillow,raft|True|False,17.8333,-0.07527859791485088,0.005815105679041107,0.0,0.0,14.56871625
pointodyssey,pointodyssey|catspp|False|False,pointodyssey,catspp|False|False,51.33235,-0.07600322061125943,0.0321555782921495,0.0,0.0,43.96338
pointodyssey,pointodyssey|catspp|False|True,pointodyssey,catspp|False|True,17.5356,-0.07600322061125943,0.0328379995917724,0.0,0.0,54.359140000000004
pointodyssey,pointodyssey|catspp|True|False,pointodyssey,catspp|True|False,45.1112,-0.07600322061125943,0.022717044840344938,0.0,0.0,58.77383999999999
pointodyssey,pointodyssey|catspp|True|True,pointodyssey,catspp|True|True,45.8507,-0.07600322061125943,0.022803256141759726,0.0,0.0,59.11609
pointodyssey,pointodyssey|glunet|False|False,pointodyssey,glunet|False|False,66.6921,-0.07600322061125943,0.03584984026587271,0.0,0.0,81.15822
pointodyssey,pointodyssey|glunet|False|True,pointodyssey,glunet|False|True,80.199,-0.07600322061125943,0.03480300913650832,0.0,0.0,74.13135
pointodyssey,pointodyssey|glunet|True|False,pointodyssey,glunet|True|False,92.7503,-0.07600322061125943,0.03183574329554204,0.0,0.0,83.66917
pointodyssey,pointodyssey|glunet|True|True,pointodyssey,glunet|True|True,96.5122,-0.07600322061125943,0.020767774864746208,0.0,0.0,85.53264
pointodyssey,pointodyssey|raft|True|False,pointodyssey,raft|True|False,9.7147,-0.07600322061125943,0.02927635008715241,0.0,0.0,44.70038875
pointodyssey,spair|catspp|False|False,spair,catspp|False|False,3.018,0.020311097097023553,-0.00014366594273815624,0.0,0.0,3.579755
pointodyssey,spair|catspp|False|True,spair,catspp|False|True,2.6465,0.020311097097023553,-0.00014872382519435717,0.0,0.0,3.654475
pointodyssey,spair|catspp|True|False,spair,catspp|True|False,20.8771,0.020311097097023553,-0.0013634767921764284,0.0,0.0,21.27151
pointodyssey,spair|catspp|True|True,spair,catspp|True|True,25.8691,0.020311097097023553,-0.0012157379484827799,0.0,0.0,22.132659999999998
pointodyssey,spair|glunet|False|False,spair,glunet|False|False,2.6759,0.020311097097023553,-0.00018699833437764307,0.0,0.0,2.88911
pointodyssey,spair|glunet|False|True,spair,glunet|False|True,2.9367,0.020311097097023553,-8.18467208962226e-05,0.0,0.0,2.54549
pointodyssey,spair|glunet|True|False,spair,glunet|True|False,4.5811,0.020311097097023553,-0.0026633241037140438,0.0,0.0,7.81708
pointodyssey,spair|glunet|True|True,spair,glunet|True|True,5.8067,0.020311097097023553,-0.0019227813252634066,0.0,0.0,9.37965
pointodyssey,spair|raft|True|False,spair,raft|True|False,2.895,0.020311097097023553,-0.00015255541631308564,0.0,0.0,2.75417375
pointodyssey,synthetic|catspp|False|False,synthetic,catspp|False|False,17.907249999999998,-0.2397775245787795,0.05501315409087243,0.0,0.0,23.253025
pointodyssey,synthetic|catspp|False|True,synthetic,catspp|False|True,18.8784,-0.2397775245787795,0.06271588960098763,0.0,0.0,24.264325000000003
pointodyssey,synthetic|catspp|True|False,synthetic,catspp|True|False,84.9434,-0.2397775245787795,0.04757644991911409,0.0,0.0,44.73733
pointodyssey,synthetic|catspp|True|True,synthetic,catspp|True|True,39.1069,-0.2397775245787795,0.051408403206170225,0.0,0.0,48.29559
pointodyssey,synthetic|glunet|False|False,synthetic,glunet|False|False,16.7571,-0.2397775245787795,0.04148485272312417,0.0,0.0,16.40024
pointodyssey,synthetic|glunet|False|True,synthetic,glunet|False|True,12.7059,-0.2397775245787795,0.01915669155374831,0.0,0.0,12.26568
pointodyssey,synthetic|glunet|True|False,synthetic,glunet|True|False,32.9391,-0.2397775245787795,0.07920974377009402,0.0,0.0,28.466769999999997
pointodyssey,synthetic|glunet|True|True,synthetic,glunet|True|True,21.6568,-0.2397775245787795,0.05707917312034067,0.0,0.0,27.258069999999996
pointodyssey,synthetic|raft|True|False,synthetic,raft|True|False,25.1774,-0.2397775245787795,0.08011740794853818,0.0,0.0,20.5859625
pointodyssey,tss|catspp|False|False,tss,catspp|False|False,32.3684,-0.038402555045565036,0.006935564614513418,0.0,0.0,24.358245
pointodyssey,tss|catspp|False|True,tss,catspp|False|True,35.3243,-0.038402555045565036,0.007244833377813219,0.0,0.0,24.614655
pointodyssey,tss|catspp|True|False,tss,catspp|True|False,65.8113,-0.038402555045565036,0.002566006934460381,0.0,0.0,63.81613
pointodyssey,tss|catspp|True|True,tss,catspp|True|True,65.1306,-0.038402555045565036,0.0028133157169152614,0.0,0.0,64.42384
pointodyssey,tss|glunet|False|False,tss,glunet|False|False,36.1641,-0.038402555045565036,0.0076766081198857,0.0,0.0,25.22046
pointodyssey,tss|glunet|False|True,tss,glunet|False|True,22.0866,-0.038402555045565036,0.006491046489794099,0.0,0.0,23.0922
pointodyssey,tss|glunet|True|False,tss,glunet|True|False,52.1427,-0.038402555045565036,0.013545576878651497,0.0,0.0,47.620960000000004
pointodyssey,tss|glunet|True|True,tss,glunet|True|True,34.6233,-0.038402555045565036,0.010077616418007553,0.0,0.0,53.178549999999994
pointodyssey,tss|raft|True|False,tss,raft|True|False,25.936,-0.038402555045565036,0.0058641045827734955,0.0,0.0,20.8900875
sintel,flyingthings|catspp|False|False,flyingthings,catspp|False|False,76.3251,-0.007329061647221492,0.018167329952765033,0.0,0.0,55.625325
sintel,flyingthings|catspp|False|True,flyingthings,catspp|False|True,76.5009,-0.007329061647221492,0.018050296396987273,0.0,0.0,56.74702
sintel,flyingthings|catspp|True|False,flyingthings,catspp|True|False,81.8483,-0.007329061647221492,0.005705289313262145,0.0,0.0,79.76458
sintel,flyingthings|catspp|True|True,flyingthings,catspp|True|True,81.6201,-0.007329061647221492,0.00416809466557387,0.0,0.0,79.92819499999999
sintel,flyingthings|glunet|False|False,flyingthings,glunet|False|False,79.5401,-0.007329061647221492,0.018831314813675802,0.0,0.0,56.8199
sintel,flyingthings|glunet|False|True,flyingthings,glunet|False|True,57.5697,-0.007329061647221492,0.017615247672855956,0.0,0.0,51.849199999999996
sintel,flyingthings|glunet|True|False,flyingthings,glunet|True|False,72.0776,-0.007329061647221492,0.02092061859054368,0.0,0.0,65.28004
sintel,flyingthings|glunet|True|True,flyingthings,glunet|True|True,39.106,-0.007329061647221492,0.011286554462883115,0.0,0.0,70.37142
sintel,flyingthings|raft|True|False,flyingthings,raft|True|False,63.2297,-0.007329061647221492,0.024054804384146658,0.0,0.0,49.50273
sintel,kitti2012|catspp|False|False,kitti2012,catspp|False|False,10.184,-0.25215084912362945,0.3276619066159651,0.0,0.0,82.91835
sintel,kitti2012|catspp|False|True,kitti2012,catspp|False|True,94.8248,-0.25215084912362945,0.7623766724899428,0.0,0.0,76.66946
sintel,kitti2012|catspp|True|False,kitti2012,catspp|True|False,92.9336,-0.25215084912362945,0.14376756132594548,0.0,0.0,96.0802
sintel,kitti2012|catspp|True|True,kitti2012,catspp|True|True,95.7835,-0.25215084912362945,0.1379217819079118,0.0,0.0,95.66026000000001
sintel,kitti2012|glunet|False|False,kitti2012,glunet|False|False,83.4869,-0.25215084912362945,0.8351566620666281,0.0,0.0,86.64974
sintel,kitti2012|glunet|False|True,kitti2012,glunet|False|True,83.8602,-0.25215084912362945,0.8167083414880565,0.0,0.0,82.8364
sintel,kitti2012|glunet|True|False,kitti2012,glunet|True|False,99.1933,-0.25215084912362945,0.7490554337819053,0.0,0.0,87.80281
sintel,kitti2012|glunet|True|True,kitti2012,glunet|True|True,98.9758,-0.25215084912362945,0.47707940714276265,0.0,0.0,91.11008000000001
sintel,kitti2012|raft|True|False,kitti2012,raft|True|False,81.5116,-0.25215084912362945,1.0628229679850791,0.0,0.0,76.1453525
sintel,kitti2015|catspp|False|False,kitti2015,catspp|False|False,10.8859,-0.21523157199427684,0.16151619199982029,0.0,0.0,85.15413
sintel,kitti2015|catspp|False|True,kitti2015,catspp|False|True,85.19040000000001,-0.21523157199427684,0.6420867692549234,0.0,0.0,78.56448
sintel,kitti2015|catspp|True|False,kitti2015,catspp|True|False,94.1351,-0.21523157199427684,0.10139087461205727,0.0,0.0,95.249725
sintel,kitti2015|catspp|True|True,kitti2015,catspp|True|True,95.0862,-0.21523157199427684,0.09866333268474405,0.0,0.0,94.8225
sintel,kitti2015|glunet|False|False,kitti2015,glunet|False|False,71.5137,-0.21523157199427684,0.6662994729511192,0.0,0.0,83.27631
sintel,kitti2015|glunet|False|True,kitti2015,glunet|False|True,84.0249,-0.21523157199427684,0.6191911173262512,0.0,0.0,78.07707
sintel,kitti2015|glunet|True|False,kitti2015,glunet|True|False,29.7992,-0.21523157199427684,0.26681999884618784,0.0,0.0,92.65608
sintel,kitti2015|glunet|True|True,kitti2015,glunet|True|True,61.7536,-0.21523157199427684,0.3046180003993014,0.0,0.0,92.60407000000001
sintel,kitti2015|raft|True|False,kitti2015,raft|True|False,84.9165,-0.21523157199427684,0.821507368854228,0.0,0.0,73.13674625
sintel,pfpascal|catspp|False|False,pfpascal,catspp|False|False,3.0238,-0.03729606643701031,0.017590338164866,0.0,0.0,12.6376
sintel,pfpascal|catspp|False|True,pfpascal,catspp|False|True,15.5569,-0.03729606643701031,0.024373986240092203,0.0,0.0,11.538239999999998
sintel,pfpascal|catspp|True|False,pfpascal,catspp|True|False,42.4378,-0.03729606643701031,0.028496926533777143,0.0,0.0,43.720659999999995
sintel,pfpascal|catspp|True|True,pfpascal,catspp|True|True,38.0521,-0.03729606643701031,0.023236625911663998,0.0,0.0,47.020005
sintel,pfpascal|glunet|False|False,pfpascal,glunet|False|False,18.1731,-0.03729606643701031,0.02232593860612163,0.0,0.0,11.127379999999999
sintel,pfpascal|glunet|False|True,pfpascal,glunet|False|True,13.1695,-0.03729606643701031,0.021184201277258577,0.0,0.0,11.471630000000001
sintel,pfpascal|glunet|True|False,pfpascal,glunet|True|False,30.4384,-0.03729606643701031,0.050714754739581855,0.0,0.0,25.456400000000002
sintel,pfpascal|glunet|True|True,pfpascal,glunet|True|True,46.4716,-0.03729606643701031,0.044099383908489734,0.0,0.0,29.90775
sintel,pfpascal|raft|True|False,pfpascal,raft|True|False,11.7703,-0.03729606643701031,0.020300701915712694,0.0,0.0,11.72597375
sintel,pfwillow|catspp|False|False,pfwillow,catspp|False|False,17.4889,0.01281014292556128,-0.00753030239367444,0.0,0.0,13.70333
sintel,pfwillow|catspp|False|True,pfwillow,catspp|False|True,18.5333,0.01281014292556128,-0.007813315784126406,0.0,0.0,14.009445
sintel,pfwillow|catspp|True|False,pfwillow,catspp|True|False,38.0889,0.01281014292556128,-0.007587173978721803,0.0,0.0,47.633889999999994
sintel,pfwillow|catspp|True|True,pfwillow,catspp|True|True,57.2889,0.01281014292556128,-0.008604303282205418,0.0,0.0,47.898880000000005
sintel,pfwillow|glunet|False|False,pfwillow,glunet|False|False,16.7914,0.01281014292556128,-0.007594378805331575,0.0,0.0,15.34795
sintel,pfwillow|glunet|False|True,pfwillow,glunet|False|True,10.5889,0.01281014292556128,-0.007115893871206548,0.0,0.0,14.34682
sintel,pfwillow|glunet|True|False,pfwillow,glunet|True|False,36.5889,0.01281014292556128,-0.018607833336625832,0.0,0.0,28.4132
sintel,pfwillow|glunet|True|True,pfwillow,glunet|True|True,27.2457,0.01281014292556128,-0.017746537105294655,0.0,0.0,34.79524
sintel,pfwillow|raft|True|False,pfwillow,raft|True|False,8.1389,0.01281014292556128,-0.00588079308333944,0.0,0.0,15.53815625
sintel,pointodyssey|catspp|False|False,pointodyssey,catspp|False|False,17.1954,-0.040404354560570566,0.10736462649257546,0.0,0.0,47.377075
sintel,pointodyssey|catspp|False|True,pointodyssey,catspp|False|True,80.8951,-0.040404354560570566,0.12267227284346567,0.0,0.0,48.02319
sintel,pointodyssey|catspp|True|False,pointodyssey,catspp|True|False,54.5198,-0.040404354560570566,0.08553062095803379,0.0,0.0,57.83298
sintel,pointodyssey|catspp|True|True,pointodyssey,catspp|True|True,59.3461,-0.040404354560570566,0.08580163705175223,0.0,0.0,57.766549999999995
sintel,pointodyssey|glunet|False|False,pointodyssey,glunet|False|False,85.9719,-0.040404354560570566,0.13232417459160983,0.0,0.0,79.23024000000001
sintel,pointodyssey|glunet|False|True,pointodyssey,glunet|False|True,80.8978,-0.040404354560570566,0.12679319598455804,0.0,0.0,74.06147
sintel,pointodyssey|glunet|True|False,pointodyssey,glunet|True|False,91.0513,-0.040404354560570566,0.1164147678375717,0.0,0.0,83.83906999999999
sintel,pointodyssey|glunet|True|True,pointodyssey,glunet|True|True,96.2978,-0.040404354560570566,0.07580846703456438,0.0,0.0,85.55408
sintel,pointodyssey|raft|True|False,pointodyssey,raft|True|False,64.2839,-0.040404354560570566,0.1137552546515402,0.0,0.0,39.24346875
sintel,spair|catspp|False|False,spair,catspp|False|False,3.7321,0.1811003499621774,-0.009539374550882057,0.0,0.0,3.508345
sintel,spair|catspp|False|True,spair,catspp|False|True,4.0341,0.1811003499621774,-0.011027090559419528,0.0,0.0,3.515715
sintel,spair|catspp|True|False,spair,catspp|True|False,22.7753,0.1811003499621774,-0.08252957281722978,0.0,0.0,21.081690000000002
sintel,spair|catspp|True|True,spair,catspp|True|True,17.4154,0.1811003499621774,-0.06814498250573923,0.0,0.0,22.97803
sintel,spair|glunet|False|False,spair,glunet|False|False,3.0311,0.1811003499621774,-0.011467138898979327,0.0,0.0,2.8535899999999996
sintel,spair|glunet|False|True,spair,glunet|False|True,2.0144,0.1811003499621774,-0.0035776748752314735,0.0,0.0,2.6377200000000003
sintel,spair|glunet|True|False,spair,glunet|True|False,26.6007,0.1811003499621774,-0.06448503102782122,0.0,0.0,5.61512
sintel,spair|glunet|True|True,spair,glunet|True|True,14.4483,0.1811003499621774,-0.11251093391398038,0.0,0.0,8.51549
sintel,spair|raft|True|False,spair,raft|True|False,2.9715,0.1811003499621774,-0.009242940249066833,0.0,0.0,2.74652375
sintel,synthetic|catspp|False|False,synthetic,catspp|False|False,20.6718,0.35875878514335596,-0.568725889201083,0.0,0.0,22.97657
sintel,synthetic|catspp|False|True,synthetic,catspp|False|True,4.077,0.35875878514335596,-0.5694375637509803,0.0,0.0,25.744465
sintel,synthetic|catspp|True|False,synthetic,catspp|True|False,53.8161,0.35875878514335596,-0.7490984753459287,0.0,0.0,47.85006
sintel,synthetic|catspp|True|True,synthetic,catspp|True|True,61.0204,0.35875878514335596,-0.5001130320953706,0.0,0.0,46.10424
sintel,synthetic|glunet|False|False,synthetic,glunet|False|False,14.6555,0.35875878514335596,-0.4248226101530181,0.0,0.0,16.610400000000002
sintel,synthetic|glunet|False|True,synthetic,glunet|False|True,13.3788,0.35875878514335596,-0.19595827671720106,0.0,0.0,12.19839
sintel,synthetic|glunet|True|False,synthetic,glunet|True|False,26.6724,0.35875878514335596,-0.8146089273901252,0.0,0.0,29.093439999999998
sintel,synthetic|glunet|True|True,synthetic,glunet|True|True,18.4805,0.35875878514335596,-0.5767163277778906,0.0,0.0,27.5757
sintel,synthetic|raft|True|False,synthetic,raft|True|False,21.9875,0.35875878514335596,-0.824617671130391,0.0,0.0,20.9049525
sintel,tss|catspp|False|False,tss,catspp|False|False,33.0076,0.047199917207928335,-0.05810806412389516,0.0,0.0,24.294325
sintel,tss|catspp|False|True,tss,catspp|False|True,32.7945,0.047199917207928335,-0.06255416182390298,0.0,0.0,24.867635
sintel,tss|catspp|True|False,tss,catspp|True|False,60.1788,0.047199917207928335,-0.0204839436442191,0.0,0.0,64.37938
sintel,tss|catspp|True|True,tss,catspp|True|True,66.7002,0.047199917207928335,-0.023307866838778453,0.0,0.0,64.26688
sintel,tss|glunet|False|False,tss,glunet|False|False,26.1956,0.047199917207928335,-0.06790294983725928,0.0,0.0,26.217309999999998
sintel,tss|glunet|False|True,tss,glunet|False|True,27.3178,0.047199917207928335,-0.054017334694920614,0.0,0.0,22.56908
sintel,tss|glunet|True|False,tss,glunet|True|False,58.8215,0.047199917207928335,-0.11230588382719114,0.0,0.0,46.95308
sintel,tss|glunet|True|True,tss,glunet|True|True,51.7585,0.047199917207928335,-0.09183226226891716,0.0,0.0,51.46503
sintel,tss|raft|True|False,tss,raft|True|False,24.4577,0.047199917207928335,-0.04992217054517027,0.0,0.0,21.0379175
spair,flyingthings|catspp|False|False,flyingthings,catspp|False|False,64.4318,0.038766783646415275,-0.023932130326199928,0.0,0.0,56.814655
spair,flyingthings|catspp|False|True,flyingthings,catspp|False|True,72.1858,0.038766783646415275,-0.023201381169785037,0.0,0.0,57.17853
spair,flyingthings|catspp|True|False,flyingthings,catspp|True|False,77.7052,0.038766783646415275,-0.007163423373503149,0.0,0.0,80.17889
spair,flyingthings|catspp|True|True,flyingthings,catspp|True|True,77.9071,0.038766783646415275,-0.005208640943945888,0.0,0.0,80.29949500000001
spair,flyingthings|glunet|False|False,flyingthings,glunet|False|False,64.4604,0.038766783646415275,-0.02502500703759315,0.0,0.0,58.32787
spair,flyingthings|glunet|False|True,flyingthings,glunet|False|True,56.8539,0.038766783646415275,-0.022194429493138945,0.0,0.0,51.92078
spair,flyingthings|glunet|True|False,flyingthings,glunet|True|False,70.575,0.038766783646415275,-0.02637928461927693,0.0,0.0,65.4303
spair,flyingthings|glunet|True|True,flyingthings,glunet|True|True,69.7732,0.038766783646415275,-0.01824459077548968,0.0,0.0,67.3047
spair,flyingthings|raft|True|False,flyingthings,raft|True|False,4.28145,0.038766783646415275,-0.024274671548473948,0.0,0.0,55.397555
spair,kitti2012|catspp|False|False,kitti2012,catspp|False|False,76.4616,1.1349379802830597,-0.857363051234708,0.0,0.0,76.29059
spair,kitti2012|catspp|False|True,kitti2012,catspp|False|True,77.1277,1.1349379802830597,-0.8393490778386384,0.0,0.0,78.43917
spair,kitti2012|catspp|True|False,kitti2012,catspp|True|False,83.7234,1.1349379802830597,-0.06675838864483195,0.0,0.0,97.00122
spair,kitti2012|catspp|True|True,kitti2012,catspp|True|True,95.9432,1.1349379802830597,-0.14767376643437968,0.0,0.0,95.64429
spair,kitti2012|glunet|False|False,kitti2012,glunet|False|False,95.5502,1.1349379802830597,-0.8884050428867585,0.0,0.0,85.44341
spair,kitti2012|glunet|False|True,kitti2012,glunet|False|True,98.3756,1.1349379802830597,-0.8553949209839277,0.0,0.0,81.38486
spair,kitti2012|glunet|True|False,kitti2012,glunet|True|False,98.4939,1.1349379802830597,-0.8033963850831687,0.0,0.0,87.87275
spair,kitti2012|glunet|True|True,kitti2012,glunet|True|True,54.1912,1.1349379802830597,-0.26448881968770355,0.0,0.0,95.58854
spair,kitti2012|raft|True|False,kitti2012,raft|True|False,87.91614999999999,1.1349379802830597,-1.131813382003723,0.0,0.0,75.5048975
spair,kitti2015|catspp|False|False,kitti2015,catspp|False|False,84.7086,0.9981988688584701,-0.7218079451452636,0.0,0.0,77.77185999999999
spair,kitti2015|catspp|False|True,kitti2015,catspp|False|True,78.5201,0.9981988688584701,-0.7112499819832232,0.0,0.0,79.23151
spair,kitti2015|catspp|True|False,kitti2015,catspp|True|False,96.7896,0.9981988688584701,-0.11107101245274391,0.0,0.0,94.984275
spair,kitti2015|catspp|True|True,kitti2015,catspp|True|True,95.5148,0.9981988688584701,-0.10867702010811256,0.0,0.0,94.77964
spair,kitti2015|glunet|False|False,kitti2015,glunet|False|False,90.6756,0.9981988688584701,-0.7383646912354381,0.0,0.0,81.36012000000001
spair,kitti2015|glunet|False|True,kitti2015,glunet|False|True,86.9497,0.9981988688584701,-0.6800592932407857,0.0,0.0,77.78459000000001
spair,kitti2015|glunet|True|False,kitti2015,glunet|True|False,95.0838,0.9981988688584701,-0.6580579076638099,0.0,0.0,86.12762000000001
spair,kitti2015|glunet|True|True,kitti2015,glunet|True|True,97.4108,0.9981988688584701,-0.4380354654530752,0.0,0.0,89.03835000000001
spair,kitti2015|raft|True|False,kitti2015,raft|True|False,70.4775,0.9981988688584701,-0.912495592514203,0.0,0.0,74.58064625
spair,pfpascal|catspp|False|False,pfpascal,catspp|False|False,10.5271,0.19711894928477883,-0.028378517533575273,0.0,0.0,11.88727
spair,pfpascal|catspp|False|True,pfpascal,catspp|False|True,10.9336,0.19711894928477883,-0.03149327415298431,0.0,0.0,12.00057
spair,pfpascal|catspp|True|False,pfpascal,catspp|True|False,49.2406,0.19711894928477883,-0.03399632661216897,0.0,0.0,43.04038
spair,pfpascal|catspp|True|True,pfpascal,catspp|True|True,45.84245,0.19711894928477883,-0.03367327553023548,0.0,0.0,46.24097
spair,pfpascal|glunet|False|False,pfpascal,glunet|False|False,8.3855,0.19711894928477883,-0.03021786584498543,0.0,0.0,12.10614
spair,pfpascal|glunet|False|True,pfpascal,glunet|False|True,5.604,0.19711894928477883,-0.02380326105886836,0.0,0.0,12.22818
spair,pfpascal|glunet|True|False,pfpascal,glunet|True|False,5.8954,0.19711894928477883,-0.04962393142098664,0.0,0.0,27.910700000000002
spair,pfpascal|glunet|True|True,pfpascal,glunet|True|True,33.9699,0.19711894928477883,-0.06328530244044775,0.0,0.0,31.15792
spair,pfpascal|raft|True|False,pfpascal,raft|True|False,14.4373,0.19711894928477883,-0.024914878992836776,0.0,0.0,11.45927375
spair,pfwillow|catspp|False|False,pfwillow,catspp|False|False,19.4444,0.063576850641508,-0.008454431932751551,0.0,0.0,13.50778
spair,pfwillow|catspp|False|True,pfwillow,catspp|False|True,5.5667,0.063576850641508,-0.007623702234300803,0.0,0.0,15.306104999999999
spair,pfwillow|catspp|True|False,pfwillow,catspp|True|False,44.0889,0.063576850641508,-0.01049711470108589,0.0,0.0,47.03389
spair,pfwillow|catspp|True|True,pfwillow,catspp|True|True,48.9333,0.063576850641508,-0.011628488411597103,0.0,0.0,48.73444
spair,pfwillow|glunet|False|False,pfwillow,glunet|False|False,21.063,0.063576850641508,-0.008214737078593588,0.0,0.0,14.92079
spair,pfwillow|glunet|False|True,pfwillow,glunet|False|True,16.9778,0.063576850641508,-0.008476456587427236,0.0,0.0,13.70793
spair,pfwillow|glunet|True|False,pfwillow,glunet|True|False,10.1,0.063576850641508,-0.01864315959238643,0.0,0.0,31.06209
spair,pfwillow|glunet|True|True,pfwillow,glunet|True|True,48.458,0.063576850641508,-0.01921976921463924,0.0,0.0,32.674009999999996
spair,pfwillow|raft|True|False,pfwillow,raft|True|False,16.6614,0.063576850641508,-0.008165719325644595,0.0,0.0,14.685906249999999
spair,pointodyssey|catspp|False|False,pointodyssey,catspp|False|False,34.7757,0.18378231359220037,-0.1261239637154716,0.0,0.0,45.619045
spair,pointodyssey|catspp|False|True,pointodyssey,catspp|False|True,84.993,0.18378231359220037,-0.12909147816569502,0.0,0.0,47.6134
spair,pointodyssey|catspp|True|False,pointodyssey,catspp|True|False,72.7112,0.18378231359220037,-0.08806649513698103,0.0,0.0,56.01384
spair,pointodyssey|catspp|True|True,pointodyssey,catspp|True|True,73.2754,0.18378231359220037,-0.08811090281831802,0.0,0.0,56.37362
spair,pointodyssey|glunet|False|False,pointodyssey,glunet|False|False,92.1122,0.18378231359220037,-0.14175025213877726,0.0,0.0,78.61621
spair,pointodyssey|glunet|False|True,pointodyssey,glunet|False|True,78.4489,0.18378231359220037,-0.1375459335771326,0.0,0.0,74.30636
spair,pointodyssey|glunet|True|False,pointodyssey,glunet|True|False,96.5284,0.18378231359220037,-0.12449570708044515,0.0,0.0,83.29136
spair,pointodyssey|glunet|True|True,pointodyssey,glunet|True|True,61.2703,0.18378231359220037,-0.06884153297414936,0.0,0.0,89.05683
spair,pointodyssey|raft|True|False,pointodyssey,raft|True|False,34.6076,0.18378231359220037,-0.1299324160489394,0.0,0.0,42.211098750000005
spair,spair|catspp|False|False,spair,catspp|False|False,3.3223,-0.20997384145697728,0.0026304310338550858,0.0,0.0,3.5493249999999996
spair,spair|catspp|False|True,spair,catspp|False|True,3.32435,-0.20997384145697728,0.0031693665841262923,0.0,0.0,3.58669
spair,spair|catspp|True|False,spair,catspp|True|False,22.5826,-0.20997384145697728,0.022825129817955397,0.0,0.0,21.10096
spair,spair|catspp|True|True,spair,catspp|True|True,27.9373,-0.20997384145697728,0.018243274904839728,0.0,0.0,21.92584
spair,spair|glunet|False|False,spair,glunet|False|False,3.0334,-0.20997384145697728,0.003162768755156961,0.0,0.0,2.85336
spair,spair|glunet|False|True,spair,glunet|False|True,2.4731,-0.20997384145697728,0.0015673290710331298,0.0,0.0,2.59185
spair,spair|glunet|True|False,spair,glunet|True|False,6.6514,-0.20997384145697728,0.04534825142610091,0.0,0.0,7.610049999999999
spair,spair|glunet|True|True,spair,glunet|True|True,8.153,-0.20997384145697728,0.03314788458496563,0.0,0.0,9.145019999999999
spair,spair|raft|True|False,spair,raft|True|False,3.0927,-0.20997384145697728,0.0024886584839280655,0.0,0.0,2.73440375
spair,synthetic|catspp|False|False,synthetic,catspp|False|False,22.7542,-0.2273723689697718,0.08590317647456691,0.0,0.0,22.76833
spair,synthetic|catspp|False|True,synthetic,catspp|False|True,48.6509,-0.2273723689697718,0.07795143799270828,0.0,0.0,21.287074999999998
spair,synthetic|catspp|True|False,synthetic,catspp|True|False,40.9952,-0.2273723689697718,0.11232739384415903,0.0,0.0,49.13215
spair,synthetic|catspp|True|True,synthetic,catspp|True|True,43.3481,-0.2273723689697718,0.08139477765376361,0.0,0.0,47.87147
spair,synthetic|glunet|False|False,synthetic,glunet|False|False,27.0582,-0.2273723689697718,0.059052451801112286,0.0,0.0,15.37013
spair,synthetic|glunet|False|True,synthetic,glunet|False|True,16.1312,-0.2273723689697718,0.02823831947680325,0.0,0.0,11.923150000000001
spair,synthetic|glunet|True|False,synthetic,glunet|True|False,25.8011,-0.2273723689697718,0.1227316993466175,0.0,0.0,29.18057
spair,synthetic|glunet|True|True,synthetic,glunet|True|True,25.2246,-0.2273723689697718,0.08907193065334743,0.0,0.0,26.90129
spair,synthetic|raft|True|False,synthetic,raft|True|False,10.7984,-0.2273723689697718,0.1219932660034035,0.0,0.0,22.0238625
spair,tss|catspp|False|False,tss,catspp|False|False,33.5001,0.042652847576813646,-0.01242978499796485,0.0,0.0,24.245075
spair,tss|catspp|False|True,tss,catspp|False|True,37.3118,0.042652847576813646,-0.012805691127733297,0.0,0.0,24.415905000000002
spair,tss|catspp|True|False,tss,catspp|True|False,67.8898,0.042652847576813646,-0.0043914227353604365,0.0,0.0,63.60828
spair,tss|catspp|True|True,tss,catspp|True|True,55.6517,0.042652847576813646,-0.003262722308247343,0.0,0.0,65.37173
spair,tss|glunet|False|False,tss,glunet|False|False,41.4764,0.042652847576813646,-0.01292697212086338,0.0,0.0,24.68923
spair,tss|glunet|False|True,tss,glunet|False|True,5.6742,0.042652847576813646,-0.008900784129622159,0.0,0.0,24.73344
spair,tss|glunet|True|False,tss,glunet|True|False,61.47,0.042652847576813646,-0.023882357141280383,0.0,0.0,46.68823
spair,tss|glunet|True|True,tss,glunet|True|True,50.4683,0.042652847576813646,-0.019739618676952727,0.0,0.0,51.59405
spair,tss|raft|True|False,tss,raft|True|False,18.9126,0.042652847576813646,-0.01076787089910872,0.0,0.0,21.5924275
synthetic,flyingthings|catspp|False|False,flyingthings,catspp|False|False,3.3861,-0.01206627970654447,0.005778303027818345,0.0,0.0,62.919225000000004
synthetic,flyingthings|catspp|False|True,flyingthings,catspp|False|True,69.0867,-0.01206627970654447,0.01340806812886261,0.0,0.0,57.488440000000004
synthetic,flyingthings|catspp|True|False,flyingthings,catspp|True|False,78.9297,-0.01206627970654447,0.004119482144048366,0.0,0.0,80.05644
synthetic,flyingthings|catspp|True|True,flyingthings,catspp|True|True,79.22595,-0.01206627970654447,0.003012015950022388,0.0,0.0,80.16761
synthetic,flyingthings|glunet|False|False,flyingthings,glunet|False|False,71.3364,-0.01206627970654447,0.0140672682124256,0.0,0.0,57.64027
synthetic,flyingthings|glunet|False|True,flyingthings,glunet|False|True,57.9755,-0.01206627970654447,0.01265894607481476,0.0,0.0,51.80862
synthetic,flyingthings|glunet|True|False,flyingthings,glunet|True|False,75.9953,-0.01206627970654447,0.014931834521155367,0.0,0.0,64.88827
synthetic,flyingthings|glunet|True|True,flyingthings,glunet|True|True,62.7767,-0.01206627970654447,0.010380692079324053,0.0,0.0,68.00435
synthetic,flyingthings|raft|True|False,flyingthings,raft|True|False,54.9845,-0.01206627970654447,0.017510350065905563,0.0,0.0,50.32725000000001
synthetic,kitti2012|catspp|False|False,kitti2012,catspp|False|False,87.0735,0.007751022175895918,-0.010630692734323863,0.0,0.0,75.2294
synthetic,kitti2012|catspp|False|True,kitti2012,catspp|False|True,94.1642,0.007751022175895918,-0.010259844184715051,0.0,0.0,76.73552
synthetic,kitti2012|catspp|True|False,kitti2012,catspp|True|False,98.6145,0.007751022175895918,-0.001931756706134356,0.0,0.0,95.51210999999999
synthetic,kitti2012|catspp|True|True,kitti2012,catspp|True|True,84.0079,0.007751022175895918,-0.000660771346807612,0.0,0.0,96.83782
synthetic,kitti2012|glunet|False|False,kitti2012,glunet|False|False,96.5983,0.007751022175895918,-0.01111907659441513,0.0,0.0,85.3386
synthetic,kitti2012|glunet|False|True,kitti2012,glunet|False|True,91.3276,0.007751022175895918,-0.01089633489500912,0.0,0.0,82.08966000000001
synthetic,kitti2012|glunet|True|False,kitti2012,glunet|True|False,78.7366,0.007751022175895918,-0.010063696273456104,0.0,0.0,89.84848
synthetic,kitti2012|glunet|True|True,kitti2012,glunet|True|True,98.8084,0.007751022175895918,-0.006410102280386755,0.0,0.0,91.12682
synthetic,kitti2012|raft|True|False,kitti2012,raft|True|False,98.2173,0.007751022175895918,-0.013926202635397792,0.0,0.0,74.47478249999999
synthetic,kitti2015|catspp|False|False,kitti2015,catspp|False|False,85.69685,0.012342780423948811,-0.01636313300694472,0.0,0.0,77.673035
synthetic,kitti2015|catspp|False|True,kitti2015,catspp|False|True,89.3623,0.012342780423948811,-0.01596646672966679,0.0,0.0,78.14729
synthetic,kitti2015|catspp|True|False,kitti2015,catspp|True|False,96.8068,0.012342780423948811,-0.0025208366995938826,0.0,0.0,94.982555
synthetic,kitti2015|catspp|True|True,kitti2015,catspp|True|True,93.2336,0.012342780423948811,-0.002442630569370064,0.0,0.0,95.00776
synthetic,kitti2015|glunet|False|False,kitti2015,glunet|False|False,89.7925,0.012342780423948811,-0.016785474248141027,0.0,0.0,81.44843
synthetic,kitti2015|glunet|False|True,kitti2015,glunet|False|True,14.6026,0.012342780423948811,-0.003682399770165957,0.0,0.0,85.0193
synthetic,kitti2015|glunet|True|False,kitti2015,glunet|True|False,65.3127,0.012342780423948811,-0.014169129571392922,0.0,0.0,89.10472999999999
synthetic,kitti2015|glunet|True|True,kitti2015,glunet|True|True,97.2046,0.012342780423948811,-0.00995269077806072,0.0,0.0,89.05897
synthetic,kitti2015|raft|True|False,kitti2015,raft|True|False,18.0252125,0.012342780423948811,-0.01592989727478279,0.0,0.0,79.825875
synthetic,pfpascal|catspp|False|False,pfpascal,catspp|False|False,5.3233,-0.04864962901321426,0.011433131474097753,0.0,0.0,12.40765
synthetic,pfpascal|catspp|False|True,pfpascal,catspp|False|True,14.3443,-0.04864962901321426,0.014116857185054907,0.0,0.0,11.6595
synthetic,pfpascal|catspp|True|False,pfpascal,catspp|True|False,34.8945,-0.04864962901321426,0.014109367161750075,0.0,0.0,44.474990000000005
synthetic,pfpascal|catspp|True|True,pfpascal,catspp|True|True,50.7447,-0.04864962901321426,0.014664522491576121,0.0,0.0,45.750745
synthetic,pfpascal|glunet|False|False,pfpascal,glunet|False|False,20.2654,-0.04864962901321426,0.011610278993574853,0.0,0.0,10.91815
synthetic,pfpascal|glunet|False|True,pfpascal,glunet|False|True,3.5234,-0.04864962901321426,0.009531747048460808,0.0,0.0,12.436240000000002
synthetic,pfpascal|glunet|True|False,pfpascal,glunet|True|False,21.5232,-0.04864962901321426,0.028916013930857774,0.0,0.0,26.34792
synthetic,pfpascal|glunet|True|True,pfpascal,glunet|True|True,19.3452,-0.04864962901321426,0.026489492577105967,0.0,0.0,32.62039
synthetic,pfpascal|raft|True|False,pfpascal,raft|True|False,11.9889,-0.04864962901321426,0.01156474228974375,0.0,0.0,11.704113750000001
synthetic,pfwillow|catspp|False|False,pfwillow,catspp|False|False,11.4111,-0.03457400304926366,0.008997704011037017,0.0,0.0,14.31111
synthetic,pfwillow|catspp|False|True,pfwillow,catspp|False|True,15.1333,-0.03457400304926366,0.009593474001396587,0.0,0.0,14.349445
synthetic,pfwillow|catspp|True|False,pfwillow,catspp|True|False,40.8778,-0.03457400304926366,0.00988919883139563,0.0,0.0,47.355000000000004
synthetic,pfwillow|catspp|True|True,pfwillow,catspp|True|True,40.1,-0.03457400304926366,0.010100890227929302,0.0,0.0,49.61777
synthetic,pfwillow|glunet|False|False,pfwillow,glunet|False|False,16.2466,-0.03457400304926366,0.00898106641555862,0.0,0.0,15.402429999999999
synthetic,pfwillow|glunet|False|True,pfwillow,glunet|False|True,16.3506,-0.03457400304926366,0.008548780233920715,0.0,0.0,13.77065
synthetic,pfwillow|glunet|True|False,pfwillow,glunet|True|False,49.2827,-0.03457400304926366,0.01811374156537654,0.0,0.0,27.143819999999998
synthetic,pfwillow|glunet|True|True,pfwillow,glunet|True|True,31.6222,-0.03457400304926366,0.02134615852793766,0.0,0.0,34.35759
synthetic,pfwillow|raft|True|False,pfwillow,raft|True|False,18.25555,-0.03457400304926366,0.007927611040574208,0.0,0.0,14.526491250000001
synthetic,pointodyssey|catspp|False|False,pointodyssey,catspp|False|False,3.4912,-0.03218067760708572,0.032230308875726976,0.0,0.0,48.747495
synthetic,pointodyssey|catspp|False|True,pointodyssey,catspp|False|True,43.8201,-0.03218067760708572,0.04626660255063036,0.0,0.0,51.73069
synthetic,pointodyssey|catspp|True|False,pointodyssey,catspp|True|False,53.0839,-0.03218067760708572,0.029688649002810083,0.0,0.0,57.97657
synthetic,pointodyssey|catspp|True|True,pointodyssey,catspp|True|True,41.4359,-0.03218067760708572,0.028088081303023062,0.0,0.0,59.55757
synthetic,pointodyssey|glunet|False|False,pointodyssey,glunet|False|False,85.5722,-0.03218067760708572,0.04605648048864043,0.0,0.0,79.27020999999999
synthetic,pointodyssey|glunet|False|True,pointodyssey,glunet|False|True,5.4396,-0.03218067760708572,0.011916138842703077,0.0,0.0,81.60729
synthetic,pointodyssey|glunet|True|False,pointodyssey,glunet|True|False,25.0551,-0.03218067760708572,0.017794233597552916,0.0,0.0,90.43869
synthetic,pointodyssey|glunet|True|True,pointodyssey,glunet|True|True,95.8802,-0.03218067760708572,0.02643189611105497,0.0,0.0,85.59584
synthetic,pointodyssey|raft|True|False,pointodyssey,raft|True|False,58.56285,-0.03218067760708572,0.04065329268468863,0.0,0.0,39.81557375
synthetic,spair|catspp|False|False,spair,catspp|False|False,3.1626,-0.2154108175587363,0.004794965654504042,0.0,0.0,3.565295
synthetic,spair|catspp|False|True,spair,catspp|False|True,3.6918,-0.2154108175587363,0.00602642510445893,0.0,0.0,3.549945
synthetic,spair|catspp|True|False,spair,catspp|True|False,22.4135,-0.2154108175587363,0.043074738774313,0.0,0.0,21.11787
synthetic,spair|catspp|True|True,spair,catspp|True|True,23.1718,-0.2154108175587363,0.040986702623468596,0.0,0.0,22.40239
synthetic,spair|glunet|False|False,spair,glunet|False|False,3.3198,-0.2154108175587363,0.005700724257427462,0.0,0.0,2.82472
synthetic,spair|glunet|False|True,spair,glunet|False|True,2.7843,-0.2154108175587363,0.0028653831104976726,0.0,0.0,2.5607300000000004
synthetic,spair|glunet|True|False,spair,glunet|True|False,2.3566,-0.2154108175587363,0.0827920061474743,0.0,0.0,8.039530000000001
synthetic,spair|glunet|True|True,spair,glunet|True|True,5.0597,-0.2154108175587363,0.06033610157869065,0.0,0.0,9.45435
synthetic,spair|raft|True|False,spair,raft|True|False,3.3421000000000003,-0.2154108175587363,0.004260586462632308,0.0,0.0,2.7094637500000003
synthetic,synthetic|catspp|False|False,synthetic,catspp|False|False,22.1053,-0.22940961610947588,0.15909884165737478,0.0,0.0,22.83322
synthetic,synthetic|catspp|False|True,synthetic,catspp|False|True,22.0954,-0.22940961610947588,0.1808979112045049,0.0,0.0,23.942625
synthetic,synthetic|catspp|True|False,synthetic,catspp|True|False,63.3596,-0.22940961610947588,0.2000776729023769,0.0,0.0,46.895709999999994
synthetic,synthetic|catspp|True|True,synthetic,catspp|True|True,60.9373,-0.22940961610947588,0.13984890208207165,0.0,0.0,46.11255
synthetic,synthetic|glunet|False|False,synthetic,glunet|False|False,23.9947,-0.22940961610947588,0.11419124804161045,0.0,0.0,15.676480000000002
synthetic,synthetic|glunet|False|True,synthetic,glunet|False|True,15.7001,-0.22940961610947588,0.05287848115857206,0.0,0.0,11.96626
synthetic,synthetic|glunet|True|False,synthetic,glunet|True|False,71.1258,-0.22940961610947588,0.13212014551660242,0.0,0.0,24.6481
synthetic,synthetic|glunet|True|True,synthetic,glunet|True|True,27.769,-0.22940961610947588,0.16507000420310647,0.0,0.0,26.64685
synthetic,synthetic|raft|True|False,synthetic,raft|True|False,51.426,-0.22940961610947588,0.18770471911535838,0.0,0.0,17.9611025
synthetic,tss|catspp|False|False,tss,catspp|False|False,11.4546,-0.03190649636766833,0.015764374398712554,0.0,0.0,26.449625000000005
synthetic,tss|catspp|False|True,tss,catspp|False|True,38.3962,-0.03190649636766833,0.017302652057332807,0.0,0.0,24.307465
synthetic,tss|catspp|True|False,tss,catspp|True|False,66.0565,-0.03190649636766833,0.006359369417068766,0.0,0.0,63.791610000000006
synthetic,tss|catspp|True|True,tss,catspp|True|True,65.6689,-0.03190649636766833,0.006976554398786631,0.0,0.0,64.37001000000001
synthetic,tss|glunet|False|False,tss,glunet|False|False,23.8706,-0.03190649636766833,0.019999400762183803,0.0,0.0,26.449810000000003
synthetic,tss|glunet|False|True,tss,glunet|False|True,14.6164,-0.03190649636766833,0.01533469154823548,0.0,0.0,23.83922
synthetic,tss|glunet|True|False,tss,glunet|True|False,16.9644,-0.03190649636766833,0.027986452451628133,0.0,0.0,51.13879
synthetic,tss|glunet|True|True,tss,glunet|True|True,43.3458,-0.03190649636766833,0.026656886549018228,0.0,0.0,52.3063
synthetic,tss|raft|True|False,tss,raft|True|False,24.11475,-0.03190649636766833,0.01476662248434282,0.0,0.0,21.0722125
synthetic_2d_warp,flyingthings|catspp|False|False,flyingthings,catspp|False|False,66.7727,-0.010679160805284974,0.009953445695939556,0.0,0.0,56.580565
synthetic_2d_warp,flyingthings|catspp|False|True,flyingthings,catspp|False|True,50.8063,-0.010679160805284974,0.009886175510380422,0.0,0.0,59.31648
synthetic_2d_warp,flyingthings|catspp|True|False,flyingthings,catspp|True|False,83.7548,-0.010679160805284974,0.002950427488749895,0.0,0.0,79.57392999999999
synthetic_2d_warp,flyingthings|catspp|True|True,flyingthings,catspp|True|True,79.9519,-0.010679160805284974,0.002208770612625621,0.0,0.0,80.095015
synthetic_2d_warp,flyingthings|glunet|False|False,flyingthings,glunet|False|False,63.9418,-0.010679160805284974,0.010472190847547105,0.0,0.0,58.379729999999995
synthetic_2d_warp,flyingthings|glunet|False|True,flyingthings,glunet|False|True,72.9905,-0.010679160805284974,0.008635305043349677,0.0,0.0,50.307120000000005
synthetic_2d_warp,flyingthings|glunet|True|False,flyingthings,glunet|True|False,81.6246,-0.010679160805284974,0.010735208251523817,0.0,0.0,64.32534000000001
synthetic_2d_warp,flyingthings|glunet|True|True,flyingthings,glunet|True|True,81.4831,-0.010679160805284974,0.007265672833576133,0.0,0.0,66.13371
synthetic_2d_warp,flyingthings|raft|True|False,flyingthings,raft|True|False,63.0829,-0.010679160805284974,0.01266338116869745,0.0,0.0,49.51741
synthetic_2d_warp,kitti2012|catspp|False|False,kitti2012,catspp|False|False,86.277,0.005826699933417504,-0.006618205977401633,0.0,0.0,75.30905
synthetic_2d_warp,kitti2012|catspp|False|True,kitti2012,catspp|False|True,71.5744,0.005826699933417504,-0.0065126403431583265,0.0,0.0,78.9945
synthetic_2d_warp,kitti2012|catspp|True|False,kitti2012,catspp|True|False,98.7949,0.005826699933417504,-0.001196975028455909,0.0,0.0,95.49407
synthetic_2d_warp,kitti2012|catspp|True|True,kitti2012,catspp|True|True,98.1215,0.005826699933417504,-0.0011287651978673444,0.0,0.0,95.42645999999999
synthetic_2d_warp,kitti2012|glunet|False|False,kitti2012,glunet|False|False,95.0148,0.005826699933417504,-0.006929518587799294,0.0,0.0,85.49695
synthetic_2d_warp,kitti2012|glunet|False|True,kitti2012,glunet|False|True,83.3858,0.005826699933417504,-0.006816690306010905,0.0,0.0,82.88383999999999
synthetic_2d_warp,kitti2012|glunet|True|False,kitti2012,glunet|True|False,98.9943,0.005826699933417504,-0.006254420670535983,0.0,0.0,87.82271
synthetic_2d_warp,kitti2012|glunet|True|True,kitti2012,glunet|True|True,99.0835,0.005826699933417504,-0.003980066587302034,0.0,0.0,91.09931
synthetic_2d_warp,kitti2012|raft|True|False,kitti2012,raft|True|False,12.1716,0.005826699933417504,-0.006600125633291332,0.0,0.0,83.0793525
synthetic_2d_warp,kitti2015|catspp|False|False,kitti2015,catspp|False|False,90.7618,0.009121660015847313,-0.009894484318537343,0.0,0.0,77.16654
synthetic_2d_warp,kitti2015|catspp|False|True,kitti2015,catspp|False|True,88.9381,0.009121660015847313,-0.009765391538256719,0.0,0.0,78.18971
synthetic_2d_warp,kitti2015|catspp|True|False,kitti2015,catspp|True|False,95.30515,0.009121660015847313,-0.001558688213676291,0.0,0.0,95.13271999999999
synthetic_2d_warp,kitti2015|catspp|True|True,kitti2015,catspp|True|True,95.7013,0.009121660015847313,-0.001505574794872688,0.0,0.0,94.76099
synthetic_2d_warp,kitti2015|glunet|False|False,kitti2015,glunet|False|False,85.4709,0.009121660015847313,-0.010304317991516211,0.0,0.0,81.88059000000001
synthetic_2d_warp,kitti2015|glunet|False|True,kitti2015,glunet|False|True,80.8596,0.009121660015847313,-0.009504444635048952,0.0,0.0,78.3936
synthetic_2d_warp,kitti2015|glunet|True|False,kitti2015,glunet|True|False,91.9963,0.009121660015847313,-0.009174783269865825,0.0,0.0,86.43637
synthetic_2d_warp,kitti2015|glunet|True|True,kitti2015,glunet|True|True,61.2326,0.009121660015847313,-0.004596378133825119,0.0,0.0,92.65617
synthetic_2d_warp,kitti2015|raft|True|False,kitti2015,raft|True|False,89.93475000000001,0.009121660015847313,-0.012464315851697138,0.0,0.0,72.63492125
synthetic_2d_warp,pfpascal|catspp|False|False,pfpascal,catspp|False|False,10.5168,-0.04198306933933633,0.00917445782467563,0.0,0.0,11.8883
synthetic_2d_warp,pfpascal|catspp|False|True,pfpascal,catspp|False|True,11.4723,-0.04198306933933633,0.010198452744860743,0.0,0.0,11.9467
synthetic_2d_warp,pfpascal|catspp|True|False,pfpascal,catspp|True|False,49.2846,-0.04198306933933633,0.010981368020538026,0.0,0.0,43.03598
synthetic_2d_warp,pfpascal|catspp|True|True,pfpascal,catspp|True|True,38.85,-0.04198306933933633,0.009731912832544468,0.0,0.0,46.940215
synthetic_2d_warp,pfpascal|glunet|False|False,pfpascal,glunet|False|False,10.3086,-0.04198306933933633,0.009977846010944756,0.0,0.0,11.91383
synthetic_2d_warp,pfpascal|glunet|False|True,pfpascal,glunet|False|True,15.6204,-0.04198306933933633,0.008257668761962577,0.0,0.0,11.22654
synthetic_2d_warp,pfpascal|glunet|True|False,pfpascal,glunet|True|False,23.0618,-0.04198306933933633,0.020751145273813564,0.0,0.0,26.19406
synthetic_2d_warp,pfpascal|glunet|True|True,pfpascal,glunet|True|True,25.0318,-0.04198306933933633,0.02008866157161248,0.0,0.0,32.051730000000006
synthetic_2d_warp,pfpascal|raft|True|False,pfpascal,raft|True|False,4.4726,-0.04198306933933633,0.006698992110310462,0.0,0.0,12.45574375
synthetic_2d_warp,pfwillow|catspp|False|False,pfwillow,catspp|False|False,13.6778,-0.02974724517732349,0.006517845854763996,0.0,0.0,14.08444
synthetic_2d_warp,pfwillow|catspp|False|True,pfwillow,catspp|False|True,20.5333,-0.02974724517732349,0.006197724851384963,0.0,0.0,13.809445
synthetic_2d_warp,pfwillow|catspp|True|False,pfwillow,catspp|True|False,51.6333,-0.02974724517732349,0.007206083601962242,0.0,0.0,46.27945
synthetic_2d_warp,pfwillow|catspp|True|True,pfwillow,catspp|True|True,54.3556,-0.02974724517732349,0.007827367019085098,0.0,0.0,48.19221
synthetic_2d_warp,pfwillow|glunet|False|False,pfwillow,glunet|False|False,14.7707,-0.02974724517732349,0.006390653998096113,0.0,0.0,15.55002
synthetic_2d_warp,pfwillow|glunet|False|True,pfwillow,glunet|False|True,18.0556,-0.02974724517732349,0.005879612075869746,0.0,0.0,13.60015
synthetic_2d_warp,pfwillow|glunet|True|False,pfwillow,glunet|True|False,29.3389,-0.02974724517732349,0.015993650984893165,0.0,0.0,29.1382
synthetic_2d_warp,pfwillow|glunet|True|True,pfwillow,glunet|True|True,36.9398,-0.02974724517732349,0.01517233487194133,0.0,0.0,33.82583
synthetic_2d_warp,pfwillow|raft|True|False,pfwillow,raft|True|False,13.5556,-0.02974724517732349,0.005828603956247718,0.0,0.0,14.99648625
synthetic_2d_warp,pointodyssey|catspp|False|False,pointodyssey,catspp|False|False,47.6015,-0.0286800291385352,0.030180743228940064,0.0,0.0,44.336465
synthetic_2d_warp,pointodyssey|catspp|False|True,pointodyssey,catspp|False|True,48.7736,-0.0286800291385352,0.03423415220632895,0.0,0.0,51.235339999999994
synthetic_2d_warp,pointodyssey|catspp|True|False,pointodyssey,catspp|True|False,95.4377,-0.0286800291385352,0.013665797041307276,0.0,0.0,53.741189999999996
synthetic_2d_warp,pointodyssey|catspp|True|True,pointodyssey,catspp|True|True,52.1959,-0.0286800291385352,0.0218534087336455,0.0,0.0,58.48157
synthetic_2d_warp,pointodyssey|glunet|False|False,pointodyssey,glunet|False|False,94.4359,-0.0286800291385352,0.0333874899070675,0.0,0.0,78.38383999999999
synthetic_2d_warp,pointodyssey|glunet|False|True,pointodyssey,glunet|False|True,91.0918,-0.0286800291385352,0.03176712813335314,0.0,0.0,73.04207
synthetic_2d_warp,pointodyssey|glunet|True|False,pointodyssey,glunet|True|False,90.0851,-0.0286800291385352,0.02988588875009359,0.0,0.0,83.93569
synthetic_2d_warp,pointodyssey|glunet|True|True,pointodyssey,glunet|True|True,85.0481,-0.0286800291385352,0.01992281949753889,0.0,0.0,86.67904999999999
synthetic_2d_warp,pointodyssey|raft|True|False,pointodyssey,raft|True|False,36.4545,-0.0286800291385352,0.03085383667759722,0.0,0.0,42.02640875
synthetic_2d_warp,spair|catspp|False|False,spair,catspp|False|False,3.0896,-0.18777994597105477,0.003380176933007693,0.0,0.0,3.5725949999999997
synthetic_2d_warp,spair|catspp|False|True,spair,catspp|False|True,3.4986,-0.18777994597105477,0.004356383303841346,0.0,0.0,3.569265
synthetic_2d_warp,spair|catspp|True|False,spair,catspp|True|False,20.9922,-0.18777994597105477,0.031235442391335203,0.0,0.0,21.259999999999998
synthetic_2d_warp,spair|catspp|True|True,spair,catspp|True|True,25.8495,-0.18777994597105477,0.027863251911713426,0.0,0.0,22.13462
synthetic_2d_warp,spair|glunet|False|False,spair,glunet|False|False,2.6105,-0.18777994597105477,0.004251887044490934,0.0,0.0,2.89565
synthetic_2d_warp,spair|glunet|False|True,spair,glunet|False|True,2.408,-0.18777994597105477,0.002089438207645868,0.0,0.0,2.59836
synthetic_2d_warp,spair|glunet|True|False,spair,glunet|True|False,6.63,-0.18777994597105477,0.06156012241478422,0.0,0.0,7.61219
synthetic_2d_warp,spair|glunet|True|True,spair,glunet|True|True,2.486,-0.18777994597105477,0.04063517344448362,0.0,0.0,9.71172
synthetic_2d_warp,spair|raft|True|False,spair,raft|True|False,3.1416,-0.18777994597105477,0.003333445371336411,0.0,0.0,2.7295137499999997
synthetic_2d_warp,synthetic|catspp|False|False,synthetic,catspp|False|False,20.1312,-0.2026216555406618,0.11589905762214987,0.0,0.0,23.03063
synthetic_2d_warp,synthetic|catspp|False|True,synthetic,catspp|False|True,50.3084,-0.2026216555406618,0.10121120740507211,0.0,0.0,21.121325000000002
synthetic_2d_warp,synthetic|catspp|True|False,synthetic,catspp|True|False,34.9252,-0.2026216555406618,0.14760632813175154,0.0,0.0,49.73915
synthetic_2d_warp,synthetic|catspp|True|True,synthetic,catspp|True|True,39.8872,-0.2026216555406618,0.10820363065049772,0.0,0.0,48.217560000000006
synthetic_2d_warp,synthetic|glunet|False|False,synthetic,glunet|False|False,3.8373,-0.2026216555406618,0.07688454984540206,0.0,0.0,17.69222
synthetic_2d_warp,synthetic|glunet|False|True,synthetic,glunet|False|True,9.3907,-0.2026216555406618,0.039016857365974836,0.0,0.0,12.5972
synthetic_2d_warp,synthetic|glunet|True|False,synthetic,glunet|True|False,29.4639,-0.2026216555406618,0.16630825794305945,0.0,0.0,28.81429
synthetic_2d_warp,synthetic|glunet|True|True,synthetic,glunet|True|True,23.5695,-0.2026216555406618,0.12016079213616451,0.0,0.0,27.0668
synthetic_2d_warp,synthetic|raft|True|False,synthetic,raft|True|False,6.1934,-0.2026216555406618,0.16140042687279355,0.0,0.0,22.4843625
synthetic_2d_warp,tss|catspp|False|False,tss,catspp|False|False,24.3569,-0.028612198465208617,0.013213964973021183,0.0,0.0,25.159395
synthetic_2d_warp,tss|catspp|False|True,tss,catspp|False|True,19.1092,-0.028612198465208617,0.013769978766774726,0.0,0.0,26.236165
synthetic_2d_warp,tss|catspp|True|False,tss,catspp|True|False,67.4824,-0.028612198465208617,0.004540163216346874,0.0,0.0,63.64901999999999
synthetic_2d_warp,tss|catspp|True|True,tss,catspp|True|True,68.1239,-0.028612198465208617,0.004933009028566695,0.0,0.0,64.12451
synthetic_2d_warp,tss|glunet|False|False,tss,glunet|False|False,26.1161,-0.028612198465208617,0.014866712422879892,0.0,0.0,26.22526
synthetic_2d_warp,tss|glunet|False|True,tss,glunet|False|True,14.4363,-0.028612198465208617,0.011342567728405455,0.0,0.0,23.857229999999998
synthetic_2d_warp,tss|glunet|True|False,tss,glunet|True|False,55.011,-0.028612198465208617,0.02486904879301103,0.0,0.0,47.33413
synthetic_2d_warp,tss|glunet|True|True,tss,glunet|True|True,64.008,-0.028612198465208617,0.019291166510391932,0.0,0.0,50.24008
synthetic_2d_warp,tss|raft|True|False,tss,raft|True|False,7.744925,-0.028612198465208617,0.009138438482385103,0.0,0.0,22.709195
synthetic_large_zoom,flyingthings|catspp|False|False,flyingthings,catspp|False|False,43.8954,-0.010953248787440667,0.00445774759354962,0.0,0.0,58.868295
synthetic_large_zoom,flyingthings|catspp|False|True,flyingthings,catspp|False|True,58.9743,-0.010953248787440667,0.004531452307392965,0.0,0.0,58.49968
synthetic_large_zoom,flyingthings|catspp|True|False,flyingthings,catspp|True|False,82.2203,-0.010953248787440667,0.0013610483853239402,0.0,0.0,79.72738000000001
synthetic_large_zoom,flyingthings|catspp|True|True,flyingthings,catspp|True|True,81.1893,-0.010953248787440667,0.0010001483008055996,0.0,0.0,79.97127499999999
synthetic_large_zoom,flyingthings|glunet|False|False,flyingthings,glunet|False|False,71.1769,-0.010953248787440667,0.004680348752580243,0.0,0.0,57.65622
synthetic_large_zoom,flyingthings|glunet|False|True,flyingthings,glunet|False|True,48.8918,-0.010953248787440667,0.004223067521734275,0.0,0.0,52.716989999999996
synthetic_large_zoom,flyingthings|glunet|True|False,flyingthings,glunet|True|False,77.7439,-0.010953248787440667,0.004942524902938478,0.0,0.0,64.71341
synthetic_large_zoom,flyingthings|glunet|True|True,flyingthings,glunet|True|True,72.6252,-0.010953248787440667,0.0034490535089589133,0.0,0.0,67.0195
synthetic_large_zoom,flyingthings|raft|True|False,flyingthings,raft|True|False,57.27595,-0.010953248787440667,0.0058103111374376085,0.0,0.0,50.098105
synthetic_large_zoom,kitti2012|catspp|False|False,kitti2012,catspp|False|False,94.359,-0.34045485260576924,0.16751977605562934,0.0,0.0,74.50085
synthetic_large_zoom,kitti2012|catspp|False|True,kitti2012,catspp|False|True,82.5049,-0.34045485260576924,0.1690670529814121,0.0,0.0,77.90145
synthetic_large_zoom,kitti2012|catspp|True|False,kitti2012,catspp|True|False,96.6249,-0.34045485260576924,0.03174159058333796,0.0,0.0,95.71106999999999
synthetic_large_zoom,kitti2012|catspp|True|True,kitti2012,catspp|True|True,98.6413,-0.34045485260576924,0.028944779698253063,0.0,0.0,95.37448
synthetic_large_zoom,kitti2012|glunet|False|False,kitti2012,glunet|False|False,12.4578,-0.34045485260576924,0.03860288865064632,0.0,0.0,93.75265
synthetic_large_zoom,kitti2012|glunet|False|True,kitti2012,glunet|False|True,11.0648,-0.34045485260576924,0.04146501342255441,0.0,0.0,90.11594
synthetic_large_zoom,kitti2012|glunet|True|False,kitti2012,glunet|True|False,91.75,-0.34045485260576924,0.16356719642238907,0.0,0.0,88.54713999999998
synthetic_large_zoom,kitti2012|glunet|True|True,kitti2012,glunet|True|True,98.3573,-0.34045485260576924,0.1033097733966336,0.0,0.0,91.17193
synthetic_large_zoom,kitti2012|raft|True|False,kitti2012,raft|True|False,86.3393,-0.34045485260576924,0.22875488160677804,0.0,0.0,75.6625825
synthetic_large_zoom,kitti2015|catspp|False|False,kitti2015,catspp|False|False,86.5834,-0.309806998158348,0.15024188938906868,0.0,0.0,77.58438
synthetic_large_zoom,kitti2015|catspp|False|True,kitti2015,catspp|False|True,91.5434,-0.309806998158348,0.14601670106344863,0.0,0.0,77.92918
synthetic_large_zoom,kitti2015|catspp|True|False,kitti2015,catspp|True|False,97.692,-0.309806998158348,0.022797146677400876,0.0,0.0,94.894035
synthetic_large_zoom,kitti2015|catspp|True|True,kitti2015,catspp|True|True,96.1149,-0.309806998158348,0.022563693386171563,0.0,0.0,94.71963000000001
synthetic_large_zoom,kitti2015|glunet|False|False,kitti2015,glunet|False|False,95.5117,-0.309806998158348,0.15250368718159585,0.0,0.0,80.87651
synthetic_large_zoom,kitti2015|glunet|False|True,kitti2015,glunet|False|True,87.0141,-0.309806998158348,0.14193531759351785,0.0,0.0,77.77815000000001
synthetic_large_zoom,kitti2015|glunet|True|False,kitti2015,glunet|True|False,98.1319,-0.309806998158348,0.13634511224582585,0.0,0.0,85.82281
synthetic_large_zoom,kitti2015|glunet|True|True,kitti2015,glunet|True|True,89.5363,-0.309806998158348,0.09291469893919904,0.0,0.0,89.82579999999999
synthetic_large_zoom,kitti2015|raft|True|False,kitti2015,raft|True|False,94.1569,-0.309806998158348,0.18565422872798776,0.0,0.0,72.21270625
synthetic_large_zoom,pfpascal|catspp|False|False,pfpascal,catspp|False|False,16.3109,-0.060570295967742736,0.005562529578050213,0.0,0.0,11.30889
synthetic_large_zoom,pfpascal|catspp|False|True,pfpascal,catspp|False|True,3.1542,-0.060570295967742736,0.0053595756083356155,0.0,0.0,12.77851
synthetic_large_zoom,pfpascal|catspp|True|False,pfpascal,catspp|True|False,39.4059,-0.060570295967742736,0.007204921909883171,0.0,0.0,44.023849999999996
synthetic_large_zoom,pfpascal|catspp|True|True,pfpascal,catspp|True|True,50.2518,-0.060570295967742736,0.006745120699477733,0.0,0.0,45.800035
synthetic_large_zoom,pfpascal|glunet|False|False,pfpascal,glunet|False|False,4.4643,-0.060570295967742736,0.005607312790830512,0.0,0.0,12.498259999999998
synthetic_large_zoom,pfpascal|glunet|False|True,pfpascal,glunet|False|True,13.3499,-0.060570295967742736,0.005495591052376861,0.0,0.0,11.45359
synthetic_large_zoom,pfpascal|glunet|True|False,pfpascal,glunet|True|False,30.3321,-0.060570295967742736,0.013186025531651947,0.0,0.0,25.46703
synthetic_large_zoom,pfpascal|glunet|True|True,pfpascal,glunet|True|True,30.356,-0.060570295967742736,0.013115803407810834,0.0,0.0,31.51931
synthetic_large_zoom,pfpascal|raft|True|False,pfpascal,raft|True|False,17.4659,-0.060570295967742736,0.00467976612561867,0.0,0.0,11.15641375
synthetic_large_zoom,pfwillow|catspp|False|False,pfwillow,catspp|False|False,15.2778,-0.02835880879935572,0.0027430290034238017,0.0,0.0,13.924439999999999
synthetic_large_zoom,pfwillow|catspp|False|True,pfwillow,catspp|False|True,8.9444,-0.02835880879935572,0.002672816860674567,0.0,0.0,14.968335
synthetic_large_zoom,pfwillow|catspp|True|False,pfwillow,catspp|True|False,51.4778,-0.02835880879935572,0.0030532795306361673,0.0,0.0,46.295
synthetic_large_zoom,pfwillow|catspp|True|True,pfwillow,catspp|True|True,53.4,-0.02835880879935572,0.0033640816469086964,0.0,0.0,48.28777
synthetic_large_zoom,pfwillow|glunet|False|False,pfwillow,glunet|False|False,19.4667,-0.02835880879935572,0.0025840044409619267,0.0,0.0,15.08042
synthetic_large_zoom,pfwillow|glunet|False|True,pfwillow,glunet|False|True,14.6222,-0.02835880879935572,0.002607781387565954,0.0,0.0,13.94349
synthetic_large_zoom,pfwillow|glunet|True|False,pfwillow,glunet|True|False,29.7111,-0.02835880879935572,0.006754411841657224,0.0,0.0,29.10098
synthetic_large_zoom,pfwillow|glunet|True|True,pfwillow,glunet|True|True,14.3062,-0.02835880879935572,0.005087503340824809,0.0,0.0,36.089189999999995
synthetic_large_zoom,pfwillow|raft|True|False,pfwillow,raft|True|False,13.8111,-0.02835880879935572,0.002466663600171277,0.0,0.0,14.97093625
synthetic_large_zoom,pointodyssey|catspp|False|False,pointodyssey,catspp|False|False,51.6048,-0.05903805509508318,0.027401232364633717,0.0,0.0,43.93613499999999
synthetic_large_zoom,pointodyssey|catspp|False|True,pointodyssey,catspp|False|True,62.7536,-0.05903805509508318,0.030855449768963913,0.0,0.0,49.83734
synthetic_large_zoom,pointodyssey|catspp|True|False,pointodyssey,catspp|True|False,64.7289,-0.05903805509508318,0.019814493891645822,0.0,0.0,56.81206999999999
synthetic_large_zoom,pointodyssey|catspp|True|True,pointodyssey,catspp|True|True,50.3469,-0.05903805509508318,0.01982488270717716,0.0,0.0,58.666470000000004
synthetic_large_zoom,pointodyssey|glunet|False|False,pointodyssey,glunet|False|False,93.9512,-0.05903805509508318,0.030489053343614063,0.0,0.0,78.43231
synthetic_large_zoom,pointodyssey|glunet|False|True,pointodyssey,glunet|False|True,84.5038,-0.05903805509508318,0.029478607203087096,0.0,0.0,73.70087
synthetic_large_zoom,pointodyssey|glunet|True|False,pointodyssey,glunet|True|False,97.4434,-0.05903805509508318,0.026824302508772425,0.0,0.0,83.19986
synthetic_large_zoom,pointodyssey|glunet|True|True,pointodyssey,glunet|True|True,96.0115,-0.05903805509508318,0.01775176708240807,0.0,0.0,85.58270999999999
synthetic_large_zoom,pointodyssey|raft|True|False,pointodyssey,raft|True|False,65.6666,-0.05903805509508318,0.02638797088256511,0.0,0.0,39.10519875
synthetic_large_zoom,spair|catspp|False|False,spair,catspp|False|False,4.0731,-0.05258554256921893,0.00040224363747737134,0.0,0.0,3.474245
synthetic_large_zoom,spair|catspp|False|True,spair,catspp|False|True,2.944,-0.05258554256921893,0.0004905599682145752,0.0,0.0,3.624725
synthetic_large_zoom,spair|catspp|True|False,spair,catspp|True|False,16.6978,-0.05258554256921893,0.003496852817976102,0.0,0.0,21.689439999999998
synthetic_large_zoom,spair|catspp|True|True,spair,catspp|True|True,20.6206,-0.05258554256921893,0.0036103894985066113,0.0,0.0,22.65751
synthetic_large_zoom,spair|glunet|False|False,spair,glunet|False|False,3.2579,-0.05258554256921893,0.0005166669077455568,0.0,0.0,2.8309100000000003
synthetic_large_zoom,spair|glunet|False|True,spair,glunet|False|True,2.6825,-0.05258554256921893,0.00026433953218714726,0.0,0.0,2.57091
synthetic_large_zoom,spair|glunet|True|False,spair,glunet|True|False,7.559,-0.05258554256921893,0.007644854837100311,0.0,0.0,7.51929
synthetic_large_zoom,spair|glunet|True|True,spair,glunet|True|True,6.6248,-0.05258554256921893,0.005520853436559983,0.0,0.0,9.297839999999999
synthetic_large_zoom,spair|raft|True|False,spair,raft|True|False,2.69925,-0.05258554256921893,0.0004353162268151486,0.0,0.0,2.77374875
synthetic_large_zoom,synthetic|catspp|False|False,synthetic,catspp|False|False,39.135,-0.12252047904995413,0.027776352838671407,0.0,0.0,21.13025
synthetic_large_zoom,synthetic|catspp|False|True,synthetic,catspp|False|True,21.8997,-0.12252047904995413,0.03538422700253103,0.0,0.0,23.962195
synthetic_large_zoom,synthetic|catspp|True|False,synthetic,catspp|True|False,37.1935,-0.12252047904995413,0.04006232928582211,0.0,0.0,49.51232
synthetic_large_zoom,synthetic|catspp|True|True,synthetic,catspp|True|True,38.2449,-0.12252047904995413,0.028634751671952806,0.0,0.0,48.38179
synthetic_large_zoom,synthetic|glunet|False|False,synthetic,glunet|False|False,9.7372,-0.12252047904995413,0.022543844007851473,0.0,0.0,17.10223
synthetic_large_zoom,synthetic|glunet|False|True,synthetic,glunet|False|True,15.7459,-0.12252047904995413,0.010334156466664192,0.0,0.0,11.96168
synthetic_large_zoom,synthetic|glunet|True|False,synthetic,glunet|True|False,35.7954,-0.12252047904995413,0.04415842776356714,0.0,0.0,28.18114
synthetic_large_zoom,synthetic|glunet|True|True,synthetic,glunet|True|True,54.0369,-0.12252047904995413,0.022233537017598524,0.0,0.0,24.02006
synthetic_large_zoom,synthetic|raft|True|False,synthetic,raft|True|False,11.985,-0.12252047904995413,0.04440100925347276,0.0,0.0,21.905202499999998
synthetic_large_zoom,tss|catspp|False|False,tss,catspp|False|False,32.9288,-0.04415164857731362,0.008704662735706362,0.0,0.0,24.302205
synthetic_large_zoom,tss|catspp|False|True,tss,catspp|False|True,29.7936,-0.04415164857731362,0.009536930367538363,0.0,0.0,25.167725
synthetic_large_zoom,tss|catspp|True|False,tss,catspp|True|False,62.2398,-0.04415164857731362,0.00324070847874084,0.0,0.0,64.17328
synthetic_large_zoom,tss|catspp|True|True,tss,catspp|True|True,67.8214,-0.04415164857731362,0.003402359951980136,0.0,0.0,64.15476
synthetic_large_zoom,tss|glunet|False|False,tss,glunet|False|False,5.711,-0.04415164857731362,0.007938786717406303,0.0,0.0,28.265769999999996
synthetic_large_zoom,tss|glunet|False|True,tss,glunet|False|True,29.9933,-0.04415164857731362,0.007904196994781057,0.0,0.0,22.30153
synthetic_large_zoom,tss|glunet|True|False,tss,glunet|True|False,11.2237,-0.04415164857731362,0.012803563481504405,0.0,0.0,51.71286
synthetic_large_zoom,tss|glunet|True|True,tss,glunet|True|True,66.2204,-0.04415164857731362,0.012967984018992577,0.0,0.0,50.01884
synthetic_large_zoom,tss|raft|True|False,tss,raft|True|False,22.1823,-0.04415164857731362,0.007529819308342758,0.0,0.0,21.2654575
synthetic_random_flipping,flyingthings|catspp|False|False,flyingthings,catspp|False|False,67.1619,0.031036780156764924,-0.03739478610881053,0.0,0.0,56.541645
synthetic_random_flipping,flyingthings|catspp|False|True,flyingthings,catspp|False|True,3.963,0.031036780156764924,-0.014261290031926393,0.0,0.0,64.00081
synthetic_random_flipping,flyingthings|catspp|True|False,flyingthings,catspp|True|False,83.2946,0.031036780156764924,-0.011156101399306449,0.0,0.0,79.61994999999999
synthetic_random_flipping,flyingthings|catspp|True|True,flyingthings,catspp|True|True,85.2894,0.031036780156764924,-0.00761982523412437,0.0,0.0,79.561265
synthetic_random_flipping,flyingthings|glunet|False|False,flyingthings,glunet|False|False,69.5375,0.031036780156764924,-0.038932174676524586,0.0,0.0,57.82016
synthetic_random_flipping,flyingthings|glunet|False|True,flyingthings,glunet|False|True,50.412,0.031036780156764924,-0.03499961402196461,0.0,0.0,52.56497
synthetic_random_flipping,flyingthings|glunet|True|False,flyingthings,glunet|True|False,11.3571,0.031036780156764924,-0.022988580044521353,0.0,0.0,71.35209
synthetic_random_flipping,flyingthings|glunet|True|True,flyingthings,glunet|True|True,78.2963,0.031036780156764924,-0.027902103462020798,0.0,0.0,66.45239000000001
synthetic_random_flipping,flyingthings|raft|True|False,flyingthings,raft|True|False,59.3757,0.031036780156764924,-0.04795482496667668,0.0,0.0,49.888130000000004
synthetic_random_flipping,kitti2012|catspp|False|False,kitti2012,catspp|False|False,90.3601,0.6184499748524309,-0.9003421798529145,0.0,0.0,74.90074
synthetic_random_flipping,kitti2012|catspp|False|True,kitti2012,catspp|False|True,92.0926,0.6184499748524309,-0.8815173743084012,0.0,0.0,76.94268
synthetic_random_flipping,kitti2012|catspp|True|False,kitti2012,catspp|True|False,95.9663,0.6184499748524309,-0.16873002882304658,0.0,0.0,95.77693000000001
synthetic_random_flipping,kitti2012|catspp|True|True,kitti2012,catspp|True|True,93.6996,0.6184499748524309,-0.15613023614992202,0.0,0.0,95.86865
synthetic_random_flipping,kitti2012|glunet|False|False,kitti2012,glunet|False|False,97.2233,0.6184499748524309,-0.9481594100038604,0.0,0.0,85.2761
synthetic_random_flipping,kitti2012|glunet|False|True,kitti2012,glunet|False|True,84.216,0.6184499748524309,-0.9361758986983734,0.0,0.0,82.80082
synthetic_random_flipping,kitti2012|glunet|True|False,kitti2012,glunet|True|False,99.4901,0.6184499748524309,-0.8581062976340804,0.0,0.0,87.77313
synthetic_random_flipping,kitti2012|glunet|True|True,kitti2012,glunet|True|True,99.0764,0.6184499748524309,-0.5466932640680507,0.0,0.0,91.10002
synthetic_random_flipping,kitti2012|raft|True|False,kitti2012,raft|True|False,89.47625,0.6184499748524309,-1.209054509875533,0.0,0.0,75.3488875
synthetic_random_flipping,kitti2015|catspp|False|False,kitti2015,catspp|False|False,72.005,0.6184499748524309,-0.8783958238254674,0.0,0.0,79.04222
synthetic_random_flipping,kitti2015|catspp|False|True,kitti2015,catspp|False|True,86.8286,0.6184499748524309,-0.8602356732002104,0.0,0.0,78.40066
synthetic_random_flipping,kitti2015|catspp|True|False,kitti2015,catspp|True|False,85.7568,0.6184499748524309,-0.06753185883134166,0.0,0.0,96.087555
synthetic_random_flipping,kitti2015|catspp|True|True,kitti2015,catspp|True|True,85.1192,0.6184499748524309,-0.048904397484838276,0.0,0.0,95.8192
synthetic_random_flipping,kitti2015|glunet|False|False,kitti2015,glunet|False|False,93.9536,0.6184499748524309,-0.8927200268364079,0.0,0.0,81.03232
synthetic_random_flipping,kitti2015|glunet|False|True,kitti2015,glunet|False|True,72.591,0.6184499748524309,-0.8308906443551005,0.0,0.0,79.22046
synthetic_random_flipping,kitti2015|glunet|True|False,kitti2015,glunet|True|False,91.6412,0.6184499748524309,-0.8053265839209495,0.0,0.0,86.47188
synthetic_random_flipping,kitti2015|glunet|True|True,kitti2015,glunet|True|True,97.9048,0.6184499748524309,-0.5319573698056596,0.0,0.0,88.98895
synthetic_random_flipping,kitti2015|raft|True|False,kitti2015,raft|True|False,85.0135,0.6184499748524309,-1.1031333507552794,0.0,0.0,73.12704625
synthetic_random_flipping,pfpascal|catspp|False|False,pfpascal,catspp|False|False,16.4969,0.1821893397061452,-0.04862384048632678,0.0,0.0,11.29029
synthetic_random_flipping,pfpascal|catspp|False|True,pfpascal,catspp|False|True,8.1291,0.1821893397061452,-0.0555372292520356,0.0,0.0,12.281020000000002
synthetic_random_flipping,pfpascal|catspp|True|False,pfpascal,catspp|True|False,34.5998,0.1821893397061452,-0.05589014313000656,0.0,0.0,44.50446
synthetic_random_flipping,pfpascal|catspp|True|True,pfpascal,catspp|True|True,45.3169,0.1821893397061452,-0.06106347828715126,0.0,0.0,46.293525
synthetic_random_flipping,pfpascal|glunet|False|False,pfpascal,glunet|False|False,12.3182,0.1821893397061452,-0.05625956602808794,0.0,0.0,11.712869999999999
synthetic_random_flipping,pfpascal|glunet|False|True,pfpascal,glunet|False|True,6.6055,0.1821893397061452,-0.04496351240617987,0.0,0.0,12.128029999999999
synthetic_random_flipping,pfpascal|glunet|True|False,pfpascal,glunet|True|False,12.1653,0.1821893397061452,-0.10518430767625296,0.0,0.0,27.283710000000003
synthetic_random_flipping,pfpascal|glunet|True|True,pfpascal,glunet|True|True,11.6719,0.1821893397061452,-0.08870848626734687,0.0,0.0,33.38772
synthetic_random_flipping,pfpascal|raft|True|False,pfpascal,raft|True|False,5.7248375000000005,0.1821893397061452,-0.040575994507684364,0.0,0.0,12.33052
synthetic_random_flipping,pfwillow|catspp|False|False,pfwillow,catspp|False|False,17.9333,0.042559496760916325,-0.011586944749366477,0.0,0.0,13.65889
synthetic_random_flipping,pfwillow|catspp|False|True,pfwillow,catspp|False|True,13.4667,0.042559496760916325,-0.012623621386255812,0.0,0.0,14.516105
synthetic_random_flipping,pfwillow|catspp|True|False,pfwillow,catspp|True|False,50.7444,0.042559496760916325,-0.013563573608158633,0.0,0.0,46.36834
synthetic_random_flipping,pfwillow|catspp|True|True,pfwillow,catspp|True|True,49.6444,0.042559496760916325,-0.015272690529617421,0.0,0.0,48.66333
synthetic_random_flipping,pfwillow|glunet|False|False,pfwillow,glunet|False|False,18.3917,0.042559496760916325,-0.011572911932192462,0.0,0.0,15.18792
synthetic_random_flipping,pfwillow|glunet|False|True,pfwillow,glunet|False|True,5.0111,0.042559496760916325,-0.008337867487313745,0.0,0.0,14.904599999999999
synthetic_random_flipping,pfwillow|glunet|True|False,pfwillow,glunet|True|False,36.342,0.042559496760916325,-0.028941949353195127,0.0,0.0,28.43789
synthetic_random_flipping,pfwillow|glunet|True|True,pfwillow,glunet|True|True,48.3864,0.042559496760916325,-0.02530507686171907,0.0,0.0,32.681169999999995
synthetic_random_flipping,pfwillow|raft|True|False,pfwillow,raft|True|False,16.4025,0.042559496760916325,-0.010768522500693965,0.0,0.0,14.71179625
synthetic_random_flipping,pointodyssey|catspp|False|False,pointodyssey,catspp|False|False,84.7224,0.17596351653361042,-0.19149047025759589,0.0,0.0,40.624375
synthetic_random_flipping,pointodyssey|catspp|False|True,pointodyssey,catspp|False|True,65.9417,0.17596351653361042,-0.2665529051385255,0.0,0.0,49.51853
synthetic_random_flipping,pointodyssey|catspp|True|False,pointodyssey,catspp|True|False,48.4592,0.17596351653361042,-0.1713453049944329,0.0,0.0,58.43904
synthetic_random_flipping,pointodyssey|catspp|True|True,pointodyssey,catspp|True|True,95.8171,0.17596351653361042,-0.10896340247203438,0.0,0.0,54.11945000000001
synthetic_random_flipping,pointodyssey|glunet|False|False,pointodyssey,glunet|False|False,8.5059,0.17596351653361042,-0.08344462645332844,0.0,0.0,86.97684000000001
synthetic_random_flipping,pointodyssey|glunet|False|True,pointodyssey,glunet|False|True,80.976,0.17596351653361042,-0.25806355404271264,0.0,0.0,74.05364999999999
synthetic_random_flipping,pointodyssey|glunet|True|False,pointodyssey,glunet|True|False,62.6774,0.17596351653361042,-0.2247876723938012,0.0,0.0,86.67645999999999
synthetic_random_flipping,pointodyssey|glunet|True|True,pointodyssey,glunet|True|True,90.6576,0.17596351653361042,-0.15757074357418915,0.0,0.0,86.1181
synthetic_random_flipping,pointodyssey|raft|True|False,pointodyssey,raft|True|False,36.1356,0.17596351653361042,-0.2448809853805552,0.0,0.0,42.05829875
synthetic_random_flipping,spair|catspp|False|False,spair,catspp|False|False,4.0943,-0.1149357185010406,0.00254244516016669,0.0,0.0,3.4721249999999997
synthetic_random_flipping,spair|catspp|False|True,spair,catspp|False|True,3.9026,-0.1149357185010406,0.003360043208900924,0.0,0.0,3.5288650000000006
synthetic_random_flipping,spair|catspp|True|False,spair,catspp|True|False,20.7809,-0.1149357185010406,0.024724232520021493,0.0,0.0,21.281129999999997
synthetic_random_flipping,spair|catspp|True|True,spair,catspp|True|True,21.5433,-0.1149357185010406,0.02335526893129222,0.0,0.0,22.56524
synthetic_random_flipping,spair|glunet|False|False,spair,glunet|False|False,3.6526,-0.1149357185010406,0.0028843357055792704,0.0,0.0,2.79144
synthetic_random_flipping,spair|glunet|False|True,spair,glunet|False|True,2.6984,-0.1149357185010406,0.0016818436883783716,0.0,0.0,2.5693200000000003
synthetic_random_flipping,spair|glunet|True|False,spair,glunet|True|False,5.1968,-0.1149357185010406,0.048497358780314755,0.0,0.0,7.755509999999999
synthetic_random_flipping,spair|glunet|True|True,spair,glunet|True|True,15.6163,-0.1149357185010406,0.03219435683053346,0.0,0.0,8.398689999999998
synthetic_random_flipping,spair|raft|True|False,spair,raft|True|False,1.9948,-0.1149357185010406,0.002108539263849482,0.0,0.0,2.84419375
synthetic_random_flipping,synthetic|catspp|False|False,synthetic,catspp|False|False,19.63085,-0.13354115676567926,0.09873887164179755,0.0,0.0,23.080665
synthetic_random_flipping,synthetic|catspp|False|True,synthetic,catspp|False|True,15.8474,-0.13354115676567926,0.1106618737594211,0.0,0.0,24.567425
synthetic_random_flipping,synthetic|catspp|True|False,synthetic,catspp|True|False,40.1523,-0.13354115676567926,0.1292166707337453,0.0,0.0,49.21644
synthetic_random_flipping,synthetic|catspp|True|True,synthetic,catspp|True|True,39.2118,-0.13354115676567926,0.09185093033127437,0.0,0.0,48.2851
synthetic_random_flipping,synthetic|glunet|False|False,synthetic,glunet|False|False,18.5281,-0.13354115676567926,0.07384672402181086,0.0,0.0,16.22314
synthetic_random_flipping,synthetic|glunet|False|True,synthetic,glunet|False|True,16.7068,-0.13354115676567926,0.03203187571496808,0.0,0.0,11.865590000000001
synthetic_random_flipping,synthetic|glunet|True|False,synthetic,glunet|True|False,6.6755,-0.13354115676567926,0.12820656863124913,0.0,0.0,31.093130000000002
synthetic_random_flipping,synthetic|glunet|True|True,synthetic,glunet|True|True,20.8004,-0.13354115676567926,0.10155660086791325,0.0,0.0,27.343709999999998
synthetic_random_flipping,synthetic|raft|True|False,synthetic,raft|True|False,15.92325,-0.13354115676567926,0.1428151780057094,0.0,0.0,21.511377500000002
synthetic_random_flipping,tss|catspp|False|False,tss,catspp|False|False,5.2821,-0.012490484679206949,0.005486422176252443,0.0,0.0,27.066875
synthetic_random_flipping,tss|catspp|False|True,tss,catspp|False|True,26.72155,-0.012490484679206949,0.007948215931563092,0.0,0.0,25.47493
synthetic_random_flipping,tss|catspp|True|False,tss,catspp|True|False,58.4608,-0.012490484679206949,0.0023167706333394205,0.0,0.0,64.55118
synthetic_random_flipping,tss|catspp|True|True,tss,catspp|True|True,60.5773,-0.012490484679206949,0.002762294622296203,0.0,0.0,64.87917
synthetic_random_flipping,tss|glunet|False|False,tss,glunet|False|False,32.7962,-0.012490484679206949,0.008228156590241262,0.0,0.0,25.55725
synthetic_random_flipping,tss|glunet|False|True,tss,glunet|False|True,27.4139,-0.012490484679206949,0.006677005247058639,0.0,0.0,22.559469999999997
synthetic_random_flipping,tss|glunet|True|False,tss,glunet|True|False,50.8272,-0.012490484679206949,0.014143928880873602,0.0,0.0,47.75251
synthetic_random_flipping,tss|glunet|True|True,tss,glunet|True|True,68.4478,-0.012490484679206949,0.010497898722649016,0.0,0.0,49.7961
synthetic_random_flipping,tss|raft|True|False,tss,raft|True|False,27.3016,-0.012490484679206949,0.006036545463151236,0.0,0.0,20.7535275
synthetic_small_zoom,flyingthings|catspp|False|False,flyingthings,catspp|False|False,57.94145,-0.009356893597532017,0.005104363876634121,0.0,0.0,57.46369
synthetic_small_zoom,flyingthings|catspp|False|True,flyingthings,catspp|False|True,60.329,-0.009356893597532017,0.0050496999693882706,0.0,0.0,58.36421
synthetic_small_zoom,flyingthings|catspp|True|False,flyingthings,catspp|True|False,79.6231,-0.009356893597532017,0.0015294528961850083,0.0,0.0,79.9871
synthetic_small_zoom,flyingthings|catspp|True|True,flyingthings,catspp|True|True,82.1343,-0.009356893597532017,0.0011051567716220153,0.0,0.0,79.876775
synthetic_small_zoom,flyingthings|glunet|False|False,flyingthings,glunet|False|False,64.6211,-0.009356893597532017,0.0053002254016679285,0.0,0.0,58.31179999999999
synthetic_small_zoom,flyingthings|glunet|False|True,flyingthings,glunet|False|True,3.3265,-0.009356893597532017,0.002151085591438414,0.0,0.0,57.27352
synthetic_small_zoom,flyingthings|glunet|True|False,flyingthings,glunet|True|False,39.164,-0.009356893597532017,0.005113932052418923,0.0,0.0,68.57140000000001
synthetic_small_zoom,flyingthings|glunet|True|True,flyingthings,glunet|True|True,66.7997,-0.009356893597532017,0.003869336358365736,0.0,0.0,67.60204999999999
synthetic_small_zoom,flyingthings|raft|True|False,flyingthings,raft|True|False,65.58855,-0.009356893597532017,0.006376359927447808,0.0,0.0,49.266845
synthetic_small_zoom,kitti2012|catspp|False|False,kitti2012,catspp|False|False,62.5595,-0.45158178880390415,0.29398412652229755,0.0,0.0,77.6808
synthetic_small_zoom,kitti2012|catspp|False|True,kitti2012,catspp|False|True,86.332,-0.45158178880390415,0.29129499636183026,0.0,0.0,77.51874000000001
synthetic_small_zoom,kitti2012|catspp|True|False,kitti2012,catspp|True|False,98.098,-0.45158178880390415,0.05422348914046888,0.0,0.0,95.56376
synthetic_small_zoom,kitti2012|catspp|True|True,kitti2012,catspp|True|True,96.1437,-0.45158178880390415,0.05154787974746141,0.0,0.0,95.62424
synthetic_small_zoom,kitti2012|glunet|False|False,kitti2012,glunet|False|False,83.278,-0.45158178880390415,0.31231438087363256,0.0,0.0,86.67063
synthetic_small_zoom,kitti2012|glunet|False|True,kitti2012,glunet|False|True,91.6607,-0.45158178880390415,0.30333537438528796,0.0,0.0,82.05635
synthetic_small_zoom,kitti2012|glunet|True|False,kitti2012,glunet|True|False,97.8728,-0.45158178880390415,0.28092555868721036,0.0,0.0,87.93485999999999
synthetic_small_zoom,kitti2012|glunet|True|True,kitti2012,glunet|True|True,97.4634,-0.45158178880390415,0.17935045033411334,0.0,0.0,91.26132
synthetic_small_zoom,kitti2012|raft|True|False,kitti2012,raft|True|False,98.2011,-0.45158178880390415,0.3879022451946336,0.0,0.0,74.47640249999999
synthetic_small_zoom,kitti2015|catspp|False|False,kitti2015,catspp|False|False,83.0162,-0.39413235255976414,0.2506283403820891,0.0,0.0,77.94109999999999
synthetic_small_zoom,kitti2015|catspp|False|True,kitti2015,catspp|False|True,93.0548,-0.39413235255976414,0.2413595999865893,0.0,0.0,77.77804
synthetic_small_zoom,kitti2015|catspp|True|False,kitti2015,catspp|True|False,97.1466,-0.39413235255976414,0.03827248125828393,0.0,0.0,94.94857499999999
synthetic_small_zoom,kitti2015|catspp|True|True,kitti2015,catspp|True|True,94.8194,-0.39413235255976414,0.03773981378154476,0.0,0.0,94.84918
synthetic_small_zoom,kitti2015|glunet|False|False,kitti2015,glunet|False|False,13.6098,-0.39413235255976414,0.0722592772630695,0.0,0.0,89.0667
synthetic_small_zoom,kitti2015|glunet|False|True,kitti2015,glunet|False|True,88.1684,-0.39413235255976414,0.23507812965852046,0.0,0.0,77.66272000000001
synthetic_small_zoom,kitti2015|glunet|True|False,kitti2015,glunet|True|False,96.11,-0.39413235255976414,0.2275483600133881,0.0,0.0,86.025
synthetic_small_zoom,kitti2015|glunet|True|True,kitti2015,glunet|True|True,97.3336,-0.39413235255976414,0.15185484824969622,0.0,0.0,89.04607
synthetic_small_zoom,kitti2015|raft|True|False,kitti2015,raft|True|False,91.5495,-0.39413235255976414,0.31027962544239257,0.0,0.0,72.47344625000001
synthetic_small_zoom,pfpascal|catspp|False|False,pfpascal,catspp|False|False,15.9431,-0.049266045449991046,0.005959522238230767,0.0,0.0,11.34567
synthetic_small_zoom,pfpascal|catspp|False|True,pfpascal,catspp|False|True,18.9586,-0.049266045449991046,0.0061487213465709544,0.0,0.0,11.19807
synthetic_small_zoom,pfpascal|catspp|True|False,pfpascal,catspp|True|False,47.5495,-0.049266045449991046,0.007675217320050886,0.0,0.0,43.20949
synthetic_small_zoom,pfpascal|catspp|True|True,pfpascal,catspp|True|True,55.8613,-0.049266045449991046,0.005970376109508636,0.0,0.0,45.239085
synthetic_small_zoom,pfpascal|glunet|False|False,pfpascal,glunet|False|False,8.1688,-0.049266045449991046,0.006605564055207541,0.0,0.0,12.12781
synthetic_small_zoom,pfpascal|glunet|False|True,pfpascal,glunet|False|True,12.2101,-0.049266045449991046,0.005879134732316191,0.0,0.0,11.56757
synthetic_small_zoom,pfpascal|glunet|True|False,pfpascal,glunet|True|False,27.963,-0.049266045449991046,0.014107722267107202,0.0,0.0,25.70394
synthetic_small_zoom,pfpascal|glunet|True|True,pfpascal,glunet|True|True,32.8035,-0.049266045449991046,0.013916322801982368,0.0,0.0,31.27456
synthetic_small_zoom,pfpascal|raft|True|False,pfpascal,raft|True|False,13.37085,-0.049266045449991046,0.005551012986956212,0.0,0.0,11.56591875
synthetic_small_zoom,pfwillow|catspp|False|False,pfwillow,catspp|False|False,18.7222,-0.009815648151470912,0.0011709824274385634,0.0,0.0,13.580000000000002
synthetic_small_zoom,pfwillow|catspp|False|True,pfwillow,catspp|False|True,19.0444,-0.009815648151470912,0.001235760877496799,0.0,0.0,13.958335
synthetic_small_zoom,pfwillow|catspp|True|False,pfwillow,catspp|True|False,51.4222,-0.009815648151470912,0.0013807130126199415,0.0,0.0,46.300560000000004
synthetic_small_zoom,pfwillow|catspp|True|True,pfwillow,catspp|True|True,45.7111,-0.009815648151470912,0.0015520076559258843,0.0,0.0,49.05666
synthetic_small_zoom,pfwillow|glunet|False|False,pfwillow,glunet|False|False,13.3667,-0.009815648151470912,0.0012060848254852293,0.0,0.0,15.69042
synthetic_small_zoom,pfwillow|glunet|False|True,pfwillow,glunet|False|True,16.6778,-0.009815648151470912,0.0011545744226667942,0.0,0.0,13.73793
synthetic_small_zoom,pfwillow|glunet|True|False,pfwillow,glunet|True|False,21.9778,-0.009815648151470912,0.0029825484139125802,0.0,0.0,29.87431
synthetic_small_zoom,pfwillow|glunet|True|True,pfwillow,glunet|True|True,36.9201,-0.009815648151470912,0.0028948430407628985,0.0,0.0,33.8278
synthetic_small_zoom,pfwillow|raft|True|False,pfwillow,raft|True|False,18.7,-0.009815648151470912,0.0010638837600013907,0.0,0.0,14.482046250000002
synthetic_small_zoom,pointodyssey|catspp|False|False,pointodyssey,catspp|False|False,46.4111,-0.06866296334923756,0.04180490544559755,0.0,0.0,44.455505
synthetic_small_zoom,pointodyssey|catspp|False|True,pointodyssey,catspp|False|True,43.2626,-0.06866296334923756,0.047159497638441926,0.0,0.0,51.78643999999999
synthetic_small_zoom,pointodyssey|catspp|True|False,pointodyssey,catspp|True|False,36.487,-0.06866296334923756,0.02738865965142064,0.0,0.0,59.63626000000001
synthetic_small_zoom,pointodyssey|catspp|True|True,pointodyssey,catspp|True|True,51.1702,-0.06866296334923756,0.030167526076719336,0.0,0.0,58.584140000000005
synthetic_small_zoom,pointodyssey|glunet|False|False,pointodyssey,glunet|False|False,92.0672,-0.06866296334923756,0.04648764404928746,0.0,0.0,78.62071
synthetic_small_zoom,pointodyssey|glunet|False|True,pointodyssey,glunet|False|True,81.446,-0.06866296334923756,0.04496600847353845,0.0,0.0,74.00665000000001
synthetic_small_zoom,pointodyssey|glunet|True|False,pointodyssey,glunet|True|False,92.0552,-0.06866296334923756,0.04124630668112543,0.0,0.0,83.73868
synthetic_small_zoom,pointodyssey|glunet|True|True,pointodyssey,glunet|True|True,90.8588,-0.06866296334923756,0.027459961947511043,0.0,0.0,86.09797999999999
synthetic_small_zoom,pointodyssey|raft|True|False,pointodyssey,raft|True|False,74.9348,-0.06866296334923756,0.037331068220353925,0.0,0.0,38.17837875
synthetic_small_zoom,spair|catspp|False|False,spair,catspp|False|False,3.93925,0.017096011367689568,-0.00017959370751861336,0.0,0.0,3.4876300000000002
synthetic_small_zoom,spair|catspp|False|True,spair,catspp|False|True,3.183,0.017096011367689568,-0.0002217213106799314,0.0,0.0,3.6008250000000004
synthetic_small_zoom,spair|catspp|True|False,spair,catspp|True|False,19.9484,0.017096011367689568,-0.0016323292438249946,0.0,0.0,21.36438
synthetic_small_zoom,spair|catspp|True|True,spair,catspp|True|True,18.34,0.017096011367689568,-0.0014186589064370462,0.0,0.0,22.88557
synthetic_small_zoom,spair|glunet|False|False,spair,glunet|False|False,3.0531,0.017096011367689568,-0.00022565035570778463,0.0,0.0,2.85139
synthetic_small_zoom,spair|glunet|False|True,spair,glunet|False|True,2.7028,0.017096011367689568,-0.00011165939833100065,0.0,0.0,2.56888
synthetic_small_zoom,spair|glunet|True|False,spair,glunet|True|False,2.8992,0.017096011367689568,-0.0031619275700018224,0.0,0.0,7.98527
synthetic_small_zoom,spair|glunet|True|True,spair,glunet|True|True,14.6684,0.017096011367689568,-0.0022046185292133387,0.0,0.0,8.49348
synthetic_small_zoom,spair|raft|True|False,spair,raft|True|False,2.4022375,0.017096011367689568,-0.00017598411782124664,0.0,0.0,2.80345
synthetic_small_zoom,synthetic|catspp|False|False,synthetic,catspp|False|False,4.0712,-0.10029306511496756,0.02849156680832476,0.0,0.0,24.63663
synthetic_small_zoom,synthetic|catspp|False|True,synthetic,catspp|False|True,21.8158,-0.10029306511496756,0.037797024065811556,0.0,0.0,23.970585
synthetic_small_zoom,synthetic|catspp|True|False,synthetic,catspp|True|False,38.1694,-0.10029306511496756,0.043003333188057685,0.0,0.0,49.41473
synthetic_small_zoom,synthetic|catspp|True|True,synthetic,catspp|True|True,48.52,-0.10029306511496756,0.03172256939530438,0.0,0.0,47.35428
synthetic_small_zoom,synthetic|glunet|False|False,synthetic,glunet|False|False,10.5186,-0.10029306511496756,0.02425499003199991,0.0,0.0,17.02409
synthetic_small_zoom,synthetic|glunet|False|True,synthetic,glunet|False|True,6.8448,-0.10029306511496756,0.010331214406483753,0.0,0.0,12.85179
synthetic_small_zoom,synthetic|glunet|True|False,synthetic,glunet|True|False,35.4304,-0.10029306511496756,0.047217882649156995,0.0,0.0,28.21764
synthetic_small_zoom,synthetic|glunet|True|True,synthetic,glunet|True|True,21.0263,-0.10029306511496756,0.03411114506661658,0.0,0.0,27.32112
synthetic_small_zoom,synthetic|raft|True|False,synthetic,raft|True|False,4.674075,-0.10029306511496756,0.0457587772566079,0.0,0.0,22.636295
synthetic_small_zoom,tss|catspp|False|False,tss,catspp|False|False,20.8428,-0.04470104568881739,0.011813409854464291,0.0,0.0,25.510804999999998
synthetic_small_zoom,tss|catspp|False|True,tss,catspp|False|True,20.0086,-0.04470104568881739,0.012511463231490093,0.0,0.0,26.146224999999998
synthetic_small_zoom,tss|catspp|True|False,tss,catspp|True|False,64.8435,-0.04470104568881739,0.004328027550667223,0.0,0.0,63.91291
synthetic_small_zoom,tss|catspp|True|True,tss,catspp|True|True,68.6688,-0.04470104568881739,0.00437543714971477,0.0,0.0,64.07002
synthetic_small_zoom,tss|glunet|False|False,tss,glunet|False|False,39.6402,-0.04470104568881739,0.012255851357436329,0.0,0.0,24.87285
synthetic_small_zoom,tss|glunet|False|True,tss,glunet|False|True,32.7723,-0.04470104568881739,0.010063737597641939,0.0,0.0,22.02363
synthetic_small_zoom,tss|glunet|True|False,tss,glunet|True|False,65.5404,-0.04470104568881739,0.021483480622156576,0.0,0.0,46.281189999999995
synthetic_small_zoom,tss|glunet|True|True,tss,glunet|True|True,62.9502,-0.04470104568881739,0.017547466791490295,0.0,0.0,50.34586
synthetic_small_zoom,tss|raft|True|False,tss,raft|True|False,31.9553,-0.04470104568881739,0.0089600680763465,0.0,0.0,20.2881575
