train_dataset,context_id,benchmark,variant,actual,g,g_zridge,g_rank,g_gbm,L
flyingthings,flyingthings|catspp|False|False,flyingthings,catspp|False|False,76.3251,6.049428913346977,10.176173005719697,0.0,0.0,55.625325
flyingthings,flyingthings|catspp|False|True,flyingthings,catspp|False|True,76.5009,6.049428913346977,10.110618314184643,0.0,0.0,56.74702
flyingthings,flyingthings|catspp|True|False,flyingthings,catspp|True|False,85.2977,6.049428913346977,3.0667690574330755,0.0,0.0,79.41964
flyingthings,flyingthings|catspp|True|True,flyingthings,catspp|True|True,85.2894,6.049428913346977,2.1564154447587267,0.0,0.0,79.561265
flyingthings,flyingthings|glunet|False|False,flyingthings,glunet|False|False,79.5401,6.049428913346977,10.548094737497257,0.0,0.0,56.819900000000004
flyingthings,flyingthings|glunet|False|True,flyingthings,glunet|False|True,72.9905,6.049428913346977,9.191028187332591,0.0,0.0,50.307120000000005
flyingthings,flyingthings|glunet|True|False,flyingthings,glunet|True|False,85.8465,6.049428913346977,11.21082891580605,0.0,0.0,63.903150000000004
flyingthings,flyingthings|glunet|True|True,flyingthings,glunet|True|True,81.4831,6.049428913346977,7.733253599971381,0.0,0.0,66.13371
flyingthings,flyingthings|raft|True|False,flyingthings,raft|True|False,79.60585,6.049428913346977,12.63527645407858,0.0,0.0,47.865115
flyingthings,kitti2012|catspp|False|False,kitti2012,catspp|False|False,94.359,4.482929484159412,6.185511672221618,0.0,0.0,74.50085
flyingthings,kitti2012|catspp|False|True,kitti2012,catspp|False|True,94.1642,4.482929484159412,6.095634824372465,0.0,0.0,76.73552
flyingthings,kitti2012|catspp|True|False,kitti2012,catspp|True|False,98.098,4.482929484159412,1.1566268646654785,0.0,0.0,95.56376
flyingthings,kitti2012|catspp|True|True,kitti2012,catspp|True|True,97.709,4.482929484159412,1.0855900512266463,0.0,0.0,95.46771
flyingthings,kitti2012|glunet|False|False,kitti2012,glunet|False|False,97.2233,4.482929484159412,6.598370585757357,0.0,0.0,85.2761
flyingthings,kitti2012|glunet|False|True,kitti2012,glunet|False|True,94.0515,4.482929484159412,6.441814423263294,0.0,0.0,81.81727000000001
flyingthings,kitti2012|glunet|True|False,kitti2012,glunet|True|False,99.4901,4.482929484159412,5.97167870088302,0.0,0.0,87.77313
flyingthings,kitti2012|glunet|True|True,kitti2012,glunet|True|True,99.0764,4.482929484159412,3.8045129489814573,0.0,0.0,91.10002
flyingthings,kitti2012|raft|True|False,kitti2012,raft|True|False,96.60025,4.482929484159412,8.305389378466936,0.0,0.0,74.6364875
flyingthings,kitti2015|catspp|False|False,kitti2015,catspp|False|False,91.4836,3.9814039181674477,5.329090611960703,0.0,0.0,77.09436
flyingthings,kitti2015|catspp|False|True,kitti2015,catspp|False|True,91.5434,3.9814039181674477,5.236547473623952,0.0,0.0,77.92918
flyingthings,kitti2015|catspp|True|False,kitti2015,catspp|True|False,96.7896,3.9814039181674477,0.8314606678325768,0.0,0.0,94.984275
flyingthings,kitti2015|catspp|True|True,kitti2015,catspp|True|True,95.7013,3.9814039181674477,0.8124796509251021,0.0,0.0,94.76099
flyingthings,kitti2015|glunet|False|False,kitti2015,glunet|False|False,93.9097,3.9814039181674477,5.491364385188234,0.0,0.0,81.03671
flyingthings,kitti2015|glunet|False|True,kitti2015,glunet|False|True,89.0545,3.9814039181674477,5.067224996232689,0.0,0.0,77.57410999999999
flyingthings,kitti2015|glunet|True|False,kitti2015,glunet|True|False,97.7086,3.9814039181674477,4.895461459993371,0.0,0.0,85.86514
flyingthings,kitti2015|glunet|True|True,kitti2015,glunet|True|True,97.3336,3.9814039181674477,3.2801482489115297,0.0,0.0,89.04607
flyingthings,kitti2015|raft|True|False,kitti2015,raft|True|False,91.5495,3.9814039181674477,6.70221057673623,0.0,0.0,72.47344625
flyingthings,pfpascal|catspp|False|False,pfpascal,catspp|False|False,16.4969,1.3821171257721492,0.46709178007462127,0.0,0.0,11.29029
flyingthings,pfpascal|catspp|False|True,pfpascal,catspp|False|True,16.0706,1.3821171257721492,0.5297375225106271,0.0,0.0,11.48687
flyingthings,pfpascal|catspp|True|False,pfpascal,catspp|True|False,48.3555,1.3821171257721492,0.6028189300547311,0.0,0.0,43.12889
flyingthings,pfpascal|catspp|True|True,pfpascal,catspp|True|True,50.7447,1.3821171257721492,0.5644708995100266,0.0,0.0,45.750745
flyingthings,pfpascal|glunet|False|False,pfpascal,glunet|False|False,11.2521,1.3821171257721492,0.5404860166675288,0.0,0.0,11.81948
flyingthings,pfpascal|glunet|False|True,pfpascal,glunet|False|True,14.9872,1.3821171257721492,0.4521347226054083,0.0,0.0,11.289860000000001
flyingthings,pfpascal|glunet|True|False,pfpascal,glunet|True|False,34.1953,1.3821171257721492,1.0841548666958962,0.0,0.0,25.08071
flyingthings,pfpascal|glunet|True|True,pfpascal,glunet|True|True,33.9699,1.3821171257721492,1.1037834667032171,0.0,0.0,31.15792
flyingthings,pfpascal|raft|True|False,pfpascal,raft|True|False,13.37085,1.3821171257721492,0.44134964723984393,0.0,0.0,11.56591875
flyingthings,pfwillow|catspp|False|False,pfwillow,catspp|False|False,17.4889,0.7065051961074719,0.16170009088286016,0.0,0.0,13.70333
flyingthings,pfwillow|catspp|False|True,pfwillow,catspp|False|True,19.0444,0.7065051961074719,0.16583337054806208,0.0,0.0,13.958335
flyingthings,pfwillow|catspp|True|False,pfwillow,catspp|True|False,51.4778,0.7065051961074719,0.18508102271369395,0.0,0.0,46.295
flyingthings,pfwillow|catspp|True|True,pfwillow,catspp|True|True,53.4,0.7065051961074719,0.20392095301294,0.0,0.0,48.28777
flyingthings,pfwillow|glunet|False|False,pfwillow,glunet|False|False,16.2466,0.7065051961074719,0.16357978425280223,0.0,0.0,15.402429999999999
flyingthings,pfwillow|glunet|False|True,pfwillow,glunet|False|True,18.3398,0.7065051961074719,0.1493802843454709,0.0,0.0,13.571729999999999
flyingthings,pfwillow|glunet|True|False,pfwillow,glunet|True|False,35.8302,0.7065051961074719,0.4015111268413181,0.0,0.0,28.489069999999998
flyingthings,pfwillow|glunet|True|True,pfwillow,glunet|True|True,36.9398,0.7065051961074719,0.38845371319154753,0.0,0.0,33.82583
flyingthings,pfwillow|raft|True|False,pfwillow,raft|True|False,16.6614,0.7065051961074719,0.14849200191791223,0.0,0.0,14.685906249999999
flyingthings,pointodyssey|catspp|False|False,pointodyssey,catspp|False|False,46.0158,5.135878706376247,7.40807544339155,0.0,0.0,44.495034999999994
flyingthings,pointodyssey|catspp|False|True,pointodyssey,catspp|False|True,68.9316,5.135878706376247,8.159906297086357,0.0,0.0,49.21954
flyingthings,pointodyssey|catspp|True|False,pointodyssey,catspp|True|False,64.7289,5.135878706376247,5.328650355610443,0.0,0.0,56.81206999999999
flyingthings,pointodyssey|catspp|True|True,pointodyssey,catspp|True|True,59.3461,5.135878706376247,5.395133517437954,0.0,0.0,57.76655000000001
flyingthings,pointodyssey|glunet|False|False,pointodyssey,glunet|False|False,93.9512,5.135878706376247,8.199326504633737,0.0,0.0,78.43231
flyingthings,pointodyssey|glunet|False|True,pointodyssey,glunet|False|True,91.9442,5.135878706376247,7.768537527688989,0.0,0.0,72.95683
flyingthings,pointodyssey|glunet|True|False,pointodyssey,glunet|True|False,97.4434,5.135878706376247,7.213776434766142,0.0,0.0,83.19986
flyingthings,pointodyssey|glunet|True|True,pointodyssey,glunet|True|True,95.08,5.135878706376247,4.795671601745923,0.0,0.0,85.67586
flyingthings,pointodyssey|raft|True|False,pointodyssey,raft|True|False,36.1356,5.135878706376247,7.5646625323562215,0.0,0.0,42.05829875
flyingthings,spair|catspp|False|False,spair,catspp|False|False,3.633,-1.3130262027320485,-0.05385570535262556,0.0,0.0,3.518255
flyingthings,spair|catspp|False|True,spair,catspp|False|True,3.6918,-1.3130262027320485,-0.06480214629948398,0.0,0.0,3.549945
flyingthings,spair|catspp|True|False,spair,catspp|True|False,19.9484,-1.3130262027320485,-0.46261017249321024,0.0,0.0,21.36438
flyingthings,spair|catspp|True|True,spair,catspp|True|True,19.8812,-1.3130262027320485,-0.42662723446278694,0.0,0.0,22.731450000000002
flyingthings,spair|glunet|False|False,spair,glunet|False|False,2.6105,-1.3130262027320485,-0.06343250554568552,0.0,0.0,2.89565
flyingthings,spair|glunet|False|True,spair,glunet|False|True,2.7028,-1.3130262027320485,-0.03164482515877189,0.0,0.0,2.56888
flyingthings,spair|glunet|True|False,spair,glunet|True|False,6.6514,-1.3130262027320485,-0.9184356307269936,0.0,0.0,7.610049999999999
flyingthings,spair|glunet|True|True,spair,glunet|True|True,7.582,-1.3130262027320485,-0.6693548526561417,0.0,0.0,9.20212
flyingthings,spair|raft|True|False,spair,raft|True|False,2.69925,-1.3130262027320485,-0.05234407778400789,0.0,0.0,2.77374875
flyingthings,synthetic|catspp|False|False,synthetic,catspp|False|False,20.6718,0.2714796845073531,-0.527021573133023,0.0,0.0,22.97657
flyingthings,synthetic|catspp|False|True,synthetic,catspp|False|True,22.0954,0.2714796845073531,-0.6001356686033417,0.0,0.0,23.942625
flyingthings,synthetic|catspp|True|False,synthetic,catspp|True|False,38.1694,0.2714796845073531,-0.6825960952992957,0.0,0.0,49.41473
flyingthings,synthetic|catspp|True|True,synthetic,catspp|True|True,38.2449,0.2714796845073531,-0.4855614061349843,0.0,0.0,48.38179
flyingthings,synthetic|glunet|False|False,synthetic,glunet|False|False,15.5289,0.2714796845073531,-0.394301059752611,0.0,0.0,16.52306
flyingthings,synthetic|glunet|False|True,synthetic,glunet|False|True,15.7001,0.2714796845073531,-0.17542636304381254,0.0,0.0,11.96626
flyingthings,synthetic|glunet|True|False,synthetic,glunet|True|False,35.4304,0.2714796845073531,-0.7494940493023369,0.0,0.0,28.21764
flyingthings,synthetic|glunet|True|True,synthetic,glunet|True|True,27.769,0.2714796845073531,-0.5476259879352365,0.0,0.0,26.64685
flyingthings,synthetic|raft|True|False,synthetic,raft|True|False,15.92325,0.2714796845073531,-0.7606931427701039,0.0,0.0,21.511377500000002
flyingthings,tss|catspp|False|False,tss,catspp|False|False,33.5001,2.582271896560934,1.5066897180595646,0.0,0.0,24.245075
flyingthings,tss|catspp|False|True,tss,catspp|False|True,32.7945,2.582271896560934,1.6302995512346306,0.0,0.0,24.867635
flyingthings,tss|catspp|True|False,tss,catspp|True|False,66.7564,2.582271896560934,0.5524956293257525,0.0,0.0,63.72162000000001
flyingthings,tss|catspp|True|True,tss,catspp|True|True,66.7002,2.582271896560934,0.6074544640925406,0.0,0.0,64.26688
flyingthings,tss|glunet|False|False,tss,glunet|False|False,26.1161,2.582271896560934,1.7696930127580732,0.0,0.0,26.22526
flyingthings,tss|glunet|False|True,tss,glunet|False|True,32.7723,2.582271896560934,1.326168487143292,0.0,0.0,22.02363
flyingthings,tss|glunet|True|False,tss,glunet|True|False,58.8215,2.582271896560934,2.9269392581728386,0.0,0.0,46.95308
flyingthings,tss|glunet|True|True,tss,glunet|True|True,54.9733,2.582271896560934,2.386028011284139,0.0,0.0,51.14355
flyingthings,tss|raft|True|False,tss,raft|True|False,24.11475,2.582271896560934,1.3033289967066255,0.0,0.0,21.0722125
imagenet2dwarp,flyingthings|catspp|False|False,flyingthings,catspp|False|False,57.94145,4.469409924176539,5.133659567125616,0.0,0.0,57.46369
imagenet2dwarp,flyingthings|catspp|False|True,flyingthings,catspp|False|True,60.329,4.469409924176539,5.0786819250155535,0.0,0.0,58.36421
imagenet2dwarp,flyingthings|catspp|True|False,flyingthings,catspp|True|False,78.9297,4.469409924176539,1.535964884587428,0.0,0.0,80.05644
imagenet2dwarp,flyingthings|catspp|True|True,flyingthings,catspp|True|True,79.9519,4.469409924176539,1.1254022044168395,0.0,0.0,80.095015
imagenet2dwarp,flyingthings|glunet|False|False,flyingthings,glunet|False|False,54.827,4.469409924176539,5.342056265509331,0.0,0.0,59.29121
imagenet2dwarp,flyingthings|glunet|False|True,flyingthings,glunet|False|True,48.8918,4.469409924176539,4.735098784183212,0.0,0.0,52.716989999999996
imagenet2dwarp,flyingthings|glunet|True|False,flyingthings,glunet|True|False,11.3571,4.469409924176539,3.114370675461403,0.0,0.0,71.35209
imagenet2dwarp,flyingthings|glunet|True|True,flyingthings,glunet|True|True,66.7997,4.469409924176539,3.891543803426828,0.0,0.0,67.60204999999999
imagenet2dwarp,flyingthings|raft|True|False,flyingthings,raft|True|False,4.28145,4.469409924176539,5.172040040060188,0.0,0.0,55.397555
imagenet2dwarp,kitti2012|catspp|False|False,kitti2012,catspp|False|False,69.0475,3.011727852742188,4.2000282992743205,0.0,0.0,77.03200000000001
imagenet2dwarp,kitti2012|catspp|False|True,kitti2012,catspp|False|True,72.7553,3.011727852742188,4.1204082104723705,0.0,0.0,78.87640999999999
imagenet2dwarp,kitti2012|catspp|True|False,kitti2012,catspp|True|False,92.9336,3.011727852742188,0.7580410470499892,0.0,0.0,96.0802
imagenet2dwarp,kitti2012|catspp|True|True,kitti2012,catspp|True|True,93.6996,3.011727852742188,0.7181200005624693,0.0,0.0,95.86865
imagenet2dwarp,kitti2012|glunet|False|False,kitti2012,glunet|False|False,83.4869,3.011727852742188,4.403517905742686,0.0,0.0,86.64974
imagenet2dwarp,kitti2012|glunet|False|True,kitti2012,glunet|False|True,82.5947,3.011727852742188,4.306542824205007,0.0,0.0,82.96295
imagenet2dwarp,kitti2012|glunet|True|False,kitti2012,glunet|True|False,22.7606,3.011727852742188,1.0716093437568086,0.0,0.0,95.44608
imagenet2dwarp,kitti2012|glunet|True|True,kitti2012,glunet|True|True,93.1941,3.011727852742188,2.548492380290129,0.0,0.0,91.68825
imagenet2dwarp,kitti2012|raft|True|False,kitti2012,raft|True|False,13.823675,3.011727852742188,4.254373653588239,0.0,0.0,82.91414499999999
imagenet2dwarp,kitti2015|catspp|False|False,kitti2015,catspp|False|False,78.94014999999999,2.80804916810046,3.7572720808167324,0.0,0.0,78.348705
imagenet2dwarp,kitti2015|catspp|False|True,kitti2015,catspp|False|True,81.1634,2.80804916810046,3.6858119821258377,0.0,0.0,78.96718000000001
imagenet2dwarp,kitti2015|catspp|True|False,kitti2015,catspp|True|False,92.1125,2.80804916810046,0.5590829119789984,0.0,0.0,95.45198500000001
imagenet2dwarp,kitti2015|catspp|True|True,kitti2015,catspp|True|True,93.2336,2.80804916810046,0.5578050183612032,0.0,0.0,95.00776
imagenet2dwarp,kitti2015|glunet|False|False,kitti2015,glunet|False|False,85.4709,2.80804916810046,3.8509264611534295,0.0,0.0,81.88059000000001
imagenet2dwarp,kitti2015|glunet|False|True,kitti2015,glunet|False|True,80.8596,2.80804916810046,3.5519980433263174,0.0,0.0,78.3936
imagenet2dwarp,kitti2015|glunet|True|False,kitti2015,glunet|True|False,29.7992,2.80804916810046,1.5263371202414764,0.0,0.0,92.65608
imagenet2dwarp,kitti2015|glunet|True|True,kitti2015,glunet|True|True,89.5363,2.80804916810046,2.3076118077329153,0.0,0.0,89.82579999999999
imagenet2dwarp,kitti2015|raft|True|False,kitti2015,raft|True|False,18.0252125,2.80804916810046,3.6377898292429327,0.0,0.0,79.825875
imagenet2dwarp,pfpascal|catspp|False|False,pfpascal,catspp|False|False,9.00725,1.9718334608987693,0.7210055436546433,0.0,0.0,12.039255
imagenet2dwarp,pfpascal|catspp|False|True,pfpascal,catspp|False|True,7.8772,1.9718334608987693,0.7863065825890803,0.0,0.0,12.30621
imagenet2dwarp,pfpascal|catspp|True|False,pfpascal,catspp|True|False,34.5998,1.9718334608987693,0.794835048090725,0.0,0.0,44.50446
imagenet2dwarp,pfpascal|catspp|True|True,pfpascal,catspp|True|True,45.3169,1.9718334608987693,0.8684070210386868,0.0,0.0,46.293525
imagenet2dwarp,pfpascal|glunet|False|False,pfpascal,glunet|False|False,6.0177,1.9718334608987693,0.740215306520724,0.0,0.0,12.342920000000001
imagenet2dwarp,pfpascal|glunet|False|True,pfpascal,glunet|False|True,6.6055,1.9718334608987693,0.6394432639501758,0.0,0.0,12.128029999999999
imagenet2dwarp,pfpascal|glunet|True|False,pfpascal,glunet|True|False,5.8954,1.9718334608987693,1.2813300552760298,0.0,0.0,27.910700000000002
imagenet2dwarp,pfpascal|glunet|True|True,pfpascal,glunet|True|True,29.9721,1.9718334608987693,1.6379122374717192,0.0,0.0,31.5577
imagenet2dwarp,pfpascal|raft|True|False,pfpascal,raft|True|False,5.7248375000000005,1.9718334608987693,0.5770466980344717,0.0,0.0,12.33052
imagenet2dwarp,pfwillow|catspp|False|False,pfwillow,catspp|False|False,11.4111,2.1358761358645157,0.7052272087027748,0.0,0.0,14.31111
imagenet2dwarp,pfwillow|catspp|False|True,pfwillow,catspp|False|True,11.5778,2.1358761358645157,0.7382522354404992,0.0,0.0,14.704995
imagenet2dwarp,pfwillow|catspp|True|False,pfwillow,catspp|True|False,40.8778,2.1358761358645157,0.77510130135611,0.0,0.0,47.355000000000004
imagenet2dwarp,pfwillow|catspp|True|True,pfwillow,catspp|True|True,48.9333,2.1358761358645157,0.9099709177953214,0.0,0.0,48.73444
imagenet2dwarp,pfwillow|glunet|False|False,pfwillow,glunet|False|False,10.8778,2.1358761358645157,0.6634356328248046,0.0,0.0,15.93931
imagenet2dwarp,pfwillow|glunet|False|True,pfwillow,glunet|False|True,10.5889,2.1358761358645157,0.6575411606896054,0.0,0.0,14.34682
imagenet2dwarp,pfwillow|glunet|True|False,pfwillow,glunet|True|False,10.1,2.1358761358645157,1.4588940921994287,0.0,0.0,31.06209
imagenet2dwarp,pfwillow|glunet|True|True,pfwillow,glunet|True|True,31.7,2.1358761358645157,1.673387577193983,0.0,0.0,34.349810000000005
imagenet2dwarp,pfwillow|raft|True|False,pfwillow,raft|True|False,6.6805625,2.1358761358645157,0.48663085025349884,0.0,0.0,15.68399
imagenet2dwarp,pointodyssey|catspp|False|False,pointodyssey,catspp|False|False,51.33235,3.9976621139211304,4.600694973950826,0.0,0.0,43.96338
imagenet2dwarp,pointodyssey|catspp|False|True,pointodyssey,catspp|False|True,48.7736,3.9976621139211304,5.239999222678487,0.0,0.0,51.235339999999994
imagenet2dwarp,pointodyssey|catspp|True|False,pointodyssey,catspp|True|False,36.487,3.9976621139211304,3.0284633886967747,0.0,0.0,59.63626000000001
imagenet2dwarp,pointodyssey|catspp|True|True,pointodyssey,catspp|True|True,41.4359,3.9976621139211304,3.1680782581508624,0.0,0.0,59.55757
imagenet2dwarp,pointodyssey|glunet|False|False,pointodyssey,glunet|False|False,82.9373,3.9976621139211304,5.205535389985553,0.0,0.0,79.5337
imagenet2dwarp,pointodyssey|glunet|False|True,pointodyssey,glunet|False|True,78.5324,3.9976621139211304,4.9870359682623855,0.0,0.0,74.29801
imagenet2dwarp,pointodyssey|glunet|True|False,pointodyssey,glunet|True|False,25.0551,3.9976621139211304,2.00702653814939,0.0,0.0,90.43869
imagenet2dwarp,pointodyssey|glunet|True|True,pointodyssey,glunet|True|True,89.2135,3.9976621139211304,3.045499162973874,0.0,0.0,86.26250999999999
imagenet2dwarp,pointodyssey|raft|True|False,pointodyssey,raft|True|False,3.8248375,3.9976621139211304,3.9459311200519447,0.0,0.0,45.289375
imagenet2dwarp,spair|catspp|False|False,spair,catspp|False|False,3.93925,4.694362130329156,0.1102245933350427,0.0,0.0,3.4876300000000002
imagenet2dwarp,spair|catspp|False|True,spair,catspp|False|True,3.9251,4.694362130329156,0.13652126673536766,0.0,0.0,3.5266150000000005
imagenet2dwarp,spair|catspp|True|False,spair,catspp|True|False,16.6978,4.694362130329156,0.9105840141905304,0.0,0.0,21.689439999999998
imagenet2dwarp,spair|catspp|True|True,spair,catspp|True|True,23.1718,4.694362130329156,0.9544486751686275,0.0,0.0,22.40239
imagenet2dwarp,spair|glunet|False|False,spair,glunet|False|False,2.6759,4.694362130329156,0.13836032181828492,0.0,0.0,2.88911
imagenet2dwarp,spair|glunet|False|True,spair,glunet|False|True,2.6273,4.694362130329156,0.0693778918824049,0.0,0.0,2.5764299999999998
imagenet2dwarp,spair|glunet|True|False,spair,glunet|True|False,2.8992,4.694362130329156,1.9406146538969868,0.0,0.0,7.98527
imagenet2dwarp,spair|glunet|True|True,spair,glunet|True|True,6.6248,4.694362130329156,1.43763582446973,0.0,0.0,9.29784
imagenet2dwarp,spair|raft|True|False,spair,raft|True|False,2.4022375,4.694362130329156,0.10800922865442117,0.0,0.0,2.80345
imagenet2dwarp,synthetic|catspp|False|False,synthetic,catspp|False|False,19.63085,6.156114190360221,4.247366478076789,0.0,0.0,23.080665
imagenet2dwarp,synthetic|catspp|False|True,synthetic,catspp|False|True,19.6472,6.156114190360221,4.826361645786144,0.0,0.0,24.187445
imagenet2dwarp,synthetic|catspp|True|False,synthetic,catspp|True|False,37.1935,6.156114190360221,5.486348294947267,0.0,0.0,49.51232
imagenet2dwarp,synthetic|catspp|True|True,synthetic,catspp|True|True,39.7476,6.156114190360221,3.966020067447407,0.0,0.0,48.23152
imagenet2dwarp,synthetic|glunet|False|False,synthetic,glunet|False|False,9.7372,6.156114190360221,3.0872738140516494,0.0,0.0,17.10223
imagenet2dwarp,synthetic|glunet|False|True,synthetic,glunet|False|True,9.3907,6.156114190360221,1.4314381674189722,0.0,0.0,12.597199999999999
imagenet2dwarp,synthetic|glunet|True|False,synthetic,glunet|True|False,6.6755,6.156114190360221,5.514953460771646,0.0,0.0,31.093130000000002
imagenet2dwarp,synthetic|glunet|True|True,synthetic,glunet|True|True,21.0263,6.156114190360221,4.372747682407005,0.0,0.0,27.32112
imagenet2dwarp,synthetic|raft|True|False,synthetic,raft|True|False,4.674075,6.156114190360221,5.865871310032141,0.0,0.0,22.636295
imagenet2dwarp,tss|catspp|False|False,tss,catspp|False|False,21.05095,4.344997460953102,2.6750722779388867,0.0,0.0,25.48999
imagenet2dwarp,tss|catspp|False|True,tss,catspp|False|True,20.9901,4.344997460953102,2.845285946665132,0.0,0.0,26.048075
imagenet2dwarp,tss|catspp|True|False,tss,catspp|True|False,58.4608,4.344997460953102,0.8380140747732132,0.0,0.0,64.55118
imagenet2dwarp,tss|catspp|True|True,tss,catspp|True|True,63.5068,4.344997460953102,1.058773525736836,0.0,0.0,64.58622
imagenet2dwarp,tss|glunet|False|False,tss,glunet|False|False,14.8312,4.344997460953102,2.8494799810535087,0.0,0.0,27.35375
imagenet2dwarp,tss|glunet|False|True,tss,glunet|False|True,14.6164,4.344997460953102,2.323382573354256,0.0,0.0,23.83922
imagenet2dwarp,tss|glunet|True|False,tss,glunet|True|False,11.2237,4.344997460953102,3.826843084539234,0.0,0.0,51.71286
imagenet2dwarp,tss|glunet|True|True,tss,glunet|True|True,50.4683,4.344997460953102,4.107445069643615,0.0,0.0,51.59405
imagenet2dwarp,tss|raft|True|False,tss,raft|True|False,7.744925,4.344997460953102,1.8673588551463338,0.0,0.0,22.709195
movi_f,flyingthings|catspp|False|False,flyingthings,catspp|False|False,61.2423,6.006339613594708,10.984838237023233,0.0,0.0,57.133605
movi_f,flyingthings|catspp|False|True,flyingthings,catspp|False|True,61.1514,6.006339613594708,10.88263895241728,0.0,0.0,58.28197
movi_f,flyingthings|catspp|True|False,flyingthings,catspp|True|False,77.7052,6.006339613594708,3.2721863540576295,0.0,0.0,80.17889
movi_f,flyingthings|catspp|True|True,flyingthings,catspp|True|True,77.9071,6.006339613594708,2.379259598561279,0.0,0.0,80.29949500000001
movi_f,flyingthings|glunet|False|False,flyingthings,glunet|False|False,41.9398,6.006339613594708,11.042948826490171,0.0,0.0,60.579930000000004
movi_f,flyingthings|glunet|False|True,flyingthings,glunet|False|True,43.0123,6.006339613594708,10.024238892857037,0.0,0.0,53.30494
movi_f,flyingthings|glunet|True|False,flyingthings,glunet|True|False,39.164,6.006339613594708,11.026794625200848,0.0,0.0,68.57140000000001
movi_f,flyingthings|glunet|True|True,flyingthings,glunet|True|True,39.106,6.006339613594708,6.488351731499665,0.0,0.0,70.37142
movi_f,flyingthings|raft|True|False,flyingthings,raft|True|False,38.9566,6.006339613594708,13.848963152627949,0.0,0.0,51.93004
movi_f,kitti2012|catspp|False|False,kitti2012,catspp|False|False,86.277,4.530341254765341,4.539948571767281,0.0,0.0,75.30905
movi_f,kitti2012|catspp|False|True,kitti2012,catspp|False|True,86.332,4.530341254765341,4.459157064587416,0.0,0.0,77.51874000000001
movi_f,kitti2012|catspp|True|False,kitti2012,catspp|True|False,94.5198,4.530341254765341,0.8388852748850536,0.0,0.0,95.92157999999999
movi_f,kitti2012|catspp|True|True,kitti2012,catspp|True|True,95.7835,4.530341254765341,0.7896305521234332,0.0,0.0,95.66026000000001
movi_f,kitti2012|glunet|False|False,kitti2012,glunet|False|False,83.278,4.530341254765341,4.780922759534877,0.0,0.0,86.67063
movi_f,kitti2012|glunet|False|True,kitti2012,glunet|False|True,83.3858,4.530341254765341,4.6761046006465214,0.0,0.0,82.88383999999999
movi_f,kitti2012|glunet|True|False,kitti2012,glunet|True|False,78.7366,4.530341254765341,4.290912188092892,0.0,0.0,89.84848
movi_f,kitti2012|glunet|True|True,kitti2012,glunet|True|True,73.9202,4.530341254765341,2.5263672313324084,0.0,0.0,93.61564000000001
movi_f,kitti2012|raft|True|False,kitti2012,raft|True|False,81.5116,4.530341254765341,6.084879961744328,0.0,0.0,76.1453525
movi_f,kitti2015|catspp|False|False,kitti2015,catspp|False|False,84.7086,3.957176327762479,4.684894519372387,0.0,0.0,77.77185999999999
movi_f,kitti2015|catspp|False|True,kitti2015,catspp|False|True,83.9623,3.957176327762479,4.605200729984058,0.0,0.0,78.68729
movi_f,kitti2015|catspp|True|False,kitti2015,catspp|True|False,94.1351,3.957176327762479,0.7261599992377971,0.0,0.0,95.249725
movi_f,kitti2015|catspp|True|True,kitti2015,catspp|True|True,94.8194,3.957176327762479,0.7068084665421351,0.0,0.0,94.84918
movi_f,kitti2015|glunet|False|False,kitti2015,glunet|False|False,71.5137,3.957176327762479,4.772027331074938,0.0,0.0,83.27631
movi_f,kitti2015|glunet|False|True,kitti2015,glunet|False|True,72.591,3.957176327762479,4.430992892613679,0.0,0.0,79.22046
movi_f,kitti2015|glunet|True|False,kitti2015,glunet|True|False,65.3127,3.957176327762479,4.0510645675770975,0.0,0.0,89.10472999999999
movi_f,kitti2015|glunet|True|True,kitti2015,glunet|True|True,61.7536,3.957176327762479,2.181669778312288,0.0,0.0,92.60407000000001
movi_f,kitti2015|raft|True|False,kitti2015,raft|True|False,70.4775,3.957176327762479,5.922552708201234,0.0,0.0,74.58064625
movi_f,pfpascal|catspp|False|False,pfpascal,catspp|False|False,10.5168,0.26392524730017974,0.5473543406023047,0.0,0.0,11.8883
movi_f,pfpascal|catspp|False|True,pfpascal,catspp|False|True,8.1291,0.26392524730017974,0.5900164686838517,0.0,0.0,12.281020000000002
movi_f,pfpascal|catspp|True|False,pfpascal,catspp|True|False,34.8945,0.26392524730017974,0.6006315274583344,0.0,0.0,44.474990000000005
movi_f,pfpascal|catspp|True|True,pfpascal,catspp|True|True,38.85,0.26392524730017974,0.5806124822907253,0.0,0.0,46.940215
movi_f,pfpascal|glunet|False|False,pfpascal,glunet|False|False,12.3182,0.26392524730017974,0.5976904308088393,0.0,0.0,11.71287
movi_f,pfpascal|glunet|False|True,pfpascal,glunet|False|True,12.2101,0.26392524730017974,0.5169528235752491,0.0,0.0,11.56757
movi_f,pfpascal|glunet|True|False,pfpascal,glunet|True|False,12.1653,0.26392524730017974,1.1174571474291515,0.0,0.0,27.283710000000003
movi_f,pfpascal|glunet|True|True,pfpascal,glunet|True|True,11.6719,0.26392524730017974,0.9424213003537903,0.0,0.0,33.38772
movi_f,pfpascal|raft|True|False,pfpascal,raft|True|False,12.3863,0.26392524730017974,0.4917270097312906,0.0,0.0,11.66437375
movi_f,pfwillow|catspp|False|False,pfwillow,catspp|False|False,13.6778,-0.4699217150459967,0.3344288237238274,0.0,0.0,14.08444
movi_f,pfwillow|catspp|False|True,pfwillow,catspp|False|True,11.4889,-0.4699217150459967,0.34337690110105507,0.0,0.0,14.713885
movi_f,pfwillow|catspp|True|False,pfwillow,catspp|True|False,38.0889,-0.4699217150459967,0.32650561077178814,0.0,0.0,47.633889999999994
movi_f,pfwillow|catspp|True|True,pfwillow,catspp|True|True,38.0222,-0.4699217150459967,0.33533183820499446,0.0,0.0,49.82555
movi_f,pfwillow|glunet|False|False,pfwillow,glunet|False|False,13.8,-0.4699217150459967,0.3258345686818517,0.0,0.0,15.64709
movi_f,pfwillow|glunet|False|True,pfwillow,glunet|False|True,14.6333,-0.4699217150459967,0.3167829651120613,0.0,0.0,13.94238
movi_f,pfwillow|glunet|True|False,pfwillow,glunet|True|False,11.9333,-0.4699217150459967,0.7074002603082696,0.0,0.0,30.87876
movi_f,pfwillow|glunet|True|True,pfwillow,glunet|True|True,14.3062,-0.4699217150459967,0.6180346013802522,0.0,0.0,36.08919
movi_f,pfwillow|raft|True|False,pfwillow,raft|True|False,13.8111,-0.4699217150459967,0.2996525707684109,0.0,0.0,14.97093625
movi_f,pointodyssey|catspp|False|False,pointodyssey,catspp|False|False,84.7224,5.451250569158525,6.063498917611126,0.0,0.0,40.624375
movi_f,pointodyssey|catspp|False|True,pointodyssey,catspp|False|True,84.993,5.451250569158525,7.688225310425076,0.0,0.0,47.6134
movi_f,pointodyssey|catspp|True|False,pointodyssey,catspp|True|False,95.4377,5.451250569158525,3.4356871205013,0.0,0.0,53.741189999999996
movi_f,pointodyssey|catspp|True|True,pointodyssey,catspp|True|True,95.8171,5.451250569158525,3.450299495633508,0.0,0.0,54.11945000000001
movi_f,pointodyssey|glunet|False|False,pointodyssey,glunet|False|False,66.6921,5.451250569158525,8.424833682051394,0.0,0.0,81.15822
movi_f,pointodyssey|glunet|False|True,pointodyssey,glunet|False|True,68.033,5.451250569158525,8.167838926324649,0.0,0.0,75.34795
movi_f,pointodyssey|glunet|True|False,pointodyssey,glunet|True|False,62.6774,5.451250569158525,7.117846681449005,0.0,0.0,86.67645999999999
movi_f,pointodyssey|glunet|True|True,pointodyssey,glunet|True|True,61.2703,5.451250569158525,4.099954727770453,0.0,0.0,89.05683
movi_f,pointodyssey|raft|True|False,pointodyssey,raft|True|False,64.2839,5.451250569158525,7.331954046159555,0.0,0.0,39.24346875
movi_f,spair|catspp|False|False,spair,catspp|False|False,3.0896,-3.7858749867419585,-0.013596389420307607,0.0,0.0,3.5725949999999997
movi_f,spair|catspp|False|True,spair,catspp|False|True,2.6465,-3.7858749867419585,-0.013700247531990114,0.0,0.0,3.654475
movi_f,spair|catspp|True|False,spair,catspp|True|False,14.7345,-3.7858749867419585,-0.09877489929328653,0.0,0.0,21.88577
movi_f,spair|catspp|True|True,spair,catspp|True|True,18.34,-3.7858749867419585,-0.10840253035381177,0.0,0.0,22.88557
movi_f,spair|glunet|False|False,spair,glunet|False|False,1.9627,-3.7858749867419585,-0.01358597258930521,0.0,0.0,2.9604299999999997
movi_f,spair|glunet|False|True,spair,glunet|False|True,2.0144,-3.7858749867419585,-0.005389309990655774,0.0,0.0,2.6377200000000003
movi_f,spair|glunet|True|False,spair,glunet|True|False,2.3566,-3.7858749867419585,-0.24003360434144572,0.0,0.0,8.03953
movi_f,spair|glunet|True|True,spair,glunet|True|True,2.486,-3.7858749867419585,-0.16345050962209032,0.0,0.0,9.71172
movi_f,spair|raft|True|False,spair,raft|True|False,1.9948,-3.7858749867419585,-0.010707808388624026,0.0,0.0,2.84419375
movi_f,synthetic|catspp|False|False,synthetic,catspp|False|False,15.2654,-2.016703434016734,0.6142440997118069,0.0,0.0,23.51721
movi_f,synthetic|catspp|False|True,synthetic,catspp|False|True,15.8474,-2.016703434016734,0.7010136190450765,0.0,0.0,24.567425
movi_f,synthetic|catspp|True|False,synthetic,catspp|True|False,33.1069,-2.016703434016734,0.7875868257303628,0.0,0.0,49.92098
movi_f,synthetic|catspp|True|True,synthetic,catspp|True|True,39.2118,-2.016703434016734,0.5818512817175405,0.0,0.0,48.2851
movi_f,synthetic|glunet|False|False,synthetic,glunet|False|False,6.5898,-2.016703434016734,0.4371292504509029,0.0,0.0,17.41697
movi_f,synthetic|glunet|False|True,synthetic,glunet|False|True,6.8448,-2.016703434016734,0.1950322159589776,0.0,0.0,12.85179
movi_f,synthetic|glunet|True|False,synthetic,glunet|True|False,6.5871,-2.016703434016734,0.8114278141965766,0.0,0.0,31.10197
movi_f,synthetic|glunet|True|True,synthetic,glunet|True|True,6.6584,-2.016703434016734,0.5507983353445959,0.0,0.0,28.75791
movi_f,synthetic|raft|True|False,synthetic,raft|True|False,6.1934,-2.016703434016734,0.872010765525692,0.0,0.0,22.4843625
movi_f,tss|catspp|False|False,tss,catspp|False|False,24.3569,1.6038463751420702,2.2252117914415828,0.0,0.0,25.159395
movi_f,tss|catspp|False|True,tss,catspp|False|True,19.1092,1.6038463751420702,2.31884367654122,0.0,0.0,26.236165
movi_f,tss|catspp|True|False,tss,catspp|True|False,58.5563,1.6038463751420702,0.6950096170537091,0.0,0.0,64.54163
movi_f,tss|catspp|True|True,tss,catspp|True|True,55.6517,1.6038463751420702,0.5594941193634553,0.0,0.0,65.37173
movi_f,tss|glunet|False|False,tss,glunet|False|False,17.947,1.6038463751420702,2.422874497681947,0.0,0.0,27.04217
movi_f,tss|glunet|False|True,tss,glunet|False|True,18.6283,1.6038463751420702,1.9908847786311803,0.0,0.0,23.43803
movi_f,tss|glunet|True|False,tss,glunet|True|False,16.9644,1.6038463751420702,3.4944267591125273,0.0,0.0,51.13879
movi_f,tss|glunet|True|True,tss,glunet|True|True,19.7064,1.6038463751420702,2.3645626747417374,0.0,0.0,54.67024
movi_f,tss|raft|True|False,tss,raft|True|False,18.6637,1.6038463751420702,1.8444751866408295,0.0,0.0,21.617317500000002
pointodyssey,flyingthings|catspp|False|False,flyingthings,catspp|False|False,64.4318,2.9785202893024696,2.5698854797060706,0.0,0.0,56.814655
pointodyssey,flyingthings|catspp|False|True,flyingthings,catspp|False|True,63.8607,2.9785202893024696,2.550371093426791,0.0,0.0,58.01104
pointodyssey,flyingthings|catspp|True|False,flyingthings,catspp|True|False,79.6231,2.9785202893024696,0.7752565434798758,0.0,0.0,79.9871
pointodyssey,flyingthings|catspp|True|True,flyingthings,catspp|True|True,79.22595,2.9785202893024696,0.5660044228236163,0.0,0.0,80.16761
pointodyssey,flyingthings|glunet|False|False,flyingthings,glunet|False|False,71.1769,2.9785202893024696,2.6448626833150355,0.0,0.0,57.65622
pointodyssey,flyingthings|glunet|False|True,flyingthings,glunet|False|True,67.784,2.9785202893024696,2.2957554788846686,0.0,0.0,50.82777
pointodyssey,flyingthings|glunet|True|False,flyingthings,glunet|True|False,77.7439,2.9785202893024696,2.793018291624226,0.0,0.0,64.71341
pointodyssey,flyingthings|glunet|True|True,flyingthings,glunet|True|True,76.6361,2.9785202893024696,1.9213425927000733,0.0,0.0,66.61841
pointodyssey,flyingthings|raft|True|False,flyingthings,raft|True|False,57.27595,2.9785202893024696,3.2834038483534984,0.0,0.0,50.098105
pointodyssey,kitti2012|catspp|False|False,kitti2012,catspp|False|False,87.0735,6.217449750607235,10.31921864840344,0.0,0.0,75.2294
pointodyssey,kitti2012|catspp|False|True,kitti2012,catspp|False|True,86.4889,6.217449750607235,10.149273961248225,0.0,0.0,77.50305
pointodyssey,kitti2012|catspp|True|False,kitti2012,catspp|True|False,96.6249,6.217449750607235,1.9148964997117288,0.0,0.0,95.71106999999999
pointodyssey,kitti2012|catspp|True|True,kitti2012,catspp|True|True,96.1437,6.217449750607235,1.7964854115243563,0.0,0.0,95.62424
pointodyssey,kitti2012|glunet|False|False,kitti2012,glunet|False|False,95.5502,6.217449750607235,10.812829367558246,0.0,0.0,85.44341
pointodyssey,kitti2012|glunet|False|True,kitti2012,glunet|False|True,91.6607,6.217449750607235,10.571483784632003,0.0,0.0,82.05635
pointodyssey,kitti2012|glunet|True|False,kitti2012,glunet|True|False,97.8728,6.217449750607235,9.79048353449992,0.0,0.0,87.93485999999999
pointodyssey,kitti2012|glunet|True|True,kitti2012,glunet|True|True,97.4634,6.217449750607235,6.25050863690326,0.0,0.0,91.26132
pointodyssey,kitti2012|raft|True|False,kitti2012,raft|True|False,89.47625,6.217449750607235,13.747011555264205,0.0,0.0,75.3488875
pointodyssey,kitti2015|catspp|False|False,kitti2015,catspp|False|False,85.69685,6.217210183051719,10.717583360090709,0.0,0.0,77.673035
pointodyssey,kitti2015|catspp|False|True,kitti2015,catspp|False|True,85.19040000000001,6.217210183051719,10.534928434902373,0.0,0.0,78.56448
pointodyssey,kitti2015|catspp|True|False,kitti2015,catspp|True|False,95.30515,6.217210183051719,1.6707482098794812,0.0,0.0,95.13271999999999
pointodyssey,kitti2015|catspp|True|True,kitti2015,catspp|True|True,95.0862,6.217210183051719,1.6188016927819178,0.0,0.0,94.8225
pointodyssey,kitti2015|glunet|False|False,kitti2015,glunet|False|False,86.2536,6.217210183051719,11.03893231507633,0.0,0.0,81.80232
pointodyssey,kitti2015|glunet|False|True,kitti2015,glunet|False|True,83.9377,6.217210183051719,10.160373885669685,0.0,0.0,78.08579
pointodyssey,kitti2015|glunet|True|False,kitti2015,glunet|True|False,95.0124,6.217210183051719,9.786097205068435,0.0,0.0,86.13476
pointodyssey,kitti2015|glunet|True|True,kitti2015,glunet|True|True,94.9408,6.217210183051719,6.570789278231325,0.0,0.0,89.28535
pointodyssey,kitti2015|raft|True|False,kitti2015,raft|True|False,83.4171,6.217210183051719,13.505234547536901,0.0,0.0,73.28668625
pointodyssey,pfpascal|catspp|False|False,pfpascal,catspp|False|False,12.26865,0.7030658041921425,0.28681900004610994,0.0,0.0,11.713115
pointodyssey,pfpascal|catspp|False|True,pfpascal,catspp|False|True,11.4723,0.7030658041921425,0.3177512221881995,0.0,0.0,11.9467
pointodyssey,pfpascal|catspp|True|False,pfpascal,catspp|True|False,42.4378,0.7030658041921425,0.3609776665481027,0.0,0.0,43.720659999999995
pointodyssey,pfpascal|catspp|True|True,pfpascal,catspp|True|True,45.84245,0.7030658041921425,0.3392017863959653,0.0,0.0,46.24097
pointodyssey,pfpascal|glunet|False|False,pfpascal,glunet|False|False,18.1731,0.7030658041921425,0.2828082253706038,0.0,0.0,11.127379999999999
pointodyssey,pfpascal|glunet|False|True,pfpascal,glunet|False|True,15.9056,0.7030658041921425,0.255310299879786,0.0,0.0,11.19802
pointodyssey,pfpascal|glunet|True|False,pfpascal,glunet|True|False,28.6839,0.7030658041921425,0.6466752375840858,0.0,0.0,25.631850000000004
pointodyssey,pfpascal|glunet|True|True,pfpascal,glunet|True|True,42.0709,0.7030658041921425,0.6004474620241392,0.0,0.0,30.347820000000002
pointodyssey,pfpascal|raft|True|False,pfpascal,raft|True|False,15.79625,0.7030658041921425,0.24299205297313473,0.0,0.0,11.32337875
pointodyssey,pfwillow|catspp|False|False,pfwillow,catspp|False|False,15.5,0.8897356409642545,0.5643280975824777,0.0,0.0,13.90222
pointodyssey,pfwillow|catspp|False|True,pfwillow,catspp|False|True,14.47225,0.8897356409642545,0.5946834419555892,0.0,0.0,14.41555
pointodyssey,pfwillow|catspp|True|False,pfwillow,catspp|True|False,44.75,0.8897356409642545,0.6528820928682035,0.0,0.0,46.96778
pointodyssey,pfwillow|catspp|True|True,pfwillow,catspp|True|True,47.911100000000005,0.8897356409642545,0.7180292123196789,0.0,0.0,48.83666
pointodyssey,pfwillow|glunet|False|False,pfwillow,glunet|False|False,19.8741,0.8897356409642545,0.5270365212076087,0.0,0.0,15.039679999999999
pointodyssey,pfwillow|glunet|False|True,pfwillow,glunet|False|True,18.0556,0.8897356409642545,0.5117084474414453,0.0,0.0,13.60015
pointodyssey,pfwillow|glunet|True|False,pfwillow,glunet|True|False,36.5889,0.8897356409642545,1.3582531183015278,0.0,0.0,28.4132
pointodyssey,pfwillow|glunet|True|True,pfwillow,glunet|True|True,44.3778,0.8897356409642545,1.2570197479145735,0.0,0.0,33.082029999999996
pointodyssey,pfwillow|raft|True|False,pfwillow,raft|True|False,18.25555,0.8897356409642545,0.49083001485007194,0.0,0.0,14.526491250000001
pointodyssey,pointodyssey|catspp|False|False,pointodyssey,catspp|False|False,68.8301,5.640594308732402,10.083793171394191,0.0,0.0,42.213605
pointodyssey,pointodyssey|catspp|False|True,pointodyssey,catspp|False|True,80.8951,5.640594308732402,11.268041459436024,0.0,0.0,48.02319
pointodyssey,pointodyssey|catspp|True|False,pointodyssey,catspp|True|False,72.7112,5.640594308732402,7.474686773003169,0.0,0.0,56.01384
pointodyssey,pointodyssey|catspp|True|True,pointodyssey,catspp|True|True,71.0583,5.640594308732402,7.589380983861304,0.0,0.0,56.595330000000004
pointodyssey,pointodyssey|glunet|False|False,pointodyssey,glunet|False|False,94.4359,5.640594308732402,11.962340693566071,0.0,0.0,78.38383999999999
pointodyssey,pointodyssey|glunet|False|True,pointodyssey,glunet|False|True,91.0918,5.640594308732402,11.381784334344255,0.0,0.0,73.04207
pointodyssey,pointodyssey|glunet|True|False,pointodyssey,glunet|True|False,96.5284,5.640594308732402,10.56663392317875,0.0,0.0,83.29136
pointodyssey,pointodyssey|glunet|True|True,pointodyssey,glunet|True|True,96.2978,5.640594308732402,6.963374279465481,0.0,0.0,85.55408
pointodyssey,pointodyssey|raft|True|False,pointodyssey,raft|True|False,58.56285,5.640594308732402,10.733226798201569,0.0,0.0,39.81557375
pointodyssey,spair|catspp|False|False,spair,catspp|False|False,3.1626,-3.5772282311279757,-0.12819011940048078,0.0,0.0,3.565295
pointodyssey,spair|catspp|False|True,spair,catspp|False|True,3.32435,-3.5772282311279757,-0.15958794311807162,0.0,0.0,3.58669
pointodyssey,spair|catspp|True|False,spair,catspp|True|False,20.8771,-3.5772282311279757,-1.1581932461179092,0.0,0.0,21.27151
pointodyssey,spair|catspp|True|True,spair,catspp|True|True,22.5766,-3.5772282311279757,-1.0983996810620185,0.0,0.0,22.46191
pointodyssey,spair|glunet|False|False,spair,glunet|False|False,3.2579,-3.5772282311279757,-0.15445883937415292,0.0,0.0,2.8309100000000003
pointodyssey,spair|glunet|False|True,spair,glunet|False|True,2.6984,-3.5772282311279757,-0.07875714045070732,0.0,0.0,2.5693200000000003
pointodyssey,spair|glunet|True|False,spair,glunet|True|False,5.1968,-3.5772282311279757,-2.2710275178024153,0.0,0.0,7.755510000000001
pointodyssey,spair|glunet|True|True,spair,glunet|True|True,8.153,-3.5772282311279757,-1.6691040872724436,0.0,0.0,9.145019999999999
pointodyssey,spair|raft|True|False,spair,raft|True|False,2.80045,-3.5772282311279757,-0.13030052141570708,0.0,0.0,2.76362875
pointodyssey,synthetic|catspp|False|False,synthetic,catspp|False|False,17.907249999999998,-3.5321733667444586,-4.113258018286438,0.0,0.0,23.253025
pointodyssey,synthetic|catspp|False|True,synthetic,catspp|False|True,17.94525,-3.5321733667444586,-4.675163055493186,0.0,0.0,24.35764
pointodyssey,synthetic|catspp|True|False,synthetic,catspp|True|False,40.1523,-3.5321733667444586,-5.411578439135765,0.0,0.0,49.21644
pointodyssey,synthetic|catspp|True|True,synthetic,catspp|True|True,39.8872,-3.5321733667444586,-3.864879656944059,0.0,0.0,48.217560000000006
pointodyssey,synthetic|glunet|False|False,synthetic,glunet|False|False,14.6555,-3.5321733667444586,-3.0953038812756386,0.0,0.0,16.6104
pointodyssey,synthetic|glunet|False|True,synthetic,glunet|False|True,13.3788,-3.5321733667444586,-1.427773381158698,0.0,0.0,12.19839
pointodyssey,synthetic|glunet|True|False,synthetic,glunet|True|False,25.8011,-3.5321733667444586,-5.930251021325891,0.0,0.0,29.18057
pointodyssey,synthetic|glunet|True|True,synthetic,glunet|True|True,25.2246,-3.5321733667444586,-4.303850680309515,0.0,0.0,26.90129
pointodyssey,synthetic|raft|True|False,synthetic,raft|True|False,11.985,-3.5321733667444586,-5.919892984041045,0.0,0.0,21.9052025
pointodyssey,tss|catspp|False|False,tss,catspp|False|False,27.7243,2.2351237090391822,1.9309120998527425,0.0,0.0,24.822655
pointodyssey,tss|catspp|False|True,tss,catspp|False|True,26.72155,2.2351237090391822,2.063744211591266,0.0,0.0,25.47493
pointodyssey,tss|catspp|True|False,tss,catspp|True|False,62.2398,2.2351237090391822,0.6952927466227785,0.0,0.0,64.17328
pointodyssey,tss|catspp|True|True,tss,catspp|True|True,62.9798,2.2351237090391822,0.7561966170116986,0.0,0.0,64.63892
pointodyssey,tss|glunet|False|False,tss,glunet|False|False,41.4764,2.2351237090391822,1.9308465262932926,0.0,0.0,24.689230000000002
pointodyssey,tss|glunet|False|True,tss,glunet|False|True,33.6273,2.2351237090391822,1.6104340907648707,0.0,0.0,21.93813
pointodyssey,tss|glunet|True|False,tss,glunet|True|False,61.47,2.2351237090391822,3.567205521509021,0.0,0.0,46.68823
pointodyssey,tss|glunet|True|True,tss,glunet|True|True,62.9502,2.2351237090391822,2.849341894036924,0.0,0.0,50.34586
pointodyssey,tss|raft|True|False,tss,raft|True|False,27.3016,2.2351237090391822,1.5673813928625764,0.0,0.0,20.7535275
sintel,flyingthings|catspp|False|False,flyingthings,catspp|False|False,70.7445,5.306979570837482,8.376171818109691,0.0,0.0,56.183385
sintel,flyingthings|catspp|False|True,flyingthings,catspp|False|True,69.0867,5.306979570837482,8.365410893556556,0.0,0.0,57.488440000000004
sintel,flyingthings|catspp|True|False,flyingthings,catspp|True|False,82.138,5.306979570837482,2.5551123893042984,0.0,0.0,79.73561
sintel,flyingthings|catspp|True|True,flyingthings,catspp|True|True,82.249,5.306979570837482,1.85720662722968,0.0,0.0,79.865305
sintel,flyingthings|glunet|False|False,flyingthings,glunet|False|False,64.4604,5.306979570837482,8.922059839333219,0.0,0.0,58.32787
sintel,flyingthings|glunet|False|True,flyingthings,glunet|False|True,61.0606,5.306979570837482,7.839848639141893,0.0,0.0,51.50011000000001
sintel,flyingthings|glunet|True|False,flyingthings,glunet|True|False,70.575,5.306979570837482,9.404894693473276,0.0,0.0,65.4303
sintel,flyingthings|glunet|True|True,flyingthings,glunet|True|True,69.7732,5.306979570837482,6.504666727906805,0.0,0.0,67.3047
sintel,flyingthings|raft|True|False,flyingthings,raft|True|False,63.2297,5.306979570837482,10.793153325425614,0.0,0.0,49.50273
sintel,kitti2012|catspp|False|False,kitti2012,catspp|False|False,91.745,5.333519689727414,7.941524708814049,0.0,0.0,74.76225
sintel,kitti2012|catspp|False|True,kitti2012,catspp|False|True,92.0926,5.333519689727414,7.807088212416454,0.0,0.0,76.94268
sintel,kitti2012|catspp|True|False,kitti2012,catspp|True|False,98.205,5.333519689727414,1.4698032156379905,0.0,0.0,95.55306
sintel,kitti2012|catspp|True|True,kitti2012,catspp|True|True,98.1215,5.333519689727414,1.3731032694487686,0.0,0.0,95.42645999999999
sintel,kitti2012|glunet|False|False,kitti2012,glunet|False|False,96.5983,5.333519689727414,8.407168745429864,0.0,0.0,85.3386
sintel,kitti2012|glunet|False|True,kitti2012,glunet|False|True,94.6197,5.333519689727414,8.18810886542721,0.0,0.0,81.76045
sintel,kitti2012|glunet|True|False,kitti2012,glunet|True|False,98.4939,5.333519689727414,7.616474659069322,0.0,0.0,87.87275
sintel,kitti2012|glunet|True|True,kitti2012,glunet|True|True,98.9758,5.333519689727414,4.843627003410107,0.0,0.0,91.11008
sintel,kitti2012|raft|True|False,kitti2012,raft|True|False,94.0246,5.333519689727414,10.62681048314364,0.0,0.0,74.8940525
sintel,kitti2015|catspp|False|False,kitti2015,catspp|False|False,89.5554,4.437442939894131,6.413940204099855,0.0,0.0,77.28718
sintel,kitti2015|catspp|False|True,kitti2015,catspp|False|True,89.3623,4.437442939894131,6.305396449760141,0.0,0.0,78.14729
sintel,kitti2015|catspp|True|False,kitti2015,catspp|True|False,96.8068,4.437442939894131,0.9955161054205294,0.0,0.0,94.982555
sintel,kitti2015|catspp|True|True,kitti2015,catspp|True|True,96.3826,4.437442939894131,0.965720788674446,0.0,0.0,94.69286
sintel,kitti2015|glunet|False|False,kitti2015,glunet|False|False,90.0772,4.437442939894131,6.625945918157594,0.0,0.0,81.41996
sintel,kitti2015|glunet|False|True,kitti2015,glunet|False|True,84.862,4.437442939894131,6.118486424037972,0.0,0.0,77.99336000000001
sintel,kitti2015|glunet|True|False,kitti2015,glunet|True|False,95.0838,4.437442939894131,5.8995631653120455,0.0,0.0,86.12762000000001
sintel,kitti2015|glunet|True|True,kitti2015,glunet|True|True,96.2638,4.437442939894131,3.944884441612475,0.0,0.0,89.15305
sintel,kitti2015|raft|True|False,kitti2015,raft|True|False,84.9165,4.437442939894131,8.126854794061723,0.0,0.0,73.13674625
sintel,pfpascal|catspp|False|False,pfpascal,catspp|False|False,15.8031,0.5127093359413054,0.2635014723469794,0.0,0.0,11.35967
sintel,pfpascal|catspp|False|True,pfpascal,catspp|False|True,15.5569,0.5127093359413054,0.2963149014195413,0.0,0.0,11.538239999999998
sintel,pfpascal|catspp|True|False,pfpascal,catspp|True|False,48.9548,0.5127093359413054,0.3305416658046709,0.0,0.0,43.06896
sintel,pfpascal|catspp|True|True,pfpascal,catspp|True|True,45.1843,0.5127093359413054,0.3249867625718116,0.0,0.0,46.306785000000005
sintel,pfpascal|glunet|False|False,pfpascal,glunet|False|False,10.3086,0.5127093359413054,0.2983557136307298,0.0,0.0,11.913829999999999
sintel,pfpascal|glunet|False|True,pfpascal,glunet|False|True,12.3527,0.5127093359413054,0.2589533813649244,0.0,0.0,11.55331
sintel,pfpascal|glunet|True|False,pfpascal,glunet|True|False,21.5232,0.5127093359413054,0.6169477989450499,0.0,0.0,26.34792
sintel,pfpascal|glunet|True|True,pfpascal,glunet|True|True,25.0318,0.5127093359413054,0.6006874582460265,0.0,0.0,32.051730000000006
sintel,pfpascal|raft|True|False,pfpascal,raft|True|False,13.923,0.5127093359413054,0.24292201980668407,0.0,0.0,11.510703750000001
sintel,pfwillow|catspp|False|False,pfwillow,catspp|False|False,17.9333,-0.2332298415397158,-0.010077473431685496,0.0,0.0,13.65889
sintel,pfwillow|catspp|False|True,pfwillow,catspp|False|True,18.5333,-0.2332298415397158,-0.010552085009570226,0.0,0.0,14.009445
sintel,pfwillow|catspp|True|False,pfwillow,catspp|True|False,50.7444,-0.2332298415397158,-0.011796600021105877,0.0,0.0,46.36834
sintel,pfwillow|catspp|True|True,pfwillow,catspp|True|True,49.6444,-0.2332298415397158,-0.013283064377344972,0.0,0.0,48.66333
sintel,pfwillow|glunet|False|False,pfwillow,glunet|False|False,14.7707,-0.2332298415397158,-0.010290517579804278,0.0,0.0,15.55002
sintel,pfwillow|glunet|False|True,pfwillow,glunet|False|True,15.0111,-0.2332298415397158,-0.009923696835347632,0.0,0.0,13.904599999999999
sintel,pfwillow|glunet|True|False,pfwillow,glunet|True|False,21.9778,-0.2332298415397158,-0.025172714170974286,0.0,0.0,29.874309999999998
sintel,pfwillow|glunet|True|True,pfwillow,glunet|True|True,27.2457,-0.2332298415397158,-0.023967157265166024,0.0,0.0,34.79524
sintel,pfwillow|raft|True|False,pfwillow,raft|True|False,16.4025,-0.2332298415397158,-0.009365669876451618,0.0,0.0,14.71179625
sintel,pointodyssey|catspp|False|False,pointodyssey,catspp|False|False,47.6015,5.465096233374385,8.417114369213332,0.0,0.0,44.336465
sintel,pointodyssey|catspp|False|True,pointodyssey,catspp|False|True,43.8201,5.465096233374385,9.5083046772511,0.0,0.0,51.73069
sintel,pointodyssey|catspp|True|False,pointodyssey,catspp|True|False,58.6808,5.465096233374385,6.125540120959971,0.0,0.0,57.416880000000006
sintel,pointodyssey|catspp|True|True,pointodyssey,catspp|True|True,73.2754,5.465096233374385,5.821204242114722,0.0,0.0,56.37362
sintel,pointodyssey|glunet|False|False,pointodyssey,glunet|False|False,85.9719,5.465096233374385,9.46111057827442,0.0,0.0,79.23024000000001
sintel,pointodyssey|glunet|False|True,pointodyssey,glunet|False|True,84.5038,5.465096233374385,9.014414060446498,0.0,0.0,73.70087
sintel,pointodyssey|glunet|True|False,pointodyssey,glunet|True|False,90.0851,5.465096233374385,8.334882336294218,0.0,0.0,83.93569
sintel,pointodyssey|glunet|True|True,pointodyssey,glunet|True|True,90.6576,5.465096233374385,5.5348566912105115,0.0,0.0,86.1181
sintel,pointodyssey|raft|True|False,pointodyssey,raft|True|False,74.9348,5.465096233374385,7.521139057853809,0.0,0.0,38.17837875
sintel,spair|catspp|False|False,spair,catspp|False|False,3.7321,-3.577370835967478,-0.09850612708635804,0.0,0.0,3.508345
sintel,spair|catspp|False|True,spair,catspp|False|True,3.9026,-3.577370835967478,-0.1169700863464442,0.0,0.0,3.5288649999999997
sintel,spair|catspp|True|False,spair,catspp|True|False,22.5826,-3.577370835967478,-0.8544103441218734,0.0,0.0,21.10096
sintel,spair|catspp|True|True,spair,catspp|True|True,17.4154,-3.577370835967478,-0.7036832730702776,0.0,0.0,22.97803
sintel,spair|glunet|False|False,spair,glunet|False|False,2.3266,-3.577370835967478,-0.11052675690994841,0.0,0.0,2.92404
sintel,spair|glunet|False|True,spair,glunet|False|True,2.4731,-3.577370835967478,-0.05866964094461343,0.0,0.0,2.59185
sintel,spair|glunet|True|False,spair,glunet|True|False,3.778,-3.577370835967478,-1.6710817328104621,0.0,0.0,7.89739
sintel,spair|glunet|True|True,spair,glunet|True|True,5.0597,-3.577370835967478,-1.1991456497899118,0.0,0.0,9.45435
sintel,spair|raft|True|False,spair,raft|True|False,2.3576,-3.577370835967478,-0.09091508519651849,0.0,0.0,2.80791375
sintel,synthetic|catspp|False|False,synthetic,catspp|False|False,22.7542,-2.446826685976731,-2.271241278481015,0.0,0.0,22.76833
sintel,synthetic|catspp|False|True,synthetic,catspp|False|True,20.3562,-2.446826685976731,-2.5752560828098128,0.0,0.0,24.116545000000002
sintel,synthetic|catspp|True|False,synthetic,catspp|True|False,40.9952,-2.446826685976731,-2.9698856791236543,0.0,0.0,49.13215
sintel,synthetic|catspp|True|True,synthetic,catspp|True|True,39.1069,-2.446826685976731,-2.1032516688509744,0.0,0.0,48.29559
sintel,synthetic|glunet|False|False,synthetic,glunet|False|False,10.5186,-2.446826685976731,-1.6564211827378943,0.0,0.0,17.02409
sintel,synthetic|glunet|False|True,synthetic,glunet|False|True,10.7744,-2.446826685976731,-0.7782576428711233,0.0,0.0,12.45883
sintel,synthetic|glunet|True|False,synthetic,glunet|True|False,21.7318,-2.446826685976731,-3.2197234428043937,0.0,0.0,29.5875
sintel,synthetic|glunet|True|True,synthetic,glunet|True|True,20.8004,-2.446826685976731,-2.3272941988732576,0.0,0.0,27.343709999999998
sintel,synthetic|raft|True|False,synthetic,raft|True|False,10.7984,-2.446826685976731,-3.225446983624381,0.0,0.0,22.0238625
sintel,tss|catspp|False|False,tss,catspp|False|False,32.9288,1.648784181475032,1.2083888814781036,0.0,0.0,24.302205
sintel,tss|catspp|False|True,tss,catspp|False|True,35.3243,1.648784181475032,1.2690190956652907,0.0,0.0,24.614655
sintel,tss|catspp|True|False,tss,catspp|True|False,65.8113,1.648784181475032,0.4494667619840642,0.0,0.0,63.81613
sintel,tss|catspp|True|True,tss,catspp|True|True,64.5396,1.648784181475032,0.4935536668043236,0.0,0.0,64.48294
sintel,tss|glunet|False|False,tss,glunet|False|False,23.8706,1.648784181475032,1.407367902673616,0.0,0.0,26.449810000000003
sintel,tss|glunet|False|True,tss,glunet|False|True,22.0866,1.648784181475032,1.1369843192841242,0.0,0.0,23.0922
sintel,tss|glunet|True|False,tss,glunet|True|False,40.9775,1.648784181475032,2.359845762471186,0.0,0.0,48.73748
sintel,tss|glunet|True|True,tss,glunet|True|True,43.3458,1.648784181475032,1.8758585299834654,0.0,0.0,52.3063
sintel,tss|raft|True|False,tss,raft|True|False,24.4577,1.648784181475032,1.0373431240475137,0.0,0.0,21.0379175
spair,flyingthings|catspp|False|False,flyingthings,catspp|False|False,3.3861,-2.0786163846193704,-4.251190911124701,0.0,0.0,62.919225000000004
spair,flyingthings|catspp|False|True,flyingthings,catspp|False|True,3.963,-2.0786163846193704,-3.8123134375385885,0.0,0.0,64.00081
spair,flyingthings|catspp|True|False,flyingthings,catspp|True|False,63.3569,-2.0786163846193704,-1.1246772475005062,0.0,0.0,81.61372
spair,flyingthings|catspp|True|True,flyingthings,catspp|True|True,68.3472,-2.0786163846193704,-0.9782868897569589,0.0,0.0,81.255485
spair,flyingthings|glunet|False|False,flyingthings,glunet|False|False,4.0965,-2.0786163846193704,-4.994309868255419,0.0,0.0,64.36426
spair,flyingthings|glunet|False|True,flyingthings,glunet|False|True,3.3265,-2.0786163846193704,-4.2688880243164915,0.0,0.0,57.27352
spair,flyingthings|glunet|True|False,flyingthings,glunet|True|False,66.6096,-2.0786163846193704,-11.118068210217096,0.0,0.0,65.82684
spair,flyingthings|glunet|True|True,flyingthings,glunet|True|True,39.6279,-2.0786163846193704,-6.042311782311266,0.0,0.0,70.31923
spair,flyingthings|raft|True|False,flyingthings,raft|True|False,3.4438,-2.0786163846193704,-10.093788222130918,0.0,0.0,55.481320000000004
spair,kitti2012|catspp|False|False,kitti2012,catspp|False|False,10.184,0.22024604281095492,-3.8255607511456895,0.0,0.0,82.91835
spair,kitti2012|catspp|False|True,kitti2012,catspp|False|True,11.8574,0.22024604281095492,-3.2053878045186357,0.0,0.0,84.9662
spair,kitti2012|catspp|True|False,kitti2012,catspp|True|False,83.7234,0.22024604281095492,-0.7278118157944871,0.0,0.0,97.00122
spair,kitti2012|catspp|True|True,kitti2012,catspp|True|True,84.0079,0.22024604281095492,-0.5745414592714563,0.0,0.0,96.83782
spair,kitti2012|glunet|False|False,kitti2012,glunet|False|False,12.4578,0.22024604281095492,-2.0860338222014425,0.0,0.0,93.75265
spair,kitti2012|glunet|False|True,kitti2012,glunet|False|True,11.0648,0.22024604281095492,-2.2406981306575635,0.0,0.0,90.11594
spair,kitti2012|glunet|True|False,kitti2012,glunet|True|False,93.4583,0.22024604281095492,-8.8267741208199,0.0,0.0,88.37631
spair,kitti2012|glunet|True|True,kitti2012,glunet|True|True,54.1912,0.22024604281095492,-2.8835041111968223,0.0,0.0,95.58854
spair,kitti2012|raft|True|False,kitti2012,raft|True|False,12.1716,0.22024604281095492,-9.232959299057661,0.0,0.0,83.0793525
spair,kitti2015|catspp|False|False,kitti2015,catspp|False|False,10.8859,0.14707224908477043,-1.992753415094933,0.0,0.0,85.15413
spair,kitti2015|catspp|False|True,kitti2015,catspp|False|True,12.2973,0.14707224908477043,-1.6504228914878856,0.0,0.0,85.85379
spair,kitti2015|catspp|True|False,kitti2015,catspp|True|False,85.7568,0.14707224908477043,-0.6203973456154792,0.0,0.0,96.087555
spair,kitti2015|catspp|True|True,kitti2015,catspp|True|True,85.1192,0.14707224908477043,-0.4492717794765788,0.0,0.0,95.8192
spair,kitti2015|glunet|False|False,kitti2015,glunet|False|False,13.6098,0.14707224908477043,-2.331307958190768,0.0,0.0,89.0667
spair,kitti2015|glunet|False|True,kitti2015,glunet|False|True,14.6026,0.14707224908477043,-1.813681281494497,0.0,0.0,85.0193
spair,kitti2015|glunet|True|False,kitti2015,glunet|True|False,91.9963,0.14707224908477043,-7.395153508432948,0.0,0.0,86.43637
spair,kitti2015|glunet|True|True,kitti2015,glunet|True|True,61.2326,0.14707224908477043,-3.7048201448074556,0.0,0.0,92.65617
spair,kitti2015|raft|True|False,kitti2015,raft|True|False,15.6081,0.14707224908477043,-7.602823639034624,0.0,0.0,80.06758625
spair,pfpascal|catspp|False|False,pfpascal,catspp|False|False,3.0238,-0.32980989466255856,-0.7566308935423951,0.0,0.0,12.6376
spair,pfpascal|catspp|False|True,pfpascal,catspp|False|True,3.1542,-0.32980989466255856,-0.887105155624097,0.0,0.0,12.77851
spair,pfpascal|catspp|True|False,pfpascal,catspp|True|False,38.806,-0.32980989466255856,-1.1813119223665873,0.0,0.0,44.083839999999995
spair,pfpascal|catspp|True|True,pfpascal,catspp|True|True,40.9858,-0.32980989466255856,-1.09214944272867,0.0,0.0,46.726635
spair,pfpascal|glunet|False|False,pfpascal,glunet|False|False,4.4643,-0.32980989466255856,-0.9281100686790051,0.0,0.0,12.498259999999998
spair,pfpascal|glunet|False|True,pfpascal,glunet|False|True,3.5234,-0.32980989466255856,-0.7195574149244797,0.0,0.0,12.436240000000002
spair,pfpascal|glunet|True|False,pfpascal,glunet|True|False,44.4728,-0.32980989466255856,-1.7769851849354228,0.0,0.0,24.052960000000002
spair,pfpascal|glunet|True|True,pfpascal,glunet|True|True,30.356,-0.32980989466255856,-2.1708989057128534,0.0,0.0,31.51931
spair,pfpascal|raft|True|False,pfpascal,raft|True|False,4.4726,-0.32980989466255856,-0.7087449521259943,0.0,0.0,12.45574375
spair,pfwillow|catspp|False|False,pfwillow,catspp|False|False,4.8667,1.1340950364795688,-0.11832787211685507,0.0,0.0,14.965549999999999
spair,pfwillow|catspp|False|True,pfwillow,catspp|False|True,5.5667,1.1340950364795688,-0.1312347582863264,0.0,0.0,15.306104999999999
spair,pfwillow|catspp|True|False,pfwillow,catspp|True|False,44.0889,1.1340950364795688,-0.18069781166199936,0.0,0.0,47.03389
spair,pfwillow|catspp|True|True,pfwillow,catspp|True|True,45.7111,1.1340950364795688,-0.19715404021957145,0.0,0.0,49.05666
spair,pfwillow|glunet|False|False,pfwillow,glunet|False|False,5.6222,1.1340950364795688,-0.10681378540623189,0.0,0.0,16.464869999999998
spair,pfwillow|glunet|False|True,pfwillow,glunet|False|True,5.0111,1.1340950364795688,-0.10914579134546223,0.0,0.0,14.904599999999999
spair,pfwillow|glunet|True|False,pfwillow,glunet|True|False,49.2827,1.1340950364795688,-0.31230880347855233,0.0,0.0,27.143819999999998
spair,pfwillow|glunet|True|True,pfwillow,glunet|True|True,34.1444,1.1340950364795688,-0.36913217522796093,0.0,0.0,34.10537
spair,pfwillow|raft|True|False,pfwillow,raft|True|False,8.1389,1.1340950364795688,-0.11953857728598723,0.0,0.0,15.53815625
spair,pointodyssey|catspp|False|False,pointodyssey,catspp|False|False,3.4912,-2.3397658876586105,-10.047387785403746,0.0,0.0,48.747495
spair,pointodyssey|catspp|False|True,pointodyssey,catspp|False|True,4.4014,-2.3397658876586105,-11.39523929012684,0.0,0.0,55.67256
spair,pointodyssey|catspp|True|False,pointodyssey,catspp|True|False,54.5198,-2.3397658876586105,-9.276363679028263,0.0,0.0,57.83298
spair,pointodyssey|catspp|True|True,pointodyssey,catspp|True|True,45.8507,-2.3397658876586105,-9.017348429167225,0.0,0.0,59.11609
spair,pointodyssey|glunet|False|False,pointodyssey,glunet|False|False,8.5059,-2.3397658876586105,-4.446132365966422,0.0,0.0,86.97684000000001
spair,pointodyssey|glunet|False|True,pointodyssey,glunet|False|True,5.4396,-2.3397658876586105,-3.7147043275007867,0.0,0.0,81.60729
spair,pointodyssey|glunet|True|False,pointodyssey,glunet|True|False,91.9268,-2.3397658876586105,-12.608064878320349,0.0,0.0,83.75152
spair,pointodyssey|glunet|True|True,pointodyssey,glunet|True|True,55.0086,-2.3397658876586105,-5.872870264540218,0.0,0.0,89.683
spair,pointodyssey|raft|True|False,pointodyssey,raft|True|False,9.7147,-2.3397658876586105,-11.577076880116165,0.0,0.0,44.70038875
spair,spair|catspp|False|False,spair,catspp|False|False,3.018,11.682047816860901,0.39248080055602097,0.0,0.0,3.579755
spair,spair|catspp|False|True,spair,catspp|False|True,2.944,11.682047816860901,0.4716561893583685,0.0,0.0,3.624725
spair,spair|catspp|True|False,spair,catspp|True|False,27.8596,11.682047816860901,2.8945281369836704,0.0,0.0,20.573259999999998
spair,spair|catspp|True|True,spair,catspp|True|True,27.9373,11.682047816860901,2.9543484507011653,0.0,0.0,21.92584
spair,spair|glunet|False|False,spair,glunet|False|False,3.0334,11.682047816860901,0.5121844088007022,0.0,0.0,2.85336
spair,spair|glunet|False|True,spair,glunet|False|True,2.6825,11.682047816860901,0.2541531811124643,0.0,0.0,2.57091
spair,spair|glunet|True|False,spair,glunet|True|False,26.6007,11.682047816860901,2.8807656475476997,0.0,0.0,5.61512
spair,spair|glunet|True|True,spair,glunet|True|True,14.6684,11.682047816860901,4.995875497253399,0.0,0.0,8.49348
spair,spair|raft|True|False,spair,raft|True|False,3.1416,11.682047816860901,0.39764380991609805,0.0,0.0,2.7295137499999997
spair,synthetic|catspp|False|False,synthetic,catspp|False|False,4.0712,10.132044507203334,9.987112775289527,0.0,0.0,24.63663
spair,synthetic|catspp|False|True,synthetic,catspp|False|True,4.077,10.132044507203334,11.652884664708333,0.0,0.0,25.744465
spair,synthetic|catspp|True|False,synthetic,catspp|True|False,34.9252,10.132044507203334,14.807808359677955,0.0,0.0,49.73915
spair,synthetic|catspp|True|True,synthetic,catspp|True|True,41.0818,10.132044507203334,10.934080886278236,0.0,0.0,48.0981
spair,synthetic|glunet|False|False,synthetic,glunet|False|False,3.8373,10.132044507203334,7.713027580461305,0.0,0.0,17.69222
spair,synthetic|glunet|False|True,synthetic,glunet|False|True,3.9451,10.132044507203334,2.994665546555109,0.0,0.0,13.14176
spair,synthetic|glunet|True|False,synthetic,glunet|True|False,35.7954,10.132044507203334,16.535840792705635,0.0,0.0,28.18114
spair,synthetic|glunet|True|True,synthetic,glunet|True|True,21.6568,10.132044507203334,11.986399458501461,0.0,0.0,27.258069999999996
spair,synthetic|raft|True|False,synthetic,raft|True|False,4.2572,10.132044507203334,15.995236165347245,0.0,0.0,22.677982500000002
spair,tss|catspp|False|False,tss,catspp|False|False,5.2821,1.8200135387849568,0.33310539985516624,0.0,0.0,27.066875
spair,tss|catspp|False|True,tss,catspp|False|True,5.6335,1.8200135387849568,0.3703537647443781,0.0,0.0,27.583735
spair,tss|catspp|True|False,tss,catspp|True|False,60.1788,1.8200135387849568,0.1538231660173604,0.0,0.0,64.37938
spair,tss|catspp|True|True,tss,catspp|True|True,60.5773,1.8200135387849568,0.1677113472347219,0.0,0.0,64.87917
spair,tss|glunet|False|False,tss,glunet|False|False,5.711,1.8200135387849568,0.39827964063360155,0.0,0.0,28.265769999999996
spair,tss|glunet|False|True,tss,glunet|False|True,5.6742,1.8200135387849568,0.3108747507070001,0.0,0.0,24.73344
spair,tss|glunet|True|False,tss,glunet|True|False,65.5404,1.8200135387849568,0.8157198254971073,0.0,0.0,46.281189999999995
spair,tss|glunet|True|True,tss,glunet|True|True,49.9068,1.8200135387849568,0.6891829662564454,0.0,0.0,51.6502
spair,tss|raft|True|False,tss,raft|True|False,6.1812,1.8200135387849568,0.29562489778069134,0.0,0.0,22.8655675
synthetic,flyingthings|catspp|False|False,flyingthings,catspp|False|False,58.1203,3.781103086865993,4.49751531028188,0.0,0.0,57.44580499999999
synthetic,flyingthings|catspp|False|True,flyingthings,catspp|False|True,57.0993,3.781103086865993,4.4501750922505785,0.0,0.0,58.68718
synthetic,flyingthings|catspp|True|False,flyingthings,catspp|True|False,83.7548,3.781103086865993,1.3170404705234926,0.0,0.0,79.57392999999999
synthetic,flyingthings|catspp|True|True,flyingthings,catspp|True|True,82.2555,3.781103086865993,0.9722948240288146,0.0,0.0,79.864655
synthetic,flyingthings|glunet|False|False,flyingthings,glunet|False|False,69.5375,3.781103086865993,4.620871022401827,0.0,0.0,57.82016
synthetic,flyingthings|glunet|False|True,flyingthings,glunet|False|True,56.1849,3.781103086865993,4.146760049498599,0.0,0.0,51.98768
synthetic,flyingthings|glunet|True|False,flyingthings,glunet|True|False,72.0776,3.781103086865993,4.914684689642413,0.0,0.0,65.28004
synthetic,flyingthings|glunet|True|True,flyingthings,glunet|True|True,78.4335,3.781103086865993,3.3091533164061344,0.0,0.0,66.43867
synthetic,flyingthings|raft|True|False,flyingthings,raft|True|False,65.58855,3.781103086865993,5.61843410152864,0.0,0.0,49.266845
synthetic,kitti2012|catspp|False|False,kitti2012,catspp|False|False,83.2552,2.912333661865476,4.628067627334851,0.0,0.0,75.61123
synthetic,kitti2012|catspp|False|True,kitti2012,catspp|False|True,82.5049,2.912333661865476,4.544509862253856,0.0,0.0,77.90145
synthetic,kitti2012|catspp|True|False,kitti2012,catspp|True|False,98.3518,2.912333661865476,0.838978092074691,0.0,0.0,95.53838
synthetic,kitti2012|catspp|True|True,kitti2012,catspp|True|True,97.2492,2.912333661865476,0.7946034271484442,0.0,0.0,95.51369
synthetic,kitti2012|glunet|False|False,kitti2012,glunet|False|False,96.3978,2.912333661865476,4.810856955003481,0.0,0.0,85.35865
synthetic,kitti2012|glunet|False|True,kitti2012,glunet|False|True,84.216,2.912333661865476,4.742761881771142,0.0,0.0,82.80082
synthetic,kitti2012|glunet|True|False,kitti2012,glunet|True|False,97.2991,2.912333661865476,4.36703345564986,0.0,0.0,87.99222999999999
synthetic,kitti2012|glunet|True|True,kitti2012,glunet|True|True,98.2409,2.912333661865476,2.7780758277626436,0.0,0.0,91.18357
synthetic,kitti2012|raft|True|False,kitti2012,raft|True|False,87.91614999999999,2.912333661865476,6.137826488876526,0.0,0.0,75.5048975
synthetic,kitti2015|catspp|False|False,kitti2015,catspp|False|False,86.5834,3.1069543795005328,4.531703503979383,0.0,0.0,77.58438
synthetic,kitti2015|catspp|False|True,kitti2015,catspp|False|True,86.8286,3.1069543795005328,4.45005512825462,0.0,0.0,78.40066
synthetic,kitti2015|catspp|True|False,kitti2015,catspp|True|False,97.4319,3.1069543795005328,0.6915310256148905,0.0,0.0,94.92004499999999
synthetic,kitti2015|catspp|True|True,kitti2015,catspp|True|True,96.1149,3.1069543795005328,0.6805822849846945,0.0,0.0,94.71963000000001
synthetic,kitti2015|glunet|False|False,kitti2015,glunet|False|False,93.5085,3.1069543795005328,4.622863360214894,0.0,0.0,81.07683
synthetic,kitti2015|glunet|False|True,kitti2015,glunet|False|True,86.9497,3.1069543795005328,4.281694697438992,0.0,0.0,77.78459000000001
synthetic,kitti2015|glunet|True|False,kitti2015,glunet|True|False,96.11,3.1069543795005328,4.13396179106217,0.0,0.0,86.025
synthetic,kitti2015|glunet|True|True,kitti2015,glunet|True|True,97.4108,3.1069543795005328,2.757897948549305,0.0,0.0,89.03835000000001
synthetic,kitti2015|raft|True|False,kitti2015,raft|True|False,89.93475000000001,3.1069543795005328,5.657265238309457,0.0,0.0,72.63492125
synthetic,pfpascal|catspp|False|False,pfpascal,catspp|False|False,14.1789,2.6691521685037687,1.1046310719342582,0.0,0.0,11.52209
synthetic,pfpascal|catspp|False|True,pfpascal,catspp|False|True,14.3443,2.6691521685037687,1.2266334748456815,0.0,0.0,11.6595
synthetic,pfpascal|catspp|True|False,pfpascal,catspp|True|False,49.2406,2.6691521685037687,1.3384932256284854,0.0,0.0,43.04038
synthetic,pfpascal|catspp|True|True,pfpascal,catspp|True|True,50.2518,2.6691521685037687,1.2850448154766931,0.0,0.0,45.800035
synthetic,pfpascal|glunet|False|False,pfpascal,glunet|False|False,13.9864,2.6691521685037687,1.207526280371576,0.0,0.0,11.54605
synthetic,pfpascal|glunet|False|True,pfpascal,glunet|False|True,13.1695,2.6691521685037687,1.0488317415823198,0.0,0.0,11.471630000000001
synthetic,pfpascal|glunet|True|False,pfpascal,glunet|True|False,30.3321,2.6691521685037687,2.5121320286388116,0.0,0.0,25.46703
synthetic,pfpascal|glunet|True|True,pfpascal,glunet|True|True,42.4831,2.6691521685037687,2.3343346605634494,0.0,0.0,30.306600000000003
synthetic,pfpascal|raft|True|False,pfpascal,raft|True|False,14.4373,2.6691521685037687,0.980941180195876,0.0,0.0,11.45927375
synthetic,pfwillow|catspp|False|False,pfwillow,catspp|False|False,15.2778,2.917781654163947,1.0723627389045434,0.0,0.0,13.924439999999999
synthetic,pfwillow|catspp|False|True,pfwillow,catspp|False|True,15.1333,2.917781654163947,1.1269213766487312,0.0,0.0,14.349445
synthetic,pfwillow|catspp|True|False,pfwillow,catspp|True|False,51.6333,2.917781654163947,1.1898772063377987,0.0,0.0,46.27945
synthetic,pfwillow|catspp|True|True,pfwillow,catspp|True|True,52.2222,2.917781654163947,1.3369352629031785,0.0,0.0,48.40555
synthetic,pfwillow|glunet|False|False,pfwillow,glunet|False|False,19.4667,2.917781654163947,1.0101935036752192,0.0,0.0,15.08042
synthetic,pfwillow|glunet|False|True,pfwillow,glunet|False|True,14.6222,2.917781654163947,1.0194888890142937,0.0,0.0,13.94349
synthetic,pfwillow|glunet|True|False,pfwillow,glunet|True|False,29.7111,2.917781654163947,2.640577104058327,0.0,0.0,29.10098
synthetic,pfwillow|glunet|True|True,pfwillow,glunet|True|True,48.458,2.917781654163947,2.2540978968372354,0.0,0.0,32.674009999999996
synthetic,pfwillow|raft|True|False,pfwillow,raft|True|False,18.722250000000003,2.917781654163947,0.9202010006430039,0.0,0.0,14.47982125
synthetic,pointodyssey|catspp|False|False,pointodyssey,catspp|False|False,38.9858,3.077762341646383,4.226265788768241,0.0,0.0,45.198035
synthetic,pointodyssey|catspp|False|True,pointodyssey,catspp|False|True,43.2626,3.077762341646383,4.783131467972308,0.0,0.0,51.78643999999999
synthetic,pointodyssey|catspp|True|False,pointodyssey,catspp|True|False,58.2916,3.077762341646383,3.0842047275174638,0.0,0.0,57.455799999999996
synthetic,pointodyssey|catspp|True|True,pointodyssey,catspp|True|True,51.1702,3.077762341646383,3.059728167477543,0.0,0.0,58.584140000000005
synthetic,pointodyssey|glunet|False|False,pointodyssey,glunet|False|False,92.0672,3.077762341646383,4.714989010883551,0.0,0.0,78.62071
synthetic,pointodyssey|glunet|False|True,pointodyssey,glunet|False|True,80.199,3.077762341646383,4.567467973204872,0.0,0.0,74.13135
synthetic,pointodyssey|glunet|True|False,pointodyssey,glunet|True|False,92.7503,3.077762341646383,4.1780507350735485,0.0,0.0,83.66917
synthetic,pointodyssey|glunet|True|True,pointodyssey,glunet|True|True,96.5122,3.077762341646383,2.7255156643898775,0.0,0.0,85.53264
synthetic,pointodyssey|raft|True|False,pointodyssey,raft|True|False,34.6076,3.077762341646383,4.3214614854734625,0.0,0.0,42.21109875
synthetic,spair|catspp|False|False,spair,catspp|False|False,4.0731,4.5362661590455104,0.08571543008092,0.0,0.0,3.474245
synthetic,spair|catspp|False|True,spair,catspp|False|True,4.0341,4.5362661590455104,0.10918081955957196,0.0,0.0,3.515715
synthetic,spair|catspp|True|False,spair,catspp|True|False,22.4135,4.5362661590455104,0.8208416937482114,0.0,0.0,21.11787
synthetic,spair|catspp|True|True,spair,catspp|True|True,23.9909,4.5362661590455104,0.7738405630044899,0.0,0.0,22.32048
synthetic,spair|glunet|False|False,spair,glunet|False|False,3.6526,4.5362661590455104,0.09627595157634636,0.0,0.0,2.79144
synthetic,spair|glunet|False|True,spair,glunet|False|True,2.9367,4.5362661590455104,0.049556687191741194,0.0,0.0,2.54549
synthetic,spair|glunet|True|False,spair,glunet|True|False,7.559,4.5362661590455104,1.6290674586620866,0.0,0.0,7.51929
synthetic,spair|glunet|True|True,spair,glunet|True|True,15.5133,4.5362661590455104,1.0784561989771073,0.0,0.0,8.40899
synthetic,spair|raft|True|False,spair,raft|True|False,3.3421000000000003,4.5362661590455104,0.08119067248838081,0.0,0.0,2.7094637500000003
synthetic,synthetic|catspp|False|False,synthetic,catspp|False|False,22.1053,5.432403010016126,3.232248279075464,0.0,0.0,22.83322
synthetic,synthetic|catspp|False|True,synthetic,catspp|False|True,21.8997,5.432403010016126,3.6743646961072254,0.0,0.0,23.962195
synthetic,synthetic|catspp|True|False,synthetic,catspp|True|False,53.8161,5.432403010016126,4.250951163124903,0.0,0.0,47.85006
synthetic,synthetic|catspp|True|True,synthetic,catspp|True|True,48.52,5.432403010016126,3.083556032334313,0.0,0.0,47.35428
synthetic,synthetic|glunet|False|False,synthetic,glunet|False|False,27.0582,5.432403010016126,2.222315914914046,0.0,0.0,15.37013
synthetic,synthetic|glunet|False|True,synthetic,glunet|False|True,16.1312,5.432403010016126,1.0626902841406685,0.0,0.0,11.92315
synthetic,synthetic|glunet|True|False,synthetic,glunet|True|False,32.9391,5.432403010016126,4.612639877992911,0.0,0.0,28.466770000000004
synthetic,synthetic|glunet|True|True,synthetic,glunet|True|True,37.9779,5.432403010016126,3.2017920389751744,0.0,0.0,25.62596
synthetic,synthetic|raft|True|False,synthetic,raft|True|False,25.1774,5.432403010016126,4.665496102316389,0.0,0.0,20.5859625
synthetic,tss|catspp|False|False,tss,catspp|False|False,32.3684,4.890932509916789,3.2060754081799203,0.0,0.0,24.358245
synthetic,tss|catspp|False|True,tss,catspp|False|True,29.7936,4.890932509916789,3.4939407714263724,0.0,0.0,25.167725
synthetic,tss|catspp|True|False,tss,catspp|True|False,66.0565,4.890932509916789,1.1810189551695511,0.0,0.0,63.791610000000006
synthetic,tss|catspp|True|True,tss,catspp|True|True,65.6689,4.890932509916789,1.2956383638641238,0.0,0.0,64.37001000000001
synthetic,tss|glunet|False|False,tss,glunet|False|False,36.1641,4.890932509916789,3.5486345927622125,0.0,0.0,25.22046
synthetic,tss|glunet|False|True,tss,glunet|False|True,27.3178,4.890932509916789,2.962199332981692,0.0,0.0,22.56908
synthetic,tss|glunet|True|False,tss,glunet|True|False,52.1427,4.890932509916789,6.261659047826765,0.0,0.0,47.620960000000004
synthetic,tss|glunet|True|True,tss,glunet|True|True,64.008,4.890932509916789,4.831827415690072,0.0,0.0,50.24008
synthetic,tss|raft|True|False,tss,raft|True|False,27.3868,4.890932509916789,2.6739621571866508,0.0,0.0,20.7450075
synthetic_2d_warp,flyingthings|catspp|False|False,flyingthings,catspp|False|False,62.5568,3.823806403465596,4.65745209248199,0.0,0.0,57.002155
synthetic_2d_warp,flyingthings|catspp|False|True,flyingthings,catspp|False|True,58.9743,3.823806403465596,4.626060483694326,0.0,0.0,58.49968
synthetic_2d_warp,flyingthings|catspp|True|False,flyingthings,catspp|True|False,82.2203,3.823806403465596,1.3894645082043093,0.0,0.0,79.72738000000001
synthetic_2d_warp,flyingthings|catspp|True|True,flyingthings,catspp|True|True,81.6201,3.823806403465596,1.0175940491163031,0.0,0.0,79.92819499999999
synthetic_2d_warp,flyingthings|glunet|False|False,flyingthings,glunet|False|False,71.3364,3.823806403465596,4.775527001025115,0.0,0.0,57.64027
synthetic_2d_warp,flyingthings|glunet|False|True,flyingthings,glunet|False|True,56.8539,3.823806403465596,4.305517678487134,0.0,0.0,51.92078
synthetic_2d_warp,flyingthings|glunet|True|False,flyingthings,glunet|True|False,71.3152,3.823806403465596,5.112853130376447,0.0,0.0,65.35628
synthetic_2d_warp,flyingthings|glunet|True|True,flyingthings,glunet|True|True,78.2963,3.823806403465596,3.441660079136706,0.0,0.0,66.45239000000001
synthetic_2d_warp,flyingthings|raft|True|False,flyingthings,raft|True|False,68.432,3.823806403465596,5.790035768752701,0.0,0.0,48.9825
synthetic_2d_warp,kitti2012|catspp|False|False,kitti2012,catspp|False|False,76.4616,2.932095024359242,4.71247723261967,0.0,0.0,76.29059
synthetic_2d_warp,kitti2012|catspp|False|True,kitti2012,catspp|False|True,77.1277,2.932095024359242,4.613463822401277,0.0,0.0,78.43917
synthetic_2d_warp,kitti2012|catspp|True|False,kitti2012,catspp|True|False,95.9663,2.932095024359242,0.8663850790724544,0.0,0.0,95.77693000000001
synthetic_2d_warp,kitti2012|catspp|True|True,kitti2012,catspp|True|True,96.3689,2.932095024359242,0.810610241915518,0.0,0.0,95.60172
synthetic_2d_warp,kitti2012|glunet|False|False,kitti2012,glunet|False|False,93.4764,2.932095024359242,4.897714745761929,0.0,0.0,85.65079
synthetic_2d_warp,kitti2012|glunet|False|True,kitti2012,glunet|False|True,91.3276,2.932095024359242,4.776632824808335,0.0,0.0,82.08966000000001
synthetic_2d_warp,kitti2012|glunet|True|False,kitti2012,glunet|True|False,91.75,2.932095024359242,4.456244351083386,0.0,0.0,88.54713999999998
synthetic_2d_warp,kitti2012|glunet|True|True,kitti2012,glunet|True|True,98.3573,2.932095024359242,2.8145838785522965,0.0,0.0,91.17193
synthetic_2d_warp,kitti2012|raft|True|False,kitti2012,raft|True|False,84.6833,2.932095024359242,6.242192787092232,0.0,0.0,75.8281825
synthetic_2d_warp,kitti2015|catspp|False|False,kitti2015,catspp|False|False,83.0162,3.100889362057756,4.647873254123441,0.0,0.0,77.94109999999999
synthetic_2d_warp,kitti2015|catspp|False|True,kitti2015,catspp|False|True,79.9745,3.100889362057756,4.571004592213227,0.0,0.0,79.08606999999999
synthetic_2d_warp,kitti2015|catspp|True|False,kitti2015,catspp|True|False,95.364,3.100889362057756,0.7220842751522308,0.0,0.0,95.126835
synthetic_2d_warp,kitti2015|catspp|True|True,kitti2015,catspp|True|True,95.7853,3.100889362057756,0.6970611349647354,0.0,0.0,94.75259
synthetic_2d_warp,kitti2015|glunet|False|False,kitti2015,glunet|False|False,89.7925,3.100889362057756,4.752057834384421,0.0,0.0,81.44843
synthetic_2d_warp,kitti2015|glunet|False|True,kitti2015,glunet|False|True,87.0141,3.100889362057756,4.370109053163445,0.0,0.0,77.77815000000001
synthetic_2d_warp,kitti2015|glunet|True|False,kitti2015,glunet|True|False,91.6412,3.100889362057756,4.252568598070691,0.0,0.0,86.47188
synthetic_2d_warp,kitti2015|glunet|True|True,kitti2015,glunet|True|True,97.4131,3.100889362057756,2.8151740514937202,0.0,0.0,89.03812
synthetic_2d_warp,kitti2015|raft|True|False,kitti2015,raft|True|False,90.2207,3.100889362057756,5.771297152842135,0.0,0.0,72.60632625
synthetic_2d_warp,pfpascal|catspp|False|False,pfpascal,catspp|False|False,10.5271,2.6588153001335546,1.1069411007127261,0.0,0.0,11.88727
synthetic_2d_warp,pfpascal|catspp|False|True,pfpascal,catspp|False|True,10.9336,2.6588153001335546,1.22843624635103,0.0,0.0,12.00057
synthetic_2d_warp,pfpascal|catspp|True|False,pfpascal,catspp|True|False,49.2846,2.6588153001335546,1.324864398056617,0.0,0.0,43.03598
synthetic_2d_warp,pfpascal|catspp|True|True,pfpascal,catspp|True|True,55.8613,2.6588153001335546,1.0616124793246007,0.0,0.0,45.239085
synthetic_2d_warp,pfpascal|glunet|False|False,pfpascal,glunet|False|False,8.3855,2.6588153001335546,1.1786872813233786,0.0,0.0,12.10614
synthetic_2d_warp,pfpascal|glunet|False|True,pfpascal,glunet|False|True,13.3499,2.6588153001335546,1.0372742100312369,0.0,0.0,11.45359
synthetic_2d_warp,pfpascal|glunet|True|False,pfpascal,glunet|True|False,27.963,2.6588153001335546,2.50854112687369,0.0,0.0,25.70394
synthetic_2d_warp,pfpascal|glunet|True|True,pfpascal,glunet|True|True,46.4716,2.6588153001335546,2.1631013796606022,0.0,0.0,29.90775
synthetic_2d_warp,pfpascal|raft|True|False,pfpascal,raft|True|False,11.7703,2.6588153001335546,0.9957616735208632,0.0,0.0,11.72597375
synthetic_2d_warp,pfwillow|catspp|False|False,pfwillow,catspp|False|False,11.9667,2.90747013643695,1.0764032275597786,0.0,0.0,14.25555
synthetic_2d_warp,pfwillow|catspp|False|True,pfwillow,catspp|False|True,13.4667,2.90747013643695,1.1385370205789054,0.0,0.0,14.516105
synthetic_2d_warp,pfwillow|catspp|True|False,pfwillow,catspp|True|False,52.3889,2.90747013643695,1.182770820346054,0.0,0.0,46.20389
synthetic_2d_warp,pfwillow|catspp|True|True,pfwillow,catspp|True|True,57.2889,2.90747013643695,1.20503339998074,0.0,0.0,47.898880000000005
synthetic_2d_warp,pfwillow|glunet|False|False,pfwillow,glunet|False|False,16.7914,2.90747013643695,1.0635933918620208,0.0,0.0,15.34795
synthetic_2d_warp,pfwillow|glunet|False|True,pfwillow,glunet|False|True,16.6778,2.90747013643695,1.0105200741263825,0.0,0.0,13.73793
synthetic_2d_warp,pfwillow|glunet|True|False,pfwillow,glunet|True|False,29.116,2.90747013643695,2.6707052063885928,0.0,0.0,29.16049
synthetic_2d_warp,pfwillow|glunet|True|True,pfwillow,glunet|True|True,48.3864,2.90747013643695,2.2822901554248176,0.0,0.0,32.681169999999995
synthetic_2d_warp,pfwillow|raft|True|False,pfwillow,raft|True|False,14.7593,2.90747013643695,0.9786731827072759,0.0,0.0,14.87611625
synthetic_2d_warp,pointodyssey|catspp|False|False,pointodyssey,catspp|False|False,51.6048,3.0829693155026905,4.244351382885135,0.0,0.0,43.936135
synthetic_2d_warp,pointodyssey|catspp|False|True,pointodyssey,catspp|False|True,65.9417,3.0829693155026905,4.742691868747755,0.0,0.0,49.51853
synthetic_2d_warp,pointodyssey|catspp|True|False,pointodyssey,catspp|True|False,53.0839,3.0829693155026905,3.0905559368522173,0.0,0.0,57.97657
synthetic_2d_warp,pointodyssey|catspp|True|True,pointodyssey,catspp|True|True,50.3469,3.0829693155026905,3.070802335238975,0.0,0.0,58.666470000000004
synthetic_2d_warp,pointodyssey|glunet|False|False,pointodyssey,glunet|False|False,92.1122,3.0829693155026905,4.743705500345389,0.0,0.0,78.61621
synthetic_2d_warp,pointodyssey|glunet|False|True,pointodyssey,glunet|False|True,81.446,3.0829693155026905,4.588896180055531,0.0,0.0,74.00665000000001
synthetic_2d_warp,pointodyssey|glunet|True|False,pointodyssey,glunet|True|False,92.0552,3.0829693155026905,4.209291097781111,0.0,0.0,83.73868
synthetic_2d_warp,pointodyssey|glunet|True|True,pointodyssey,glunet|True|True,96.0115,3.0829693155026905,2.749684253695087,0.0,0.0,85.58270999999999
synthetic_2d_warp,pointodyssey|raft|True|False,pointodyssey,raft|True|False,38.923,3.0829693155026905,4.367570807008408,0.0,0.0,41.77955875
synthetic_2d_warp,spair|catspp|False|False,spair,catspp|False|False,3.1293,4.631943542078052,0.1012114493282056,0.0,0.0,3.568625
synthetic_2d_warp,spair|catspp|False|True,spair,catspp|False|True,3.183,4.631943542078052,0.12452595301742948,0.0,0.0,3.6008250000000004
synthetic_2d_warp,spair|catspp|True|False,spair,catspp|True|False,22.7753,4.631943542078052,0.913761586731173,0.0,0.0,21.081690000000002
synthetic_2d_warp,spair|catspp|True|True,spair,catspp|True|True,25.8691,4.631943542078052,0.8231497416314965,0.0,0.0,22.132659999999998
synthetic_2d_warp,spair|glunet|False|False,spair,glunet|False|False,2.6434,4.631943542078052,0.12619566506273652,0.0,0.0,2.89236
synthetic_2d_warp,spair|glunet|False|True,spair,glunet|False|True,2.5156,4.631943542078052,0.06335665069561772,0.0,0.0,2.5876
synthetic_2d_warp,spair|glunet|True|False,spair,glunet|True|False,6.63,4.631943542078052,1.820013637196397,0.0,0.0,7.61219
synthetic_2d_warp,spair|glunet|True|True,spair,glunet|True|True,15.6163,4.631943542078052,1.2016822823577857,0.0,0.0,8.39869
synthetic_2d_warp,spair|raft|True|False,spair,raft|True|False,3.0927,4.631943542078052,0.09988459216505714,0.0,0.0,2.73440375
synthetic_2d_warp,synthetic|catspp|False|False,synthetic,catspp|False|False,20.1312,5.486820241454567,3.513762323765475,0.0,0.0,23.03063
synthetic_2d_warp,synthetic|catspp|False|True,synthetic,catspp|False|True,18.8784,5.486820241454567,3.9801123320117955,0.0,0.0,24.264325000000003
synthetic_2d_warp,synthetic|catspp|True|False,synthetic,catspp|True|False,44.6253,5.486820241454567,4.648187095112901,0.0,0.0,48.76914
synthetic_2d_warp,synthetic|catspp|True|True,synthetic,catspp|True|True,43.3481,5.486820241454567,3.3381911805385984,0.0,0.0,47.87147
synthetic_2d_warp,synthetic|glunet|False|False,synthetic,glunet|False|False,23.9947,5.486820241454567,2.528234284694564,0.0,0.0,15.676480000000002
synthetic_2d_warp,synthetic|glunet|False|True,synthetic,glunet|False|True,12.7059,5.486820241454567,1.2157331224784087,0.0,0.0,12.26568
synthetic_2d_warp,synthetic|glunet|True|False,synthetic,glunet|True|False,29.4639,5.486820241454567,5.042040055205007,0.0,0.0,28.81429
synthetic_2d_warp,synthetic|glunet|True|True,synthetic,glunet|True|True,37.0372,5.486820241454567,3.516612395290282,0.0,0.0,25.72003
synthetic_2d_warp,synthetic|raft|True|False,synthetic,raft|True|False,21.9875,5.486820241454567,5.0997236350312765,0.0,0.0,20.9049525
synthetic_2d_warp,tss|catspp|False|False,tss,catspp|False|False,20.8428,4.882076144118599,3.3004955816368766,0.0,0.0,25.510804999999998
synthetic_2d_warp,tss|catspp|False|True,tss,catspp|False|True,20.0086,4.882076144118599,3.4955215830203556,0.0,0.0,26.146224999999998
synthetic_2d_warp,tss|catspp|True|False,tss,catspp|True|False,65.697,4.882076144118599,1.1974015295309777,0.0,0.0,63.82755999999999
synthetic_2d_warp,tss|catspp|True|True,tss,catspp|True|True,67.8214,4.882076144118599,1.2559771572936707,0.0,0.0,64.15476
synthetic_2d_warp,tss|glunet|False|False,tss,glunet|False|False,23.6203,4.882076144118599,3.7402783636386356,0.0,0.0,26.47484
synthetic_2d_warp,tss|glunet|False|True,tss,glunet|False|True,26.4422,4.882076144118599,2.99957723208542,0.0,0.0,22.65664
synthetic_2d_warp,tss|glunet|True|False,tss,glunet|True|False,50.8272,4.882076144118599,6.318733291554427,0.0,0.0,47.75251
synthetic_2d_warp,tss|glunet|True|True,tss,glunet|True|True,66.2204,4.882076144118599,4.787115982400659,0.0,0.0,50.01884
synthetic_2d_warp,tss|raft|True|False,tss,raft|True|False,22.1823,4.882076144118599,2.779623903203803,0.0,0.0,21.2654575
synthetic_large_zoom,flyingthings|catspp|False|False,flyingthings,catspp|False|False,67.1619,5.45161408131309,7.421639150142438,0.0,0.0,56.541645
synthetic_large_zoom,flyingthings|catspp|False|True,flyingthings,catspp|False|True,72.1858,5.45161408131309,7.241907633735554,0.0,0.0,57.17853
synthetic_large_zoom,flyingthings|catspp|True|False,flyingthings,catspp|True|False,81.8483,5.45161408131309,2.2411576550200376,0.0,0.0,79.76458
synthetic_large_zoom,flyingthings|catspp|True|True,flyingthings,catspp|True|True,82.1343,5.45161408131309,1.6283207393199577,0.0,0.0,79.876775
synthetic_large_zoom,flyingthings|glunet|False|False,flyingthings,glunet|False|False,62.2616,5.45161408131309,7.83113972562279,0.0,0.0,58.54774999999999
synthetic_large_zoom,flyingthings|glunet|False|True,flyingthings,glunet|False|True,57.5697,5.45161408131309,6.919639828838437,0.0,0.0,51.849199999999996
synthetic_large_zoom,flyingthings|glunet|True|False,flyingthings,glunet|True|False,72.5692,5.45161408131309,8.211941518752326,0.0,0.0,65.23088
synthetic_large_zoom,flyingthings|glunet|True|True,flyingthings,glunet|True|True,62.7767,5.45161408131309,5.670163699120858,0.0,0.0,68.00435
synthetic_large_zoom,flyingthings|raft|True|False,flyingthings,raft|True|False,59.3757,5.45161408131309,9.517460679553446,0.0,0.0,49.888130000000004
synthetic_large_zoom,kitti2012|catspp|False|False,kitti2012,catspp|False|False,88.0451,5.669300909386617,9.162736810390273,0.0,0.0,75.13224
synthetic_large_zoom,kitti2012|catspp|False|True,kitti2012,catspp|False|True,94.8248,5.669300909386617,8.842167600537579,0.0,0.0,76.66946
synthetic_large_zoom,kitti2012|catspp|True|False,kitti2012,catspp|True|False,98.7949,5.669300909386617,1.6633889159709643,0.0,0.0,95.49407
synthetic_large_zoom,kitti2012|catspp|True|True,kitti2012,catspp|True|True,98.6413,5.669300909386617,1.5537880763106697,0.0,0.0,95.37448
synthetic_large_zoom,kitti2012|glunet|False|False,kitti2012,glunet|False|False,97.9959,5.669300909386617,9.577990305009122,0.0,0.0,85.19883999999999
synthetic_large_zoom,kitti2012|glunet|False|True,kitti2012,glunet|False|True,97.0676,5.669300909386617,9.298252571239283,0.0,0.0,81.51566
synthetic_large_zoom,kitti2012|glunet|True|False,kitti2012,glunet|True|False,99.1724,5.669300909386617,8.688074260557542,0.0,0.0,87.8049
synthetic_large_zoom,kitti2012|glunet|True|True,kitti2012,glunet|True|True,98.7654,5.669300909386617,5.537640206940527,0.0,0.0,91.13112
synthetic_large_zoom,kitti2012|raft|True|False,kitti2012,raft|True|False,98.2011,5.669300909386617,12.029292847299622,0.0,0.0,74.47640249999999
synthetic_large_zoom,kitti2015|catspp|False|False,kitti2015,catspp|False|False,90.7618,5.510825283712702,8.747736826567452,0.0,0.0,77.16654
synthetic_large_zoom,kitti2015|catspp|False|True,kitti2015,catspp|False|True,93.0548,5.510825283712702,8.54125671197226,0.0,0.0,77.77804
synthetic_large_zoom,kitti2015|catspp|True|False,kitti2015,catspp|True|False,98.0919,5.510825283712702,1.3260095900512294,0.0,0.0,94.854045
synthetic_large_zoom,kitti2015|catspp|True|True,kitti2015,catspp|True|True,97.7369,5.510825283712702,1.2836001042554652,0.0,0.0,94.55743
synthetic_large_zoom,kitti2015|glunet|False|False,kitti2015,glunet|False|False,93.9536,5.510825283712702,8.995548916849662,0.0,0.0,81.03232
synthetic_large_zoom,kitti2015|glunet|False|True,kitti2015,glunet|False|True,88.1684,5.510825283712702,8.318967436535717,0.0,0.0,77.66272000000001
synthetic_large_zoom,kitti2015|glunet|True|False,kitti2015,glunet|True|False,98.0506,5.510825283712702,8.01261633923402,0.0,0.0,85.83094
synthetic_large_zoom,kitti2015|glunet|True|True,kitti2015,glunet|True|True,96.8003,5.510825283712702,5.385585908532134,0.0,0.0,89.0994
synthetic_large_zoom,kitti2015|raft|True|False,kitti2015,raft|True|False,94.1569,5.510825283712702,10.907864790774232,0.0,0.0,72.21270625
synthetic_large_zoom,pfpascal|catspp|False|False,pfpascal,catspp|False|False,16.3109,2.4641980244871515,0.9943378565380928,0.0,0.0,11.30889
synthetic_large_zoom,pfpascal|catspp|False|True,pfpascal,catspp|False|True,17.9071,2.4641980244871515,1.0729799319912054,0.0,0.0,11.30322
synthetic_large_zoom,pfpascal|catspp|True|False,pfpascal,catspp|True|False,47.5495,2.4641980244871515,1.2925206015125708,0.0,0.0,43.20949
synthetic_large_zoom,pfpascal|catspp|True|True,pfpascal,catspp|True|True,50.0421,2.4641980244871515,1.2096776594672178,0.0,0.0,45.821005
synthetic_large_zoom,pfpascal|glunet|False|False,pfpascal,glunet|False|False,16.1068,2.4641980244871515,1.0970744930894736,0.0,0.0,11.334010000000001
synthetic_large_zoom,pfpascal|glunet|False|True,pfpascal,glunet|False|True,14.5575,2.4641980244871515,0.9657443909330338,0.0,0.0,11.33283
synthetic_large_zoom,pfpascal|glunet|True|False,pfpascal,glunet|True|False,23.0618,2.4641980244871515,2.37104350604995,0.0,0.0,26.19406
synthetic_large_zoom,pfpascal|glunet|True|True,pfpascal,glunet|True|True,19.3452,2.4641980244871515,2.1596507431263903,0.0,0.0,32.62039
synthetic_large_zoom,pfpascal|raft|True|False,pfpascal,raft|True|False,11.9889,2.4641980244871515,0.9428570293451404,0.0,0.0,11.704113750000001
synthetic_large_zoom,pfwillow|catspp|False|False,pfwillow,catspp|False|False,18.7222,2.3787525437622294,0.9361904276583459,0.0,0.0,13.580000000000002
synthetic_large_zoom,pfwillow|catspp|False|True,pfwillow,catspp|False|True,19.8667,2.3787525437622294,0.9661359393130927,0.0,0.0,13.876105
synthetic_large_zoom,pfwillow|catspp|True|False,pfwillow,catspp|True|False,51.4222,2.3787525437622294,1.1038682353121174,0.0,0.0,46.300560000000004
synthetic_large_zoom,pfwillow|catspp|True|True,pfwillow,catspp|True|True,54.3556,2.3787525437622294,1.1939300640951869,0.0,0.0,48.19221
synthetic_large_zoom,pfwillow|glunet|False|False,pfwillow,glunet|False|False,18.3917,2.3787525437622294,0.9534472048997426,0.0,0.0,15.18792
synthetic_large_zoom,pfwillow|glunet|False|True,pfwillow,glunet|False|True,16.3506,2.3787525437622294,0.9276458547841124,0.0,0.0,13.77065
synthetic_large_zoom,pfwillow|glunet|True|False,pfwillow,glunet|True|False,30.5,2.3787525437622294,2.4376832579110213,0.0,0.0,29.02209
synthetic_large_zoom,pfwillow|glunet|True|True,pfwillow,glunet|True|True,21.0975,2.3787525437622294,2.1270741425630786,0.0,0.0,35.41006
synthetic_large_zoom,pfwillow|raft|True|False,pfwillow,raft|True|False,17.8333,2.3787525437622294,0.8682482395176416,0.0,0.0,14.56871625
synthetic_large_zoom,pointodyssey|catspp|False|False,pointodyssey,catspp|False|False,34.7757,6.197637094055023,10.58452125633308,0.0,0.0,45.619045
synthetic_large_zoom,pointodyssey|catspp|False|True,pointodyssey,catspp|False|True,62.7536,6.197637094055023,11.985408655590382,0.0,0.0,49.83734
synthetic_large_zoom,pointodyssey|catspp|True|False,pointodyssey,catspp|True|False,45.1112,6.197637094055023,7.522652946879983,0.0,0.0,58.77383999999999
synthetic_large_zoom,pointodyssey|catspp|True|True,pointodyssey,catspp|True|True,52.1959,6.197637094055023,7.741817136574385,0.0,0.0,58.48157
synthetic_large_zoom,pointodyssey|glunet|False|False,pointodyssey,glunet|False|False,85.5722,6.197637094055023,12.0231052737121,0.0,0.0,79.27020999999999
synthetic_large_zoom,pointodyssey|glunet|False|True,pointodyssey,glunet|False|True,80.976,6.197637094055023,11.514574466030618,0.0,0.0,74.05364999999999
synthetic_large_zoom,pointodyssey|glunet|True|False,pointodyssey,glunet|True|False,91.0513,6.197637094055023,10.57307769809025,0.0,0.0,83.83907
synthetic_large_zoom,pointodyssey|glunet|True|True,pointodyssey,glunet|True|True,85.0481,6.197637094055023,7.057884070847897,0.0,0.0,86.67904999999999
synthetic_large_zoom,pointodyssey|raft|True|False,pointodyssey,raft|True|False,36.4545,6.197637094055023,10.930320501988021,0.0,0.0,42.026408749999995
synthetic_large_zoom,spair|catspp|False|False,spair,catspp|False|False,4.0943,-0.5232897028396212,-0.03908037580439721,0.0,0.0,3.4721249999999997
synthetic_large_zoom,spair|catspp|False|True,spair,catspp|False|True,4.1558,-0.5232897028396212,-0.04856347534145476,0.0,0.0,3.503545
synthetic_large_zoom,spair|catspp|True|False,spair,catspp|True|False,20.9922,-0.5232897028396212,-0.3802945146591212,0.0,0.0,21.259999999999998
synthetic_large_zoom,spair|catspp|True|True,spair,catspp|True|True,21.5433,-0.5232897028396212,-0.3589979839674579,0.0,0.0,22.56524
synthetic_large_zoom,spair|glunet|False|False,spair,glunet|False|False,3.0531,-0.5232897028396212,-0.05218980713913308,0.0,0.0,2.85139
synthetic_large_zoom,spair|glunet|False|True,spair,glunet|False|True,2.5485,-0.5232897028396212,-0.026171671934275866,0.0,0.0,2.58431
synthetic_large_zoom,spair|glunet|True|False,spair,glunet|True|False,4.5811,-0.5232897028396212,-0.7426088579039611,0.0,0.0,7.81708
synthetic_large_zoom,spair|glunet|True|True,spair,glunet|True|True,3.6447,-0.5232897028396212,-0.5127676932004531,0.0,0.0,9.59585
synthetic_large_zoom,spair|raft|True|False,spair,raft|True|False,2.9715,-0.5232897028396212,-0.042143507491125005,0.0,0.0,2.74652375
synthetic_large_zoom,synthetic|catspp|False|False,synthetic,catspp|False|False,39.135,0.7384559002863529,-0.4922261927698081,0.0,0.0,21.13025
synthetic_large_zoom,synthetic|catspp|False|True,synthetic,catspp|False|True,48.6509,0.7384559002863529,-0.5006208651105392,0.0,0.0,21.287074999999998
synthetic_large_zoom,synthetic|catspp|True|False,synthetic,catspp|True|False,63.3596,0.7384559002863529,-0.69367057952874,0.0,0.0,46.89571
synthetic_large_zoom,synthetic|catspp|True|True,synthetic,catspp|True|True,61.0204,0.7384559002863529,-0.484319914282111,0.0,0.0,46.10424
synthetic_large_zoom,synthetic|glunet|False|False,synthetic,glunet|False|False,18.5281,0.7384559002863529,-0.4110599170376094,0.0,0.0,16.22314
synthetic_large_zoom,synthetic|glunet|False|True,synthetic,glunet|False|True,15.7459,0.7384559002863529,-0.18313212402715556,0.0,0.0,11.96168
synthetic_large_zoom,synthetic|glunet|True|False,synthetic,glunet|True|False,25.3843,0.7384559002863529,-0.7878072687253357,0.0,0.0,29.222250000000003
synthetic_large_zoom,synthetic|glunet|True|True,synthetic,glunet|True|True,18.4805,0.7384559002863529,-0.5585041470809282,0.0,0.0,27.5757
synthetic_large_zoom,synthetic|raft|True|False,synthetic,raft|True|False,51.426,0.7384559002863529,-0.6507734691244661,0.0,0.0,17.9611025
synthetic_large_zoom,tss|catspp|False|False,tss,catspp|False|False,33.0076,4.311477556034432,3.0516473655378675,0.0,0.0,24.294325
synthetic_large_zoom,tss|catspp|False|True,tss,catspp|False|True,37.3118,4.311477556034432,3.1278791900995877,0.0,0.0,24.415905000000002
synthetic_large_zoom,tss|catspp|True|False,tss,catspp|True|False,67.8898,4.311477556034432,1.0726355689710803,0.0,0.0,63.60828
synthetic_large_zoom,tss|catspp|True|True,tss,catspp|True|True,68.6688,4.311477556034432,1.1618433846272496,0.0,0.0,64.07002
synthetic_large_zoom,tss|glunet|False|False,tss,glunet|False|False,32.7962,4.311477556034432,3.493693198270853,0.0,0.0,25.55725
synthetic_large_zoom,tss|glunet|False|True,tss,glunet|False|True,27.4139,4.311477556034432,2.8350709615971907,0.0,0.0,22.559469999999997
synthetic_large_zoom,tss|glunet|True|False,tss,glunet|True|False,49.3439,4.311477556034432,6.011521931306157,0.0,0.0,47.90084
synthetic_large_zoom,tss|glunet|True|True,tss,glunet|True|True,34.6233,4.311477556034432,4.461352575533887,0.0,0.0,53.178549999999994
synthetic_large_zoom,tss|raft|True|False,tss,raft|True|False,25.936,4.311477556034432,2.596034319862421,0.0,0.0,20.8900875
synthetic_random_flipping,flyingthings|catspp|False|False,flyingthings,catspp|False|False,43.8954,-11.69997471328817,-18.19677688517466,0.0,0.0,58.868295
synthetic_random_flipping,flyingthings|catspp|False|True,flyingthings,catspp|False|True,50.8063,-11.69997471328817,-18.33848438519596,0.0,0.0,59.31648
synthetic_random_flipping,flyingthings|catspp|True|False,flyingthings,catspp|True|False,83.2946,-11.69997471328817,-5.502354728547647,0.0,0.0,79.61995
synthetic_random_flipping,flyingthings|catspp|True|True,flyingthings,catspp|True|True,80.7323,-11.69997471328817,-4.092315879296017,0.0,0.0,80.016975
synthetic_random_flipping,flyingthings|glunet|False|False,flyingthings,glunet|False|False,63.9418,-11.69997471328817,-19.42552083309562,0.0,0.0,58.379729999999995
synthetic_random_flipping,flyingthings|glunet|False|True,flyingthings,glunet|False|True,50.412,-11.69997471328817,-17.262328910265357,0.0,0.0,52.56497
synthetic_random_flipping,flyingthings|glunet|True|False,flyingthings,glunet|True|False,81.6246,-11.69997471328817,-19.91340824221528,0.0,0.0,64.32534000000001
synthetic_random_flipping,flyingthings|glunet|True|True,flyingthings,glunet|True|True,77.2625,-11.69997471328817,-13.837184567543723,0.0,0.0,66.55577000000001
synthetic_random_flipping,flyingthings|raft|True|False,flyingthings,raft|True|False,54.9845,-11.69997471328817,-23.769030516197557,0.0,0.0,50.32725000000001
synthetic_random_flipping,kitti2012|catspp|False|False,kitti2012,catspp|False|False,62.5595,-11.962103016229596,-22.33031574120414,0.0,0.0,77.6808
synthetic_random_flipping,kitti2012|catspp|False|True,kitti2012,catspp|False|True,71.5744,-11.962103016229596,-22.16761581456158,0.0,0.0,78.9945
synthetic_random_flipping,kitti2012|catspp|True|False,kitti2012,catspp|True|False,97.9034,-11.962103016229596,-4.128939051261497,0.0,0.0,95.58322000000001
synthetic_random_flipping,kitti2012|catspp|True|True,kitti2012,catspp|True|True,95.9432,-11.962103016229596,-3.917326589625038,0.0,0.0,95.64429
synthetic_random_flipping,kitti2012|glunet|False|False,kitti2012,glunet|False|False,95.0148,-11.962103016229596,-23.586578981836404,0.0,0.0,85.49695
synthetic_random_flipping,kitti2012|glunet|False|True,kitti2012,glunet|False|True,83.8602,-11.962103016229596,-23.20113935467116,0.0,0.0,82.8364
synthetic_random_flipping,kitti2012|glunet|True|False,kitti2012,glunet|True|False,98.9943,-11.962103016229596,-21.288692029914493,0.0,0.0,87.82271
synthetic_random_flipping,kitti2012|glunet|True|True,kitti2012,glunet|True|True,98.8084,-11.962103016229596,-13.561517923985194,0.0,0.0,91.12682
synthetic_random_flipping,kitti2012|raft|True|False,kitti2012,raft|True|False,86.3393,-11.962103016229596,-30.077731936611766,0.0,0.0,75.6625825
synthetic_random_flipping,kitti2015|catspp|False|False,kitti2015,catspp|False|False,72.005,-12.079712598500436,-21.962797958688608,0.0,0.0,79.04222
synthetic_random_flipping,kitti2015|catspp|False|True,kitti2015,catspp|False|True,78.5201,-12.079712598500436,-21.644155579799744,0.0,0.0,79.23151
synthetic_random_flipping,kitti2015|catspp|True|False,kitti2015,catspp|True|False,97.1466,-12.079712598500436,-3.3606929027383288,0.0,0.0,94.94857499999999
synthetic_random_flipping,kitti2015|catspp|True|True,kitti2015,catspp|True|True,95.5148,-12.079712598500436,-3.3071668059803154,0.0,0.0,94.77964
synthetic_random_flipping,kitti2015|glunet|False|False,kitti2015,glunet|False|False,90.6756,-12.079712598500436,-22.469287390586658,0.0,0.0,81.36012000000001
synthetic_random_flipping,kitti2015|glunet|False|True,kitti2015,glunet|False|True,84.0249,-12.079712598500436,-20.792101650315782,0.0,0.0,78.07707
synthetic_random_flipping,kitti2015|glunet|True|False,kitti2015,glunet|True|False,97.5133,-12.079712598500436,-19.9113181275166,0.0,0.0,85.88467
synthetic_random_flipping,kitti2015|glunet|True|True,kitti2015,glunet|True|True,97.2046,-12.079712598500436,-13.341563393244492,0.0,0.0,89.05897
synthetic_random_flipping,kitti2015|raft|True|False,kitti2015,raft|True|False,85.0135,-12.079712598500436,-27.581978701373384,0.0,0.0,73.12704625
synthetic_random_flipping,pfpascal|catspp|False|False,pfpascal,catspp|False|False,5.3233,-8.637059504811235,-3.180120771156487,0.0,0.0,12.40765
synthetic_random_flipping,pfpascal|catspp|False|True,pfpascal,catspp|False|True,6.5354,-8.637059504811235,-3.72626265387251,0.0,0.0,12.440389999999999
synthetic_random_flipping,pfpascal|catspp|True|False,pfpascal,catspp|True|False,39.4059,-8.637059504811235,-4.393993912896046,0.0,0.0,44.023849999999996
synthetic_random_flipping,pfpascal|catspp|True|True,pfpascal,catspp|True|True,38.0521,-8.637059504811235,-3.6827176137606314,0.0,0.0,47.020005
synthetic_random_flipping,pfpascal|glunet|False|False,pfpascal,glunet|False|False,8.1688,-8.637059504811235,-3.79511755751927,0.0,0.0,12.12781
synthetic_random_flipping,pfpascal|glunet|False|True,pfpascal,glunet|False|True,5.604,-8.637059504811235,-3.0000070046295684,0.0,0.0,12.22818
synthetic_random_flipping,pfpascal|glunet|True|False,pfpascal,glunet|True|False,30.4384,-8.637059504811235,-8.037660943848879,0.0,0.0,25.456400000000002
synthetic_random_flipping,pfpascal|glunet|True|True,pfpascal,glunet|True|True,32.8035,-8.637059504811235,-7.9953930596241385,0.0,0.0,31.27456
synthetic_random_flipping,pfpascal|raft|True|False,pfpascal,raft|True|False,7.6938,-8.637059504811235,-3.0429044316698186,0.0,0.0,12.133623750000002
synthetic_random_flipping,pfwillow|catspp|False|False,pfwillow,catspp|False|False,8.2333,-5.346051575000007,-2.218712748768663,0.0,0.0,14.628890000000002
synthetic_random_flipping,pfwillow|catspp|False|True,pfwillow,catspp|False|True,8.9444,-5.346051575000007,-2.3724968459879126,0.0,0.0,14.968335
synthetic_random_flipping,pfwillow|catspp|True|False,pfwillow,catspp|True|False,40.1667,-5.346051575000007,-2.5846110121327093,0.0,0.0,47.42611
synthetic_random_flipping,pfwillow|catspp|True|True,pfwillow,catspp|True|True,40.1,-5.346051575000007,-2.6940303961924785,0.0,0.0,49.61777
synthetic_random_flipping,pfwillow|glunet|False|False,pfwillow,glunet|False|False,13.3667,-5.346051575000007,-2.370044259277473,0.0,0.0,15.69042
synthetic_random_flipping,pfwillow|glunet|False|True,pfwillow,glunet|False|True,7.7889,-5.346051575000007,-2.0412112853310167,0.0,0.0,14.62682
synthetic_random_flipping,pfwillow|glunet|True|False,pfwillow,glunet|True|False,36.342,-5.346051575000007,-5.860660518115747,0.0,0.0,28.43789
synthetic_random_flipping,pfwillow|glunet|True|True,pfwillow,glunet|True|True,36.9201,-5.346051575000007,-5.6885767777645215,0.0,0.0,33.8278
synthetic_random_flipping,pfwillow|raft|True|False,pfwillow,raft|True|False,13.5556,-5.346051575000007,-2.185206689938547,0.0,0.0,14.99648625
synthetic_random_flipping,pointodyssey|catspp|False|False,pointodyssey,catspp|False|False,17.1954,-11.851264920046704,-19.19548500187165,0.0,0.0,47.377075000000005
synthetic_random_flipping,pointodyssey|catspp|False|True,pointodyssey,catspp|False|True,17.5356,-11.851264920046704,-21.40624092190221,0.0,0.0,54.359140000000004
synthetic_random_flipping,pointodyssey|catspp|True|False,pointodyssey,catspp|True|False,48.4592,-11.851264920046704,-15.050050332390278,0.0,0.0,58.43904
synthetic_random_flipping,pointodyssey|catspp|True|True,pointodyssey,catspp|True|True,48.5201,-11.851264920046704,-15.056527394263785,0.0,0.0,58.849149999999995
synthetic_random_flipping,pointodyssey|glunet|False|False,pointodyssey,glunet|False|False,88.4868,-11.851264920046704,-23.579169015910242,0.0,0.0,78.97875
synthetic_random_flipping,pointodyssey|glunet|False|True,pointodyssey,glunet|False|True,78.4489,-11.851264920046704,-22.72301152035567,0.0,0.0,74.30636
synthetic_random_flipping,pointodyssey|glunet|True|False,pointodyssey,glunet|True|False,97.2085,-11.851264920046704,-20.52604862265112,0.0,0.0,83.22335000000001
synthetic_random_flipping,pointodyssey|glunet|True|True,pointodyssey,glunet|True|True,95.8802,-11.851264920046704,-13.583095243684275,0.0,0.0,85.59584
synthetic_random_flipping,pointodyssey|raft|True|False,pointodyssey,raft|True|False,33.6102,-11.851264920046704,-21.43071456572437,0.0,0.0,42.31083875
synthetic_random_flipping,spair|catspp|False|False,spair,catspp|False|False,3.3223,11.127665556583137,0.3302456007691091,0.0,0.0,3.5493250000000005
synthetic_random_flipping,spair|catspp|False|True,spair,catspp|False|True,3.4986,11.127665556583137,0.40288228891871436,0.0,0.0,3.569265
synthetic_random_flipping,spair|catspp|True|False,spair,catspp|True|False,23.9303,11.127665556583137,2.7929639337559498,0.0,0.0,20.96619
synthetic_random_flipping,spair|catspp|True|True,spair,catspp|True|True,25.8495,11.127665556583137,2.5768188710601736,0.0,0.0,22.13462
synthetic_random_flipping,spair|glunet|False|False,spair,glunet|False|False,3.3198,11.127665556583137,0.3799982572550166,0.0,0.0,2.82472
synthetic_random_flipping,spair|glunet|False|True,spair,glunet|False|True,2.7843,11.127665556583137,0.1910003955968272,0.0,0.0,2.5607300000000004
synthetic_random_flipping,spair|glunet|True|False,spair,glunet|True|False,12.1407,11.127665556583137,5.555334962083151,0.0,0.0,7.06112
synthetic_random_flipping,spair|glunet|True|True,spair,glunet|True|True,14.4483,11.127665556583137,3.896681888841491,0.0,0.0,8.51549
synthetic_random_flipping,spair|raft|True|False,spair,raft|True|False,2.895,11.127665556583137,0.3231048135011449,0.0,0.0,2.75417375
synthetic_random_flipping,synthetic|catspp|False|False,synthetic,catspp|False|False,19.2799,15.635156153959931,14.620799772608198,0.0,0.0,23.11576
synthetic_random_flipping,synthetic|catspp|False|True,synthetic,catspp|False|True,21.8158,15.635156153959931,16.693777105048298,0.0,0.0,23.970585
synthetic_random_flipping,synthetic|catspp|True|False,synthetic,catspp|True|False,84.9434,15.635156153959931,12.588572583907357,0.0,0.0,44.73733
synthetic_random_flipping,synthetic|catspp|True|True,synthetic,catspp|True|True,70.9568,15.635156153959931,10.286268267162091,0.0,0.0,45.1106
synthetic_random_flipping,synthetic|glunet|False|False,synthetic,glunet|False|False,33.5541,15.635156153959931,8.50628882639697,0.0,0.0,14.72054
synthetic_random_flipping,synthetic|glunet|False|True,synthetic,glunet|False|True,16.7068,15.635156153959931,4.747367248347582,0.0,0.0,11.865590000000001
synthetic_random_flipping,synthetic|glunet|True|False,synthetic,glunet|True|False,71.1258,15.635156153959931,12.196079690629423,0.0,0.0,24.6481
synthetic_random_flipping,synthetic|glunet|True|True,synthetic,glunet|True|True,54.0369,15.635156153959931,10.490462119032916,0.0,0.0,24.02006
synthetic_random_flipping,synthetic|raft|True|False,synthetic,raft|True|False,24.5252,15.635156153959931,21.218239492459617,0.0,0.0,20.651182499999997
synthetic_random_flipping,tss|catspp|False|False,tss,catspp|False|False,11.4546,-1.4720517512224331,-2.2852533872161676,0.0,0.0,26.449625000000005
synthetic_random_flipping,tss|catspp|False|True,tss,catspp|False|True,15.3875,-1.4720517512224331,-2.6002558915068907,0.0,0.0,26.608335
synthetic_random_flipping,tss|catspp|True|False,tss,catspp|True|False,67.4824,-1.4720517512224331,-0.8876447656352567,0.0,0.0,63.64901999999999
synthetic_random_flipping,tss|catspp|True|True,tss,catspp|True|True,68.1239,-1.4720517512224331,-0.9644498301895733,0.0,0.0,64.12451
synthetic_random_flipping,tss|glunet|False|False,tss,glunet|False|False,26.1956,-1.4720517512224331,-2.9065953614627547,0.0,0.0,26.217309999999998
synthetic_random_flipping,tss|glunet|False|True,tss,glunet|False|True,14.4363,-1.4720517512224331,-2.217579058993298,0.0,0.0,23.85723
synthetic_random_flipping,tss|glunet|True|False,tss,glunet|True|False,66.03,-1.4720517512224331,-4.635071029637715,0.0,0.0,46.23223
synthetic_random_flipping,tss|glunet|True|True,tss,glunet|True|True,68.4478,-1.4720517512224331,-3.6331438176993296,0.0,0.0,49.7961
synthetic_random_flipping,tss|raft|True|False,tss,raft|True|False,18.9126,-1.4720517512224331,-2.1437531871777673,0.0,0.0,21.5924275
synthetic_small_zoom,flyingthings|catspp|False|False,flyingthings,catspp|False|False,66.7727,5.51373282555118,8.062419088268967,0.0,0.0,56.580565
synthetic_small_zoom,flyingthings|catspp|False|True,flyingthings,catspp|False|True,70.0137,5.51373282555118,7.923575182651874,0.0,0.0,57.39574
synthetic_small_zoom,flyingthings|catspp|True|False,flyingthings,catspp|True|False,81.3255,5.51373282555118,2.4386403639573775,0.0,0.0,79.81685999999999
synthetic_small_zoom,flyingthings|catspp|True|True,flyingthings,catspp|True|True,81.1893,5.51373282555118,1.7827900093532467,0.0,0.0,79.97127499999999
synthetic_small_zoom,flyingthings|glunet|False|False,flyingthings,glunet|False|False,64.6211,5.51373282555118,8.474509092053284,0.0,0.0,58.311800000000005
synthetic_small_zoom,flyingthings|glunet|False|True,flyingthings,glunet|False|True,57.9755,5.51373282555118,7.503622618042507,0.0,0.0,51.80862
synthetic_small_zoom,flyingthings|glunet|True|False,flyingthings,glunet|True|False,75.9953,5.51373282555118,8.850883049792031,0.0,0.0,64.88827
synthetic_small_zoom,flyingthings|glunet|True|True,flyingthings,glunet|True|True,72.6252,5.51373282555118,6.1480263802316735,0.0,0.0,67.0195
synthetic_small_zoom,flyingthings|raft|True|False,flyingthings,raft|True|False,63.0829,5.51373282555118,10.257501690915149,0.0,0.0,49.51741
synthetic_small_zoom,kitti2012|catspp|False|False,kitti2012,catspp|False|False,90.3601,5.91659211862261,9.246687375613865,0.0,0.0,74.90074
synthetic_small_zoom,kitti2012|catspp|False|True,kitti2012,catspp|False|True,91.7972,5.91659211862261,9.060870326865807,0.0,0.0,76.97222000000001
synthetic_small_zoom,kitti2012|catspp|True|False,kitti2012,catspp|True|False,98.6145,5.91659211862261,1.6937676704134648,0.0,0.0,95.51210999999999
synthetic_small_zoom,kitti2012|catspp|True|True,kitti2012,catspp|True|True,98.7183,5.91659211862261,1.574772695906691,0.0,0.0,95.36678
synthetic_small_zoom,kitti2012|glunet|False|False,kitti2012,glunet|False|False,98.5049,5.91659211862261,9.712138142011195,0.0,0.0,85.14794
synthetic_small_zoom,kitti2012|glunet|False|True,kitti2012,glunet|False|True,98.3756,5.91659211862261,9.403968448496888,0.0,0.0,81.38486
synthetic_small_zoom,kitti2012|glunet|True|False,kitti2012,glunet|True|False,99.1933,5.91659211862261,8.818898568594243,0.0,0.0,87.80281
synthetic_small_zoom,kitti2012|glunet|True|True,kitti2012,glunet|True|True,99.0835,5.91659211862261,5.614489788981229,0.0,0.0,91.09931
synthetic_small_zoom,kitti2012|raft|True|False,kitti2012,raft|True|False,98.2173,5.91659211862261,12.21051891294587,0.0,0.0,74.47478249999999
synthetic_small_zoom,kitti2015|catspp|False|False,kitti2015,catspp|False|False,88.7903,5.465044123801552,8.62604099737821,0.0,0.0,77.36368999999999
synthetic_small_zoom,kitti2015|catspp|False|True,kitti2015,catspp|False|True,88.9381,5.465044123801552,8.47316173267531,0.0,0.0,78.18971
synthetic_small_zoom,kitti2015|catspp|True|False,kitti2015,catspp|True|False,97.692,5.465044123801552,1.3145244993899736,0.0,0.0,94.894035
synthetic_small_zoom,kitti2015|catspp|True|True,kitti2015,catspp|True|True,97.817,5.465044123801552,1.2568201359532871,0.0,0.0,94.54942
synthetic_small_zoom,kitti2015|glunet|False|False,kitti2015,glunet|False|False,95.5117,5.465044123801552,8.79363702327892,0.0,0.0,80.87651
synthetic_small_zoom,kitti2015|glunet|False|True,kitti2015,glunet|False|True,92.7311,5.465044123801552,8.059989312508597,0.0,0.0,77.20644999999999
synthetic_small_zoom,kitti2015|glunet|True|False,kitti2015,glunet|True|False,98.1319,5.465044123801552,7.861904516186058,0.0,0.0,85.82281
synthetic_small_zoom,kitti2015|glunet|True|True,kitti2015,glunet|True|True,97.9048,5.465044123801552,5.260687605582384,0.0,0.0,88.98895
synthetic_small_zoom,kitti2015|raft|True|False,kitti2015,raft|True|False,92.9642,5.465044123801552,10.738923082915578,0.0,0.0,72.33197625
synthetic_small_zoom,pfpascal|catspp|False|False,pfpascal,catspp|False|False,15.9431,1.0055753431636412,0.48110845183909884,0.0,0.0,11.34567
synthetic_small_zoom,pfpascal|catspp|False|True,pfpascal,catspp|False|True,18.9586,1.0055753431636412,0.49638237589947937,0.0,0.0,11.19807
synthetic_small_zoom,pfpascal|catspp|True|False,pfpascal,catspp|True|False,46.1154,1.0055753431636412,0.6294318852635729,0.0,0.0,43.3529
synthetic_small_zoom,pfpascal|catspp|True|True,pfpascal,catspp|True|True,47.1207,1.0055753431636412,0.5955447387014922,0.0,0.0,46.113144999999996
synthetic_small_zoom,pfpascal|glunet|False|False,pfpascal,glunet|False|False,20.2654,1.0055753431636412,0.45377157619839287,0.0,0.0,10.91815
synthetic_small_zoom,pfpascal|glunet|False|True,pfpascal,glunet|False|True,15.6204,1.0055753431636412,0.4523136134064485,0.0,0.0,11.22654
synthetic_small_zoom,pfpascal|glunet|True|False,pfpascal,glunet|True|False,26.2712,1.0055753431636412,1.1412806784951175,0.0,0.0,25.87312
synthetic_small_zoom,pfpascal|glunet|True|True,pfpascal,glunet|True|True,31.3731,1.0055753431636412,1.1245929069647047,0.0,0.0,31.417600000000004
synthetic_small_zoom,pfpascal|raft|True|False,pfpascal,raft|True|False,17.4659,1.0055753431636412,0.40102416130207824,0.0,0.0,11.15641375
synthetic_small_zoom,pfwillow|catspp|False|False,pfwillow,catspp|False|False,19.4444,0.6085312809237347,0.3451319841899605,0.0,0.0,13.50778
synthetic_small_zoom,pfwillow|catspp|False|True,pfwillow,catspp|False|True,20.5333,0.6085312809237347,0.35621426851650784,0.0,0.0,13.809445
synthetic_small_zoom,pfwillow|catspp|True|False,pfwillow,catspp|True|False,48.7889,0.6085312809237347,0.4311388568976359,0.0,0.0,46.56389
synthetic_small_zoom,pfwillow|catspp|True|True,pfwillow,catspp|True|True,48.6889,0.6085312809237347,0.47472733158627217,0.0,0.0,48.75888
synthetic_small_zoom,pfwillow|glunet|False|False,pfwillow,glunet|False|False,21.063,0.6085312809237347,0.33534701445175863,0.0,0.0,14.92079
synthetic_small_zoom,pfwillow|glunet|False|True,pfwillow,glunet|False|True,16.9778,0.6085312809237347,0.3460310880954364,0.0,0.0,13.70793
synthetic_small_zoom,pfwillow|glunet|True|False,pfwillow,glunet|True|False,29.3389,0.6085312809237347,0.9192351746978468,0.0,0.0,29.1382
synthetic_small_zoom,pfwillow|glunet|True|True,pfwillow,glunet|True|True,31.6222,0.6085312809237347,0.8727977451196286,0.0,0.0,34.35759
synthetic_small_zoom,pfwillow|raft|True|False,pfwillow,raft|True|False,18.7,0.6085312809237347,0.3204968958595953,0.0,0.0,14.48204625
synthetic_small_zoom,pointodyssey|catspp|False|False,pointodyssey,catspp|False|False,46.4111,6.363729523250475,10.827548627506689,0.0,0.0,44.455505
synthetic_small_zoom,pointodyssey|catspp|False|True,pointodyssey,catspp|False|True,39.8187,6.363729523250475,12.143495879544842,0.0,0.0,52.13083
synthetic_small_zoom,pointodyssey|catspp|True|False,pointodyssey,catspp|True|False,45.3383,6.363729523250475,7.6229666024460405,0.0,0.0,58.75113
synthetic_small_zoom,pointodyssey|catspp|True|True,pointodyssey,catspp|True|True,47.995,6.363729523250475,7.72333322355081,0.0,0.0,58.90166000000001
synthetic_small_zoom,pointodyssey|glunet|False|False,pointodyssey,glunet|False|False,87.5416,6.363729523250475,12.139105883825856,0.0,0.0,79.07327000000001
synthetic_small_zoom,pointodyssey|glunet|False|True,pointodyssey,glunet|False|True,80.8978,6.363729523250475,11.654363778893169,0.0,0.0,74.06147
synthetic_small_zoom,pointodyssey|glunet|True|False,pointodyssey,glunet|True|False,92.6605,6.363729523250475,10.67106878727351,0.0,0.0,83.67815
synthetic_small_zoom,pointodyssey|glunet|True|True,pointodyssey,glunet|True|True,90.8588,6.363729523250475,7.1121814563862396,0.0,0.0,86.09797999999999
synthetic_small_zoom,pointodyssey|raft|True|False,pointodyssey,raft|True|False,65.6666,6.363729523250475,10.373522063432311,0.0,0.0,39.10519875
synthetic_small_zoom,spair|catspp|False|False,spair,catspp|False|False,3.622,-3.4858554897528826,-0.1103705979855112,0.0,0.0,3.519355
synthetic_small_zoom,spair|catspp|False|True,spair,catspp|False|True,3.8854,-3.4858554897528826,-0.12996372635676534,0.0,0.0,3.530585
synthetic_small_zoom,spair|catspp|True|False,spair,catspp|True|False,20.7809,-3.4858554897528826,-0.9536517113105225,0.0,0.0,21.281129999999997
synthetic_small_zoom,spair|catspp|True|True,spair,catspp|True|True,20.6206,-3.4858554897528826,-0.8890349656498788,0.0,0.0,22.65751
synthetic_small_zoom,spair|glunet|False|False,spair,glunet|False|False,3.0311,-3.4858554897528826,-0.13120048527253614,0.0,0.0,2.8535899999999996
synthetic_small_zoom,spair|glunet|False|True,spair,glunet|False|True,2.408,-3.4858554897528826,-0.06383542701348519,0.0,0.0,2.59836
synthetic_small_zoom,spair|glunet|True|False,spair,glunet|True|False,4.3584,-3.4858554897528826,-1.8604500809602986,0.0,0.0,7.8393500000000005
synthetic_small_zoom,spair|glunet|True|True,spair,glunet|True|True,5.8067,-3.4858554897528826,-1.3453207385497155,0.0,0.0,9.379650000000002
synthetic_small_zoom,spair|raft|True|False,spair,raft|True|False,2.7395,-3.4858554897528826,-0.10734099118753329,0.0,0.0,2.76972375
synthetic_small_zoom,synthetic|catspp|False|False,synthetic,catspp|False|False,49.4854,-2.053331247656077,-1.598264566098568,0.0,0.0,20.09521
synthetic_small_zoom,synthetic|catspp|False|True,synthetic,catspp|False|True,50.3084,-2.053331247656077,-2.060137865079021,0.0,0.0,21.121325000000002
synthetic_small_zoom,synthetic|catspp|True|False,synthetic,catspp|True|False,61.0298,-2.053331247656077,-3.019818911593045,0.0,0.0,47.12869
synthetic_small_zoom,synthetic|catspp|True|True,synthetic,catspp|True|True,60.9373,-2.053331247656077,-2.0788289659156587,0.0,0.0,46.11255
synthetic_small_zoom,synthetic|glunet|False|False,synthetic,glunet|False|False,16.7571,-2.053331247656077,-1.7675939104355893,0.0,0.0,16.40024
synthetic_small_zoom,synthetic|glunet|False|True,synthetic,glunet|False|True,14.039,-2.053331247656077,-0.8087770064505612,0.0,0.0,12.13237
synthetic_small_zoom,synthetic|glunet|True|False,synthetic,glunet|True|False,26.6724,-2.053331247656077,-3.382348639026523,0.0,0.0,29.093439999999998
synthetic_small_zoom,synthetic|glunet|True|True,synthetic,glunet|True|True,23.5695,-2.053331247656077,-2.4458536176419168,0.0,0.0,27.0668
synthetic_small_zoom,synthetic|raft|True|False,synthetic,raft|True|False,54.0896,-2.053331247656077,-2.6579507437667944,0.0,0.0,17.6947425
synthetic_small_zoom,tss|catspp|False|False,tss,catspp|False|False,33.4343,2.4311715328679644,1.7486443780816492,0.0,0.0,24.251655
synthetic_small_zoom,tss|catspp|False|True,tss,catspp|False|True,38.3962,2.4311715328679644,1.77115681166131,0.0,0.0,24.307465
synthetic_small_zoom,tss|catspp|True|False,tss,catspp|True|False,64.8435,2.4311715328679644,0.6614558620845525,0.0,0.0,63.91291
synthetic_small_zoom,tss|catspp|True|True,tss,catspp|True|True,65.1306,2.4311715328679644,0.7168229614909996,0.0,0.0,64.42384
synthetic_small_zoom,tss|glunet|False|False,tss,glunet|False|False,39.6402,2.4311715328679644,1.8730714234856067,0.0,0.0,24.87285
synthetic_small_zoom,tss|glunet|False|True,tss,glunet|False|True,29.9933,2.4311715328679644,1.5961224553375863,0.0,0.0,22.30153
synthetic_small_zoom,tss|glunet|True|False,tss,glunet|True|False,55.011,2.4311715328679644,3.433314783623479,0.0,0.0,47.33413
synthetic_small_zoom,tss|glunet|True|True,tss,glunet|True|True,51.7585,2.4311715328679644,2.775734584424781,0.0,0.0,51.46503
synthetic_small_zoom,tss|raft|True|False,tss,raft|True|False,31.9553,2.4311715328679644,1.369374266774798,0.0,0.0,20.2881575
