dataset1,split1,dataset2,split2,representation,k,neighbor_agg,self_radius_k,radius_quantile,radius_train,radius_eval,recall,precision,outside,train_to_eval_coverage,eval_to_train_coverage,mean_nn_eval_to_train,median_nn_eval_to_train,p90_nn_eval_to_train,mean_nn_train_to_eval,median_nn_train_to_eval,p90_nn_train_to_eval,kl_method,kl_knn_k,kl_bins,kl_eps,kl_eval_to_train,kl_train_to_eval,n_train_vectors,n_eval_vectors,kl_eval_to_train_hist,kl_train_to_eval_hist,kl_eval_to_train_hist_log1p_linear,kl_train_to_eval_hist_log1p_linear,kl_eval_to_train_hist_radius,kl_train_to_eval_hist_radius,kl_eval_to_train_hist_median,kl_train_to_eval_hist_median,kl_eval_to_train_hist_rank,kl_train_to_eval_hist_rank
imagenet2dwarp,train,kitti2015,val,dino,5,median,5,0.99,0.39810732841491697,0.2412361127138137,0.9892953725961539,0.16118,0.83882,0.9892953725961539,0.16118,0.25813135504722595,0.265149861574173,0.348008406162262,0.38344284892082214,0.39246252179145813,0.5473055303096771,knn,20,50,1e-06,89.32860236885033,35.47140005926066,100000,53248,0.7140552018429979,2.7446257940852705,0.7133642983145446,2.644042065643442,1.968201371778853,12.940154834594612,0.04887402063203825,0.061877224715090474,0.7140552018429979,2.7446257940852705
imagenet2dwarp,train,kitti2012,val,dino,5,median,5,0.99,0.39810732841491697,0.2504759114980698,0.98666015625,0.18584,0.81416,0.98666015625,0.18584,0.2645038366317749,0.2737061679363251,0.35270278453826903,0.3792808949947357,0.38762611150741577,0.5430835306644439,knn,20,50,1e-06,75.89404979475837,34.63266684610738,100000,51200,0.657486621972141,2.072781175176301,0.656034031970656,2.2488013025172777,1.781443069219213,12.06654124469284,0.07414747674854993,0.10190951262267393,0.6574864720826394,2.072781114109843
imagenet2dwarp,train,spair,test,dino,5,median,5,0.99,0.39810732841491697,0.21129608154296875,0.93615,0.18855,0.81145,0.93615,0.18855,0.25791308283805847,0.2576119899749756,0.37861160039901737,0.3338944911956787,0.3306868076324463,0.5044263303279877,knn,20,50,1e-06,111.90704000005,17.02928125005,100000,100000,0.26016987441150685,0.5755360165338674,0.2612562260960649,0.738568601724058,1.62076942054362,12.137826731823132,0.01516135229510576,0.016243536352089187,0.2601756401881088,0.5755467036282682
imagenet2dwarp,train,pfpascal,test,dino,5,median,5,0.99,0.39810732841491697,0.31635703325271686,0.9543842516447368,0.56661,0.43339000000000005,0.9543842516447368,0.56661,0.2640343904495239,0.2672030031681061,0.36999843716621394,0.29591068625450134,0.2973264455795288,0.42545274496078495,knn,20,50,1e-06,26.918253792131637,12.332178430965557,100000,77824,0.09290838662498106,0.14128517185649353,0.09278768980123663,0.14845110963531913,0.49204066386003653,1.276634014036733,0.009069514802081374,0.009895128766153432,0.09291010724523731,0.14128648064832053
imagenet2dwarp,train,pfwillow,test,dino,5,median,5,0.99,0.39810732841491697,0.21206200122833252,0.96375,0.18719,0.81281,0.96375,0.18719,0.24494005739688873,0.251275897026062,0.3584970235824585,0.33554384112358093,0.3390601575374603,0.49862073659896855,knn,20,50,1e-06,117.94334000005,18.441767500050002,100000,100000,0.362783983271061,0.7303779179583684,0.3664148745673145,0.8089159322644306,1.7319400402727303,11.717007864059415,0.01045932548521319,0.010480348460904256,0.3627842861651844,0.7303781905707943
imagenet2dwarp,train,pointodyssey,test,dino,5,median,5,0.99,0.39810732841491697,0.11684389948844862,0.63268,0.00184,0.99816,0.63268,0.00184,0.35796618461608887,0.37199297547340393,0.45597122311592103,0.4655919671058655,0.472554087638855,0.6197682261466981,knn,20,50,1e-06,1576.05265000005,55.26658000005,100000,100000,0.5624240955774955,2.2688361070899785,0.5603502991922121,2.3080248193824455,6.01599930799069,21.244369120386093,0.055569244640159124,0.07572641443620941,0.5628843137834455,2.2691342032164044
imagenet2dwarp,train,flyingthings,test,dino,5,median,5,0.99,0.39810732841491697,0.28478713095188146,0.4509858630952381,0.12173,0.87827,0.4509858630952381,0.12173,0.39408060908317566,0.40757763385772705,0.4998637795448303,0.42267906665802,0.4348023533821106,0.5543559432029724,knn,20,50,1e-06,87.66331761650653,52.0109609589626,100000,43008,0.12477557579885246,0.2177241052570381,0.12595771660873437,0.24783875901976093,1.1218686485506293,7.8459953451903255,0.039583219808811874,0.04911373374468436,0.12480682223306538,0.21786633682521533
imagenet2dwarp,train,tss,val,dino,5,median,5,0.99,0.39810732841491697,0.2353616976737975,0.95553,0.2262,0.7738,0.95553,0.2262,0.2567444443702698,0.2568873167037964,0.3597171664237977,0.3422043025493622,0.3436559736728668,0.5077612936496735,knn,20,50,1e-06,90.24493000005,22.30720500005,100000,100000,0.36971735060654554,0.7496681870773985,0.36970806879300017,0.8628548719799793,1.5153041090558497,9.538266774594872,0.04185200595223246,0.04690211973750478,0.36971554275045226,0.7496668849272623
imagenet2dwarp,train,middlebury,val,dino,5,median,5,0.99,0.39810732841491697,0.2801782995462417,0.8525390625,0.13029,0.86971,0.8525390625,0.13029,0.3252614438533783,0.33767545223236084,0.40969655513763437,0.40441253781318665,0.412366658449173,0.5308494448661805,knn,20,50,1e-06,35.959518000850046,50.20939299046723,100000,12288,0.48630660667122505,2.5324718947437583,0.49109469439083364,3.0010206285424976,1.7187073994700302,12.545998612243704,0.05125145325200815,0.07770559679574253,0.486310041064972,2.532473776533058
spair_2d_warp_70_30,train,kitti2015,val,dino,5,median,5,0.99,0.3071519386768336,0.2412361127138137,0.48251577524038464,0.2166015625,0.7833984375,0.48251577524038464,0.2166015625,0.30550119280815125,0.3111794888973236,0.4175259232521057,0.3484904170036316,0.34305447340011597,0.5159105956554416,knn,20,50,1e-06,105.36688564048545,61.179290743094576,20480,53248,0.19389647173778002,0.39102508631329075,0.19540446942781797,0.5667276894386695,0.5665231093578932,3.9821870798549455,0.09731264595866448,0.13795439338809282,0.19390072047143841,0.3909365704318289
spair_2d_warp_70_30,train,kitti2012,val,dino,5,median,5,0.99,0.3071519386768336,0.2504759114980698,0.4245703125,0.24248046875,0.75751953125,0.4245703125,0.24248046875,0.3182143568992615,0.3262760639190674,0.43000598549842833,0.34703120589256287,0.34085336327552795,0.5174046754837036,knn,20,50,1e-06,93.83597489331659,61.58641402408191,20480,51200,0.14925949901887428,0.30393842159985784,0.14927509155748075,0.4270018359833617,0.4275743102967552,2.3880044367476456,0.11208557613802,0.18958140758147107,0.1492505500328654,0.3039189100273415
spair_2d_warp_70_30,train,spair,test,dino,5,median,5,0.99,0.3071519386768336,0.21129608154296875,0.52952,0.267578125,0.732421875,0.52952,0.267578125,0.29960423707962036,0.29914265871047974,0.4349702000617981,0.2991717755794525,0.2866345942020416,0.46847838759422306,knn,20,50,1e-06,128.40700861423323,41.360974682907354,20480,100000,0.04488089248244219,0.04803591901622819,0.04556286549089422,0.06254044538483056,0.41696642255785693,1.2171345543426935,0.06075139714277475,0.07350954728090567,0.044862615067352576,0.048017783227604555
spair_2d_warp_70_30,train,pfpascal,test,dino,5,median,5,0.99,0.3071519386768336,0.31635703325271686,0.4945004111842105,0.753564453125,0.24643554687500002,0.4945004111842105,0.753564453125,0.30782365798950195,0.30861303210258484,0.4377143383026123,0.25306615233421326,0.24699082970619202,0.3786948323249817,knn,20,50,1e-06,44.23444087927949,36.49550216655728,20480,77824,0.17347523385491959,0.15774719795430955,0.19213575673556332,0.1589676462195342,0.23814352163868507,0.20445392544271265,0.0284158203503648,0.03646088144854945,0.17347053684850447,0.1577383959777436
spair_2d_warp_70_30,train,pfwillow,test,dino,5,median,5,0.99,0.3071519386768336,0.21206200122833252,0.56126,0.263623046875,0.736376953125,0.56126,0.263623046875,0.2927924394607544,0.288665771484375,0.4367561757564545,0.30343157052993774,0.2986584007740021,0.4675503492355347,knn,20,50,1e-06,138.83205861423323,44.427991284469854,20480,100000,0.028937900793657576,0.032824592316514085,0.02967515857674677,0.03937204245540459,0.4720769342067569,1.2937564118672444,0.01867906190550487,0.02064418146508843,0.0289356216560195,0.032824287583031755
spair_2d_warp_70_30,train,pointodyssey,test,dino,5,median,5,0.99,0.3071519386768336,0.11684389948844862,0.17089,0.001171875,0.998828125,0.17089,0.001171875,0.4099453091621399,0.41607779264450073,0.5406984090805054,0.4465988278388977,0.449691504240036,0.606555587053299,knn,20,50,1e-06,1590.3275686142335,87.31689814482142,20480,100000,0.09539843872145025,0.16096125171647968,0.09762196622443065,0.23447789367947866,4.056240298691977,19.537776550067672,0.028217117960491554,0.03373234116142758,0.09530665183105524,0.16086869865902723
spair_2d_warp_70_30,train,flyingthings,test,dino,5,median,5,0.99,0.3071519386768336,0.28478713095188146,0.10537574404761904,0.147705078125,0.852294921875,0.10537574404761904,0.147705078125,0.45576348900794983,0.471274197101593,0.5860575199127197,0.41057443618774414,0.4214726686477661,0.5487929522991181,knn,20,50,1e-06,102.87919128277308,85.68706674045276,20480,43008,0.1037945543097919,0.0999396814533682,0.1050648442505522,0.10185228742677602,0.02685367210717401,0.028949910230260462,0.03581364204788898,0.04504800114257018,0.10380528882028736,0.09995239218579019
spair_2d_warp_70_30,train,tss,val,dino,5,median,5,0.99,0.3071519386768336,0.2353616976737975,0.6297,0.390966796875,0.609033203125,0.6297,0.390966796875,0.28083500266075134,0.273795485496521,0.40598406791687014,0.2912515699863434,0.2733531594276428,0.4729130685329438,knn,20,50,1e-06,98.85448861423322,40.44333552275111,20480,100000,0.10403883277272644,0.12094551743114434,0.10376216683629794,0.12704325126856278,0.29671445965013815,0.713113648342303,0.10413065151156262,0.12159752320679912,0.10402774114000257,0.12094166283244562
spair_2d_warp_70_30,train,middlebury,val,dino,5,median,5,0.99,0.3071519386768336,0.2801782995462417,0.2001953125,0.15126953125,0.84873046875,0.2001953125,0.15126953125,0.38323402404785156,0.39465928077697754,0.48998970985412604,0.39490097761154175,0.3984028995037079,0.5303914189338684,knn,20,50,1e-06,53.046027653444725,84.32860308836365,20480,12288,0.05639912402055555,0.08282974727958431,0.05711060285808567,0.09934493219010247,0.18669976862685297,0.39057318945840436,0.04955067676087749,0.06930841464904844,0.056364395681429647,0.0827668904913282
spair_2d_warp_50_50,train,kitti2015,val,dino,5,median,5,0.99,0.32733356118202184,0.2412361127138137,0.5595703125,0.202783203125,0.797216796875,0.5595703125,0.202783203125,0.3049570918083191,0.31418484449386597,0.41181188225746157,0.3656637668609619,0.3675895035266876,0.5481641292572021,knn,20,50,1e-06,106.01768003651911,65.52538449309456,20480,53248,0.2934868317847433,0.6148126899142534,0.2923289276899473,0.7522790650793448,0.8297832740476762,5.807904916795676,0.11286695789175342,0.15004262780170063,0.2934862896473201,0.614798740333393
spair_2d_warp_50_50,train,kitti2012,val,dino,5,median,5,0.99,0.32733356118202184,0.2504759114980698,0.514375,0.218359375,0.781640625,0.514375,0.218359375,0.31328704953193665,0.3239780366420746,0.41859895586967466,0.3676828145980835,0.3676144480705261,0.5525630772113801,knn,20,50,1e-06,93.55220536206659,66.41723677798817,20480,51200,0.27872326180316187,0.5447726650765008,0.2782865250340808,0.5805200136543864,0.7196738784443039,3.281868275879126,0.13668915218740538,0.18913115774076394,0.2786928474714704,0.5447515021014809
spair_2d_warp_50_50,train,spair,test,dino,5,median,5,0.99,0.32733356118202184,0.21129608154296875,0.53221,0.199267578125,0.800732421875,0.53221,0.199267578125,0.31154313683509827,0.3187720775604248,0.4413081407546997,0.33492279052734375,0.3317451477050781,0.5178663730621338,knn,20,50,1e-06,133.2368086142332,53.05506342802454,20480,100000,0.09382625279365671,0.14232535195454332,0.09399188099769942,0.16212938777462058,0.7431143984331693,4.096150039201319,0.06579676790221423,0.08772054203051893,0.09382599750733538,0.1423240126858426
spair_2d_warp_50_50,train,pfpascal,test,dino,5,median,5,0.99,0.32733356118202184,0.31635703325271686,0.5742958470394737,0.649951171875,0.35004882812500004,0.5742958470394737,0.649951171875,0.3070756196975708,0.3079984486103058,0.43941444158554077,0.2732475697994232,0.27151358127593994,0.4170193850994112,knn,20,50,1e-06,44.52102342450975,41.76903121929166,20480,77824,0.05830087822773489,0.06376956618581885,0.07773176065688649,0.06611293270776912,0.037561520349104906,0.04266561153848651,0.037566241714660956,0.042624226742527305,0.05829420095406756,0.06376203314917141
spair_2d_warp_50_50,train,pfwillow,test,dino,5,median,5,0.99,0.32733356118202184,0.21206200122833252,0.59354,0.2,0.8,0.59354,0.2,0.3025868237018585,0.30018070340156555,0.44640883207321175,0.332567036151886,0.32969585061073303,0.506137365102768,knn,20,50,1e-06,141.89981861423323,53.496988476852664,20480,100000,0.08337297978249276,0.10868579894117243,0.08614180805257687,0.13245487471028425,0.7479213851534859,4.128482070299551,0.03120501473786803,0.039850884974537745,0.0833531933401454,0.10861300929623646
spair_2d_warp_50_50,train,pointodyssey,test,dino,5,median,5,0.99,0.32733356118202184,0.11684389948844862,0.15589,0.00185546875,0.99814453125,0.15589,0.00185546875,0.42628613114356995,0.4367510676383972,0.5498299300670624,0.4756058156490326,0.48268890380859375,0.6246568679809571,knn,20,50,1e-06,1595.3579686142334,94.99648798857143,20480,100000,0.1563630838315904,0.30173022127300453,0.15681363658211858,0.5391060318706631,3.9565572884363105,21.774778388196616,0.02872624502134467,0.0358228849044713,0.15644442807640144,0.30178871841377275
spair_2d_warp_50_50,train,flyingthings,test,dino,5,median,5,0.99,0.32733356118202184,0.28478713095188146,0.12009393601190477,0.121875,0.878125,0.12009393601190477,0.121875,0.45665091276168823,0.4700411856174469,0.5823180556297303,0.42919492721557617,0.4415784776210785,0.5716458559036255,knn,20,50,1e-06,103.78916152086832,89.60358285373401,20480,43008,0.04158882560005681,0.042315865758092534,0.04289835561881888,0.043288568467936064,0.12423226667630755,0.20040490535906472,0.03354272494159445,0.0412490832597452,0.04158854876700069,0.04231162192944951
spair_2d_warp_50_50,train,tss,val,dino,5,median,5,0.99,0.32733356118202184,0.2353616976737975,0.6342,0.299462890625,0.700537109375,0.6342,0.299462890625,0.2940504848957062,0.2977917790412903,0.4074631750583649,0.32659465074539185,0.3155444264411926,0.5181146264076233,knn,20,50,1e-06,104.29028861423322,51.29681757841517,20480,100000,0.21819004036540612,0.28839244402783176,0.21915564603154303,0.3064713046663921,0.5699134260887392,3.55419565134617,0.1790968642973301,0.20700939035616508,0.2181869382635816,0.2883675423036651
spair_2d_warp_50_50,train,middlebury,val,dino,5,median,5,0.99,0.32733356118202184,0.2801782995462417,0.24617513020833334,0.13427734375,0.86572265625,0.24617513020833334,0.13427734375,0.3841499388217926,0.39521723985671997,0.4884538650512696,0.41258788108825684,0.42439329624176025,0.5460750937461853,knn,20,50,1e-06,53.96539512577545,88.15711871336364,20480,12288,0.11376154257367656,0.16389625015914874,0.12153701292206212,0.18458106335935273,0.49348634841005157,1.9807971770389792,0.02980419299143537,0.032997755366958946,0.11375993782229644,0.1638866229496686
spair_2d_warp_30_70,train,kitti2015,val,dino,5,median,5,0.99,0.3282946944236753,0.2412361127138137,0.49881685697115385,0.16171875,0.83828125,0.49881685697115385,0.16171875,0.3211115300655365,0.32861658930778503,0.4371842503547669,0.37234893441200256,0.37619632482528687,0.52996963262558,knn,20,50,1e-06,111.94591208279314,68.31864621184457,20480,53248,0.1968155989146244,0.38624340661848966,0.19916047754041805,0.4190006030403549,0.8332895796419233,4.709627843592757,0.03446835881624973,0.04219293655270295,0.19678923637368337,0.38610486634136054
spair_2d_warp_30_70,train,kitti2012,val,dino,5,median,5,0.99,0.3282946944236753,0.2504759114980698,0.454609375,0.18662109375,0.81337890625,0.454609375,0.18662109375,0.33165982365608215,0.3413294851779938,0.4471721827983856,0.36920294165611267,0.3710542917251587,0.5275086641311646,knn,20,50,1e-06,99.30637528394159,68.09390914126942,20480,51200,0.15002777634249173,0.29830091437455797,0.15103603930496548,0.31298499743640334,0.663010338688459,3.1165451991625397,0.060735655776044235,0.08714076099863602,0.15001615075309938,0.2982917650287187
spair_2d_warp_30_70,train,spair,test,dino,5,median,5,0.99,0.3282946944236753,0.21129608154296875,0.54153,0.1787109375,0.8212890625,0.54153,0.1787109375,0.3171111047267914,0.3173121511936188,0.44871765375137335,0.3304256498813629,0.3240145146846771,0.49616551399230957,knn,20,50,1e-06,135.9439186142332,52.43481806669642,20480,100000,0.05089402185487424,0.06030769363032355,0.05237033494220934,0.07729576865480446,0.7182375662924716,3.870722218777149,0.04105614602760389,0.04535751476898565,0.050884350075871186,0.060287492989493846
spair_2d_warp_30_70,train,pfpascal,test,dino,5,median,5,0.99,0.3282946944236753,0.31635703325271686,0.4862510279605263,0.582763671875,0.417236328125,0.4862510279605263,0.582763671875,0.32775431871414185,0.33178016543388367,0.4525147259235382,0.29244789481163025,0.2936372756958008,0.4132109820842743,knn,20,50,1e-06,51.638239835899554,48.45728500347135,20480,77824,0.0786863390848184,0.06976833694790248,0.0889996472447856,0.07306190192611,0.03494775480253583,0.03402369190089036,0.011245145726120951,0.01182858627594267,0.07867728400582172,0.06975902426060712
spair_2d_warp_30_70,train,pfwillow,test,dino,5,median,5,0.99,0.3282946944236753,0.21206200122833252,0.62702,0.17958984375,0.82041015625,0.62702,0.17958984375,0.2881680130958557,0.2903151512145996,0.42530179023742676,0.32892531156539917,0.32800865173339844,0.489382153749466,knn,20,50,1e-06,144.00162861423323,52.391458691696414,20480,100000,0.08235839506256293,0.1011953808572158,0.09384919075632506,0.21461850388182083,0.8840712985840734,4.172800288485659,0.011518933726515947,0.01094526822616421,0.08235066995425738,0.10119169528314938
spair_2d_warp_30_70,train,pointodyssey,test,dino,5,median,5,0.99,0.3282946944236753,0.11684389948844862,0.22442,0.00263671875,0.99736328125,0.22442,0.00263671875,0.40590739250183105,0.41825875639915466,0.5329364538192749,0.45617541670799255,0.4645610451698303,0.6064124166965486,knn,20,50,1e-06,1589.3926886142335,88.66495722685268,20480,100000,0.1479119430858179,0.2473263710386616,0.14621496382827895,0.3162282563115549,4.141886259379553,19.88005780477572,0.019510414213968798,0.021432378214565156,0.1477868303715471,0.2472069139058976
spair_2d_warp_30_70,train,flyingthings,test,dino,5,median,5,0.99,0.3282946944236753,0.28478713095188146,0.12069847470238096,0.104638671875,0.895361328125,0.12069847470238096,0.104638671875,0.45035871863365173,0.4649588465690613,0.5673539161682128,0.4170822501182556,0.42538315057754517,0.5410077631473541,knn,20,50,1e-06,102.44544639810046,87.06016854709338,20480,43008,0.07233868145486241,0.07286253100794396,0.07435937072595143,0.0729885935971114,0.09557430797474845,0.14392131755509335,0.031117627941861573,0.03716962339533034,0.07239493876277711,0.07290836156912052
spair_2d_warp_30_70,train,tss,val,dino,5,median,5,0.99,0.3282946944236753,0.2353616976737975,0.52588,0.242529296875,0.757470703125,0.52588,0.242529296875,0.31965476274490356,0.3214731812477112,0.44559715390205384,0.3340703845024109,0.33120617270469666,0.5014609098434448,knn,20,50,1e-06,113.44994861423322,56.19283808622767,20480,100000,0.07306499712865264,0.09059392049333466,0.07214391038710162,0.09927667738996282,0.5275413378656145,1.7515429965374312,0.055761702736700405,0.06414434327417175,0.07304224746261506,0.09057318179919199
spair_2d_warp_30_70,train,middlebury,val,dino,5,median,5,0.99,0.3282946944236753,0.2801782995462417,0.2574869791666667,0.118212890625,0.881787109375,0.2574869791666667,0.118212890625,0.37902936339378357,0.3868527412414551,0.4806800901889801,0.3966430425643921,0.40006017684936523,0.517383998632431,knn,20,50,1e-06,52.83956097864004,84.7187520141449,20480,12288,0.04610762200442396,0.06354617772184847,0.05026563594826122,0.08167808180809236,0.39257447645954957,0.7836246182428377,0.020212091835760296,0.02441239257830547,0.04610818437696737,0.06353589757162814
synthetic,train,kitti2015,val,dino,5,median,5,0.99,0.30590851306915273,0.2412361127138137,0.16639122596153846,0.04702,0.95298,0.16639122596153846,0.04702,0.4734143614768982,0.4968535602092743,0.6541161000728607,0.5125479102134705,0.5400753021240234,0.6858335137367249,knn,20,50,1e-06,149.07016073723975,128.14399005926066,100000,53248,0.05283748214429494,0.06211449569786946,0.05410414127493082,0.09151948582346142,0.6123101144940842,3.8707181778348114,0.02747532572628384,0.02444742002287389,0.05283748214429494,0.06211449569786946
synthetic,train,kitti2012,val,dino,5,median,5,0.99,0.30590851306915273,0.2504759114980698,0.17326171875,0.06327,0.93673,0.17326171875,0.06327,0.46982112526893616,0.4949078857898712,0.6514270722866058,0.5061829090118408,0.5345319509506226,0.6829059243202209,knn,20,50,1e-06,132.16909862288338,126.17592934610738,100000,51200,0.04592013902743109,0.05550496345390274,0.04699669787720026,0.06430948139012667,0.5014134889528993,3.3898305768831896,0.022242985508296287,0.019818195458373634,0.04592118974996142,0.05550583599492616
synthetic,train,spair,test,dino,5,median,5,0.99,0.30590851306915273,0.21129608154296875,0.24462,0.06097,0.93903,0.24462,0.06097,0.4266089200973511,0.44375181198120117,0.6168705224990845,0.4487845301628113,0.461568683385849,0.6357958793640137,knn,20,50,1e-06,162.67147000005002,108.98560000005,100000,100000,0.030645455737069567,0.02862113116843941,0.03328506434119129,0.06308648910615053,0.7018374301139465,6.5761318342658885,0.019351955192061003,0.016853529002298303,0.030656624467449003,0.028629924549193955
synthetic,train,pfpascal,test,dino,5,median,5,0.99,0.30590851306915273,0.31635703325271686,0.18588096217105263,0.20644,0.79356,0.18588096217105263,0.20644,0.4613523483276367,0.4961094856262207,0.6290891170501709,0.4380214810371399,0.4609105587005615,0.5911274254322052,knn,20,50,1e-06,82.61861454202884,112.22598968096557,100000,77824,0.07831046553368226,0.06817331545063325,0.07989848565512575,0.08153156489742534,0.1548024694341627,0.12311247110467463,0.02406591040278183,0.024793587024179123,0.0783120723272184,0.06817548627469654
synthetic,train,pfwillow,test,dino,5,median,5,0.99,0.30590851306915273,0.21206200122833252,0.31403,0.08677,0.91323,0.31403,0.08677,0.3978629410266876,0.4209449291229248,0.6037883162498474,0.4354533553123474,0.45389866828918457,0.620576685667038,knn,20,50,1e-06,162.02423000005,104.02351000005001,100000,100000,0.07435447758926907,0.05696348151404444,0.07857332372414826,0.08612995793890058,0.7461934733967986,6.026746850074009,0.07808694314960965,0.06389194946384599,0.07436456523999518,0.05697191348740559
synthetic,train,pointodyssey,test,dino,5,median,5,0.99,0.30590851306915273,0.11684389948844862,0.18047,0.00101,0.99899,0.18047,0.00101,0.3995002806186676,0.4126681089401245,0.5185684561729431,0.4828296899795532,0.492267370223999,0.6373149633407593,knn,20,50,1e-06,1588.5816100000502,117.34544000005,100000,100000,0.31911341400095555,0.6632385738027411,0.3172394717663586,0.744037977010245,4.078455149967658,19.828808310584677,0.01803034754479558,0.020358461715285745,0.31908755233799974,0.6632130686289119
synthetic,train,flyingthings,test,dino,5,median,5,0.99,0.30590851306915273,0.28478713095188146,0.11332775297619048,0.08819,0.91181,0.11332775297619048,0.08819,0.4411051571369171,0.45332837104797363,0.5691825389862061,0.432659387588501,0.4422158896923065,0.5554201185703278,knn,20,50,1e-06,98.96881891858986,113.2770859589626,100000,43008,0.01779239943264818,0.01694128537983294,0.020854565807701776,0.019538661380348554,0.035290700779886656,0.03994694846979907,0.010069651999427796,0.00929429975215703,0.01779239943264818,0.01694128537983294
synthetic,train,tss,val,dino,5,median,5,0.99,0.30590851306915273,0.2353616976737975,0.14265,0.0448,0.9552,0.14265,0.0448,0.4823306202888489,0.5166417360305786,0.6379228830337524,0.48294422030448914,0.5010707974433899,0.6539017796516419,knn,20,50,1e-06,152.33623000005002,121.06729000005001,100000,100000,0.028888462674368127,0.03238546743857347,0.030379647100614728,0.04196892048136348,0.5821643791348288,4.3841695381313395,0.06254500020616369,0.0868563159826421,0.02889131068147449,0.032388315319966124
synthetic,train,middlebury,val,dino,5,median,5,0.99,0.30590851306915273,0.2801782995462417,0.09220377604166667,0.03084,0.96916,0.09220377604166667,0.03084,0.4726496636867523,0.48506996035575867,0.6098110377788544,0.5056312680244446,0.5143060684204102,0.6425491273403169,knn,20,50,1e-06,74.64169776973026,133.58964299046724,100000,12288,0.054533063894887844,0.06890655442617849,0.05833164474578625,0.10530080632515443,0.24377115445297232,0.750616572997084,0.014961716236795614,0.01344005380790354,0.054533063894887844,0.06890655442617849
synthetic_small_zoom,train,kitti2015,val,dino,5,median,5,0.99,0.3008274650573729,0.2412361127138137,0.1585411658653846,0.04702,0.95298,0.1585411658653846,0.04702,0.47609540820121765,0.5013145208358765,0.6558083713054658,0.5115829110145569,0.5385377407073975,0.685874480009079,knn,20,50,1e-06,149.48911543976376,132.03434005926067,100000,53248,0.04880232571057441,0.05747451877004374,0.05023682518636709,0.09109591172267477,0.5636487618644668,4.027521704923653,0.020877341765521862,0.019195493550112554,0.04880232571057441,0.05747451877004374
synthetic_small_zoom,train,kitti2012,val,dino,5,median,5,0.99,0.3008274650573729,0.2504759114980698,0.1639453125,0.06393,0.93607,0.1639453125,0.06393,0.47291457653045654,0.49851343035697937,0.6534095585346222,0.5057182908058167,0.5339930057525635,0.6832462191581726,knn,20,50,1e-06,132.73414745100837,130.1034293461074,100000,51200,0.04194516296849432,0.05064161465021896,0.04270360986794081,0.06694827314679469,0.4565225338599136,3.2383101992125303,0.016954691402721662,0.015442881775229324,0.04194333635492877,0.05063990558783639
synthetic_small_zoom,train,spair,test,dino,5,median,5,0.99,0.3008274650573729,0.21129608154296875,0.24137,0.06375,0.93625,0.24137,0.06375,0.4269165098667145,0.44491976499557495,0.6193006038665771,0.44567492604255676,0.4579465985298157,0.6343223929405213,knn,20,50,1e-06,162.46862000005,112.18067000005,100000,100000,0.030527775130141106,0.028345817137491014,0.032825943486051334,0.04973635678561598,0.6516434612308195,5.832037408044853,0.022954009402079964,0.02017339637222494,0.03054273889586665,0.028356106215122953
synthetic_small_zoom,train,pfpascal,test,dino,5,median,5,0.99,0.3008274650573729,0.31635703325271686,0.18325966282894737,0.21346,0.78654,0.18325966282894737,0.21346,0.4630863666534424,0.498363196849823,0.6338893234729767,0.4354130029678345,0.4581449031829834,0.590735697746277,knn,20,50,1e-06,82.50581514852554,115.56512968096557,100000,77824,0.10130924735837163,0.0862447142507067,0.10262242119423226,0.09296681525379427,0.24313088049077836,0.17827910607647518,0.029308038550077575,0.030360619320158877,0.10130924735837163,0.0862447142507067
synthetic_small_zoom,train,pfwillow,test,dino,5,median,5,0.99,0.3008274650573729,0.21206200122833252,0.30773,0.09013,0.90987,0.30773,0.09013,0.3995458483695984,0.4238092303276062,0.6054502546787262,0.43189239501953125,0.449666827917099,0.6187574446201325,knn,20,50,1e-06,162.22706000005002,107.02887000005,100000,100000,0.06699819896713323,0.05323064370221759,0.06897758015801649,0.06141304772308961,0.6842868074898449,4.546161130176419,0.06639863398994503,0.05477995542068995,0.06701186748639631,0.053240255846430204
synthetic_small_zoom,train,pointodyssey,test,dino,5,median,5,0.99,0.3008274650573729,0.11684389948844862,0.15758,0.00104,0.99896,0.15758,0.00104,0.4026336967945099,0.41768360137939453,0.5186870098114014,0.4830068349838257,0.49285468459129333,0.6381602048873901,knn,20,50,1e-06,1589.5049700000502,121.39627000005001,100000,100000,0.3242133353177001,0.7886463281896767,0.32395475882391545,1.0780246128440174,3.91823168546724,20.37859409176626,0.028232676557653193,0.03729046822143949,0.32464938502108104,0.8076029119605903
synthetic_small_zoom,train,flyingthings,test,dino,5,median,5,0.99,0.3008274650573729,0.28478713095188146,0.10544549851190477,0.08688,0.91312,0.10544549851190477,0.08688,0.44453567266464233,0.4581393599510193,0.5719629526138306,0.4338894188404083,0.4426969885826111,0.557541573047638,knn,20,50,1e-06,99.8905079066851,117.7344159589626,100000,43008,0.02407387677766655,0.022747262536876908,0.026309683013411325,0.02384109273661774,0.019680621239109214,0.02047478668296215,0.012565132923034466,0.011593053505862306,0.024081149435520272,0.022752953446741258
synthetic_small_zoom,train,tss,val,dino,5,median,5,0.99,0.3008274650573729,0.2353616976737975,0.14067,0.04671,0.95329,0.14067,0.04671,0.4840655028820038,0.5190768241882324,0.6425966024398804,0.48019418120384216,0.497448593378067,0.6520604848861694,knn,20,50,1e-06,152.22457000005002,124.41633000005001,100000,100000,0.02802146498517715,0.029873533327761142,0.029865800311506763,0.0399611593951437,0.5206329983770894,2.9526783446875586,0.06973395531157099,0.09587717664135986,0.028018990171943127,0.02987017545812049
synthetic_small_zoom,train,middlebury,val,dino,5,median,5,0.99,0.3008274650573729,0.2801782995462417,0.08748372395833333,0.03132,0.96868,0.08748372395833333,0.03132,0.47396865487098694,0.4865148067474365,0.6114731132984161,0.5048241019248962,0.5136119723320007,0.6428654789924622,knn,20,50,1e-06,74.96274777786829,137.54424299046724,100000,12288,0.049275126958081304,0.059216192012217714,0.05242056146529731,0.08907255685777886,0.18416436350668638,0.3063157794731166,0.016043254070980086,0.014187923601112339,0.049275126958081304,0.059216192012217714
synthetic_large_zoom,train,kitti2015,val,dino,5,median,5,0.99,0.30790769934654233,0.2412361127138137,0.16731144831730768,0.04427,0.95573,0.16731144831730768,0.04427,0.47440651059150696,0.4979277551174164,0.6546961784362794,0.5180381536483765,0.5460675358772278,0.6907995760440826,knn,20,50,1e-06,149.65805136223975,126.89943005926067,100000,53248,0.060925292275402845,0.07298178014213241,0.06159022765399963,0.08307099622678743,0.6576961639540513,4.8139579915480635,0.03175287008605697,0.02788484306800585,0.060925292275402845,0.07298178014213241
synthetic_large_zoom,train,kitti2012,val,dino,5,median,5,0.99,0.30790769934654233,0.2504759114980698,0.17525390625,0.05911,0.94089,0.17525390625,0.05911,0.4708804786205292,0.49550896883010864,0.6520814001560211,0.5109691023826599,0.5391529202461243,0.685565721988678,knn,20,50,1e-06,132.77154979475836,124.81169934610737,100000,51200,0.05192364693044248,0.06199132665623126,0.05360421496772028,0.06664870899907284,0.5380120278462546,2.7106187060030362,0.02781595900642361,0.024347285994120955,0.05192706152038691,0.06199413798806941
synthetic_large_zoom,train,spair,test,dino,5,median,5,0.99,0.30790769934654233,0.21129608154296875,0.24684,0.05727,0.94273,0.24684,0.05727,0.42909711599349976,0.4471627473831177,0.6187691688537598,0.4571005403995514,0.4732625484466553,0.6421885073184969,knn,20,50,1e-06,163.60968000005002,108.69343000005,100000,100000,0.03677628149123439,0.0351097012206663,0.039746838509455276,0.05588117491690381,0.7632368053581418,6.183263226662182,0.022518897968555766,0.019803607613198278,0.0367787384400255,0.035112225096612826
synthetic_large_zoom,train,pfpascal,test,dino,5,median,5,0.99,0.30790769934654233,0.31635703325271686,0.18612510279605263,0.19369,0.80631,0.18612510279605263,0.19369,0.4641139507293701,0.4993089735507965,0.6319736063480377,0.44503745436668396,0.46940743923187256,0.5968435406684875,knn,20,50,1e-06,83.35370268964397,111.58238968096558,100000,77824,0.07321823330180674,0.06447281178685672,0.07643220567754871,0.07213181829825366,0.1320759196679057,0.10801306415359817,0.023685746331638936,0.02279209082596426,0.07321839561416592,0.06447391123815659
synthetic_large_zoom,train,pfwillow,test,dino,5,median,5,0.99,0.30790769934654233,0.21206200122833252,0.3143,0.08141,0.91859,0.3143,0.08141,0.4012567102909088,0.42541688680648804,0.6072069406509399,0.4435742497444153,0.4642985165119171,0.6284403562545777,knn,20,50,1e-06,163.45999000005,103.76353000005001,100000,100000,0.07722607294989725,0.059064451898996465,0.08003648608698945,0.06886952389007633,0.789771844180979,5.483467839100204,0.08147387137028636,0.0675436594587299,0.07723380721085873,0.05907118638844327
synthetic_large_zoom,train,pointodyssey,test,dino,5,median,5,0.99,0.30790769934654233,0.11684389948844862,0.16558,0.00087,0.99913,0.16558,0.00087,0.40499141812324524,0.4179326891899109,0.5239590406417847,0.48700791597366333,0.49587661027908325,0.641152846813202,knn,20,50,1e-06,1589.9331300000501,115.95406000005,100000,100000,0.31153340790428086,0.598978436927255,0.3118771567556385,0.6416164753041589,4.0633778738011195,19.70075772445074,0.01683937307117657,0.019422517150621873,0.31164456190203926,0.5990489384948332
synthetic_large_zoom,train,flyingthings,test,dino,5,median,5,0.99,0.30790769934654233,0.28478713095188146,0.11609468005952381,0.08265,0.91735,0.11609468005952381,0.08265,0.4406547546386719,0.4532162547111511,0.566539216041565,0.43731945753097534,0.44661465287208557,0.5588671743869782,knn,20,50,1e-06,99.1937305629351,111.8446059589626,100000,43008,0.012995774049634918,0.011777001527455859,0.014719719534745192,0.012921548649761574,0.05838369492555729,0.06834474641486511,0.010571788641649631,0.009275789859975032,0.012999970031857025,0.011780760212267326
synthetic_large_zoom,train,tss,val,dino,5,median,5,0.99,0.30790769934654233,0.2353616976737975,0.14354,0.04234,0.95766,0.14354,0.04234,0.4861375093460083,0.5210297107696533,0.6432855725288391,0.4914533197879791,0.5120828151702881,0.6606344223022461,knn,20,50,1e-06,153.16143000005002,120.49617000005,100000,100000,0.027811812095576552,0.03213476972221878,0.0299229267325846,0.05137822122519977,0.6263285793461724,5.195234829629645,0.045783886637244156,0.059409885699700266,0.027812720774304363,0.03213557122274035
synthetic_large_zoom,train,middlebury,val,dino,5,median,5,0.99,0.30790769934654233,0.2801782995462417,0.0908203125,0.02825,0.97175,0.0908203125,0.02825,0.4751569330692291,0.4881232678890228,0.6119598746299745,0.510162353515625,0.5192346572875977,0.6451849639415741,knn,20,50,1e-06,75.2289170080115,131.88521299046724,100000,12288,0.05927040305760391,0.07318168371381588,0.06149947859055218,0.13964285586438535,0.2791322528200076,1.1273491028682385,0.014342430942492114,0.01266732530183543,0.05926958892826405,0.07318080645858434
synthetic_random_flipping,train,kitti2015,val,dino,5,median,5,0.99,0.3051368689537048,0.2412361127138137,0.16526442307692307,0.04693,0.95307,0.16526442307692307,0.04693,0.47453710436820984,0.4994776248931885,0.6543930292129517,0.5134779810905457,0.5421491861343384,0.6864386320114136,knn,20,50,1e-06,149.04858246199936,128.69354005926067,100000,53248,0.05566623254891502,0.06742420020921261,0.0556780756438639,0.08896606191082865,0.6146640304605995,3.8353419917682534,0.027084055426743546,0.02443707388036848,0.05566560225653652,0.06742368185767365
synthetic_random_flipping,train,kitti2012,val,dino,5,median,5,0.99,0.3051368689537048,0.2504759114980698,0.1715625,0.0631,0.9369,0.1715625,0.0631,0.47099536657333374,0.49694639444351196,0.6508450269699096,0.507444441318512,0.5369958281517029,0.6831131041049957,knn,20,50,1e-06,132.34434276350837,126.80070934610738,100000,51200,0.04864585635777367,0.058777406440128195,0.04905858840056737,0.0821068397388827,0.5069818000965232,3.800539780446269,0.021572554340745752,0.019456645552570852,0.04864585635777367,0.058777406440128195
synthetic_random_flipping,train,spair,test,dino,5,median,5,0.99,0.3051368689537048,0.21129608154296875,0.24664,0.06332,0.93668,0.24664,0.06332,0.4256545305252075,0.44343066215515137,0.6165165305137634,0.44958922266960144,0.46374353766441345,0.6366449356079102,knn,20,50,1e-06,162.14475000005,109.50562000005,100000,100000,0.03497514483537674,0.03204305007582567,0.036517600272165524,0.0446339985214114,0.7052482961460117,4.660415378423524,0.023377957825088586,0.020343371874509544,0.03497873350343369,0.032046988723262684
synthetic_random_flipping,train,pfpascal,test,dino,5,median,5,0.99,0.3051368689537048,0.31635703325271686,0.18958162006578946,0.20691,0.79309,0.18958162006578946,0.20691,0.4610048532485962,0.49615156650543213,0.6302482903003692,0.4388487637042999,0.46248337626457214,0.5934828281402589,knn,20,50,1e-06,82.1248594022262,112.66930968096557,100000,77824,0.07760309536004122,0.0683295511329339,0.07867152401464132,0.07028560538877654,0.16072804170396365,0.12784538310720509,0.0236583587878314,0.023271827050368094,0.07760207221720686,0.06832829440107305
synthetic_random_flipping,train,pfwillow,test,dino,5,median,5,0.99,0.3051368689537048,0.21206200122833252,0.31513,0.08978,0.91022,0.31513,0.08978,0.3977154791355133,0.41981804370880127,0.6037720799446108,0.4358062148094177,0.4555495083332062,0.6220125138759613,knn,20,50,1e-06,161.85780000005002,104.43966000005001,100000,100000,0.0717373496052333,0.05587089063267635,0.07468638860365698,0.07044412379768913,0.7396854499777018,4.681832981689238,0.0796554006602125,0.0668382270902188,0.0717541542503048,0.05590238164981986
synthetic_random_flipping,train,pointodyssey,test,dino,5,median,5,0.99,0.3051368689537048,0.11684389948844862,0.17129,0.00088,0.99912,0.17129,0.00088,0.4035803973674774,0.4171084463596344,0.5229392409324647,0.4837228059768677,0.49402767419815063,0.6369011998176575,knn,20,50,1e-06,1589.3195300000502,117.93423000005001,100000,100000,0.30784507218085666,0.6324186881629831,0.3054140667577968,0.6552805403079329,4.064857536692715,19.81643154804144,0.019843089800143557,0.023348417787258137,0.30789883557410175,0.6326483591696425
synthetic_random_flipping,train,flyingthings,test,dino,5,median,5,0.99,0.3051368689537048,0.28478713095188146,0.11195591517857142,0.08889,0.91111,0.11195591517857142,0.08889,0.4412098526954651,0.45473986864089966,0.5683326840400695,0.4335903823375702,0.4436695873737335,0.5562089681625366,knn,20,50,1e-06,99.00104548108986,113.81511595896261,100000,43008,0.015589728902664485,0.014909653646825538,0.018500736587485432,0.016528521523836943,0.034587043999472246,0.03832033427383627,0.009188854886764604,0.008268335741117194,0.01558812096399713,0.014908201151052498
synthetic_random_flipping,train,tss,val,dino,5,median,5,0.99,0.3051368689537048,0.2353616976737975,0.14544,0.04793,0.95207,0.14544,0.04793,0.48229753971099854,0.5177804231643677,0.6381003379821778,0.4834759831428528,0.5031512975692749,0.6544732987880707,knn,20,50,1e-06,151.87022000005,121.38944000005,100000,100000,0.03022984312519246,0.03397692216003448,0.0313760676847182,0.04218701947766027,0.5809154478079177,2.5797348958665154,0.060110351809046746,0.0804831050501541,0.03022699125985385,0.03397474582987584
synthetic_random_flipping,train,middlebury,val,dino,5,median,5,0.99,0.3051368689537048,0.2801782995462417,0.0927734375,0.03313,0.96687,0.0927734375,0.03313,0.4724525511264801,0.48614999651908875,0.6079653322696686,0.5059758424758911,0.5152900815010071,0.6434607863426209,knn,20,50,1e-06,74.53708859818079,133.94832299046723,100000,12288,0.05683537366574799,0.06883556458610846,0.06015801239450766,0.07974171917205547,0.23687813125371135,0.376245930370557,0.01602762844443411,0.01454316181815998,0.05683537366574799,0.06883556458610846
sintel,train,kitti2015,val,dino,5,median,5,0.99,0.2791736590862274,0.2412361127138137,0.2529296875,0.1314,0.8686,0.2529296875,0.1314,0.3514719009399414,0.35967594385147095,0.4867340326309204,0.4178980588912964,0.4247201383113861,0.6013981699943542,knn,20,50,1e-06,114.71665450226378,123.79034005926067,100000,53248,0.21930573019233512,0.423286146359136,0.21948993564628821,0.4603792032453328,0.4820725641647336,1.816726146520796,0.02527458174678655,0.02663076526301552,0.219307813420599,0.42328760217012684
sintel,train,kitti2012,val,dino,5,median,5,0.99,0.2791736590862274,0.2504759114980698,0.31751953125,0.16821,0.83179,0.31751953125,0.16821,0.3264511525630951,0.3324239253997803,0.4640548646450043,0.403071790933609,0.4071028232574463,0.5918971300125122,knn,20,50,1e-06,90.28861034163337,117.93073934610739,100000,51200,0.24416397558793038,0.4602310003407978,0.24381369673582068,0.46548722263638254,0.42701046964120903,1.1165215066121839,0.03120785770973509,0.03219985982185577,0.24416401079344593,0.46023102064769533
sintel,train,spair,test,dino,5,median,5,0.99,0.2791736590862274,0.21129608154296875,0.27026,0.1055,0.8945,0.27026,0.1055,0.3597974479198456,0.36517858505249023,0.5213359713554383,0.3969423770904541,0.4042258858680725,0.5688235938549042,knn,20,50,1e-06,143.05414000005,116.82997000005001,100000,100000,0.04700093029304076,0.057035538799108026,0.04718071759532773,0.06670945192592034,0.53387309491557,1.3779906835970248,0.0036150291443660747,0.003541129605708622,0.047007734226649,0.05704548932301314
sintel,train,pfpascal,test,dino,5,median,5,0.99,0.2791736590862274,0.31635703325271686,0.20650442023026316,0.30163,0.6983699999999999,0.20650442023026316,0.30163,0.38980305194854736,0.4045535624027252,0.5452714145183564,0.3650051951408386,0.37833163142204285,0.4985291123390198,knn,20,50,1e-06,62.34991208520318,115.01933968096557,100000,77824,0.06733559532418157,0.057048769845216334,0.06856647412824406,0.05762719364131061,0.42553103608912607,0.2619035880999381,0.011778217578210418,0.011402074532812568,0.06733708422486107,0.05705084761334026
sintel,train,pfwillow,test,dino,5,median,5,0.99,0.2791736590862274,0.21206200122833252,0.31404,0.10174,0.8982600000000001,0.31404,0.10174,0.3506101071834564,0.3672425448894501,0.5365329504013062,0.4086514711380005,0.41936323046684265,0.5854029059410095,knn,20,50,1e-06,145.93494000005,118.77209000005001,100000,100000,0.11566230800570831,0.11781395785312068,0.12214767003508219,0.1255780660068706,0.6090775257163004,2.946156423808056,0.06806481873969078,0.05325441373124199,0.11566671713715687,0.117820637262178
sintel,train,pointodyssey,test,dino,5,median,5,0.99,0.2791736590862274,0.11684389948844862,0.21783,0.00343,0.99657,0.21783,0.00343,0.3610476553440094,0.3652750849723816,0.4907281994819641,0.4562203586101532,0.4674166440963745,0.6073151290416718,knn,20,50,1e-06,1574.8294500000502,131.30580000005,100000,100000,0.3671310652524743,0.7584984019059238,0.36666051918416737,0.8676856465365311,3.3995040381621555,19.038435586045587,0.017335217467911578,0.01678055836633567,0.3672361297325092,0.7584931546792564
sintel,train,flyingthings,test,dino,5,median,5,0.99,0.2791736590862274,0.28478713095188146,0.15362258184523808,0.18002,0.8199799999999999,0.15362258184523808,0.18002,0.3815315365791321,0.3906812369823456,0.5013293623924256,0.39301055669784546,0.4027228057384491,0.5332619667053223,knn,20,50,1e-06,80.97947972588153,121.1501159589626,100000,43008,0.03381528685521353,0.04073278866380302,0.03477246596123269,0.042107171277851664,0.020368691874074994,0.022746541747019497,0.015854703456397785,0.017103608847284273,0.03381455436970778,0.04073129099197742
sintel,train,tss,val,dino,5,median,5,0.99,0.2791736590862274,0.2353616976737975,0.14974,0.07731,0.92269,0.14974,0.07731,0.4237452447414398,0.4348832368850708,0.5829860091209412,0.4459576904773712,0.454741895198822,0.6173638701438905,knn,20,50,1e-06,136.74213000005,132.98182000005002,100000,100000,0.03490562126929858,0.0523721155426852,0.03525134498673664,0.0574105819591061,0.3261705798454709,1.040384243024838,0.00487639568001655,0.0055169898834967375,0.03491518037726411,0.05241170456290268
sintel,train,middlebury,val,dino,5,median,5,0.99,0.2791736590862274,0.2801782995462417,0.11710611979166667,0.08877,0.91123,0.11710611979166667,0.08877,0.3957020044326782,0.4044502377510071,0.5083553731441498,0.45114412903785706,0.4613543152809143,0.5942601919174194,knn,20,50,1e-06,53.873300756383905,139.94732299046726,100000,12288,0.20261163465727142,0.31829094811024433,0.2169435884057689,0.36227395299884396,0.19450350171613734,0.3018975809876492,0.014917433298458937,0.015529938912786236,0.20261131324753381,0.3182897690950827
spair,train,kitti2015,val,dino,5,median,5,0.99,0.26476362645622686,0.2412361127138137,0.2853816105769231,0.29536,0.7046399999999999,0.2853816105769231,0.29536,0.3279707729816437,0.33133941888809204,0.46712495088577277,0.3378939926624298,0.33097994327545166,0.5383997559547425,knn,20,50,1e-06,102.0507891176484,222.24864005926068,100000,53248,0.10225020287068022,0.12949521867695984,0.10332317556873598,0.1309784952282568,0.17002064782517898,0.27485836359474414,0.10277531764849912,0.1305437318390038,0.10221928112460961,0.1294405723555357
spair,train,kitti2012,val,dino,5,median,5,0.99,0.26476362645622686,0.2504759114980698,0.23466796875,0.304,0.696,0.23466796875,0.304,0.3522360324859619,0.35918545722961426,0.4948992311954498,0.34584593772888184,0.33555400371551514,0.5533831119537354,knn,20,50,1e-06,94.18833690413337,225.8099993461074,100000,51200,0.09808273663986093,0.1116874854451001,0.10616666421026447,0.11427516386910871,0.12349987464088125,0.1644474550089321,0.13117133013834742,0.18139195716112558,0.09806011682499642,0.11165126146476906
spair,train,spair,test,dino,5,median,5,0.99,0.26476362645622686,0.21129608154296875,0.40559,0.638,0.362,0.40559,0.638,0.30738258361816406,0.30870306491851807,0.4991702437400818,0.18611183762550354,0.168495774269104,0.3212062120437622,knn,20,50,1e-06,111.42634000005,161.81955000005001,100000,100000,0.6017242102263871,0.418494109511262,0.6080800058303796,0.41834889660875063,0.1930876084742894,0.1646641146885891,0.08105559471923027,0.131590224452876,0.6018448063687306,0.4185326606654539
spair,train,pfpascal,test,dino,5,median,5,0.99,0.26476362645622686,0.31635703325271686,0.2570029810855263,0.84318,0.15681999999999996,0.2570029810855263,0.84318,0.37519314885139465,0.3838040232658386,0.5758253753185272,0.2086443156003952,0.197323739528656,0.3464142441749573,knn,20,50,1e-06,47.39425894478377,186.52344968096557,100000,77824,1.2798752898913872,0.6913912326628959,1.6022711059572217,0.6979554960220479,3.6778072108554234,1.0081992100472923,0.11214185668410215,0.16675297472130884,1.2799288702341325,0.6914102235526299
spair,train,pfwillow,test,dino,5,median,5,0.99,0.26476362645622686,0.21206200122833252,0.35753,0.3743,0.6256999999999999,0.35753,0.3743,0.3298589885234833,0.3346375823020935,0.5356889367103577,0.27923253178596497,0.26662570238113403,0.4763224124908447,knn,20,50,1e-06,129.07709000005002,195.67179000005,100000,100000,0.08355530587362342,0.0755306228015792,0.10439990588030132,0.07537094661495564,0.06463610012388224,0.06818575249522427,0.0672689467490857,0.07186768720561004,0.08352496445825491,0.07551344422138613
spair,train,pointodyssey,test,dino,5,median,5,0.99,0.26476362645622686,0.11684389948844862,0.09916,0.00116,0.99884,0.09916,0.00116,0.46005070209503174,0.4651118516921997,0.6440038681030273,0.4654330611228943,0.469998836517334,0.6437921524047852,knn,20,50,1e-06,1595.57409000005,257.87099000005,100000,100000,0.018981386752541084,0.017717636669636595,0.020415519826978583,0.016223774347531642,2.2371033478164146,14.29130265921522,0.019433531546893337,0.01788331347454281,0.01919664210800268,0.017944928163109802
spair,train,flyingthings,test,dino,5,median,5,0.99,0.26476362645622686,0.28478713095188146,0.06819661458333333,0.21322,0.78678,0.06819661458333333,0.21322,0.49995848536491394,0.5177188515663147,0.6609074473381044,0.41299325227737427,0.4210125207901001,0.5905795097351074,knn,20,50,1e-06,106.32546186873867,251.1773859589626,100000,43008,0.25757916774782913,0.22283474825522842,0.4122805408840529,0.22860672992904513,0.7320176081514809,0.3939395570321582,0.1201343722356552,0.144065135766952,0.25759957822452156,0.22285519496026568
spair,train,tss,val,dino,5,median,5,0.99,0.26476362645622686,0.2353616976737975,0.36206,0.61019,0.38981,0.36206,0.61019,0.3182050287723541,0.3219832181930542,0.497110539674759,0.21668408811092377,0.20334959030151367,0.3572535514831543,knn,20,50,1e-06,92.67681000005001,176.97351000005,100000,100000,0.4171101778618562,0.3225934632968521,0.44651419516962776,0.3226118388284731,0.20764488496779782,0.18186591598023716,0.0694745903554226,0.09041742696582186,0.4170958897911951,0.3225786748827183
spair,train,middlebury,val,dino,5,median,5,0.99,0.26476362645622686,0.2801782995462417,0.08048502604166667,0.1671,0.8329,0.08048502604166667,0.1671,0.44918107986450195,0.4593115448951721,0.5987362504005432,0.41192886233329773,0.4153374433517456,0.5684979557991028,knn,20,50,1e-06,62.94846555130578,256.17894299046725,100000,12288,0.060114702246547705,0.060401563422991605,0.12277741737231947,0.06742993282988166,0.16775292453494994,0.14172378478899675,0.03587295337912409,0.03795453754236193,0.060131856539946196,0.06040443246670928
flyingthings,train,kitti2015,val,dino,5,median,5,0.99,0.27450012028217313,0.2412361127138137,0.15679462139423078,0.029378255208333332,0.9706217447916666,0.15679462139423078,0.029378255208333332,0.37613117694854736,0.3778216540813446,0.49961556792259215,0.4537891447544098,0.4634690284729004,0.5830116391181946,knn,20,50,1e-06,128.398764008248,105.91015135045862,49152,53248,0.2867842804128578,0.39241584105161575,0.28776631766598193,0.41523736086724833,0.7126367838912171,1.3818196289644429,0.030392265206735977,0.026549781266571506,0.2867859525505653,0.39241706773838847
flyingthings,train,kitti2012,val,dino,5,median,5,0.99,0.27450012028217313,0.2504759114980698,0.16916015625,0.04388427734375,0.95611572265625,0.16916015625,0.04388427734375,0.37074998021125793,0.37435388565063477,0.48984824419021605,0.43668150901794434,0.447259783744812,0.5584964394569397,knn,20,50,1e-06,110.82397292754548,102.00597092050846,49152,51200,0.22900940320394458,0.2887915160447964,0.23061637715717584,0.29708561170682507,0.5088526354539313,0.8265120568685762,0.032586007696068287,0.026814255375733405,0.2290098171822811,0.2887896297171969
flyingthings,train,spair,test,dino,5,median,5,0.99,0.27450012028217313,0.21129608154296875,0.11564,0.01348876953125,0.98651123046875,0.11564,0.01348876953125,0.40594127774238586,0.4051971435546875,0.5461357235908508,0.45614156126976013,0.4650692641735077,0.5872847735881805,knn,20,50,1e-06,162.98774735158713,105.82320837783651,49152,100000,0.11499327427948927,0.12078923842996125,0.1165847475774024,0.13135447550960547,0.9322191949432971,2.0713037220167694,0.05311033124350686,0.04546033804621149,0.1150283753208941,0.12081602995067285
flyingthings,train,pfpascal,test,dino,5,median,5,0.99,0.27450012028217313,0.31635703325271686,0.097900390625,0.13055419921875,0.86944580078125,0.097900390625,0.13055419921875,0.4282585084438324,0.4314259886741638,0.5745753228664398,0.430672287940979,0.44204235076904297,0.5409533321857453,knn,20,50,1e-06,78.4352430613291,103.71970485562707,49152,77824,0.08438336843827314,0.06336730709645151,0.09223546198185469,0.0647092265291873,0.6478037042205512,0.2637931010514352,0.12631809681701828,0.08046389517309108,0.08438411694918183,0.06336838161859826
flyingthings,train,pfwillow,test,dino,5,median,5,0.99,0.27450012028217313,0.21206200122833252,0.1158,0.010782877604166666,0.9892171223958334,0.1158,0.010782877604166666,0.40572109818458557,0.4037877321243286,0.5444820523262024,0.4599859416484833,0.4706839919090271,0.5908107161521912,knn,20,50,1e-06,173.37249735158713,108.09922969945109,49152,100000,0.1314560602468677,0.14195207101982807,0.13194653299735248,0.1486090394535949,0.9609427122534299,3.198172382663193,0.07725839172273646,0.0630906832066612,0.13144660931611565,0.14194541926724072
flyingthings,train,pointodyssey,test,dino,5,median,5,0.99,0.27450012028217313,0.11684389948844862,0.29208,0.0015462239583333333,0.9984537760416666,0.29208,0.0015462239583333333,0.3204222023487091,0.3202638626098633,0.4264580070972443,0.4261384904384613,0.4288899004459381,0.5667699694633483,knn,20,50,1e-06,1564.3089573515872,93.43282751846151,49152,100000,0.5481030739825087,0.9073100526076963,0.5482302281824679,1.025078329971246,4.1043729985095405,19.591020100770272,0.01768617649430085,0.020295320180991804,0.5479237904179518,0.9071679969328937
flyingthings,train,flyingthings,test,dino,5,median,5,0.99,0.27450012028217313,0.28478713095188146,0.42387462797619047,0.4216512044270833,0.5783487955729167,0.42387462797619047,0.4216512044270833,0.2922772169113159,0.2877528965473175,0.38654896020889284,0.3019772469997406,0.2985358238220215,0.39705299735069277,knn,20,50,1e-06,54.789845334487104,63.796196797686605,49152,43008,0.010915036799153498,0.011216741528834916,0.01153458744304564,0.013597235938466306,0.002520491038000467,0.002490631213935991,0.002525248114582811,0.0024956350552733414,0.010916347886805124,0.011218243024178187
flyingthings,train,tss,val,dino,5,median,5,0.99,0.27450012028217313,0.2353616976737975,0.0926,0.023539225260416668,0.9764607747395834,0.0926,0.023539225260416668,0.40787044167518616,0.4089416265487671,0.5345854759216309,0.47009313106536865,0.4832998514175415,0.6080204963684083,knn,20,50,1e-06,138.02707735158714,110.49762650934693,49152,100000,0.19418390302481867,0.2535210711155087,0.1944272674835456,0.26207729171499655,0.638385447913545,1.3325249140710633,0.03855511064013405,0.0371680205422268,0.19417922853716404,0.2535191974187553
flyingthings,train,middlebury,val,dino,5,median,5,0.99,0.27450012028217313,0.2801782995462417,0.10026041666666667,0.0394287109375,0.9605712890625,0.10026041666666667,0.0394287109375,0.38024580478668213,0.38497018814086914,0.47623682022094727,0.43022647500038147,0.43496277928352356,0.5286167442798615,knn,20,50,1e-06,52.35897604574654,104.97126992945165,49152,12288,0.2012628179468388,0.23387190993843154,0.2015729108896552,0.2355978418123537,0.14299454005388212,0.1589724320338575,0.011959645112894726,0.01147361367305225,0.2012710475170944,0.2338714640536898
pointodyssey,train,kitti2015,val,dino,5,median,5,0.99,0.10455668807029724,0.2412361127138137,0.0008263221153846154,0.08023,0.91977,0.0008263221153846154,0.08023,0.4937364161014557,0.5033731460571289,0.6460600316524506,0.4516828954219818,0.46704497933387756,0.6020990014076233,knn,20,50,1e-06,150.7914648237782,1593.2618000592606,100000,53248,0.10097546531485062,0.10174619027262724,0.10696112883529033,0.10489313377965026,18.565842800236293,3.2877476433936494,0.038390666378206956,0.04666039831363527,0.1020760178788093,0.10258046582642923
pointodyssey,train,kitti2012,val,dino,5,median,5,0.99,0.10455668807029724,0.2504759114980698,0.00158203125,0.08873,0.91127,0.00158203125,0.08873,0.49334225058555603,0.5065324306488037,0.6480544030666351,0.4513387084007263,0.4755935072898865,0.6003436207771303,knn,20,50,1e-06,133.96526073225837,1592.5491393461075,100000,51200,0.11885605579268577,0.10417912821743018,0.15473430345604317,0.10524035235118037,19.88327711356309,3.554118106034709,0.0318960740556755,0.03915722779432852,0.11925311997061845,0.10482444341401966
pointodyssey,train,spair,test,dino,5,median,5,0.99,0.10455668807029724,0.21129608154296875,0.00381,0.09364,0.90636,0.00381,0.09364,0.46880170702934265,0.47370219230651855,0.6437611401081086,0.4245755076408386,0.4412682056427002,0.5896863281726837,knn,20,50,1e-06,169.53217000005,1582.0665700000502,100000,100000,0.08616412218975178,0.0842266163513785,0.09140576493125573,0.08548754030908995,14.537818631783217,2.1324029715912625,0.032164182549576176,0.03786702539555574,0.08642948652218399,0.08456655550552261
pointodyssey,train,pfpascal,test,dino,5,median,5,0.99,0.10455668807029724,0.31635703325271686,0.0030838815789473685,0.20485,0.79515,0.0030838815789473685,0.20485,0.49868813157081604,0.5149903297424316,0.6741439580917358,0.3951769471168518,0.4127378761768341,0.5258751034736633,knn,20,50,1e-06,86.46621296924923,1580.3168096809657,100000,77824,1.0353559662455314,0.41914800434619814,1.3345661084087908,0.4213846759914353,20.38702073982154,4.3384321872318266,0.03969228448142432,0.038932761811790444,1.0360946398913642,0.41949006460686783
pointodyssey,train,pfwillow,test,dino,5,median,5,0.99,0.10455668807029724,0.21206200122833252,0.01403,0.09688,0.90312,0.01403,0.09688,0.4558955430984497,0.46677839756011963,0.6454910337924957,0.40677255392074585,0.42026346921920776,0.567403781414032,knn,20,50,1e-06,173.02495000005,1576.12993000005,100000,100000,0.17156116623757783,0.11598045899484181,0.1802165113361357,0.1180973752526442,14.537695081770876,1.8610228054822224,0.028146425589633074,0.027215886208576106,0.17189015573837269,0.11629571706070481
pointodyssey,train,pointodyssey,test,dino,5,median,5,0.99,0.10455668807029724,0.11684389948844862,0.03282,0.06123,0.93877,0.03282,0.06123,0.28556716442108154,0.28146234154701233,0.42705640196800254,0.28500404953956604,0.28388020396232605,0.4225494503974915,knn,20,50,1e-06,1533.60625000005,1526.1595300000502,100000,100000,0.014969577784218303,0.014745101580143456,0.016410639115523356,0.02041599974618698,0.06235091188839735,0.05836227067270256,0.014396841284795731,0.014059683721530731,0.015269331003564802,0.01507050847466946
pointodyssey,train,flyingthings,test,dino,5,median,5,0.99,0.10455668807029724,0.28478713095188146,0.0006277901785714286,0.25234,0.74766,0.0006277901785714286,0.25234,0.44148027896881104,0.4446711540222168,0.5823005080223084,0.33611276745796204,0.3381798267364502,0.43474018573760986,knn,20,50,1e-06,93.11047279693808,1567.6539859589627,100000,43008,0.875400406848611,0.5457255010608012,0.979847211342171,0.545273681579605,21.123345989156963,5.361036971881231,0.012469435835679187,0.012063216404011205,0.8761513617161871,0.5460288927641436
pointodyssey,train,tss,val,dino,5,median,5,0.99,0.10455668807029724,0.2353616976737975,0.00087,0.09957,0.90043,0.00087,0.09957,0.5138533711433411,0.5285547375679016,0.6850539445877075,0.43520116806030273,0.44608059525489807,0.6174662649631503,knn,20,50,1e-06,154.25740000005,1588.15489000005,100000,100000,0.18912533117007949,0.1778261634340852,0.20549359397701886,0.1818748484912764,17.98545320479711,2.964551932765438,0.07470991923175088,0.11662597490973795,0.19018238720110733,0.1785388320551544
pointodyssey,train,middlebury,val,dino,5,median,5,0.99,0.10455668807029724,0.2801782995462417,0.0,0.08251,0.91749,0.0,0.08251,0.4745014011859894,0.47893035411834717,0.6065861403942108,0.4327917993068695,0.4383470118045807,0.5623137176036835,knn,20,50,1e-06,69.95939593053755,1595.4764229904674,100000,12288,0.1063684901352735,0.09686463198372716,0.1498992561601233,0.09995019927689591,21.622759185099916,6.485577548173451,0.020882213199226198,0.02176120032401828,0.10687310832335643,0.09743953922438094
spair_synthetic_30_70,train,kitti2015,val,dino,5,median,5,0.99,0.3293598890304564,0.2412361127138137,0.5381234975961539,0.087646484375,0.912353515625,0.5381234975961539,0.087646484375,0.31790658831596375,0.32123586535453796,0.4222744882106781,0.481754869222641,0.5029184818267822,0.6804645657539368,knn,20,50,1e-06,121.54313639168737,79.81802365325082,20480,53248,0.7796660679613283,2.008068795449806,0.7841546310780925,2.120441249443259,1.4623595870607118,8.361421357638994,0.09808435741730251,0.11584187795235537,0.7796689373841104,2.008069756723848
spair_synthetic_30_70,train,kitti2012,val,dino,5,median,5,0.99,0.3293598890304564,0.2504759114980698,0.47419921875,0.10830078125,0.89169921875,0.47419921875,0.10830078125,0.33101949095726013,0.3349243402481079,0.43842828273773193,0.4761737883090973,0.49739986658096313,0.6768465995788575,knn,20,50,1e-06,109.46768387769158,78.5090153424413,20480,51200,0.68582780709182,1.6208877838854656,0.6872668682621622,1.7287173085481276,1.2192176639549381,8.66627404074333,0.10724351500606123,0.12680093949733584,0.685829453823821,1.620888464751713
spair_synthetic_30_70,train,spair,test,dino,5,median,5,0.99,0.3293598890304564,0.21129608154296875,0.4952,0.113134765625,0.886865234375,0.4952,0.113134765625,0.33047980070114136,0.3307145833969116,0.46465641260147095,0.42007726430892944,0.4224848747253418,0.6288382589817048,knn,20,50,1e-06,149.1555086142332,60.52388056669642,20480,100000,0.3336946179346145,0.6362716564886465,0.336765341048274,0.7046519003265108,1.09956264863655,8.928079602113371,0.07419020633558655,0.08213092705879377,0.33368428028452213,0.6362620304250262
spair_synthetic_30_70,train,pfpascal,test,dino,5,median,5,0.99,0.3293598890304564,0.31635703325271686,0.41800729851973684,0.312451171875,0.687548828125,0.41800729851973684,0.312451171875,0.3545507490634918,0.3545331060886383,0.5038339614868164,0.4045587480068207,0.4226590096950531,0.5851402223110199,knn,20,50,1e-06,66.47630392923837,62.57425888042447,20480,77824,0.19140775551699088,0.24813201327336895,0.19242524639383024,0.2732423437556999,0.24984874272975618,0.36953865702657723,0.06838455052112116,0.0778279724917167,0.19140775551699088,0.24813201327336895
spair_synthetic_30_70,train,pfwillow,test,dino,5,median,5,0.99,0.3293598890304564,0.21206200122833252,0.58823,0.13671875,0.86328125,0.58823,0.13671875,0.3154168426990509,0.29901835322380066,0.49048590660095215,0.40840762853622437,0.4193093478679657,0.6129579544067384,knn,20,50,1e-06,154.10398861423323,56.250589551071414,20480,100000,0.25943002841177837,0.3856832271642749,0.2642597600846776,0.48767254007988,1.006513892418965,7.082799960408478,0.14684733710359335,0.1410145462252505,0.2594475418720114,0.38580719222371085
spair_synthetic_30_70,train,pointodyssey,test,dino,5,median,5,0.99,0.3293598890304564,0.11684389948844862,0.18225,0.000927734375,0.999072265625,0.18225,0.000927734375,0.4224872589111328,0.4345993995666504,0.5458216667175293,0.4799351692199707,0.48687922954559326,0.6371520996093752,knn,20,50,1e-06,1597.1822886142334,77.25820673857142,20480,100000,0.18280732764992622,0.3410753474234986,0.18714561104207403,0.6455020879279555,4.4419302736066,21.776947623000616,0.02958178045983388,0.03562498432268517,0.1834026596147376,0.3423855804656888
spair_synthetic_30_70,train,flyingthings,test,dino,5,median,5,0.99,0.3293598890304564,0.28478713095188146,0.10649181547619048,0.0853515625,0.9146484375,0.10649181547619048,0.0853515625,0.4660634398460388,0.47919267416000366,0.5860710501670838,0.43476995825767517,0.4448048770427704,0.5560582220554352,knn,20,50,1e-06,108.63378345167189,74.80078744357776,20480,43008,0.06532000530453236,0.06185312934726981,0.06761185684326977,0.07210941801318907,0.10433528136052729,0.1735379653157978,0.017269213507578967,0.02133430730424239,0.06531566462405446,0.06184879517437399
spair_synthetic_30_70,train,tss,val,dino,5,median,5,0.99,0.3293598890304564,0.2353616976737975,0.58272,0.13046875,0.86953125,0.58272,0.13046875,0.31076741218566895,0.3098873198032379,0.4301873445510864,0.44412487745285034,0.462937593460083,0.6457663178443909,knn,20,50,1e-06,120.81940861423323,68.74596308622768,20480,100000,0.5762853635360026,1.1350514220730143,0.5782624599681575,1.2615507394070433,1.191587273433527,9.016785913791097,0.11866187489507607,0.13645509466225952,0.57627316808304,1.1350394144184892
spair_synthetic_30_70,train,middlebury,val,dino,5,median,5,0.99,0.3293598890304564,0.2801782995462417,0.139892578125,0.044775390625,0.955224609375,0.139892578125,0.044775390625,0.4393971264362335,0.4527403712272644,0.5522056221961976,0.4898058772087097,0.4988519549369812,0.6346434175968171,knn,20,50,1e-06,72.00216880741607,90.2696065063324,20480,12288,0.1778166512446132,0.36521436738993357,0.17649486545138274,0.5515298528915705,0.6631823819722625,3.487268014906741,0.03133079701852304,0.04852732961565303,0.17782361024216115,0.36521878678124664
spair_synthetic_50_50,train,kitti2015,val,dino,5,median,5,0.99,0.34596948623657225,0.2412361127138137,0.6331881009615384,0.153515625,0.846484375,0.6331881009615384,0.153515625,0.3073081076145172,0.3127574324607849,0.4207197964191437,0.4184456467628479,0.40997594594955444,0.643068838119507,knn,20,50,1e-06,111.43458771380276,51.34770810149301,20480,53248,0.45687783239124835,2.7821887499979296,0.45886367219078317,2.7446148404870905,1.1616221113750218,9.26694587640145,0.15416593150345126,0.2753362913817438,0.45688275534566153,2.782192057581713
spair_synthetic_50_50,train,kitti2012,val,dino,5,median,5,0.99,0.34596948623657225,0.2504759114980698,0.55783203125,0.16904296875,0.83095703125,0.55783203125,0.16904296875,0.3231986165046692,0.3303295373916626,0.44156271815299986,0.418802410364151,0.41129687428474426,0.6432272672653199,knn,20,50,1e-06,100.1835139558166,51.52543990298816,20480,51200,0.4008334958078927,2.5187345557108047,0.40274862376329745,2.74844080096427,0.9730735325015544,8.605073904351777,0.16747272617431688,0.3269743034138514,0.4008333282379233,2.5187344480872005
spair_synthetic_50_50,train,spair,test,dino,5,median,5,0.99,0.34596948623657225,0.21129608154296875,0.70356,0.21044921875,0.78955078125,0.70356,0.21044921875,0.2910265028476715,0.2918205261230469,0.41767776012420654,0.35181277990341187,0.3295910358428955,0.580377745628357,knn,20,50,1e-06,132.61480861423323,27.601193799118292,20480,100000,0.24053194619476445,0.6005831098331548,0.24339766270279686,1.013549623416603,0.9255522539945666,6.905003848845281,0.16318605746246478,0.262043830734228,0.24053521831900512,0.6005898893983488
spair_synthetic_50_50,train,pfpascal,test,dino,5,median,5,0.99,0.34596948623657225,0.31635703325271686,0.6369243421052632,0.549267578125,0.45073242187499996,0.6369243421052632,0.549267578125,0.3111930787563324,0.30726709961891174,0.45063230395317067,0.3257935643196106,0.29627758264541626,0.5431418180465698,knn,20,50,1e-06,50.49310465909034,27.68668258647916,20480,77824,0.16787403039092652,0.24907600702225097,0.16765583962877012,0.3333073468805477,0.2037612542880655,0.4856226721602198,0.17979677580538558,0.32197559548227317,0.16787403039092652,0.24907600702225097
spair_synthetic_50_50,train,pfwillow,test,dino,5,median,5,0.99,0.34596948623657225,0.21206200122833252,0.70436,0.214013671875,0.785986328125,0.70436,0.214013671875,0.28662431240081787,0.28200697898864746,0.4335124135017395,0.35029587149620056,0.33436110615730286,0.5670803546905517,knn,20,50,1e-06,140.73003861423322,27.20660761747767,20480,100000,0.17852964586035516,0.3335517218338272,0.18189897476787256,0.6475950467768746,0.9026077739661612,8.446068671296395,0.05578401267724806,0.0692575931258437,0.1785206933977339,0.3335636995351947
spair_synthetic_50_50,train,pointodyssey,test,dino,5,median,5,0.99,0.34596948623657225,0.11684389948844862,0.27511,0.00166015625,0.99833984375,0.27511,0.00166015625,0.41321563720703125,0.42248764634132385,0.5471842288970947,0.4638139307498932,0.46914172172546387,0.623816341161728,knn,20,50,1e-06,1593.7614886142335,62.064676465133914,20480,100000,0.14395681769589896,0.29602337423109254,0.1440167648476858,0.4662255883784983,4.557885136480525,21.791029505463158,0.022768597062246987,0.028138505254152534,0.14428857245216983,0.29627889080928793
spair_synthetic_50_50,train,flyingthings,test,dino,5,median,5,0.99,0.34596948623657225,0.28478713095188146,0.14925130208333334,0.1171875,0.8828125,0.14925130208333334,0.1171875,0.45740026235580444,0.47178539633750916,0.5836329340934754,0.4233681559562683,0.43359485268592834,0.557420438528061,knn,20,50,1e-06,105.4855435893207,60.10645150607776,20480,43008,0.06445010593232342,0.064377284499949,0.06443436648021632,0.06449691806619047,0.19734510968748467,0.39526004623710354,0.02861690772222432,0.034077988565466136,0.0644446805171932,0.06437070026801801
spair_synthetic_50_50,train,tss,val,dino,5,median,5,0.99,0.34596948623657225,0.2353616976737975,0.76819,0.25703125,0.74296875,0.76819,0.25703125,0.2866821587085724,0.289460688829422,0.38858669996261597,0.36613038182258606,0.3402917981147766,0.6060796260833741,knn,20,50,1e-06,106.86417861423323,34.1403539553683,20480,100000,0.36825329605925994,0.9722855802502881,0.37026990878474,1.3808422169132837,0.8711750567597194,6.581989572825797,0.286139212568273,0.44808945168341624,0.3682648319285513,0.9723248242190528
spair_synthetic_50_50,train,middlebury,val,dino,5,median,5,0.99,0.34596948623657225,0.2801782995462417,0.2591959635416667,0.093603515625,0.906396484375,0.2591959635416667,0.093603515625,0.40180763602256775,0.41627103090286255,0.5083412289619446,0.44672369956970215,0.45239099860191345,0.5920457422733307,knn,20,50,1e-06,61.1319092045515,68.56600543211364,20480,12288,0.19202695265919512,0.9079443667468197,0.1898383447350297,0.9232344545659988,0.7458755868029814,6.123142458994876,0.06678644971567281,0.11887029582360437,0.19200565812666165,0.9079274287273479
spair_synthetic_70_30,train,kitti2015,val,dino,5,median,5,0.99,0.3504585063457488,0.2412361127138137,0.6923076923076923,0.1625,0.8375,0.6923076923076923,0.1625,0.30296966433525085,0.3125919699668884,0.3990358591079712,0.4030936360359192,0.3938906788825989,0.6257923603057861,knn,20,50,1e-06,109.83749486524506,39.0149413778602,20480,53248,0.48479904302575383,2.708133025815986,0.4848197139903967,2.8436978135830167,1.244804349318617,9.385234786590338,0.2246093473350324,0.5163191622910954,0.48479904302575383,2.708133025815986
spair_synthetic_70_30,train,kitti2012,val,dino,5,median,5,0.99,0.3504585063457488,0.2504759114980698,0.63673828125,0.19453125,0.80546875,0.63673828125,0.19453125,0.31217071413993835,0.322134792804718,0.41134851574897763,0.3993375301361084,0.39101484417915344,0.6226468801498414,knn,20,50,1e-06,96.95180497144159,38.26441085025379,20480,51200,0.44382205582553946,1.7124529092203478,0.443551198100048,3.2119116671670835,1.018752366972595,7.9168560257699525,0.241487308253199,0.5721710373853763,0.4438222090585136,1.7124524893225694
spair_synthetic_70_30,train,spair,test,dino,5,median,5,0.99,0.3504585063457488,0.21129608154296875,0.72522,0.2091796875,0.7908203125,0.72522,0.2091796875,0.290490061044693,0.2928168773651123,0.4126098155975342,0.3429747521877289,0.320787250995636,0.5694307327270508,knn,20,50,1e-06,132.14173861423322,17.184932507614384,20480,100000,0.20744608315769258,0.5464871339720898,0.21264580631835964,1.1240898397410906,0.9570218990162302,8.65163380332326,0.15833626459503253,0.29747583878028605,0.20745139017610062,0.5465008838131661
spair_synthetic_70_30,train,pfpascal,test,dino,5,median,5,0.99,0.3504585063457488,0.31635703325271686,0.6764365748355263,0.58173828125,0.41826171874999996,0.6764365748355263,0.58173828125,0.30527371168136597,0.30695751309394836,0.4244913697242737,0.31587380170822144,0.28977763652801514,0.5377995967864991,knn,20,50,1e-06,49.3016951967137,16.715526275444002,20480,77824,0.19008617286332435,0.3328038682972869,0.19322096797716898,0.449305218858695,0.19500705972870622,0.5798390857868887,0.1870090157465952,0.4446798033312301,0.1900794590075761,0.3327935045571748
spair_synthetic_70_30,train,pfwillow,test,dino,5,median,5,0.99,0.3504585063457488,0.21206200122833252,0.73668,0.207666015625,0.792333984375,0.73668,0.207666015625,0.28812217712402344,0.28785818815231323,0.4127920389175415,0.3443337082862854,0.32821202278137207,0.5589778780937196,knn,20,50,1e-06,141.88740861423324,18.18101252470423,20480,100000,0.18663551746262796,0.3854691558366121,0.19206434421781712,0.681068498577399,0.9735057089908654,6.885282742419935,0.10050852843653274,0.14044358984979735,0.18663819018975303,0.38547787828816704
spair_synthetic_70_30,train,pointodyssey,test,dino,5,median,5,0.99,0.3504585063457488,0.11684389948844862,0.27608,0.002587890625,0.997412109375,0.27608,0.002587890625,0.4065612852573395,0.42084088921546936,0.5285508632659912,0.46257323026657104,0.4689352214336395,0.6219875574111939,knn,20,50,1e-06,1591.6824486142334,53.52088984404017,20480,100000,0.20141253913695203,0.4712333536759628,0.19960181853661396,0.7405471345438868,4.472111270795376,21.790425887886638,0.051003669750409264,0.07728180008160057,0.20184226682281703,0.4731424566181351
spair_synthetic_70_30,train,flyingthings,test,dino,5,median,5,0.99,0.3504585063457488,0.28478713095188146,0.16280691964285715,0.120654296875,0.879345703125,0.16280691964285715,0.120654296875,0.4471459984779358,0.46292388439178467,0.568064159154892,0.42187532782554626,0.43362295627593994,0.5539217531681061,knn,20,50,1e-06,103.51663082890404,51.323071379124634,20480,43008,0.0430981363011016,0.04517033945621655,0.043857075904883296,0.05302345075675675,0.2921080138200223,0.6811333067151037,0.035083667116178455,0.043083690654949346,0.04310839425935067,0.04518136186508428
spair_synthetic_70_30,train,tss,val,dino,5,median,5,0.99,0.3504585063457488,0.2353616976737975,0.76571,0.26708984375,0.73291015625,0.76571,0.26708984375,0.2887655794620514,0.29266655445098877,0.39139246940612793,0.351516991853714,0.32598677277565,0.5900977909564972,knn,20,50,1e-06,107.63701861423323,22.001065625290167,20480,100000,0.3060247203539029,0.8621618750412079,0.3094055746872952,1.5025950091850517,0.8487382604220621,6.475795664122709,0.25720911606568936,0.50117904166369,0.30602569304828525,0.8621619524839177
spair_synthetic_70_30,train,middlebury,val,dino,5,median,5,0.99,0.3504585063457488,0.2801782995462417,0.331787109375,0.108349609375,0.891650390625,0.331787109375,0.108349609375,0.37884512543678284,0.3915403187274933,0.47805333137512207,0.4321725368499756,0.432640016078949,0.5839307188987732,knn,20,50,1e-06,55.85602012577545,56.50374346922302,20480,12288,0.24642782126751456,0.6719772092432189,0.24729372487500142,0.993603806431379,0.8353690744780127,5.912308338000498,0.10444754355827045,0.20137024606488746,0.24642353311472096,0.67197408821017
pointodyssey_synthetic_30_70,train,kitti2015,val,dino,5,median,5,0.99,0.3169511032104492,0.2412361127138137,0.11275540865384616,0.047802734375,0.952197265625,0.11275540865384616,0.047802734375,0.4892802834510803,0.5051991939544678,0.6449144840240478,0.49926695227622986,0.5128142833709717,0.6693615972995758,knn,20,50,1e-06,155.7167015960143,111.54734494231332,20480,53248,0.02503412177751113,0.03039916264591892,0.026076144574760936,0.038308780214518647,0.5997365704223404,3.057536804117647,0.015380043665670107,0.017434815970360507,0.025042405298703253,0.030406323743035146
pointodyssey_synthetic_30_70,train,kitti2012,val,dino,5,median,5,0.99,0.3169511032104492,0.2504759114980698,0.1187109375,0.060400390625,0.939599609375,0.1187109375,0.060400390625,0.48944374918937683,0.507914125919342,0.6466801702976227,0.49589377641677856,0.5141271352767944,0.6645585834980012,knn,20,50,1e-06,139.64213700269158,110.36515547916005,20480,51200,0.015637902594809298,0.01903183785303198,0.017292066981377387,0.028349712450801774,0.49450718023647355,2.7373296306940618,0.008947337803110354,0.010193177275077955,0.01562841697425404,0.019022643510806098
pointodyssey_synthetic_30_70,train,spair,test,dino,5,median,5,0.99,0.3169511032104492,0.21129608154296875,0.17343,0.0591796875,0.9408203125,0.17343,0.0591796875,0.45819082856178284,0.4683416485786438,0.631804883480072,0.44865673780441284,0.4635195732116699,0.6239162623882295,knn,20,50,1e-06,173.99406861423324,95.77162226591517,20480,100000,0.008002724384864176,0.00834140275942704,0.010441751538936436,0.024966623423117226,0.6989420223956566,6.087403933409126,0.006911496520744348,0.007404314569781181,0.007996252961342458,0.008333577243684099
pointodyssey_synthetic_30_70,train,pfpascal,test,dino,5,median,5,0.99,0.3169511032104492,0.31635703325271686,0.14034231085526316,0.185400390625,0.814599609375,0.14034231085526316,0.185400390625,0.4897094666957855,0.5137880444526672,0.655149120092392,0.4322960376739502,0.4492822289466858,0.5787333130836487,knn,20,50,1e-06,91.29163724543902,97.16724594097136,20480,77824,0.22618170212737815,0.15974072816786497,0.23040390255893045,0.16475397164236744,0.21940152417977182,0.15584449381063442,0.011682240616716117,0.013137564810076266,0.226193385822607,0.1597566509300218
pointodyssey_synthetic_30_70,train,pfwillow,test,dino,5,median,5,0.99,0.3169511032104492,0.21206200122833252,0.24458,0.07451171875,0.92548828125,0.24458,0.07451171875,0.4352811574935913,0.4516112804412842,0.6226489543914795,0.4329906404018402,0.44778209924697876,0.6045371413230896,knn,20,50,1e-06,176.99756861423322,90.82644404325893,20480,100000,0.02005004537705049,0.0190904206263818,0.022428688678856237,0.03468479712631311,0.6589611615615735,5.978432303338536,0.01614895540944124,0.015409710107047413,0.020029401145948124,0.019068710505005856
pointodyssey_synthetic_30_70,train,pointodyssey,test,dino,5,median,5,0.99,0.3169511032104492,0.11684389948844862,0.5496,0.020068359375,0.979931640625,0.5496,0.020068359375,0.3044770061969757,0.3042903542518616,0.4353159606456757,0.4177009165287018,0.4210427403450012,0.6145331144332887,knn,20,50,1e-06,1556.9021286142336,80.35547236357142,20480,100000,0.39978408745949645,0.8479364349714533,0.39831107696703627,1.012849342361307,3.225457438195531,19.151169931562926,0.0378851957894685,0.03752679800096252,0.39991130136449027,0.8480013786444179
pointodyssey_synthetic_30_70,train,flyingthings,test,dino,5,median,5,0.99,0.3169511032104492,0.28478713095188146,0.11323474702380952,0.1294921875,0.8705078125,0.11323474702380952,0.1294921875,0.44415536522865295,0.4508574903011322,0.5711512982845307,0.4041709005832672,0.4066403806209564,0.536712020635605,knn,20,50,1e-06,101.1915982768207,92.30527963107775,20480,43008,0.07968673884950973,0.07924892869692175,0.07885542771415652,0.08151275298646318,0.025211060470734976,0.02904332114539919,0.023518648566245193,0.026433565159735363,0.07968381796868103,0.07924670858598994
pointodyssey_synthetic_30_70,train,tss,val,dino,5,median,5,0.99,0.3169511032104492,0.2353616976737975,0.10344,0.05556640625,0.94443359375,0.10344,0.05556640625,0.5087955594062805,0.5307201147079468,0.6696334660053254,0.4741012454032898,0.48991674184799194,0.6445168256759644,knn,20,50,1e-06,158.98248861423323,105.12864130888393,20480,100000,0.038074722545297764,0.038017437885065515,0.039266797868788915,0.04235752303165264,0.45454675498107816,3.357361769315423,0.032947988541341997,0.0418009110577471,0.03806862992692419,0.03800777791286932
pointodyssey_synthetic_30_70,train,middlebury,val,dino,5,median,5,0.99,0.3169511032104492,0.2801782995462417,0.07275390625,0.04306640625,0.95693359375,0.07275390625,0.04306640625,0.47674593329429626,0.4880305826663971,0.5963624358177185,0.48633891344070435,0.4912186861038208,0.6242496609687805,knn,20,50,1e-06,77.289746118614,114.97622271726989,20480,12288,0.02724220662605098,0.03781125011620706,0.02835514399012252,0.04715141376919642,0.25284223472361383,0.510125339125998,0.022562457496314067,0.02924980905776864,0.02723936258370971,0.037808508865250584
pointodyssey_synthetic_70_30,train,kitti2015,val,dino,5,median,5,0.99,0.30440859317779534,0.2412361127138137,0.09506460336538461,0.0625,0.9375,0.09506460336538461,0.0625,0.4900861978530884,0.5053008794784546,0.6457483887672425,0.4782126545906067,0.48849809169769287,0.6507530629634857,knn,20,50,1e-06,153.8728107456537,147.75856320403207,20480,53248,0.021094263585692278,0.024335355840548363,0.02298359759103663,0.034992580510310255,0.37386748232479255,1.1308921718891383,0.033637062233868094,0.041131524423879275,0.021093821094179472,0.024333351657958906
pointodyssey_synthetic_70_30,train,kitti2012,val,dino,5,median,5,0.99,0.30440859317779534,0.2504759114980698,0.10853515625,0.07314453125,0.92685546875,0.10853515625,0.07314453125,0.48842915892601013,0.5066606998443604,0.6483267486095429,0.47670111060142517,0.49474626779556274,0.6452814698219299,knn,20,50,1e-06,137.5102229401916,146.8814762799413,20480,51200,0.015876045559393835,0.017050375765159224,0.018666473434286793,0.024281851021580078,0.2854105612660084,0.8255945670599002,0.01829256134779837,0.02213198000409094,0.01588669821725329,0.01705924254897628
pointodyssey_synthetic_70_30,train,spair,test,dino,5,median,5,0.99,0.30440859317779534,0.21129608154296875,0.15684,0.07470703125,0.92529296875,0.15684,0.07470703125,0.4581862986087799,0.46948522329330444,0.63425612449646,0.4381539821624756,0.4510596990585327,0.6133150815963746,knn,20,50,1e-06,172.70796861423324,133.93920039091518,20480,100000,0.01965360296880316,0.020830461543766745,0.022507685551937388,0.02820488178387436,0.5427642008794705,1.6188579119491697,0.01279209710320693,0.014429701672932298,0.01964941063551478,0.020827741606241672
pointodyssey_synthetic_70_30,train,pfpascal,test,dino,5,median,5,0.99,0.30440859317779534,0.31635703325271686,0.12406198601973684,0.20224609375,0.79775390625,0.12406198601973684,0.20224609375,0.4912536144256592,0.5141817331314087,0.6596105992794037,0.414551317691803,0.42936378717422485,0.5585663437843322,knn,20,50,1e-06,89.96167476599824,133.78445175151822,20480,77824,0.38851140443810367,0.2526803450776592,0.3957943585872505,0.2579419222413615,0.6010884384639787,0.34191123604050194,0.0206117434809111,0.0232775798380177,0.3885004395994342,0.2526717834197859
pointodyssey_synthetic_70_30,train,pfwillow,test,dino,5,median,5,0.99,0.30440859317779534,0.21206200122833252,0.22334,0.085400390625,0.914599609375,0.22334,0.085400390625,0.4379692077636719,0.45447567105293274,0.6330179274082185,0.4209586977958679,0.43340978026390076,0.5926932454109193,knn,20,50,1e-06,175.26738861423323,128.34895380888392,20480,100000,0.05324358920342486,0.04811690428569589,0.057480146680176196,0.05601370121374069,0.4698199658580622,3.287919870739759,0.024516054229809556,0.023223365236769634,0.05325118913440545,0.048133902614519
pointodyssey_synthetic_70_30,train,pointodyssey,test,dino,5,median,5,0.99,0.30440859317779534,0.11684389948844862,0.50006,0.0359375,0.9640625,0.50006,0.0359375,0.3019746243953705,0.30437514185905457,0.43197798728942877,0.3627691864967346,0.3433307409286499,0.5781373023986817,knn,20,50,1e-06,1549.1557286142336,102.22461298857142,20480,100000,0.19414678582025988,0.36034447831251326,0.19203945167992814,0.519942726713661,2.5790639136155185,14.445812311771363,0.11067244528329209,0.14625568358982127,0.19395747309496428,0.36024336354929737
pointodyssey_synthetic_70_30,train,flyingthings,test,dino,5,median,5,0.99,0.30440859317779534,0.28478713095188146,0.09630766369047619,0.18291015625,0.81708984375,0.09630766369047619,0.18291015625,0.4469932019710541,0.4531160295009613,0.5772110104560852,0.37741804122924805,0.37250202894210815,0.5154318571090698,knn,20,50,1e-06,99.6183793408088,126.443524259984,20480,43008,0.23476214890530903,0.22802232395326544,0.2351348262720372,0.22814827817239516,0.09875797680090391,0.1012337731135572,0.054088562490312964,0.07743349109049978,0.23470929357942727,0.2279783787217851
pointodyssey_synthetic_70_30,train,tss,val,dino,5,median,5,0.99,0.30440859317779534,0.2353616976737975,0.09478,0.074658203125,0.925341796875,0.09478,0.074658203125,0.5078160166740417,0.5284912586212158,0.6723184764385224,0.4548467695713043,0.465085506439209,0.6332361102104187,knn,20,50,1e-06,157.26288861423322,141.4247838870089,20480,100000,0.08588332439746282,0.08675087296512599,0.08681672344518691,0.09441060658436522,0.28309722687620476,0.8317440445187975,0.07333979993136013,0.10412070504115534,0.08593732277261226,0.08681276670970019
pointodyssey_synthetic_70_30,train,middlebury,val,dino,5,median,5,0.99,0.30440859317779534,0.2801782995462417,0.06494140625,0.058837890625,0.941162109375,0.06494140625,0.058837890625,0.47399255633354187,0.4838479459285736,0.5968079149723053,0.4608217775821686,0.46348389983177185,0.600085747241974,knn,20,50,1e-06,74.6700460046817,150.33165484617612,20480,12288,0.027288941234134296,0.02796575587800748,0.02861169071115372,0.04826685424342327,0.07021212385759434,0.12057478812318413,0.03303084797078977,0.04668176445356103,0.02720694126435914,0.02787101861602193
flyingthings_synthetic_30_70,train,kitti2015,val,dino,5,median,5,0.99,0.3477735424041744,0.2412361127138137,0.24006535456730768,0.040087890625,0.959912109375,0.24006535456730768,0.040087890625,0.4256192445755005,0.43610256910324097,0.5597112596035004,0.5040212869644165,0.5192170143127441,0.6769292414188386,knn,20,50,1e-06,147.37434131957198,84.46819455168831,20480,53248,0.2927028030478048,0.6545145653528344,0.29419253163780523,0.720771836879803,1.273796139409495,10.402412794216874,0.012893601228832267,0.013147736102950572,0.2927028030478048,0.6545145653528344
flyingthings_synthetic_30_70,train,kitti2012,val,dino,5,median,5,0.99,0.3477735424041744,0.2504759114980698,0.24240234375,0.054345703125,0.945654296875,0.24240234375,0.054345703125,0.4214087426662445,0.4335780441761017,0.5502981305122375,0.49538111686706543,0.5089032649993896,0.6717862188816071,knn,20,50,1e-06,130.35942215894158,82.23224532291005,20480,51200,0.29218830103259563,0.6287362457529118,0.29299135203246196,0.7041515918297906,1.1154340991904492,9.75496679365948,0.032720450081797456,0.03457245196943539,0.29218830103259563,0.6287362457529118
flyingthings_synthetic_30_70,train,spair,test,dino,5,median,5,0.99,0.3477735424041744,0.21129608154296875,0.26975,0.0466796875,0.9533203125,0.26975,0.0466796875,0.4291713535785675,0.44152283668518066,0.585112452507019,0.45573991537094116,0.4694124162197113,0.6293972432613373,knn,20,50,1e-06,172.04976861423322,70.16033076200893,20480,100000,0.05110754961394956,0.07124312170681019,0.05569021290566874,0.1300288920261807,1.1564814063258373,11.256470647656913,0.007196542318557238,0.007743149958584285,0.05114317299303191,0.07130446443359975
flyingthings_synthetic_30_70,train,pfpascal,test,dino,5,median,5,0.99,0.3477735424041744,0.31635703325271686,0.20005396792763158,0.18046875,0.81953125,0.20005396792763158,0.18046875,0.45916837453842163,0.4774353504180908,0.607189804315567,0.4413403570652008,0.45863378047943115,0.5879034280776978,knn,20,50,1e-06,89.56204226188639,71.90781600933072,20480,77824,0.018175333285015804,0.01699852145917771,0.02170194449061739,0.029714905646389848,0.04897717508961821,0.060608077196152646,0.006534921005240176,0.0065963536866001865,0.018170425104240717,0.016993523835154976
flyingthings_synthetic_30_70,train,pfwillow,test,dino,5,median,5,0.99,0.3477735424041744,0.21206200122833252,0.31716,0.06396484375,0.93603515625,0.31716,0.06396484375,0.4112316071987152,0.4317741394042969,0.575675368309021,0.4451729655265808,0.4625181257724762,0.6164375841617585,knn,20,50,1e-06,176.76252861423322,66.60920771513392,20480,100000,0.056452953966477766,0.06890386136606998,0.0612396490664372,0.12371544663365054,1.1247909824449855,11.180774208371625,0.012263500775811544,0.011482551168014794,0.056460114323920126,0.06891177607360123
flyingthings_synthetic_30_70,train,pointodyssey,test,dino,5,median,5,0.99,0.3477735424041744,0.11684389948844862,0.33247,0.00126953125,0.99873046875,0.33247,0.00126953125,0.37911075353622437,0.3834167718887329,0.47726897001266483,0.47280383110046387,0.4776212275028229,0.6303590178489685,knn,20,50,1e-06,1589.6968486142334,73.00515498075892,20480,100000,0.46469128509712826,1.0222207849957374,0.46179669631777265,1.7506011925930784,6.213460815184899,21.841087457810275,0.05752935919514901,0.06411204550054062,0.4648367309659128,1.0223307013186838
flyingthings_synthetic_30_70,train,flyingthings,test,dino,5,median,5,0.99,0.3477735424041744,0.28478713095188146,0.4192708333333333,0.13759765625,0.86240234375,0.4192708333333333,0.13759765625,0.3594936728477478,0.36122703552246094,0.44981015920639045,0.41220274567604065,0.41923215985298157,0.546852207183838,knn,20,50,1e-06,86.31804568195463,64.88721322482776,20480,43008,0.2983501947555393,0.46698185583378604,0.2980828910591919,0.49614034934642465,0.8238937242660912,2.9022512297093623,0.08017958058116069,0.08717950855644603,0.2983466023113678,0.46697745263991164
flyingthings_synthetic_30_70,train,tss,val,dino,5,median,5,0.99,0.3477735424041744,0.2353616976737975,0.17651,0.035888671875,0.964111328125,0.17651,0.035888671875,0.4562159478664398,0.46580368280410767,0.5904770135879517,0.48404234647750854,0.5003306865692139,0.6462974131107331,knn,20,50,1e-06,154.84743861423323,79.98004511747767,20480,100000,0.09616868590048558,0.12666592467561982,0.0995901892439803,0.1792139318703322,1.04329140312021,9.222134515908683,0.023969238583837166,0.02518307639819542,0.09616986786000833,0.12666787424815032
flyingthings_synthetic_30_70,train,middlebury,val,dino,5,median,5,0.99,0.3477735424041744,0.2801782995462417,0.13606770833333334,0.02861328125,0.97138671875,0.13606770833333334,0.02861328125,0.437915563583374,0.44944897294044495,0.5285261034965515,0.4939526617527008,0.4996950328350067,0.6293252587318421,knn,20,50,1e-06,72.9922607670515,88.50866290281677,20480,12288,0.27224656925536794,0.6417527339641422,0.26749681620207694,1.040807480537305,1.0907669620206768,6.765503248965389,0.06893360213047403,0.10913405363717778,0.27224977695938124,0.6417549973580073
flyingthings_synthetic_70_30,train,kitti2015,val,dino,5,median,5,0.99,0.341735582947731,0.2412361127138137,0.28173828125,0.03505859375,0.96494140625,0.28173828125,0.03505859375,0.39801156520843506,0.4019855856895447,0.5181217193603516,0.4728238582611084,0.47678402066230774,0.635930371284485,knn,20,50,1e-06,138.69252228411526,68.28785397551644,20480,53248,0.2697662408593933,0.6782210935216485,0.2708189125895817,0.7996733330463635,1.3891283996652168,9.349309797334476,0.022694259553363058,0.028557427222326077,0.26976974647632074,0.6782231888920547
flyingthings_synthetic_70_30,train,kitti2012,val,dino,5,median,5,0.99,0.341735582947731,0.2504759114980698,0.28712890625,0.051025390625,0.948974609375,0.28712890625,0.051025390625,0.39451876282691956,0.4006558060646057,0.5106014370918274,0.46077069640159607,0.46378323435783386,0.6261185944080354,knn,20,50,1e-06,121.5926936433166,65.34935958072255,20480,51200,0.2294518707509872,0.5523318635118384,0.2309997606960071,0.78225120188309,1.1850075523896855,7.644710214031722,0.03805859189047914,0.05292148026991149,0.22944984487935124,0.5523287076016011
flyingthings_synthetic_70_30,train,spair,test,dino,5,median,5,0.99,0.341735582947731,0.21129608154296875,0.26263,0.02900390625,0.97099609375,0.26263,0.02900390625,0.41916945576667786,0.4230492115020752,0.5649129748344421,0.45395779609680176,0.46332114934921265,0.6050012171268464,knn,20,50,1e-06,169.60078861423324,62.09944209013392,20480,100000,0.05712867462148806,0.07359432134842914,0.062266079310026805,0.12564431662130782,1.4038913260723886,9.837537060576338,0.013124048177824428,0.012863028849698668,0.05717475272446643,0.0737140752732434
flyingthings_synthetic_70_30,train,pfpascal,test,dino,5,median,5,0.99,0.341735582947731,0.31635703325271686,0.20762232730263158,0.155224609375,0.844775390625,0.20762232730263158,0.155224609375,0.44674912095069885,0.4576302170753479,0.5926280975341797,0.43337923288345337,0.4455549120903015,0.5596217215061189,knn,20,50,1e-06,85.91656657315285,61.68079574565885,20480,77824,0.03841418359789228,0.03318940902329533,0.043222076060248964,0.049928748341697866,0.019793803248033356,0.019716684426809947,0.015912509378229335,0.014943020346767602,0.038410898914357436,0.03318554033599122
flyingthings_synthetic_70_30,train,pfwillow,test,dino,5,median,5,0.99,0.341735582947731,0.21206200122833252,0.30054,0.037255859375,0.962744140625,0.30054,0.037255859375,0.408630907535553,0.4196000099182129,0.5599885284900665,0.4517660140991211,0.4661748707294464,0.6020938694477083,knn,20,50,1e-06,177.00620861423323,61.79684199247767,20480,100000,0.07179094204413862,0.08682527844875632,0.07615442804963361,0.13760205426619254,1.3756805285265084,11.56640167480704,0.017227590488832392,0.016260297851854698,0.07181036519003263,0.0868444128350615
flyingthings_synthetic_70_30,train,pointodyssey,test,dino,5,median,5,0.99,0.341735582947731,0.11684389948844862,0.49007,0.001513671875,0.998486328125,0.49007,0.001513671875,0.34229108691215515,0.3434659242630005,0.4477535903453827,0.4459048807621002,0.44702616333961487,0.5984452962875367,knn,20,50,1e-06,1576.4419686142335,56.661673535446425,20480,100000,0.500813676485589,1.1165738574892945,0.4988807368169088,1.695313538817508,6.687578662662126,21.834925395334622,0.025388683920447495,0.028409688906170114,0.5009150829257591,1.116728860500113
flyingthings_synthetic_70_30,train,flyingthings,test,dino,5,median,5,0.99,0.341735582947731,0.28478713095188146,0.6340448288690477,0.30029296875,0.69970703125,0.6340448288690477,0.30029296875,0.3203081488609314,0.3180226981639862,0.4106888353824616,0.3513872027397156,0.33380740880966187,0.5047396481037141,knn,20,50,1e-06,70.12453517228201,36.970514006077764,20480,43008,0.15492915743090166,0.3325212107694897,0.1561546384528565,0.4492829305839992,0.4422395699006731,2.190341722895252,0.13250744199892375,0.21938757142336046,0.15492059853810972,0.33251431978028473
flyingthings_synthetic_70_30,train,tss,val,dino,5,median,5,0.99,0.341735582947731,0.2353616976737975,0.21545,0.03232421875,0.96767578125,0.21545,0.03232421875,0.43479233980178833,0.4435792863368988,0.5642434775829316,0.47502055764198303,0.4884583652019501,0.6283156871795654,knn,20,50,1e-06,148.62875861423322,69.1482152834933,20480,100000,0.11256914433735171,0.1678127484465729,0.1142934159087815,0.18607749387922703,1.1641372571562505,7.258814713352052,0.016361210833555864,0.0190553071258642,0.11258349004269325,0.16782119821818392
flyingthings_synthetic_70_30,train,middlebury,val,dino,5,median,5,0.99,0.341735582947731,0.2801782995462417,0.181884765625,0.0353515625,0.9646484375,0.181884765625,0.0353515625,0.4073876142501831,0.4139088988304138,0.4975996553897858,0.45674237608909607,0.4551663100719452,0.5801775693893433,knn,20,50,1e-06,63.152559432416076,70.01140948484802,20480,12288,0.1916309322085602,0.4351891348965996,0.1919849006634568,0.6969055874039681,0.997951916150909,4.446687142946329,0.047640436936933594,0.08687461441657207,0.19164440980613065,0.4351975103312484
sintel_synthetic_30_70,train,kitti2015,val,dino,5,median,5,0.99,0.3238163655996322,0.2412361127138137,0.2073692908653846,0.067431640625,0.932568359375,0.2073692908653846,0.067431640625,0.428634911775589,0.44116508960723877,0.5770968914031982,0.491180419921875,0.5142014622688293,0.6727621555328369,knn,20,50,1e-06,145.43272848904314,82.99221798918832,20480,53248,0.22183327216945234,0.4650774016442799,0.22145717468032702,0.6519665716438247,0.8669928014480497,8.57088613355372,0.014118020330135353,0.01487643409836993,0.22183327216945234,0.4650774016442799
sintel_synthetic_30_70,train,kitti2012,val,dino,5,median,5,0.99,0.3238163655996322,0.2504759114980698,0.245234375,0.089404296875,0.910595703125,0.245234375,0.089404296875,0.406961590051651,0.41903454065322876,0.5559462189674377,0.4827023446559906,0.5067033767700195,0.6689406633377075,knn,20,50,1e-06,125.59421708081659,80.0786442486913,20480,51200,0.2785447121508406,0.5635875381365711,0.27935999601429334,0.7241965414422818,0.8079171115171953,7.106205963319301,0.024535924403960796,0.025766704724731027,0.2785412199742099,0.5635856061724744
sintel_synthetic_30_70,train,spair,test,dino,5,median,5,0.99,0.3238163655996322,0.21129608154296875,0.24619,0.073876953125,0.926123046875,0.24619,0.073876953125,0.4213537573814392,0.43252140283584595,0.5883960723876953,0.4400690197944641,0.4528827369213104,0.6281245470046998,knn,20,50,1e-06,168.71030861423324,67.39727534208704,20480,100000,0.03813674405290282,0.04877917773836219,0.043789721076621296,0.12101497849708331,0.8059838191678057,6.8734590262761746,0.011649539432264853,0.012216933223610702,0.03814398733372601,0.048789360855177925
sintel_synthetic_30_70,train,pfpascal,test,dino,5,median,5,0.99,0.3238163655996322,0.31635703325271686,0.18861790707236842,0.23759765625,0.76240234375,0.18861790707236842,0.23759765625,0.45102861523628235,0.47452807426452637,0.6034603536128997,0.4201762080192566,0.43214350938796997,0.5826923727989197,knn,20,50,1e-06,85.76710753737981,68.53699691753384,20480,77824,0.03761207505274197,0.03634393797140125,0.04090807495018671,0.057945772042189196,0.02237040935751819,0.022734435802112363,0.045243263090756464,0.06284397168579853,0.03761207505274197,0.03634393797140125
sintel_synthetic_30_70,train,pfwillow,test,dino,5,median,5,0.99,0.3238163655996322,0.21206200122833252,0.30145,0.09150390625,0.90849609375,0.30145,0.09150390625,0.4088584780693054,0.42932289838790894,0.5984628796577454,0.4321945607662201,0.4509789049625397,0.6175732314586639,knn,20,50,1e-06,173.34332861423323,64.13956049833705,20480,100000,0.03528978696910309,0.03621567998449691,0.043002101077700035,0.11191926000800434,0.8035007684305415,8.592667077188905,0.024112648625697692,0.020913962095486557,0.03531020027309957,0.036242666975411314
sintel_synthetic_30_70,train,pointodyssey,test,dino,5,median,5,0.99,0.3238163655996322,0.11684389948844862,0.18308,0.001708984375,0.998291015625,0.18308,0.001708984375,0.41998305916786194,0.43397223949432373,0.545287013053894,0.47943925857543945,0.49128690361976624,0.6349275410175323,knn,20,50,1e-06,1596.8038886142335,76.9597875491183,20480,100000,0.19720216362874493,0.35735559846203996,0.19910482577690894,0.6188136895738057,3.87597111142324,21.757102000415916,0.02163687386531392,0.024926708742888132,0.19777257479634686,0.35803820821680116
sintel_synthetic_30_70,train,flyingthings,test,dino,5,median,5,0.99,0.3238163655996322,0.28478713095188146,0.11951264880952381,0.108349609375,0.891650390625,0.11951264880952381,0.108349609375,0.4448680877685547,0.4588721990585327,0.5585360109806061,0.428041934967041,0.4404275119304657,0.5549377381801606,knn,20,50,1e-06,104.0697721049457,72.21250619357775,20480,43008,0.02394236604784622,0.025095270526224345,0.024860708683982078,0.03036742678314509,0.15752948066691,0.2525088198995156,0.02644382788620648,0.030342593294634013,0.023951555390854255,0.025105702208724864
sintel_synthetic_30_70,train,tss,val,dino,5,median,5,0.99,0.3238163655996322,0.2353616976737975,0.13383,0.04990234375,0.95009765625,0.13383,0.04990234375,0.4861781597137451,0.5114232301712036,0.6320813894271851,0.4782019555568695,0.4966461658477783,0.6490882277488709,knn,20,50,1e-06,157.59859861423323,80.68851679716518,20480,100000,0.028159230662015595,0.03222698008290202,0.03191949657586076,0.059585249484135905,0.6782991862835799,6.4485836829235215,0.057437649672498634,0.0784561080062495,0.02817254640316011,0.03225302831152185
sintel_synthetic_30_70,train,middlebury,val,dino,5,median,5,0.99,0.3238163655996322,0.2801782995462417,0.09285481770833333,0.042236328125,0.957763671875,0.09285481770833333,0.042236328125,0.4662548005580902,0.4821540415287018,0.5773669242858886,0.49581289291381836,0.5080608129501343,0.6351911425590515,knn,20,50,1e-06,77.33720095259838,91.3575459594574,20480,12288,0.0951956961513769,0.1719015714928073,0.09426380044087464,0.2811613144917226,0.5048018795743857,2.1288813483205526,0.033487786091638716,0.04811241346376627,0.0952024357399165,0.17190638771857958
sintel_synthetic_70_30,train,kitti2015,val,dino,5,median,5,0.99,0.3269094461202613,0.2412361127138137,0.27432016225961536,0.09755859375,0.90244140625,0.27432016225961536,0.09755859375,0.38798758387565613,0.3984961211681366,0.5193210899829864,0.44519370794296265,0.44593948125839233,0.6383870840072632,knn,20,50,1e-06,132.45225973904314,64.38132931731332,20480,53248,0.24359743135960135,0.6508217902321771,0.24381675667178454,0.7862479809834447,0.8126544807641407,7.195887747572658,0.09670938401594201,0.1439145635432188,0.24359743135960135,0.6508217902321771
sintel_synthetic_70_30,train,kitti2012,val,dino,5,median,5,0.99,0.3269094461202613,0.2504759114980698,0.338203125,0.132861328125,0.867138671875,0.338203125,0.132861328125,0.3633745610713959,0.37255263328552246,0.49621031880378724,0.4310041069984436,0.428414523601532,0.635773503780365,knn,20,50,1e-06,109.86852372144159,58.90061690494129,20480,51200,0.27432608039096573,0.7587632493788972,0.2745993509900557,1.3118145060564232,0.7206323850428341,6.7442986736870925,0.11119099630414452,0.14740634687680032,0.27432493296989013,0.758762573126541
sintel_synthetic_70_30,train,spair,test,dino,5,median,5,0.99,0.3269094461202613,0.21129608154296875,0.28321,0.082080078125,0.917919921875,0.28321,0.082080078125,0.39832085371017456,0.40773099660873413,0.5528380393981935,0.4140925407409668,0.4164597690105438,0.596176165342331,knn,20,50,1e-06,161.50106861423322,54.473673047165164,20480,100000,0.03322026689664105,0.043328646154256786,0.037720485001538635,0.08799621121795875,0.8278493561711443,6.357034609987613,0.021942312721080506,0.025977349622558623,0.0331996753974986,0.043318563756837666
sintel_synthetic_70_30,train,pfpascal,test,dino,5,median,5,0.99,0.3269094461202613,0.31635703325271686,0.21846731085526316,0.26533203125,0.73466796875,0.21846731085526316,0.26533203125,0.4286322295665741,0.4470020830631256,0.5754223644733429,0.38886404037475586,0.39548465609550476,0.5424130320549012,knn,20,50,1e-06,78.95945180136007,54.03858993511197,20480,77824,0.08493487710203185,0.07842379059912451,0.08831211468899602,0.09041969213094839,0.04987776772422395,0.047345284510680756,0.04552579897037366,0.06795757177302811,0.084933714921019,0.07842263615951318
sintel_synthetic_70_30,train,pfwillow,test,dino,5,median,5,0.99,0.3269094461202613,0.21206200122833252,0.32304,0.09619140625,0.90380859375,0.32304,0.09619140625,0.39186805486679077,0.4106177091598511,0.5709435939788818,0.4145461618900299,0.4219692349433899,0.5953390479087832,knn,20,50,1e-06,168.28622861423324,53.61932124052454,20480,100000,0.03345514147167297,0.03612163494215438,0.03971175863634349,0.09478104812462347,0.8139297797267466,6.625253226490203,0.02140370687642918,0.01977478882387306,0.03344921105094319,0.036117702591745335
sintel_synthetic_70_30,train,pointodyssey,test,dino,5,median,5,0.99,0.3269094461202613,0.11684389948844862,0.24173,0.002392578125,0.997607421875,0.24173,0.002392578125,0.3968980014324188,0.4034300744533539,0.5212894558906556,0.46350011229515076,0.47511738538742065,0.6147161662578584,knn,20,50,1e-06,1589.9022886142334,66.0046117678683,20480,100000,0.22646868365719508,0.38742855152999434,0.22828858160881874,0.6138235377719947,3.9430585706893337,21.764972086183867,0.01488117302960399,0.01487131427123171,0.22664124703134364,0.3876304406098685
sintel_synthetic_70_30,train,flyingthings,test,dino,5,median,5,0.99,0.3269094461202613,0.28478713095188146,0.17108444940476192,0.14541015625,0.85458984375,0.17108444940476192,0.14541015625,0.41206732392311096,0.42402657866477966,0.5230245351791382,0.40491676330566406,0.415273517370224,0.5379312932491302,knn,20,50,1e-06,94.7711881205707,58.401403898655886,20480,43008,0.030720366586879308,0.03402807365764399,0.030842483811258512,0.03656838770035585,0.22258797101470032,0.4288027869866179,0.04088969845161697,0.049381472500044515,0.030710718181135035,0.03401879878380243
sintel_synthetic_70_30,train,tss,val,dino,5,median,5,0.99,0.3269094461202613,0.2353616976737975,0.16067,0.060986328125,0.939013671875,0.16067,0.060986328125,0.46032223105430603,0.4746493995189667,0.6089621424674988,0.4542175233364105,0.4584500789642334,0.6267949104309082,knn,20,50,1e-06,150.82637861423322,68.47278193388392,20480,100000,0.030897146923172806,0.03613252439439325,0.03448262882902103,0.061409873799966624,0.6016988392447847,6.007353542269826,0.06025805229024078,0.08720126303463252,0.030900221187165403,0.03613474621323016
sintel_synthetic_70_30,train,middlebury,val,dino,5,median,5,0.99,0.3269094461202613,0.2801782995462417,0.13525390625,0.06865234375,0.93134765625,0.13525390625,0.06865234375,0.4253522455692291,0.43597880005836487,0.5290553092956544,0.462792307138443,0.46973294019699097,0.6067623615264893,knn,20,50,1e-06,66.2948018640567,76.44482012937927,20480,12288,0.1598583810129377,0.276774996820624,0.16008869620422914,0.3743268431580998,0.5588421163556025,2.263800722234261,0.05662393448923799,0.07267068320472883,0.1598713843107457,0.2767743925283316
