run_id,run_name,train_dataset,step_tag,logsteps,pretrained,freeze,timestamp,benchmark,auc_steps,auc,auc_normalized,auc_points,flow_train_to_eval_coverage,flow_eval_to_train_coverage,flow_outside_mass,flow_k,flow_radius_quantile,flow_radius_train,flow_radius_eval,flow_eval_to_train_mean_dist,flow_eval_to_train_median_dist,flow_eval_to_train_p90_dist,flow_train_to_eval_mean_dist,flow_train_to_eval_median_dist,flow_train_to_eval_p90_dist,resnet_train_to_eval_coverage,resnet_eval_to_train_coverage,resnet_outside_mass,resnet_k,resnet_radius_quantile,resnet_radius_train,resnet_radius_eval,resnet_eval_to_train_mean_dist,resnet_eval_to_train_median_dist,resnet_eval_to_train_p90_dist,resnet_train_to_eval_mean_dist,resnet_train_to_eval_median_dist,resnet_train_to_eval_p90_dist,dino_train_to_eval_coverage,dino_eval_to_train_coverage,dino_outside_mass,dino_k,dino_radius_quantile,dino_radius_train,dino_radius_eval,dino_eval_to_train_mean_dist,dino_eval_to_train_median_dist,dino_eval_to_train_p90_dist,dino_train_to_eval_mean_dist,dino_train_to_eval_median_dist,dino_train_to_eval_p90_dist,flow_mmd,feature_mmd,dino_mmd,flow_train_to_eval_mean_dist_over_radius_eval,flow_eval_to_train_mean_dist_over_radius_train,flow_mean_dist_asymmetry,flow_train_to_eval_median_dist_over_radius_eval,flow_eval_to_train_median_dist_over_radius_train,flow_median_dist_asymmetry,flow_train_to_eval_p90_dist_over_radius_eval,flow_eval_to_train_p90_dist_over_radius_train,flow_p90_dist_asymmetry,resnet_train_to_eval_mean_dist_over_radius_eval,resnet_eval_to_train_mean_dist_over_radius_train,resnet_mean_dist_asymmetry,resnet_train_to_eval_median_dist_over_radius_eval,resnet_eval_to_train_median_dist_over_radius_train,resnet_median_dist_asymmetry,resnet_train_to_eval_p90_dist_over_radius_eval,resnet_eval_to_train_p90_dist_over_radius_train,resnet_p90_dist_asymmetry,dino_train_to_eval_mean_dist_over_radius_eval,dino_eval_to_train_mean_dist_over_radius_train,dino_mean_dist_asymmetry,dino_train_to_eval_median_dist_over_radius_eval,dino_eval_to_train_median_dist_over_radius_train,dino_median_dist_asymmetry,dino_train_to_eval_p90_dist_over_radius_eval,dino_eval_to_train_p90_dist_over_radius_train,dino_p90_dist_asymmetry,flow_train_to_eval_coverage_logit,flow_eval_to_train_coverage_logit,flow_outside_mass_logit,resnet_train_to_eval_coverage_logit,resnet_eval_to_train_coverage_logit,resnet_outside_mass_logit,dino_train_to_eval_coverage_logit,dino_eval_to_train_coverage_logit,dino_outside_mass_logit,baseline_value,auc_delta,baseline_train_dataset,flow_train_to_eval_coverage_logit_z,flow_eval_to_train_coverage_logit_z,resnet_train_to_eval_coverage_logit_z,resnet_eval_to_train_coverage_logit_z,flow_mmd_z,feature_mmd_z,prediction,target,fold
snapshots/flyingthings_logsteps100_pretrainedTrue_freezeFalse_2025_12_10_01_43,flyingthings_logsteps100_pretrainedTrue_freezeFalse_2025_12_10_01_43,flyingthings,logsteps,100,True,False,2025_12_10_01_43,flyingthings,5000,360156.05,72.03121,5,0.2881278415729718,0.34565760349198693,0.6543423965080131,5.0,,,,,,,,,,0.3487952899156292,0.3058993489574425,0.6941006510425576,5.0,,,,,,,,,,,,,,,,,,,,,,,-0.5352859245693777,-1.4305163174839417,,,,,,,,,,,,,,,,,,,,,,,,,,,,,0.5281923086476373,0.276970252295386,0.6381820567063843,1.0767543160017767,0.9389489875336187,0.8193608574425951,,,,48.23252,23.79869,spair,0.6127284319822035,0.22036001413481776,1.1376865107608565,0.9867458131475777,-0.5630973360849645,-1.626384746290243,14.552785766942286,23.79869,flyingthings
snapshots/flyingthings_steps100_pretrainedTrue_freezeFalse_2025_12_10_18_38,flyingthings_steps100_pretrainedTrue_freezeFalse_2025_12_10_18_38,flyingthings,steps,100,True,False,2025_12_10_18_38,flyingthings,5000,359820.25,71.96405,5,0.2881278415729718,0.34565760349198693,0.6543423965080131,5.0,,,,,,,,,,0.3487952899156292,0.3058993489574425,0.6941006510425576,5.0,,,,,,,,,,,,,,,,,,,,,,,-0.5352859245693777,-1.4305163174839417,,,,,,,,,,,,,,,,,,,,,,,,,,,,,0.5281923086476373,0.276970252295386,0.6381820567063843,1.0767543160017767,0.9389489875336187,0.8193608574425951,,,,48.23252,23.73153,spair,0.6127284319822035,0.22036001413481776,1.1376865107608565,0.9867458131475777,-0.5630973360849645,-1.626384746290243,14.552785766942286,23.73153,flyingthings
snapshots/flyingthings_steps100_pretrainedTrue_freezeFalse_2025_12_12_11_46,flyingthings_steps100_pretrainedTrue_freezeFalse_2025_12_12_11_46,flyingthings,steps,100,True,False,2025_12_12_11_46,flyingthings,5000,360656.7,72.13134000000001,5,0.2881278415729718,0.34565760349198693,0.6543423965080131,5.0,,,,,,,,,,0.3487952899156292,0.3058993489574425,0.6941006510425576,5.0,,,,,,,,,,,,,,,,,,,,,,,-0.5352859245693777,-1.4305163174839417,,,,,,,,,,,,,,,,,,,,,,,,,,,,,0.5281923086476373,0.276970252295386,0.6381820567063843,1.0767543160017767,0.9389489875336187,0.8193608574425951,,,,48.23252,23.898820000000008,spair,0.6127284319822035,0.22036001413481776,1.1376865107608565,0.9867458131475777,-0.5630973360849645,-1.626384746290243,14.552785766942286,23.898820000000008,flyingthings
snapshots/pointodyssey_logsteps100_pretrainedTrue_freezeFalse_2025_12_10_11_14,pointodyssey_logsteps100_pretrainedTrue_freezeFalse_2025_12_10_11_14,pointodyssey,logsteps,100,True,False,2025_12_10_11_14,flyingthings,5000,332832.95,66.56659,5,0.012189436081121293,0.5100376104772721,0.48996238952272786,5.0,,,,,,,,,,0.4189200662664006,0.20625763338247083,0.7937423666175292,5.0,,,,,,,,,,,,,,,,,,,,,,,2.5952176525992843,-0.4082986882795238,,,,,,,,,,,,,,,,,,,,,,,,,,,,,-2.3007528639210886,1.321237969171514,-0.04015583695042492,1.8234437035067483,-0.8555443989883481,1.347632898431676,,,,48.23252,18.334070000000004,spair,-2.1864929904452373,1.200633232828122,1.8590851319200241,-0.7340276327382536,2.447910970734198,-0.5872914533014268,1.2450180577544723,18.334070000000004,flyingthings
snapshots/pointodyssey_steps100_pretrainedTrue_freezeFalse_2025_12_11_00_21,pointodyssey_steps100_pretrainedTrue_freezeFalse_2025_12_11_00_21,pointodyssey,steps,100,True,False,2025_12_11_00_21,flyingthings,5000,336081.4,67.21628,5,0.012189436081121293,0.5100376104772721,0.48996238952272786,5.0,,,,,,,,,,0.4189200662664006,0.20625763338247083,0.7937423666175292,5.0,,,,,,,,,,,,,,,,,,,,,,,2.5952176525992843,-0.4082986882795238,,,,,,,,,,,,,,,,,,,,,,,,,,,,,-2.3007528639210886,1.321237969171514,-0.04015583695042492,1.8234437035067483,-0.8555443989883481,1.347632898431676,,,,48.23252,18.983759999999997,spair,-2.1864929904452373,1.200633232828122,1.8590851319200241,-0.7340276327382536,2.447910970734198,-0.5872914533014268,1.2450180577544723,18.983759999999997,flyingthings
snapshots/pointodyssey_steps100_pretrainedTrue_freezeFalse_2025_12_12_23_45,pointodyssey_steps100_pretrainedTrue_freezeFalse_2025_12_12_23_45,pointodyssey,steps,100,True,False,2025_12_12_23_45,flyingthings,5000,304056.2,60.811240000000005,5,0.012189436081121293,0.5100376104772721,0.48996238952272786,5.0,,,,,,,,,,0.4189200662664006,0.20625763338247083,0.7937423666175292,5.0,,,,,,,,,,,,,,,,,,,,,,,2.5952176525992843,-0.4082986882795238,,,,,,,,,,,,,,,,,,,,,,,,,,,,,-2.3007528639210886,1.321237969171514,-0.04015583695042492,1.8234437035067483,-0.8555443989883481,1.347632898431676,,,,48.23252,12.578720000000004,spair,-2.1864929904452373,1.200633232828122,1.8590851319200241,-0.7340276327382536,2.447910970734198,-0.5872914533014268,1.2450180577544723,12.578720000000004,flyingthings
snapshots/sintel_logsteps100_pretrainedTrue_freezeFalse_2025_12_10_01_43,sintel_logsteps100_pretrainedTrue_freezeFalse_2025_12_10_01_43,sintel,logsteps,100,True,False,2025_12_10_01_43,flyingthings,5000,357374.75,71.47495,5,0.09979679957008561,0.45768101166029557,0.5423189883397044,5.0,,,,,,,,,,0.25706545770619293,0.29092003661090965,0.7090799633890903,5.0,,,,,,,,,,,,,,,,,,,,,,,-0.41094476311689826,-0.9111953251249133,,,,,,,,,,,,,,,,,,,,,,,,,,,,,-0.5213802661111884,0.9982031156334178,0.16968190732292512,-0.021271760642029354,0.6958693786446966,0.8909198623824027,,,,48.23252,23.242430000000006,spair,-0.4258162751212908,0.897394503419548,0.07685116082443023,0.7536522061418266,-0.44350243360873987,-1.0984903482171575,10.361488276893477,23.242430000000006,flyingthings
snapshots/sintel_steps100_pretrainedTrue_freezeFalse_2025_12_10_12_22,sintel_steps100_pretrainedTrue_freezeFalse_2025_12_10_12_22,sintel,steps,100,True,False,2025_12_10_12_22,flyingthings,5000,357616.30000000005,71.52326000000001,5,0.09979679957008561,0.45768101166029557,0.5423189883397044,5.0,,,,,,,,,,0.25706545770619293,0.29092003661090965,0.7090799633890903,5.0,,,,,,,,,,,,,,,,,,,,,,,-0.41094476311689826,-0.9111953251249133,,,,,,,,,,,,,,,,,,,,,,,,,,,,,-0.5213802661111884,0.9982031156334178,0.16968190732292512,-0.021271760642029354,0.6958693786446966,0.8909198623824027,,,,48.23252,23.290740000000007,spair,-0.4258162751212908,0.897394503419548,0.07685116082443023,0.7536522061418266,-0.44350243360873987,-1.0984903482171575,10.361488276893477,23.290740000000007,flyingthings
snapshots/sintel_steps100_pretrainedTrue_freezeFalse_2025_12_12_11_44,sintel_steps100_pretrainedTrue_freezeFalse_2025_12_12_11_44,sintel,steps,100,True,False,2025_12_12_11_44,flyingthings,5000,356941.9,71.38838,5,0.09979679957008561,0.45768101166029557,0.5423189883397044,5.0,,,,,,,,,,0.25706545770619293,0.29092003661090965,0.7090799633890903,5.0,,,,,,,,,,,,,,,,,,,,,,,-0.41094476311689826,-0.9111953251249133,,,,,,,,,,,,,,,,,,,,,,,,,,,,,-0.5213802661111884,0.9982031156334178,0.16968190732292512,-0.021271760642029354,0.6958693786446966,0.8909198623824027,,,,48.23252,23.155859999999997,spair,-0.4258162751212908,0.897394503419548,0.07685116082443023,0.7536522061418266,-0.44350243360873987,-1.0984903482171575,10.361488276893477,23.155859999999997,flyingthings
snapshots/spair_logsteps100_pretrainedTrue_freezeFalse_2025_12_10_06_42,spair_logsteps100_pretrainedTrue_freezeFalse_2025_12_10_06_42,spair,logsteps,100,True,False,2025_12_10_06_42,flyingthings,5000,259531.60000000003,51.90632000000001,5,0.14248546444791804,0.11013290819923163,0.8898670918007684,5.0,,,,,,,,,,0.15897695779631443,0.3471823294306611,0.6528176705693389,5.0,,,,,,,,,,,,,,,,,,,,,,,0.13915507316959452,1.4548342300522366,,,,,,,,,,,,,,,,,,,,,,,,,,,,,-0.19338739169977215,-1.9570838789107767,2.089384223724485,-1.5405878962789592,1.5772730691782024,0.6314477851763142,,,,48.23252,3.673800000000007,spair,-0.10126962453268355,-1.8767874879288862,-1.391004929933333,1.5988467759114287,0.08559939803221199,1.3065996948017005,-0.3123947150372812,3.673800000000007,flyingthings
snapshots/spair_steps100_pretrainedTrue_freezeFalse_2025_12_10_20_45,spair_steps100_pretrainedTrue_freezeFalse_2025_12_10_20_45,spair,steps,100,True,False,2025_12_10_20_45,flyingthings,5000,209353.55,41.870709999999995,5,0.14248546444791804,0.11013290819923163,0.8898670918007684,5.0,,,,,,,,,,0.15897695779631443,0.3471823294306611,0.6528176705693389,5.0,,,,,,,,,,,,,,,,,,,,,,,0.13915507316959452,1.4548342300522366,,,,,,,,,,,,,,,,,,,,,,,,,,,,,-0.19338739169977215,-1.9570838789107767,2.089384223724485,-1.5405878962789592,1.5772730691782024,0.6314477851763142,,,,48.23252,-6.3618100000000055,spair,-0.10126962453268355,-1.8767874879288862,-1.391004929933333,1.5988467759114287,0.08559939803221199,1.3065996948017005,-0.3123947150372812,-6.3618100000000055,flyingthings
snapshots/spair_steps100_pretrainedTrue_freezeFalse_2025_12_12_23_44,spair_steps100_pretrainedTrue_freezeFalse_2025_12_12_23_44,spair,steps,100,True,False,2025_12_12_23_44,flyingthings,5000,254602.65000000002,50.92053000000001,5,0.14248546444791804,0.11013290819923163,0.8898670918007684,5.0,,,,,,,,,,0.15897695779631443,0.3471823294306611,0.6528176705693389,5.0,,,,,,,,,,,,,,,,,,,,,,,0.13915507316959452,1.4548342300522366,,,,,,,,,,,,,,,,,,,,,,,,,,,,,-0.19338739169977215,-1.9570838789107767,2.089384223724485,-1.5405878962789592,1.5772730691782024,0.6314477851763142,,,,48.23252,2.6880100000000056,spair,-0.10126962453268355,-1.8767874879288862,-1.391004929933333,1.5988467759114287,0.08559939803221199,1.3065996948017005,-0.3123947150372812,2.6880100000000056,flyingthings
snapshots/spair_synthetic_70_30_steps100_pretrainedTrue_freezeFalse_2025_12_17_03_25,spair_synthetic_70_30_steps100_pretrainedTrue_freezeFalse_2025_12_17_03_25,spair_synthetic_70_30,steps,100,True,False,2025_12_17_03_25,flyingthings,5000,346451.15,69.29023000000001,5,0.35368481372801003,0.2446216683157943,0.7553783316842058,5.0,,,,,,,,,,0.2777496723251684,0.28470948088974823,0.7152905191102518,5.0,,,,,,,,,,,,,,,,,,,,,,,-0.4802892159077751,-0.7441924407147474,,,,,,,,,,,,,,,,,,,,,,,,,,,,,0.7726456133411201,-0.47631968996080787,1.1275059192418568,0.24416549944985091,0.5929442394183317,0.9212194855387638,,,,48.23252,21.057710000000007,spair,0.8546132637973933,-0.4867670418597379,0.3332979198635425,0.6549553550834332,-0.5101999211656788,-0.9287304339458219,6.984858093535299,21.057710000000007,flyingthings
snapshots/spair_synthetic_steps100_pretrainedTrue_freezeFalse_2025_12_16_15_25,spair_synthetic_steps100_pretrainedTrue_freezeFalse_2025_12_16_15_25,spair_synthetic_50_50,steps,100,True,False,2025_12_16_15_25,flyingthings,5000,355394.85,71.07897,5,0.36864670500747404,0.244935607866333,0.755064392133667,5.0,,,,,,,,,,0.26818055053546136,0.2653481793007092,0.7346518206992908,5.0,,,,,,,,,,,,,,,,,,,,,,,-0.48092014834342767,-0.5084971539301761,,,,,,,,,,,,,,,,,,,,,,,,,,,,,0.8252091456092822,-0.47370533789313707,1.1258076822417067,0.12298402028002065,0.26298747880513185,1.0183538258915679,,,,48.23252,22.846449999999997,spair,0.9066245106007,-0.48431290172425656,0.21622092178907626,0.33855361394681177,-0.5108067701144059,-0.689144082967377,5.126938443695378,22.846449999999997,flyingthings
snapshots/synthetic_large_zoom_steps100_pretrainedTrue_freezeFalse_2025_12_11_12_20,synthetic_large_zoom_steps100_pretrainedTrue_freezeFalse_2025_12_11_12_20,synthetic_large_zoom,steps,100,True,False,2025_12_11_12_20,flyingthings,5000,175084.25000000003,35.016850000000005,3,0.20659285899151372,0.37963798359159584,0.6203620164084042,5.0,,,,,,,,,,0.21592363273473322,0.19322001896564828,0.8067799810343517,5.0,,,,,,,,,,,,,,,,,,,,,,,-0.4106240958858629,0.8970450205716973,,,,,,,,,,,,,,,,,,,,,,,,,,,,,0.17069269938886644,0.5034187880714226,0.4910850811918129,-0.5950008451877575,-1.1326935201022015,1.4292214587288596,,,,48.23252,-13.215669999999996,spair,0.2589850740514023,0.4329313992750259,-0.4774454147478911,-0.9997911355437163,-0.44319400665040193,0.7396020125920371,0.36177341763110205,-13.215669999999996,flyingthings
snapshots/synthetic_large_zoom_steps100_pretrainedTrue_freezeFalse_2025_12_13_11_44,synthetic_large_zoom_steps100_pretrainedTrue_freezeFalse_2025_12_13_11_44,synthetic_large_zoom,steps,100,True,False,2025_12_13_11_44,flyingthings,5000,353783.55000000005,70.75671000000001,5,0.20659285899151372,0.37963798359159584,0.6203620164084042,5.0,,,,,,,,,,0.21592363273473322,0.19322001896564828,0.8067799810343517,5.0,,,,,,,,,,,,,,,,,,,,,,,-0.4106240958858629,0.8970450205716973,,,,,,,,,,,,,,,,,,,,,,,,,,,,,0.17069269938886644,0.5034187880714226,0.4910850811918129,-0.5950008451877575,-1.1326935201022015,1.4292214587288596,,,,48.23252,22.52419000000001,spair,0.2589850740514023,0.4329313992750259,-0.4774454147478911,-0.9997911355437163,-0.44319400665040193,0.7396020125920371,0.36177341763110205,22.52419000000001,flyingthings
snapshots/synthetic_logsteps100_pretrainedTrue_freezeFalse_2025_12_10_12_17,synthetic_logsteps100_pretrainedTrue_freezeFalse_2025_12_10_12_17,synthetic,logsteps,100,True,False,2025_12_10_12_17,flyingthings,5000,355529.05,71.10580999999999,5,0.3887234331271549,0.24165226079032764,0.7583477392096724,5.0,,,,,,,,,,0.19842097280342846,0.19214681375361753,0.8078531862463825,5.0,,,,,,,,,,,,,,,,,,,,,,,-0.47996770660793486,0.9463299635335501,,,,,,,,,,,,,,,,,,,,,,,,,,,,,0.8943805269403101,-0.5011608294786528,1.1436422854095074,-0.8629143951694394,-1.1561293164956354,1.4361206070266197,,,,48.23252,22.87328999999999,spair,0.9750691076604924,-0.5100858741837059,-0.7362845904223361,-1.022264161312382,-0.5098906842813644,0.7897005945513945,-4.233974101539608,22.87328999999999,flyingthings
snapshots/synthetic_random_flipping_steps100_pretrainedTrue_freezeFalse_2025_12_13_11_45,synthetic_random_flipping_steps100_pretrainedTrue_freezeFalse_2025_12_13_11_45,synthetic_random_flipping,steps,100,True,False,2025_12_13_11_45,flyingthings,5000,177062.65,35.41253,3,0.40398276182990045,0.15793268703610383,0.8420673129638961,5.0,,,,,,,,,,0.22151779265237462,0.19280372232096657,0.8071962776790335,5.0,,,,,,,,,,,,,,,,,,,,,,,-0.2102783179866519,0.9803569297913163,,,,,,,,,,,,,,,,,,,,,,,,,,,,,0.9460766168098571,-1.3171447403138155,1.6736910443518733,-0.5127292217226085,-1.1417724804227012,1.4318941689960543,,,,48.23252,-12.819990000000004,spair,1.0262220262895843,-1.2760649059488127,-0.39796037488867714,-1.0084971212849325,-0.2504956798092407,0.8242893077657418,-7.971164883871345,-12.819990000000004,flyingthings
snapshots/synthetic_small_zoom_steps100_pretrainedTrue_freezeFalse_2025_12_11_07_44,synthetic_small_zoom_steps100_pretrainedTrue_freezeFalse_2025_12_11_07_44,synthetic_small_zoom,steps,100,True,False,2025_12_11_07_44,flyingthings,5000,351473.0,70.2946,5,0.14891402076191668,0.43635916613402526,0.5636408338659747,5.0,,,,,,,,,,0.20976999893321135,0.19126411398789323,0.8087358860121068,5.0,,,,,,,,,,,,,,,,,,,,,,,-0.3597222997153889,1.1069119079055683,,,,,,,,,,,,,,,,,,,,,,,,,,,,,-0.15152244143745688,0.8653952582208019,0.255951549486951,-0.6873051653340845,-1.1754798855755826,1.4418171254417567,,,,48.23252,22.06208,spair,-0.05984454964630018,0.77272533693121,-0.5666233385203129,-1.0408197858054258,-0.39423519624714665,0.9529335662835808,1.34942262567041,22.06208,flyingthings
snapshots/synthetic_small_zoom_steps100_pretrainedTrue_freezeFalse_2025_12_13_11_38,synthetic_small_zoom_steps100_pretrainedTrue_freezeFalse_2025_12_13_11_38,synthetic_small_zoom,steps,100,True,False,2025_12_13_11_38,flyingthings,5000,354648.80000000005,70.92976000000002,5,0.14891402076191668,0.43635916613402526,0.5636408338659747,5.0,,,,,,,,,,0.20976999893321135,0.19126411398789323,0.8087358860121068,5.0,,,,,,,,,,,,,,,,,,,,,,,-0.3597222997153889,1.1069119079055683,,,,,,,,,,,,,,,,,,,,,,,,,,,,,-0.15152244143745688,0.8653952582208019,0.255951549486951,-0.6873051653340845,-1.1754798855755826,1.4418171254417567,,,,48.23252,22.697240000000015,spair,-0.05984454964630018,0.77272533693121,-0.5666233385203129,-1.0408197858054258,-0.39423519624714665,0.9529335662835808,1.34942262567041,22.697240000000015,flyingthings
snapshots/synthetic_steps100_pretrainedTrue_freezeFalse_2025_12_11_05_11,synthetic_steps100_pretrainedTrue_freezeFalse_2025_12_11_05_11,synthetic,steps,100,True,False,2025_12_11_05_11,flyingthings,5000,176812.80000000002,35.36256,3,0.3887234331271549,0.24165226079032764,0.7583477392096724,5.0,,,,,,,,,,0.19842097280342846,0.19214681375361753,0.8078531862463825,5.0,,,,,,,,,,,,,,,,,,,,,,,-0.47996770660793486,0.9463299635335501,,,,,,,,,,,,,,,,,,,,,,,,,,,,,0.8943805269403101,-0.5011608294786528,1.1436422854095074,-0.8629143951694394,-1.1561293164956354,1.4361206070266197,,,,48.23252,-12.869959999999999,spair,0.9750691076604924,-0.5100858741837059,-0.7362845904223361,-1.022264161312382,-0.5098906842813644,0.7897005945513945,-4.233974101539608,-12.869959999999999,flyingthings
snapshots/synthetic_steps100_pretrainedTrue_freezeFalse_2025_12_12_23_46,synthetic_steps100_pretrainedTrue_freezeFalse_2025_12_12_23_46,synthetic,steps,100,True,False,2025_12_12_23_46,flyingthings,5000,178833.5,35.7667,3,0.3887234331271549,0.24165226079032764,0.7583477392096724,5.0,,,,,,,,,,0.19842097280342846,0.19214681375361753,0.8078531862463825,5.0,,,,,,,,,,,,,,,,,,,,,,,-0.47996770660793486,0.9463299635335501,,,,,,,,,,,,,,,,,,,,,,,,,,,,,0.8943805269403101,-0.5011608294786528,1.1436422854095074,-0.8629143951694394,-1.1561293164956354,1.4361206070266197,,,,48.23252,-12.46582,spair,0.9750691076604924,-0.5100858741837059,-0.7362845904223361,-1.022264161312382,-0.5098906842813644,0.7897005945513945,-4.233974101539608,-12.46582,flyingthings
snapshots/flyingthings_logsteps100_pretrainedTrue_freezeFalse_2025_12_10_01_43,flyingthings_logsteps100_pretrainedTrue_freezeFalse_2025_12_10_01_43,flyingthings,logsteps,100,True,False,2025_12_10_01_43,kitti2012,5000,386865.65,77.37313,5,0.3967592099207766,0.05555175406958679,0.9444482459304132,5.0,,,,,,,,,,0.3122427689177642,0.18469340791041775,0.8153065920895822,5.0,,,,,,,,,,,,,,,,,,,,,,,-0.41426263395540863,-0.9999709797595878,,,,,,,,,,,,,,,,,,,,,,,,,,,,,0.3020267043428813,0.022293825985547064,2.8332857982395603,0.7350076705332917,0.4772865800166643,1.4848670333387641,,,,59.49418666666667,17.878943333333332,spair,0.3937646908597626,-0.016068696285711052,0.7993905554720987,0.5391351885303168,-0.4491073713972103,-1.183454470965027,8.709724590434345,17.878943333333332,kitti2012
snapshots/flyingthings_steps100_pretrainedTrue_freezeFalse_2025_12_10_18_38,flyingthings_steps100_pretrainedTrue_freezeFalse_2025_12_10_18_38,flyingthings,steps,100,True,False,2025_12_10_18_38,kitti2012,5000,384327.14999999997,76.86542999999999,5,0.3967592099207766,0.05555175406958679,0.9444482459304132,5.0,,,,,,,,,,0.3122427689177642,0.18469340791041775,0.8153065920895822,5.0,,,,,,,,,,,,,,,,,,,,,,,-0.41426263395540863,-0.9999709797595878,,,,,,,,,,,,,,,,,,,,,,,,,,,,,0.3020267043428813,0.022293825985547064,2.8332857982395603,0.7350076705332917,0.4772865800166643,1.4848670333387641,,,,59.49418666666667,17.371243333333318,spair,0.3937646908597626,-0.016068696285711052,0.7993905554720987,0.5391351885303168,-0.4491073713972103,-1.183454470965027,8.709724590434345,17.371243333333318,kitti2012
snapshots/flyingthings_steps100_pretrainedTrue_freezeFalse_2025_12_12_11_46,flyingthings_steps100_pretrainedTrue_freezeFalse_2025_12_12_11_46,flyingthings,steps,100,True,False,2025_12_12_11_46,kitti2012,5000,385018.15,77.00363,5,0.3967592099207766,0.05555175406958679,0.9444482459304132,5.0,,,,,,,,,,0.3122427689177642,0.18469340791041775,0.8153065920895822,5.0,,,,,,,,,,,,,,,,,,,,,,,-0.41426263395540863,-0.9999709797595878,,,,,,,,,,,,,,,,,,,,,,,,,,,,,0.3020267043428813,0.022293825985547064,2.8332857982395603,0.7350076705332917,0.4772865800166643,1.4848670333387641,,,,59.49418666666667,17.50944333333333,spair,0.3937646908597626,-0.016068696285711052,0.7993905554720987,0.5391351885303168,-0.4491073713972103,-1.183454470965027,8.709724590434345,17.50944333333333,kitti2012
snapshots/pointodyssey_logsteps100_pretrainedTrue_freezeFalse_2025_12_10_11_14,pointodyssey_logsteps100_pretrainedTrue_freezeFalse_2025_12_10_11_14,pointodyssey,logsteps,100,True,False,2025_12_10_11_14,kitti2012,5000,377759.75,75.55195,5,0.04687170618932417,0.11936656071074785,0.8806334392892522,5.0,,,,,,,,,,0.40185831739487404,0.1191476933316684,0.8808523066683316,5.0,,,,,,,,,,,,,,,,,,,,,,,2.5916029844156925,0.2643591298882774,,,,,,,,,,,,,,,,,,,,,,,,,,,,,-2.4186774488760427,0.866059159338012,1.9984423652170615,1.756475233468852,-0.8941348168401381,2.0005261250618975,,,,59.49418666666667,16.057763333333334,spair,-2.3060553047681007,0.7756588132481634,1.783866505150284,-0.772987929350279,2.4447990936124686,0.09898032840559629,-1.5759512404001563,16.057763333333334,kitti2012
snapshots/pointodyssey_steps100_pretrainedTrue_freezeFalse_2025_12_11_00_21,pointodyssey_steps100_pretrainedTrue_freezeFalse_2025_12_11_00_21,pointodyssey,steps,100,True,False,2025_12_11_00_21,kitti2012,5000,378099.1,75.61981999999999,5,0.04687170618932417,0.11936656071074785,0.8806334392892522,5.0,,,,,,,,,,0.40185831739487404,0.1191476933316684,0.8808523066683316,5.0,,,,,,,,,,,,,,,,,,,,,,,2.5916029844156925,0.2643591298882774,,,,,,,,,,,,,,,,,,,,,,,,,,,,,-2.4186774488760427,0.866059159338012,1.9984423652170615,1.756475233468852,-0.8941348168401381,2.0005261250618975,,,,59.49418666666667,16.12563333333332,spair,-2.3060553047681007,0.7756588132481634,1.783866505150284,-0.772987929350279,2.4447990936124686,0.09898032840559629,-1.5759512404001563,16.12563333333332,kitti2012
snapshots/pointodyssey_steps100_pretrainedTrue_freezeFalse_2025_12_12_23_45,pointodyssey_steps100_pretrainedTrue_freezeFalse_2025_12_12_23_45,pointodyssey,steps,100,True,False,2025_12_12_23_45,kitti2012,5000,332594.3,66.51886,5,0.04687170618932417,0.11936656071074785,0.8806334392892522,5.0,,,,,,,,,,0.40185831739487404,0.1191476933316684,0.8808523066683316,5.0,,,,,,,,,,,,,,,,,,,,,,,2.5916029844156925,0.2643591298882774,,,,,,,,,,,,,,,,,,,,,,,,,,,,,-2.4186774488760427,0.866059159338012,1.9984423652170615,1.756475233468852,-0.8941348168401381,2.0005261250618975,,,,59.49418666666667,7.024673333333332,spair,-2.3060553047681007,0.7756588132481634,1.783866505150284,-0.772987929350279,2.4447990936124686,0.09898032840559629,-1.5759512404001563,7.024673333333332,kitti2012
snapshots/sintel_logsteps100_pretrainedTrue_freezeFalse_2025_12_10_01_43,sintel_logsteps100_pretrainedTrue_freezeFalse_2025_12_10_01_43,sintel,logsteps,100,True,False,2025_12_10_01_43,kitti2012,5000,391073.35,78.21467,5,0.2933664359441381,0.16424525617494107,0.835754743825059,5.0,,,,,,,,,,0.2720208786591879,0.20949055307632092,0.7905094469236791,5.0,,,,,,,,,,,,,,,,,,,,,,,-0.5071693122563655,-1.313381113437644,,,,,,,,,,,,,,,,,,,,,,,,,,,,,-0.18067121388087554,1.2414969444310142,1.626974426201279,0.227466059958567,0.8944851393678203,1.3279989615146814,,,,59.49418666666667,18.720483333333327,spair,-0.08522803237572806,1.1279420972693015,0.3102291496651585,0.9382946851852245,-0.5385535646450017,-1.5013525094892235,16.042428416773657,18.720483333333327,kitti2012
snapshots/sintel_steps100_pretrainedTrue_freezeFalse_2025_12_10_12_22,sintel_steps100_pretrainedTrue_freezeFalse_2025_12_10_12_22,sintel,steps,100,True,False,2025_12_10_12_22,kitti2012,5000,390102.9,78.02058000000001,5,0.2933664359441381,0.16424525617494107,0.835754743825059,5.0,,,,,,,,,,0.2720208786591879,0.20949055307632092,0.7905094469236791,5.0,,,,,,,,,,,,,,,,,,,,,,,-0.5071693122563655,-1.313381113437644,,,,,,,,,,,,,,,,,,,,,,,,,,,,,-0.18067121388087554,1.2414969444310142,1.626974426201279,0.227466059958567,0.8944851393678203,1.3279989615146814,,,,59.49418666666667,18.52639333333334,spair,-0.08522803237572806,1.1279420972693015,0.3102291496651585,0.9382946851852245,-0.5385535646450017,-1.5013525094892235,16.042428416773657,18.52639333333334,kitti2012
snapshots/sintel_steps100_pretrainedTrue_freezeFalse_2025_12_12_11_44,sintel_steps100_pretrainedTrue_freezeFalse_2025_12_12_11_44,sintel,steps,100,True,False,2025_12_12_11_44,kitti2012,5000,390317.25,78.06345,5,0.2933664359441381,0.16424525617494107,0.835754743825059,5.0,,,,,,,,,,0.2720208786591879,0.20949055307632092,0.7905094469236791,5.0,,,,,,,,,,,,,,,,,,,,,,,-0.5071693122563655,-1.313381113437644,,,,,,,,,,,,,,,,,,,,,,,,,,,,,-0.18067121388087554,1.2414969444310142,1.626974426201279,0.227466059958567,0.8944851393678203,1.3279989615146814,,,,59.49418666666667,18.569263333333332,spair,-0.08522803237572806,1.1279420972693015,0.3102291496651585,0.9382946851852245,-0.5385535646450017,-1.5013525094892235,16.042428416773657,18.569263333333332,kitti2012
snapshots/spair_logsteps100_pretrainedTrue_freezeFalse_2025_12_10_06_42,spair_logsteps100_pretrainedTrue_freezeFalse_2025_12_10_06_42,spair,logsteps,100,True,False,2025_12_10_06_42,kitti2012,5000,315192.8,63.03856,5,0.24223948718078575,0.009297834789201136,0.9907021652107989,5.0,,,,,,,,,,0.16593555265149498,0.2528552217253942,0.7471447782746058,5.0,,,,,,,,,,,,,,,,,,,,,,,0.0903355549576078,1.861867155184076,,,,,,,,,,,,,,,,,,,,,,,,,,,,,-0.4548565484993051,-1.8326669626249208,4.668632394825549,-1.4153125194157863,1.5448969939974175,1.0834419005172755,,,,59.49418666666667,3.5443733333333256,spair,-0.35730871708925926,-1.7566278629137047,-1.2730575455997533,1.5605836713123662,0.03669610305048581,1.7193640148178193,0.450199243687055,3.5443733333333256,kitti2012
snapshots/spair_steps100_pretrainedTrue_freezeFalse_2025_12_10_20_45,spair_steps100_pretrainedTrue_freezeFalse_2025_12_10_20_45,spair,steps,100,True,False,2025_12_10_20_45,kitti2012,5000,267564.55,53.51291,5,0.24223948718078575,0.009297834789201136,0.9907021652107989,5.0,,,,,,,,,,0.16593555265149498,0.2528552217253942,0.7471447782746058,5.0,,,,,,,,,,,,,,,,,,,,,,,0.0903355549576078,1.861867155184076,,,,,,,,,,,,,,,,,,,,,,,,,,,,,-0.4548565484993051,-1.8326669626249208,4.668632394825549,-1.4153125194157863,1.5448969939974175,1.0834419005172755,,,,59.49418666666667,-5.981276666666673,spair,-0.35730871708925926,-1.7566278629137047,-1.2730575455997533,1.5605836713123662,0.03669610305048581,1.7193640148178193,0.450199243687055,-5.981276666666673,kitti2012
snapshots/spair_steps100_pretrainedTrue_freezeFalse_2025_12_12_23_44,spair_steps100_pretrainedTrue_freezeFalse_2025_12_12_23_44,spair,steps,100,True,False,2025_12_12_23_44,kitti2012,5000,309655.45,61.931090000000005,5,0.24223948718078575,0.009297834789201136,0.9907021652107989,5.0,,,,,,,,,,0.16593555265149498,0.2528552217253942,0.7471447782746058,5.0,,,,,,,,,,,,,,,,,,,,,,,0.0903355549576078,1.861867155184076,,,,,,,,,,,,,,,,,,,,,,,,,,,,,-0.4548565484993051,-1.8326669626249208,4.668632394825549,-1.4153125194157863,1.5448969939974175,1.0834419005172755,,,,59.49418666666667,2.4369033333333334,spair,-0.35730871708925926,-1.7566278629137047,-1.2730575455997533,1.5605836713123662,0.03669610305048581,1.7193640148178193,0.450199243687055,2.4369033333333334,kitti2012
snapshots/spair_synthetic_70_30_steps100_pretrainedTrue_freezeFalse_2025_12_17_03_25,spair_synthetic_70_30_steps100_pretrainedTrue_freezeFalse_2025_12_17_03_25,spair_synthetic_70_30,steps,100,True,False,2025_12_17_03_25,kitti2012,5000,374041.25000000006,74.80825000000002,5,0.4735697052877318,0.03177388222400153,0.9682261177759984,5.0,,,,,,,,,,0.3006026155663116,0.20431498626887806,0.795685013731122,5.0,,,,,,,,,,,,,,,,,,,,,,,-0.3906403323310697,-0.891017577327018,,,,,,,,,,,,,,,,,,,,,,,,,,,,,0.6305729505790588,-0.5674775808224098,3.416821014129245,0.592249223488087,0.810598711055764,1.359540542775142,,,,59.49418666666667,15.314063333333344,spair,0.7197890121838803,-0.5694669323226256,0.6618019889536364,0.8580353847856877,-0.42636492710053936,-1.0729409004005523,8.010312727092744,15.314063333333344,kitti2012
snapshots/spair_synthetic_steps100_pretrainedTrue_freezeFalse_2025_12_16_15_25,spair_synthetic_steps100_pretrainedTrue_freezeFalse_2025_12_16_15_25,spair_synthetic_50_50,steps,100,True,False,2025_12_16_15_25,kitti2012,5000,384946.8,76.98935999999999,5,0.4747871095250148,0.03289572191608045,0.9671042780839195,5.0,,,,,,,,,,0.28786437426807976,0.18374563517703035,0.8162543648229696,5.0,,,,,,,,,,,,,,,,,,,,,,,-0.40207973277086784,-0.6862575375902594,,,,,,,,,,,,,,,,,,,,,,,,,,,,,0.6356953717587916,-0.5312370727156666,3.380963709963758,0.432357040528118,0.4605138296252404,1.4911736443135992,,,,59.49418666666667,17.49517333333332,spair,0.7248721135974272,-0.535461497288228,0.5077001707683791,0.5230876676228345,-0.43737824542263587,-0.8652487806960976,6.094039042658614,17.49517333333332,kitti2012
snapshots/synthetic_large_zoom_steps100_pretrainedTrue_freezeFalse_2025_12_11_12_20,synthetic_large_zoom_steps100_pretrainedTrue_freezeFalse_2025_12_11_12_20,synthetic_large_zoom,steps,100,True,False,2025_12_11_12_20,kitti2012,5000,195250.45,39.050090000000004,3,0.4742671555013057,0.12316693701702178,0.8768330629829783,5.0,,,,,,,,,,0.20128883758531005,0.10909099150570065,0.8909090084942993,5.0,,,,,,,,,,,,,,,,,,,,,,,-0.6213753547197091,0.6236707609463512,,,,,,,,,,,,,,,,,,,,,,,,,,,,,0.633507740677719,0.9021067107259456,1.9627759774630316,-0.7990527294537388,-1.1588501332369119,2.100059980907531,,,,59.49418666666667,-20.444096666666667,spair,0.7227012747986739,0.8094831918485119,-0.6791151004497459,-1.0262573380800533,-0.6485057869292903,0.46343715496636706,4.666119233214819,-20.444096666666667,kitti2012
snapshots/synthetic_large_zoom_steps100_pretrainedTrue_freezeFalse_2025_12_13_11_44,synthetic_large_zoom_steps100_pretrainedTrue_freezeFalse_2025_12_13_11_44,synthetic_large_zoom,steps,100,True,False,2025_12_13_11_44,kitti2012,5000,393104.1,78.62082,5,0.4742671555013057,0.12316693701702178,0.8768330629829783,5.0,,,,,,,,,,0.20128883758531005,0.10909099150570065,0.8909090084942993,5.0,,,,,,,,,,,,,,,,,,,,,,,-0.6213753547197091,0.6236707609463512,,,,,,,,,,,,,,,,,,,,,,,,,,,,,0.633507740677719,0.9021067107259456,1.9627759774630316,-0.7990527294537388,-1.1588501332369119,2.100059980907531,,,,59.49418666666667,19.126633333333324,spair,0.7227012747986739,0.8094831918485119,-0.6791151004497459,-1.0262573380800533,-0.6485057869292903,0.46343715496636706,4.666119233214819,19.126633333333324,kitti2012
snapshots/synthetic_logsteps100_pretrainedTrue_freezeFalse_2025_12_10_12_17,synthetic_logsteps100_pretrainedTrue_freezeFalse_2025_12_10_12_17,synthetic,logsteps,100,True,False,2025_12_10_12_17,kitti2012,5000,387121.55000000005,77.42431,5,0.5203726518529079,0.031169905177188713,0.9688300948228112,5.0,,,,,,,,,,0.1871444501750091,0.10946487188175855,0.8905351281182414,5.0,,,,,,,,,,,,,,,,,,,,,,,-0.391328186450426,0.6307472205601041,,,,,,,,,,,,,,,,,,,,,,,,,,,,,0.8271292835487366,-0.5875045340527912,3.4366362041198113,-1.0346964660206988,-1.1486344689684407,2.0962188565309527,,,,59.49418666666667,17.930123333333334,spair,0.9148365763929404,-0.5882587565157841,-0.9062251916167905,-1.0164833843690426,-0.42702716079150105,0.4706149465856342,-4.413208528534756,17.930123333333334,kitti2012
snapshots/synthetic_random_flipping_steps100_pretrainedTrue_freezeFalse_2025_12_13_11_45,synthetic_random_flipping_steps100_pretrainedTrue_freezeFalse_2025_12_13_11_45,synthetic_random_flipping,steps,100,True,False,2025_12_13_11_45,kitti2012,5000,192384.34999999998,38.47687,3,0.48880166969697203,0.018942888738088373,0.9810571112619116,5.0,,,,,,,,,,0.2083977226094689,0.10965569201774669,0.8903443079822533,5.0,,,,,,,,,,,,,,,,,,,,,,,0.009368942150964298,0.6544686475458648,,,,,,,,,,,,,,,,,,,,,,,,,,,,,0.6945885098169178,-1.1035267823890644,3.9472020786448887,-0.6852947545230483,-1.1434324147301176,2.0942628665122927,,,,59.49418666666667,-21.017316666666673,spair,0.7833131872240778,-1.072456190790659,-0.5694767776414241,-1.011506259437044,-0.04125475503812533,0.494676054697456,-7.593391364817256,-21.017316666666673,kitti2012
snapshots/synthetic_small_zoom_steps100_pretrainedTrue_freezeFalse_2025_12_11_07_44,synthetic_small_zoom_steps100_pretrainedTrue_freezeFalse_2025_12_11_07_44,synthetic_small_zoom,steps,100,True,False,2025_12_11_07_44,kitti2012,5000,392485.0,78.497,5,0.43410468272321173,0.1713652836963844,0.8286347163036156,5.0,,,,,,,,,,0.19461840436070219,0.10892970187831044,0.8910702981216896,5.0,,,,,,,,,,,,,,,,,,,,,,,-0.5932571149120879,0.7230705736423916,,,,,,,,,,,,,,,,,,,,,,,,,,,,,0.46344618882114685,1.2930343362870984,1.575981986188119,-0.9085602960826831,-1.1632665939286746,2.10172058509102,,,,59.49418666666667,19.00281333333333,spair,0.553945117446297,1.1763010061853236,-0.784656940020405,-1.0304828373949644,-0.6214348641752441,0.5642603322992453,6.421604677111125,19.00281333333333,kitti2012
snapshots/synthetic_small_zoom_steps100_pretrainedTrue_freezeFalse_2025_12_13_11_38,synthetic_small_zoom_steps100_pretrainedTrue_freezeFalse_2025_12_13_11_38,synthetic_small_zoom,steps,100,True,False,2025_12_13_11_38,kitti2012,5000,394272.39999999997,78.85448,5,0.43410468272321173,0.1713652836963844,0.8286347163036156,5.0,,,,,,,,,,0.19461840436070219,0.10892970187831044,0.8910702981216896,5.0,,,,,,,,,,,,,,,,,,,,,,,-0.5932571149120879,0.7230705736423916,,,,,,,,,,,,,,,,,,,,,,,,,,,,,0.46344618882114685,1.2930343362870984,1.575981986188119,-0.9085602960826831,-1.1632665939286746,2.10172058509102,,,,59.49418666666667,19.360293333333324,spair,0.553945117446297,1.1763010061853236,-0.784656940020405,-1.0304828373949644,-0.6214348641752441,0.5642603322992453,6.421604677111125,19.360293333333324,kitti2012
snapshots/synthetic_steps100_pretrainedTrue_freezeFalse_2025_12_11_05_11,synthetic_steps100_pretrainedTrue_freezeFalse_2025_12_11_05_11,synthetic,steps,100,True,False,2025_12_11_05_11,kitti2012,5000,191825.5,38.3651,3,0.5203726518529079,0.031169905177188713,0.9688300948228112,5.0,,,,,,,,,,0.1871444501750091,0.10946487188175855,0.8905351281182414,5.0,,,,,,,,,,,,,,,,,,,,,,,-0.391328186450426,0.6307472205601041,,,,,,,,,,,,,,,,,,,,,,,,,,,,,0.8271292835487366,-0.5875045340527912,3.4366362041198113,-1.0346964660206988,-1.1486344689684407,2.0962188565309527,,,,59.49418666666667,-21.129086666666673,spair,0.9148365763929404,-0.5882587565157841,-0.9062251916167905,-1.0164833843690426,-0.42702716079150105,0.4706149465856342,-4.413208528534756,-21.129086666666673,kitti2012
snapshots/synthetic_steps100_pretrainedTrue_freezeFalse_2025_12_12_23_46,synthetic_steps100_pretrainedTrue_freezeFalse_2025_12_12_23_46,synthetic,steps,100,True,False,2025_12_12_23_46,kitti2012,5000,194521.8,38.90436,3,0.5203726518529079,0.031169905177188713,0.9688300948228112,5.0,,,,,,,,,,0.1871444501750091,0.10946487188175855,0.8905351281182414,5.0,,,,,,,,,,,,,,,,,,,,,,,-0.391328186450426,0.6307472205601041,,,,,,,,,,,,,,,,,,,,,,,,,,,,,0.8271292835487366,-0.5875045340527912,3.4366362041198113,-1.0346964660206988,-1.1486344689684407,2.0962188565309527,,,,59.49418666666667,-20.589826666666674,spair,0.9148365763929404,-0.5882587565157841,-0.9062251916167905,-1.0164833843690426,-0.42702716079150105,0.4706149465856342,-4.413208528534756,-20.589826666666674,kitti2012
snapshots/flyingthings_logsteps100_pretrainedTrue_freezeFalse_2025_12_10_01_43,flyingthings_logsteps100_pretrainedTrue_freezeFalse_2025_12_10_01_43,flyingthings,logsteps,100,True,False,2025_12_10_01_43,middlebury,5000,208389.55,41.67791,5,0.3079776202367685,0.06355418992293681,0.9364458100770632,5.0,,,,,,,,,,0.2856751430208541,0.3765924922120472,0.6234075077879528,5.0,,,,,,,,,,,,,,,,,,,,,,,-0.6155576284858091,-1.153403554061934,,,,,,,,,,,,,,,,,,,,,,,,,,,,,0.43333647249020757,0.1286337296041226,2.690198729317341,0.7281322245948647,0.4573028357330282,0.5040367302367845,,,,34.53024666666666,7.147663333333334,spair,0.5192932485629922,0.08218612680335723,0.7977918015069176,0.5223979101342143,-0.6417822477737715,-1.337010186370192,10.824092410967703,7.147663333333334,middlebury
snapshots/flyingthings_steps100_pretrainedTrue_freezeFalse_2025_12_10_18_38,flyingthings_steps100_pretrainedTrue_freezeFalse_2025_12_10_18_38,flyingthings,steps,100,True,False,2025_12_10_18_38,middlebury,5000,207869.7,41.57394,5,0.3079776202367685,0.06355418992293681,0.9364458100770632,5.0,,,,,,,,,,0.2856751430208541,0.3765924922120472,0.6234075077879528,5.0,,,,,,,,,,,,,,,,,,,,,,,-0.6155576284858091,-1.153403554061934,,,,,,,,,,,,,,,,,,,,,,,,,,,,,0.43333647249020757,0.1286337296041226,2.690198729317341,0.7281322245948647,0.4573028357330282,0.5040367302367845,,,,34.53024666666666,7.043693333333337,spair,0.5192932485629922,0.08218612680335723,0.7977918015069176,0.5223979101342143,-0.6417822477737715,-1.337010186370192,10.824092410967703,7.043693333333337,middlebury
snapshots/flyingthings_steps100_pretrainedTrue_freezeFalse_2025_12_12_11_46,flyingthings_steps100_pretrainedTrue_freezeFalse_2025_12_12_11_46,flyingthings,steps,100,True,False,2025_12_12_11_46,middlebury,5000,209132.80000000002,41.82656,5,0.3079776202367685,0.06355418992293681,0.9364458100770632,5.0,,,,,,,,,,0.2856751430208541,0.3765924922120472,0.6234075077879528,5.0,,,,,,,,,,,,,,,,,,,,,,,-0.6155576284858091,-1.153403554061934,,,,,,,,,,,,,,,,,,,,,,,,,,,,,0.43333647249020757,0.1286337296041226,2.690198729317341,0.7281322245948647,0.4573028357330282,0.5040367302367845,,,,34.53024666666666,7.296313333333337,spair,0.5192932485629922,0.08218612680335723,0.7977918015069176,0.5223979101342143,-0.6417822477737715,-1.337010186370192,10.824092410967703,7.296313333333337,middlebury
snapshots/pointodyssey_logsteps100_pretrainedTrue_freezeFalse_2025_12_10_11_14,pointodyssey_logsteps100_pretrainedTrue_freezeFalse_2025_12_10_11_14,pointodyssey,logsteps,100,True,False,2025_12_10_11_14,middlebury,5000,213891.55,42.77831,5,0.015493764847799041,0.18766674916816575,0.8123332508318343,5.0,,,,,,,,,,0.3926271500098252,0.30544080935561974,0.6945591906443802,5.0,,,,,,,,,,,,,,,,,,,,,,,2.471787411583046,-0.13220005621961373,,,,,,,,,,,,,,,,,,,,,,,,,,,,,-2.2692320239610786,1.4804876273353451,1.4652428843072436,1.977696031039822,-0.9391114817953972,0.8215213764961703,,,,34.53024666666666,8.248063333333334,spair,-2.1552364267209745,1.3502848927506397,2.0039433720263773,-0.8152771509003287,2.3308976757191604,-0.3015174659805551,4.725000741963516,8.248063333333334,middlebury
snapshots/pointodyssey_steps100_pretrainedTrue_freezeFalse_2025_12_11_00_21,pointodyssey_steps100_pretrainedTrue_freezeFalse_2025_12_11_00_21,pointodyssey,steps,100,True,False,2025_12_11_00_21,middlebury,5000,214391.19999999998,42.87824,5,0.015493764847799041,0.18766674916816575,0.8123332508318343,5.0,,,,,,,,,,0.3926271500098252,0.30544080935561974,0.6945591906443802,5.0,,,,,,,,,,,,,,,,,,,,,,,2.471787411583046,-0.13220005621961373,,,,,,,,,,,,,,,,,,,,,,,,,,,,,-2.2692320239610786,1.4804876273353451,1.4652428843072436,1.977696031039822,-0.9391114817953972,0.8215213764961703,,,,34.53024666666666,8.347993333333335,spair,-2.1552364267209745,1.3502848927506397,2.0039433720263773,-0.8152771509003287,2.3308976757191604,-0.3015174659805551,4.725000741963516,8.347993333333335,middlebury
snapshots/pointodyssey_steps100_pretrainedTrue_freezeFalse_2025_12_12_23_45,pointodyssey_steps100_pretrainedTrue_freezeFalse_2025_12_12_23_45,pointodyssey,steps,100,True,False,2025_12_12_23_45,middlebury,5000,206192.45,41.238490000000006,5,0.015493764847799041,0.18766674916816575,0.8123332508318343,5.0,,,,,,,,,,0.3926271500098252,0.30544080935561974,0.6945591906443802,5.0,,,,,,,,,,,,,,,,,,,,,,,2.471787411583046,-0.13220005621961373,,,,,,,,,,,,,,,,,,,,,,,,,,,,,-2.2692320239610786,1.4804876273353451,1.4652428843072436,1.977696031039822,-0.9391114817953972,0.8215213764961703,,,,34.53024666666666,6.708243333333343,spair,-2.1552364267209745,1.3502848927506397,2.0039433720263773,-0.8152771509003287,2.3308976757191604,-0.3015174659805551,4.725000741963516,6.708243333333343,middlebury
snapshots/sintel_logsteps100_pretrainedTrue_freezeFalse_2025_12_10_01_43,sintel_logsteps100_pretrainedTrue_freezeFalse_2025_12_10_01_43,sintel,logsteps,100,True,False,2025_12_10_01_43,middlebury,5000,212547.4,42.509479999999996,5,0.10650891090562073,0.12132354349897378,0.8786764565010262,5.0,,,,,,,,,,0.2219983044858457,0.3881287243222664,0.6118712756777336,5.0,,,,,,,,,,,,,,,,,,,,,,,-0.5951506433462028,-0.6585360397455309,,,,,,,,,,,,,,,,,,,,,,,,,,,,,-0.6318997677900018,0.9124534871935757,1.9799558583199786,-0.15030003529973465,0.6721712598019643,0.45518487821010306,,,,34.53024666666666,7.979233333333333,spair,-0.5348912946070851,0.8174437378458076,-0.050122042029571365,0.7282280342406005,-0.6221331854771345,-0.8352182225601813,11.898978585693813,7.979233333333333,middlebury
snapshots/sintel_steps100_pretrainedTrue_freezeFalse_2025_12_10_12_22,sintel_steps100_pretrainedTrue_freezeFalse_2025_12_10_12_22,sintel,steps,100,True,False,2025_12_10_12_22,middlebury,5000,210225.6,42.045120000000004,5,0.10650891090562073,0.12132354349897378,0.8786764565010262,5.0,,,,,,,,,,0.2219983044858457,0.3881287243222664,0.6118712756777336,5.0,,,,,,,,,,,,,,,,,,,,,,,-0.5951506433462028,-0.6585360397455309,,,,,,,,,,,,,,,,,,,,,,,,,,,,,-0.6318997677900018,0.9124534871935757,1.9799558583199786,-0.15030003529973465,0.6721712598019643,0.45518487821010306,,,,34.53024666666666,7.514873333333341,spair,-0.5348912946070851,0.8174437378458076,-0.050122042029571365,0.7282280342406005,-0.6221331854771345,-0.8352182225601813,11.898978585693813,7.514873333333341,middlebury
snapshots/sintel_steps100_pretrainedTrue_freezeFalse_2025_12_12_11_44,sintel_steps100_pretrainedTrue_freezeFalse_2025_12_12_11_44,sintel,steps,100,True,False,2025_12_12_11_44,middlebury,5000,210712.0,42.1424,5,0.10650891090562073,0.12132354349897378,0.8786764565010262,5.0,,,,,,,,,,0.2219983044858457,0.3881287243222664,0.6118712756777336,5.0,,,,,,,,,,,,,,,,,,,,,,,-0.5951506433462028,-0.6585360397455309,,,,,,,,,,,,,,,,,,,,,,,,,,,,,-0.6318997677900018,0.9124534871935757,1.9799558583199786,-0.15030003529973465,0.6721712598019643,0.45518487821010306,,,,34.53024666666666,7.612153333333339,spair,-0.5348912946070851,0.8174437378458076,-0.050122042029571365,0.7282280342406005,-0.6221331854771345,-0.8352182225601813,11.898978585693813,7.612153333333339,middlebury
snapshots/spair_logsteps100_pretrainedTrue_freezeFalse_2025_12_10_06_42,spair_logsteps100_pretrainedTrue_freezeFalse_2025_12_10_06_42,spair,logsteps,100,True,False,2025_12_10_06_42,middlebury,5000,183598.05,36.719609999999996,5,0.1577234766792105,0.010815303206907146,0.9891846967930928,5.0,,,,,,,,,,0.14245122161219903,0.4501859704169543,0.5498140295830457,5.0,,,,,,,,,,,,,,,,,,,,,,,0.5621800311417203,2.174955144973882,,,,,,,,,,,,,,,,,,,,,,,,,,,,,-0.26668294416379756,-1.8862201397839156,4.515918970454523,-1.5581263047913336,1.7949230943899317,0.1999193280314531,,,,34.53024666666666,2.1893633333333327,spair,-0.17346355133847327,-1.8078359455693436,-1.4090377350159482,1.8037520459947496,0.4922138072438521,2.037920678025719,3.343555855375822,2.1893633333333327,middlebury
snapshots/spair_steps100_pretrainedTrue_freezeFalse_2025_12_10_20_45,spair_steps100_pretrainedTrue_freezeFalse_2025_12_10_20_45,spair,steps,100,True,False,2025_12_10_20_45,middlebury,5000,155220.59999999998,31.044119999999996,5,0.1577234766792105,0.010815303206907146,0.9891846967930928,5.0,,,,,,,,,,0.14245122161219903,0.4501859704169543,0.5498140295830457,5.0,,,,,,,,,,,,,,,,,,,,,,,0.5621800311417203,2.174955144973882,,,,,,,,,,,,,,,,,,,,,,,,,,,,,-0.26668294416379756,-1.8862201397839156,4.515918970454523,-1.5581263047913336,1.7949230943899317,0.1999193280314531,,,,34.53024666666666,-3.4861266666666673,spair,-0.17346355133847327,-1.8078359455693436,-1.4090377350159482,1.8037520459947496,0.4922138072438521,2.037920678025719,3.343555855375822,-3.4861266666666673,middlebury
snapshots/spair_steps100_pretrainedTrue_freezeFalse_2025_12_12_23_44,spair_steps100_pretrainedTrue_freezeFalse_2025_12_12_23_44,spair,steps,100,True,False,2025_12_12_23_44,middlebury,5000,179135.05,35.827009999999994,5,0.1577234766792105,0.010815303206907146,0.9891846967930928,5.0,,,,,,,,,,0.14245122161219903,0.4501859704169543,0.5498140295830457,5.0,,,,,,,,,,,,,,,,,,,,,,,0.5621800311417203,2.174955144973882,,,,,,,,,,,,,,,,,,,,,,,,,,,,,-0.26668294416379756,-1.8862201397839156,4.515918970454523,-1.5581263047913336,1.7949230943899317,0.1999193280314531,,,,34.53024666666666,1.296763333333331,spair,-0.17346355133847327,-1.8078359455693436,-1.4090377350159482,1.8037520459947496,0.4922138072438521,2.037920678025719,3.343555855375822,1.296763333333331,middlebury
snapshots/spair_synthetic_70_30_steps100_pretrainedTrue_freezeFalse_2025_12_17_03_25,spair_synthetic_70_30_steps100_pretrainedTrue_freezeFalse_2025_12_17_03_25,spair_synthetic_70_30,steps,100,True,False,2025_12_17_03_25,middlebury,5000,211015.5,42.2031,5,0.40764919677311295,0.036450526485986456,0.9635494735140135,5.0,,,,,,,,,,0.26080358214796506,0.3933591064815939,0.6066408935184061,5.0,,,,,,,,,,,,,,,,,,,,,,,-0.3992993272602856,-0.9356886416747152,,,,,,,,,,,,,,,,,,,,,,,,,,,,,0.7858224140282155,-0.5163829644592934,3.2746679318310905,0.4020446305326632,0.7688070231227961,0.43321405569073607,,,,34.53024666666666,7.672853333333336,spair,0.8681221911047652,-0.522868069607917,0.4830331139741721,0.8207988772745712,-0.4335558584332839,-1.116248891120455,9.222530003798024,7.672853333333336,middlebury
snapshots/spair_synthetic_steps100_pretrainedTrue_freezeFalse_2025_12_16_15_25,spair_synthetic_steps100_pretrainedTrue_freezeFalse_2025_12_16_15_25,spair_synthetic_50_50,steps,100,True,False,2025_12_16_15_25,middlebury,5000,214412.45,42.882490000000004,5,0.41477259740830785,0.036552729566088876,0.9634472704339111,5.0,,,,,,,,,,0.2496308317968381,0.3724462432518681,0.627553756748132,5.0,,,,,,,,,,,,,,,,,,,,,,,-0.4224551153071769,-0.7906575854551257,,,,,,,,,,,,,,,,,,,,,,,,,,,,,0.809614217075401,-0.5131758802699706,3.271761895513301,0.24907316419864178,0.37945220001604624,0.5217366214735208,,,,34.53024666666666,8.352243333333341,spair,0.8916671570739029,-0.5198596827477727,0.3353761688771696,0.44782201057697424,-0.455851632098451,-0.9691884832163356,6.5271375965083855,8.352243333333341,middlebury
snapshots/synthetic_large_zoom_steps100_pretrainedTrue_freezeFalse_2025_12_11_12_20,synthetic_large_zoom_steps100_pretrainedTrue_freezeFalse_2025_12_11_12_20,synthetic_large_zoom,steps,100,True,False,2025_12_11_12_20,middlebury,5000,104762.45,20.95249,3,0.28564048524862923,0.09131103776479063,0.9086889622352093,5.0,,,,,,,,,,0.19740591117217046,0.29906407479814556,0.7009359252018544,5.0,,,,,,,,,,,,,,,,,,,,,,,-0.5945885249024923,0.4688101858907378,,,,,,,,,,,,,,,,,,,,,,,,,,,,,0.3467623858084274,0.5617585504056716,2.2977311840077257,-0.5367957540323004,-1.0721060534741695,0.8517586305932118,,,,34.53024666666666,-13.577756666666662,spair,0.43361735755594955,0.4884763713936672,-0.4231901604753229,-0.9426773927587364,-0.6215919443166692,0.3079024311308581,2.51867711477057,-13.577756666666662,middlebury
snapshots/synthetic_large_zoom_steps100_pretrainedTrue_freezeFalse_2025_12_13_11_44,synthetic_large_zoom_steps100_pretrainedTrue_freezeFalse_2025_12_13_11_44,synthetic_large_zoom,steps,100,True,False,2025_12_13_11_44,middlebury,5000,214377.1,42.87542,5,0.28564048524862923,0.09131103776479063,0.9086889622352093,5.0,,,,,,,,,,0.19740591117217046,0.29906407479814556,0.7009359252018544,5.0,,,,,,,,,,,,,,,,,,,,,,,-0.5945885249024923,0.4688101858907378,,,,,,,,,,,,,,,,,,,,,,,,,,,,,0.3467623858084274,0.5617585504056716,2.2977311840077257,-0.5367957540323004,-1.0721060534741695,0.8517586305932118,,,,34.53024666666666,8.345173333333335,spair,0.43361735755594955,0.4884763713936672,-0.4231901604753229,-0.9426773927587364,-0.6215919443166692,0.3079024311308581,2.51867711477057,8.345173333333335,middlebury
snapshots/synthetic_logsteps100_pretrainedTrue_freezeFalse_2025_12_10_12_17,synthetic_logsteps100_pretrainedTrue_freezeFalse_2025_12_10_12_17,synthetic,logsteps,100,True,False,2025_12_10_12_17,middlebury,5000,211818.5,42.3637,5,0.4466338328003947,0.0343143602757759,0.965685639724224,5.0,,,,,,,,,,0.18012557786284678,0.2982929854977204,0.7017070145022797,5.0,,,,,,,,,,,,,,,,,,,,,,,-0.4097989713487936,0.5230344259275743,,,,,,,,,,,,,,,,,,,,,,,,,,,,,0.9147288588769509,-0.5854751113459327,3.337274423046689,-0.830606855241581,-1.0882971135801134,0.8554397823300391,,,,34.53024666666666,7.833453333333338,spair,0.9956912471845666,-0.5876795602213911,-0.7067937022327049,-0.9581873864930934,-0.44366554192529584,0.3628854055776164,-4.1059175160893115,7.833453333333338,middlebury
snapshots/synthetic_random_flipping_steps100_pretrainedTrue_freezeFalse_2025_12_13_11_45,synthetic_random_flipping_steps100_pretrainedTrue_freezeFalse_2025_12_13_11_45,synthetic_random_flipping,steps,100,True,False,2025_12_13_11_45,middlebury,5000,105815.30000000002,21.163060000000005,3,0.45774469963815034,0.02382180312906991,0.9761781968709301,5.0,,,,,,,,,,0.20253178603949856,0.298644136846839,0.701355863153161,5.0,,,,,,,,,,,,,,,,,,,,,,,0.06981818346710626,0.5524682346098909,,,,,,,,,,,,,,,,,,,,,,,,,,,,,0.9510008711720301,-1.0001720326403862,3.713043889332856,-0.4534172204235541,-1.0809207856785787,0.8537627221444509,,,,34.53024666666666,-13.367186666666658,spair,1.0315869417406298,-0.9766836197711677,-0.34270835655214815,-0.9511213390084469,0.018138457491701395,0.39273106776764755,-5.720284232710797,-13.367186666666658,middlebury
snapshots/synthetic_small_zoom_steps100_pretrainedTrue_freezeFalse_2025_12_11_07_44,synthetic_small_zoom_steps100_pretrainedTrue_freezeFalse_2025_12_11_07_44,synthetic_small_zoom,steps,100,True,False,2025_12_11_07_44,middlebury,5000,212445.84999999998,42.489169999999994,5,0.21462014056310136,0.12143142856729035,0.8785685714327096,5.0,,,,,,,,,,0.19105894541068152,0.29705829174324333,0.7029417082567566,5.0,,,,,,,,,,,,,,,,,,,,,,,-0.6067183041240914,0.6628266556824552,,,,,,,,,,,,,,,,,,,,,,,,,,,,,0.038956854019634064,0.9135699139175604,1.9789442301822293,-0.6423321800329471,-1.1142729930557012,0.8613455817787153,,,,34.53024666666666,7.958923333333331,spair,0.1290052709181192,0.8184909955068104,-0.5250600492406213,-0.9830706075591976,-0.6332712191306192,0.5046336825704607,3.5586627793394143,7.958923333333331,middlebury
snapshots/synthetic_small_zoom_steps100_pretrainedTrue_freezeFalse_2025_12_13_11_38,synthetic_small_zoom_steps100_pretrainedTrue_freezeFalse_2025_12_13_11_38,synthetic_small_zoom,steps,100,True,False,2025_12_13_11_38,middlebury,5000,216281.40000000002,43.256280000000004,5,0.21462014056310136,0.12143142856729035,0.8785685714327096,5.0,,,,,,,,,,0.19105894541068152,0.29705829174324333,0.7029417082567566,5.0,,,,,,,,,,,,,,,,,,,,,,,-0.6067183041240914,0.6628266556824552,,,,,,,,,,,,,,,,,,,,,,,,,,,,,0.038956854019634064,0.9135699139175604,1.9789442301822293,-0.6423321800329471,-1.1142729930557012,0.8613455817787153,,,,34.53024666666666,8.72603333333334,spair,0.1290052709181192,0.8184909955068104,-0.5250600492406213,-0.9830706075591976,-0.6332712191306192,0.5046336825704607,3.5586627793394143,8.72603333333334,middlebury
snapshots/synthetic_steps100_pretrainedTrue_freezeFalse_2025_12_11_05_11,synthetic_steps100_pretrainedTrue_freezeFalse_2025_12_11_05_11,synthetic,steps,100,True,False,2025_12_11_05_11,middlebury,5000,105052.65,21.01053,3,0.4466338328003947,0.0343143602757759,0.965685639724224,5.0,,,,,,,,,,0.18012557786284678,0.2982929854977204,0.7017070145022797,5.0,,,,,,,,,,,,,,,,,,,,,,,-0.4097989713487936,0.5230344259275743,,,,,,,,,,,,,,,,,,,,,,,,,,,,,0.9147288588769509,-0.5854751113459327,3.337274423046689,-0.830606855241581,-1.0882971135801134,0.8554397823300391,,,,34.53024666666666,-13.519716666666664,spair,0.9956912471845666,-0.5876795602213911,-0.7067937022327049,-0.9581873864930934,-0.44366554192529584,0.3628854055776164,-4.1059175160893115,-13.519716666666664,middlebury
snapshots/synthetic_steps100_pretrainedTrue_freezeFalse_2025_12_12_23_46,synthetic_steps100_pretrainedTrue_freezeFalse_2025_12_12_23_46,synthetic,steps,100,True,False,2025_12_12_23_46,middlebury,5000,107176.70000000001,21.435340000000004,3,0.4466338328003947,0.0343143602757759,0.965685639724224,5.0,,,,,,,,,,0.18012557786284678,0.2982929854977204,0.7017070145022797,5.0,,,,,,,,,,,,,,,,,,,,,,,-0.4097989713487936,0.5230344259275743,,,,,,,,,,,,,,,,,,,,,,,,,,,,,0.9147288588769509,-0.5854751113459327,3.337274423046689,-0.830606855241581,-1.0882971135801134,0.8554397823300391,,,,34.53024666666666,-13.09490666666666,spair,0.9956912471845666,-0.5876795602213911,-0.7067937022327049,-0.9581873864930934,-0.44366554192529584,0.3628854055776164,-4.1059175160893115,-13.09490666666666,middlebury
snapshots/flyingthings_logsteps100_pretrainedTrue_freezeFalse_2025_12_10_01_43,flyingthings_logsteps100_pretrainedTrue_freezeFalse_2025_12_10_01_43,flyingthings,logsteps,100,True,False,2025_12_10_01_43,pfpascal,5000,167096.84999999998,33.419369999999994,5,0.21984576739799097,0.2617520941640184,0.7382479058359817,5.0,,,,,,,,,,0.29925521056575094,0.18777360547523764,0.8122263945247623,5.0,,,,,,,,,,,,,,,,,,,,,,,-0.4131722338845923,-0.4880146813087614,,,,,,,,,,,,,,,,,,,,,,,,,,,,,0.41965463327291475,0.22409855135809875,1.0368818336150523,0.3570538602672116,0.00315618239492839,1.4645421013207967,,,,23.19225,10.227119999999992,spair,0.5057794379971875,0.1672623737792329,0.43421560817425636,0.08348139353626179,-0.4442540282873927,-0.6514414795908126,7.991356210158096,10.227119999999992,pfpascal
snapshots/flyingthings_steps100_pretrainedTrue_freezeFalse_2025_12_10_18_38,flyingthings_steps100_pretrainedTrue_freezeFalse_2025_12_10_18_38,flyingthings,steps,100,True,False,2025_12_10_18_38,pfpascal,5000,179224.94999999998,35.844989999999996,5,0.21984576739799097,0.2617520941640184,0.7382479058359817,5.0,,,,,,,,,,0.29925521056575094,0.18777360547523764,0.8122263945247623,5.0,,,,,,,,,,,,,,,,,,,,,,,-0.4131722338845923,-0.4880146813087614,,,,,,,,,,,,,,,,,,,,,,,,,,,,,0.41965463327291475,0.22409855135809875,1.0368818336150523,0.3570538602672116,0.00315618239492839,1.4645421013207967,,,,23.19225,12.652739999999994,spair,0.5057794379971875,0.1672623737792329,0.43421560817425636,0.08348139353626179,-0.4442540282873927,-0.6514414795908126,7.991356210158096,12.652739999999994,pfpascal
snapshots/flyingthings_steps100_pretrainedTrue_freezeFalse_2025_12_12_11_46,flyingthings_steps100_pretrainedTrue_freezeFalse_2025_12_12_11_46,flyingthings,steps,100,True,False,2025_12_12_11_46,pfpascal,5000,173037.8,34.60756,5,0.21984576739799097,0.2617520941640184,0.7382479058359817,5.0,,,,,,,,,,0.29925521056575094,0.18777360547523764,0.8122263945247623,5.0,,,,,,,,,,,,,,,,,,,,,,,-0.4131722338845923,-0.4880146813087614,,,,,,,,,,,,,,,,,,,,,,,,,,,,,0.41965463327291475,0.22409855135809875,1.0368818336150523,0.3570538602672116,0.00315618239492839,1.4645421013207967,,,,23.19225,11.415309999999998,spair,0.5057794379971875,0.1672623737792329,0.43421560817425636,0.08348139353626179,-0.4442540282873927,-0.6514414795908126,7.991356210158096,11.415309999999998,pfpascal
snapshots/pointodyssey_logsteps100_pretrainedTrue_freezeFalse_2025_12_10_11_14,pointodyssey_logsteps100_pretrainedTrue_freezeFalse_2025_12_10_11_14,pointodyssey,logsteps,100,True,False,2025_12_10_11_14,pfpascal,5000,96804.85,19.360970000000002,5,0.002873697820263697,0.3324751894303696,0.6675248105696304,5.0,,,,,,,,,,0.4416786759834396,0.1556891147664343,0.8443108852335657,5.0,,,,,,,,,,,,,,,,,,,,,,,2.6116874598301365,-0.8648055404934264,,,,,,,,,,,,,,,,,,,,,,,,,,,,,-2.2838982328837196,1.1755131930695957,0.6970113199190437,2.0378470358444827,-0.6793801981050575,1.6906596093934012,,,,23.19225,-3.8312799999999996,spair,-2.169422159884526,1.0626551310047727,2.0524144796848427,-0.5687572181495729,2.4629483105627994,-1.0299806738145,4.41982810277848,-3.8312799999999996,pfpascal
snapshots/pointodyssey_steps100_pretrainedTrue_freezeFalse_2025_12_11_00_21,pointodyssey_steps100_pretrainedTrue_freezeFalse_2025_12_11_00_21,pointodyssey,steps,100,True,False,2025_12_11_00_21,pfpascal,5000,126848.65,25.36973,5,0.002873697820263697,0.3324751894303696,0.6675248105696304,5.0,,,,,,,,,,0.4416786759834396,0.1556891147664343,0.8443108852335657,5.0,,,,,,,,,,,,,,,,,,,,,,,2.6116874598301365,-0.8648055404934264,,,,,,,,,,,,,,,,,,,,,,,,,,,,,-2.2838982328837196,1.1755131930695957,0.6970113199190437,2.0378470358444827,-0.6793801981050575,1.6906596093934012,,,,23.19225,2.177479999999999,spair,-2.169422159884526,1.0626551310047727,2.0524144796848427,-0.5687572181495729,2.4629483105627994,-1.0299806738145,4.41982810277848,2.177479999999999,pfpascal
snapshots/pointodyssey_steps100_pretrainedTrue_freezeFalse_2025_12_12_23_45,pointodyssey_steps100_pretrainedTrue_freezeFalse_2025_12_12_23_45,pointodyssey,steps,100,True,False,2025_12_12_23_45,pfpascal,5000,90199.65000000001,18.039930000000002,5,0.002873697820263697,0.3324751894303696,0.6675248105696304,5.0,,,,,,,,,,0.4416786759834396,0.1556891147664343,0.8443108852335657,5.0,,,,,,,,,,,,,,,,,,,,,,,2.6116874598301365,-0.8648055404934264,,,,,,,,,,,,,,,,,,,,,,,,,,,,,-2.2838982328837196,1.1755131930695957,0.6970113199190437,2.0378470358444827,-0.6793801981050575,1.6906596093934012,,,,23.19225,-5.15232,spair,-2.169422159884526,1.0626551310047727,2.0524144796848427,-0.5687572181495729,2.4629483105627994,-1.0299806738145,4.41982810277848,-5.15232,pfpascal
snapshots/sintel_logsteps100_pretrainedTrue_freezeFalse_2025_12_10_01_43,sintel_logsteps100_pretrainedTrue_freezeFalse_2025_12_10_01_43,sintel,logsteps,100,True,False,2025_12_10_01_43,pfpascal,5000,166520.15,33.30403,5,0.04333342345389832,0.3022717655977298,0.6977282344022702,5.0,,,,,,,,,,0.26090079318809795,0.2134567616027117,0.7865432383972883,5.0,,,,,,,,,,,,,,,,,,,,,,,-0.24007116963607406,-0.4219443541984958,,,,,,,,,,,,,,,,,,,,,,,,,,,,,-0.6587461831240898,0.785027428870894,0.8365031791471622,-0.1621693882359718,0.48710883213558115,1.3042134063077513,,,,23.19225,10.111779999999996,spair,-0.5613125442962588,0.6951622317634553,-0.06567128272851162,0.5459514001274063,-0.2778860410758147,-0.5850645816996726,9.611354036176298,10.111779999999996,pfpascal
snapshots/sintel_steps100_pretrainedTrue_freezeFalse_2025_12_10_12_22,sintel_steps100_pretrainedTrue_freezeFalse_2025_12_10_12_22,sintel,steps,100,True,False,2025_12_10_12_22,pfpascal,5000,173631.35,34.72627,5,0.04333342345389832,0.3022717655977298,0.6977282344022702,5.0,,,,,,,,,,0.26090079318809795,0.2134567616027117,0.7865432383972883,5.0,,,,,,,,,,,,,,,,,,,,,,,-0.24007116963607406,-0.4219443541984958,,,,,,,,,,,,,,,,,,,,,,,,,,,,,-0.6587461831240898,0.785027428870894,0.8365031791471622,-0.1621693882359718,0.48710883213558115,1.3042134063077513,,,,23.19225,11.534019999999998,spair,-0.5613125442962588,0.6951622317634553,-0.06567128272851162,0.5459514001274063,-0.2778860410758147,-0.5850645816996726,9.611354036176298,11.534019999999998,pfpascal
snapshots/sintel_steps100_pretrainedTrue_freezeFalse_2025_12_12_11_44,sintel_steps100_pretrainedTrue_freezeFalse_2025_12_12_11_44,sintel,steps,100,True,False,2025_12_12_11_44,pfpascal,5000,159892.09999999998,31.978419999999996,5,0.04333342345389832,0.3022717655977298,0.6977282344022702,5.0,,,,,,,,,,0.26090079318809795,0.2134567616027117,0.7865432383972883,5.0,,,,,,,,,,,,,,,,,,,,,,,-0.24007116963607406,-0.4219443541984958,,,,,,,,,,,,,,,,,,,,,,,,,,,,,-0.6587461831240898,0.785027428870894,0.8365031791471622,-0.1621693882359718,0.48710883213558115,1.3042134063077513,,,,23.19225,8.786169999999995,spair,-0.5613125442962588,0.6951622317634553,-0.06567128272851162,0.5459514001274063,-0.2778860410758147,-0.5850645816996726,9.611354036176298,8.786169999999995,pfpascal
snapshots/spair_logsteps100_pretrainedTrue_freezeFalse_2025_12_10_06_42,spair_logsteps100_pretrainedTrue_freezeFalse_2025_12_10_06_42,spair,logsteps,100,True,False,2025_12_10_06_42,pfpascal,5000,128382.04999999999,25.676409999999997,5,0.17367439416160707,0.13108621825842523,0.8689137817415747,5.0,,,,,,,,,,0.1863228523662501,0.3008696013612009,0.6991303986387991,5.0,,,,,,,,,,,,,,,,,,,,,,,-0.05901408627011857,0.39167549576053534,,,,,,,,,,,,,,,,,,,,,,,,,,,,,0.2466581287611635,-2.1679603581507463,1.8913886434991196,-1.3421170590322498,1.878798957614601,0.8431603222918538,,,,23.19225,2.4841599999999957,spair,0.33459709083794564,-2.0839455943660834,-1.2016766027574313,1.8758644439923842,-0.10387149841103308,0.23233051932358464,0.3194610324871803,2.4841599999999957,pfpascal
snapshots/spair_steps100_pretrainedTrue_freezeFalse_2025_12_10_20_45,spair_steps100_pretrainedTrue_freezeFalse_2025_12_10_20_45,spair,steps,100,True,False,2025_12_10_20_45,pfpascal,5000,94579.95,18.91599,5,0.17367439416160707,0.13108621825842523,0.8689137817415747,5.0,,,,,,,,,,0.1863228523662501,0.3008696013612009,0.6991303986387991,5.0,,,,,,,,,,,,,,,,,,,,,,,-0.05901408627011857,0.39167549576053534,,,,,,,,,,,,,,,,,,,,,,,,,,,,,0.2466581287611635,-2.1679603581507463,1.8913886434991196,-1.3421170590322498,1.878798957614601,0.8431603222918538,,,,23.19225,-4.276260000000001,spair,0.33459709083794564,-2.0839455943660834,-1.2016766027574313,1.8758644439923842,-0.10387149841103308,0.23233051932358464,0.3194610324871803,-4.276260000000001,pfpascal
snapshots/spair_steps100_pretrainedTrue_freezeFalse_2025_12_12_23_44,spair_steps100_pretrainedTrue_freezeFalse_2025_12_12_23_44,spair,steps,100,True,False,2025_12_12_23_44,pfpascal,5000,124921.75,24.98435,5,0.17367439416160707,0.13108621825842523,0.8689137817415747,5.0,,,,,,,,,,0.1863228523662501,0.3008696013612009,0.6991303986387991,5.0,,,,,,,,,,,,,,,,,,,,,,,-0.05901408627011857,0.39167549576053534,,,,,,,,,,,,,,,,,,,,,,,,,,,,,0.2466581287611635,-2.1679603581507463,1.8913886434991196,-1.3421170590322498,1.878798957614601,0.8431603222918538,,,,23.19225,1.7920999999999978,spair,0.33459709083794564,-2.0839455943660834,-1.2016766027574313,1.8758644439923842,-0.10387149841103308,0.23233051932358464,0.3194610324871803,1.7920999999999978,pfpascal
snapshots/spair_synthetic_70_30_steps100_pretrainedTrue_freezeFalse_2025_12_17_03_25,spair_synthetic_70_30_steps100_pretrainedTrue_freezeFalse_2025_12_17_03_25,spair_synthetic_70_30,steps,100,True,False,2025_12_17_03_25,pfpascal,5000,173619.35,34.72387,5,0.3406910353698698,0.23004017278427275,0.7699598272157273,5.0,,,,,,,,,,0.32294240102862326,0.2424278784192347,0.7575721215807654,5.0,,,,,,,,,,,,,,,,,,,,,,,-0.5546338047335683,-1.4329934572390095,,,,,,,,,,,,,,,,,,,,,,,,,,,,,0.7773678840062493,-0.25515635809698134,1.20808438308898,0.6584939045084283,0.9845548725418986,1.1394144852965906,,,,23.19225,11.531619999999997,spair,0.8597414677116958,-0.28377270175724983,0.7244297442780074,1.0213158261900237,-0.5802131970660654,-1.6008050208751523,11.37097828261546,11.531619999999997,pfpascal
snapshots/spair_synthetic_steps100_pretrainedTrue_freezeFalse_2025_12_16_15_25,spair_synthetic_steps100_pretrainedTrue_freezeFalse_2025_12_16_15_25,spair_synthetic_50_50,steps,100,True,False,2025_12_16_15_25,pfpascal,5000,192068.75,38.41375,5,0.3607651538345918,0.22887595416279527,0.7711240458372047,5.0,,,,,,,,,,0.3088685527476456,0.2196391159918119,0.7803608840081881,5.0,,,,,,,,,,,,,,,,,,,,,,,-0.5550598571895276,-0.9156065525144238,,,,,,,,,,,,,,,,,,,,,,,,,,,,,0.8293843352175426,-0.2735891880656026,1.2146690782530536,0.4809203414096124,0.5971113510400421,1.267770666891919,,,,23.19225,15.221499999999999,spair,0.9112124395349358,-0.30112015651092405,0.5534691861368028,0.6510709106209454,-0.5806226774459361,-1.0810174059629079,9.457945274587383,15.221499999999999,pfpascal
snapshots/synthetic_large_zoom_steps100_pretrainedTrue_freezeFalse_2025_12_11_12_20,synthetic_large_zoom_steps100_pretrainedTrue_freezeFalse_2025_12_11_12_20,synthetic_large_zoom,steps,100,True,False,2025_12_11_12_20,pfpascal,5000,72673.5,14.5347,3,0.13637813353483727,0.2953150401976631,0.7046849598023369,5.0,,,,,,,,,,0.2273607857581464,0.13853890764499688,0.8614610923550031,5.0,,,,,,,,,,,,,,,,,,,,,,,-0.3786355066069365,1.2230901337688138,,,,,,,,,,,,,,,,,,,,,,,,,,,,,0.07799436399246194,0.6920753669588993,0.8697081180309101,-0.6583200097379553,-1.0923689891248713,1.8274786844717297,,,,23.19225,-8.65755,spair,0.16770204740740438,0.6076834403340313,-0.5433447927592975,-0.9634134495130238,-0.4110606690957378,1.0676029774146842,3.216868397028021,-8.65755,pfpascal
snapshots/synthetic_large_zoom_steps100_pretrainedTrue_freezeFalse_2025_12_13_11_44,synthetic_large_zoom_steps100_pretrainedTrue_freezeFalse_2025_12_13_11_44,synthetic_large_zoom,steps,100,True,False,2025_12_13_11_44,pfpascal,5000,156726.2,31.345240000000004,5,0.13637813353483727,0.2953150401976631,0.7046849598023369,5.0,,,,,,,,,,0.2273607857581464,0.13853890764499688,0.8614610923550031,5.0,,,,,,,,,,,,,,,,,,,,,,,-0.3786355066069365,1.2230901337688138,,,,,,,,,,,,,,,,,,,,,,,,,,,,,0.07799436399246194,0.6920753669588993,0.8697081180309101,-0.6583200097379553,-1.0923689891248713,1.8274786844717297,,,,23.19225,8.152990000000003,spair,0.16770204740740438,0.6076834403340313,-0.5433447927592975,-0.9634134495130238,-0.4110606690957378,1.0676029774146842,3.216868397028021,8.152990000000003,pfpascal
snapshots/synthetic_logsteps100_pretrainedTrue_freezeFalse_2025_12_10_12_17,synthetic_logsteps100_pretrainedTrue_freezeFalse_2025_12_10_12_17,synthetic,logsteps,100,True,False,2025_12_10_12_17,pfpascal,5000,140310.90000000002,28.062180000000005,5,0.3785796296032772,0.2284647604884784,0.7715352395115216,5.0,,,,,,,,,,0.21161235437928508,0.13800787346141738,0.8619921265385826,5.0,,,,,,,,,,,,,,,,,,,,,,,-0.553989063143939,1.2756904329306922,,,,,,,,,,,,,,,,,,,,,,,,,,,,,0.8744935886904506,-0.2801152767024394,1.2170003699950407,-0.9090362349654999,-1.10582159561376,1.831935399078093,,,,23.19225,4.869930000000004,spair,0.9558486471270321,-0.3072619712804801,-0.7847241121352613,-0.9762688952160661,-0.5795935338594649,1.1204473455178496,-1.124112518941839,4.869930000000004,pfpascal
snapshots/synthetic_random_flipping_steps100_pretrainedTrue_freezeFalse_2025_12_13_11_45,synthetic_random_flipping_steps100_pretrainedTrue_freezeFalse_2025_12_13_11_45,synthetic_random_flipping,steps,100,True,False,2025_12_13_11_45,pfpascal,5000,79090.34999999999,15.818069999999999,3,0.40124957238307457,0.1559776654784037,0.8440223345215963,5.0,,,,,,,,,,0.23402546623913856,0.13885427680026663,0.8611457231997334,5.0,,,,,,,,,,,,,,,,,,,,,,,-0.26938782337354494,1.3207916052676405,,,,,,,,,,,,,,,,,,,,,,,,,,,,,0.930727295220711,-1.599910342823309,1.6884661299596386,-0.5559309262006012,-1.084400260540839,1.8248387240221366,,,,23.19225,-7.374180000000003,spair,1.0114926493020013,-1.5493439105502078,-0.4447687741017702,-0.9557984525443007,-0.30606237087052635,1.1657577903410474,-8.145782284748638,-7.374180000000003,pfpascal
snapshots/synthetic_small_zoom_steps100_pretrainedTrue_freezeFalse_2025_12_11_07_44,synthetic_small_zoom_steps100_pretrainedTrue_freezeFalse_2025_12_11_07_44,synthetic_small_zoom,steps,100,True,False,2025_12_11_07_44,pfpascal,5000,119886.5,23.9773,5,0.07583647755483881,0.3102850436666433,0.6897149563333567,5.0,,,,,,,,,,0.21987290682878544,0.1368897494798624,0.8631102505201376,5.0,,,,,,,,,,,,,,,,,,,,,,,-0.2593162250128706,1.4922577380777913,,,,,,,,,,,,,,,,,,,,,,,,,,,,,-0.3081878403022113,0.8906079089020692,0.7987870347751191,-0.7759167213544637,-1.1342896498220216,1.841366582032081,,,,23.19225,0.7850499999999982,spair,-0.21443039133098318,0.7945258456702682,-0.6565620932554352,-1.0034732533787647,-0.29638252543142957,1.3380195375900579,3.106003315634547,0.7850499999999982,pfpascal
snapshots/synthetic_small_zoom_steps100_pretrainedTrue_freezeFalse_2025_12_13_11_38,synthetic_small_zoom_steps100_pretrainedTrue_freezeFalse_2025_12_13_11_38,synthetic_small_zoom,steps,100,True,False,2025_12_13_11_38,pfpascal,5000,160376.8,32.075359999999996,5,0.07583647755483881,0.3102850436666433,0.6897149563333567,5.0,,,,,,,,,,0.21987290682878544,0.1368897494798624,0.8631102505201376,5.0,,,,,,,,,,,,,,,,,,,,,,,-0.2593162250128706,1.4922577380777913,,,,,,,,,,,,,,,,,,,,,,,,,,,,,-0.3081878403022113,0.8906079089020692,0.7987870347751191,-0.7759167213544637,-1.1342896498220216,1.841366582032081,,,,23.19225,8.883109999999995,spair,-0.21443039133098318,0.7945258456702682,-0.6565620932554352,-1.0034732533787647,-0.29638252543142957,1.3380195375900579,3.106003315634547,8.883109999999995,pfpascal
snapshots/synthetic_steps100_pretrainedTrue_freezeFalse_2025_12_11_05_11,synthetic_steps100_pretrainedTrue_freezeFalse_2025_12_11_05_11,synthetic,steps,100,True,False,2025_12_11_05_11,pfpascal,5000,68090.04999999999,13.618009999999998,3,0.3785796296032772,0.2284647604884784,0.7715352395115216,5.0,,,,,,,,,,0.21161235437928508,0.13800787346141738,0.8619921265385826,5.0,,,,,,,,,,,,,,,,,,,,,,,-0.553989063143939,1.2756904329306922,,,,,,,,,,,,,,,,,,,,,,,,,,,,,0.8744935886904506,-0.2801152767024394,1.2170003699950407,-0.9090362349654999,-1.10582159561376,1.831935399078093,,,,23.19225,-9.574240000000003,spair,0.9558486471270321,-0.3072619712804801,-0.7847241121352613,-0.9762688952160661,-0.5795935338594649,1.1204473455178496,-1.124112518941839,-9.574240000000003,pfpascal
snapshots/synthetic_steps100_pretrainedTrue_freezeFalse_2025_12_12_23_46,synthetic_steps100_pretrainedTrue_freezeFalse_2025_12_12_23_46,synthetic,steps,100,True,False,2025_12_12_23_46,pfpascal,5000,91229.09999999999,18.24582,3,0.3785796296032772,0.2284647604884784,0.7715352395115216,5.0,,,,,,,,,,0.21161235437928508,0.13800787346141738,0.8619921265385826,5.0,,,,,,,,,,,,,,,,,,,,,,,-0.553989063143939,1.2756904329306922,,,,,,,,,,,,,,,,,,,,,,,,,,,,,0.8744935886904506,-0.2801152767024394,1.2170003699950407,-0.9090362349654999,-1.10582159561376,1.831935399078093,,,,23.19225,-4.946430000000003,spair,0.9558486471270321,-0.3072619712804801,-0.7847241121352613,-0.9762688952160661,-0.5795935338594649,1.1204473455178496,-1.124112518941839,-4.946430000000003,pfpascal
snapshots/flyingthings_logsteps100_pretrainedTrue_freezeFalse_2025_12_10_01_43,flyingthings_logsteps100_pretrainedTrue_freezeFalse_2025_12_10_01_43,flyingthings,logsteps,100,True,False,2025_12_10_01_43,pfwillow,5000,183633.3,36.726659999999995,5,0.21034729496623183,0.13463451820723119,0.8653654817927688,5.0,,,,,,,,,,0.2840255378715558,0.15933285112117535,0.8406671488788247,5.0,,,,,,,,,,,,,,,,,,,,,,,-0.3020724247829814,-0.22009575197459677,,,,,,,,,,,,,,,,,,,,,,,,,,,,,0.3588732471135378,-0.16541554756118262,1.8605881053887634,0.0374410186306823,0.09645957001550441,1.6632003840808114,,,,27.67815333333333,9.048506666666665,spair,0.4453565079648677,-0.1959235480595938,0.12056717937888146,0.17241275324488495,-0.3372369338077516,-0.3833574643366912,5.741403211421668,9.048506666666665,pfwillow
snapshots/flyingthings_steps100_pretrainedTrue_freezeFalse_2025_12_10_18_38,flyingthings_steps100_pretrainedTrue_freezeFalse_2025_12_10_18_38,flyingthings,steps,100,True,False,2025_12_10_18_38,pfwillow,5000,189577.75,37.91555,5,0.21034729496623183,0.13463451820723119,0.8653654817927688,5.0,,,,,,,,,,0.2840255378715558,0.15933285112117535,0.8406671488788247,5.0,,,,,,,,,,,,,,,,,,,,,,,-0.3020724247829814,-0.22009575197459677,,,,,,,,,,,,,,,,,,,,,,,,,,,,,0.3588732471135378,-0.16541554756118262,1.8605881053887634,0.0374410186306823,0.09645957001550441,1.6632003840808114,,,,27.67815333333333,10.237396666666672,spair,0.4453565079648677,-0.1959235480595938,0.12056717937888146,0.17241275324488495,-0.3372369338077516,-0.3833574643366912,5.741403211421668,10.237396666666672,pfwillow
snapshots/flyingthings_steps100_pretrainedTrue_freezeFalse_2025_12_12_11_46,flyingthings_steps100_pretrainedTrue_freezeFalse_2025_12_12_11_46,flyingthings,steps,100,True,False,2025_12_12_11_46,pfwillow,5000,184444.40000000002,36.88888000000001,5,0.21034729496623183,0.13463451820723119,0.8653654817927688,5.0,,,,,,,,,,0.2840255378715558,0.15933285112117535,0.8406671488788247,5.0,,,,,,,,,,,,,,,,,,,,,,,-0.3020724247829814,-0.22009575197459677,,,,,,,,,,,,,,,,,,,,,,,,,,,,,0.3588732471135378,-0.16541554756118262,1.8605881053887634,0.0374410186306823,0.09645957001550441,1.6632003840808114,,,,27.67815333333333,9.210726666666677,spair,0.4453565079648677,-0.1959235480595938,0.12056717937888146,0.17241275324488495,-0.3372369338077516,-0.3833574643366912,5.741403211421668,9.210726666666677,pfwillow
snapshots/pointodyssey_logsteps100_pretrainedTrue_freezeFalse_2025_12_10_11_14,pointodyssey_logsteps100_pretrainedTrue_freezeFalse_2025_12_10_11_14,pointodyssey,logsteps,100,True,False,2025_12_10_11_14,pfwillow,5000,123716.65,24.74333,5,0.004762380984234548,0.2334811724980145,0.7665188275019855,5.0,,,,,,,,,,0.4264131256152426,0.12834065080159285,0.8716593491984072,5.0,,,,,,,,,,,,,,,,,,,,,,,2.609692688544633,-1.0445193236350745,,,,,,,,,,,,,,,,,,,,,,,,,,,,,-2.249757197454784,1.9983519138658705,1.1887578188033723,1.961169351104257,-0.5875797014425267,1.9157106297672837,,,,27.67815333333333,-2.9348233333333305,spair,-2.135635719035567,1.8342005205755063,1.9622697228880774,-0.4812685746034348,2.460644012624573,-1.2116517318919229,10.889168894636567,-2.9348233333333305,pfwillow
snapshots/pointodyssey_steps100_pretrainedTrue_freezeFalse_2025_12_11_00_21,pointodyssey_steps100_pretrainedTrue_freezeFalse_2025_12_11_00_21,pointodyssey,steps,100,True,False,2025_12_11_00_21,pfwillow,5000,142144.4,28.42888,5,0.004762380984234548,0.2334811724980145,0.7665188275019855,5.0,,,,,,,,,,0.4264131256152426,0.12834065080159285,0.8716593491984072,5.0,,,,,,,,,,,,,,,,,,,,,,,2.609692688544633,-1.0445193236350745,,,,,,,,,,,,,,,,,,,,,,,,,,,,,-2.249757197454784,1.9983519138658705,1.1887578188033723,1.961169351104257,-0.5875797014425267,1.9157106297672837,,,,27.67815333333333,0.7507266666666688,spair,-2.135635719035567,1.8342005205755063,1.9622697228880774,-0.4812685746034348,2.460644012624573,-1.2116517318919229,10.889168894636567,0.7507266666666688,pfwillow
snapshots/pointodyssey_steps100_pretrainedTrue_freezeFalse_2025_12_12_23_45,pointodyssey_steps100_pretrainedTrue_freezeFalse_2025_12_12_23_45,pointodyssey,steps,100,True,False,2025_12_12_23_45,pfwillow,5000,109877.8,21.97556,5,0.004762380984234548,0.2334811724980145,0.7665188275019855,5.0,,,,,,,,,,0.4264131256152426,0.12834065080159285,0.8716593491984072,5.0,,,,,,,,,,,,,,,,,,,,,,,2.609692688544633,-1.0445193236350745,,,,,,,,,,,,,,,,,,,,,,,,,,,,,-2.249757197454784,1.9983519138658705,1.1887578188033723,1.961169351104257,-0.5875797014425267,1.9157106297672837,,,,27.67815333333333,-5.702593333333329,spair,-2.135635719035567,1.8342005205755063,1.9622697228880774,-0.4812685746034348,2.460644012624573,-1.2116517318919229,10.889168894636567,-5.702593333333329,pfwillow
snapshots/sintel_logsteps100_pretrainedTrue_freezeFalse_2025_12_10_01_43,sintel_logsteps100_pretrainedTrue_freezeFalse_2025_12_10_01_43,sintel,logsteps,100,True,False,2025_12_10_01_43,pfwillow,5000,182922.25,36.58445,5,0.050837452357402335,0.1568481997690412,0.8431518002309588,5.0,,,,,,,,,,0.24243049149521306,0.17447487494253122,0.8255251250574688,5.0,,,,,,,,,,,,,,,,,,,,,,,-0.12100451087493423,0.007211182275674447,,,,,,,,,,,,,,,,,,,,,,,,,,,,,-0.6822121563362665,0.4101874778621258,1.6818685560733684,-0.6205252037737063,0.3916313526441739,1.5542389509274046,,,,27.67815333333333,8.906296666666666,spair,-0.5846986842309012,0.34412780991782854,-0.5093440429542467,0.45448469101651995,-0.16325089900887485,-0.15498331652351863,5.431374175444713,8.906296666666666,pfwillow
snapshots/sintel_steps100_pretrainedTrue_freezeFalse_2025_12_10_12_22,sintel_steps100_pretrainedTrue_freezeFalse_2025_12_10_12_22,sintel,steps,100,True,False,2025_12_10_12_22,pfwillow,5000,185794.4,37.158879999999996,5,0.050837452357402335,0.1568481997690412,0.8431518002309588,5.0,,,,,,,,,,0.24243049149521306,0.17447487494253122,0.8255251250574688,5.0,,,,,,,,,,,,,,,,,,,,,,,-0.12100451087493423,0.007211182275674447,,,,,,,,,,,,,,,,,,,,,,,,,,,,,-0.6822121563362665,0.4101874778621258,1.6818685560733684,-0.6205252037737063,0.3916313526441739,1.5542389509274046,,,,27.67815333333333,9.480726666666666,spair,-0.5846986842309012,0.34412780991782854,-0.5093440429542467,0.45448469101651995,-0.16325089900887485,-0.15498331652351863,5.431374175444713,9.480726666666666,pfwillow
snapshots/sintel_steps100_pretrainedTrue_freezeFalse_2025_12_12_11_44,sintel_steps100_pretrainedTrue_freezeFalse_2025_12_12_11_44,sintel,steps,100,True,False,2025_12_12_11_44,pfwillow,5000,181627.75,36.32555,5,0.050837452357402335,0.1568481997690412,0.8431518002309588,5.0,,,,,,,,,,0.24243049149521306,0.17447487494253122,0.8255251250574688,5.0,,,,,,,,,,,,,,,,,,,,,,,-0.12100451087493423,0.007211182275674447,,,,,,,,,,,,,,,,,,,,,,,,,,,,,-0.6822121563362665,0.4101874778621258,1.6818685560733684,-0.6205252037737063,0.3916313526441739,1.5542389509274046,,,,27.67815333333333,8.647396666666669,spair,-0.5846986842309012,0.34412780991782854,-0.5093440429542467,0.45448469101651995,-0.16325089900887485,-0.15498331652351863,5.431374175444713,8.647396666666669,pfwillow
snapshots/spair_logsteps100_pretrainedTrue_freezeFalse_2025_12_10_06_42,spair_logsteps100_pretrainedTrue_freezeFalse_2025_12_10_06_42,spair,logsteps,100,True,False,2025_12_10_06_42,pfwillow,5000,151894.5,30.3789,5,0.20695180063230878,0.09119685900423653,0.9088031409957634,5.0,,,,,,,,,,0.235660745668547,0.26731114003680717,0.7326888599631929,5.0,,,,,,,,,,,,,,,,,,,,,,,-0.22316928446655102,-0.21688551328865563,,,,,,,,,,,,,,,,,,,,,,,,,,,,,0.34552649147621356,-1.5777591153634891,2.299108048418069,-0.7345199370963107,1.870534988326996,1.0083078385266475,,,,27.67815333333333,2.700746666666671,spair,0.4321511600677229,-1.5210348279410408,-0.6184781585998491,1.867753976378257,-0.2614198317020372,-0.38013215347410445,5.128587408687447,2.700746666666671,pfwillow
snapshots/spair_steps100_pretrainedTrue_freezeFalse_2025_12_10_20_45,spair_steps100_pretrainedTrue_freezeFalse_2025_12_10_20_45,spair,steps,100,True,False,2025_12_10_20_45,pfwillow,5000,120405.6,24.081120000000002,5,0.20695180063230878,0.09119685900423653,0.9088031409957634,5.0,,,,,,,,,,0.235660745668547,0.26731114003680717,0.7326888599631929,5.0,,,,,,,,,,,,,,,,,,,,,,,-0.22316928446655102,-0.21688551328865563,,,,,,,,,,,,,,,,,,,,,,,,,,,,,0.34552649147621356,-1.5777591153634891,2.299108048418069,-0.7345199370963107,1.870534988326996,1.0083078385266475,,,,27.67815333333333,-3.5970333333333286,spair,0.4321511600677229,-1.5210348279410408,-0.6184781585998491,1.867753976378257,-0.2614198317020372,-0.38013215347410445,5.128587408687447,-3.5970333333333286,pfwillow
snapshots/spair_steps100_pretrainedTrue_freezeFalse_2025_12_12_23_44,spair_steps100_pretrainedTrue_freezeFalse_2025_12_12_23_44,spair,steps,100,True,False,2025_12_12_23_44,pfwillow,5000,142872.19999999998,28.574439999999996,5,0.20695180063230878,0.09119685900423653,0.9088031409957634,5.0,,,,,,,,,,0.235660745668547,0.26731114003680717,0.7326888599631929,5.0,,,,,,,,,,,,,,,,,,,,,,,-0.22316928446655102,-0.21688551328865563,,,,,,,,,,,,,,,,,,,,,,,,,,,,,0.34552649147621356,-1.5777591153634891,2.299108048418069,-0.7345199370963107,1.870534988326996,1.0083078385266475,,,,27.67815333333333,0.8962866666666649,spair,0.4321511600677229,-1.5210348279410408,-0.6184781585998491,1.867753976378257,-0.2614198317020372,-0.38013215347410445,5.128587408687447,0.8962866666666649,pfwillow
snapshots/spair_synthetic_70_30_steps100_pretrainedTrue_freezeFalse_2025_12_17_03_25,spair_synthetic_70_30_steps100_pretrainedTrue_freezeFalse_2025_12_17_03_25,spair_synthetic_70_30,steps,100,True,False,2025_12_17_03_25,pfwillow,5000,190605.5,38.1211,5,0.34351345390124244,0.12682116656755085,0.8731788334324492,5.0,,,,,,,,,,0.35247055619611634,0.20826734713967637,0.7917326528603237,5.0,,,,,,,,,,,,,,,,,,,,,,,-0.5785751689407352,-1.4415510659347435,,,,,,,,,,,,,,,,,,,,,,,,,,,,,0.7970570151443015,-0.38691738059481223,1.9293624273152186,1.00648263588969,0.9844533055786321,1.3354011981405771,,,,27.67815333333333,10.442946666666668,spair,0.8788977562624252,-0.40374449485939146,1.0482898630581243,1.0209969623746225,-0.6029251776754456,-1.6105475513332863,12.626943660495503,10.442946666666668,pfwillow
snapshots/spair_synthetic_steps100_pretrainedTrue_freezeFalse_2025_12_16_15_25,spair_synthetic_steps100_pretrainedTrue_freezeFalse_2025_12_16_15_25,spair_synthetic_50_50,steps,100,True,False,2025_12_16_15_25,pfwillow,5000,204977.75,40.99555,5,0.35859497065260615,0.12642981838689032,0.8735701816131096,5.0,,,,,,,,,,0.3388662322305576,0.1863657677951762,0.8136342322048238,5.0,,,,,,,,,,,,,,,,,,,,,,,-0.5864606117352807,-0.9146227544643144,,,,,,,,,,,,,,,,,,,,,,,,,,,,,0.840026872333703,-0.39831444416179174,1.9329011127880948,0.8222398254747816,0.6095378314303669,1.473799682612162,,,,27.67815333333333,13.31739666666667,spair,0.9214123514716046,-0.4144376277729577,0.8719029757640576,0.6627203908413213,-0.6105022071714229,-1.081145294039195,10.807192126564551,13.31739666666667,pfwillow
snapshots/synthetic_large_zoom_steps100_pretrainedTrue_freezeFalse_2025_12_11_12_20,synthetic_large_zoom_steps100_pretrainedTrue_freezeFalse_2025_12_11_12_20,synthetic_large_zoom,steps,100,True,False,2025_12_11_12_20,pfwillow,5000,70261.15,14.052229999999998,3,0.1360106716465961,0.16183213783508718,0.8381678621649128,5.0,,,,,,,,,,0.2317025354531666,0.10764632892020927,0.8923536710797907,5.0,,,,,,,,,,,,,,,,,,,,,,,-0.3915559715602244,1.2338366871746655,,,,,,,,,,,,,,,,,,,,,,,,,,,,,0.017498109764831744,0.5300292015573412,1.6446587814509401,-0.8022220580685666,-1.1274768862300015,2.115011425006032,,,,27.67815333333333,-13.625923333333333,spair,0.10759821114562657,0.45656760395184953,-0.6832935310673562,-0.9972049007462235,-0.4232206243881753,1.0774012356291194,1.279038520568368,-13.625923333333333,pfwillow
snapshots/synthetic_large_zoom_steps100_pretrainedTrue_freezeFalse_2025_12_13_11_44,synthetic_large_zoom_steps100_pretrainedTrue_freezeFalse_2025_12_13_11_44,synthetic_large_zoom,steps,100,True,False,2025_12_13_11_44,pfwillow,5000,190201.35,38.04027,5,0.1360106716465961,0.16183213783508718,0.8381678621649128,5.0,,,,,,,,,,0.2317025354531666,0.10764632892020927,0.8923536710797907,5.0,,,,,,,,,,,,,,,,,,,,,,,-0.3915559715602244,1.2338366871746655,,,,,,,,,,,,,,,,,,,,,,,,,,,,,0.017498109764831744,0.5300292015573412,1.6446587814509401,-0.8022220580685666,-1.1274768862300015,2.115011425006032,,,,27.67815333333333,10.362116666666669,spair,0.10759821114562657,0.45656760395184953,-0.6832935310673562,-0.9972049007462235,-0.4232206243881753,1.0774012356291194,1.279038520568368,10.362116666666669,pfwillow
snapshots/synthetic_logsteps100_pretrainedTrue_freezeFalse_2025_12_10_12_17,synthetic_logsteps100_pretrainedTrue_freezeFalse_2025_12_10_12_17,synthetic,logsteps,100,True,False,2025_12_10_12_17,pfwillow,5000,140016.65,28.00333,5,0.37303527910389916,0.1254768631715489,0.8745231368284511,5.0,,,,,,,,,,0.22166907499491065,0.10703003507019515,0.8929699649298048,5.0,,,,,,,,,,,,,,,,,,,,,,,-0.5839380433073343,1.2823247573403067,,,,,,,,,,,,,,,,,,,,,,,,,,,,,0.8804279402564409,-0.4261936890318544,1.9415573669395858,-0.9775518501067236,-1.1449009614718952,2.1214434497504775,,,,27.67815333333333,0.32517666666666756,spair,0.9613853735177988,-0.44059493304491976,-0.8511474418814747,-1.0138556883777183,-0.6080783007552364,1.126116958885461,-2.3853162804967467,0.32517666666666756,pfwillow
snapshots/synthetic_random_flipping_steps100_pretrainedTrue_freezeFalse_2025_12_13_11_45,synthetic_random_flipping_steps100_pretrainedTrue_freezeFalse_2025_12_13_11_45,synthetic_random_flipping,steps,100,True,False,2025_12_13_11_45,pfwillow,5000,79838.9,15.96778,3,0.41437032853536976,0.09162744988257311,0.9083725501174269,5.0,,,,,,,,,,0.24097444451526517,0.10764646955701548,0.8923535304429845,5.0,,,,,,,,,,,,,,,,,,,,,,,-0.32019461904819957,1.331137955986584,,,,,,,,,,,,,,,,,,,,,,,,,,,,,0.9928946810625379,-1.561061836684381,2.2939236939436825,-0.6448575926184561,-1.127472920121977,2.1150099609337873,,,,27.67815333333333,-11.710373333333331,spair,1.072660538775883,-1.5053688435266117,-0.5326389238730139,-0.9972011106557009,-0.35465033772900884,1.175159337111392,-8.511564524515812,-11.710373333333331,pfwillow
snapshots/synthetic_small_zoom_steps100_pretrainedTrue_freezeFalse_2025_12_11_07_44,synthetic_small_zoom_steps100_pretrainedTrue_freezeFalse_2025_12_11_07_44,synthetic_small_zoom,steps,100,True,False,2025_12_11_07_44,pfwillow,5000,131438.8,26.28776,5,0.07707898382720144,0.16634064717926905,0.833659352820731,5.0,,,,,,,,,,0.22724602636690783,0.10629044916971317,0.8937095508302868,5.0,,,,,,,,,,,,,,,,,,,,,,,-0.23134126728013293,1.5259529252865875,,,,,,,,,,,,,,,,,,,,,,,,,,,,,-0.3939000934459758,0.6358992309472826,1.6117870919307835,-0.8794213815545487,-1.1659277517869289,2.129205401746493,,,,27.67815333333333,-1.390393333333332,spair,-0.29944126311181263,0.5558986543734483,-0.7572011551436242,-1.0339493011087861,-0.2692721941415898,1.370888969125839,0.424576274662527,-1.390393333333332,pfwillow
snapshots/synthetic_small_zoom_steps100_pretrainedTrue_freezeFalse_2025_12_13_11_38,synthetic_small_zoom_steps100_pretrainedTrue_freezeFalse_2025_12_13_11_38,synthetic_small_zoom,steps,100,True,False,2025_12_13_11_38,pfwillow,5000,178666.69999999998,35.73334,5,0.07707898382720144,0.16634064717926905,0.833659352820731,5.0,,,,,,,,,,0.22724602636690783,0.10629044916971317,0.8937095508302868,5.0,,,,,,,,,,,,,,,,,,,,,,,-0.23134126728013293,1.5259529252865875,,,,,,,,,,,,,,,,,,,,,,,,,,,,,-0.3939000934459758,0.6358992309472826,1.6117870919307835,-0.8794213815545487,-1.1659277517869289,2.129205401746493,,,,27.67815333333333,8.055186666666668,spair,-0.29944126311181263,0.5558986543734483,-0.7572011551436242,-1.0339493011087861,-0.2692721941415898,1.370888969125839,0.424576274662527,8.055186666666668,pfwillow
snapshots/synthetic_steps100_pretrainedTrue_freezeFalse_2025_12_11_05_11,synthetic_steps100_pretrainedTrue_freezeFalse_2025_12_11_05_11,synthetic,steps,100,True,False,2025_12_11_05_11,pfwillow,5000,67900.05000000002,13.580010000000003,3,0.37303527910389916,0.1254768631715489,0.8745231368284511,5.0,,,,,,,,,,0.22166907499491065,0.10703003507019515,0.8929699649298048,5.0,,,,,,,,,,,,,,,,,,,,,,,-0.5839380433073343,1.2823247573403067,,,,,,,,,,,,,,,,,,,,,,,,,,,,,0.8804279402564409,-0.4261936890318544,1.9415573669395858,-0.9775518501067236,-1.1449009614718952,2.1214434497504775,,,,27.67815333333333,-14.098143333333327,spair,0.9613853735177988,-0.44059493304491976,-0.8511474418814747,-1.0138556883777183,-0.6080783007552364,1.126116958885461,-2.3853162804967467,-14.098143333333327,pfwillow
snapshots/synthetic_steps100_pretrainedTrue_freezeFalse_2025_12_12_23_46,synthetic_steps100_pretrainedTrue_freezeFalse_2025_12_12_23_46,synthetic,steps,100,True,False,2025_12_12_23_46,pfwillow,5000,99761.15,19.95223,3,0.37303527910389916,0.1254768631715489,0.8745231368284511,5.0,,,,,,,,,,0.22166907499491065,0.10703003507019515,0.8929699649298048,5.0,,,,,,,,,,,,,,,,,,,,,,,-0.5839380433073343,1.2823247573403067,,,,,,,,,,,,,,,,,,,,,,,,,,,,,0.8804279402564409,-0.4261936890318544,1.9415573669395858,-0.9775518501067236,-1.1449009614718952,2.1214434497504775,,,,27.67815333333333,-7.725923333333331,spair,0.9613853735177988,-0.44059493304491976,-0.8511474418814747,-1.0138556883777183,-0.6080783007552364,1.126116958885461,-2.3853162804967467,-7.725923333333331,pfwillow
snapshots/flyingthings_logsteps100_pretrainedTrue_freezeFalse_2025_12_10_01_43,flyingthings_logsteps100_pretrainedTrue_freezeFalse_2025_12_10_01_43,flyingthings,logsteps,100,True,False,2025_12_10_01_43,pointodyssey,5000,174928.44999999998,34.98569,5,0.4082499450127766,0.021812824232873017,0.978187175767127,5.0,,,,,,,,,,0.1882881069376469,0.41394424094118654,0.5860557590588135,5.0,,,,,,,,,,,,,,,,,,,,,,,-0.38729742593001776,-0.8092922338098175,,,,,,,,,,,,,,,,,,,,,,,,,,,,,0.3916473057035759,-0.13145952838257452,3.8032029735912674,0.5983299849287192,0.325034963097746,0.34768365599014034,,,,24.839123333333333,10.146566666666665,spair,0.4809820915359448,-0.1605801314171384,0.6773788613575911,0.3924117704060368,-0.42918096668197425,-0.982278439921212,10.01935203512907,10.146566666666665,pointodyssey
snapshots/flyingthings_steps100_pretrainedTrue_freezeFalse_2025_12_10_18_38,flyingthings_steps100_pretrainedTrue_freezeFalse_2025_12_10_18_38,flyingthings,steps,100,True,False,2025_12_10_18_38,pointodyssey,5000,171590.8,34.31816,5,0.4082499450127766,0.021812824232873017,0.978187175767127,5.0,,,,,,,,,,0.1882881069376469,0.41394424094118654,0.5860557590588135,5.0,,,,,,,,,,,,,,,,,,,,,,,-0.38729742593001776,-0.8092922338098175,,,,,,,,,,,,,,,,,,,,,,,,,,,,,0.3916473057035759,-0.13145952838257452,3.8032029735912674,0.5983299849287192,0.325034963097746,0.34768365599014034,,,,24.839123333333333,9.479036666666666,spair,0.4809820915359448,-0.1605801314171384,0.6773788613575911,0.3924117704060368,-0.42918096668197425,-0.982278439921212,10.01935203512907,9.479036666666666,pointodyssey
snapshots/flyingthings_steps100_pretrainedTrue_freezeFalse_2025_12_12_11_46,flyingthings_steps100_pretrainedTrue_freezeFalse_2025_12_12_11_46,flyingthings,steps,100,True,False,2025_12_12_11_46,pointodyssey,5000,171724.7,34.34494,5,0.4082499450127766,0.021812824232873017,0.978187175767127,5.0,,,,,,,,,,0.1882881069376469,0.41394424094118654,0.5860557590588135,5.0,,,,,,,,,,,,,,,,,,,,,,,-0.38729742593001776,-0.8092922338098175,,,,,,,,,,,,,,,,,,,,,,,,,,,,,0.3916473057035759,-0.13145952838257452,3.8032029735912674,0.5983299849287192,0.325034963097746,0.34768365599014034,,,,24.839123333333333,9.505816666666668,spair,0.4809820915359448,-0.1605801314171384,0.6773788613575911,0.3924117704060368,-0.42918096668197425,-0.982278439921212,10.01935203512907,9.505816666666668,pointodyssey
snapshots/pointodyssey_logsteps100_pretrainedTrue_freezeFalse_2025_12_10_11_14,pointodyssey_logsteps100_pretrainedTrue_freezeFalse_2025_12_10_11_14,pointodyssey,logsteps,100,True,False,2025_12_10_11_14,pointodyssey,5000,130670.2,26.13404,5,0.10715245758486333,0.18830633185033918,0.8116936681496608,5.0,,,,,,,,,,0.31437955697384834,0.36621347509681856,0.6337865249031814,5.0,,,,,,,,,,,,,,,,,,,,,,,-0.5484851638976603,0.02003437032878969,,,,,,,,,,,,,,,,,,,,,,,,,,,,,-2.0970687687251455,1.429165299580611,1.4610529515158115,2.1071271237444678,-0.8844049702670232,0.5484957575678671,,,,24.839123333333333,1.2949166666666656,spair,-1.9909192154280213,1.3014683877589575,2.135649205981341,-0.7640059181035413,-0.5856474932301827,-0.14388741192099228,39.1006923127142,1.2949166666666656,pointodyssey
snapshots/pointodyssey_steps100_pretrainedTrue_freezeFalse_2025_12_11_00_21,pointodyssey_steps100_pretrainedTrue_freezeFalse_2025_12_11_00_21,pointodyssey,steps,100,True,False,2025_12_11_00_21,pointodyssey,5000,130346.1,26.06922,5,0.10715245758486333,0.18830633185033918,0.8116936681496608,5.0,,,,,,,,,,0.31437955697384834,0.36621347509681856,0.6337865249031814,5.0,,,,,,,,,,,,,,,,,,,,,,,-0.5484851638976603,0.02003437032878969,,,,,,,,,,,,,,,,,,,,,,,,,,,,,-2.0970687687251455,1.429165299580611,1.4610529515158115,2.1071271237444678,-0.8844049702670232,0.5484957575678671,,,,24.839123333333333,1.2300966666666682,spair,-1.9909192154280213,1.3014683877589575,2.135649205981341,-0.7640059181035413,-0.5856474932301827,-0.14388741192099228,39.1006923127142,1.2300966666666682,pointodyssey
snapshots/pointodyssey_steps100_pretrainedTrue_freezeFalse_2025_12_12_23_45,pointodyssey_steps100_pretrainedTrue_freezeFalse_2025_12_12_23_45,pointodyssey,steps,100,True,False,2025_12_12_23_45,pointodyssey,5000,115114.75,23.02295,5,0.10715245758486333,0.18830633185033918,0.8116936681496608,5.0,,,,,,,,,,0.31437955697384834,0.36621347509681856,0.6337865249031814,5.0,,,,,,,,,,,,,,,,,,,,,,,-0.5484851638976603,0.02003437032878969,,,,,,,,,,,,,,,,,,,,,,,,,,,,,-2.0970687687251455,1.429165299580611,1.4610529515158115,2.1071271237444678,-0.8844049702670232,0.5484957575678671,,,,24.839123333333333,-1.8161733333333316,spair,-1.9909192154280213,1.3014683877589575,2.135649205981341,-0.7640059181035413,-0.5856474932301827,-0.14388741192099228,39.1006923127142,-1.8161733333333316,pointodyssey
snapshots/sintel_logsteps100_pretrainedTrue_freezeFalse_2025_12_10_01_43,sintel_logsteps100_pretrainedTrue_freezeFalse_2025_12_10_01_43,sintel,logsteps,100,True,False,2025_12_10_01_43,pointodyssey,5000,232146.69999999995,46.42933999999999,5,0.37421064716112995,0.15933950842716846,0.8406604915728315,5.0,,,,,,,,,,0.13708729695873537,0.41684389190309706,0.583156108096903,5.0,,,,,,,,,,,,,,,,,,,,,,,-0.6372829328644003,-0.18443782249739735,,,,,,,,,,,,,,,,,,,,,,,,,,,,,0.18817647537494916,1.2945032432718055,1.6631506834659244,-0.239759151088483,0.3969497238395419,0.33574312563338077,,,,24.839123333333333,21.590216666666656,spair,0.2788859920305687,1.175312212047942,-0.13264423701897227,0.4611737643608575,-0.6718443631077488,-0.3505944572340533,14.266949543753913,21.590216666666656,pointodyssey
snapshots/sintel_steps100_pretrainedTrue_freezeFalse_2025_12_10_12_22,sintel_steps100_pretrainedTrue_freezeFalse_2025_12_10_12_22,sintel,steps,100,True,False,2025_12_10_12_22,pointodyssey,5000,210332.2,42.06644,5,0.37421064716112995,0.15933950842716846,0.8406604915728315,5.0,,,,,,,,,,0.13708729695873537,0.41684389190309706,0.583156108096903,5.0,,,,,,,,,,,,,,,,,,,,,,,-0.6372829328644003,-0.18443782249739735,,,,,,,,,,,,,,,,,,,,,,,,,,,,,0.18817647537494916,1.2945032432718055,1.6631506834659244,-0.239759151088483,0.3969497238395419,0.33574312563338077,,,,24.839123333333333,17.227316666666667,spair,0.2788859920305687,1.175312212047942,-0.13264423701897227,0.4611737643608575,-0.6718443631077488,-0.3505944572340533,14.266949543753913,17.227316666666667,pointodyssey
snapshots/sintel_steps100_pretrainedTrue_freezeFalse_2025_12_12_11_44,sintel_steps100_pretrainedTrue_freezeFalse_2025_12_12_11_44,sintel,steps,100,True,False,2025_12_12_11_44,pointodyssey,5000,236177.64999999997,47.23552999999999,5,0.37421064716112995,0.15933950842716846,0.8406604915728315,5.0,,,,,,,,,,0.13708729695873537,0.41684389190309706,0.583156108096903,5.0,,,,,,,,,,,,,,,,,,,,,,,-0.6372829328644003,-0.18443782249739735,,,,,,,,,,,,,,,,,,,,,,,,,,,,,0.18817647537494916,1.2945032432718055,1.6631506834659244,-0.239759151088483,0.3969497238395419,0.33574312563338077,,,,24.839123333333333,22.396406666666657,spair,0.2788859920305687,1.175312212047942,-0.13264423701897227,0.4611737643608575,-0.6718443631077488,-0.3505944572340533,14.266949543753913,22.396406666666657,pointodyssey
snapshots/spair_logsteps100_pretrainedTrue_freezeFalse_2025_12_10_06_42,spair_logsteps100_pretrainedTrue_freezeFalse_2025_12_10_06_42,spair,logsteps,100,True,False,2025_12_10_06_42,pointodyssey,5000,126174.45,25.23489,5,0.17485234399871272,0.002203433021932204,0.9977965669780678,5.0,,,,,,,,,,0.07632760447046509,0.47701994446616663,0.5229800555338333,5.0,,,,,,,,,,,,,,,,,,,,,,,2.5500908039006656,2.4595334305865553,,,,,,,,,,,,,,,,,,,,,,,,,,,,,-1.2880493328415186,-1.6722145240970554,6.115532806210528,-1.6869558975967214,1.8650424189987247,0.09198502629095634,,,,24.839123333333333,0.3957666666666668,spair,-1.1873658404697947,-1.604013889188079,-1.5313770712589616,1.8649047924331221,2.422170750515398,2.3222750320770666,-15.82033218182531,0.3957666666666668,pointodyssey
snapshots/spair_steps100_pretrainedTrue_freezeFalse_2025_12_10_20_45,spair_steps100_pretrainedTrue_freezeFalse_2025_12_10_20_45,spair,steps,100,True,False,2025_12_10_20_45,pointodyssey,5000,128408.84999999999,25.681769999999997,5,0.17485234399871272,0.002203433021932204,0.9977965669780678,5.0,,,,,,,,,,0.07632760447046509,0.47701994446616663,0.5229800555338333,5.0,,,,,,,,,,,,,,,,,,,,,,,2.5500908039006656,2.4595334305865553,,,,,,,,,,,,,,,,,,,,,,,,,,,,,-1.2880493328415186,-1.6722145240970554,6.115532806210528,-1.6869558975967214,1.8650424189987247,0.09198502629095634,,,,24.839123333333333,0.8426466666666634,spair,-1.1873658404697947,-1.604013889188079,-1.5313770712589616,1.8649047924331221,2.422170750515398,2.3222750320770666,-15.82033218182531,0.8426466666666634,pointodyssey
snapshots/spair_steps100_pretrainedTrue_freezeFalse_2025_12_12_23_44,spair_steps100_pretrainedTrue_freezeFalse_2025_12_12_23_44,spair,steps,100,True,False,2025_12_12_23_44,pointodyssey,5000,118003.55,23.60071,5,0.17485234399871272,0.002203433021932204,0.9977965669780678,5.0,,,,,,,,,,0.07632760447046509,0.47701994446616663,0.5229800555338333,5.0,,,,,,,,,,,,,,,,,,,,,,,2.5500908039006656,2.4595334305865553,,,,,,,,,,,,,,,,,,,,,,,,,,,,,-1.2880493328415186,-1.6722145240970554,6.115532806210528,-1.6869558975967214,1.8650424189987247,0.09198502629095634,,,,24.839123333333333,-1.2384133333333338,spair,-1.1873658404697947,-1.604013889188079,-1.5313770712589616,1.8649047924331221,2.422170750515398,2.3222750320770666,-15.82033218182531,-1.2384133333333338,pointodyssey
snapshots/spair_synthetic_70_30_steps100_pretrainedTrue_freezeFalse_2025_12_17_03_25,spair_synthetic_70_30_steps100_pretrainedTrue_freezeFalse_2025_12_17_03_25,spair_synthetic_70_30,steps,100,True,False,2025_12_17_03_25,pointodyssey,5000,191502.3,38.30046,5,0.4446765370204937,0.011357379793307965,0.988642620206692,5.0,,,,,,,,,,0.16116633710853606,0.4399515645832995,0.5600484354167006,5.0,,,,,,,,,,,,,,,,,,,,,,,0.027970175572148658,-1.1198081555699664,,,,,,,,,,,,,,,,,,,,,,,,,,,,,0.6036714859349888,-0.5734053696938884,4.466465176932214,0.18118610978410496,0.9654033950385148,0.24135863144402683,,,,24.839123333333333,13.461336666666668,spair,0.6915737510695857,-0.5746106218127985,0.27420435438425256,1.0047062394659572,-0.02607661138608315,-1.2961882573029018,1.2336671460033877,13.461336666666668,pointodyssey
snapshots/spair_synthetic_steps100_pretrainedTrue_freezeFalse_2025_12_16_15_25,spair_synthetic_steps100_pretrainedTrue_freezeFalse_2025_12_16_15_25,spair_synthetic_50_50,steps,100,True,False,2025_12_16_15_25,pointodyssey,5000,175975.2,35.195040000000006,5,0.46131364811771525,0.011638222815430293,0.9883617771845697,5.0,,,,,,,,,,0.15360008854452903,0.420797510623945,0.579202489376055,5.0,,,,,,,,,,,,,,,,,,,,,,,-0.00843080678713345,-0.9874556590959359,,,,,,,,,,,,,,,,,,,,,,,,,,,,,0.6992215395286702,-0.5569398157264521,4.441754050403078,0.05484039528431988,0.49477554608648183,0.31950039342978614,,,,24.839123333333333,10.355916666666673,spair,0.7864782300439159,-0.5591851086694999,0.15208972155167047,0.5547108703538971,-0.06141140387409998,-1.1623891665423784,-1.7684858736827334,10.355916666666673,pointodyssey
snapshots/synthetic_large_zoom_steps100_pretrainedTrue_freezeFalse_2025_12_11_12_20,synthetic_large_zoom_steps100_pretrainedTrue_freezeFalse_2025_12_11_12_20,synthetic_large_zoom,steps,100,True,False,2025_12_11_12_20,pointodyssey,5000,88276.65,17.65533,3,0.4390874723360302,0.05233240560701565,0.9476675943929843,5.0,,,,,,,,,,0.13145580298810197,0.35897691603259574,0.6410230839674043,5.0,,,,,,,,,,,,,,,,,,,,,,,-0.8163225168730441,0.13325851813743206,,,,,,,,,,,,,,,,,,,,,,,,,,,,,0.5714231363297244,0.47277074253942036,2.8963880126722974,-0.347037165770405,-1.0729868829600895,0.5798073830258472,,,,24.839123333333333,-7.183793333333334,spair,0.6595432842936672,0.40548415066649457,-0.23632971163721536,-0.944320337658479,-0.8456398526262644,-0.02942574000304753,4.142822223184576,-7.183793333333334,pointodyssey
snapshots/synthetic_large_zoom_steps100_pretrainedTrue_freezeFalse_2025_12_13_11_44,synthetic_large_zoom_steps100_pretrainedTrue_freezeFalse_2025_12_13_11_44,synthetic_large_zoom,steps,100,True,False,2025_12_13_11_44,pointodyssey,5000,151558.7,30.311740000000004,5,0.4390874723360302,0.05233240560701565,0.9476675943929843,5.0,,,,,,,,,,0.13145580298810197,0.35897691603259574,0.6410230839674043,5.0,,,,,,,,,,,,,,,,,,,,,,,-0.8163225168730441,0.13325851813743206,,,,,,,,,,,,,,,,,,,,,,,,,,,,,0.5714231363297244,0.47277074253942036,2.8963880126722974,-0.347037165770405,-1.0729868829600895,0.5798073830258472,,,,24.839123333333333,5.472616666666671,spair,0.6595432842936672,0.40548415066649457,-0.23632971163721536,-0.944320337658479,-0.8456398526262644,-0.02942574000304753,4.142822223184576,5.472616666666671,pointodyssey
snapshots/synthetic_logsteps100_pretrainedTrue_freezeFalse_2025_12_10_12_17,synthetic_logsteps100_pretrainedTrue_freezeFalse_2025_12_10_12_17,synthetic,logsteps,100,True,False,2025_12_10_12_17,pointodyssey,5000,175419.95,35.08399,5,0.4912138413772169,0.010175694422755902,0.9898243055772441,5.0,,,,,,,,,,0.11988614315060553,0.35932962604398555,0.6406703739560144,5.0,,,,,,,,,,,,,,,,,,,,,,,-0.0017835520249656826,0.16795789234932176,,,,,,,,,,,,,,,,,,,,,,,,,,,,,0.8698457429746613,-0.64740723413836,4.577525481328662,-0.5803171243769296,-1.0637573816032972,0.5782749418414258,,,,24.839123333333333,10.244866666666667,spair,0.9559496276980844,-0.6439381849712786,-0.4617975607464478,-0.9354954606797405,-0.05495884813486493,0.00565289351876865,-11.387298361159939,10.244866666666667,pointodyssey
snapshots/synthetic_random_flipping_steps100_pretrainedTrue_freezeFalse_2025_12_13_11_45,synthetic_random_flipping_steps100_pretrainedTrue_freezeFalse_2025_12_13_11_45,synthetic_random_flipping,steps,100,True,False,2025_12_13_11_45,pointodyssey,5000,93530.4,18.70608,3,0.4982493805558036,0.006035616655138001,0.993964383344862,5.0,,,,,,,,,,0.13770506225983042,0.35949402558235105,0.6405059744176489,5.0,,,,,,,,,,,,,,,,,,,,,,,1.0786026464103518,0.18376228150925059,,,,,,,,,,,,,,,,,,,,,,,,,,,,,0.9098963064017931,-0.9982240607863969,5.104023345232653,-0.2282183600994074,-1.0594568341652781,0.5775608906966444,,,,24.839123333333333,-6.133043333333333,spair,0.9957295933990317,-0.9725957923042556,-0.12148992553473956,-0.931383450657247,0.9937826872400668,0.021630022443109426,-20.11181598223078,-6.133043333333333,pointodyssey
snapshots/synthetic_small_zoom_steps100_pretrainedTrue_freezeFalse_2025_12_11_07_44,synthetic_small_zoom_steps100_pretrainedTrue_freezeFalse_2025_12_11_07_44,synthetic_small_zoom,steps,100,True,False,2025_12_11_07_44,pointodyssey,5000,165877.80000000002,33.175560000000004,5,0.3840252955944229,0.08282191559930063,0.9171780844006994,5.0,,,,,,,,,,0.12547033116376127,0.3580170568856405,0.6419829431143595,5.0,,,,,,,,,,,,,,,,,,,,,,,-0.949419046034739,0.23814160416448554,,,,,,,,,,,,,,,,,,,,,,,,,,,,,0.24751075023337651,0.8004536873406781,2.404608949153439,-0.4654232032223274,-1.0981241417336314,0.5839811047816476,,,,24.839123333333333,8.336436666666671,spair,0.3378193806470155,0.7124691195210607,-0.3507512221188424,-0.9683555707316035,-0.9748379658086286,0.07660370349393258,7.178720696102685,8.336436666666671,pointodyssey
snapshots/synthetic_small_zoom_steps100_pretrainedTrue_freezeFalse_2025_12_13_11_38,synthetic_small_zoom_steps100_pretrainedTrue_freezeFalse_2025_12_13_11_38,synthetic_small_zoom,steps,100,True,False,2025_12_13_11_38,pointodyssey,5000,165420.1,33.08402,5,0.3840252955944229,0.08282191559930063,0.9171780844006994,5.0,,,,,,,,,,0.12547033116376127,0.3580170568856405,0.6419829431143595,5.0,,,,,,,,,,,,,,,,,,,,,,,-0.949419046034739,0.23814160416448554,,,,,,,,,,,,,,,,,,,,,,,,,,,,,0.24751075023337651,0.8004536873406781,2.404608949153439,-0.4654232032223274,-1.0981241417336314,0.5839811047816476,,,,24.839123333333333,8.24489666666667,spair,0.3378193806470155,0.7124691195210607,-0.3507512221188424,-0.9683555707316035,-0.9748379658086286,0.07660370349393258,7.178720696102685,8.24489666666667,pointodyssey
snapshots/synthetic_steps100_pretrainedTrue_freezeFalse_2025_12_11_05_11,synthetic_steps100_pretrainedTrue_freezeFalse_2025_12_11_05_11,synthetic,steps,100,True,False,2025_12_11_05_11,pointodyssey,5000,86512.35,17.30247,3,0.4912138413772169,0.010175694422755902,0.9898243055772441,5.0,,,,,,,,,,0.11988614315060553,0.35932962604398555,0.6406703739560144,5.0,,,,,,,,,,,,,,,,,,,,,,,-0.0017835520249656826,0.16795789234932176,,,,,,,,,,,,,,,,,,,,,,,,,,,,,0.8698457429746613,-0.64740723413836,4.577525481328662,-0.5803171243769296,-1.0637573816032972,0.5782749418414258,,,,24.839123333333333,-7.536653333333334,spair,0.9559496276980844,-0.6439381849712786,-0.4617975607464478,-0.9354954606797405,-0.05495884813486493,0.00565289351876865,-11.387298361159939,-7.536653333333334,pointodyssey
snapshots/synthetic_steps100_pretrainedTrue_freezeFalse_2025_12_12_23_46,synthetic_steps100_pretrainedTrue_freezeFalse_2025_12_12_23_46,synthetic,steps,100,True,False,2025_12_12_23_46,pointodyssey,5000,89910.5,17.9821,3,0.4912138413772169,0.010175694422755902,0.9898243055772441,5.0,,,,,,,,,,0.11988614315060553,0.35932962604398555,0.6406703739560144,5.0,,,,,,,,,,,,,,,,,,,,,,,-0.0017835520249656826,0.16795789234932176,,,,,,,,,,,,,,,,,,,,,,,,,,,,,0.8698457429746613,-0.64740723413836,4.577525481328662,-0.5803171243769296,-1.0637573816032972,0.5782749418414258,,,,24.839123333333333,-6.857023333333334,spair,0.9559496276980844,-0.6439381849712786,-0.4617975607464478,-0.9354954606797405,-0.05495884813486493,0.00565289351876865,-11.387298361159939,-6.857023333333334,pointodyssey
snapshots/flyingthings_logsteps100_pretrainedTrue_freezeFalse_2025_12_10_01_43,flyingthings_logsteps100_pretrainedTrue_freezeFalse_2025_12_10_01_43,flyingthings,logsteps,100,True,False,2025_12_10_01_43,spair,5000,59588.5,11.9177,5,0.09125962146328671,0.19656057662087867,0.8034394233791213,5.0,,,,,,,,,,0.347179910929156,0.18780731035308168,0.8121926896469183,5.0,,,,,,,,,,,,,,,,,,,,,,,-0.24753767495066745,-0.15732931550364426,,,,,,,,,,,,,,,,,,,,,,,,,,,,,0.28936609870922375,-1.3359427589509052,1.4079311296245203,0.4223306910785055,0.046107064072320035,1.4643211222464279,,,,16.234553333333334,-4.316853333333334,spair,0.3778746820927173,-1.2956741553224966,0.4934421278632595,0.12666545657819409,-0.28616789288304095,-0.32729840529851767,-3.912475374863507,-4.316853333333334,spair
snapshots/flyingthings_steps100_pretrainedTrue_freezeFalse_2025_12_10_18_38,flyingthings_steps100_pretrainedTrue_freezeFalse_2025_12_10_18_38,flyingthings,steps,100,True,False,2025_12_10_18_38,spair,5000,63285.850000000006,12.65717,5,0.09125962146328671,0.19656057662087867,0.8034394233791213,5.0,,,,,,,,,,0.347179910929156,0.18780731035308168,0.8121926896469183,5.0,,,,,,,,,,,,,,,,,,,,,,,-0.24753767495066745,-0.15732931550364426,,,,,,,,,,,,,,,,,,,,,,,,,,,,,0.28936609870922375,-1.3359427589509052,1.4079311296245203,0.4223306910785055,0.046107064072320035,1.4643211222464279,,,,16.234553333333334,-3.5773833333333336,spair,0.3778746820927173,-1.2956741553224966,0.4934421278632595,0.12666545657819409,-0.28616789288304095,-0.32729840529851767,-3.912475374863507,-3.5773833333333336,spair
snapshots/flyingthings_steps100_pretrainedTrue_freezeFalse_2025_12_12_11_46,flyingthings_steps100_pretrainedTrue_freezeFalse_2025_12_12_11_46,flyingthings,steps,100,True,False,2025_12_12_11_46,spair,5000,59818.45,11.96369,5,0.09125962146328671,0.19656057662087867,0.8034394233791213,5.0,,,,,,,,,,0.347179910929156,0.18780731035308168,0.8121926896469183,5.0,,,,,,,,,,,,,,,,,,,,,,,-0.24753767495066745,-0.15732931550364426,,,,,,,,,,,,,,,,,,,,,,,,,,,,,0.28936609870922375,-1.3359427589509052,1.4079311296245203,0.4223306910785055,0.046107064072320035,1.4643211222464279,,,,16.234553333333334,-4.270863333333335,spair,0.3778746820927173,-1.2956741553224966,0.4934421278632595,0.12666545657819409,-0.28616789288304095,-0.32729840529851767,-3.912475374863507,-4.270863333333335,spair
snapshots/pointodyssey_logsteps100_pretrainedTrue_freezeFalse_2025_12_10_11_14,pointodyssey_logsteps100_pretrainedTrue_freezeFalse_2025_12_10_11_14,pointodyssey,logsteps,100,True,False,2025_12_10_11_14,spair,5000,45531.200000000004,9.106240000000001,5,0.0005703526500719621,0.21581575034459238,0.7841842496554077,5.0,,,,,,,,,,0.4696574244779277,0.14674974089102635,0.8532502591089737,5.0,,,,,,,,,,,,,,,,,,,,,,,2.5488234707503628,-0.945868802838287,,,,,,,,,,,,,,,,,,,,,,,,,,,,,-2.231457284236704,-0.035742064725439386,1.2902189690527288,1.946487603709779,-0.7161467659135726,1.760324198401991,,,,16.234553333333334,-7.128313333333333,spair,-2.1183967526733998,-0.0719678370693371,1.957426837616164,-0.6029753715120187,2.4030844789540393,-1.1242397522177174,-9.52376388277803,-7.128313333333333,spair
snapshots/pointodyssey_steps100_pretrainedTrue_freezeFalse_2025_12_11_00_21,pointodyssey_steps100_pretrainedTrue_freezeFalse_2025_12_11_00_21,pointodyssey,steps,100,True,False,2025_12_11_00_21,spair,5000,58347.1,11.66942,5,0.0005703526500719621,0.21581575034459238,0.7841842496554077,5.0,,,,,,,,,,0.4696574244779277,0.14674974089102635,0.8532502591089737,5.0,,,,,,,,,,,,,,,,,,,,,,,2.5488234707503628,-0.945868802838287,,,,,,,,,,,,,,,,,,,,,,,,,,,,,-2.231457284236704,-0.035742064725439386,1.2902189690527288,1.946487603709779,-0.7161467659135726,1.760324198401991,,,,16.234553333333334,-4.565133333333334,spair,-2.1183967526733998,-0.0719678370693371,1.957426837616164,-0.6029753715120187,2.4030844789540393,-1.1242397522177174,-9.52376388277803,-4.565133333333334,spair
snapshots/pointodyssey_steps100_pretrainedTrue_freezeFalse_2025_12_12_23_45,pointodyssey_steps100_pretrainedTrue_freezeFalse_2025_12_12_23_45,pointodyssey,steps,100,True,False,2025_12_12_23_45,spair,5000,43150.65,8.63013,5,0.0005703526500719621,0.21581575034459238,0.7841842496554077,5.0,,,,,,,,,,0.4696574244779277,0.14674974089102635,0.8532502591089737,5.0,,,,,,,,,,,,,,,,,,,,,,,2.5488234707503628,-0.945868802838287,,,,,,,,,,,,,,,,,,,,,,,,,,,,,-2.231457284236704,-0.035742064725439386,1.2902189690527288,1.946487603709779,-0.7161467659135726,1.760324198401991,,,,16.234553333333334,-7.604423333333335,spair,-2.1183967526733998,-0.0719678370693371,1.957426837616164,-0.6029753715120187,2.4030844789540393,-1.1242397522177174,-9.52376388277803,-7.604423333333335,spair
snapshots/sintel_logsteps100_pretrainedTrue_freezeFalse_2025_12_10_01_43,sintel_logsteps100_pretrainedTrue_freezeFalse_2025_12_10_01_43,sintel,logsteps,100,True,False,2025_12_10_01_43,spair,5000,66678.45,13.33569,5,0.013136369740861234,0.20444686104311027,0.7955531389568897,5.0,,,,,,,,,,0.29368800909047776,0.20112683819240526,0.7988731618075947,5.0,,,,,,,,,,,,,,,,,,,,,,,0.028644125599334845,0.05414499765982082,,,,,,,,,,,,,,,,,,,,,,,,,,,,,-0.6958836002195182,-0.7924821193837746,1.3587295514733235,-0.31317992837960607,0.2651360569108537,1.379266442168716,,,,16.234553333333334,-2.8988633333333347,spair,-0.5977790254167434,-0.7841867970140431,-0.21303126199831185,0.3363233020670527,-0.02056465943476147,-0.11357084101259357,-5.691976958320094,-2.8988633333333347,spair
snapshots/sintel_steps100_pretrainedTrue_freezeFalse_2025_12_10_12_22,sintel_steps100_pretrainedTrue_freezeFalse_2025_12_10_12_22,sintel,steps,100,True,False,2025_12_10_12_22,spair,5000,67833.85,13.566770000000002,5,0.013136369740861234,0.20444686104311027,0.7955531389568897,5.0,,,,,,,,,,0.29368800909047776,0.20112683819240526,0.7988731618075947,5.0,,,,,,,,,,,,,,,,,,,,,,,0.028644125599334845,0.05414499765982082,,,,,,,,,,,,,,,,,,,,,,,,,,,,,-0.6958836002195182,-0.7924821193837746,1.3587295514733235,-0.31317992837960607,0.2651360569108537,1.379266442168716,,,,16.234553333333334,-2.6677833333333325,spair,-0.5977790254167434,-0.7841867970140431,-0.21303126199831185,0.3363233020670527,-0.02056465943476147,-0.11357084101259357,-5.691976958320094,-2.6677833333333325,spair
snapshots/sintel_steps100_pretrainedTrue_freezeFalse_2025_12_12_11_44,sintel_steps100_pretrainedTrue_freezeFalse_2025_12_12_11_44,sintel,steps,100,True,False,2025_12_12_11_44,spair,5000,63951.600000000006,12.790320000000001,5,0.013136369740861234,0.20444686104311027,0.7955531389568897,5.0,,,,,,,,,,0.29368800909047776,0.20112683819240526,0.7988731618075947,5.0,,,,,,,,,,,,,,,,,,,,,,,0.028644125599334845,0.05414499765982082,,,,,,,,,,,,,,,,,,,,,,,,,,,,,-0.6958836002195182,-0.7924821193837746,1.3587295514733235,-0.31317992837960607,0.2651360569108537,1.379266442168716,,,,16.234553333333334,-3.444233333333333,spair,-0.5977790254167434,-0.7841867970140431,-0.21303126199831185,0.3363233020670527,-0.02056465943476147,-0.11357084101259357,-5.691976958320094,-3.444233333333333,spair
snapshots/spair_logsteps100_pretrainedTrue_freezeFalse_2025_12_10_06_42,spair_logsteps100_pretrainedTrue_freezeFalse_2025_12_10_06_42,spair,logsteps,100,True,False,2025_12_10_06_42,spair,5000,87388.85,17.47777,5,0.15634457368782811,0.256408856121145,0.7435911438788549,5.0,,,,,,,,,,0.25096959222398396,0.3366498224628481,0.663350177537152,5.0,,,,,,,,,,,,,,,,,,,,,,,-0.7321309534376281,-0.9171335326567509,,,,,,,,,,,,,,,,,,,,,,,,,,,,,0.5880761819134117,2.455049111017666,1.064718081280527,-0.9585099074063158,2.070337052802376,0.6782597343731446,,,,16.234553333333334,1.2432166666666653,spair,0.6736754323649623,2.272283256429545,-0.8328842536494555,2.064288840181757,-0.7521998378450938,-1.0951983087765447,45.29255222002967,1.2432166666666653,spair
snapshots/spair_steps100_pretrainedTrue_freezeFalse_2025_12_10_20_45,spair_steps100_pretrainedTrue_freezeFalse_2025_12_10_20_45,spair,steps,100,True,False,2025_12_10_20_45,spair,5000,65488.149999999994,13.097629999999999,5,0.15634457368782811,0.256408856121145,0.7435911438788549,5.0,,,,,,,,,,0.25096959222398396,0.3366498224628481,0.663350177537152,5.0,,,,,,,,,,,,,,,,,,,,,,,-0.7321309534376281,-0.9171335326567509,,,,,,,,,,,,,,,,,,,,,,,,,,,,,0.5880761819134117,2.455049111017666,1.064718081280527,-0.9585099074063158,2.070337052802376,0.6782597343731446,,,,16.234553333333334,-3.1369233333333355,spair,0.6736754323649623,2.272283256429545,-0.8328842536494555,2.064288840181757,-0.7521998378450938,-1.0951983087765447,45.29255222002967,-3.1369233333333355,spair
snapshots/spair_steps100_pretrainedTrue_freezeFalse_2025_12_12_23_44,spair_steps100_pretrainedTrue_freezeFalse_2025_12_12_23_44,spair,steps,100,True,False,2025_12_12_23_44,spair,5000,90641.29999999999,18.128259999999997,5,0.15634457368782811,0.256408856121145,0.7435911438788549,5.0,,,,,,,,,,0.25096959222398396,0.3366498224628481,0.663350177537152,5.0,,,,,,,,,,,,,,,,,,,,,,,-0.7321309534376281,-0.9171335326567509,,,,,,,,,,,,,,,,,,,,,,,,,,,,,0.5880761819134117,2.455049111017666,1.064718081280527,-0.9585099074063158,2.070337052802376,0.6782597343731446,,,,16.234553333333334,1.893706666666663,spair,0.6736754323649623,2.272283256429545,-0.8328842536494555,2.064288840181757,-0.7521998378450938,-1.0951983087765447,45.29255222002967,1.893706666666663,spair
snapshots/spair_synthetic_70_30_steps100_pretrainedTrue_freezeFalse_2025_12_17_03_25,spair_synthetic_70_30_steps100_pretrainedTrue_freezeFalse_2025_12_17_03_25,spair_synthetic_70_30,steps,100,True,False,2025_12_17_03_25,spair,5000,85958.7,17.19174,5,0.2115361252673823,0.21496286981671772,0.7850371301832823,5.0,,,,,,,,,,0.37706733889971333,0.24211849159439708,0.757881508405603,5.0,,,,,,,,,,,,,,,,,,,,,,,-0.5521072283088915,-1.226293084780893,,,,,,,,,,,,,,,,,,,,,,,,,,,,,0.7684672084185327,-0.09148622145025885,1.2952657015736948,0.8092255115663836,0.8784520707375479,1.1410998110459458,,,,16.234553333333334,0.9571866666666651,spair,0.8523095126417914,-0.12443241203289034,0.865062724655366,0.9233986129484419,-0.5790715455522064,-1.4076519446947038,16.953937103198136,0.9571866666666651,spair
snapshots/spair_synthetic_steps100_pretrainedTrue_freezeFalse_2025_12_16_15_25,spair_synthetic_steps100_pretrainedTrue_freezeFalse_2025_12_16_15_25,spair_synthetic_50_50,steps,100,True,False,2025_12_16_15_25,spair,5000,92423.09999999999,18.48462,5,0.22346210415412424,0.21454383642148298,0.785456163578517,5.0,,,,,,,,,,0.36375093940096587,0.21925529712928774,0.7807447028707123,5.0,,,,,,,,,,,,,,,,,,,,,,,-0.5433330785746667,-0.7134503054486763,,,,,,,,,,,,,,,,,,,,,,,,,,,,,0.8026385880573549,-0.11893302441332251,1.2977505660195603,0.6385411424534992,0.5464846832696152,1.270011420287256,,,,16.234553333333334,2.2500666666666653,spair,0.8861480748576237,-0.1502644442344716,0.7011168051084756,0.6056344378631823,-0.5706334712999258,-0.8893448441837624,15.195862937753768,2.2500666666666653,spair
snapshots/synthetic_large_zoom_steps100_pretrainedTrue_freezeFalse_2025_12_11_12_20,synthetic_large_zoom_steps100_pretrainedTrue_freezeFalse_2025_12_11_12_20,synthetic_large_zoom,steps,100,True,False,2025_12_11_12_20,spair,5000,40643.100000000006,8.128620000000002,3,0.048510170264011956,0.22227239662955522,0.7777276033704448,5.0,,,,,,,,,,0.2605665024025259,0.1319112667807044,0.8680887332192956,5.0,,,,,,,,,,,,,,,,,,,,,,,-0.09877616552594552,1.3191922792488002,,,,,,,,,,,,,,,,,,,,,,,,,,,,,-0.041149780548405915,0.38118791718753675,1.252472697114787,-0.8078048279628576,-1.0350546504159002,1.8841644614606872,,,,16.234553333333334,-8.105933333333333,spair,0.05057791322379508,0.32043300950920767,-0.6881288612361977,-0.9082387939825659,-0.14310438240853618,1.164955473393959,1.952140222475224,-8.105933333333333,spair
snapshots/synthetic_large_zoom_steps100_pretrainedTrue_freezeFalse_2025_12_13_11_44,synthetic_large_zoom_steps100_pretrainedTrue_freezeFalse_2025_12_13_11_44,synthetic_large_zoom,steps,100,True,False,2025_12_13_11_44,spair,5000,61541.6,12.30832,5,0.048510170264011956,0.22227239662955522,0.7777276033704448,5.0,,,,,,,,,,0.2605665024025259,0.1319112667807044,0.8680887332192956,5.0,,,,,,,,,,,,,,,,,,,,,,,-0.09877616552594552,1.3191922792488002,,,,,,,,,,,,,,,,,,,,,,,,,,,,,-0.041149780548405915,0.38118791718753675,1.252472697114787,-0.8078048279628576,-1.0350546504159002,1.8841644614606872,,,,16.234553333333334,-3.926233333333334,spair,0.05057791322379508,0.32043300950920767,-0.6881288612361977,-0.9082387939825659,-0.14310438240853618,1.164955473393959,1.952140222475224,-3.926233333333334,spair
snapshots/synthetic_logsteps100_pretrainedTrue_freezeFalse_2025_12_10_12_17,synthetic_logsteps100_pretrainedTrue_freezeFalse_2025_12_10_12_17,synthetic,logsteps,100,True,False,2025_12_10_12_17,spair,5000,82364.4,16.47288,5,0.23179232479557202,0.21434965011751103,0.7856503498824889,5.0,,,,,,,,,,0.242875389943555,0.13177144685476078,0.8682285531452392,5.0,,,,,,,,,,,,,,,,,,,,,,,-0.5501497485131047,1.3241159494593626,,,,,,,,,,,,,,,,,,,,,,,,,,,,,0.8257415447030831,-0.13166549241384098,1.2989032852300704,-1.08862139507788,-1.0382003825361787,1.8853860314256172,,,,16.234553333333334,0.2383266666666657,spair,0.9090260166934276,-0.16224782619111036,-0.9578590688642031,-0.9112499360705401,-0.5771890429320654,1.1699316051317046,1.2244017087388137,0.2383266666666657,spair
snapshots/synthetic_random_flipping_steps100_pretrainedTrue_freezeFalse_2025_12_13_11_45,synthetic_random_flipping_steps100_pretrainedTrue_freezeFalse_2025_12_13_11_45,synthetic_random_flipping,steps,100,True,False,2025_12_13_11_45,spair,5000,46392.25,9.27845,3,0.3351693664686225,0.2123643528352911,0.7876356471647089,5.0,,,,,,,,,,0.265993674475232,0.13245490335863416,0.8675450966413658,5.0,,,,,,,,,,,,,,,,,,,,,,,-0.7480769104962237,1.3584320092410487,,,,,,,,,,,,,,,,,,,,,,,,,,,,,1.07601433366216,-0.2623224508402026,1.310732161293906,-0.7241720333471257,-1.0228504705620398,1.8794252595877818,,,,16.234553333333334,-6.956103333333335,spair,1.1568612352194028,-0.2852178770918473,-0.6077978063843952,-0.8965567695119282,-0.767535018319535,1.204613301283429,3.464934705583053,-6.956103333333335,spair
snapshots/synthetic_small_zoom_steps100_pretrainedTrue_freezeFalse_2025_12_11_07_44,synthetic_small_zoom_steps100_pretrainedTrue_freezeFalse_2025_12_11_07_44,synthetic_small_zoom,steps,100,True,False,2025_12_11_07_44,spair,5000,65043.549999999996,13.008709999999999,5,0.021419903822824143,0.21905209141419607,0.780947908585804,5.0,,,,,,,,,,0.2524893330975576,0.131081355238176,0.868918644761824,5.0,,,,,,,,,,,,,,,,,,,,,,,0.0652978386320349,1.5051784874598073,,,,,,,,,,,,,,,,,,,,,,,,,,,,,-0.45339065271411494,0.1743460286474198,1.2711988873905977,-0.9343947851652802,-1.0537679864052343,1.891431338713476,,,,16.234553333333334,-3.2258433333333354,spair,-0.35764787537854886,0.12576019706563513,-0.8097211725112085,-0.9261514805844041,0.014685109666544346,1.3529233578953126,-2.9693042999176873,-3.2258433333333354,spair
snapshots/synthetic_small_zoom_steps100_pretrainedTrue_freezeFalse_2025_12_13_11_38,synthetic_small_zoom_steps100_pretrainedTrue_freezeFalse_2025_12_13_11_38,synthetic_small_zoom,steps,100,True,False,2025_12_13_11_38,spair,5000,55795.799999999996,11.15916,5,0.021419903822824143,0.21905209141419607,0.780947908585804,5.0,,,,,,,,,,0.2524893330975576,0.131081355238176,0.868918644761824,5.0,,,,,,,,,,,,,,,,,,,,,,,0.0652978386320349,1.5051784874598073,,,,,,,,,,,,,,,,,,,,,,,,,,,,,-0.45339065271411494,0.1743460286474198,1.2711988873905977,-0.9343947851652802,-1.0537679864052343,1.891431338713476,,,,16.234553333333334,-5.075393333333334,spair,-0.35764787537854886,0.12576019706563513,-0.8097211725112085,-0.9261514805844041,0.014685109666544346,1.3529233578953126,-2.9693042999176873,-5.075393333333334,spair
snapshots/synthetic_steps100_pretrainedTrue_freezeFalse_2025_12_11_05_11,synthetic_steps100_pretrainedTrue_freezeFalse_2025_12_11_05_11,synthetic,steps,100,True,False,2025_12_11_05_11,spair,5000,43538.7,8.70774,3,0.23179232479557202,0.21434965011751103,0.7856503498824889,5.0,,,,,,,,,,0.242875389943555,0.13177144685476078,0.8682285531452392,5.0,,,,,,,,,,,,,,,,,,,,,,,-0.5501497485131047,1.3241159494593626,,,,,,,,,,,,,,,,,,,,,,,,,,,,,0.8257415447030831,-0.13166549241384098,1.2989032852300704,-1.08862139507788,-1.0382003825361787,1.8853860314256172,,,,16.234553333333334,-7.526813333333335,spair,0.9090260166934276,-0.16224782619111036,-0.9578590688642031,-0.9112499360705401,-0.5771890429320654,1.1699316051317046,1.2244017087388137,-7.526813333333335,spair
snapshots/synthetic_steps100_pretrainedTrue_freezeFalse_2025_12_12_23_46,synthetic_steps100_pretrainedTrue_freezeFalse_2025_12_12_23_46,synthetic,steps,100,True,False,2025_12_12_23_46,spair,5000,41273.95,8.25479,3,0.23179232479557202,0.21434965011751103,0.7856503498824889,5.0,,,,,,,,,,0.242875389943555,0.13177144685476078,0.8682285531452392,5.0,,,,,,,,,,,,,,,,,,,,,,,-0.5501497485131047,1.3241159494593626,,,,,,,,,,,,,,,,,,,,,,,,,,,,,0.8257415447030831,-0.13166549241384098,1.2989032852300704,-1.08862139507788,-1.0382003825361787,1.8853860314256172,,,,16.234553333333334,-7.979763333333334,spair,0.9090260166934276,-0.16224782619111036,-0.9578590688642031,-0.9112499360705401,-0.5771890429320654,1.1699316051317046,1.2244017087388137,-7.979763333333334,spair
snapshots/flyingthings_logsteps100_pretrainedTrue_freezeFalse_2025_12_10_01_43,flyingthings_logsteps100_pretrainedTrue_freezeFalse_2025_12_10_01_43,flyingthings,logsteps,100,True,False,2025_12_10_01_43,tss,5000,255616.45,51.123290000000004,5,0.25194177323437505,0.20679552125917458,0.7932044787408254,5.0,,,,,,,,,,0.31016024371844986,0.3222268636529011,0.6777731363470989,5.0,,,,,,,,,,,,,,,,,,,,,,,-0.32121804737150894,-0.6141711663948394,,,,,,,,,,,,,,,,,,,,,,,,,,,,,0.3936655545201129,0.027214937760565616,1.344350558004645,0.4529513131165798,0.12377712624630532,0.7435567818146176,,,,39.87302333333333,11.250266666666676,spair,0.48123167811713685,-0.014534125219943824,0.5266089428339258,0.2002136673295568,-0.3569703817380215,-0.7700609218591578,7.504018979389276,11.250266666666676,tss
snapshots/flyingthings_steps100_pretrainedTrue_freezeFalse_2025_12_10_18_38,flyingthings_steps100_pretrainedTrue_freezeFalse_2025_12_10_18_38,flyingthings,steps,100,True,False,2025_12_10_18_38,tss,5000,259868.75,51.97375,5,0.25194177323437505,0.20679552125917458,0.7932044787408254,5.0,,,,,,,,,,0.31016024371844986,0.3222268636529011,0.6777731363470989,5.0,,,,,,,,,,,,,,,,,,,,,,,-0.32121804737150894,-0.6141711663948394,,,,,,,,,,,,,,,,,,,,,,,,,,,,,0.3936655545201129,0.027214937760565616,1.344350558004645,0.4529513131165798,0.12377712624630532,0.7435567818146176,,,,39.87302333333333,12.100726666666674,spair,0.48123167811713685,-0.014534125219943824,0.5266089428339258,0.2002136673295568,-0.3569703817380215,-0.7700609218591578,7.504018979389276,12.100726666666674,tss
snapshots/flyingthings_steps100_pretrainedTrue_freezeFalse_2025_12_12_11_46,flyingthings_steps100_pretrainedTrue_freezeFalse_2025_12_12_11_46,flyingthings,steps,100,True,False,2025_12_12_11_46,tss,5000,258596.05,51.71921,5,0.25194177323437505,0.20679552125917458,0.7932044787408254,5.0,,,,,,,,,,0.31016024371844986,0.3222268636529011,0.6777731363470989,5.0,,,,,,,,,,,,,,,,,,,,,,,-0.32121804737150894,-0.6141711663948394,,,,,,,,,,,,,,,,,,,,,,,,,,,,,0.3936655545201129,0.027214937760565616,1.344350558004645,0.4529513131165798,0.12377712624630532,0.7435567818146176,,,,39.87302333333333,11.846186666666668,spair,0.48123167811713685,-0.014534125219943824,0.5266089428339258,0.2002136673295568,-0.3569703817380215,-0.7700609218591578,7.504018979389276,11.846186666666668,tss
snapshots/pointodyssey_logsteps100_pretrainedTrue_freezeFalse_2025_12_10_11_14,pointodyssey_logsteps100_pretrainedTrue_freezeFalse_2025_12_10_11_14,pointodyssey,logsteps,100,True,False,2025_12_10_11_14,tss,5000,201117.19999999998,40.22344,5,0.005454058848063383,0.300341725744685,0.699658274255315,5.0,,,,,,,,,,0.4403209416696909,0.2677039344736122,0.7322960655263878,5.0,,,,,,,,,,,,,,,,,,,,,,,2.62473905081753,-0.7637096992424136,,,,,,,,,,,,,,,,,,,,,,,,,,,,,-2.323399154321574,1.3569934992330626,0.8456711240038567,2.0302510722497282,-0.8368910481513344,1.0063032455483736,,,,39.87302333333333,0.3504166666666677,spair,-2.2091168951958653,1.234685908331856,2.044957923968326,-0.7186120421890094,2.4755820145920104,-0.9195291872355287,3.5700501394596404,0.3504166666666677,tss
snapshots/pointodyssey_steps100_pretrainedTrue_freezeFalse_2025_12_11_00_21,pointodyssey_steps100_pretrainedTrue_freezeFalse_2025_12_11_00_21,pointodyssey,steps,100,True,False,2025_12_11_00_21,tss,5000,224271.75,44.85435,5,0.005454058848063383,0.300341725744685,0.699658274255315,5.0,,,,,,,,,,0.4403209416696909,0.2677039344736122,0.7322960655263878,5.0,,,,,,,,,,,,,,,,,,,,,,,2.62473905081753,-0.7637096992424136,,,,,,,,,,,,,,,,,,,,,,,,,,,,,-2.323399154321574,1.3569934992330626,0.8456711240038567,2.0302510722497282,-0.8368910481513344,1.0063032455483736,,,,39.87302333333333,4.981326666666668,spair,-2.2091168951958653,1.234685908331856,2.044957923968326,-0.7186120421890094,2.4755820145920104,-0.9195291872355287,3.5700501394596404,4.981326666666668,tss
snapshots/pointodyssey_steps100_pretrainedTrue_freezeFalse_2025_12_12_23_45,pointodyssey_steps100_pretrainedTrue_freezeFalse_2025_12_12_23_45,pointodyssey,steps,100,True,False,2025_12_12_23_45,tss,5000,177075.75,35.41515,5,0.005454058848063383,0.300341725744685,0.699658274255315,5.0,,,,,,,,,,0.4403209416696909,0.2677039344736122,0.7322960655263878,5.0,,,,,,,,,,,,,,,,,,,,,,,2.62473905081753,-0.7637096992424136,,,,,,,,,,,,,,,,,,,,,,,,,,,,,-2.323399154321574,1.3569934992330626,0.8456711240038567,2.0302510722497282,-0.8368910481513344,1.0063032455483736,,,,39.87302333333333,-4.457873333333332,spair,-2.2091168951958653,1.234685908331856,2.044957923968326,-0.7186120421890094,2.4755820145920104,-0.9195291872355287,3.5700501394596404,-4.457873333333332,tss
snapshots/sintel_logsteps100_pretrainedTrue_freezeFalse_2025_12_10_01_43,sintel_logsteps100_pretrainedTrue_freezeFalse_2025_12_10_01_43,sintel,logsteps,100,True,False,2025_12_10_01_43,tss,5000,254948.4,50.98968,5,0.0700250005071063,0.2621518124242335,0.7378481875757665,5.0,,,,,,,,,,0.25992287216646154,0.3384726858458901,0.6615273141541099,5.0,,,,,,,,,,,,,,,,,,,,,,,-0.23572293997848331,-0.07490015831593876,,,,,,,,,,,,,,,,,,,,,,,,,,,,,-0.594818350206629,0.8526242516956088,1.0348143228616187,-0.24335682529679645,0.3923250819300578,0.6701078765845903,,,,39.87302333333333,11.116656666666671,spair,-0.4975327415047172,0.7608715556372663,-0.14367503229111814,0.45706485954855725,-0.2747664109234172,-0.2310433147553064,10.014930143839486,11.116656666666671,tss
snapshots/sintel_steps100_pretrainedTrue_freezeFalse_2025_12_10_12_22,sintel_steps100_pretrainedTrue_freezeFalse_2025_12_10_12_22,sintel,steps,100,True,False,2025_12_10_12_22,tss,5000,256703.4,51.34068,5,0.0700250005071063,0.2621518124242335,0.7378481875757665,5.0,,,,,,,,,,0.25992287216646154,0.3384726858458901,0.6615273141541099,5.0,,,,,,,,,,,,,,,,,,,,,,,-0.23572293997848331,-0.07490015831593876,,,,,,,,,,,,,,,,,,,,,,,,,,,,,-0.594818350206629,0.8526242516956088,1.0348143228616187,-0.24335682529679645,0.3923250819300578,0.6701078765845903,,,,39.87302333333333,11.46765666666667,spair,-0.4975327415047172,0.7608715556372663,-0.14367503229111814,0.45706485954855725,-0.2747664109234172,-0.2310433147553064,10.014930143839486,11.46765666666667,tss
snapshots/sintel_steps100_pretrainedTrue_freezeFalse_2025_12_12_11_44,sintel_steps100_pretrainedTrue_freezeFalse_2025_12_12_11_44,sintel,steps,100,True,False,2025_12_12_11_44,tss,5000,253754.05000000002,50.75081,5,0.0700250005071063,0.2621518124242335,0.7378481875757665,5.0,,,,,,,,,,0.25992287216646154,0.3384726858458901,0.6615273141541099,5.0,,,,,,,,,,,,,,,,,,,,,,,-0.23572293997848331,-0.07490015831593876,,,,,,,,,,,,,,,,,,,,,,,,,,,,,-0.594818350206629,0.8526242516956088,1.0348143228616187,-0.24335682529679645,0.3923250819300578,0.6701078765845903,,,,39.87302333333333,10.877786666666672,spair,-0.4975327415047172,0.7608715556372663,-0.14367503229111814,0.45706485954855725,-0.2747664109234172,-0.2310433147553064,10.014930143839486,10.877786666666672,tss
snapshots/spair_logsteps100_pretrainedTrue_freezeFalse_2025_12_10_06_42,spair_logsteps100_pretrainedTrue_freezeFalse_2025_12_10_06_42,spair,logsteps,100,True,False,2025_12_10_06_42,tss,5000,213611.15000000002,42.72223,5,0.2353696531493985,0.11281569576302089,0.8871843042369791,5.0,,,,,,,,,,0.19765368820387885,0.4399131726444521,0.5600868273555479,5.0,,,,,,,,,,,,,,,,,,,,,,,-0.1775606487833755,1.1167752505845308,,,,,,,,,,,,,,,,,,,,,,,,,,,,,0.33430962381043194,-1.8872617351372454,2.062297268313479,-1.2431525307606084,1.959372115513902,0.24151444801931599,,,,39.87302333333333,2.8492066666666744,spair,0.42245937763315883,-1.8130310199986208,-1.1061038806717272,1.955858241961224,-0.21884307877373216,0.9600721313323405,5.795217742825786,2.8492066666666744,tss
snapshots/spair_steps100_pretrainedTrue_freezeFalse_2025_12_10_20_45,spair_steps100_pretrainedTrue_freezeFalse_2025_12_10_20_45,spair,steps,100,True,False,2025_12_10_20_45,tss,5000,176153.0,35.2306,5,0.2353696531493985,0.11281569576302089,0.8871843042369791,5.0,,,,,,,,,,0.19765368820387885,0.4399131726444521,0.5600868273555479,5.0,,,,,,,,,,,,,,,,,,,,,,,-0.1775606487833755,1.1167752505845308,,,,,,,,,,,,,,,,,,,,,,,,,,,,,0.33430962381043194,-1.8872617351372454,2.062297268313479,-1.2431525307606084,1.959372115513902,0.24151444801931599,,,,39.87302333333333,-4.642423333333326,spair,0.42245937763315883,-1.8130310199986208,-1.1061038806717272,1.955858241961224,-0.21884307877373216,0.9600721313323405,5.795217742825786,-4.642423333333326,tss
snapshots/spair_steps100_pretrainedTrue_freezeFalse_2025_12_12_23_44,spair_steps100_pretrainedTrue_freezeFalse_2025_12_12_23_44,spair,steps,100,True,False,2025_12_12_23_44,tss,5000,208331.19999999998,41.666239999999995,5,0.2353696531493985,0.11281569576302089,0.8871843042369791,5.0,,,,,,,,,,0.19765368820387885,0.4399131726444521,0.5600868273555479,5.0,,,,,,,,,,,,,,,,,,,,,,,-0.1775606487833755,1.1167752505845308,,,,,,,,,,,,,,,,,,,,,,,,,,,,,0.33430962381043194,-1.8872617351372454,2.062297268313479,-1.2431525307606084,1.959372115513902,0.24151444801931599,,,,39.87302333333333,1.793216666666666,spair,0.42245937763315883,-1.8130310199986208,-1.1061038806717272,1.955858241961224,-0.21884307877373216,0.9600721313323405,5.795217742825786,1.793216666666666,tss
snapshots/spair_synthetic_70_30_steps100_pretrainedTrue_freezeFalse_2025_12_17_03_25,spair_synthetic_70_30_steps100_pretrainedTrue_freezeFalse_2025_12_17_03_25,spair_synthetic_70_30,steps,100,True,False,2025_12_17_03_25,tss,5000,255648.3,51.12966,5,0.36714246507410053,0.18104083092359455,0.8189591690764054,5.0,,,,,,,,,,0.3257142258519732,0.37265775157745673,0.6273422484225433,5.0,,,,,,,,,,,,,,,,,,,,,,,-0.5260409814024268,-1.5908228438391763,,,,,,,,,,,,,,,,,,,,,,,,,,,,,0.752488679142378,-0.41267026969201137,1.5093116369641864,0.6551819009535779,0.9381165411776105,0.5208318001253083,,,,39.87302333333333,11.256636666666672,spair,0.8365265955542586,-0.4277709072931627,0.7212812650850043,0.9790840521867956,-0.5539086511273728,-1.7462536751565623,9.599435686560211,11.256636666666672,tss
snapshots/spair_synthetic_steps100_pretrainedTrue_freezeFalse_2025_12_16_15_25,spair_synthetic_steps100_pretrainedTrue_freezeFalse_2025_12_16_15_25,spair_synthetic_50_50,steps,100,True,False,2025_12_16_15_25,tss,5000,262968.19999999995,52.59363999999999,5,0.37736991197766645,0.18015923659552735,0.8198407634044726,5.0,,,,,,,,,,0.3122052424118312,0.34710577011631516,0.6528942298836848,5.0,,,,,,,,,,,,,,,,,,,,,,,-0.5211856392631012,-1.1556075002714397,,,,,,,,,,,,,,,,,,,,,,,,,,,,,0.7813698531011583,-0.42855623470976156,1.5152690228576964,0.4798468730819925,0.532441134339492,0.6317855939649999,,,,39.87302333333333,12.720616666666665,spair,0.8651237890265971,-0.44269449406726563,0.5524992948954557,0.5910780752468532,-0.5492402155210963,-1.3112428372840408,7.413173748499881,12.720616666666665,tss
snapshots/synthetic_large_zoom_steps100_pretrainedTrue_freezeFalse_2025_12_11_12_20,synthetic_large_zoom_steps100_pretrainedTrue_freezeFalse_2025_12_11_12_20,synthetic_large_zoom,steps,100,True,False,2025_12_11_12_20,tss,5000,134995.05,26.99901,3,0.16923211159058624,0.25606465413585217,0.7439353458641478,5.0,,,,,,,,,,0.23138486099582722,0.2569072426205107,0.7430927573794893,5.0,,,,,,,,,,,,,,,,,,,,,,,-0.46165507462696725,0.9708849872879264,,,,,,,,,,,,,,,,,,,,,,,,,,,,,0.06189073879333506,0.7680667943431329,1.0665241625257393,-0.677884145625603,-1.0409193748010401,1.0621057825298232,,,,39.87302333333333,-12.87401333333333,spair,0.1527191111373679,0.6814366235580881,-0.561962114550547,-0.9137537955976173,-0.4920012816552165,0.8142504212017986,3.4929465803494937,-12.87401333333333,tss
snapshots/synthetic_large_zoom_steps100_pretrainedTrue_freezeFalse_2025_12_13_11_44,synthetic_large_zoom_steps100_pretrainedTrue_freezeFalse_2025_12_13_11_44,synthetic_large_zoom,steps,100,True,False,2025_12_13_11_44,tss,5000,262833.25,52.56665,5,0.16923211159058624,0.25606465413585217,0.7439353458641478,5.0,,,,,,,,,,0.23138486099582722,0.2569072426205107,0.7430927573794893,5.0,,,,,,,,,,,,,,,,,,,,,,,-0.46165507462696725,0.9708849872879264,,,,,,,,,,,,,,,,,,,,,,,,,,,,,0.06189073879333506,0.7680667943431329,1.0665241625257393,-0.677884145625603,-1.0409193748010401,1.0621057825298232,,,,39.87302333333333,12.693626666666674,spair,0.1527191111373679,0.6814366235580881,-0.561962114550547,-0.9137537955976173,-0.4920012816552165,0.8142504212017986,3.4929465803494937,12.693626666666674,tss
snapshots/synthetic_logsteps100_pretrainedTrue_freezeFalse_2025_12_10_12_17,synthetic_logsteps100_pretrainedTrue_freezeFalse_2025_12_10_12_17,synthetic,logsteps,100,True,False,2025_12_10_12_17,tss,5000,250983.40000000002,50.19668000000001,5,0.39963213325564284,0.17775061762759545,0.8222493823724045,5.0,,,,,,,,,,0.21397587673841392,0.25681081725856736,0.7431891827414326,5.0,,,,,,,,,,,,,,,,,,,,,,,-0.521584926845106,1.0180496472147358,,,,,,,,,,,,,,,,,,,,,,,,,,,,,0.843217499482616,-0.4722702551117996,1.531662190550104,-0.9615283254193653,-1.042766352970618,1.062610938207489,,,,39.87302333333333,10.323656666666679,spair,0.926363304840726,-0.4837603012741804,-0.835005237077396,-0.915520327551475,-0.5496241325163328,0.8613929186710787,-2.6587736579487067,10.323656666666679,tss
snapshots/synthetic_random_flipping_steps100_pretrainedTrue_freezeFalse_2025_12_13_11_45,synthetic_random_flipping_steps100_pretrainedTrue_freezeFalse_2025_12_13_11_45,synthetic_random_flipping,steps,100,True,False,2025_12_13_11_45,tss,5000,134630.8,26.92616,3,0.44872855099748143,0.12552309109294732,0.8744769089070527,5.0,,,,,,,,,,0.2371964396880959,0.2574043468048496,0.7425956531951504,5.0,,,,,,,,,,,,,,,,,,,,,,,-0.21974362063743857,1.0555256850108257,,,,,,,,,,,,,,,,,,,,,,,,,,,,,0.9759738555877864,-1.564173513979519,1.941136154781277,-0.5865572576465298,-1.0314047866932436,1.059503505858407,,,,39.87302333333333,-12.94686333333333,spair,1.0578143049157442,-1.5095156151270603,-0.4740485226601829,-0.9046536209463599,-0.25940221593258617,0.8988513466487726,-7.763940079168776,-12.94686333333333,tss
snapshots/synthetic_small_zoom_steps100_pretrainedTrue_freezeFalse_2025_12_11_07_44,synthetic_small_zoom_steps100_pretrainedTrue_freezeFalse_2025_12_11_07_44,synthetic_small_zoom,steps,100,True,False,2025_12_11_07_44,tss,5000,251240.75000000003,50.24815,5,0.10613708895974322,0.2748918932853621,0.7251081067146379,5.0,,,,,,,,,,0.22327767941787793,0.2553611986806156,0.7446388013193844,5.0,,,,,,,,,,,,,,,,,,,,,,,-0.34285187536259804,1.2126487143747797,,,,,,,,,,,,,,,,,,,,,,,,,,,,,-0.2942627277518014,1.0256105152591257,0.969942851397796,-0.8080088525412246,-1.0705879842366761,1.0702202620357137,,,,39.87302333333333,10.375126666666674,spair,-0.19993239822203512,0.9233782407604844,-0.6872234765850721,-0.9421301713760907,-0.37777141490840305,1.0559005446213723,3.816590621345136,10.375126666666674,tss
snapshots/synthetic_small_zoom_steps100_pretrainedTrue_freezeFalse_2025_12_13_11_38,synthetic_small_zoom_steps100_pretrainedTrue_freezeFalse_2025_12_13_11_38,synthetic_small_zoom,steps,100,True,False,2025_12_13_11_38,tss,5000,254252.45,50.85049,5,0.10613708895974322,0.2748918932853621,0.7251081067146379,5.0,,,,,,,,,,0.22327767941787793,0.2553611986806156,0.7446388013193844,5.0,,,,,,,,,,,,,,,,,,,,,,,-0.34285187536259804,1.2126487143747797,,,,,,,,,,,,,,,,,,,,,,,,,,,,,-0.2942627277518014,1.0256105152591257,0.969942851397796,-0.8080088525412246,-1.0705879842366761,1.0702202620357137,,,,39.87302333333333,10.977466666666672,spair,-0.19993239822203512,0.9233782407604844,-0.6872234765850721,-0.9421301713760907,-0.37777141490840305,1.0559005446213723,3.816590621345136,10.977466666666672,tss
snapshots/synthetic_steps100_pretrainedTrue_freezeFalse_2025_12_11_05_11,synthetic_steps100_pretrainedTrue_freezeFalse_2025_12_11_05_11,synthetic,steps,100,True,False,2025_12_11_05_11,tss,5000,123737.95,24.74759,3,0.39963213325564284,0.17775061762759545,0.8222493823724045,5.0,,,,,,,,,,0.21397587673841392,0.25681081725856736,0.7431891827414326,5.0,,,,,,,,,,,,,,,,,,,,,,,-0.521584926845106,1.0180496472147358,,,,,,,,,,,,,,,,,,,,,,,,,,,,,0.843217499482616,-0.4722702551117996,1.531662190550104,-0.9615283254193653,-1.042766352970618,1.062610938207489,,,,39.87302333333333,-15.12543333333333,spair,0.926363304840726,-0.4837603012741804,-0.835005237077396,-0.915520327551475,-0.5496241325163328,0.8613929186710787,-2.6587736579487067,-15.12543333333333,tss
snapshots/synthetic_steps100_pretrainedTrue_freezeFalse_2025_12_12_23_46,synthetic_steps100_pretrainedTrue_freezeFalse_2025_12_12_23_46,synthetic,steps,100,True,False,2025_12_12_23_46,tss,5000,130985.95000000001,26.197190000000003,3,0.39963213325564284,0.17775061762759545,0.8222493823724045,5.0,,,,,,,,,,0.21397587673841392,0.25681081725856736,0.7431891827414326,5.0,,,,,,,,,,,,,,,,,,,,,,,-0.521584926845106,1.0180496472147358,,,,,,,,,,,,,,,,,,,,,,,,,,,,,0.843217499482616,-0.4722702551117996,1.531662190550104,-0.9615283254193653,-1.042766352970618,1.062610938207489,,,,39.87302333333333,-13.675833333333326,spair,0.926363304840726,-0.4837603012741804,-0.835005237077396,-0.915520327551475,-0.5496241325163328,0.8613929186710787,-2.6587736579487067,-13.675833333333326,tss
