run_id,run_name,train_dataset,step_tag,logsteps,pretrained,freeze,timestamp,benchmark,auc_steps,auc,auc_normalized,auc_points,flow_recall,flow_precision,flow_outside,resnet_recall,resnet_precision,resnet_outside,dino_recall,dino_precision,dino_outside,flow_mmd,feature_mmd,dino_mmd,flow_recall_logit,flow_precision_logit,flow_outside_logit,resnet_recall_logit,resnet_precision_logit,resnet_outside_logit,dino_recall_logit,dino_precision_logit,dino_outside_logit,flow_recall_logit_z,flow_precision_logit_z,resnet_recall_logit_z,resnet_precision_logit_z,flow_mmd_z,feature_mmd_z,prediction,target,fold
snapshots/flyingthings_logsteps100_pretrainedFalse_freezeFalse_2025_12_10_06_22,flyingthings_logsteps100_pretrainedFalse_freezeFalse_2025_12_10_06_22,flyingthings,logsteps,100,False,False,2025_12_10_06_22,flyingthings,5000,325530.0,65.106,5,0.29802204216020833,0.3442046172428665,0.6557953827571334,0.4057849136901841,0.37436925073848204,0.625630749261518,,,,0.120961382985115,0.0060516977682709,,-0.8567345536936865,-0.6446125256532295,0.6446125256532292,-0.3814181019971683,-0.5135177278632456,0.5135177278632457,,,,0.819614181284829,1.2176639364764958,1.078058290075666,0.9867633757302762,-0.9309763590687877,-1.6126134647406662,63.359488788515996,65.106,flyingthings
snapshots/flyingthings_logsteps100_pretrainedFalse_freezeFalse_2025_12_10_06_22,flyingthings_logsteps100_pretrainedFalse_freezeFalse_2025_12_10_06_22,flyingthings,logsteps,100,False,False,2025_12_10_06_22,kitti2012,5000,356232.15,71.24643,5,0.40695717243439034,0.05555629512221702,0.944443704877783,0.37591873432511413,0.2106714357042166,0.7893285642957835,,,,0.3795063495635986,0.0222196206450462,,-0.376558665782417,-2.833199248874027,2.8331992488740263,-0.5069076054272054,-1.3208829224035434,1.3208829224035439,,,,1.1204878012892499,-0.5602924407931162,0.8264189209808599,-0.8696838782076564,0.20794925021089228,-1.1745215179878674,60.361964702332216,71.24643,flyingthings
snapshots/flyingthings_logsteps100_pretrainedFalse_freezeFalse_2025_12_10_06_22,flyingthings_logsteps100_pretrainedFalse_freezeFalse_2025_12_10_06_22,flyingthings,logsteps,100,False,False,2025_12_10_06_22,middlebury,5000,209433.2,41.88664,5,0.29838550036559086,0.06671639320341378,0.9332836067965862,0.34331084808352363,0.41708274420570207,0.5829172557942979,,,,0.0860338509082794,0.0204798858612775,,-0.8549978314892076,-2.638258429756175,2.6382584297561746,-0.6485744745827918,-0.3347606184995471,0.334760618499547,,,,0.8207023948119108,-0.40192710444917445,0.5423396904353089,1.397795640985497,-1.0848368703666165,-1.2216620074659323,39.811681031071885,41.88664,flyingthings
snapshots/flyingthings_logsteps100_pretrainedFalse_freezeFalse_2025_12_10_06_22,flyingthings_logsteps100_pretrainedFalse_freezeFalse_2025_12_10_06_22,flyingthings,logsteps,100,False,False,2025_12_10_06_22,pfpascal,5000,56400.1,11.28002,5,0.24287120836394,0.17258085962646133,0.8274191403735387,0.359136189177216,0.2024012012866136,0.7975987987133863,,,,0.203537255525589,0.0530802756547927,,-1.1370020771233191,-1.567445508816546,1.5674455088165462,-0.5791152971418884,-1.3713538399136087,1.3713538399136085,,,,0.6440012309745676,0.4679761264566277,0.6816235596938867,-0.9857361886724865,-0.5672184519257317,-0.3383099319772044,21.572594932154843,11.28002,flyingthings
snapshots/flyingthings_logsteps100_pretrainedFalse_freezeFalse_2025_12_10_06_22,flyingthings_logsteps100_pretrainedFalse_freezeFalse_2025_12_10_06_22,flyingthings,logsteps,100,False,False,2025_12_10_06_22,pfwillow,5000,62861.049999999996,12.572209999999998,5,0.18840606858816797,0.09377621517890769,0.9062237848210923,0.3231465107329058,0.36291376886619464,0.6370862311338054,,,,0.3096532523632049,0.1238195747137069,,-1.4604005577962051,-2.2683750243197687,2.268375024319769,-0.7393490237936415,-0.5627397623948225,0.5627397623948226,,,,0.4413628352666158,-0.10144252571881453,0.3603129099562646,0.8735827339868413,-0.09976310768906595,1.5784679666336765,21.2775853549976,12.572209999999998,flyingthings
snapshots/flyingthings_logsteps100_pretrainedFalse_freezeFalse_2025_12_10_06_22,flyingthings_logsteps100_pretrainedFalse_freezeFalse_2025_12_10_06_22,flyingthings,logsteps,100,False,False,2025_12_10_06_22,pointodyssey,5000,168110.3,33.62206,5,0.4122196981863808,0.01612767000151461,0.9838723299984854,0.25145673986796657,0.36726840198275523,0.6327315980172448,,,,0.2527019083499908,0.0285462290048599,,-0.3547967864592523,-4.11095971223401,4.110959712234011,-1.0908580316897827,-0.5439533951456732,0.5439533951456732,,,,1.1341235867897284,-1.598314987649562,-0.34455484838529865,0.9167799143049878,-0.3506414946788846,-1.0030934258440907,26.761516123851493,33.62206,flyingthings
snapshots/flyingthings_logsteps100_pretrainedFalse_freezeFalse_2025_12_10_06_22,flyingthings_logsteps100_pretrainedFalse_freezeFalse_2025_12_10_06_22,flyingthings,logsteps,100,False,False,2025_12_10_06_22,spair,5000,13290.550000000001,2.65811,5,0.07275440486615477,0.11119906435353334,0.8888009356464667,0.3639400558766407,0.2765998229205412,0.7234001770794588,,,,0.3054104149341583,0.0825123786926269,,-2.5451290136891025,-2.078551323338259,2.078551323338259,-0.5583036382473445,-0.9613907852757672,0.9613907852757672,,,,-0.23831764320549384,0.05276578420838886,0.7233563944800174,-0.04307134239833837,-0.11845338144647295,0.459193087745602,11.734071296095822,2.65811,flyingthings
snapshots/flyingthings_logsteps100_pretrainedFalse_freezeFalse_2025_12_10_06_22,flyingthings_logsteps100_pretrainedFalse_freezeFalse_2025_12_10_06_22,flyingthings,logsteps,100,False,False,2025_12_10_06_22,tss,5000,111742.95,22.348589999999998,5,0.2826338847295449,0.19022310193219988,0.8097768980678002,0.35936281164093814,0.3934301028196687,0.6065698971803313,,,,0.1674795448780059,0.0387242063879966,,-0.9314339647316844,-1.4485611712448945,1.448561171244895,-0.5781307923344422,-0.43291654588689243,0.4329165458868923,,,,0.7728082445915776,0.564554966079638,0.6835977500591763,1.1720969075149237,-0.7260575529610355,-0.7273072311814872,32.75539074709107,22.348589999999998,flyingthings
snapshots/flyingthings_logsteps100_pretrainedFalse_freezeTrue_2025_12_10_01_43,flyingthings_logsteps100_pretrainedFalse_freezeTrue_2025_12_10_01_43,flyingthings,logsteps,100,False,True,2025_12_10_01_43,flyingthings,5000,331107.35,66.22147,5,0.29802204216020833,0.3442046172428665,0.6557953827571334,0.4057849136901841,0.37436925073848204,0.625630749261518,,,,0.120961382985115,0.0060516977682709,,-0.8567345536936865,-0.6446125256532295,0.6446125256532292,-0.3814181019971683,-0.5135177278632456,0.5135177278632457,,,,0.819614181284829,1.2176639364764958,1.078058290075666,0.9867633757302762,-0.9309763590687877,-1.6126134647406662,63.359488788515996,66.22147,flyingthings
snapshots/flyingthings_logsteps100_pretrainedFalse_freezeTrue_2025_12_10_01_43,flyingthings_logsteps100_pretrainedFalse_freezeTrue_2025_12_10_01_43,flyingthings,logsteps,100,False,True,2025_12_10_01_43,kitti2012,5000,358619.5,71.7239,5,0.40695717243439034,0.05555629512221702,0.944443704877783,0.37591873432511413,0.2106714357042166,0.7893285642957835,,,,0.3795063495635986,0.0222196206450462,,-0.376558665782417,-2.833199248874027,2.8331992488740263,-0.5069076054272054,-1.3208829224035434,1.3208829224035439,,,,1.1204878012892499,-0.5602924407931162,0.8264189209808599,-0.8696838782076564,0.20794925021089228,-1.1745215179878674,60.361964702332216,71.7239,flyingthings
snapshots/flyingthings_logsteps100_pretrainedFalse_freezeTrue_2025_12_10_01_43,flyingthings_logsteps100_pretrainedFalse_freezeTrue_2025_12_10_01_43,flyingthings,logsteps,100,False,True,2025_12_10_01_43,middlebury,5000,209798.65,41.95973,5,0.29838550036559086,0.06671639320341378,0.9332836067965862,0.34331084808352363,0.41708274420570207,0.5829172557942979,,,,0.0860338509082794,0.0204798858612775,,-0.8549978314892076,-2.638258429756175,2.6382584297561746,-0.6485744745827918,-0.3347606184995471,0.334760618499547,,,,0.8207023948119108,-0.40192710444917445,0.5423396904353089,1.397795640985497,-1.0848368703666165,-1.2216620074659323,39.811681031071885,41.95973,flyingthings
snapshots/flyingthings_logsteps100_pretrainedFalse_freezeTrue_2025_12_10_01_43,flyingthings_logsteps100_pretrainedFalse_freezeTrue_2025_12_10_01_43,flyingthings,logsteps,100,False,True,2025_12_10_01_43,pfpascal,5000,60876.899999999994,12.175379999999999,5,0.24287120836394,0.17258085962646133,0.8274191403735387,0.359136189177216,0.2024012012866136,0.7975987987133863,,,,0.203537255525589,0.0530802756547927,,-1.1370020771233191,-1.567445508816546,1.5674455088165462,-0.5791152971418884,-1.3713538399136087,1.3713538399136085,,,,0.6440012309745676,0.4679761264566277,0.6816235596938867,-0.9857361886724865,-0.5672184519257317,-0.3383099319772044,21.572594932154843,12.175379999999999,flyingthings
snapshots/flyingthings_logsteps100_pretrainedFalse_freezeTrue_2025_12_10_01_43,flyingthings_logsteps100_pretrainedFalse_freezeTrue_2025_12_10_01_43,flyingthings,logsteps,100,False,True,2025_12_10_01_43,pfwillow,5000,69966.65,13.993329999999998,5,0.18840606858816797,0.09377621517890769,0.9062237848210923,0.3231465107329058,0.36291376886619464,0.6370862311338054,,,,0.3096532523632049,0.1238195747137069,,-1.4604005577962051,-2.2683750243197687,2.268375024319769,-0.7393490237936415,-0.5627397623948225,0.5627397623948226,,,,0.4413628352666158,-0.10144252571881453,0.3603129099562646,0.8735827339868413,-0.09976310768906595,1.5784679666336765,21.2775853549976,13.993329999999998,flyingthings
snapshots/flyingthings_logsteps100_pretrainedFalse_freezeTrue_2025_12_10_01_43,flyingthings_logsteps100_pretrainedFalse_freezeTrue_2025_12_10_01_43,flyingthings,logsteps,100,False,True,2025_12_10_01_43,pointodyssey,5000,160984.90000000002,32.19698,5,0.4122196981863808,0.01612767000151461,0.9838723299984854,0.25145673986796657,0.36726840198275523,0.6327315980172448,,,,0.2527019083499908,0.0285462290048599,,-0.3547967864592523,-4.11095971223401,4.110959712234011,-1.0908580316897827,-0.5439533951456732,0.5439533951456732,,,,1.1341235867897284,-1.598314987649562,-0.34455484838529865,0.9167799143049878,-0.3506414946788846,-1.0030934258440907,26.761516123851493,32.19698,flyingthings
snapshots/flyingthings_logsteps100_pretrainedFalse_freezeTrue_2025_12_10_01_43,flyingthings_logsteps100_pretrainedFalse_freezeTrue_2025_12_10_01_43,flyingthings,logsteps,100,False,True,2025_12_10_01_43,spair,5000,14262.7,2.8525400000000003,5,0.07275440486615477,0.11119906435353334,0.8888009356464667,0.3639400558766407,0.2765998229205412,0.7234001770794588,,,,0.3054104149341583,0.0825123786926269,,-2.5451290136891025,-2.078551323338259,2.078551323338259,-0.5583036382473445,-0.9613907852757672,0.9613907852757672,,,,-0.23831764320549384,0.05276578420838886,0.7233563944800174,-0.04307134239833837,-0.11845338144647295,0.459193087745602,11.734071296095822,2.8525400000000003,flyingthings
snapshots/flyingthings_logsteps100_pretrainedFalse_freezeTrue_2025_12_10_01_43,flyingthings_logsteps100_pretrainedFalse_freezeTrue_2025_12_10_01_43,flyingthings,logsteps,100,False,True,2025_12_10_01_43,tss,5000,119932.49999999999,23.986499999999996,5,0.2826338847295449,0.19022310193219988,0.8097768980678002,0.35936281164093814,0.3934301028196687,0.6065698971803313,,,,0.1674795448780059,0.0387242063879966,,-0.9314339647316844,-1.4485611712448945,1.448561171244895,-0.5781307923344422,-0.43291654588689243,0.4329165458868923,,,,0.7728082445915776,0.564554966079638,0.6835977500591763,1.1720969075149237,-0.7260575529610355,-0.7273072311814872,32.75539074709107,23.986499999999996,flyingthings
snapshots/flyingthings_logsteps100_pretrainedTrue_freezeFalse_2025_12_10_01_43,flyingthings_logsteps100_pretrainedTrue_freezeFalse_2025_12_10_01_43,flyingthings,logsteps,100,True,False,2025_12_10_01_43,flyingthings,5000,360156.05,72.03121,5,0.29802204216020833,0.3442046172428665,0.6557953827571334,0.4057849136901841,0.37436925073848204,0.625630749261518,,,,0.120961382985115,0.0060516977682709,,-0.8567345536936865,-0.6446125256532295,0.6446125256532292,-0.3814181019971683,-0.5135177278632456,0.5135177278632457,,,,0.819614181284829,1.2176639364764958,1.078058290075666,0.9867633757302762,-0.9309763590687877,-1.6126134647406662,63.359488788515996,72.03121,flyingthings
snapshots/flyingthings_logsteps100_pretrainedTrue_freezeFalse_2025_12_10_01_43,flyingthings_logsteps100_pretrainedTrue_freezeFalse_2025_12_10_01_43,flyingthings,logsteps,100,True,False,2025_12_10_01_43,kitti2012,5000,386865.65,77.37313,5,0.40695717243439034,0.05555629512221702,0.944443704877783,0.37591873432511413,0.2106714357042166,0.7893285642957835,,,,0.3795063495635986,0.0222196206450462,,-0.376558665782417,-2.833199248874027,2.8331992488740263,-0.5069076054272054,-1.3208829224035434,1.3208829224035439,,,,1.1204878012892499,-0.5602924407931162,0.8264189209808599,-0.8696838782076564,0.20794925021089228,-1.1745215179878674,60.361964702332216,77.37313,flyingthings
snapshots/flyingthings_logsteps100_pretrainedTrue_freezeFalse_2025_12_10_01_43,flyingthings_logsteps100_pretrainedTrue_freezeFalse_2025_12_10_01_43,flyingthings,logsteps,100,True,False,2025_12_10_01_43,middlebury,5000,208389.55,41.67791,5,0.29838550036559086,0.06671639320341378,0.9332836067965862,0.34331084808352363,0.41708274420570207,0.5829172557942979,,,,0.0860338509082794,0.0204798858612775,,-0.8549978314892076,-2.638258429756175,2.6382584297561746,-0.6485744745827918,-0.3347606184995471,0.334760618499547,,,,0.8207023948119108,-0.40192710444917445,0.5423396904353089,1.397795640985497,-1.0848368703666165,-1.2216620074659323,39.811681031071885,41.67791,flyingthings
snapshots/flyingthings_logsteps100_pretrainedTrue_freezeFalse_2025_12_10_01_43,flyingthings_logsteps100_pretrainedTrue_freezeFalse_2025_12_10_01_43,flyingthings,logsteps,100,True,False,2025_12_10_01_43,pfpascal,5000,167096.84999999998,33.419369999999994,5,0.24287120836394,0.17258085962646133,0.8274191403735387,0.359136189177216,0.2024012012866136,0.7975987987133863,,,,0.203537255525589,0.0530802756547927,,-1.1370020771233191,-1.567445508816546,1.5674455088165462,-0.5791152971418884,-1.3713538399136087,1.3713538399136085,,,,0.6440012309745676,0.4679761264566277,0.6816235596938867,-0.9857361886724865,-0.5672184519257317,-0.3383099319772044,21.572594932154843,33.419369999999994,flyingthings
snapshots/flyingthings_logsteps100_pretrainedTrue_freezeFalse_2025_12_10_01_43,flyingthings_logsteps100_pretrainedTrue_freezeFalse_2025_12_10_01_43,flyingthings,logsteps,100,True,False,2025_12_10_01_43,pfwillow,5000,183633.3,36.726659999999995,5,0.18840606858816797,0.09377621517890769,0.9062237848210923,0.3231465107329058,0.36291376886619464,0.6370862311338054,,,,0.3096532523632049,0.1238195747137069,,-1.4604005577962051,-2.2683750243197687,2.268375024319769,-0.7393490237936415,-0.5627397623948225,0.5627397623948226,,,,0.4413628352666158,-0.10144252571881453,0.3603129099562646,0.8735827339868413,-0.09976310768906595,1.5784679666336765,21.2775853549976,36.726659999999995,flyingthings
snapshots/flyingthings_logsteps100_pretrainedTrue_freezeFalse_2025_12_10_01_43,flyingthings_logsteps100_pretrainedTrue_freezeFalse_2025_12_10_01_43,flyingthings,logsteps,100,True,False,2025_12_10_01_43,pointodyssey,5000,174928.44999999998,34.98569,5,0.4122196981863808,0.01612767000151461,0.9838723299984854,0.25145673986796657,0.36726840198275523,0.6327315980172448,,,,0.2527019083499908,0.0285462290048599,,-0.3547967864592523,-4.11095971223401,4.110959712234011,-1.0908580316897827,-0.5439533951456732,0.5439533951456732,,,,1.1341235867897284,-1.598314987649562,-0.34455484838529865,0.9167799143049878,-0.3506414946788846,-1.0030934258440907,26.761516123851493,34.98569,flyingthings
snapshots/flyingthings_logsteps100_pretrainedTrue_freezeFalse_2025_12_10_01_43,flyingthings_logsteps100_pretrainedTrue_freezeFalse_2025_12_10_01_43,flyingthings,logsteps,100,True,False,2025_12_10_01_43,spair,5000,59588.5,11.9177,5,0.07275440486615477,0.11119906435353334,0.8888009356464667,0.3639400558766407,0.2765998229205412,0.7234001770794588,,,,0.3054104149341583,0.0825123786926269,,-2.5451290136891025,-2.078551323338259,2.078551323338259,-0.5583036382473445,-0.9613907852757672,0.9613907852757672,,,,-0.23831764320549384,0.05276578420838886,0.7233563944800174,-0.04307134239833837,-0.11845338144647295,0.459193087745602,11.734071296095822,11.9177,flyingthings
snapshots/flyingthings_logsteps100_pretrainedTrue_freezeFalse_2025_12_10_01_43,flyingthings_logsteps100_pretrainedTrue_freezeFalse_2025_12_10_01_43,flyingthings,logsteps,100,True,False,2025_12_10_01_43,tss,5000,255616.45,51.123290000000004,5,0.2826338847295449,0.19022310193219988,0.8097768980678002,0.35936281164093814,0.3934301028196687,0.6065698971803313,,,,0.1674795448780059,0.0387242063879966,,-0.9314339647316844,-1.4485611712448945,1.448561171244895,-0.5781307923344422,-0.43291654588689243,0.4329165458868923,,,,0.7728082445915776,0.564554966079638,0.6835977500591763,1.1720969075149237,-0.7260575529610355,-0.7273072311814872,32.75539074709107,51.123290000000004,flyingthings
snapshots/flyingthings_logsteps100_pretrainedTrue_freezeTrue_2025_12_10_01_43,flyingthings_logsteps100_pretrainedTrue_freezeTrue_2025_12_10_01_43,flyingthings,logsteps,100,True,True,2025_12_10_01_43,flyingthings,5000,358527.39999999997,71.70548,5,0.29802204216020833,0.3442046172428665,0.6557953827571334,0.4057849136901841,0.37436925073848204,0.625630749261518,,,,0.120961382985115,0.0060516977682709,,-0.8567345536936865,-0.6446125256532295,0.6446125256532292,-0.3814181019971683,-0.5135177278632456,0.5135177278632457,,,,0.819614181284829,1.2176639364764958,1.078058290075666,0.9867633757302762,-0.9309763590687877,-1.6126134647406662,63.359488788515996,71.70548,flyingthings
snapshots/flyingthings_logsteps100_pretrainedTrue_freezeTrue_2025_12_10_01_43,flyingthings_logsteps100_pretrainedTrue_freezeTrue_2025_12_10_01_43,flyingthings,logsteps,100,True,True,2025_12_10_01_43,kitti2012,5000,385347.94999999995,77.06958999999999,5,0.40695717243439034,0.05555629512221702,0.944443704877783,0.37591873432511413,0.2106714357042166,0.7893285642957835,,,,0.3795063495635986,0.0222196206450462,,-0.376558665782417,-2.833199248874027,2.8331992488740263,-0.5069076054272054,-1.3208829224035434,1.3208829224035439,,,,1.1204878012892499,-0.5602924407931162,0.8264189209808599,-0.8696838782076564,0.20794925021089228,-1.1745215179878674,60.361964702332216,77.06958999999999,flyingthings
snapshots/flyingthings_logsteps100_pretrainedTrue_freezeTrue_2025_12_10_01_43,flyingthings_logsteps100_pretrainedTrue_freezeTrue_2025_12_10_01_43,flyingthings,logsteps,100,True,True,2025_12_10_01_43,middlebury,5000,209086.35,41.81727,5,0.29838550036559086,0.06671639320341378,0.9332836067965862,0.34331084808352363,0.41708274420570207,0.5829172557942979,,,,0.0860338509082794,0.0204798858612775,,-0.8549978314892076,-2.638258429756175,2.6382584297561746,-0.6485744745827918,-0.3347606184995471,0.334760618499547,,,,0.8207023948119108,-0.40192710444917445,0.5423396904353089,1.397795640985497,-1.0848368703666165,-1.2216620074659323,39.811681031071885,41.81727,flyingthings
snapshots/flyingthings_logsteps100_pretrainedTrue_freezeTrue_2025_12_10_01_43,flyingthings_logsteps100_pretrainedTrue_freezeTrue_2025_12_10_01_43,flyingthings,logsteps,100,True,True,2025_12_10_01_43,pfpascal,5000,187974.85,37.59497,5,0.24287120836394,0.17258085962646133,0.8274191403735387,0.359136189177216,0.2024012012866136,0.7975987987133863,,,,0.203537255525589,0.0530802756547927,,-1.1370020771233191,-1.567445508816546,1.5674455088165462,-0.5791152971418884,-1.3713538399136087,1.3713538399136085,,,,0.6440012309745676,0.4679761264566277,0.6816235596938867,-0.9857361886724865,-0.5672184519257317,-0.3383099319772044,21.572594932154843,37.59497,flyingthings
snapshots/flyingthings_logsteps100_pretrainedTrue_freezeTrue_2025_12_10_01_43,flyingthings_logsteps100_pretrainedTrue_freezeTrue_2025_12_10_01_43,flyingthings,logsteps,100,True,True,2025_12_10_01_43,pfwillow,5000,206177.84999999998,41.235569999999996,5,0.18840606858816797,0.09377621517890769,0.9062237848210923,0.3231465107329058,0.36291376886619464,0.6370862311338054,,,,0.3096532523632049,0.1238195747137069,,-1.4604005577962051,-2.2683750243197687,2.268375024319769,-0.7393490237936415,-0.5627397623948225,0.5627397623948226,,,,0.4413628352666158,-0.10144252571881453,0.3603129099562646,0.8735827339868413,-0.09976310768906595,1.5784679666336765,21.2775853549976,41.235569999999996,flyingthings
snapshots/flyingthings_logsteps100_pretrainedTrue_freezeTrue_2025_12_10_01_43,flyingthings_logsteps100_pretrainedTrue_freezeTrue_2025_12_10_01_43,flyingthings,logsteps,100,True,True,2025_12_10_01_43,pointodyssey,5000,194448.65,38.88973,5,0.4122196981863808,0.01612767000151461,0.9838723299984854,0.25145673986796657,0.36726840198275523,0.6327315980172448,,,,0.2527019083499908,0.0285462290048599,,-0.3547967864592523,-4.11095971223401,4.110959712234011,-1.0908580316897827,-0.5439533951456732,0.5439533951456732,,,,1.1341235867897284,-1.598314987649562,-0.34455484838529865,0.9167799143049878,-0.3506414946788846,-1.0030934258440907,26.761516123851493,38.88973,flyingthings
snapshots/flyingthings_logsteps100_pretrainedTrue_freezeTrue_2025_12_10_01_43,flyingthings_logsteps100_pretrainedTrue_freezeTrue_2025_12_10_01_43,flyingthings,logsteps,100,True,True,2025_12_10_01_43,spair,5000,67824.6,13.56492,5,0.07275440486615477,0.11119906435353334,0.8888009356464667,0.3639400558766407,0.2765998229205412,0.7234001770794588,,,,0.3054104149341583,0.0825123786926269,,-2.5451290136891025,-2.078551323338259,2.078551323338259,-0.5583036382473445,-0.9613907852757672,0.9613907852757672,,,,-0.23831764320549384,0.05276578420838886,0.7233563944800174,-0.04307134239833837,-0.11845338144647295,0.459193087745602,11.734071296095822,13.56492,flyingthings
snapshots/flyingthings_logsteps100_pretrainedTrue_freezeTrue_2025_12_10_01_43,flyingthings_logsteps100_pretrainedTrue_freezeTrue_2025_12_10_01_43,flyingthings,logsteps,100,True,True,2025_12_10_01_43,tss,5000,263145.85,52.629169999999995,5,0.2826338847295449,0.19022310193219988,0.8097768980678002,0.35936281164093814,0.3934301028196687,0.6065698971803313,,,,0.1674795448780059,0.0387242063879966,,-0.9314339647316844,-1.4485611712448945,1.448561171244895,-0.5781307923344422,-0.43291654588689243,0.4329165458868923,,,,0.7728082445915776,0.564554966079638,0.6835977500591763,1.1720969075149237,-0.7260575529610355,-0.7273072311814872,32.75539074709107,52.629169999999995,flyingthings
snapshots/flyingthings_steps100_pretrainedFalse_freezeFalse_2025_12_10_19_41,flyingthings_steps100_pretrainedFalse_freezeFalse_2025_12_10_19_41,flyingthings,steps,100,False,False,2025_12_10_19_41,flyingthings,5000,332435.94999999995,66.48718999999998,5,0.29802204216020833,0.3442046172428665,0.6557953827571334,0.4057849136901841,0.37436925073848204,0.625630749261518,,,,0.120961382985115,0.0060516977682709,,-0.8567345536936865,-0.6446125256532295,0.6446125256532292,-0.3814181019971683,-0.5135177278632456,0.5135177278632457,,,,0.819614181284829,1.2176639364764958,1.078058290075666,0.9867633757302762,-0.9309763590687877,-1.6126134647406662,63.359488788515996,66.48718999999998,flyingthings
snapshots/flyingthings_steps100_pretrainedFalse_freezeFalse_2025_12_10_19_41,flyingthings_steps100_pretrainedFalse_freezeFalse_2025_12_10_19_41,flyingthings,steps,100,False,False,2025_12_10_19_41,kitti2012,5000,356160.25,71.23205,5,0.40695717243439034,0.05555629512221702,0.944443704877783,0.37591873432511413,0.2106714357042166,0.7893285642957835,,,,0.3795063495635986,0.0222196206450462,,-0.376558665782417,-2.833199248874027,2.8331992488740263,-0.5069076054272054,-1.3208829224035434,1.3208829224035439,,,,1.1204878012892499,-0.5602924407931162,0.8264189209808599,-0.8696838782076564,0.20794925021089228,-1.1745215179878674,60.361964702332216,71.23205,flyingthings
snapshots/flyingthings_steps100_pretrainedFalse_freezeFalse_2025_12_10_19_41,flyingthings_steps100_pretrainedFalse_freezeFalse_2025_12_10_19_41,flyingthings,steps,100,False,False,2025_12_10_19_41,middlebury,5000,209441.59999999998,41.88831999999999,5,0.29838550036559086,0.06671639320341378,0.9332836067965862,0.34331084808352363,0.41708274420570207,0.5829172557942979,,,,0.0860338509082794,0.0204798858612775,,-0.8549978314892076,-2.638258429756175,2.6382584297561746,-0.6485744745827918,-0.3347606184995471,0.334760618499547,,,,0.8207023948119108,-0.40192710444917445,0.5423396904353089,1.397795640985497,-1.0848368703666165,-1.2216620074659323,39.811681031071885,41.88831999999999,flyingthings
snapshots/flyingthings_steps100_pretrainedFalse_freezeFalse_2025_12_10_19_41,flyingthings_steps100_pretrainedFalse_freezeFalse_2025_12_10_19_41,flyingthings,steps,100,False,False,2025_12_10_19_41,pfpascal,5000,61360.0,12.272,5,0.24287120836394,0.17258085962646133,0.8274191403735387,0.359136189177216,0.2024012012866136,0.7975987987133863,,,,0.203537255525589,0.0530802756547927,,-1.1370020771233191,-1.567445508816546,1.5674455088165462,-0.5791152971418884,-1.3713538399136087,1.3713538399136085,,,,0.6440012309745676,0.4679761264566277,0.6816235596938867,-0.9857361886724865,-0.5672184519257317,-0.3383099319772044,21.572594932154843,12.272,flyingthings
snapshots/flyingthings_steps100_pretrainedFalse_freezeFalse_2025_12_10_19_41,flyingthings_steps100_pretrainedFalse_freezeFalse_2025_12_10_19_41,flyingthings,steps,100,False,False,2025_12_10_19_41,pfwillow,5000,68583.35,13.71667,5,0.18840606858816797,0.09377621517890769,0.9062237848210923,0.3231465107329058,0.36291376886619464,0.6370862311338054,,,,0.3096532523632049,0.1238195747137069,,-1.4604005577962051,-2.2683750243197687,2.268375024319769,-0.7393490237936415,-0.5627397623948225,0.5627397623948226,,,,0.4413628352666158,-0.10144252571881453,0.3603129099562646,0.8735827339868413,-0.09976310768906595,1.5784679666336765,21.2775853549976,13.71667,flyingthings
snapshots/flyingthings_steps100_pretrainedFalse_freezeFalse_2025_12_10_19_41,flyingthings_steps100_pretrainedFalse_freezeFalse_2025_12_10_19_41,flyingthings,steps,100,False,False,2025_12_10_19_41,pointodyssey,5000,130240.70000000001,26.048140000000004,5,0.4122196981863808,0.01612767000151461,0.9838723299984854,0.25145673986796657,0.36726840198275523,0.6327315980172448,,,,0.2527019083499908,0.0285462290048599,,-0.3547967864592523,-4.11095971223401,4.110959712234011,-1.0908580316897827,-0.5439533951456732,0.5439533951456732,,,,1.1341235867897284,-1.598314987649562,-0.34455484838529865,0.9167799143049878,-0.3506414946788846,-1.0030934258440907,26.761516123851493,26.048140000000004,flyingthings
snapshots/flyingthings_steps100_pretrainedFalse_freezeFalse_2025_12_10_19_41,flyingthings_steps100_pretrainedFalse_freezeFalse_2025_12_10_19_41,flyingthings,steps,100,False,False,2025_12_10_19_41,spair,5000,13430.75,2.68615,5,0.07275440486615477,0.11119906435353334,0.8888009356464667,0.3639400558766407,0.2765998229205412,0.7234001770794588,,,,0.3054104149341583,0.0825123786926269,,-2.5451290136891025,-2.078551323338259,2.078551323338259,-0.5583036382473445,-0.9613907852757672,0.9613907852757672,,,,-0.23831764320549384,0.05276578420838886,0.7233563944800174,-0.04307134239833837,-0.11845338144647295,0.459193087745602,11.734071296095822,2.68615,flyingthings
snapshots/flyingthings_steps100_pretrainedFalse_freezeFalse_2025_12_10_19_41,flyingthings_steps100_pretrainedFalse_freezeFalse_2025_12_10_19_41,flyingthings,steps,100,False,False,2025_12_10_19_41,tss,5000,125589.8,25.11796,5,0.2826338847295449,0.19022310193219988,0.8097768980678002,0.35936281164093814,0.3934301028196687,0.6065698971803313,,,,0.1674795448780059,0.0387242063879966,,-0.9314339647316844,-1.4485611712448945,1.448561171244895,-0.5781307923344422,-0.43291654588689243,0.4329165458868923,,,,0.7728082445915776,0.564554966079638,0.6835977500591763,1.1720969075149237,-0.7260575529610355,-0.7273072311814872,32.75539074709107,25.11796,flyingthings
snapshots/flyingthings_steps100_pretrainedFalse_freezeFalse_2025_12_12_11_46,flyingthings_steps100_pretrainedFalse_freezeFalse_2025_12_12_11_46,flyingthings,steps,100,False,False,2025_12_12_11_46,flyingthings,5000,329197.19999999995,65.83944,5,0.29802204216020833,0.3442046172428665,0.6557953827571334,0.4057849136901841,0.37436925073848204,0.625630749261518,,,,0.120961382985115,0.0060516977682709,,-0.8567345536936865,-0.6446125256532295,0.6446125256532292,-0.3814181019971683,-0.5135177278632456,0.5135177278632457,,,,0.819614181284829,1.2176639364764958,1.078058290075666,0.9867633757302762,-0.9309763590687877,-1.6126134647406662,63.359488788515996,65.83944,flyingthings
snapshots/flyingthings_steps100_pretrainedFalse_freezeFalse_2025_12_12_11_46,flyingthings_steps100_pretrainedFalse_freezeFalse_2025_12_12_11_46,flyingthings,steps,100,False,False,2025_12_12_11_46,kitti2012,5000,345523.6,69.10472,5,0.40695717243439034,0.05555629512221702,0.944443704877783,0.37591873432511413,0.2106714357042166,0.7893285642957835,,,,0.3795063495635986,0.0222196206450462,,-0.376558665782417,-2.833199248874027,2.8331992488740263,-0.5069076054272054,-1.3208829224035434,1.3208829224035439,,,,1.1204878012892499,-0.5602924407931162,0.8264189209808599,-0.8696838782076564,0.20794925021089228,-1.1745215179878674,60.361964702332216,69.10472,flyingthings
snapshots/flyingthings_steps100_pretrainedFalse_freezeFalse_2025_12_12_11_46,flyingthings_steps100_pretrainedFalse_freezeFalse_2025_12_12_11_46,flyingthings,steps,100,False,False,2025_12_12_11_46,middlebury,5000,204758.95,40.95179,5,0.29838550036559086,0.06671639320341378,0.9332836067965862,0.34331084808352363,0.41708274420570207,0.5829172557942979,,,,0.0860338509082794,0.0204798858612775,,-0.8549978314892076,-2.638258429756175,2.6382584297561746,-0.6485744745827918,-0.3347606184995471,0.334760618499547,,,,0.8207023948119108,-0.40192710444917445,0.5423396904353089,1.397795640985497,-1.0848368703666165,-1.2216620074659323,39.811681031071885,40.95179,flyingthings
snapshots/flyingthings_steps100_pretrainedFalse_freezeFalse_2025_12_12_11_46,flyingthings_steps100_pretrainedFalse_freezeFalse_2025_12_12_11_46,flyingthings,steps,100,False,False,2025_12_12_11_46,pfpascal,5000,56690.75,11.33815,5,0.24287120836394,0.17258085962646133,0.8274191403735387,0.359136189177216,0.2024012012866136,0.7975987987133863,,,,0.203537255525589,0.0530802756547927,,-1.1370020771233191,-1.567445508816546,1.5674455088165462,-0.5791152971418884,-1.3713538399136087,1.3713538399136085,,,,0.6440012309745676,0.4679761264566277,0.6816235596938867,-0.9857361886724865,-0.5672184519257317,-0.3383099319772044,21.572594932154843,11.33815,flyingthings
snapshots/flyingthings_steps100_pretrainedFalse_freezeFalse_2025_12_12_11_46,flyingthings_steps100_pretrainedFalse_freezeFalse_2025_12_12_11_46,flyingthings,steps,100,False,False,2025_12_12_11_46,pfwillow,5000,66288.95,13.25779,5,0.18840606858816797,0.09377621517890769,0.9062237848210923,0.3231465107329058,0.36291376886619464,0.6370862311338054,,,,0.3096532523632049,0.1238195747137069,,-1.4604005577962051,-2.2683750243197687,2.268375024319769,-0.7393490237936415,-0.5627397623948225,0.5627397623948226,,,,0.4413628352666158,-0.10144252571881453,0.3603129099562646,0.8735827339868413,-0.09976310768906595,1.5784679666336765,21.2775853549976,13.25779,flyingthings
snapshots/flyingthings_steps100_pretrainedFalse_freezeFalse_2025_12_12_11_46,flyingthings_steps100_pretrainedFalse_freezeFalse_2025_12_12_11_46,flyingthings,steps,100,False,False,2025_12_12_11_46,pointodyssey,5000,162446.65000000002,32.48933,5,0.4122196981863808,0.01612767000151461,0.9838723299984854,0.25145673986796657,0.36726840198275523,0.6327315980172448,,,,0.2527019083499908,0.0285462290048599,,-0.3547967864592523,-4.11095971223401,4.110959712234011,-1.0908580316897827,-0.5439533951456732,0.5439533951456732,,,,1.1341235867897284,-1.598314987649562,-0.34455484838529865,0.9167799143049878,-0.3506414946788846,-1.0030934258440907,26.761516123851493,32.48933,flyingthings
snapshots/flyingthings_steps100_pretrainedFalse_freezeFalse_2025_12_12_11_46,flyingthings_steps100_pretrainedFalse_freezeFalse_2025_12_12_11_46,flyingthings,steps,100,False,False,2025_12_12_11_46,spair,5000,13688.099999999999,2.7376199999999997,5,0.07275440486615477,0.11119906435353334,0.8888009356464667,0.3639400558766407,0.2765998229205412,0.7234001770794588,,,,0.3054104149341583,0.0825123786926269,,-2.5451290136891025,-2.078551323338259,2.078551323338259,-0.5583036382473445,-0.9613907852757672,0.9613907852757672,,,,-0.23831764320549384,0.05276578420838886,0.7233563944800174,-0.04307134239833837,-0.11845338144647295,0.459193087745602,11.734071296095822,2.7376199999999997,flyingthings
snapshots/flyingthings_steps100_pretrainedFalse_freezeFalse_2025_12_12_11_46,flyingthings_steps100_pretrainedFalse_freezeFalse_2025_12_12_11_46,flyingthings,steps,100,False,False,2025_12_12_11_46,tss,5000,111590.70000000001,22.318140000000003,5,0.2826338847295449,0.19022310193219988,0.8097768980678002,0.35936281164093814,0.3934301028196687,0.6065698971803313,,,,0.1674795448780059,0.0387242063879966,,-0.9314339647316844,-1.4485611712448945,1.448561171244895,-0.5781307923344422,-0.43291654588689243,0.4329165458868923,,,,0.7728082445915776,0.564554966079638,0.6835977500591763,1.1720969075149237,-0.7260575529610355,-0.7273072311814872,32.75539074709107,22.318140000000003,flyingthings
snapshots/flyingthings_steps100_pretrainedTrue_freezeFalse_2025_12_10_18_38,flyingthings_steps100_pretrainedTrue_freezeFalse_2025_12_10_18_38,flyingthings,steps,100,True,False,2025_12_10_18_38,flyingthings,5000,359820.25,71.96405,5,0.29802204216020833,0.3442046172428665,0.6557953827571334,0.4057849136901841,0.37436925073848204,0.625630749261518,,,,0.120961382985115,0.0060516977682709,,-0.8567345536936865,-0.6446125256532295,0.6446125256532292,-0.3814181019971683,-0.5135177278632456,0.5135177278632457,,,,0.819614181284829,1.2176639364764958,1.078058290075666,0.9867633757302762,-0.9309763590687877,-1.6126134647406662,63.359488788515996,71.96405,flyingthings
snapshots/flyingthings_steps100_pretrainedTrue_freezeFalse_2025_12_10_18_38,flyingthings_steps100_pretrainedTrue_freezeFalse_2025_12_10_18_38,flyingthings,steps,100,True,False,2025_12_10_18_38,kitti2012,5000,384327.14999999997,76.86542999999999,5,0.40695717243439034,0.05555629512221702,0.944443704877783,0.37591873432511413,0.2106714357042166,0.7893285642957835,,,,0.3795063495635986,0.0222196206450462,,-0.376558665782417,-2.833199248874027,2.8331992488740263,-0.5069076054272054,-1.3208829224035434,1.3208829224035439,,,,1.1204878012892499,-0.5602924407931162,0.8264189209808599,-0.8696838782076564,0.20794925021089228,-1.1745215179878674,60.361964702332216,76.86542999999999,flyingthings
snapshots/flyingthings_steps100_pretrainedTrue_freezeFalse_2025_12_10_18_38,flyingthings_steps100_pretrainedTrue_freezeFalse_2025_12_10_18_38,flyingthings,steps,100,True,False,2025_12_10_18_38,middlebury,5000,207869.7,41.57394,5,0.29838550036559086,0.06671639320341378,0.9332836067965862,0.34331084808352363,0.41708274420570207,0.5829172557942979,,,,0.0860338509082794,0.0204798858612775,,-0.8549978314892076,-2.638258429756175,2.6382584297561746,-0.6485744745827918,-0.3347606184995471,0.334760618499547,,,,0.8207023948119108,-0.40192710444917445,0.5423396904353089,1.397795640985497,-1.0848368703666165,-1.2216620074659323,39.811681031071885,41.57394,flyingthings
snapshots/flyingthings_steps100_pretrainedTrue_freezeFalse_2025_12_10_18_38,flyingthings_steps100_pretrainedTrue_freezeFalse_2025_12_10_18_38,flyingthings,steps,100,True,False,2025_12_10_18_38,pfpascal,5000,179224.94999999998,35.844989999999996,5,0.24287120836394,0.17258085962646133,0.8274191403735387,0.359136189177216,0.2024012012866136,0.7975987987133863,,,,0.203537255525589,0.0530802756547927,,-1.1370020771233191,-1.567445508816546,1.5674455088165462,-0.5791152971418884,-1.3713538399136087,1.3713538399136085,,,,0.6440012309745676,0.4679761264566277,0.6816235596938867,-0.9857361886724865,-0.5672184519257317,-0.3383099319772044,21.572594932154843,35.844989999999996,flyingthings
snapshots/flyingthings_steps100_pretrainedTrue_freezeFalse_2025_12_10_18_38,flyingthings_steps100_pretrainedTrue_freezeFalse_2025_12_10_18_38,flyingthings,steps,100,True,False,2025_12_10_18_38,pfwillow,5000,189577.75,37.91555,5,0.18840606858816797,0.09377621517890769,0.9062237848210923,0.3231465107329058,0.36291376886619464,0.6370862311338054,,,,0.3096532523632049,0.1238195747137069,,-1.4604005577962051,-2.2683750243197687,2.268375024319769,-0.7393490237936415,-0.5627397623948225,0.5627397623948226,,,,0.4413628352666158,-0.10144252571881453,0.3603129099562646,0.8735827339868413,-0.09976310768906595,1.5784679666336765,21.2775853549976,37.91555,flyingthings
snapshots/flyingthings_steps100_pretrainedTrue_freezeFalse_2025_12_10_18_38,flyingthings_steps100_pretrainedTrue_freezeFalse_2025_12_10_18_38,flyingthings,steps,100,True,False,2025_12_10_18_38,pointodyssey,5000,171590.8,34.31816,5,0.4122196981863808,0.01612767000151461,0.9838723299984854,0.25145673986796657,0.36726840198275523,0.6327315980172448,,,,0.2527019083499908,0.0285462290048599,,-0.3547967864592523,-4.11095971223401,4.110959712234011,-1.0908580316897827,-0.5439533951456732,0.5439533951456732,,,,1.1341235867897284,-1.598314987649562,-0.34455484838529865,0.9167799143049878,-0.3506414946788846,-1.0030934258440907,26.761516123851493,34.31816,flyingthings
snapshots/flyingthings_steps100_pretrainedTrue_freezeFalse_2025_12_10_18_38,flyingthings_steps100_pretrainedTrue_freezeFalse_2025_12_10_18_38,flyingthings,steps,100,True,False,2025_12_10_18_38,spair,5000,63285.850000000006,12.65717,5,0.07275440486615477,0.11119906435353334,0.8888009356464667,0.3639400558766407,0.2765998229205412,0.7234001770794588,,,,0.3054104149341583,0.0825123786926269,,-2.5451290136891025,-2.078551323338259,2.078551323338259,-0.5583036382473445,-0.9613907852757672,0.9613907852757672,,,,-0.23831764320549384,0.05276578420838886,0.7233563944800174,-0.04307134239833837,-0.11845338144647295,0.459193087745602,11.734071296095822,12.65717,flyingthings
snapshots/flyingthings_steps100_pretrainedTrue_freezeFalse_2025_12_10_18_38,flyingthings_steps100_pretrainedTrue_freezeFalse_2025_12_10_18_38,flyingthings,steps,100,True,False,2025_12_10_18_38,tss,5000,259868.75,51.97375,5,0.2826338847295449,0.19022310193219988,0.8097768980678002,0.35936281164093814,0.3934301028196687,0.6065698971803313,,,,0.1674795448780059,0.0387242063879966,,-0.9314339647316844,-1.4485611712448945,1.448561171244895,-0.5781307923344422,-0.43291654588689243,0.4329165458868923,,,,0.7728082445915776,0.564554966079638,0.6835977500591763,1.1720969075149237,-0.7260575529610355,-0.7273072311814872,32.75539074709107,51.97375,flyingthings
snapshots/flyingthings_steps100_pretrainedTrue_freezeFalse_2025_12_12_11_46,flyingthings_steps100_pretrainedTrue_freezeFalse_2025_12_12_11_46,flyingthings,steps,100,True,False,2025_12_12_11_46,flyingthings,5000,360656.7,72.13134000000001,5,0.29802204216020833,0.3442046172428665,0.6557953827571334,0.4057849136901841,0.37436925073848204,0.625630749261518,,,,0.120961382985115,0.0060516977682709,,-0.8567345536936865,-0.6446125256532295,0.6446125256532292,-0.3814181019971683,-0.5135177278632456,0.5135177278632457,,,,0.819614181284829,1.2176639364764958,1.078058290075666,0.9867633757302762,-0.9309763590687877,-1.6126134647406662,63.359488788515996,72.13134000000001,flyingthings
snapshots/flyingthings_steps100_pretrainedTrue_freezeFalse_2025_12_12_11_46,flyingthings_steps100_pretrainedTrue_freezeFalse_2025_12_12_11_46,flyingthings,steps,100,True,False,2025_12_12_11_46,kitti2012,5000,385018.15,77.00363,5,0.40695717243439034,0.05555629512221702,0.944443704877783,0.37591873432511413,0.2106714357042166,0.7893285642957835,,,,0.3795063495635986,0.0222196206450462,,-0.376558665782417,-2.833199248874027,2.8331992488740263,-0.5069076054272054,-1.3208829224035434,1.3208829224035439,,,,1.1204878012892499,-0.5602924407931162,0.8264189209808599,-0.8696838782076564,0.20794925021089228,-1.1745215179878674,60.361964702332216,77.00363,flyingthings
snapshots/flyingthings_steps100_pretrainedTrue_freezeFalse_2025_12_12_11_46,flyingthings_steps100_pretrainedTrue_freezeFalse_2025_12_12_11_46,flyingthings,steps,100,True,False,2025_12_12_11_46,middlebury,5000,209132.80000000002,41.82656,5,0.29838550036559086,0.06671639320341378,0.9332836067965862,0.34331084808352363,0.41708274420570207,0.5829172557942979,,,,0.0860338509082794,0.0204798858612775,,-0.8549978314892076,-2.638258429756175,2.6382584297561746,-0.6485744745827918,-0.3347606184995471,0.334760618499547,,,,0.8207023948119108,-0.40192710444917445,0.5423396904353089,1.397795640985497,-1.0848368703666165,-1.2216620074659323,39.811681031071885,41.82656,flyingthings
snapshots/flyingthings_steps100_pretrainedTrue_freezeFalse_2025_12_12_11_46,flyingthings_steps100_pretrainedTrue_freezeFalse_2025_12_12_11_46,flyingthings,steps,100,True,False,2025_12_12_11_46,pfpascal,5000,173037.8,34.60756,5,0.24287120836394,0.17258085962646133,0.8274191403735387,0.359136189177216,0.2024012012866136,0.7975987987133863,,,,0.203537255525589,0.0530802756547927,,-1.1370020771233191,-1.567445508816546,1.5674455088165462,-0.5791152971418884,-1.3713538399136087,1.3713538399136085,,,,0.6440012309745676,0.4679761264566277,0.6816235596938867,-0.9857361886724865,-0.5672184519257317,-0.3383099319772044,21.572594932154843,34.60756,flyingthings
snapshots/flyingthings_steps100_pretrainedTrue_freezeFalse_2025_12_12_11_46,flyingthings_steps100_pretrainedTrue_freezeFalse_2025_12_12_11_46,flyingthings,steps,100,True,False,2025_12_12_11_46,pfwillow,5000,184444.40000000002,36.88888000000001,5,0.18840606858816797,0.09377621517890769,0.9062237848210923,0.3231465107329058,0.36291376886619464,0.6370862311338054,,,,0.3096532523632049,0.1238195747137069,,-1.4604005577962051,-2.2683750243197687,2.268375024319769,-0.7393490237936415,-0.5627397623948225,0.5627397623948226,,,,0.4413628352666158,-0.10144252571881453,0.3603129099562646,0.8735827339868413,-0.09976310768906595,1.5784679666336765,21.2775853549976,36.88888000000001,flyingthings
snapshots/flyingthings_steps100_pretrainedTrue_freezeFalse_2025_12_12_11_46,flyingthings_steps100_pretrainedTrue_freezeFalse_2025_12_12_11_46,flyingthings,steps,100,True,False,2025_12_12_11_46,pointodyssey,5000,171724.7,34.34494,5,0.4122196981863808,0.01612767000151461,0.9838723299984854,0.25145673986796657,0.36726840198275523,0.6327315980172448,,,,0.2527019083499908,0.0285462290048599,,-0.3547967864592523,-4.11095971223401,4.110959712234011,-1.0908580316897827,-0.5439533951456732,0.5439533951456732,,,,1.1341235867897284,-1.598314987649562,-0.34455484838529865,0.9167799143049878,-0.3506414946788846,-1.0030934258440907,26.761516123851493,34.34494,flyingthings
snapshots/flyingthings_steps100_pretrainedTrue_freezeFalse_2025_12_12_11_46,flyingthings_steps100_pretrainedTrue_freezeFalse_2025_12_12_11_46,flyingthings,steps,100,True,False,2025_12_12_11_46,spair,5000,59818.45,11.96369,5,0.07275440486615477,0.11119906435353334,0.8888009356464667,0.3639400558766407,0.2765998229205412,0.7234001770794588,,,,0.3054104149341583,0.0825123786926269,,-2.5451290136891025,-2.078551323338259,2.078551323338259,-0.5583036382473445,-0.9613907852757672,0.9613907852757672,,,,-0.23831764320549384,0.05276578420838886,0.7233563944800174,-0.04307134239833837,-0.11845338144647295,0.459193087745602,11.734071296095822,11.96369,flyingthings
snapshots/flyingthings_steps100_pretrainedTrue_freezeFalse_2025_12_12_11_46,flyingthings_steps100_pretrainedTrue_freezeFalse_2025_12_12_11_46,flyingthings,steps,100,True,False,2025_12_12_11_46,tss,5000,258596.05,51.71921,5,0.2826338847295449,0.19022310193219988,0.8097768980678002,0.35936281164093814,0.3934301028196687,0.6065698971803313,,,,0.1674795448780059,0.0387242063879966,,-0.9314339647316844,-1.4485611712448945,1.448561171244895,-0.5781307923344422,-0.43291654588689243,0.4329165458868923,,,,0.7728082445915776,0.564554966079638,0.6835977500591763,1.1720969075149237,-0.7260575529610355,-0.7273072311814872,32.75539074709107,51.71921,flyingthings
snapshots/flyingthings_steps100_pretrainedTrue_freezeTrue_2025_12_10_17_12,flyingthings_steps100_pretrainedTrue_freezeTrue_2025_12_10_17_12,flyingthings,steps,100,True,True,2025_12_10_17_12,flyingthings,5000,358397.95,71.67959,5,0.29802204216020833,0.3442046172428665,0.6557953827571334,0.4057849136901841,0.37436925073848204,0.625630749261518,,,,0.120961382985115,0.0060516977682709,,-0.8567345536936865,-0.6446125256532295,0.6446125256532292,-0.3814181019971683,-0.5135177278632456,0.5135177278632457,,,,0.819614181284829,1.2176639364764958,1.078058290075666,0.9867633757302762,-0.9309763590687877,-1.6126134647406662,63.359488788515996,71.67959,flyingthings
snapshots/flyingthings_steps100_pretrainedTrue_freezeTrue_2025_12_10_17_12,flyingthings_steps100_pretrainedTrue_freezeTrue_2025_12_10_17_12,flyingthings,steps,100,True,True,2025_12_10_17_12,kitti2012,5000,385049.14999999997,77.00983,5,0.40695717243439034,0.05555629512221702,0.944443704877783,0.37591873432511413,0.2106714357042166,0.7893285642957835,,,,0.3795063495635986,0.0222196206450462,,-0.376558665782417,-2.833199248874027,2.8331992488740263,-0.5069076054272054,-1.3208829224035434,1.3208829224035439,,,,1.1204878012892499,-0.5602924407931162,0.8264189209808599,-0.8696838782076564,0.20794925021089228,-1.1745215179878674,60.361964702332216,77.00983,flyingthings
snapshots/flyingthings_steps100_pretrainedTrue_freezeTrue_2025_12_10_17_12,flyingthings_steps100_pretrainedTrue_freezeTrue_2025_12_10_17_12,flyingthings,steps,100,True,True,2025_12_10_17_12,middlebury,5000,209197.9,41.83958,5,0.29838550036559086,0.06671639320341378,0.9332836067965862,0.34331084808352363,0.41708274420570207,0.5829172557942979,,,,0.0860338509082794,0.0204798858612775,,-0.8549978314892076,-2.638258429756175,2.6382584297561746,-0.6485744745827918,-0.3347606184995471,0.334760618499547,,,,0.8207023948119108,-0.40192710444917445,0.5423396904353089,1.397795640985497,-1.0848368703666165,-1.2216620074659323,39.811681031071885,41.83958,flyingthings
snapshots/flyingthings_steps100_pretrainedTrue_freezeTrue_2025_12_10_17_12,flyingthings_steps100_pretrainedTrue_freezeTrue_2025_12_10_17_12,flyingthings,steps,100,True,True,2025_12_10_17_12,pfpascal,5000,189577.44999999998,37.91549,5,0.24287120836394,0.17258085962646133,0.8274191403735387,0.359136189177216,0.2024012012866136,0.7975987987133863,,,,0.203537255525589,0.0530802756547927,,-1.1370020771233191,-1.567445508816546,1.5674455088165462,-0.5791152971418884,-1.3713538399136087,1.3713538399136085,,,,0.6440012309745676,0.4679761264566277,0.6816235596938867,-0.9857361886724865,-0.5672184519257317,-0.3383099319772044,21.572594932154843,37.91549,flyingthings
snapshots/flyingthings_steps100_pretrainedTrue_freezeTrue_2025_12_10_17_12,flyingthings_steps100_pretrainedTrue_freezeTrue_2025_12_10_17_12,flyingthings,steps,100,True,True,2025_12_10_17_12,pfwillow,5000,211055.55,42.21111,5,0.18840606858816797,0.09377621517890769,0.9062237848210923,0.3231465107329058,0.36291376886619464,0.6370862311338054,,,,0.3096532523632049,0.1238195747137069,,-1.4604005577962051,-2.2683750243197687,2.268375024319769,-0.7393490237936415,-0.5627397623948225,0.5627397623948226,,,,0.4413628352666158,-0.10144252571881453,0.3603129099562646,0.8735827339868413,-0.09976310768906595,1.5784679666336765,21.2775853549976,42.21111,flyingthings
snapshots/flyingthings_steps100_pretrainedTrue_freezeTrue_2025_12_10_17_12,flyingthings_steps100_pretrainedTrue_freezeTrue_2025_12_10_17_12,flyingthings,steps,100,True,True,2025_12_10_17_12,pointodyssey,5000,174684.44999999998,34.93689,5,0.4122196981863808,0.01612767000151461,0.9838723299984854,0.25145673986796657,0.36726840198275523,0.6327315980172448,,,,0.2527019083499908,0.0285462290048599,,-0.3547967864592523,-4.11095971223401,4.110959712234011,-1.0908580316897827,-0.5439533951456732,0.5439533951456732,,,,1.1341235867897284,-1.598314987649562,-0.34455484838529865,0.9167799143049878,-0.3506414946788846,-1.0030934258440907,26.761516123851493,34.93689,flyingthings
snapshots/flyingthings_steps100_pretrainedTrue_freezeTrue_2025_12_10_17_12,flyingthings_steps100_pretrainedTrue_freezeTrue_2025_12_10_17_12,flyingthings,steps,100,True,True,2025_12_10_17_12,spair,5000,69755.65,13.95113,5,0.07275440486615477,0.11119906435353334,0.8888009356464667,0.3639400558766407,0.2765998229205412,0.7234001770794588,,,,0.3054104149341583,0.0825123786926269,,-2.5451290136891025,-2.078551323338259,2.078551323338259,-0.5583036382473445,-0.9613907852757672,0.9613907852757672,,,,-0.23831764320549384,0.05276578420838886,0.7233563944800174,-0.04307134239833837,-0.11845338144647295,0.459193087745602,11.734071296095822,13.95113,flyingthings
snapshots/flyingthings_steps100_pretrainedTrue_freezeTrue_2025_12_10_17_12,flyingthings_steps100_pretrainedTrue_freezeTrue_2025_12_10_17_12,flyingthings,steps,100,True,True,2025_12_10_17_12,tss,5000,264994.5,52.9989,5,0.2826338847295449,0.19022310193219988,0.8097768980678002,0.35936281164093814,0.3934301028196687,0.6065698971803313,,,,0.1674795448780059,0.0387242063879966,,-0.9314339647316844,-1.4485611712448945,1.448561171244895,-0.5781307923344422,-0.43291654588689243,0.4329165458868923,,,,0.7728082445915776,0.564554966079638,0.6835977500591763,1.1720969075149237,-0.7260575529610355,-0.7273072311814872,32.75539074709107,52.9989,flyingthings
snapshots/flyingthings_steps100_pretrainedTrue_freezeTrue_2025_12_12_11_45,flyingthings_steps100_pretrainedTrue_freezeTrue_2025_12_12_11_45,flyingthings,steps,100,True,True,2025_12_12_11_45,flyingthings,5000,358424.9,71.68498000000001,5,0.29802204216020833,0.3442046172428665,0.6557953827571334,0.4057849136901841,0.37436925073848204,0.625630749261518,,,,0.120961382985115,0.0060516977682709,,-0.8567345536936865,-0.6446125256532295,0.6446125256532292,-0.3814181019971683,-0.5135177278632456,0.5135177278632457,,,,0.819614181284829,1.2176639364764958,1.078058290075666,0.9867633757302762,-0.9309763590687877,-1.6126134647406662,63.359488788515996,71.68498000000001,flyingthings
snapshots/flyingthings_steps100_pretrainedTrue_freezeTrue_2025_12_12_11_45,flyingthings_steps100_pretrainedTrue_freezeTrue_2025_12_12_11_45,flyingthings,steps,100,True,True,2025_12_12_11_45,kitti2012,5000,385776.5,77.1553,5,0.40695717243439034,0.05555629512221702,0.944443704877783,0.37591873432511413,0.2106714357042166,0.7893285642957835,,,,0.3795063495635986,0.0222196206450462,,-0.376558665782417,-2.833199248874027,2.8331992488740263,-0.5069076054272054,-1.3208829224035434,1.3208829224035439,,,,1.1204878012892499,-0.5602924407931162,0.8264189209808599,-0.8696838782076564,0.20794925021089228,-1.1745215179878674,60.361964702332216,77.1553,flyingthings
snapshots/flyingthings_steps100_pretrainedTrue_freezeTrue_2025_12_12_11_45,flyingthings_steps100_pretrainedTrue_freezeTrue_2025_12_12_11_45,flyingthings,steps,100,True,True,2025_12_12_11_45,middlebury,5000,208838.75,41.76775,5,0.29838550036559086,0.06671639320341378,0.9332836067965862,0.34331084808352363,0.41708274420570207,0.5829172557942979,,,,0.0860338509082794,0.0204798858612775,,-0.8549978314892076,-2.638258429756175,2.6382584297561746,-0.6485744745827918,-0.3347606184995471,0.334760618499547,,,,0.8207023948119108,-0.40192710444917445,0.5423396904353089,1.397795640985497,-1.0848368703666165,-1.2216620074659323,39.811681031071885,41.76775,flyingthings
snapshots/flyingthings_steps100_pretrainedTrue_freezeTrue_2025_12_12_11_45,flyingthings_steps100_pretrainedTrue_freezeTrue_2025_12_12_11_45,flyingthings,steps,100,True,True,2025_12_12_11_45,pfpascal,5000,186270.9,37.25418,5,0.24287120836394,0.17258085962646133,0.8274191403735387,0.359136189177216,0.2024012012866136,0.7975987987133863,,,,0.203537255525589,0.0530802756547927,,-1.1370020771233191,-1.567445508816546,1.5674455088165462,-0.5791152971418884,-1.3713538399136087,1.3713538399136085,,,,0.6440012309745676,0.4679761264566277,0.6816235596938867,-0.9857361886724865,-0.5672184519257317,-0.3383099319772044,21.572594932154843,37.25418,flyingthings
snapshots/flyingthings_steps100_pretrainedTrue_freezeTrue_2025_12_12_11_45,flyingthings_steps100_pretrainedTrue_freezeTrue_2025_12_12_11_45,flyingthings,steps,100,True,True,2025_12_12_11_45,pfwillow,5000,208005.65,41.60113,5,0.18840606858816797,0.09377621517890769,0.9062237848210923,0.3231465107329058,0.36291376886619464,0.6370862311338054,,,,0.3096532523632049,0.1238195747137069,,-1.4604005577962051,-2.2683750243197687,2.268375024319769,-0.7393490237936415,-0.5627397623948225,0.5627397623948226,,,,0.4413628352666158,-0.10144252571881453,0.3603129099562646,0.8735827339868413,-0.09976310768906595,1.5784679666336765,21.2775853549976,41.60113,flyingthings
snapshots/flyingthings_steps100_pretrainedTrue_freezeTrue_2025_12_12_11_45,flyingthings_steps100_pretrainedTrue_freezeTrue_2025_12_12_11_45,flyingthings,steps,100,True,True,2025_12_12_11_45,pointodyssey,5000,180020.95,36.00419,5,0.4122196981863808,0.01612767000151461,0.9838723299984854,0.25145673986796657,0.36726840198275523,0.6327315980172448,,,,0.2527019083499908,0.0285462290048599,,-0.3547967864592523,-4.11095971223401,4.110959712234011,-1.0908580316897827,-0.5439533951456732,0.5439533951456732,,,,1.1341235867897284,-1.598314987649562,-0.34455484838529865,0.9167799143049878,-0.3506414946788846,-1.0030934258440907,26.761516123851493,36.00419,flyingthings
snapshots/flyingthings_steps100_pretrainedTrue_freezeTrue_2025_12_12_11_45,flyingthings_steps100_pretrainedTrue_freezeTrue_2025_12_12_11_45,flyingthings,steps,100,True,True,2025_12_12_11_45,spair,5000,64279.04999999999,12.855809999999998,5,0.07275440486615477,0.11119906435353334,0.8888009356464667,0.3639400558766407,0.2765998229205412,0.7234001770794588,,,,0.3054104149341583,0.0825123786926269,,-2.5451290136891025,-2.078551323338259,2.078551323338259,-0.5583036382473445,-0.9613907852757672,0.9613907852757672,,,,-0.23831764320549384,0.05276578420838886,0.7233563944800174,-0.04307134239833837,-0.11845338144647295,0.459193087745602,11.734071296095822,12.855809999999998,flyingthings
snapshots/flyingthings_steps100_pretrainedTrue_freezeTrue_2025_12_12_11_45,flyingthings_steps100_pretrainedTrue_freezeTrue_2025_12_12_11_45,flyingthings,steps,100,True,True,2025_12_12_11_45,tss,5000,264196.79999999993,52.839359999999985,5,0.2826338847295449,0.19022310193219988,0.8097768980678002,0.35936281164093814,0.3934301028196687,0.6065698971803313,,,,0.1674795448780059,0.0387242063879966,,-0.9314339647316844,-1.4485611712448945,1.448561171244895,-0.5781307923344422,-0.43291654588689243,0.4329165458868923,,,,0.7728082445915776,0.564554966079638,0.6835977500591763,1.1720969075149237,-0.7260575529610355,-0.7273072311814872,32.75539074709107,52.839359999999985,flyingthings
snapshots/pointodyssey_logsteps100_pretrainedFalse_freezeFalse_2025_12_10_11_40,pointodyssey_logsteps100_pretrainedFalse_freezeFalse_2025_12_10_11_40,pointodyssey,logsteps,100,False,False,2025_12_10_11_40,flyingthings,5000,302083.5,60.4167,5,0.011720746075177535,0.4954926200048128,0.5045073799951871,0.3950082247167559,0.2794855929302831,0.7205144070697169,,,,0.6785438060760498,0.0284111928194761,,-4.43460486306964,-0.018030008399606005,0.018030008399605797,-0.42630827661320203,-0.9470146657726355,0.9470146657726354,,,,-2.8149613491806793,1.854065923075613,1.0831816425131815,-0.10011637296997447,3.544483142143159,-0.9820634219039335,47.512279565532396,60.4167,pointodyssey
snapshots/pointodyssey_logsteps100_pretrainedFalse_freezeFalse_2025_12_10_11_40,pointodyssey_logsteps100_pretrainedFalse_freezeFalse_2025_12_10_11_40,pointodyssey,logsteps,100,False,False,2025_12_10_11_40,kitti2012,5000,336456.95,67.29139,5,0.04645995012679681,0.11872465304052665,0.8812753469594734,0.3816639411454963,0.14707171947490544,0.8529282805250946,,,,1.0156478881835938,0.053868368268013,,-3.021590773295423,-2.004563144168358,2.0045631441683582,-0.48249160802343133,-1.7577551094691022,1.7577551094691024,,,,-1.422666875031455,0.22589705199353693,0.9660333251183245,-1.964182380312961,6.341009657273637,-0.31676965739241014,43.44588682261379,67.29139,pointodyssey
snapshots/pointodyssey_logsteps100_pretrainedFalse_freezeFalse_2025_12_10_11_40,pointodyssey_logsteps100_pretrainedFalse_freezeFalse_2025_12_10_11_40,pointodyssey,logsteps,100,False,False,2025_12_10_11_40,middlebury,5000,210366.74999999997,42.07334999999999,5,0.018953212297502166,0.23519000750179145,0.7648099924982086,0.36770262317897073,0.35509226882697453,0.6449077311730255,,,,0.5650716423988342,0.0374895259737968,,-3.946646720771826,-1.1792336971462953,1.1792336971462956,-0.5420852941243304,-0.5967295862251187,0.5967295862251186,,,,-2.3341583408781057,0.9023396895882474,0.8417740496563051,0.7052640847840485,2.6031480136313547,-0.7448117106157939,33.847827629461,42.07334999999999,pointodyssey
snapshots/pointodyssey_logsteps100_pretrainedFalse_freezeFalse_2025_12_10_11_40,pointodyssey_logsteps100_pretrainedFalse_freezeFalse_2025_12_10_11_40,pointodyssey,logsteps,100,False,False,2025_12_10_11_40,pfpascal,5000,29246.65,5.84933,5,0.0038986585003528812,0.2381245539543177,0.7618754460456822,0.41915466822997605,0.17621831318750086,0.8237816868124992,,,,0.8396538496017456,0.0300277210772037,,-5.543216481207803,-1.1629892129717019,1.1629892129717017,-0.32624452263797765,-1.5421819094210212,1.5421819094210214,,,,-3.90731693224357,0.9156537204411097,1.2918253828570694,-1.4685333998925105,4.881009551899592,-0.9398173301410448,16.721418137522207,5.84933,pointodyssey
snapshots/pointodyssey_logsteps100_pretrainedFalse_freezeFalse_2025_12_10_11_40,pointodyssey_logsteps100_pretrainedFalse_freezeFalse_2025_12_10_11_40,pointodyssey,logsteps,100,False,False,2025_12_10_11_40,pfwillow,5000,40911.1,8.18222,5,0.0032292982007029623,0.15228295424699248,0.8477170457530075,0.38011184849167895,0.3265369296798365,0.6734630703201635,,,,0.804984450340271,0.1024791523814201,,-5.732255917042604,-1.7168065762252145,1.7168065762252147,-0.48907351342446853,-0.7238901117916602,0.7238901117916602,,,,-4.093584403894286,0.46174324954167556,0.9523093410890818,0.41289478826329595,4.593401363674129,0.9536168245660296,20.18113398540132,8.18222,pointodyssey
snapshots/pointodyssey_logsteps100_pretrainedFalse_freezeFalse_2025_12_10_11_40,pointodyssey_logsteps100_pretrainedFalse_freezeFalse_2025_12_10_11_40,pointodyssey,logsteps,100,False,False,2025_12_10_11_40,pointodyssey,5000,99204.9,19.84098,5,0.10896048940877356,0.15270063117932753,0.8472993688206725,0.2975566426125626,0.32459599663343575,0.6754040033665643,,,,0.2805671989917755,0.0461983606219291,,-2.1014034365573657,-1.7135747325980282,1.7135747325980282,-0.8589601657045158,-0.7327297135606865,0.7327297135606865,,,,-0.5159726294509277,0.4643920788489972,0.18105569959471593,0.39257064962656607,0.24297422194628168,-0.5172164143789005,36.77602501358497,19.84098,pointodyssey
snapshots/pointodyssey_logsteps100_pretrainedFalse_freezeFalse_2025_12_10_11_40,pointodyssey_logsteps100_pretrainedFalse_freezeFalse_2025_12_10_11_40,pointodyssey,logsteps,100,False,False,2025_12_10_11_40,spair,5000,9329.6,1.86592,5,0.0006376658773013244,0.12041113348616866,0.8795888665138314,0.4296341672615527,0.253888317954017,0.746111682045983,,,,0.9863914251327516,0.0372311100363731,,-7.357058245816752,-1.9885426017433765,1.988542601743377,-0.2833438940134807,-1.0779808196043372,1.0779808196043372,,,,-5.694561577659419,0.23902753947675237,1.3812778295595523,-0.4012356243509101,6.098305759566121,-0.751565111524938,5.16386575508627,1.86592,pointodyssey
snapshots/pointodyssey_logsteps100_pretrainedFalse_freezeFalse_2025_12_10_11_40,pointodyssey_logsteps100_pretrainedFalse_freezeFalse_2025_12_10_11_40,pointodyssey,logsteps,100,False,False,2025_12_10_11_40,tss,5000,69043.80000000002,13.808760000000003,5,0.00408117935157362,0.26365794011573784,0.7363420598842622,0.4141483238151876,0.3527509206069136,0.6472490793930864,,,,0.6731200218200684,0.0187124498188495,,-5.4972797454843345,-1.0270421843954707,1.0270421843954707,-0.34684246547917147,-0.6069689957653173,0.6069689957653173,,,,-3.862053786057634,1.027076337088412,1.2488764461337842,0.6817214881274376,3.499488859103417,-1.2355288252029275,30.4309411053449,13.808760000000003,pointodyssey
snapshots/pointodyssey_logsteps100_pretrainedFalse_freezeTrue_2025_12_10_06_57,pointodyssey_logsteps100_pretrainedFalse_freezeTrue_2025_12_10_06_57,pointodyssey,logsteps,100,False,True,2025_12_10_06_57,flyingthings,5000,301241.4,60.24828,5,0.011720746075177535,0.4954926200048128,0.5045073799951871,0.3950082247167559,0.2794855929302831,0.7205144070697169,,,,0.6785438060760498,0.0284111928194761,,-4.43460486306964,-0.018030008399606005,0.018030008399605797,-0.42630827661320203,-0.9470146657726355,0.9470146657726354,,,,-2.8149613491806793,1.854065923075613,1.0831816425131815,-0.10011637296997447,3.544483142143159,-0.9820634219039335,47.512279565532396,60.24828,pointodyssey
snapshots/pointodyssey_logsteps100_pretrainedFalse_freezeTrue_2025_12_10_06_57,pointodyssey_logsteps100_pretrainedFalse_freezeTrue_2025_12_10_06_57,pointodyssey,logsteps,100,False,True,2025_12_10_06_57,kitti2012,5000,318716.50000000006,63.74330000000001,5,0.04645995012679681,0.11872465304052665,0.8812753469594734,0.3816639411454963,0.14707171947490544,0.8529282805250946,,,,1.0156478881835938,0.053868368268013,,-3.021590773295423,-2.004563144168358,2.0045631441683582,-0.48249160802343133,-1.7577551094691022,1.7577551094691024,,,,-1.422666875031455,0.22589705199353693,0.9660333251183245,-1.964182380312961,6.341009657273637,-0.31676965739241014,43.44588682261379,63.74330000000001,pointodyssey
snapshots/pointodyssey_logsteps100_pretrainedFalse_freezeTrue_2025_12_10_06_57,pointodyssey_logsteps100_pretrainedFalse_freezeTrue_2025_12_10_06_57,pointodyssey,logsteps,100,False,True,2025_12_10_06_57,middlebury,5000,206460.15000000002,41.292030000000004,5,0.018953212297502166,0.23519000750179145,0.7648099924982086,0.36770262317897073,0.35509226882697453,0.6449077311730255,,,,0.5650716423988342,0.0374895259737968,,-3.946646720771826,-1.1792336971462953,1.1792336971462956,-0.5420852941243304,-0.5967295862251187,0.5967295862251186,,,,-2.3341583408781057,0.9023396895882474,0.8417740496563051,0.7052640847840485,2.6031480136313547,-0.7448117106157939,33.847827629461,41.292030000000004,pointodyssey
snapshots/pointodyssey_logsteps100_pretrainedFalse_freezeTrue_2025_12_10_06_57,pointodyssey_logsteps100_pretrainedFalse_freezeTrue_2025_12_10_06_57,pointodyssey,logsteps,100,False,True,2025_12_10_06_57,pfpascal,5000,28262.85,5.65257,5,0.0038986585003528812,0.2381245539543177,0.7618754460456822,0.41915466822997605,0.17621831318750086,0.8237816868124992,,,,0.8396538496017456,0.0300277210772037,,-5.543216481207803,-1.1629892129717019,1.1629892129717017,-0.32624452263797765,-1.5421819094210212,1.5421819094210214,,,,-3.90731693224357,0.9156537204411097,1.2918253828570694,-1.4685333998925105,4.881009551899592,-0.9398173301410448,16.721418137522207,5.65257,pointodyssey
snapshots/pointodyssey_logsteps100_pretrainedFalse_freezeTrue_2025_12_10_06_57,pointodyssey_logsteps100_pretrainedFalse_freezeTrue_2025_12_10_06_57,pointodyssey,logsteps,100,False,True,2025_12_10_06_57,pfwillow,5000,38805.6,7.76112,5,0.0032292982007029623,0.15228295424699248,0.8477170457530075,0.38011184849167895,0.3265369296798365,0.6734630703201635,,,,0.804984450340271,0.1024791523814201,,-5.732255917042604,-1.7168065762252145,1.7168065762252147,-0.48907351342446853,-0.7238901117916602,0.7238901117916602,,,,-4.093584403894286,0.46174324954167556,0.9523093410890818,0.41289478826329595,4.593401363674129,0.9536168245660296,20.18113398540132,7.76112,pointodyssey
snapshots/pointodyssey_logsteps100_pretrainedFalse_freezeTrue_2025_12_10_06_57,pointodyssey_logsteps100_pretrainedFalse_freezeTrue_2025_12_10_06_57,pointodyssey,logsteps,100,False,True,2025_12_10_06_57,pointodyssey,5000,118323.7,23.66474,5,0.10896048940877356,0.15270063117932753,0.8472993688206725,0.2975566426125626,0.32459599663343575,0.6754040033665643,,,,0.2805671989917755,0.0461983606219291,,-2.1014034365573657,-1.7135747325980282,1.7135747325980282,-0.8589601657045158,-0.7327297135606865,0.7327297135606865,,,,-0.5159726294509277,0.4643920788489972,0.18105569959471593,0.39257064962656607,0.24297422194628168,-0.5172164143789005,36.77602501358497,23.66474,pointodyssey
snapshots/pointodyssey_logsteps100_pretrainedFalse_freezeTrue_2025_12_10_06_57,pointodyssey_logsteps100_pretrainedFalse_freezeTrue_2025_12_10_06_57,pointodyssey,logsteps,100,False,True,2025_12_10_06_57,spair,5000,10473.0,2.0946,5,0.0006376658773013244,0.12041113348616866,0.8795888665138314,0.4296341672615527,0.253888317954017,0.746111682045983,,,,0.9863914251327516,0.0372311100363731,,-7.357058245816752,-1.9885426017433765,1.988542601743377,-0.2833438940134807,-1.0779808196043372,1.0779808196043372,,,,-5.694561577659419,0.23902753947675237,1.3812778295595523,-0.4012356243509101,6.098305759566121,-0.751565111524938,5.16386575508627,2.0946,pointodyssey
snapshots/pointodyssey_logsteps100_pretrainedFalse_freezeTrue_2025_12_10_06_57,pointodyssey_logsteps100_pretrainedFalse_freezeTrue_2025_12_10_06_57,pointodyssey,logsteps,100,False,True,2025_12_10_06_57,tss,5000,71401.55,14.28031,5,0.00408117935157362,0.26365794011573784,0.7363420598842622,0.4141483238151876,0.3527509206069136,0.6472490793930864,,,,0.6731200218200684,0.0187124498188495,,-5.4972797454843345,-1.0270421843954707,1.0270421843954707,-0.34684246547917147,-0.6069689957653173,0.6069689957653173,,,,-3.862053786057634,1.027076337088412,1.2488764461337842,0.6817214881274376,3.499488859103417,-1.2355288252029275,30.4309411053449,14.28031,pointodyssey
snapshots/pointodyssey_logsteps100_pretrainedTrue_freezeFalse_2025_12_10_11_14,pointodyssey_logsteps100_pretrainedTrue_freezeFalse_2025_12_10_11_14,pointodyssey,logsteps,100,True,False,2025_12_10_11_14,flyingthings,5000,332832.95,66.56659,5,0.011720746075177535,0.4954926200048128,0.5045073799951871,0.3950082247167559,0.2794855929302831,0.7205144070697169,,,,0.6785438060760498,0.0284111928194761,,-4.43460486306964,-0.018030008399606005,0.018030008399605797,-0.42630827661320203,-0.9470146657726355,0.9470146657726354,,,,-2.8149613491806793,1.854065923075613,1.0831816425131815,-0.10011637296997447,3.544483142143159,-0.9820634219039335,47.512279565532396,66.56659,pointodyssey
snapshots/pointodyssey_logsteps100_pretrainedTrue_freezeFalse_2025_12_10_11_14,pointodyssey_logsteps100_pretrainedTrue_freezeFalse_2025_12_10_11_14,pointodyssey,logsteps,100,True,False,2025_12_10_11_14,kitti2012,5000,377759.75,75.55195,5,0.04645995012679681,0.11872465304052665,0.8812753469594734,0.3816639411454963,0.14707171947490544,0.8529282805250946,,,,1.0156478881835938,0.053868368268013,,-3.021590773295423,-2.004563144168358,2.0045631441683582,-0.48249160802343133,-1.7577551094691022,1.7577551094691024,,,,-1.422666875031455,0.22589705199353693,0.9660333251183245,-1.964182380312961,6.341009657273637,-0.31676965739241014,43.44588682261379,75.55195,pointodyssey
snapshots/pointodyssey_logsteps100_pretrainedTrue_freezeFalse_2025_12_10_11_14,pointodyssey_logsteps100_pretrainedTrue_freezeFalse_2025_12_10_11_14,pointodyssey,logsteps,100,True,False,2025_12_10_11_14,middlebury,5000,213891.55,42.77831,5,0.018953212297502166,0.23519000750179145,0.7648099924982086,0.36770262317897073,0.35509226882697453,0.6449077311730255,,,,0.5650716423988342,0.0374895259737968,,-3.946646720771826,-1.1792336971462953,1.1792336971462956,-0.5420852941243304,-0.5967295862251187,0.5967295862251186,,,,-2.3341583408781057,0.9023396895882474,0.8417740496563051,0.7052640847840485,2.6031480136313547,-0.7448117106157939,33.847827629461,42.77831,pointodyssey
snapshots/pointodyssey_logsteps100_pretrainedTrue_freezeFalse_2025_12_10_11_14,pointodyssey_logsteps100_pretrainedTrue_freezeFalse_2025_12_10_11_14,pointodyssey,logsteps,100,True,False,2025_12_10_11_14,pfpascal,5000,96804.85,19.360970000000002,5,0.0038986585003528812,0.2381245539543177,0.7618754460456822,0.41915466822997605,0.17621831318750086,0.8237816868124992,,,,0.8396538496017456,0.0300277210772037,,-5.543216481207803,-1.1629892129717019,1.1629892129717017,-0.32624452263797765,-1.5421819094210212,1.5421819094210214,,,,-3.90731693224357,0.9156537204411097,1.2918253828570694,-1.4685333998925105,4.881009551899592,-0.9398173301410448,16.721418137522207,19.360970000000002,pointodyssey
snapshots/pointodyssey_logsteps100_pretrainedTrue_freezeFalse_2025_12_10_11_14,pointodyssey_logsteps100_pretrainedTrue_freezeFalse_2025_12_10_11_14,pointodyssey,logsteps,100,True,False,2025_12_10_11_14,pfwillow,5000,123716.65,24.74333,5,0.0032292982007029623,0.15228295424699248,0.8477170457530075,0.38011184849167895,0.3265369296798365,0.6734630703201635,,,,0.804984450340271,0.1024791523814201,,-5.732255917042604,-1.7168065762252145,1.7168065762252147,-0.48907351342446853,-0.7238901117916602,0.7238901117916602,,,,-4.093584403894286,0.46174324954167556,0.9523093410890818,0.41289478826329595,4.593401363674129,0.9536168245660296,20.18113398540132,24.74333,pointodyssey
snapshots/pointodyssey_logsteps100_pretrainedTrue_freezeFalse_2025_12_10_11_14,pointodyssey_logsteps100_pretrainedTrue_freezeFalse_2025_12_10_11_14,pointodyssey,logsteps,100,True,False,2025_12_10_11_14,pointodyssey,5000,130670.2,26.13404,5,0.10896048940877356,0.15270063117932753,0.8472993688206725,0.2975566426125626,0.32459599663343575,0.6754040033665643,,,,0.2805671989917755,0.0461983606219291,,-2.1014034365573657,-1.7135747325980282,1.7135747325980282,-0.8589601657045158,-0.7327297135606865,0.7327297135606865,,,,-0.5159726294509277,0.4643920788489972,0.18105569959471593,0.39257064962656607,0.24297422194628168,-0.5172164143789005,36.77602501358497,26.13404,pointodyssey
snapshots/pointodyssey_logsteps100_pretrainedTrue_freezeFalse_2025_12_10_11_14,pointodyssey_logsteps100_pretrainedTrue_freezeFalse_2025_12_10_11_14,pointodyssey,logsteps,100,True,False,2025_12_10_11_14,spair,5000,45531.200000000004,9.106240000000001,5,0.0006376658773013244,0.12041113348616866,0.8795888665138314,0.4296341672615527,0.253888317954017,0.746111682045983,,,,0.9863914251327516,0.0372311100363731,,-7.357058245816752,-1.9885426017433765,1.988542601743377,-0.2833438940134807,-1.0779808196043372,1.0779808196043372,,,,-5.694561577659419,0.23902753947675237,1.3812778295595523,-0.4012356243509101,6.098305759566121,-0.751565111524938,5.16386575508627,9.106240000000001,pointodyssey
snapshots/pointodyssey_logsteps100_pretrainedTrue_freezeFalse_2025_12_10_11_14,pointodyssey_logsteps100_pretrainedTrue_freezeFalse_2025_12_10_11_14,pointodyssey,logsteps,100,True,False,2025_12_10_11_14,tss,5000,201117.19999999998,40.22344,5,0.00408117935157362,0.26365794011573784,0.7363420598842622,0.4141483238151876,0.3527509206069136,0.6472490793930864,,,,0.6731200218200684,0.0187124498188495,,-5.4972797454843345,-1.0270421843954707,1.0270421843954707,-0.34684246547917147,-0.6069689957653173,0.6069689957653173,,,,-3.862053786057634,1.027076337088412,1.2488764461337842,0.6817214881274376,3.499488859103417,-1.2355288252029275,30.4309411053449,40.22344,pointodyssey
snapshots/pointodyssey_logsteps100_pretrainedTrue_freezeTrue_2025_12_10_06_53,pointodyssey_logsteps100_pretrainedTrue_freezeTrue_2025_12_10_06_53,pointodyssey,logsteps,100,True,True,2025_12_10_06_53,flyingthings,5000,338371.85,67.67437,5,0.011720746075177535,0.4954926200048128,0.5045073799951871,0.3950082247167559,0.2794855929302831,0.7205144070697169,,,,0.6785438060760498,0.0284111928194761,,-4.43460486306964,-0.018030008399606005,0.018030008399605797,-0.42630827661320203,-0.9470146657726355,0.9470146657726354,,,,-2.8149613491806793,1.854065923075613,1.0831816425131815,-0.10011637296997447,3.544483142143159,-0.9820634219039335,47.512279565532396,67.67437,pointodyssey
snapshots/pointodyssey_logsteps100_pretrainedTrue_freezeTrue_2025_12_10_06_53,pointodyssey_logsteps100_pretrainedTrue_freezeTrue_2025_12_10_06_53,pointodyssey,logsteps,100,True,True,2025_12_10_06_53,kitti2012,5000,382923.5,76.5847,5,0.04645995012679681,0.11872465304052665,0.8812753469594734,0.3816639411454963,0.14707171947490544,0.8529282805250946,,,,1.0156478881835938,0.053868368268013,,-3.021590773295423,-2.004563144168358,2.0045631441683582,-0.48249160802343133,-1.7577551094691022,1.7577551094691024,,,,-1.422666875031455,0.22589705199353693,0.9660333251183245,-1.964182380312961,6.341009657273637,-0.31676965739241014,43.44588682261379,76.5847,pointodyssey
snapshots/pointodyssey_logsteps100_pretrainedTrue_freezeTrue_2025_12_10_06_53,pointodyssey_logsteps100_pretrainedTrue_freezeTrue_2025_12_10_06_53,pointodyssey,logsteps,100,True,True,2025_12_10_06_53,middlebury,5000,218656.55000000002,43.73131,5,0.018953212297502166,0.23519000750179145,0.7648099924982086,0.36770262317897073,0.35509226882697453,0.6449077311730255,,,,0.5650716423988342,0.0374895259737968,,-3.946646720771826,-1.1792336971462953,1.1792336971462956,-0.5420852941243304,-0.5967295862251187,0.5967295862251186,,,,-2.3341583408781057,0.9023396895882474,0.8417740496563051,0.7052640847840485,2.6031480136313547,-0.7448117106157939,33.847827629461,43.73131,pointodyssey
snapshots/pointodyssey_logsteps100_pretrainedTrue_freezeTrue_2025_12_10_06_53,pointodyssey_logsteps100_pretrainedTrue_freezeTrue_2025_12_10_06_53,pointodyssey,logsteps,100,True,True,2025_12_10_06_53,pfpascal,5000,130069.04999999999,26.01381,5,0.0038986585003528812,0.2381245539543177,0.7618754460456822,0.41915466822997605,0.17621831318750086,0.8237816868124992,,,,0.8396538496017456,0.0300277210772037,,-5.543216481207803,-1.1629892129717019,1.1629892129717017,-0.32624452263797765,-1.5421819094210212,1.5421819094210214,,,,-3.90731693224357,0.9156537204411097,1.2918253828570694,-1.4685333998925105,4.881009551899592,-0.9398173301410448,16.721418137522207,26.01381,pointodyssey
snapshots/pointodyssey_logsteps100_pretrainedTrue_freezeTrue_2025_12_10_06_53,pointodyssey_logsteps100_pretrainedTrue_freezeTrue_2025_12_10_06_53,pointodyssey,logsteps,100,True,True,2025_12_10_06_53,pfwillow,5000,143572.15,28.71443,5,0.0032292982007029623,0.15228295424699248,0.8477170457530075,0.38011184849167895,0.3265369296798365,0.6734630703201635,,,,0.804984450340271,0.1024791523814201,,-5.732255917042604,-1.7168065762252145,1.7168065762252147,-0.48907351342446853,-0.7238901117916602,0.7238901117916602,,,,-4.093584403894286,0.46174324954167556,0.9523093410890818,0.41289478826329595,4.593401363674129,0.9536168245660296,20.18113398540132,28.71443,pointodyssey
snapshots/pointodyssey_logsteps100_pretrainedTrue_freezeTrue_2025_12_10_06_53,pointodyssey_logsteps100_pretrainedTrue_freezeTrue_2025_12_10_06_53,pointodyssey,logsteps,100,True,True,2025_12_10_06_53,pointodyssey,5000,171539.69999999998,34.307939999999995,5,0.10896048940877356,0.15270063117932753,0.8472993688206725,0.2975566426125626,0.32459599663343575,0.6754040033665643,,,,0.2805671989917755,0.0461983606219291,,-2.1014034365573657,-1.7135747325980282,1.7135747325980282,-0.8589601657045158,-0.7327297135606865,0.7327297135606865,,,,-0.5159726294509277,0.4643920788489972,0.18105569959471593,0.39257064962656607,0.24297422194628168,-0.5172164143789005,36.77602501358497,34.307939999999995,pointodyssey
snapshots/pointodyssey_logsteps100_pretrainedTrue_freezeTrue_2025_12_10_06_53,pointodyssey_logsteps100_pretrainedTrue_freezeTrue_2025_12_10_06_53,pointodyssey,logsteps,100,True,True,2025_12_10_06_53,spair,5000,58816.7,11.76334,5,0.0006376658773013244,0.12041113348616866,0.8795888665138314,0.4296341672615527,0.253888317954017,0.746111682045983,,,,0.9863914251327516,0.0372311100363731,,-7.357058245816752,-1.9885426017433765,1.988542601743377,-0.2833438940134807,-1.0779808196043372,1.0779808196043372,,,,-5.694561577659419,0.23902753947675237,1.3812778295595523,-0.4012356243509101,6.098305759566121,-0.751565111524938,5.16386575508627,11.76334,pointodyssey
snapshots/pointodyssey_logsteps100_pretrainedTrue_freezeTrue_2025_12_10_06_53,pointodyssey_logsteps100_pretrainedTrue_freezeTrue_2025_12_10_06_53,pointodyssey,logsteps,100,True,True,2025_12_10_06_53,tss,5000,211470.15,42.29403,5,0.00408117935157362,0.26365794011573784,0.7363420598842622,0.4141483238151876,0.3527509206069136,0.6472490793930864,,,,0.6731200218200684,0.0187124498188495,,-5.4972797454843345,-1.0270421843954707,1.0270421843954707,-0.34684246547917147,-0.6069689957653173,0.6069689957653173,,,,-3.862053786057634,1.027076337088412,1.2488764461337842,0.6817214881274376,3.499488859103417,-1.2355288252029275,30.4309411053449,42.29403,pointodyssey
snapshots/pointodyssey_steps100_pretrainedFalse_freezeFalse_2025_12_11_00_21,pointodyssey_steps100_pretrainedFalse_freezeFalse_2025_12_11_00_21,pointodyssey,steps,100,False,False,2025_12_11_00_21,flyingthings,5000,296529.65,59.305930000000004,5,0.011720746075177535,0.4954926200048128,0.5045073799951871,0.3950082247167559,0.2794855929302831,0.7205144070697169,,,,0.6785438060760498,0.0284111928194761,,-4.43460486306964,-0.018030008399606005,0.018030008399605797,-0.42630827661320203,-0.9470146657726355,0.9470146657726354,,,,-2.8149613491806793,1.854065923075613,1.0831816425131815,-0.10011637296997447,3.544483142143159,-0.9820634219039335,47.512279565532396,59.305930000000004,pointodyssey
snapshots/pointodyssey_steps100_pretrainedFalse_freezeFalse_2025_12_11_00_21,pointodyssey_steps100_pretrainedFalse_freezeFalse_2025_12_11_00_21,pointodyssey,steps,100,False,False,2025_12_11_00_21,kitti2012,5000,299172.04999999993,59.834409999999984,5,0.04645995012679681,0.11872465304052665,0.8812753469594734,0.3816639411454963,0.14707171947490544,0.8529282805250946,,,,1.0156478881835938,0.053868368268013,,-3.021590773295423,-2.004563144168358,2.0045631441683582,-0.48249160802343133,-1.7577551094691022,1.7577551094691024,,,,-1.422666875031455,0.22589705199353693,0.9660333251183245,-1.964182380312961,6.341009657273637,-0.31676965739241014,43.44588682261379,59.834409999999984,pointodyssey
snapshots/pointodyssey_steps100_pretrainedFalse_freezeFalse_2025_12_11_00_21,pointodyssey_steps100_pretrainedFalse_freezeFalse_2025_12_11_00_21,pointodyssey,steps,100,False,False,2025_12_11_00_21,middlebury,5000,209022.35,41.80447,5,0.018953212297502166,0.23519000750179145,0.7648099924982086,0.36770262317897073,0.35509226882697453,0.6449077311730255,,,,0.5650716423988342,0.0374895259737968,,-3.946646720771826,-1.1792336971462953,1.1792336971462956,-0.5420852941243304,-0.5967295862251187,0.5967295862251186,,,,-2.3341583408781057,0.9023396895882474,0.8417740496563051,0.7052640847840485,2.6031480136313547,-0.7448117106157939,33.847827629461,41.80447,pointodyssey
snapshots/pointodyssey_steps100_pretrainedFalse_freezeFalse_2025_12_11_00_21,pointodyssey_steps100_pretrainedFalse_freezeFalse_2025_12_11_00_21,pointodyssey,steps,100,False,False,2025_12_11_00_21,pfpascal,5000,33090.5,6.6181,5,0.0038986585003528812,0.2381245539543177,0.7618754460456822,0.41915466822997605,0.17621831318750086,0.8237816868124992,,,,0.8396538496017456,0.0300277210772037,,-5.543216481207803,-1.1629892129717019,1.1629892129717017,-0.32624452263797765,-1.5421819094210212,1.5421819094210214,,,,-3.90731693224357,0.9156537204411097,1.2918253828570694,-1.4685333998925105,4.881009551899592,-0.9398173301410448,16.721418137522207,6.6181,pointodyssey
snapshots/pointodyssey_steps100_pretrainedFalse_freezeFalse_2025_12_11_00_21,pointodyssey_steps100_pretrainedFalse_freezeFalse_2025_12_11_00_21,pointodyssey,steps,100,False,False,2025_12_11_00_21,pfwillow,5000,41099.9,8.21998,5,0.0032292982007029623,0.15228295424699248,0.8477170457530075,0.38011184849167895,0.3265369296798365,0.6734630703201635,,,,0.804984450340271,0.1024791523814201,,-5.732255917042604,-1.7168065762252145,1.7168065762252147,-0.48907351342446853,-0.7238901117916602,0.7238901117916602,,,,-4.093584403894286,0.46174324954167556,0.9523093410890818,0.41289478826329595,4.593401363674129,0.9536168245660296,20.18113398540132,8.21998,pointodyssey
snapshots/pointodyssey_steps100_pretrainedFalse_freezeFalse_2025_12_11_00_21,pointodyssey_steps100_pretrainedFalse_freezeFalse_2025_12_11_00_21,pointodyssey,steps,100,False,False,2025_12_11_00_21,pointodyssey,5000,177817.75,35.56355,5,0.10896048940877356,0.15270063117932753,0.8472993688206725,0.2975566426125626,0.32459599663343575,0.6754040033665643,,,,0.2805671989917755,0.0461983606219291,,-2.1014034365573657,-1.7135747325980282,1.7135747325980282,-0.8589601657045158,-0.7327297135606865,0.7327297135606865,,,,-0.5159726294509277,0.4643920788489972,0.18105569959471593,0.39257064962656607,0.24297422194628168,-0.5172164143789005,36.77602501358497,35.56355,pointodyssey
snapshots/pointodyssey_steps100_pretrainedFalse_freezeFalse_2025_12_11_00_21,pointodyssey_steps100_pretrainedFalse_freezeFalse_2025_12_11_00_21,pointodyssey,steps,100,False,False,2025_12_11_00_21,spair,5000,10794.85,2.15897,5,0.0006376658773013244,0.12041113348616866,0.8795888665138314,0.4296341672615527,0.253888317954017,0.746111682045983,,,,0.9863914251327516,0.0372311100363731,,-7.357058245816752,-1.9885426017433765,1.988542601743377,-0.2833438940134807,-1.0779808196043372,1.0779808196043372,,,,-5.694561577659419,0.23902753947675237,1.3812778295595523,-0.4012356243509101,6.098305759566121,-0.751565111524938,5.16386575508627,2.15897,pointodyssey
snapshots/pointodyssey_steps100_pretrainedFalse_freezeFalse_2025_12_11_00_21,pointodyssey_steps100_pretrainedFalse_freezeFalse_2025_12_11_00_21,pointodyssey,steps,100,False,False,2025_12_11_00_21,tss,5000,72371.6,14.47432,5,0.00408117935157362,0.26365794011573784,0.7363420598842622,0.4141483238151876,0.3527509206069136,0.6472490793930864,,,,0.6731200218200684,0.0187124498188495,,-5.4972797454843345,-1.0270421843954707,1.0270421843954707,-0.34684246547917147,-0.6069689957653173,0.6069689957653173,,,,-3.862053786057634,1.027076337088412,1.2488764461337842,0.6817214881274376,3.499488859103417,-1.2355288252029275,30.4309411053449,14.47432,pointodyssey
snapshots/pointodyssey_steps100_pretrainedFalse_freezeFalse_2025_12_12_23_46,pointodyssey_steps100_pretrainedFalse_freezeFalse_2025_12_12_23_46,pointodyssey,steps,100,False,False,2025_12_12_23_46,flyingthings,5000,300564.85,60.11297,5,0.011720746075177535,0.4954926200048128,0.5045073799951871,0.3950082247167559,0.2794855929302831,0.7205144070697169,,,,0.6785438060760498,0.0284111928194761,,-4.43460486306964,-0.018030008399606005,0.018030008399605797,-0.42630827661320203,-0.9470146657726355,0.9470146657726354,,,,-2.8149613491806793,1.854065923075613,1.0831816425131815,-0.10011637296997447,3.544483142143159,-0.9820634219039335,47.512279565532396,60.11297,pointodyssey
snapshots/pointodyssey_steps100_pretrainedFalse_freezeFalse_2025_12_12_23_46,pointodyssey_steps100_pretrainedFalse_freezeFalse_2025_12_12_23_46,pointodyssey,steps,100,False,False,2025_12_12_23_46,kitti2012,5000,328431.4,65.68628000000001,5,0.04645995012679681,0.11872465304052665,0.8812753469594734,0.3816639411454963,0.14707171947490544,0.8529282805250946,,,,1.0156478881835938,0.053868368268013,,-3.021590773295423,-2.004563144168358,2.0045631441683582,-0.48249160802343133,-1.7577551094691022,1.7577551094691024,,,,-1.422666875031455,0.22589705199353693,0.9660333251183245,-1.964182380312961,6.341009657273637,-0.31676965739241014,43.44588682261379,65.68628000000001,pointodyssey
snapshots/pointodyssey_steps100_pretrainedFalse_freezeFalse_2025_12_12_23_46,pointodyssey_steps100_pretrainedFalse_freezeFalse_2025_12_12_23_46,pointodyssey,steps,100,False,False,2025_12_12_23_46,middlebury,5000,207275.25,41.45505,5,0.018953212297502166,0.23519000750179145,0.7648099924982086,0.36770262317897073,0.35509226882697453,0.6449077311730255,,,,0.5650716423988342,0.0374895259737968,,-3.946646720771826,-1.1792336971462953,1.1792336971462956,-0.5420852941243304,-0.5967295862251187,0.5967295862251186,,,,-2.3341583408781057,0.9023396895882474,0.8417740496563051,0.7052640847840485,2.6031480136313547,-0.7448117106157939,33.847827629461,41.45505,pointodyssey
snapshots/pointodyssey_steps100_pretrainedFalse_freezeFalse_2025_12_12_23_46,pointodyssey_steps100_pretrainedFalse_freezeFalse_2025_12_12_23_46,pointodyssey,steps,100,False,False,2025_12_12_23_46,pfpascal,5000,31813.549999999996,6.362709999999999,5,0.0038986585003528812,0.2381245539543177,0.7618754460456822,0.41915466822997605,0.17621831318750086,0.8237816868124992,,,,0.8396538496017456,0.0300277210772037,,-5.543216481207803,-1.1629892129717019,1.1629892129717017,-0.32624452263797765,-1.5421819094210212,1.5421819094210214,,,,-3.90731693224357,0.9156537204411097,1.2918253828570694,-1.4685333998925105,4.881009551899592,-0.9398173301410448,16.721418137522207,6.362709999999999,pointodyssey
snapshots/pointodyssey_steps100_pretrainedFalse_freezeFalse_2025_12_12_23_46,pointodyssey_steps100_pretrainedFalse_freezeFalse_2025_12_12_23_46,pointodyssey,steps,100,False,False,2025_12_12_23_46,pfwillow,5000,39622.24999999999,7.924449999999998,5,0.0032292982007029623,0.15228295424699248,0.8477170457530075,0.38011184849167895,0.3265369296798365,0.6734630703201635,,,,0.804984450340271,0.1024791523814201,,-5.732255917042604,-1.7168065762252145,1.7168065762252147,-0.48907351342446853,-0.7238901117916602,0.7238901117916602,,,,-4.093584403894286,0.46174324954167556,0.9523093410890818,0.41289478826329595,4.593401363674129,0.9536168245660296,20.18113398540132,7.924449999999998,pointodyssey
snapshots/pointodyssey_steps100_pretrainedFalse_freezeFalse_2025_12_12_23_46,pointodyssey_steps100_pretrainedFalse_freezeFalse_2025_12_12_23_46,pointodyssey,steps,100,False,False,2025_12_12_23_46,pointodyssey,5000,98539.5,19.7079,5,0.10896048940877356,0.15270063117932753,0.8472993688206725,0.2975566426125626,0.32459599663343575,0.6754040033665643,,,,0.2805671989917755,0.0461983606219291,,-2.1014034365573657,-1.7135747325980282,1.7135747325980282,-0.8589601657045158,-0.7327297135606865,0.7327297135606865,,,,-0.5159726294509277,0.4643920788489972,0.18105569959471593,0.39257064962656607,0.24297422194628168,-0.5172164143789005,36.77602501358497,19.7079,pointodyssey
snapshots/pointodyssey_steps100_pretrainedFalse_freezeFalse_2025_12_12_23_46,pointodyssey_steps100_pretrainedFalse_freezeFalse_2025_12_12_23_46,pointodyssey,steps,100,False,False,2025_12_12_23_46,spair,5000,10729.45,2.14589,5,0.0006376658773013244,0.12041113348616866,0.8795888665138314,0.4296341672615527,0.253888317954017,0.746111682045983,,,,0.9863914251327516,0.0372311100363731,,-7.357058245816752,-1.9885426017433765,1.988542601743377,-0.2833438940134807,-1.0779808196043372,1.0779808196043372,,,,-5.694561577659419,0.23902753947675237,1.3812778295595523,-0.4012356243509101,6.098305759566121,-0.751565111524938,5.16386575508627,2.14589,pointodyssey
snapshots/pointodyssey_steps100_pretrainedFalse_freezeFalse_2025_12_12_23_46,pointodyssey_steps100_pretrainedFalse_freezeFalse_2025_12_12_23_46,pointodyssey,steps,100,False,False,2025_12_12_23_46,tss,5000,76301.75,15.26035,5,0.00408117935157362,0.26365794011573784,0.7363420598842622,0.4141483238151876,0.3527509206069136,0.6472490793930864,,,,0.6731200218200684,0.0187124498188495,,-5.4972797454843345,-1.0270421843954707,1.0270421843954707,-0.34684246547917147,-0.6069689957653173,0.6069689957653173,,,,-3.862053786057634,1.027076337088412,1.2488764461337842,0.6817214881274376,3.499488859103417,-1.2355288252029275,30.4309411053449,15.26035,pointodyssey
snapshots/pointodyssey_steps100_pretrainedTrue_freezeFalse_2025_12_11_00_21,pointodyssey_steps100_pretrainedTrue_freezeFalse_2025_12_11_00_21,pointodyssey,steps,100,True,False,2025_12_11_00_21,flyingthings,5000,336081.4,67.21628,5,0.011720746075177535,0.4954926200048128,0.5045073799951871,0.3950082247167559,0.2794855929302831,0.7205144070697169,,,,0.6785438060760498,0.0284111928194761,,-4.43460486306964,-0.018030008399606005,0.018030008399605797,-0.42630827661320203,-0.9470146657726355,0.9470146657726354,,,,-2.8149613491806793,1.854065923075613,1.0831816425131815,-0.10011637296997447,3.544483142143159,-0.9820634219039335,47.512279565532396,67.21628,pointodyssey
snapshots/pointodyssey_steps100_pretrainedTrue_freezeFalse_2025_12_11_00_21,pointodyssey_steps100_pretrainedTrue_freezeFalse_2025_12_11_00_21,pointodyssey,steps,100,True,False,2025_12_11_00_21,kitti2012,5000,378099.1,75.61981999999999,5,0.04645995012679681,0.11872465304052665,0.8812753469594734,0.3816639411454963,0.14707171947490544,0.8529282805250946,,,,1.0156478881835938,0.053868368268013,,-3.021590773295423,-2.004563144168358,2.0045631441683582,-0.48249160802343133,-1.7577551094691022,1.7577551094691024,,,,-1.422666875031455,0.22589705199353693,0.9660333251183245,-1.964182380312961,6.341009657273637,-0.31676965739241014,43.44588682261379,75.61981999999999,pointodyssey
snapshots/pointodyssey_steps100_pretrainedTrue_freezeFalse_2025_12_11_00_21,pointodyssey_steps100_pretrainedTrue_freezeFalse_2025_12_11_00_21,pointodyssey,steps,100,True,False,2025_12_11_00_21,middlebury,5000,214391.19999999998,42.87824,5,0.018953212297502166,0.23519000750179145,0.7648099924982086,0.36770262317897073,0.35509226882697453,0.6449077311730255,,,,0.5650716423988342,0.0374895259737968,,-3.946646720771826,-1.1792336971462953,1.1792336971462956,-0.5420852941243304,-0.5967295862251187,0.5967295862251186,,,,-2.3341583408781057,0.9023396895882474,0.8417740496563051,0.7052640847840485,2.6031480136313547,-0.7448117106157939,33.847827629461,42.87824,pointodyssey
snapshots/pointodyssey_steps100_pretrainedTrue_freezeFalse_2025_12_11_00_21,pointodyssey_steps100_pretrainedTrue_freezeFalse_2025_12_11_00_21,pointodyssey,steps,100,True,False,2025_12_11_00_21,pfpascal,5000,126848.65,25.36973,5,0.0038986585003528812,0.2381245539543177,0.7618754460456822,0.41915466822997605,0.17621831318750086,0.8237816868124992,,,,0.8396538496017456,0.0300277210772037,,-5.543216481207803,-1.1629892129717019,1.1629892129717017,-0.32624452263797765,-1.5421819094210212,1.5421819094210214,,,,-3.90731693224357,0.9156537204411097,1.2918253828570694,-1.4685333998925105,4.881009551899592,-0.9398173301410448,16.721418137522207,25.36973,pointodyssey
snapshots/pointodyssey_steps100_pretrainedTrue_freezeFalse_2025_12_11_00_21,pointodyssey_steps100_pretrainedTrue_freezeFalse_2025_12_11_00_21,pointodyssey,steps,100,True,False,2025_12_11_00_21,pfwillow,5000,142144.4,28.42888,5,0.0032292982007029623,0.15228295424699248,0.8477170457530075,0.38011184849167895,0.3265369296798365,0.6734630703201635,,,,0.804984450340271,0.1024791523814201,,-5.732255917042604,-1.7168065762252145,1.7168065762252147,-0.48907351342446853,-0.7238901117916602,0.7238901117916602,,,,-4.093584403894286,0.46174324954167556,0.9523093410890818,0.41289478826329595,4.593401363674129,0.9536168245660296,20.18113398540132,28.42888,pointodyssey
snapshots/pointodyssey_steps100_pretrainedTrue_freezeFalse_2025_12_11_00_21,pointodyssey_steps100_pretrainedTrue_freezeFalse_2025_12_11_00_21,pointodyssey,steps,100,True,False,2025_12_11_00_21,pointodyssey,5000,130346.1,26.06922,5,0.10896048940877356,0.15270063117932753,0.8472993688206725,0.2975566426125626,0.32459599663343575,0.6754040033665643,,,,0.2805671989917755,0.0461983606219291,,-2.1014034365573657,-1.7135747325980282,1.7135747325980282,-0.8589601657045158,-0.7327297135606865,0.7327297135606865,,,,-0.5159726294509277,0.4643920788489972,0.18105569959471593,0.39257064962656607,0.24297422194628168,-0.5172164143789005,36.77602501358497,26.06922,pointodyssey
snapshots/pointodyssey_steps100_pretrainedTrue_freezeFalse_2025_12_11_00_21,pointodyssey_steps100_pretrainedTrue_freezeFalse_2025_12_11_00_21,pointodyssey,steps,100,True,False,2025_12_11_00_21,spair,5000,58347.1,11.66942,5,0.0006376658773013244,0.12041113348616866,0.8795888665138314,0.4296341672615527,0.253888317954017,0.746111682045983,,,,0.9863914251327516,0.0372311100363731,,-7.357058245816752,-1.9885426017433765,1.988542601743377,-0.2833438940134807,-1.0779808196043372,1.0779808196043372,,,,-5.694561577659419,0.23902753947675237,1.3812778295595523,-0.4012356243509101,6.098305759566121,-0.751565111524938,5.16386575508627,11.66942,pointodyssey
snapshots/pointodyssey_steps100_pretrainedTrue_freezeFalse_2025_12_11_00_21,pointodyssey_steps100_pretrainedTrue_freezeFalse_2025_12_11_00_21,pointodyssey,steps,100,True,False,2025_12_11_00_21,tss,5000,224271.75,44.85435,5,0.00408117935157362,0.26365794011573784,0.7363420598842622,0.4141483238151876,0.3527509206069136,0.6472490793930864,,,,0.6731200218200684,0.0187124498188495,,-5.4972797454843345,-1.0270421843954707,1.0270421843954707,-0.34684246547917147,-0.6069689957653173,0.6069689957653173,,,,-3.862053786057634,1.027076337088412,1.2488764461337842,0.6817214881274376,3.499488859103417,-1.2355288252029275,30.4309411053449,44.85435,pointodyssey
snapshots/pointodyssey_steps100_pretrainedTrue_freezeFalse_2025_12_12_23_45,pointodyssey_steps100_pretrainedTrue_freezeFalse_2025_12_12_23_45,pointodyssey,steps,100,True,False,2025_12_12_23_45,flyingthings,5000,304056.2,60.811240000000005,5,0.011720746075177535,0.4954926200048128,0.5045073799951871,0.3950082247167559,0.2794855929302831,0.7205144070697169,,,,0.6785438060760498,0.0284111928194761,,-4.43460486306964,-0.018030008399606005,0.018030008399605797,-0.42630827661320203,-0.9470146657726355,0.9470146657726354,,,,-2.8149613491806793,1.854065923075613,1.0831816425131815,-0.10011637296997447,3.544483142143159,-0.9820634219039335,47.512279565532396,60.811240000000005,pointodyssey
snapshots/pointodyssey_steps100_pretrainedTrue_freezeFalse_2025_12_12_23_45,pointodyssey_steps100_pretrainedTrue_freezeFalse_2025_12_12_23_45,pointodyssey,steps,100,True,False,2025_12_12_23_45,kitti2012,5000,332594.3,66.51886,5,0.04645995012679681,0.11872465304052665,0.8812753469594734,0.3816639411454963,0.14707171947490544,0.8529282805250946,,,,1.0156478881835938,0.053868368268013,,-3.021590773295423,-2.004563144168358,2.0045631441683582,-0.48249160802343133,-1.7577551094691022,1.7577551094691024,,,,-1.422666875031455,0.22589705199353693,0.9660333251183245,-1.964182380312961,6.341009657273637,-0.31676965739241014,43.44588682261379,66.51886,pointodyssey
snapshots/pointodyssey_steps100_pretrainedTrue_freezeFalse_2025_12_12_23_45,pointodyssey_steps100_pretrainedTrue_freezeFalse_2025_12_12_23_45,pointodyssey,steps,100,True,False,2025_12_12_23_45,middlebury,5000,206192.45,41.238490000000006,5,0.018953212297502166,0.23519000750179145,0.7648099924982086,0.36770262317897073,0.35509226882697453,0.6449077311730255,,,,0.5650716423988342,0.0374895259737968,,-3.946646720771826,-1.1792336971462953,1.1792336971462956,-0.5420852941243304,-0.5967295862251187,0.5967295862251186,,,,-2.3341583408781057,0.9023396895882474,0.8417740496563051,0.7052640847840485,2.6031480136313547,-0.7448117106157939,33.847827629461,41.238490000000006,pointodyssey
snapshots/pointodyssey_steps100_pretrainedTrue_freezeFalse_2025_12_12_23_45,pointodyssey_steps100_pretrainedTrue_freezeFalse_2025_12_12_23_45,pointodyssey,steps,100,True,False,2025_12_12_23_45,pfpascal,5000,90199.65000000001,18.039930000000002,5,0.0038986585003528812,0.2381245539543177,0.7618754460456822,0.41915466822997605,0.17621831318750086,0.8237816868124992,,,,0.8396538496017456,0.0300277210772037,,-5.543216481207803,-1.1629892129717019,1.1629892129717017,-0.32624452263797765,-1.5421819094210212,1.5421819094210214,,,,-3.90731693224357,0.9156537204411097,1.2918253828570694,-1.4685333998925105,4.881009551899592,-0.9398173301410448,16.721418137522207,18.039930000000002,pointodyssey
snapshots/pointodyssey_steps100_pretrainedTrue_freezeFalse_2025_12_12_23_45,pointodyssey_steps100_pretrainedTrue_freezeFalse_2025_12_12_23_45,pointodyssey,steps,100,True,False,2025_12_12_23_45,pfwillow,5000,109877.8,21.97556,5,0.0032292982007029623,0.15228295424699248,0.8477170457530075,0.38011184849167895,0.3265369296798365,0.6734630703201635,,,,0.804984450340271,0.1024791523814201,,-5.732255917042604,-1.7168065762252145,1.7168065762252147,-0.48907351342446853,-0.7238901117916602,0.7238901117916602,,,,-4.093584403894286,0.46174324954167556,0.9523093410890818,0.41289478826329595,4.593401363674129,0.9536168245660296,20.18113398540132,21.97556,pointodyssey
snapshots/pointodyssey_steps100_pretrainedTrue_freezeFalse_2025_12_12_23_45,pointodyssey_steps100_pretrainedTrue_freezeFalse_2025_12_12_23_45,pointodyssey,steps,100,True,False,2025_12_12_23_45,pointodyssey,5000,115114.75,23.02295,5,0.10896048940877356,0.15270063117932753,0.8472993688206725,0.2975566426125626,0.32459599663343575,0.6754040033665643,,,,0.2805671989917755,0.0461983606219291,,-2.1014034365573657,-1.7135747325980282,1.7135747325980282,-0.8589601657045158,-0.7327297135606865,0.7327297135606865,,,,-0.5159726294509277,0.4643920788489972,0.18105569959471593,0.39257064962656607,0.24297422194628168,-0.5172164143789005,36.77602501358497,23.02295,pointodyssey
snapshots/pointodyssey_steps100_pretrainedTrue_freezeFalse_2025_12_12_23_45,pointodyssey_steps100_pretrainedTrue_freezeFalse_2025_12_12_23_45,pointodyssey,steps,100,True,False,2025_12_12_23_45,spair,5000,43150.65,8.63013,5,0.0006376658773013244,0.12041113348616866,0.8795888665138314,0.4296341672615527,0.253888317954017,0.746111682045983,,,,0.9863914251327516,0.0372311100363731,,-7.357058245816752,-1.9885426017433765,1.988542601743377,-0.2833438940134807,-1.0779808196043372,1.0779808196043372,,,,-5.694561577659419,0.23902753947675237,1.3812778295595523,-0.4012356243509101,6.098305759566121,-0.751565111524938,5.16386575508627,8.63013,pointodyssey
snapshots/pointodyssey_steps100_pretrainedTrue_freezeFalse_2025_12_12_23_45,pointodyssey_steps100_pretrainedTrue_freezeFalse_2025_12_12_23_45,pointodyssey,steps,100,True,False,2025_12_12_23_45,tss,5000,177075.75,35.41515,5,0.00408117935157362,0.26365794011573784,0.7363420598842622,0.4141483238151876,0.3527509206069136,0.6472490793930864,,,,0.6731200218200684,0.0187124498188495,,-5.4972797454843345,-1.0270421843954707,1.0270421843954707,-0.34684246547917147,-0.6069689957653173,0.6069689957653173,,,,-3.862053786057634,1.027076337088412,1.2488764461337842,0.6817214881274376,3.499488859103417,-1.2355288252029275,30.4309411053449,35.41515,pointodyssey
snapshots/pointodyssey_steps100_pretrainedTrue_freezeTrue_2025_12_11_00_21,pointodyssey_steps100_pretrainedTrue_freezeTrue_2025_12_11_00_21,pointodyssey,steps,100,True,True,2025_12_11_00_21,flyingthings,5000,337347.85000000003,67.46957,5,0.011720746075177535,0.4954926200048128,0.5045073799951871,0.3950082247167559,0.2794855929302831,0.7205144070697169,,,,0.6785438060760498,0.0284111928194761,,-4.43460486306964,-0.018030008399606005,0.018030008399605797,-0.42630827661320203,-0.9470146657726355,0.9470146657726354,,,,-2.8149613491806793,1.854065923075613,1.0831816425131815,-0.10011637296997447,3.544483142143159,-0.9820634219039335,47.512279565532396,67.46957,pointodyssey
snapshots/pointodyssey_steps100_pretrainedTrue_freezeTrue_2025_12_11_00_21,pointodyssey_steps100_pretrainedTrue_freezeTrue_2025_12_11_00_21,pointodyssey,steps,100,True,True,2025_12_11_00_21,kitti2012,5000,380216.05000000005,76.04321000000002,5,0.04645995012679681,0.11872465304052665,0.8812753469594734,0.3816639411454963,0.14707171947490544,0.8529282805250946,,,,1.0156478881835938,0.053868368268013,,-3.021590773295423,-2.004563144168358,2.0045631441683582,-0.48249160802343133,-1.7577551094691022,1.7577551094691024,,,,-1.422666875031455,0.22589705199353693,0.9660333251183245,-1.964182380312961,6.341009657273637,-0.31676965739241014,43.44588682261379,76.04321000000002,pointodyssey
snapshots/pointodyssey_steps100_pretrainedTrue_freezeTrue_2025_12_11_00_21,pointodyssey_steps100_pretrainedTrue_freezeTrue_2025_12_11_00_21,pointodyssey,steps,100,True,True,2025_12_11_00_21,middlebury,5000,215656.95,43.13139,5,0.018953212297502166,0.23519000750179145,0.7648099924982086,0.36770262317897073,0.35509226882697453,0.6449077311730255,,,,0.5650716423988342,0.0374895259737968,,-3.946646720771826,-1.1792336971462953,1.1792336971462956,-0.5420852941243304,-0.5967295862251187,0.5967295862251186,,,,-2.3341583408781057,0.9023396895882474,0.8417740496563051,0.7052640847840485,2.6031480136313547,-0.7448117106157939,33.847827629461,43.13139,pointodyssey
snapshots/pointodyssey_steps100_pretrainedTrue_freezeTrue_2025_12_11_00_21,pointodyssey_steps100_pretrainedTrue_freezeTrue_2025_12_11_00_21,pointodyssey,steps,100,True,True,2025_12_11_00_21,pfpascal,5000,123183.35,24.636670000000002,5,0.0038986585003528812,0.2381245539543177,0.7618754460456822,0.41915466822997605,0.17621831318750086,0.8237816868124992,,,,0.8396538496017456,0.0300277210772037,,-5.543216481207803,-1.1629892129717019,1.1629892129717017,-0.32624452263797765,-1.5421819094210212,1.5421819094210214,,,,-3.90731693224357,0.9156537204411097,1.2918253828570694,-1.4685333998925105,4.881009551899592,-0.9398173301410448,16.721418137522207,24.636670000000002,pointodyssey
snapshots/pointodyssey_steps100_pretrainedTrue_freezeTrue_2025_12_11_00_21,pointodyssey_steps100_pretrainedTrue_freezeTrue_2025_12_11_00_21,pointodyssey,steps,100,True,True,2025_12_11_00_21,pfwillow,5000,131683.35,26.33667,5,0.0032292982007029623,0.15228295424699248,0.8477170457530075,0.38011184849167895,0.3265369296798365,0.6734630703201635,,,,0.804984450340271,0.1024791523814201,,-5.732255917042604,-1.7168065762252145,1.7168065762252147,-0.48907351342446853,-0.7238901117916602,0.7238901117916602,,,,-4.093584403894286,0.46174324954167556,0.9523093410890818,0.41289478826329595,4.593401363674129,0.9536168245660296,20.18113398540132,26.33667,pointodyssey
snapshots/pointodyssey_steps100_pretrainedTrue_freezeTrue_2025_12_11_00_21,pointodyssey_steps100_pretrainedTrue_freezeTrue_2025_12_11_00_21,pointodyssey,steps,100,True,True,2025_12_11_00_21,pointodyssey,5000,152033.35,30.406670000000002,5,0.10896048940877356,0.15270063117932753,0.8472993688206725,0.2975566426125626,0.32459599663343575,0.6754040033665643,,,,0.2805671989917755,0.0461983606219291,,-2.1014034365573657,-1.7135747325980282,1.7135747325980282,-0.8589601657045158,-0.7327297135606865,0.7327297135606865,,,,-0.5159726294509277,0.4643920788489972,0.18105569959471593,0.39257064962656607,0.24297422194628168,-0.5172164143789005,36.77602501358497,30.406670000000002,pointodyssey
snapshots/pointodyssey_steps100_pretrainedTrue_freezeTrue_2025_12_11_00_21,pointodyssey_steps100_pretrainedTrue_freezeTrue_2025_12_11_00_21,pointodyssey,steps,100,True,True,2025_12_11_00_21,spair,5000,60128.3,12.02566,5,0.0006376658773013244,0.12041113348616866,0.8795888665138314,0.4296341672615527,0.253888317954017,0.746111682045983,,,,0.9863914251327516,0.0372311100363731,,-7.357058245816752,-1.9885426017433765,1.988542601743377,-0.2833438940134807,-1.0779808196043372,1.0779808196043372,,,,-5.694561577659419,0.23902753947675237,1.3812778295595523,-0.4012356243509101,6.098305759566121,-0.751565111524938,5.16386575508627,12.02566,pointodyssey
snapshots/pointodyssey_steps100_pretrainedTrue_freezeTrue_2025_12_11_00_21,pointodyssey_steps100_pretrainedTrue_freezeTrue_2025_12_11_00_21,pointodyssey,steps,100,True,True,2025_12_11_00_21,tss,5000,206886.05,41.37721,5,0.00408117935157362,0.26365794011573784,0.7363420598842622,0.4141483238151876,0.3527509206069136,0.6472490793930864,,,,0.6731200218200684,0.0187124498188495,,-5.4972797454843345,-1.0270421843954707,1.0270421843954707,-0.34684246547917147,-0.6069689957653173,0.6069689957653173,,,,-3.862053786057634,1.027076337088412,1.2488764461337842,0.6817214881274376,3.499488859103417,-1.2355288252029275,30.4309411053449,41.37721,pointodyssey
snapshots/pointodyssey_steps100_pretrainedTrue_freezeTrue_2025_12_12_23_45,pointodyssey_steps100_pretrainedTrue_freezeTrue_2025_12_12_23_45,pointodyssey,steps,100,True,True,2025_12_12_23_45,flyingthings,5000,306208.35000000003,61.241670000000006,5,0.011720746075177535,0.4954926200048128,0.5045073799951871,0.3950082247167559,0.2794855929302831,0.7205144070697169,,,,0.6785438060760498,0.0284111928194761,,-4.43460486306964,-0.018030008399606005,0.018030008399605797,-0.42630827661320203,-0.9470146657726355,0.9470146657726354,,,,-2.8149613491806793,1.854065923075613,1.0831816425131815,-0.10011637296997447,3.544483142143159,-0.9820634219039335,47.512279565532396,61.241670000000006,pointodyssey
snapshots/pointodyssey_steps100_pretrainedTrue_freezeTrue_2025_12_12_23_45,pointodyssey_steps100_pretrainedTrue_freezeTrue_2025_12_12_23_45,pointodyssey,steps,100,True,True,2025_12_12_23_45,kitti2012,5000,372251.95,74.45039,5,0.04645995012679681,0.11872465304052665,0.8812753469594734,0.3816639411454963,0.14707171947490544,0.8529282805250946,,,,1.0156478881835938,0.053868368268013,,-3.021590773295423,-2.004563144168358,2.0045631441683582,-0.48249160802343133,-1.7577551094691022,1.7577551094691024,,,,-1.422666875031455,0.22589705199353693,0.9660333251183245,-1.964182380312961,6.341009657273637,-0.31676965739241014,43.44588682261379,74.45039,pointodyssey
snapshots/pointodyssey_steps100_pretrainedTrue_freezeTrue_2025_12_12_23_45,pointodyssey_steps100_pretrainedTrue_freezeTrue_2025_12_12_23_45,pointodyssey,steps,100,True,True,2025_12_12_23_45,middlebury,5000,207452.45,41.49049,5,0.018953212297502166,0.23519000750179145,0.7648099924982086,0.36770262317897073,0.35509226882697453,0.6449077311730255,,,,0.5650716423988342,0.0374895259737968,,-3.946646720771826,-1.1792336971462953,1.1792336971462956,-0.5420852941243304,-0.5967295862251187,0.5967295862251186,,,,-2.3341583408781057,0.9023396895882474,0.8417740496563051,0.7052640847840485,2.6031480136313547,-0.7448117106157939,33.847827629461,41.49049,pointodyssey
snapshots/pointodyssey_steps100_pretrainedTrue_freezeTrue_2025_12_12_23_45,pointodyssey_steps100_pretrainedTrue_freezeTrue_2025_12_12_23_45,pointodyssey,steps,100,True,True,2025_12_12_23_45,pfpascal,5000,88619.75,17.72395,5,0.0038986585003528812,0.2381245539543177,0.7618754460456822,0.41915466822997605,0.17621831318750086,0.8237816868124992,,,,0.8396538496017456,0.0300277210772037,,-5.543216481207803,-1.1629892129717019,1.1629892129717017,-0.32624452263797765,-1.5421819094210212,1.5421819094210214,,,,-3.90731693224357,0.9156537204411097,1.2918253828570694,-1.4685333998925105,4.881009551899592,-0.9398173301410448,16.721418137522207,17.72395,pointodyssey
snapshots/pointodyssey_steps100_pretrainedTrue_freezeTrue_2025_12_12_23_45,pointodyssey_steps100_pretrainedTrue_freezeTrue_2025_12_12_23_45,pointodyssey,steps,100,True,True,2025_12_12_23_45,pfwillow,5000,105777.85,21.15557,5,0.0032292982007029623,0.15228295424699248,0.8477170457530075,0.38011184849167895,0.3265369296798365,0.6734630703201635,,,,0.804984450340271,0.1024791523814201,,-5.732255917042604,-1.7168065762252145,1.7168065762252147,-0.48907351342446853,-0.7238901117916602,0.7238901117916602,,,,-4.093584403894286,0.46174324954167556,0.9523093410890818,0.41289478826329595,4.593401363674129,0.9536168245660296,20.18113398540132,21.15557,pointodyssey
snapshots/pointodyssey_steps100_pretrainedTrue_freezeTrue_2025_12_12_23_45,pointodyssey_steps100_pretrainedTrue_freezeTrue_2025_12_12_23_45,pointodyssey,steps,100,True,True,2025_12_12_23_45,pointodyssey,5000,139435.75,27.88715,5,0.10896048940877356,0.15270063117932753,0.8472993688206725,0.2975566426125626,0.32459599663343575,0.6754040033665643,,,,0.2805671989917755,0.0461983606219291,,-2.1014034365573657,-1.7135747325980282,1.7135747325980282,-0.8589601657045158,-0.7327297135606865,0.7327297135606865,,,,-0.5159726294509277,0.4643920788489972,0.18105569959471593,0.39257064962656607,0.24297422194628168,-0.5172164143789005,36.77602501358497,27.88715,pointodyssey
snapshots/pointodyssey_steps100_pretrainedTrue_freezeTrue_2025_12_12_23_45,pointodyssey_steps100_pretrainedTrue_freezeTrue_2025_12_12_23_45,pointodyssey,steps,100,True,True,2025_12_12_23_45,spair,5000,45422.549999999996,9.08451,5,0.0006376658773013244,0.12041113348616866,0.8795888665138314,0.4296341672615527,0.253888317954017,0.746111682045983,,,,0.9863914251327516,0.0372311100363731,,-7.357058245816752,-1.9885426017433765,1.988542601743377,-0.2833438940134807,-1.0779808196043372,1.0779808196043372,,,,-5.694561577659419,0.23902753947675237,1.3812778295595523,-0.4012356243509101,6.098305759566121,-0.751565111524938,5.16386575508627,9.08451,pointodyssey
snapshots/pointodyssey_steps100_pretrainedTrue_freezeTrue_2025_12_12_23_45,pointodyssey_steps100_pretrainedTrue_freezeTrue_2025_12_12_23_45,pointodyssey,steps,100,True,True,2025_12_12_23_45,tss,5000,171723.30000000002,34.344660000000005,5,0.00408117935157362,0.26365794011573784,0.7363420598842622,0.4141483238151876,0.3527509206069136,0.6472490793930864,,,,0.6731200218200684,0.0187124498188495,,-5.4972797454843345,-1.0270421843954707,1.0270421843954707,-0.34684246547917147,-0.6069689957653173,0.6069689957653173,,,,-3.862053786057634,1.027076337088412,1.2488764461337842,0.6817214881274376,3.499488859103417,-1.2355288252029275,30.4309411053449,34.344660000000005,pointodyssey
snapshots/sintel_logsteps100_pretrainedFalse_freezeFalse_2025_12_10_01_43,sintel_logsteps100_pretrainedFalse_freezeFalse_2025_12_10_01_43,sintel,logsteps,100,False,False,2025_12_10_01_43,flyingthings,5000,325180.0,65.036,5,0.10812714299753373,0.468138018718825,0.531861981281175,0.3725248745587929,0.3225590445824691,0.6774409554175309,,,,0.1390412896871566,0.018274150788784,,-2.110015800741889,-0.12762085776883011,0.12762085776883025,-0.5214002165599321,-0.7420361948261344,0.7420361948261345,,,,-0.09340214036735434,1.737154837783713,0.7920824094296105,0.4147047938941706,-0.8529848137252898,-1.2394411126453309,64.03254387388753,65.036,sintel
snapshots/sintel_logsteps100_pretrainedFalse_freezeFalse_2025_12_10_01_43,sintel_logsteps100_pretrainedFalse_freezeFalse_2025_12_10_01_43,sintel,logsteps,100,False,False,2025_12_10_01_43,kitti2012,5000,363928.55000000005,72.78571000000001,5,0.3548005013013994,0.188870355862029,0.811129644137971,0.38719408509935777,0.19648523014528918,0.8035147698547108,,,,0.3250104188919067,0.0135165369138121,,-0.5980039059331498,-1.4573670666066108,1.4573670666066105,-0.45912219143343314,-1.4084083030769141,1.4084083030769141,,,,0.8586309032307275,0.6577728439085294,0.9165092847796702,-1.0954752713821727,-0.03064569159299017,-1.3657652147508905,61.76778333169831,72.78571000000001,sintel
snapshots/sintel_logsteps100_pretrainedFalse_freezeFalse_2025_12_10_01_43,sintel_logsteps100_pretrainedFalse_freezeFalse_2025_12_10_01_43,sintel,logsteps,100,False,False,2025_12_10_01_43,middlebury,5000,208538.30000000002,41.707660000000004,5,0.11823366064867638,0.17187568083169086,0.8281243191683092,0.33184669997834976,0.38874618593677057,0.6112538140632294,,,,0.0531929060816764,0.0288142971694469,,-2.009264258046278,-1.5723918574223126,1.572391857422313,-0.6998445230326505,-0.45258562819566817,0.45258562819566805,,,,-0.029964281069403673,0.5644048860000485,0.43556391942756584,1.0706783410999716,-1.2325988104810712,-0.9595792822007007,41.83297822449462,41.707660000000004,sintel
snapshots/sintel_logsteps100_pretrainedFalse_freezeFalse_2025_12_10_01_43,sintel_logsteps100_pretrainedFalse_freezeFalse_2025_12_10_01_43,sintel,logsteps,100,False,False,2025_12_10_01_43,pfpascal,5000,50209.34999999999,10.041869999999998,5,0.05405219470489297,0.21534054772340172,0.7846594522765983,0.37423417313126783,0.18774258286105036,0.8122574171389496,,,,0.2253512740135193,0.0534295104444026,,-2.8622372450763245,-1.2930290869871848,1.2930290869871848,-0.5140944897877366,-1.4647455216402838,1.4647455216402836,,,,-0.5670357629388522,0.7911693183125221,0.8066787096908846,-1.223150699801363,-0.4713296592074143,-0.3059964575302148,19.388707110722375,10.041869999999998,sintel
snapshots/sintel_logsteps100_pretrainedFalse_freezeFalse_2025_12_10_01_43,sintel_logsteps100_pretrainedFalse_freezeFalse_2025_12_10_01_43,sintel,logsteps,100,False,False,2025_12_10_01_43,pfwillow,5000,66733.25,13.34665,5,0.03473077724219302,0.1123330881445904,0.8876669118554096,0.333279956984099,0.3485331913668394,0.6514668086331605,,,,0.3923173248767853,0.11776864528656,,-3.324780803675351,-2.067128114370155,2.067128114370155,-0.6933873837485317,-0.6254929828772969,0.6254929828772967,,,,-0.8582747098027069,0.16281742222871728,0.44846480482319423,0.6788233445496168,0.2669795229667204,1.4023354190729629,21.269793403394342,13.34665,sintel
snapshots/sintel_logsteps100_pretrainedFalse_freezeFalse_2025_12_10_01_43,sintel_logsteps100_pretrainedFalse_freezeFalse_2025_12_10_01_43,sintel,logsteps,100,False,False,2025_12_10_01_43,pointodyssey,5000,135520.8,27.104159999999997,5,0.35565003409432544,0.13344766619938758,0.8665523338006125,0.25651209243955897,0.3501068496322744,0.6498931503677257,,,,0.205006256699562,0.0429595969617366,,-0.594294806777311,-1.8708131166059687,1.8708131166059692,-1.0641766940452655,-0.6185695727702718,0.6185695727702719,,,,0.8609663246453766,0.3221702914499144,-0.2923447375429082,0.6945136710172235,-0.5612935351973157,-0.5839934649751467,39.465452350151615,27.104159999999997,sintel
snapshots/sintel_logsteps100_pretrainedFalse_freezeFalse_2025_12_10_01_43,sintel_logsteps100_pretrainedFalse_freezeFalse_2025_12_10_01_43,sintel,logsteps,100,False,False,2025_12_10_01_43,spair,5000,12916.6,2.58332,5,0.011343485210581416,0.1260945933108505,0.8739054066891495,0.3512253384115164,0.25650266867928134,0.7434973313207187,,,,0.3481242060661316,0.0865340828895568,,-4.467703376851496,-1.9359397736163793,1.9359397736163793,-0.6136574405118218,-1.0642261077826296,1.0642261077826296,,,,-1.577911942600717,0.2693056617701183,0.6077593182351217,-0.3154649982618174,0.0715614410385661,0.5729957220836165,2.973526164485982,2.58332,sintel
snapshots/sintel_logsteps100_pretrainedFalse_freezeFalse_2025_12_10_01_43,sintel_logsteps100_pretrainedFalse_freezeFalse_2025_12_10_01_43,sintel,logsteps,100,False,False,2025_12_10_01_43,tss,5000,110623.1,22.12462,5,0.06753539249013626,0.24880842167155007,0.75119157832845,0.3599667493838461,0.3681758873011539,0.6318241126988461,,,,0.1550674140453338,0.0444810017943382,,-2.625179402733594,-1.1049775074190094,1.1049775074190094,-0.5755084647300933,-0.5400502741140747,0.5400502741140747,,,,-0.4177731149866733,0.943814603222251,0.6839781425264183,0.8724597136289638,-0.7821187022784987,-0.5435971435274355,29.80477841335032,22.12462,sintel
snapshots/sintel_logsteps100_pretrainedFalse_freezeTrue_2025_12_10_01_43,sintel_logsteps100_pretrainedFalse_freezeTrue_2025_12_10_01_43,sintel,logsteps,100,False,True,2025_12_10_01_43,flyingthings,5000,314198.8,62.83976,5,0.10812714299753373,0.468138018718825,0.531861981281175,0.3725248745587929,0.3225590445824691,0.6774409554175309,,,,0.1390412896871566,0.018274150788784,,-2.110015800741889,-0.12762085776883011,0.12762085776883025,-0.5214002165599321,-0.7420361948261344,0.7420361948261345,,,,-0.09340214036735434,1.737154837783713,0.7920824094296105,0.4147047938941706,-0.8529848137252898,-1.2394411126453309,64.03254387388753,62.83976,sintel
snapshots/sintel_logsteps100_pretrainedFalse_freezeTrue_2025_12_10_01_43,sintel_logsteps100_pretrainedFalse_freezeTrue_2025_12_10_01_43,sintel,logsteps,100,False,True,2025_12_10_01_43,kitti2012,5000,356091.25,71.21825,5,0.3548005013013994,0.188870355862029,0.811129644137971,0.38719408509935777,0.19648523014528918,0.8035147698547108,,,,0.3250104188919067,0.0135165369138121,,-0.5980039059331498,-1.4573670666066108,1.4573670666066105,-0.45912219143343314,-1.4084083030769141,1.4084083030769141,,,,0.8586309032307275,0.6577728439085294,0.9165092847796702,-1.0954752713821727,-0.03064569159299017,-1.3657652147508905,61.76778333169831,71.21825,sintel
snapshots/sintel_logsteps100_pretrainedFalse_freezeTrue_2025_12_10_01_43,sintel_logsteps100_pretrainedFalse_freezeTrue_2025_12_10_01_43,sintel,logsteps,100,False,True,2025_12_10_01_43,middlebury,5000,202484.59999999998,40.496919999999996,5,0.11823366064867638,0.17187568083169086,0.8281243191683092,0.33184669997834976,0.38874618593677057,0.6112538140632294,,,,0.0531929060816764,0.0288142971694469,,-2.009264258046278,-1.5723918574223126,1.572391857422313,-0.6998445230326505,-0.45258562819566817,0.45258562819566805,,,,-0.029964281069403673,0.5644048860000485,0.43556391942756584,1.0706783410999716,-1.2325988104810712,-0.9595792822007007,41.83297822449462,40.496919999999996,sintel
snapshots/sintel_logsteps100_pretrainedFalse_freezeTrue_2025_12_10_01_43,sintel_logsteps100_pretrainedFalse_freezeTrue_2025_12_10_01_43,sintel,logsteps,100,False,True,2025_12_10_01_43,pfpascal,5000,52535.0,10.507,5,0.05405219470489297,0.21534054772340172,0.7846594522765983,0.37423417313126783,0.18774258286105036,0.8122574171389496,,,,0.2253512740135193,0.0534295104444026,,-2.8622372450763245,-1.2930290869871848,1.2930290869871848,-0.5140944897877366,-1.4647455216402838,1.4647455216402836,,,,-0.5670357629388522,0.7911693183125221,0.8066787096908846,-1.223150699801363,-0.4713296592074143,-0.3059964575302148,19.388707110722375,10.507,sintel
snapshots/sintel_logsteps100_pretrainedFalse_freezeTrue_2025_12_10_01_43,sintel_logsteps100_pretrainedFalse_freezeTrue_2025_12_10_01_43,sintel,logsteps,100,False,True,2025_12_10_01_43,pfwillow,5000,60250.05,12.05001,5,0.03473077724219302,0.1123330881445904,0.8876669118554096,0.333279956984099,0.3485331913668394,0.6514668086331605,,,,0.3923173248767853,0.11776864528656,,-3.324780803675351,-2.067128114370155,2.067128114370155,-0.6933873837485317,-0.6254929828772969,0.6254929828772967,,,,-0.8582747098027069,0.16281742222871728,0.44846480482319423,0.6788233445496168,0.2669795229667204,1.4023354190729629,21.269793403394342,12.05001,sintel
snapshots/sintel_logsteps100_pretrainedFalse_freezeTrue_2025_12_10_01_43,sintel_logsteps100_pretrainedFalse_freezeTrue_2025_12_10_01_43,sintel,logsteps,100,False,True,2025_12_10_01_43,pointodyssey,5000,125487.7,25.09754,5,0.35565003409432544,0.13344766619938758,0.8665523338006125,0.25651209243955897,0.3501068496322744,0.6498931503677257,,,,0.205006256699562,0.0429595969617366,,-0.594294806777311,-1.8708131166059687,1.8708131166059692,-1.0641766940452655,-0.6185695727702718,0.6185695727702719,,,,0.8609663246453766,0.3221702914499144,-0.2923447375429082,0.6945136710172235,-0.5612935351973157,-0.5839934649751467,39.465452350151615,25.09754,sintel
snapshots/sintel_logsteps100_pretrainedFalse_freezeTrue_2025_12_10_01_43,sintel_logsteps100_pretrainedFalse_freezeTrue_2025_12_10_01_43,sintel,logsteps,100,False,True,2025_12_10_01_43,spair,5000,12309.05,2.46181,5,0.011343485210581416,0.1260945933108505,0.8739054066891495,0.3512253384115164,0.25650266867928134,0.7434973313207187,,,,0.3481242060661316,0.0865340828895568,,-4.467703376851496,-1.9359397736163793,1.9359397736163793,-0.6136574405118218,-1.0642261077826296,1.0642261077826296,,,,-1.577911942600717,0.2693056617701183,0.6077593182351217,-0.3154649982618174,0.0715614410385661,0.5729957220836165,2.973526164485982,2.46181,sintel
snapshots/sintel_logsteps100_pretrainedFalse_freezeTrue_2025_12_10_01_43,sintel_logsteps100_pretrainedFalse_freezeTrue_2025_12_10_01_43,sintel,logsteps,100,False,True,2025_12_10_01_43,tss,5000,122741.35,24.548270000000002,5,0.06753539249013626,0.24880842167155007,0.75119157832845,0.3599667493838461,0.3681758873011539,0.6318241126988461,,,,0.1550674140453338,0.0444810017943382,,-2.625179402733594,-1.1049775074190094,1.1049775074190094,-0.5755084647300933,-0.5400502741140747,0.5400502741140747,,,,-0.4177731149866733,0.943814603222251,0.6839781425264183,0.8724597136289638,-0.7821187022784987,-0.5435971435274355,29.80477841335032,24.548270000000002,sintel
snapshots/sintel_logsteps100_pretrainedTrue_freezeFalse_2025_12_10_01_43,sintel_logsteps100_pretrainedTrue_freezeFalse_2025_12_10_01_43,sintel,logsteps,100,True,False,2025_12_10_01_43,flyingthings,5000,357374.75,71.47495,5,0.10812714299753373,0.468138018718825,0.531861981281175,0.3725248745587929,0.3225590445824691,0.6774409554175309,,,,0.1390412896871566,0.018274150788784,,-2.110015800741889,-0.12762085776883011,0.12762085776883025,-0.5214002165599321,-0.7420361948261344,0.7420361948261345,,,,-0.09340214036735434,1.737154837783713,0.7920824094296105,0.4147047938941706,-0.8529848137252898,-1.2394411126453309,64.03254387388753,71.47495,sintel
snapshots/sintel_logsteps100_pretrainedTrue_freezeFalse_2025_12_10_01_43,sintel_logsteps100_pretrainedTrue_freezeFalse_2025_12_10_01_43,sintel,logsteps,100,True,False,2025_12_10_01_43,kitti2012,5000,391073.35,78.21467,5,0.3548005013013994,0.188870355862029,0.811129644137971,0.38719408509935777,0.19648523014528918,0.8035147698547108,,,,0.3250104188919067,0.0135165369138121,,-0.5980039059331498,-1.4573670666066108,1.4573670666066105,-0.45912219143343314,-1.4084083030769141,1.4084083030769141,,,,0.8586309032307275,0.6577728439085294,0.9165092847796702,-1.0954752713821727,-0.03064569159299017,-1.3657652147508905,61.76778333169831,78.21467,sintel
snapshots/sintel_logsteps100_pretrainedTrue_freezeFalse_2025_12_10_01_43,sintel_logsteps100_pretrainedTrue_freezeFalse_2025_12_10_01_43,sintel,logsteps,100,True,False,2025_12_10_01_43,middlebury,5000,212547.4,42.509479999999996,5,0.11823366064867638,0.17187568083169086,0.8281243191683092,0.33184669997834976,0.38874618593677057,0.6112538140632294,,,,0.0531929060816764,0.0288142971694469,,-2.009264258046278,-1.5723918574223126,1.572391857422313,-0.6998445230326505,-0.45258562819566817,0.45258562819566805,,,,-0.029964281069403673,0.5644048860000485,0.43556391942756584,1.0706783410999716,-1.2325988104810712,-0.9595792822007007,41.83297822449462,42.509479999999996,sintel
snapshots/sintel_logsteps100_pretrainedTrue_freezeFalse_2025_12_10_01_43,sintel_logsteps100_pretrainedTrue_freezeFalse_2025_12_10_01_43,sintel,logsteps,100,True,False,2025_12_10_01_43,pfpascal,5000,166520.15,33.30403,5,0.05405219470489297,0.21534054772340172,0.7846594522765983,0.37423417313126783,0.18774258286105036,0.8122574171389496,,,,0.2253512740135193,0.0534295104444026,,-2.8622372450763245,-1.2930290869871848,1.2930290869871848,-0.5140944897877366,-1.4647455216402838,1.4647455216402836,,,,-0.5670357629388522,0.7911693183125221,0.8066787096908846,-1.223150699801363,-0.4713296592074143,-0.3059964575302148,19.388707110722375,33.30403,sintel
snapshots/sintel_logsteps100_pretrainedTrue_freezeFalse_2025_12_10_01_43,sintel_logsteps100_pretrainedTrue_freezeFalse_2025_12_10_01_43,sintel,logsteps,100,True,False,2025_12_10_01_43,pfwillow,5000,182922.25,36.58445,5,0.03473077724219302,0.1123330881445904,0.8876669118554096,0.333279956984099,0.3485331913668394,0.6514668086331605,,,,0.3923173248767853,0.11776864528656,,-3.324780803675351,-2.067128114370155,2.067128114370155,-0.6933873837485317,-0.6254929828772969,0.6254929828772967,,,,-0.8582747098027069,0.16281742222871728,0.44846480482319423,0.6788233445496168,0.2669795229667204,1.4023354190729629,21.269793403394342,36.58445,sintel
snapshots/sintel_logsteps100_pretrainedTrue_freezeFalse_2025_12_10_01_43,sintel_logsteps100_pretrainedTrue_freezeFalse_2025_12_10_01_43,sintel,logsteps,100,True,False,2025_12_10_01_43,pointodyssey,5000,232146.69999999995,46.42933999999999,5,0.35565003409432544,0.13344766619938758,0.8665523338006125,0.25651209243955897,0.3501068496322744,0.6498931503677257,,,,0.205006256699562,0.0429595969617366,,-0.594294806777311,-1.8708131166059687,1.8708131166059692,-1.0641766940452655,-0.6185695727702718,0.6185695727702719,,,,0.8609663246453766,0.3221702914499144,-0.2923447375429082,0.6945136710172235,-0.5612935351973157,-0.5839934649751467,39.465452350151615,46.42933999999999,sintel
snapshots/sintel_logsteps100_pretrainedTrue_freezeFalse_2025_12_10_01_43,sintel_logsteps100_pretrainedTrue_freezeFalse_2025_12_10_01_43,sintel,logsteps,100,True,False,2025_12_10_01_43,spair,5000,66678.45,13.33569,5,0.011343485210581416,0.1260945933108505,0.8739054066891495,0.3512253384115164,0.25650266867928134,0.7434973313207187,,,,0.3481242060661316,0.0865340828895568,,-4.467703376851496,-1.9359397736163793,1.9359397736163793,-0.6136574405118218,-1.0642261077826296,1.0642261077826296,,,,-1.577911942600717,0.2693056617701183,0.6077593182351217,-0.3154649982618174,0.0715614410385661,0.5729957220836165,2.973526164485982,13.33569,sintel
snapshots/sintel_logsteps100_pretrainedTrue_freezeFalse_2025_12_10_01_43,sintel_logsteps100_pretrainedTrue_freezeFalse_2025_12_10_01_43,sintel,logsteps,100,True,False,2025_12_10_01_43,tss,5000,254948.4,50.98968,5,0.06753539249013626,0.24880842167155007,0.75119157832845,0.3599667493838461,0.3681758873011539,0.6318241126988461,,,,0.1550674140453338,0.0444810017943382,,-2.625179402733594,-1.1049775074190094,1.1049775074190094,-0.5755084647300933,-0.5400502741140747,0.5400502741140747,,,,-0.4177731149866733,0.943814603222251,0.6839781425264183,0.8724597136289638,-0.7821187022784987,-0.5435971435274355,29.80477841335032,50.98968,sintel
snapshots/sintel_logsteps100_pretrainedTrue_freezeTrue_2025_12_10_01_43,sintel_logsteps100_pretrainedTrue_freezeTrue_2025_12_10_01_43,sintel,logsteps,100,True,True,2025_12_10_01_43,flyingthings,5000,357179.25,71.43585,5,0.10812714299753373,0.468138018718825,0.531861981281175,0.3725248745587929,0.3225590445824691,0.6774409554175309,,,,0.1390412896871566,0.018274150788784,,-2.110015800741889,-0.12762085776883011,0.12762085776883025,-0.5214002165599321,-0.7420361948261344,0.7420361948261345,,,,-0.09340214036735434,1.737154837783713,0.7920824094296105,0.4147047938941706,-0.8529848137252898,-1.2394411126453309,64.03254387388753,71.43585,sintel
snapshots/sintel_logsteps100_pretrainedTrue_freezeTrue_2025_12_10_01_43,sintel_logsteps100_pretrainedTrue_freezeTrue_2025_12_10_01_43,sintel,logsteps,100,True,True,2025_12_10_01_43,kitti2012,5000,390115.75,78.02315,5,0.3548005013013994,0.188870355862029,0.811129644137971,0.38719408509935777,0.19648523014528918,0.8035147698547108,,,,0.3250104188919067,0.0135165369138121,,-0.5980039059331498,-1.4573670666066108,1.4573670666066105,-0.45912219143343314,-1.4084083030769141,1.4084083030769141,,,,0.8586309032307275,0.6577728439085294,0.9165092847796702,-1.0954752713821727,-0.03064569159299017,-1.3657652147508905,61.76778333169831,78.02315,sintel
snapshots/sintel_logsteps100_pretrainedTrue_freezeTrue_2025_12_10_01_43,sintel_logsteps100_pretrainedTrue_freezeTrue_2025_12_10_01_43,sintel,logsteps,100,True,True,2025_12_10_01_43,middlebury,5000,208266.05,41.653209999999994,5,0.11823366064867638,0.17187568083169086,0.8281243191683092,0.33184669997834976,0.38874618593677057,0.6112538140632294,,,,0.0531929060816764,0.0288142971694469,,-2.009264258046278,-1.5723918574223126,1.572391857422313,-0.6998445230326505,-0.45258562819566817,0.45258562819566805,,,,-0.029964281069403673,0.5644048860000485,0.43556391942756584,1.0706783410999716,-1.2325988104810712,-0.9595792822007007,41.83297822449462,41.653209999999994,sintel
snapshots/sintel_logsteps100_pretrainedTrue_freezeTrue_2025_12_10_01_43,sintel_logsteps100_pretrainedTrue_freezeTrue_2025_12_10_01_43,sintel,logsteps,100,True,True,2025_12_10_01_43,pfpascal,5000,174982.1,34.99642,5,0.05405219470489297,0.21534054772340172,0.7846594522765983,0.37423417313126783,0.18774258286105036,0.8122574171389496,,,,0.2253512740135193,0.0534295104444026,,-2.8622372450763245,-1.2930290869871848,1.2930290869871848,-0.5140944897877366,-1.4647455216402838,1.4647455216402836,,,,-0.5670357629388522,0.7911693183125221,0.8066787096908846,-1.223150699801363,-0.4713296592074143,-0.3059964575302148,19.388707110722375,34.99642,sintel
snapshots/sintel_logsteps100_pretrainedTrue_freezeTrue_2025_12_10_01_43,sintel_logsteps100_pretrainedTrue_freezeTrue_2025_12_10_01_43,sintel,logsteps,100,True,True,2025_12_10_01_43,pfwillow,5000,194961.1,38.99222,5,0.03473077724219302,0.1123330881445904,0.8876669118554096,0.333279956984099,0.3485331913668394,0.6514668086331605,,,,0.3923173248767853,0.11776864528656,,-3.324780803675351,-2.067128114370155,2.067128114370155,-0.6933873837485317,-0.6254929828772969,0.6254929828772967,,,,-0.8582747098027069,0.16281742222871728,0.44846480482319423,0.6788233445496168,0.2669795229667204,1.4023354190729629,21.269793403394342,38.99222,sintel
snapshots/sintel_logsteps100_pretrainedTrue_freezeTrue_2025_12_10_01_43,sintel_logsteps100_pretrainedTrue_freezeTrue_2025_12_10_01_43,sintel,logsteps,100,True,True,2025_12_10_01_43,pointodyssey,5000,182455.9,36.49118,5,0.35565003409432544,0.13344766619938758,0.8665523338006125,0.25651209243955897,0.3501068496322744,0.6498931503677257,,,,0.205006256699562,0.0429595969617366,,-0.594294806777311,-1.8708131166059687,1.8708131166059692,-1.0641766940452655,-0.6185695727702718,0.6185695727702719,,,,0.8609663246453766,0.3221702914499144,-0.2923447375429082,0.6945136710172235,-0.5612935351973157,-0.5839934649751467,39.465452350151615,36.49118,sintel
snapshots/sintel_logsteps100_pretrainedTrue_freezeTrue_2025_12_10_01_43,sintel_logsteps100_pretrainedTrue_freezeTrue_2025_12_10_01_43,sintel,logsteps,100,True,True,2025_12_10_01_43,spair,5000,68421.45000000001,13.684290000000003,5,0.011343485210581416,0.1260945933108505,0.8739054066891495,0.3512253384115164,0.25650266867928134,0.7434973313207187,,,,0.3481242060661316,0.0865340828895568,,-4.467703376851496,-1.9359397736163793,1.9359397736163793,-0.6136574405118218,-1.0642261077826296,1.0642261077826296,,,,-1.577911942600717,0.2693056617701183,0.6077593182351217,-0.3154649982618174,0.0715614410385661,0.5729957220836165,2.973526164485982,13.684290000000003,sintel
snapshots/sintel_logsteps100_pretrainedTrue_freezeTrue_2025_12_10_01_43,sintel_logsteps100_pretrainedTrue_freezeTrue_2025_12_10_01_43,sintel,logsteps,100,True,True,2025_12_10_01_43,tss,5000,255510.80000000002,51.102160000000005,5,0.06753539249013626,0.24880842167155007,0.75119157832845,0.3599667493838461,0.3681758873011539,0.6318241126988461,,,,0.1550674140453338,0.0444810017943382,,-2.625179402733594,-1.1049775074190094,1.1049775074190094,-0.5755084647300933,-0.5400502741140747,0.5400502741140747,,,,-0.4177731149866733,0.943814603222251,0.6839781425264183,0.8724597136289638,-0.7821187022784987,-0.5435971435274355,29.80477841335032,51.102160000000005,sintel
snapshots/sintel_steps100_pretrainedFalse_freezeFalse_2025_12_10_17_12,sintel_steps100_pretrainedFalse_freezeFalse_2025_12_10_17_12,sintel,steps,100,False,False,2025_12_10_17_12,flyingthings,5000,316365.0,63.273,5,0.10812714299753373,0.468138018718825,0.531861981281175,0.3725248745587929,0.3225590445824691,0.6774409554175309,,,,0.1390412896871566,0.018274150788784,,-2.110015800741889,-0.12762085776883011,0.12762085776883025,-0.5214002165599321,-0.7420361948261344,0.7420361948261345,,,,-0.09340214036735434,1.737154837783713,0.7920824094296105,0.4147047938941706,-0.8529848137252898,-1.2394411126453309,64.03254387388753,63.273,sintel
snapshots/sintel_steps100_pretrainedFalse_freezeFalse_2025_12_10_17_12,sintel_steps100_pretrainedFalse_freezeFalse_2025_12_10_17_12,sintel,steps,100,False,False,2025_12_10_17_12,kitti2012,5000,351642.9,70.32858,5,0.3548005013013994,0.188870355862029,0.811129644137971,0.38719408509935777,0.19648523014528918,0.8035147698547108,,,,0.3250104188919067,0.0135165369138121,,-0.5980039059331498,-1.4573670666066108,1.4573670666066105,-0.45912219143343314,-1.4084083030769141,1.4084083030769141,,,,0.8586309032307275,0.6577728439085294,0.9165092847796702,-1.0954752713821727,-0.03064569159299017,-1.3657652147508905,61.76778333169831,70.32858,sintel
snapshots/sintel_steps100_pretrainedFalse_freezeFalse_2025_12_10_17_12,sintel_steps100_pretrainedFalse_freezeFalse_2025_12_10_17_12,sintel,steps,100,False,False,2025_12_10_17_12,middlebury,5000,200376.09999999998,40.075219999999995,5,0.11823366064867638,0.17187568083169086,0.8281243191683092,0.33184669997834976,0.38874618593677057,0.6112538140632294,,,,0.0531929060816764,0.0288142971694469,,-2.009264258046278,-1.5723918574223126,1.572391857422313,-0.6998445230326505,-0.45258562819566817,0.45258562819566805,,,,-0.029964281069403673,0.5644048860000485,0.43556391942756584,1.0706783410999716,-1.2325988104810712,-0.9595792822007007,41.83297822449462,40.075219999999995,sintel
snapshots/sintel_steps100_pretrainedFalse_freezeFalse_2025_12_10_17_12,sintel_steps100_pretrainedFalse_freezeFalse_2025_12_10_17_12,sintel,steps,100,False,False,2025_12_10_17_12,pfpascal,5000,49278.45,9.85569,5,0.05405219470489297,0.21534054772340172,0.7846594522765983,0.37423417313126783,0.18774258286105036,0.8122574171389496,,,,0.2253512740135193,0.0534295104444026,,-2.8622372450763245,-1.2930290869871848,1.2930290869871848,-0.5140944897877366,-1.4647455216402838,1.4647455216402836,,,,-0.5670357629388522,0.7911693183125221,0.8066787096908846,-1.223150699801363,-0.4713296592074143,-0.3059964575302148,19.388707110722375,9.85569,sintel
snapshots/sintel_steps100_pretrainedFalse_freezeFalse_2025_12_10_17_12,sintel_steps100_pretrainedFalse_freezeFalse_2025_12_10_17_12,sintel,steps,100,False,False,2025_12_10_17_12,pfwillow,5000,62316.65,12.463330000000001,5,0.03473077724219302,0.1123330881445904,0.8876669118554096,0.333279956984099,0.3485331913668394,0.6514668086331605,,,,0.3923173248767853,0.11776864528656,,-3.324780803675351,-2.067128114370155,2.067128114370155,-0.6933873837485317,-0.6254929828772969,0.6254929828772967,,,,-0.8582747098027069,0.16281742222871728,0.44846480482319423,0.6788233445496168,0.2669795229667204,1.4023354190729629,21.269793403394342,12.463330000000001,sintel
snapshots/sintel_steps100_pretrainedFalse_freezeFalse_2025_12_10_17_12,sintel_steps100_pretrainedFalse_freezeFalse_2025_12_10_17_12,sintel,steps,100,False,False,2025_12_10_17_12,pointodyssey,5000,115307.35,23.06147,5,0.35565003409432544,0.13344766619938758,0.8665523338006125,0.25651209243955897,0.3501068496322744,0.6498931503677257,,,,0.205006256699562,0.0429595969617366,,-0.594294806777311,-1.8708131166059687,1.8708131166059692,-1.0641766940452655,-0.6185695727702718,0.6185695727702719,,,,0.8609663246453766,0.3221702914499144,-0.2923447375429082,0.6945136710172235,-0.5612935351973157,-0.5839934649751467,39.465452350151615,23.06147,sintel
snapshots/sintel_steps100_pretrainedFalse_freezeFalse_2025_12_10_17_12,sintel_steps100_pretrainedFalse_freezeFalse_2025_12_10_17_12,sintel,steps,100,False,False,2025_12_10_17_12,spair,5000,13447.55,2.68951,5,0.011343485210581416,0.1260945933108505,0.8739054066891495,0.3512253384115164,0.25650266867928134,0.7434973313207187,,,,0.3481242060661316,0.0865340828895568,,-4.467703376851496,-1.9359397736163793,1.9359397736163793,-0.6136574405118218,-1.0642261077826296,1.0642261077826296,,,,-1.577911942600717,0.2693056617701183,0.6077593182351217,-0.3154649982618174,0.0715614410385661,0.5729957220836165,2.973526164485982,2.68951,sintel
snapshots/sintel_steps100_pretrainedFalse_freezeFalse_2025_12_10_17_12,sintel_steps100_pretrainedFalse_freezeFalse_2025_12_10_17_12,sintel,steps,100,False,False,2025_12_10_17_12,tss,5000,106085.1,21.21702,5,0.06753539249013626,0.24880842167155007,0.75119157832845,0.3599667493838461,0.3681758873011539,0.6318241126988461,,,,0.1550674140453338,0.0444810017943382,,-2.625179402733594,-1.1049775074190094,1.1049775074190094,-0.5755084647300933,-0.5400502741140747,0.5400502741140747,,,,-0.4177731149866733,0.943814603222251,0.6839781425264183,0.8724597136289638,-0.7821187022784987,-0.5435971435274355,29.80477841335032,21.21702,sintel
snapshots/sintel_steps100_pretrainedFalse_freezeFalse_2025_12_12_11_45,sintel_steps100_pretrainedFalse_freezeFalse_2025_12_12_11_45,sintel,steps,100,False,False,2025_12_12_11_45,flyingthings,5000,318218.6,63.643719999999995,5,0.10812714299753373,0.468138018718825,0.531861981281175,0.3725248745587929,0.3225590445824691,0.6774409554175309,,,,0.1390412896871566,0.018274150788784,,-2.110015800741889,-0.12762085776883011,0.12762085776883025,-0.5214002165599321,-0.7420361948261344,0.7420361948261345,,,,-0.09340214036735434,1.737154837783713,0.7920824094296105,0.4147047938941706,-0.8529848137252898,-1.2394411126453309,64.03254387388753,63.643719999999995,sintel
snapshots/sintel_steps100_pretrainedFalse_freezeFalse_2025_12_12_11_45,sintel_steps100_pretrainedFalse_freezeFalse_2025_12_12_11_45,sintel,steps,100,False,False,2025_12_12_11_45,kitti2012,5000,356875.8,71.37516,5,0.3548005013013994,0.188870355862029,0.811129644137971,0.38719408509935777,0.19648523014528918,0.8035147698547108,,,,0.3250104188919067,0.0135165369138121,,-0.5980039059331498,-1.4573670666066108,1.4573670666066105,-0.45912219143343314,-1.4084083030769141,1.4084083030769141,,,,0.8586309032307275,0.6577728439085294,0.9165092847796702,-1.0954752713821727,-0.03064569159299017,-1.3657652147508905,61.76778333169831,71.37516,sintel
snapshots/sintel_steps100_pretrainedFalse_freezeFalse_2025_12_12_11_45,sintel_steps100_pretrainedFalse_freezeFalse_2025_12_12_11_45,sintel,steps,100,False,False,2025_12_12_11_45,middlebury,5000,201216.9,40.24338,5,0.11823366064867638,0.17187568083169086,0.8281243191683092,0.33184669997834976,0.38874618593677057,0.6112538140632294,,,,0.0531929060816764,0.0288142971694469,,-2.009264258046278,-1.5723918574223126,1.572391857422313,-0.6998445230326505,-0.45258562819566817,0.45258562819566805,,,,-0.029964281069403673,0.5644048860000485,0.43556391942756584,1.0706783410999716,-1.2325988104810712,-0.9595792822007007,41.83297822449462,40.24338,sintel
snapshots/sintel_steps100_pretrainedFalse_freezeFalse_2025_12_12_11_45,sintel_steps100_pretrainedFalse_freezeFalse_2025_12_12_11_45,sintel,steps,100,False,False,2025_12_12_11_45,pfpascal,5000,51481.1,10.29622,5,0.05405219470489297,0.21534054772340172,0.7846594522765983,0.37423417313126783,0.18774258286105036,0.8122574171389496,,,,0.2253512740135193,0.0534295104444026,,-2.8622372450763245,-1.2930290869871848,1.2930290869871848,-0.5140944897877366,-1.4647455216402838,1.4647455216402836,,,,-0.5670357629388522,0.7911693183125221,0.8066787096908846,-1.223150699801363,-0.4713296592074143,-0.3059964575302148,19.388707110722375,10.29622,sintel
snapshots/sintel_steps100_pretrainedFalse_freezeFalse_2025_12_12_11_45,sintel_steps100_pretrainedFalse_freezeFalse_2025_12_12_11_45,sintel,steps,100,False,False,2025_12_12_11_45,pfwillow,5000,67238.85,13.447770000000002,5,0.03473077724219302,0.1123330881445904,0.8876669118554096,0.333279956984099,0.3485331913668394,0.6514668086331605,,,,0.3923173248767853,0.11776864528656,,-3.324780803675351,-2.067128114370155,2.067128114370155,-0.6933873837485317,-0.6254929828772969,0.6254929828772967,,,,-0.8582747098027069,0.16281742222871728,0.44846480482319423,0.6788233445496168,0.2669795229667204,1.4023354190729629,21.269793403394342,13.447770000000002,sintel
snapshots/sintel_steps100_pretrainedFalse_freezeFalse_2025_12_12_11_45,sintel_steps100_pretrainedFalse_freezeFalse_2025_12_12_11_45,sintel,steps,100,False,False,2025_12_12_11_45,pointodyssey,5000,145125.1,29.02502,5,0.35565003409432544,0.13344766619938758,0.8665523338006125,0.25651209243955897,0.3501068496322744,0.6498931503677257,,,,0.205006256699562,0.0429595969617366,,-0.594294806777311,-1.8708131166059687,1.8708131166059692,-1.0641766940452655,-0.6185695727702718,0.6185695727702719,,,,0.8609663246453766,0.3221702914499144,-0.2923447375429082,0.6945136710172235,-0.5612935351973157,-0.5839934649751467,39.465452350151615,29.02502,sintel
snapshots/sintel_steps100_pretrainedFalse_freezeFalse_2025_12_12_11_45,sintel_steps100_pretrainedFalse_freezeFalse_2025_12_12_11_45,sintel,steps,100,False,False,2025_12_12_11_45,spair,5000,13439.25,2.68785,5,0.011343485210581416,0.1260945933108505,0.8739054066891495,0.3512253384115164,0.25650266867928134,0.7434973313207187,,,,0.3481242060661316,0.0865340828895568,,-4.467703376851496,-1.9359397736163793,1.9359397736163793,-0.6136574405118218,-1.0642261077826296,1.0642261077826296,,,,-1.577911942600717,0.2693056617701183,0.6077593182351217,-0.3154649982618174,0.0715614410385661,0.5729957220836165,2.973526164485982,2.68785,sintel
snapshots/sintel_steps100_pretrainedFalse_freezeFalse_2025_12_12_11_45,sintel_steps100_pretrainedFalse_freezeFalse_2025_12_12_11_45,sintel,steps,100,False,False,2025_12_12_11_45,tss,5000,109381.45000000001,21.87629,5,0.06753539249013626,0.24880842167155007,0.75119157832845,0.3599667493838461,0.3681758873011539,0.6318241126988461,,,,0.1550674140453338,0.0444810017943382,,-2.625179402733594,-1.1049775074190094,1.1049775074190094,-0.5755084647300933,-0.5400502741140747,0.5400502741140747,,,,-0.4177731149866733,0.943814603222251,0.6839781425264183,0.8724597136289638,-0.7821187022784987,-0.5435971435274355,29.80477841335032,21.87629,sintel
snapshots/sintel_steps100_pretrainedTrue_freezeFalse_2025_12_10_12_22,sintel_steps100_pretrainedTrue_freezeFalse_2025_12_10_12_22,sintel,steps,100,True,False,2025_12_10_12_22,flyingthings,5000,357616.30000000005,71.52326000000001,5,0.10812714299753373,0.468138018718825,0.531861981281175,0.3725248745587929,0.3225590445824691,0.6774409554175309,,,,0.1390412896871566,0.018274150788784,,-2.110015800741889,-0.12762085776883011,0.12762085776883025,-0.5214002165599321,-0.7420361948261344,0.7420361948261345,,,,-0.09340214036735434,1.737154837783713,0.7920824094296105,0.4147047938941706,-0.8529848137252898,-1.2394411126453309,64.03254387388753,71.52326000000001,sintel
snapshots/sintel_steps100_pretrainedTrue_freezeFalse_2025_12_10_12_22,sintel_steps100_pretrainedTrue_freezeFalse_2025_12_10_12_22,sintel,steps,100,True,False,2025_12_10_12_22,kitti2012,5000,390102.9,78.02058000000001,5,0.3548005013013994,0.188870355862029,0.811129644137971,0.38719408509935777,0.19648523014528918,0.8035147698547108,,,,0.3250104188919067,0.0135165369138121,,-0.5980039059331498,-1.4573670666066108,1.4573670666066105,-0.45912219143343314,-1.4084083030769141,1.4084083030769141,,,,0.8586309032307275,0.6577728439085294,0.9165092847796702,-1.0954752713821727,-0.03064569159299017,-1.3657652147508905,61.76778333169831,78.02058000000001,sintel
snapshots/sintel_steps100_pretrainedTrue_freezeFalse_2025_12_10_12_22,sintel_steps100_pretrainedTrue_freezeFalse_2025_12_10_12_22,sintel,steps,100,True,False,2025_12_10_12_22,middlebury,5000,210225.6,42.045120000000004,5,0.11823366064867638,0.17187568083169086,0.8281243191683092,0.33184669997834976,0.38874618593677057,0.6112538140632294,,,,0.0531929060816764,0.0288142971694469,,-2.009264258046278,-1.5723918574223126,1.572391857422313,-0.6998445230326505,-0.45258562819566817,0.45258562819566805,,,,-0.029964281069403673,0.5644048860000485,0.43556391942756584,1.0706783410999716,-1.2325988104810712,-0.9595792822007007,41.83297822449462,42.045120000000004,sintel
snapshots/sintel_steps100_pretrainedTrue_freezeFalse_2025_12_10_12_22,sintel_steps100_pretrainedTrue_freezeFalse_2025_12_10_12_22,sintel,steps,100,True,False,2025_12_10_12_22,pfpascal,5000,173631.35,34.72627,5,0.05405219470489297,0.21534054772340172,0.7846594522765983,0.37423417313126783,0.18774258286105036,0.8122574171389496,,,,0.2253512740135193,0.0534295104444026,,-2.8622372450763245,-1.2930290869871848,1.2930290869871848,-0.5140944897877366,-1.4647455216402838,1.4647455216402836,,,,-0.5670357629388522,0.7911693183125221,0.8066787096908846,-1.223150699801363,-0.4713296592074143,-0.3059964575302148,19.388707110722375,34.72627,sintel
snapshots/sintel_steps100_pretrainedTrue_freezeFalse_2025_12_10_12_22,sintel_steps100_pretrainedTrue_freezeFalse_2025_12_10_12_22,sintel,steps,100,True,False,2025_12_10_12_22,pfwillow,5000,185794.4,37.158879999999996,5,0.03473077724219302,0.1123330881445904,0.8876669118554096,0.333279956984099,0.3485331913668394,0.6514668086331605,,,,0.3923173248767853,0.11776864528656,,-3.324780803675351,-2.067128114370155,2.067128114370155,-0.6933873837485317,-0.6254929828772969,0.6254929828772967,,,,-0.8582747098027069,0.16281742222871728,0.44846480482319423,0.6788233445496168,0.2669795229667204,1.4023354190729629,21.269793403394342,37.158879999999996,sintel
snapshots/sintel_steps100_pretrainedTrue_freezeFalse_2025_12_10_12_22,sintel_steps100_pretrainedTrue_freezeFalse_2025_12_10_12_22,sintel,steps,100,True,False,2025_12_10_12_22,pointodyssey,5000,210332.2,42.06644,5,0.35565003409432544,0.13344766619938758,0.8665523338006125,0.25651209243955897,0.3501068496322744,0.6498931503677257,,,,0.205006256699562,0.0429595969617366,,-0.594294806777311,-1.8708131166059687,1.8708131166059692,-1.0641766940452655,-0.6185695727702718,0.6185695727702719,,,,0.8609663246453766,0.3221702914499144,-0.2923447375429082,0.6945136710172235,-0.5612935351973157,-0.5839934649751467,39.465452350151615,42.06644,sintel
snapshots/sintel_steps100_pretrainedTrue_freezeFalse_2025_12_10_12_22,sintel_steps100_pretrainedTrue_freezeFalse_2025_12_10_12_22,sintel,steps,100,True,False,2025_12_10_12_22,spair,5000,67833.85,13.566770000000002,5,0.011343485210581416,0.1260945933108505,0.8739054066891495,0.3512253384115164,0.25650266867928134,0.7434973313207187,,,,0.3481242060661316,0.0865340828895568,,-4.467703376851496,-1.9359397736163793,1.9359397736163793,-0.6136574405118218,-1.0642261077826296,1.0642261077826296,,,,-1.577911942600717,0.2693056617701183,0.6077593182351217,-0.3154649982618174,0.0715614410385661,0.5729957220836165,2.973526164485982,13.566770000000002,sintel
snapshots/sintel_steps100_pretrainedTrue_freezeFalse_2025_12_10_12_22,sintel_steps100_pretrainedTrue_freezeFalse_2025_12_10_12_22,sintel,steps,100,True,False,2025_12_10_12_22,tss,5000,256703.4,51.34068,5,0.06753539249013626,0.24880842167155007,0.75119157832845,0.3599667493838461,0.3681758873011539,0.6318241126988461,,,,0.1550674140453338,0.0444810017943382,,-2.625179402733594,-1.1049775074190094,1.1049775074190094,-0.5755084647300933,-0.5400502741140747,0.5400502741140747,,,,-0.4177731149866733,0.943814603222251,0.6839781425264183,0.8724597136289638,-0.7821187022784987,-0.5435971435274355,29.80477841335032,51.34068,sintel
snapshots/sintel_steps100_pretrainedTrue_freezeFalse_2025_12_12_11_44,sintel_steps100_pretrainedTrue_freezeFalse_2025_12_12_11_44,sintel,steps,100,True,False,2025_12_12_11_44,flyingthings,5000,356941.9,71.38838,5,0.10812714299753373,0.468138018718825,0.531861981281175,0.3725248745587929,0.3225590445824691,0.6774409554175309,,,,0.1390412896871566,0.018274150788784,,-2.110015800741889,-0.12762085776883011,0.12762085776883025,-0.5214002165599321,-0.7420361948261344,0.7420361948261345,,,,-0.09340214036735434,1.737154837783713,0.7920824094296105,0.4147047938941706,-0.8529848137252898,-1.2394411126453309,64.03254387388753,71.38838,sintel
snapshots/sintel_steps100_pretrainedTrue_freezeFalse_2025_12_12_11_44,sintel_steps100_pretrainedTrue_freezeFalse_2025_12_12_11_44,sintel,steps,100,True,False,2025_12_12_11_44,kitti2012,5000,390317.25,78.06345,5,0.3548005013013994,0.188870355862029,0.811129644137971,0.38719408509935777,0.19648523014528918,0.8035147698547108,,,,0.3250104188919067,0.0135165369138121,,-0.5980039059331498,-1.4573670666066108,1.4573670666066105,-0.45912219143343314,-1.4084083030769141,1.4084083030769141,,,,0.8586309032307275,0.6577728439085294,0.9165092847796702,-1.0954752713821727,-0.03064569159299017,-1.3657652147508905,61.76778333169831,78.06345,sintel
snapshots/sintel_steps100_pretrainedTrue_freezeFalse_2025_12_12_11_44,sintel_steps100_pretrainedTrue_freezeFalse_2025_12_12_11_44,sintel,steps,100,True,False,2025_12_12_11_44,middlebury,5000,210712.0,42.1424,5,0.11823366064867638,0.17187568083169086,0.8281243191683092,0.33184669997834976,0.38874618593677057,0.6112538140632294,,,,0.0531929060816764,0.0288142971694469,,-2.009264258046278,-1.5723918574223126,1.572391857422313,-0.6998445230326505,-0.45258562819566817,0.45258562819566805,,,,-0.029964281069403673,0.5644048860000485,0.43556391942756584,1.0706783410999716,-1.2325988104810712,-0.9595792822007007,41.83297822449462,42.1424,sintel
snapshots/sintel_steps100_pretrainedTrue_freezeFalse_2025_12_12_11_44,sintel_steps100_pretrainedTrue_freezeFalse_2025_12_12_11_44,sintel,steps,100,True,False,2025_12_12_11_44,pfpascal,5000,159892.09999999998,31.978419999999996,5,0.05405219470489297,0.21534054772340172,0.7846594522765983,0.37423417313126783,0.18774258286105036,0.8122574171389496,,,,0.2253512740135193,0.0534295104444026,,-2.8622372450763245,-1.2930290869871848,1.2930290869871848,-0.5140944897877366,-1.4647455216402838,1.4647455216402836,,,,-0.5670357629388522,0.7911693183125221,0.8066787096908846,-1.223150699801363,-0.4713296592074143,-0.3059964575302148,19.388707110722375,31.978419999999996,sintel
snapshots/sintel_steps100_pretrainedTrue_freezeFalse_2025_12_12_11_44,sintel_steps100_pretrainedTrue_freezeFalse_2025_12_12_11_44,sintel,steps,100,True,False,2025_12_12_11_44,pfwillow,5000,181627.75,36.32555,5,0.03473077724219302,0.1123330881445904,0.8876669118554096,0.333279956984099,0.3485331913668394,0.6514668086331605,,,,0.3923173248767853,0.11776864528656,,-3.324780803675351,-2.067128114370155,2.067128114370155,-0.6933873837485317,-0.6254929828772969,0.6254929828772967,,,,-0.8582747098027069,0.16281742222871728,0.44846480482319423,0.6788233445496168,0.2669795229667204,1.4023354190729629,21.269793403394342,36.32555,sintel
snapshots/sintel_steps100_pretrainedTrue_freezeFalse_2025_12_12_11_44,sintel_steps100_pretrainedTrue_freezeFalse_2025_12_12_11_44,sintel,steps,100,True,False,2025_12_12_11_44,pointodyssey,5000,236177.64999999997,47.23552999999999,5,0.35565003409432544,0.13344766619938758,0.8665523338006125,0.25651209243955897,0.3501068496322744,0.6498931503677257,,,,0.205006256699562,0.0429595969617366,,-0.594294806777311,-1.8708131166059687,1.8708131166059692,-1.0641766940452655,-0.6185695727702718,0.6185695727702719,,,,0.8609663246453766,0.3221702914499144,-0.2923447375429082,0.6945136710172235,-0.5612935351973157,-0.5839934649751467,39.465452350151615,47.23552999999999,sintel
snapshots/sintel_steps100_pretrainedTrue_freezeFalse_2025_12_12_11_44,sintel_steps100_pretrainedTrue_freezeFalse_2025_12_12_11_44,sintel,steps,100,True,False,2025_12_12_11_44,spair,5000,63951.600000000006,12.790320000000001,5,0.011343485210581416,0.1260945933108505,0.8739054066891495,0.3512253384115164,0.25650266867928134,0.7434973313207187,,,,0.3481242060661316,0.0865340828895568,,-4.467703376851496,-1.9359397736163793,1.9359397736163793,-0.6136574405118218,-1.0642261077826296,1.0642261077826296,,,,-1.577911942600717,0.2693056617701183,0.6077593182351217,-0.3154649982618174,0.0715614410385661,0.5729957220836165,2.973526164485982,12.790320000000001,sintel
snapshots/sintel_steps100_pretrainedTrue_freezeFalse_2025_12_12_11_44,sintel_steps100_pretrainedTrue_freezeFalse_2025_12_12_11_44,sintel,steps,100,True,False,2025_12_12_11_44,tss,5000,253754.05000000002,50.75081,5,0.06753539249013626,0.24880842167155007,0.75119157832845,0.3599667493838461,0.3681758873011539,0.6318241126988461,,,,0.1550674140453338,0.0444810017943382,,-2.625179402733594,-1.1049775074190094,1.1049775074190094,-0.5755084647300933,-0.5400502741140747,0.5400502741140747,,,,-0.4177731149866733,0.943814603222251,0.6839781425264183,0.8724597136289638,-0.7821187022784987,-0.5435971435274355,29.80477841335032,50.75081,sintel
snapshots/sintel_steps100_pretrainedTrue_freezeTrue_2025_12_10_12_22,sintel_steps100_pretrainedTrue_freezeTrue_2025_12_10_12_22,sintel,steps,100,True,True,2025_12_10_12_22,flyingthings,5000,356915.55,71.38311,5,0.10812714299753373,0.468138018718825,0.531861981281175,0.3725248745587929,0.3225590445824691,0.6774409554175309,,,,0.1390412896871566,0.018274150788784,,-2.110015800741889,-0.12762085776883011,0.12762085776883025,-0.5214002165599321,-0.7420361948261344,0.7420361948261345,,,,-0.09340214036735434,1.737154837783713,0.7920824094296105,0.4147047938941706,-0.8529848137252898,-1.2394411126453309,64.03254387388753,71.38311,sintel
snapshots/sintel_steps100_pretrainedTrue_freezeTrue_2025_12_10_12_22,sintel_steps100_pretrainedTrue_freezeTrue_2025_12_10_12_22,sintel,steps,100,True,True,2025_12_10_12_22,kitti2012,5000,387933.4,77.58668,5,0.3548005013013994,0.188870355862029,0.811129644137971,0.38719408509935777,0.19648523014528918,0.8035147698547108,,,,0.3250104188919067,0.0135165369138121,,-0.5980039059331498,-1.4573670666066108,1.4573670666066105,-0.45912219143343314,-1.4084083030769141,1.4084083030769141,,,,0.8586309032307275,0.6577728439085294,0.9165092847796702,-1.0954752713821727,-0.03064569159299017,-1.3657652147508905,61.76778333169831,77.58668,sintel
snapshots/sintel_steps100_pretrainedTrue_freezeTrue_2025_12_10_12_22,sintel_steps100_pretrainedTrue_freezeTrue_2025_12_10_12_22,sintel,steps,100,True,True,2025_12_10_12_22,middlebury,5000,208724.15,41.74483,5,0.11823366064867638,0.17187568083169086,0.8281243191683092,0.33184669997834976,0.38874618593677057,0.6112538140632294,,,,0.0531929060816764,0.0288142971694469,,-2.009264258046278,-1.5723918574223126,1.572391857422313,-0.6998445230326505,-0.45258562819566817,0.45258562819566805,,,,-0.029964281069403673,0.5644048860000485,0.43556391942756584,1.0706783410999716,-1.2325988104810712,-0.9595792822007007,41.83297822449462,41.74483,sintel
snapshots/sintel_steps100_pretrainedTrue_freezeTrue_2025_12_10_12_22,sintel_steps100_pretrainedTrue_freezeTrue_2025_12_10_12_22,sintel,steps,100,True,True,2025_12_10_12_22,pfpascal,5000,168097.35,33.61947,5,0.05405219470489297,0.21534054772340172,0.7846594522765983,0.37423417313126783,0.18774258286105036,0.8122574171389496,,,,0.2253512740135193,0.0534295104444026,,-2.8622372450763245,-1.2930290869871848,1.2930290869871848,-0.5140944897877366,-1.4647455216402838,1.4647455216402836,,,,-0.5670357629388522,0.7911693183125221,0.8066787096908846,-1.223150699801363,-0.4713296592074143,-0.3059964575302148,19.388707110722375,33.61947,sintel
snapshots/sintel_steps100_pretrainedTrue_freezeTrue_2025_12_10_12_22,sintel_steps100_pretrainedTrue_freezeTrue_2025_12_10_12_22,sintel,steps,100,True,True,2025_12_10_12_22,pfwillow,5000,186616.7,37.32334,5,0.03473077724219302,0.1123330881445904,0.8876669118554096,0.333279956984099,0.3485331913668394,0.6514668086331605,,,,0.3923173248767853,0.11776864528656,,-3.324780803675351,-2.067128114370155,2.067128114370155,-0.6933873837485317,-0.6254929828772969,0.6254929828772967,,,,-0.8582747098027069,0.16281742222871728,0.44846480482319423,0.6788233445496168,0.2669795229667204,1.4023354190729629,21.269793403394342,37.32334,sintel
snapshots/sintel_steps100_pretrainedTrue_freezeTrue_2025_12_10_12_22,sintel_steps100_pretrainedTrue_freezeTrue_2025_12_10_12_22,sintel,steps,100,True,True,2025_12_10_12_22,pointodyssey,5000,173114.00000000003,34.622800000000005,5,0.35565003409432544,0.13344766619938758,0.8665523338006125,0.25651209243955897,0.3501068496322744,0.6498931503677257,,,,0.205006256699562,0.0429595969617366,,-0.594294806777311,-1.8708131166059687,1.8708131166059692,-1.0641766940452655,-0.6185695727702718,0.6185695727702719,,,,0.8609663246453766,0.3221702914499144,-0.2923447375429082,0.6945136710172235,-0.5612935351973157,-0.5839934649751467,39.465452350151615,34.622800000000005,sintel
snapshots/sintel_steps100_pretrainedTrue_freezeTrue_2025_12_10_12_22,sintel_steps100_pretrainedTrue_freezeTrue_2025_12_10_12_22,sintel,steps,100,True,True,2025_12_10_12_22,spair,5000,64866.15,12.973230000000001,5,0.011343485210581416,0.1260945933108505,0.8739054066891495,0.3512253384115164,0.25650266867928134,0.7434973313207187,,,,0.3481242060661316,0.0865340828895568,,-4.467703376851496,-1.9359397736163793,1.9359397736163793,-0.6136574405118218,-1.0642261077826296,1.0642261077826296,,,,-1.577911942600717,0.2693056617701183,0.6077593182351217,-0.3154649982618174,0.0715614410385661,0.5729957220836165,2.973526164485982,12.973230000000001,sintel
snapshots/sintel_steps100_pretrainedTrue_freezeTrue_2025_12_10_12_22,sintel_steps100_pretrainedTrue_freezeTrue_2025_12_10_12_22,sintel,steps,100,True,True,2025_12_10_12_22,tss,5000,254986.4,50.997279999999996,5,0.06753539249013626,0.24880842167155007,0.75119157832845,0.3599667493838461,0.3681758873011539,0.6318241126988461,,,,0.1550674140453338,0.0444810017943382,,-2.625179402733594,-1.1049775074190094,1.1049775074190094,-0.5755084647300933,-0.5400502741140747,0.5400502741140747,,,,-0.4177731149866733,0.943814603222251,0.6839781425264183,0.8724597136289638,-0.7821187022784987,-0.5435971435274355,29.80477841335032,50.997279999999996,sintel
snapshots/sintel_steps100_pretrainedTrue_freezeTrue_2025_12_12_11_44,sintel_steps100_pretrainedTrue_freezeTrue_2025_12_12_11_44,sintel,steps,100,True,True,2025_12_12_11_44,flyingthings,5000,356911.55,71.38231,5,0.10812714299753373,0.468138018718825,0.531861981281175,0.3725248745587929,0.3225590445824691,0.6774409554175309,,,,0.1390412896871566,0.018274150788784,,-2.110015800741889,-0.12762085776883011,0.12762085776883025,-0.5214002165599321,-0.7420361948261344,0.7420361948261345,,,,-0.09340214036735434,1.737154837783713,0.7920824094296105,0.4147047938941706,-0.8529848137252898,-1.2394411126453309,64.03254387388753,71.38231,sintel
snapshots/sintel_steps100_pretrainedTrue_freezeTrue_2025_12_12_11_44,sintel_steps100_pretrainedTrue_freezeTrue_2025_12_12_11_44,sintel,steps,100,True,True,2025_12_12_11_44,kitti2012,5000,388756.95,77.75139,5,0.3548005013013994,0.188870355862029,0.811129644137971,0.38719408509935777,0.19648523014528918,0.8035147698547108,,,,0.3250104188919067,0.0135165369138121,,-0.5980039059331498,-1.4573670666066108,1.4573670666066105,-0.45912219143343314,-1.4084083030769141,1.4084083030769141,,,,0.8586309032307275,0.6577728439085294,0.9165092847796702,-1.0954752713821727,-0.03064569159299017,-1.3657652147508905,61.76778333169831,77.75139,sintel
snapshots/sintel_steps100_pretrainedTrue_freezeTrue_2025_12_12_11_44,sintel_steps100_pretrainedTrue_freezeTrue_2025_12_12_11_44,sintel,steps,100,True,True,2025_12_12_11_44,middlebury,5000,208663.3,41.732659999999996,5,0.11823366064867638,0.17187568083169086,0.8281243191683092,0.33184669997834976,0.38874618593677057,0.6112538140632294,,,,0.0531929060816764,0.0288142971694469,,-2.009264258046278,-1.5723918574223126,1.572391857422313,-0.6998445230326505,-0.45258562819566817,0.45258562819566805,,,,-0.029964281069403673,0.5644048860000485,0.43556391942756584,1.0706783410999716,-1.2325988104810712,-0.9595792822007007,41.83297822449462,41.732659999999996,sintel
snapshots/sintel_steps100_pretrainedTrue_freezeTrue_2025_12_12_11_44,sintel_steps100_pretrainedTrue_freezeTrue_2025_12_12_11_44,sintel,steps,100,True,True,2025_12_12_11_44,pfpascal,5000,173178.3,34.635659999999994,5,0.05405219470489297,0.21534054772340172,0.7846594522765983,0.37423417313126783,0.18774258286105036,0.8122574171389496,,,,0.2253512740135193,0.0534295104444026,,-2.8622372450763245,-1.2930290869871848,1.2930290869871848,-0.5140944897877366,-1.4647455216402838,1.4647455216402836,,,,-0.5670357629388522,0.7911693183125221,0.8066787096908846,-1.223150699801363,-0.4713296592074143,-0.3059964575302148,19.388707110722375,34.635659999999994,sintel
snapshots/sintel_steps100_pretrainedTrue_freezeTrue_2025_12_12_11_44,sintel_steps100_pretrainedTrue_freezeTrue_2025_12_12_11_44,sintel,steps,100,True,True,2025_12_12_11_44,pfwillow,5000,190672.2,38.134440000000005,5,0.03473077724219302,0.1123330881445904,0.8876669118554096,0.333279956984099,0.3485331913668394,0.6514668086331605,,,,0.3923173248767853,0.11776864528656,,-3.324780803675351,-2.067128114370155,2.067128114370155,-0.6933873837485317,-0.6254929828772969,0.6254929828772967,,,,-0.8582747098027069,0.16281742222871728,0.44846480482319423,0.6788233445496168,0.2669795229667204,1.4023354190729629,21.269793403394342,38.134440000000005,sintel
snapshots/sintel_steps100_pretrainedTrue_freezeTrue_2025_12_12_11_44,sintel_steps100_pretrainedTrue_freezeTrue_2025_12_12_11_44,sintel,steps,100,True,True,2025_12_12_11_44,pointodyssey,5000,185802.65000000002,37.16053,5,0.35565003409432544,0.13344766619938758,0.8665523338006125,0.25651209243955897,0.3501068496322744,0.6498931503677257,,,,0.205006256699562,0.0429595969617366,,-0.594294806777311,-1.8708131166059687,1.8708131166059692,-1.0641766940452655,-0.6185695727702718,0.6185695727702719,,,,0.8609663246453766,0.3221702914499144,-0.2923447375429082,0.6945136710172235,-0.5612935351973157,-0.5839934649751467,39.465452350151615,37.16053,sintel
snapshots/sintel_steps100_pretrainedTrue_freezeTrue_2025_12_12_11_44,sintel_steps100_pretrainedTrue_freezeTrue_2025_12_12_11_44,sintel,steps,100,True,True,2025_12_12_11_44,spair,5000,67856.40000000001,13.571280000000002,5,0.011343485210581416,0.1260945933108505,0.8739054066891495,0.3512253384115164,0.25650266867928134,0.7434973313207187,,,,0.3481242060661316,0.0865340828895568,,-4.467703376851496,-1.9359397736163793,1.9359397736163793,-0.6136574405118218,-1.0642261077826296,1.0642261077826296,,,,-1.577911942600717,0.2693056617701183,0.6077593182351217,-0.3154649982618174,0.0715614410385661,0.5729957220836165,2.973526164485982,13.571280000000002,sintel
snapshots/sintel_steps100_pretrainedTrue_freezeTrue_2025_12_12_11_44,sintel_steps100_pretrainedTrue_freezeTrue_2025_12_12_11_44,sintel,steps,100,True,True,2025_12_12_11_44,tss,5000,255360.25000000003,51.072050000000004,5,0.06753539249013626,0.24880842167155007,0.75119157832845,0.3599667493838461,0.3681758873011539,0.6318241126988461,,,,0.1550674140453338,0.0444810017943382,,-2.625179402733594,-1.1049775074190094,1.1049775074190094,-0.5755084647300933,-0.5400502741140747,0.5400502741140747,,,,-0.4177731149866733,0.943814603222251,0.6839781425264183,0.8724597136289638,-0.7821187022784987,-0.5435971435274355,29.80477841335032,51.072050000000004,sintel
snapshots/spair_logsteps100_pretrainedFalse_freezeFalse_2025_12_10_06_41,spair_logsteps100_pretrainedFalse_freezeFalse_2025_12_10_06_41,spair,logsteps,100,False,False,2025_12_10_06_41,flyingthings,5000,9423.75,1.88475,5,0.04930994753527558,0.12119766650200803,0.878802333497992,0.43194517155020795,0.29943663506574203,0.700563364934258,,,,0.2729391753673553,0.0475737750530242,,-2.959062255672246,-1.9811371756639835,1.9811371756639835,-0.2739192805419079,-0.8499819922998267,0.8499819922998267,,,,-0.6259692378316611,0.01567329398110165,1.5742261546534722,0.186386354332184,-0.14699007568142644,-0.4406512015492987,51.981145746885886,1.88475,spair
snapshots/spair_logsteps100_pretrainedFalse_freezeFalse_2025_12_10_06_41,spair_logsteps100_pretrainedFalse_freezeFalse_2025_12_10_06_41,spair,logsteps,100,False,False,2025_12_10_06_41,kitti2012,5000,20808.600000000002,4.161720000000001,5,0.11033844533360074,0.011585125619621342,0.9884148743803787,0.42765313481242195,0.17331896835905788,0.8266810316409421,,,,0.5936060547828674,0.054964892566204,,-2.08728869678298,-4.446380521824637,4.446380521824638,-0.29143278093711983,-1.5622852827034868,1.5622852827034865,,,,-0.09338366288174711,-2.3095646921303477,1.5345230098018794,-1.4462536628722196,1.2752597680635631,-0.24865416516888217,53.53652133756782,4.161720000000001,spair
snapshots/spair_logsteps100_pretrainedFalse_freezeFalse_2025_12_10_06_41,spair_logsteps100_pretrainedFalse_freezeFalse_2025_12_10_06_41,spair,logsteps,100,False,False,2025_12_10_06_41,middlebury,5000,8700.55,1.7401099999999998,5,0.05346264804107831,0.010323181094407358,0.9896768189055927,0.41510762158036985,0.3930738229145934,0.6069261770854066,,,,0.3155189752578735,0.0458586290478706,,-2.873827190500029,-4.5629864861461655,4.562986486146168,-0.34289004607407897,-0.43440972556903107,0.4344097255690311,,,,-0.5738972683072853,-2.4195484055312333,1.4178692738098404,1.1389018373373891,0.041863584077152585,-0.48520507981763783,28.217279077316498,1.7401099999999998,spair
snapshots/spair_logsteps100_pretrainedFalse_freezeFalse_2025_12_10_06_41,spair_logsteps100_pretrainedFalse_freezeFalse_2025_12_10_06_41,spair,logsteps,100,False,False,2025_12_10_06_41,pfpascal,5000,8675.55,1.73511,5,0.06623230969278054,0.08200525268390527,0.9179947473160948,0.4686413844176667,0.21208215724649174,0.7879178427535083,,,,0.3852902948856354,0.0381798967719078,,-2.646059276006361,-2.415408366392749,2.415408366392749,-0.12559931500920307,-1.312420090175687,1.312420090175687,,,,-0.43474885704976807,-0.39393489765198925,1.9104678506617827,-0.8735483030581573,0.35131945497763123,-0.6846734061586216,22.64673136846786,1.73511,spair
snapshots/spair_logsteps100_pretrainedFalse_freezeFalse_2025_12_10_06_41,spair_logsteps100_pretrainedFalse_freezeFalse_2025_12_10_06_41,spair,logsteps,100,False,False,2025_12_10_06_41,pfwillow,5000,15877.800000000001,3.1755600000000004,5,0.09213415031896738,0.08560674637319668,0.9143932536268033,0.43619967193500125,0.3718319068954487,0.6281680931045512,,,,0.4819046854972839,0.1109323427081108,,-2.287850954430863,-2.368496641716818,2.3684966417168183,-0.2566000588921267,-0.5243659058638189,0.5243659058638188,,,,-0.21591154206948768,-0.3496873695609559,1.613488869151489,0.9327171099568708,0.7798320665744225,1.2051969665244457,27.05886147617492,3.1755600000000004,spair
snapshots/spair_logsteps100_pretrainedFalse_freezeFalse_2025_12_10_06_41,spair_logsteps100_pretrainedFalse_freezeFalse_2025_12_10_06_41,spair,logsteps,100,False,False,2025_12_10_06_41,pointodyssey,5000,9361.5,1.8723,5,0.06179973008051197,0.0020345553986227108,0.9979654446013773,0.3462573550986866,0.3612608396094352,0.6387391603905648,,,,0.5145089626312256,0.0322001613676548,,-2.7200644367687707,-6.195441333374467,6.195441333374453,-0.6355314652486692,-0.5698959265238378,0.5698959265238379,,,,-0.47996023182939157,-3.9592933671386237,0.7544505172578364,0.8283596898590848,0.9244414136441584,-0.8400073558500394,16.375376777555072,1.8723,spair
snapshots/spair_logsteps100_pretrainedFalse_freezeFalse_2025_12_10_06_41,spair_logsteps100_pretrainedFalse_freezeFalse_2025_12_10_06_41,spair,logsteps,100,False,False,2025_12_10_06_41,spair,5000,9957.0,1.9914,5,0.0661358350979418,0.15008890706796316,0.8499110929320368,0.4990134088037602,0.3087549760879852,0.6912450239120148,,,,0.3035252392292022,0.0673716217279434,,-2.647620259359524,-1.7339039151659783,1.733903915165978,-0.003946369906627482,-0.8059463494335304,0.8059463494335304,,,,-0.43570249599437055,0.24886575736831879,2.1862553512776475,0.2873185747717312,-0.011332084972886451,0.07363204202249146,21.320300137950074,1.9914,spair
snapshots/spair_logsteps100_pretrainedFalse_freezeFalse_2025_12_10_06_41,spair_logsteps100_pretrainedFalse_freezeFalse_2025_12_10_06_41,spair,logsteps,100,False,False,2025_12_10_06_41,tss,5000,17564.9,3.51298,5,0.09820331590552803,0.10936093150247439,0.8906390684975256,0.46505151901629843,0.38896549216036236,0.6110345078396376,,,,0.3337436318397522,0.0193899981677532,,-2.217349107345649,-2.097285549398385,2.097285549398385,-0.14002225199876672,-0.4516628046351722,0.4516628046351722,,,,-0.17284041840206396,-0.0938788161799126,1.8777710200134332,1.0993567900480374,0.12269517798272894,-1.172773458613903,34.14726251286315,3.51298,spair
snapshots/spair_logsteps100_pretrainedTrue_freezeFalse_2025_12_10_06_42,spair_logsteps100_pretrainedTrue_freezeFalse_2025_12_10_06_42,spair,logsteps,100,True,False,2025_12_10_06_42,flyingthings,5000,259531.60000000003,51.90632000000001,5,0.04930994753527558,0.12119766650200803,0.878802333497992,0.43194517155020795,0.29943663506574203,0.700563364934258,,,,0.2729391753673553,0.0475737750530242,,-2.959062255672246,-1.9811371756639835,1.9811371756639835,-0.2739192805419079,-0.8499819922998267,0.8499819922998267,,,,-0.6259692378316611,0.01567329398110165,1.5742261546534722,0.186386354332184,-0.14699007568142644,-0.4406512015492987,51.981145746885886,51.90632000000001,spair
snapshots/spair_logsteps100_pretrainedTrue_freezeFalse_2025_12_10_06_42,spair_logsteps100_pretrainedTrue_freezeFalse_2025_12_10_06_42,spair,logsteps,100,True,False,2025_12_10_06_42,kitti2012,5000,315192.8,63.03856,5,0.11033844533360074,0.011585125619621342,0.9884148743803787,0.42765313481242195,0.17331896835905788,0.8266810316409421,,,,0.5936060547828674,0.054964892566204,,-2.08728869678298,-4.446380521824637,4.446380521824638,-0.29143278093711983,-1.5622852827034868,1.5622852827034865,,,,-0.09338366288174711,-2.3095646921303477,1.5345230098018794,-1.4462536628722196,1.2752597680635631,-0.24865416516888217,53.53652133756782,63.03856,spair
snapshots/spair_logsteps100_pretrainedTrue_freezeFalse_2025_12_10_06_42,spair_logsteps100_pretrainedTrue_freezeFalse_2025_12_10_06_42,spair,logsteps,100,True,False,2025_12_10_06_42,middlebury,5000,183598.05,36.719609999999996,5,0.05346264804107831,0.010323181094407358,0.9896768189055927,0.41510762158036985,0.3930738229145934,0.6069261770854066,,,,0.3155189752578735,0.0458586290478706,,-2.873827190500029,-4.5629864861461655,4.562986486146168,-0.34289004607407897,-0.43440972556903107,0.4344097255690311,,,,-0.5738972683072853,-2.4195484055312333,1.4178692738098404,1.1389018373373891,0.041863584077152585,-0.48520507981763783,28.217279077316498,36.719609999999996,spair
snapshots/spair_logsteps100_pretrainedTrue_freezeFalse_2025_12_10_06_42,spair_logsteps100_pretrainedTrue_freezeFalse_2025_12_10_06_42,spair,logsteps,100,True,False,2025_12_10_06_42,pfpascal,5000,128382.04999999999,25.676409999999997,5,0.06623230969278054,0.08200525268390527,0.9179947473160948,0.4686413844176667,0.21208215724649174,0.7879178427535083,,,,0.3852902948856354,0.0381798967719078,,-2.646059276006361,-2.415408366392749,2.415408366392749,-0.12559931500920307,-1.312420090175687,1.312420090175687,,,,-0.43474885704976807,-0.39393489765198925,1.9104678506617827,-0.8735483030581573,0.35131945497763123,-0.6846734061586216,22.64673136846786,25.676409999999997,spair
snapshots/spair_logsteps100_pretrainedTrue_freezeFalse_2025_12_10_06_42,spair_logsteps100_pretrainedTrue_freezeFalse_2025_12_10_06_42,spair,logsteps,100,True,False,2025_12_10_06_42,pfwillow,5000,151894.5,30.3789,5,0.09213415031896738,0.08560674637319668,0.9143932536268033,0.43619967193500125,0.3718319068954487,0.6281680931045512,,,,0.4819046854972839,0.1109323427081108,,-2.287850954430863,-2.368496641716818,2.3684966417168183,-0.2566000588921267,-0.5243659058638189,0.5243659058638188,,,,-0.21591154206948768,-0.3496873695609559,1.613488869151489,0.9327171099568708,0.7798320665744225,1.2051969665244457,27.05886147617492,30.3789,spair
snapshots/spair_logsteps100_pretrainedTrue_freezeFalse_2025_12_10_06_42,spair_logsteps100_pretrainedTrue_freezeFalse_2025_12_10_06_42,spair,logsteps,100,True,False,2025_12_10_06_42,pointodyssey,5000,126174.45,25.23489,5,0.06179973008051197,0.0020345553986227108,0.9979654446013773,0.3462573550986866,0.3612608396094352,0.6387391603905648,,,,0.5145089626312256,0.0322001613676548,,-2.7200644367687707,-6.195441333374467,6.195441333374453,-0.6355314652486692,-0.5698959265238378,0.5698959265238379,,,,-0.47996023182939157,-3.9592933671386237,0.7544505172578364,0.8283596898590848,0.9244414136441584,-0.8400073558500394,16.375376777555072,25.23489,spair
snapshots/spair_logsteps100_pretrainedTrue_freezeFalse_2025_12_10_06_42,spair_logsteps100_pretrainedTrue_freezeFalse_2025_12_10_06_42,spair,logsteps,100,True,False,2025_12_10_06_42,spair,5000,87388.85,17.47777,5,0.0661358350979418,0.15008890706796316,0.8499110929320368,0.4990134088037602,0.3087549760879852,0.6912450239120148,,,,0.3035252392292022,0.0673716217279434,,-2.647620259359524,-1.7339039151659783,1.733903915165978,-0.003946369906627482,-0.8059463494335304,0.8059463494335304,,,,-0.43570249599437055,0.24886575736831879,2.1862553512776475,0.2873185747717312,-0.011332084972886451,0.07363204202249146,21.320300137950074,17.47777,spair
snapshots/spair_logsteps100_pretrainedTrue_freezeFalse_2025_12_10_06_42,spair_logsteps100_pretrainedTrue_freezeFalse_2025_12_10_06_42,spair,logsteps,100,True,False,2025_12_10_06_42,tss,5000,213611.15000000002,42.72223,5,0.09820331590552803,0.10936093150247439,0.8906390684975256,0.46505151901629843,0.38896549216036236,0.6110345078396376,,,,0.3337436318397522,0.0193899981677532,,-2.217349107345649,-2.097285549398385,2.097285549398385,-0.14002225199876672,-0.4516628046351722,0.4516628046351722,,,,-0.17284041840206396,-0.0938788161799126,1.8777710200134332,1.0993567900480374,0.12269517798272894,-1.172773458613903,34.14726251286315,42.72223,spair
snapshots/spair_logsteps100_pretrainedTrue_freezeTrue_2025_12_10_06_26,spair_logsteps100_pretrainedTrue_freezeTrue_2025_12_10_06_26,spair,logsteps,100,True,True,2025_12_10_06_26,flyingthings,5000,281575.8,56.31516,5,0.04930994753527558,0.12119766650200803,0.878802333497992,0.43194517155020795,0.29943663506574203,0.700563364934258,,,,0.2729391753673553,0.0475737750530242,,-2.959062255672246,-1.9811371756639835,1.9811371756639835,-0.2739192805419079,-0.8499819922998267,0.8499819922998267,,,,-0.6259692378316611,0.01567329398110165,1.5742261546534722,0.186386354332184,-0.14699007568142644,-0.4406512015492987,51.981145746885886,56.31516,spair
snapshots/spair_logsteps100_pretrainedTrue_freezeTrue_2025_12_10_06_26,spair_logsteps100_pretrainedTrue_freezeTrue_2025_12_10_06_26,spair,logsteps,100,True,True,2025_12_10_06_26,kitti2012,5000,331457.1,66.29142,5,0.11033844533360074,0.011585125619621342,0.9884148743803787,0.42765313481242195,0.17331896835905788,0.8266810316409421,,,,0.5936060547828674,0.054964892566204,,-2.08728869678298,-4.446380521824637,4.446380521824638,-0.29143278093711983,-1.5622852827034868,1.5622852827034865,,,,-0.09338366288174711,-2.3095646921303477,1.5345230098018794,-1.4462536628722196,1.2752597680635631,-0.24865416516888217,53.53652133756782,66.29142,spair
snapshots/spair_logsteps100_pretrainedTrue_freezeTrue_2025_12_10_06_26,spair_logsteps100_pretrainedTrue_freezeTrue_2025_12_10_06_26,spair,logsteps,100,True,True,2025_12_10_06_26,middlebury,5000,194166.05,38.83321,5,0.05346264804107831,0.010323181094407358,0.9896768189055927,0.41510762158036985,0.3930738229145934,0.6069261770854066,,,,0.3155189752578735,0.0458586290478706,,-2.873827190500029,-4.5629864861461655,4.562986486146168,-0.34289004607407897,-0.43440972556903107,0.4344097255690311,,,,-0.5738972683072853,-2.4195484055312333,1.4178692738098404,1.1389018373373891,0.041863584077152585,-0.48520507981763783,28.217279077316498,38.83321,spair
snapshots/spair_logsteps100_pretrainedTrue_freezeTrue_2025_12_10_06_26,spair_logsteps100_pretrainedTrue_freezeTrue_2025_12_10_06_26,spair,logsteps,100,True,True,2025_12_10_06_26,pfpascal,5000,144541.1,28.90822,5,0.06623230969278054,0.08200525268390527,0.9179947473160948,0.4686413844176667,0.21208215724649174,0.7879178427535083,,,,0.3852902948856354,0.0381798967719078,,-2.646059276006361,-2.415408366392749,2.415408366392749,-0.12559931500920307,-1.312420090175687,1.312420090175687,,,,-0.43474885704976807,-0.39393489765198925,1.9104678506617827,-0.8735483030581573,0.35131945497763123,-0.6846734061586216,22.64673136846786,28.90822,spair
snapshots/spair_logsteps100_pretrainedTrue_freezeTrue_2025_12_10_06_26,spair_logsteps100_pretrainedTrue_freezeTrue_2025_12_10_06_26,spair,logsteps,100,True,True,2025_12_10_06_26,pfwillow,5000,166138.84999999998,33.22776999999999,5,0.09213415031896738,0.08560674637319668,0.9143932536268033,0.43619967193500125,0.3718319068954487,0.6281680931045512,,,,0.4819046854972839,0.1109323427081108,,-2.287850954430863,-2.368496641716818,2.3684966417168183,-0.2566000588921267,-0.5243659058638189,0.5243659058638188,,,,-0.21591154206948768,-0.3496873695609559,1.613488869151489,0.9327171099568708,0.7798320665744225,1.2051969665244457,27.05886147617492,33.22776999999999,spair
snapshots/spair_logsteps100_pretrainedTrue_freezeTrue_2025_12_10_06_26,spair_logsteps100_pretrainedTrue_freezeTrue_2025_12_10_06_26,spair,logsteps,100,True,True,2025_12_10_06_26,pointodyssey,5000,127572.4,25.51448,5,0.06179973008051197,0.0020345553986227108,0.9979654446013773,0.3462573550986866,0.3612608396094352,0.6387391603905648,,,,0.5145089626312256,0.0322001613676548,,-2.7200644367687707,-6.195441333374467,6.195441333374453,-0.6355314652486692,-0.5698959265238378,0.5698959265238379,,,,-0.47996023182939157,-3.9592933671386237,0.7544505172578364,0.8283596898590848,0.9244414136441584,-0.8400073558500394,16.375376777555072,25.51448,spair
snapshots/spair_logsteps100_pretrainedTrue_freezeTrue_2025_12_10_06_26,spair_logsteps100_pretrainedTrue_freezeTrue_2025_12_10_06_26,spair,logsteps,100,True,True,2025_12_10_06_26,spair,5000,100715.1,20.14302,5,0.0661358350979418,0.15008890706796316,0.8499110929320368,0.4990134088037602,0.3087549760879852,0.6912450239120148,,,,0.3035252392292022,0.0673716217279434,,-2.647620259359524,-1.7339039151659783,1.733903915165978,-0.003946369906627482,-0.8059463494335304,0.8059463494335304,,,,-0.43570249599437055,0.24886575736831879,2.1862553512776475,0.2873185747717312,-0.011332084972886451,0.07363204202249146,21.320300137950074,20.14302,spair
snapshots/spair_logsteps100_pretrainedTrue_freezeTrue_2025_12_10_06_26,spair_logsteps100_pretrainedTrue_freezeTrue_2025_12_10_06_26,spair,logsteps,100,True,True,2025_12_10_06_26,tss,5000,224437.75,44.88755,5,0.09820331590552803,0.10936093150247439,0.8906390684975256,0.46505151901629843,0.38896549216036236,0.6110345078396376,,,,0.3337436318397522,0.0193899981677532,,-2.217349107345649,-2.097285549398385,2.097285549398385,-0.14002225199876672,-0.4516628046351722,0.4516628046351722,,,,-0.17284041840206396,-0.0938788161799126,1.8777710200134332,1.0993567900480374,0.12269517798272894,-1.172773458613903,34.14726251286315,44.88755,spair
snapshots/spair_steps100_pretrainedFalse_freezeFalse_2025_12_10_22_16,spair_steps100_pretrainedFalse_freezeFalse_2025_12_10_22_16,spair,steps,100,False,False,2025_12_10_22_16,flyingthings,5000,10822.150000000001,2.1644300000000003,5,0.04930994753527558,0.12119766650200803,0.878802333497992,0.43194517155020795,0.29943663506574203,0.700563364934258,,,,0.2729391753673553,0.0475737750530242,,-2.959062255672246,-1.9811371756639835,1.9811371756639835,-0.2739192805419079,-0.8499819922998267,0.8499819922998267,,,,-0.6259692378316611,0.01567329398110165,1.5742261546534722,0.186386354332184,-0.14699007568142644,-0.4406512015492987,51.981145746885886,2.1644300000000003,spair
snapshots/spair_steps100_pretrainedFalse_freezeFalse_2025_12_10_22_16,spair_steps100_pretrainedFalse_freezeFalse_2025_12_10_22_16,spair,steps,100,False,False,2025_12_10_22_16,kitti2012,5000,24668.0,4.9336,5,0.11033844533360074,0.011585125619621342,0.9884148743803787,0.42765313481242195,0.17331896835905788,0.8266810316409421,,,,0.5936060547828674,0.054964892566204,,-2.08728869678298,-4.446380521824637,4.446380521824638,-0.29143278093711983,-1.5622852827034868,1.5622852827034865,,,,-0.09338366288174711,-2.3095646921303477,1.5345230098018794,-1.4462536628722196,1.2752597680635631,-0.24865416516888217,53.53652133756782,4.9336,spair
snapshots/spair_steps100_pretrainedFalse_freezeFalse_2025_12_10_22_16,spair_steps100_pretrainedFalse_freezeFalse_2025_12_10_22_16,spair,steps,100,False,False,2025_12_10_22_16,middlebury,5000,10472.4,2.09448,5,0.05346264804107831,0.010323181094407358,0.9896768189055927,0.41510762158036985,0.3930738229145934,0.6069261770854066,,,,0.3155189752578735,0.0458586290478706,,-2.873827190500029,-4.5629864861461655,4.562986486146168,-0.34289004607407897,-0.43440972556903107,0.4344097255690311,,,,-0.5738972683072853,-2.4195484055312333,1.4178692738098404,1.1389018373373891,0.041863584077152585,-0.48520507981763783,28.217279077316498,2.09448,spair
snapshots/spair_steps100_pretrainedFalse_freezeFalse_2025_12_10_22_16,spair_steps100_pretrainedFalse_freezeFalse_2025_12_10_22_16,spair,steps,100,False,False,2025_12_10_22_16,pfpascal,5000,10532.4,2.10648,5,0.06623230969278054,0.08200525268390527,0.9179947473160948,0.4686413844176667,0.21208215724649174,0.7879178427535083,,,,0.3852902948856354,0.0381798967719078,,-2.646059276006361,-2.415408366392749,2.415408366392749,-0.12559931500920307,-1.312420090175687,1.312420090175687,,,,-0.43474885704976807,-0.39393489765198925,1.9104678506617827,-0.8735483030581573,0.35131945497763123,-0.6846734061586216,22.64673136846786,2.10648,spair
snapshots/spair_steps100_pretrainedFalse_freezeFalse_2025_12_10_22_16,spair_steps100_pretrainedFalse_freezeFalse_2025_12_10_22_16,spair,steps,100,False,False,2025_12_10_22_16,pfwillow,5000,16877.75,3.37555,5,0.09213415031896738,0.08560674637319668,0.9143932536268033,0.43619967193500125,0.3718319068954487,0.6281680931045512,,,,0.4819046854972839,0.1109323427081108,,-2.287850954430863,-2.368496641716818,2.3684966417168183,-0.2566000588921267,-0.5243659058638189,0.5243659058638188,,,,-0.21591154206948768,-0.3496873695609559,1.613488869151489,0.9327171099568708,0.7798320665744225,1.2051969665244457,27.05886147617492,3.37555,spair
snapshots/spair_steps100_pretrainedFalse_freezeFalse_2025_12_10_22_16,spair_steps100_pretrainedFalse_freezeFalse_2025_12_10_22_16,spair,steps,100,False,False,2025_12_10_22_16,pointodyssey,5000,12226.45,2.44529,5,0.06179973008051197,0.0020345553986227108,0.9979654446013773,0.3462573550986866,0.3612608396094352,0.6387391603905648,,,,0.5145089626312256,0.0322001613676548,,-2.7200644367687707,-6.195441333374467,6.195441333374453,-0.6355314652486692,-0.5698959265238378,0.5698959265238379,,,,-0.47996023182939157,-3.9592933671386237,0.7544505172578364,0.8283596898590848,0.9244414136441584,-0.8400073558500394,16.375376777555072,2.44529,spair
snapshots/spair_steps100_pretrainedFalse_freezeFalse_2025_12_10_22_16,spair_steps100_pretrainedFalse_freezeFalse_2025_12_10_22_16,spair,steps,100,False,False,2025_12_10_22_16,spair,5000,10239.050000000001,2.04781,5,0.0661358350979418,0.15008890706796316,0.8499110929320368,0.4990134088037602,0.3087549760879852,0.6912450239120148,,,,0.3035252392292022,0.0673716217279434,,-2.647620259359524,-1.7339039151659783,1.733903915165978,-0.003946369906627482,-0.8059463494335304,0.8059463494335304,,,,-0.43570249599437055,0.24886575736831879,2.1862553512776475,0.2873185747717312,-0.011332084972886451,0.07363204202249146,21.320300137950074,2.04781,spair
snapshots/spair_steps100_pretrainedFalse_freezeFalse_2025_12_10_22_16,spair_steps100_pretrainedFalse_freezeFalse_2025_12_10_22_16,spair,steps,100,False,False,2025_12_10_22_16,tss,5000,17549.600000000002,3.5099200000000006,5,0.09820331590552803,0.10936093150247439,0.8906390684975256,0.46505151901629843,0.38896549216036236,0.6110345078396376,,,,0.3337436318397522,0.0193899981677532,,-2.217349107345649,-2.097285549398385,2.097285549398385,-0.14002225199876672,-0.4516628046351722,0.4516628046351722,,,,-0.17284041840206396,-0.0938788161799126,1.8777710200134332,1.0993567900480374,0.12269517798272894,-1.172773458613903,34.14726251286315,3.5099200000000006,spair
snapshots/spair_steps100_pretrainedFalse_freezeFalse_2025_12_12_23_44,spair_steps100_pretrainedFalse_freezeFalse_2025_12_12_23_44,spair,steps,100,False,False,2025_12_12_23_44,flyingthings,5000,11079.05,2.21581,5,0.04930994753527558,0.12119766650200803,0.878802333497992,0.43194517155020795,0.29943663506574203,0.700563364934258,,,,0.2729391753673553,0.0475737750530242,,-2.959062255672246,-1.9811371756639835,1.9811371756639835,-0.2739192805419079,-0.8499819922998267,0.8499819922998267,,,,-0.6259692378316611,0.01567329398110165,1.5742261546534722,0.186386354332184,-0.14699007568142644,-0.4406512015492987,51.981145746885886,2.21581,spair
snapshots/spair_steps100_pretrainedFalse_freezeFalse_2025_12_12_23_44,spair_steps100_pretrainedFalse_freezeFalse_2025_12_12_23_44,spair,steps,100,False,False,2025_12_12_23_44,kitti2012,5000,27472.25,5.49445,5,0.11033844533360074,0.011585125619621342,0.9884148743803787,0.42765313481242195,0.17331896835905788,0.8266810316409421,,,,0.5936060547828674,0.054964892566204,,-2.08728869678298,-4.446380521824637,4.446380521824638,-0.29143278093711983,-1.5622852827034868,1.5622852827034865,,,,-0.09338366288174711,-2.3095646921303477,1.5345230098018794,-1.4462536628722196,1.2752597680635631,-0.24865416516888217,53.53652133756782,5.49445,spair
snapshots/spair_steps100_pretrainedFalse_freezeFalse_2025_12_12_23_44,spair_steps100_pretrainedFalse_freezeFalse_2025_12_12_23_44,spair,steps,100,False,False,2025_12_12_23_44,middlebury,5000,10583.55,2.11671,5,0.05346264804107831,0.010323181094407358,0.9896768189055927,0.41510762158036985,0.3930738229145934,0.6069261770854066,,,,0.3155189752578735,0.0458586290478706,,-2.873827190500029,-4.5629864861461655,4.562986486146168,-0.34289004607407897,-0.43440972556903107,0.4344097255690311,,,,-0.5738972683072853,-2.4195484055312333,1.4178692738098404,1.1389018373373891,0.041863584077152585,-0.48520507981763783,28.217279077316498,2.11671,spair
snapshots/spair_steps100_pretrainedFalse_freezeFalse_2025_12_12_23_44,spair_steps100_pretrainedFalse_freezeFalse_2025_12_12_23_44,spair,steps,100,False,False,2025_12_12_23_44,pfpascal,5000,9908.5,1.9817,5,0.06623230969278054,0.08200525268390527,0.9179947473160948,0.4686413844176667,0.21208215724649174,0.7879178427535083,,,,0.3852902948856354,0.0381798967719078,,-2.646059276006361,-2.415408366392749,2.415408366392749,-0.12559931500920307,-1.312420090175687,1.312420090175687,,,,-0.43474885704976807,-0.39393489765198925,1.9104678506617827,-0.8735483030581573,0.35131945497763123,-0.6846734061586216,22.64673136846786,1.9817,spair
snapshots/spair_steps100_pretrainedFalse_freezeFalse_2025_12_12_23_44,spair_steps100_pretrainedFalse_freezeFalse_2025_12_12_23_44,spair,steps,100,False,False,2025_12_12_23_44,pfwillow,5000,17711.1,3.54222,5,0.09213415031896738,0.08560674637319668,0.9143932536268033,0.43619967193500125,0.3718319068954487,0.6281680931045512,,,,0.4819046854972839,0.1109323427081108,,-2.287850954430863,-2.368496641716818,2.3684966417168183,-0.2566000588921267,-0.5243659058638189,0.5243659058638188,,,,-0.21591154206948768,-0.3496873695609559,1.613488869151489,0.9327171099568708,0.7798320665744225,1.2051969665244457,27.05886147617492,3.54222,spair
snapshots/spair_steps100_pretrainedFalse_freezeFalse_2025_12_12_23_44,spair_steps100_pretrainedFalse_freezeFalse_2025_12_12_23_44,spair,steps,100,False,False,2025_12_12_23_44,pointodyssey,5000,12430.349999999999,2.48607,5,0.06179973008051197,0.0020345553986227108,0.9979654446013773,0.3462573550986866,0.3612608396094352,0.6387391603905648,,,,0.5145089626312256,0.0322001613676548,,-2.7200644367687707,-6.195441333374467,6.195441333374453,-0.6355314652486692,-0.5698959265238378,0.5698959265238379,,,,-0.47996023182939157,-3.9592933671386237,0.7544505172578364,0.8283596898590848,0.9244414136441584,-0.8400073558500394,16.375376777555072,2.48607,spair
snapshots/spair_steps100_pretrainedFalse_freezeFalse_2025_12_12_23_44,spair_steps100_pretrainedFalse_freezeFalse_2025_12_12_23_44,spair,steps,100,False,False,2025_12_12_23_44,spair,5000,10756.5,2.1513,5,0.0661358350979418,0.15008890706796316,0.8499110929320368,0.4990134088037602,0.3087549760879852,0.6912450239120148,,,,0.3035252392292022,0.0673716217279434,,-2.647620259359524,-1.7339039151659783,1.733903915165978,-0.003946369906627482,-0.8059463494335304,0.8059463494335304,,,,-0.43570249599437055,0.24886575736831879,2.1862553512776475,0.2873185747717312,-0.011332084972886451,0.07363204202249146,21.320300137950074,2.1513,spair
snapshots/spair_steps100_pretrainedFalse_freezeFalse_2025_12_12_23_44,spair_steps100_pretrainedFalse_freezeFalse_2025_12_12_23_44,spair,steps,100,False,False,2025_12_12_23_44,tss,5000,19259.400000000005,3.851880000000001,5,0.09820331590552803,0.10936093150247439,0.8906390684975256,0.46505151901629843,0.38896549216036236,0.6110345078396376,,,,0.3337436318397522,0.0193899981677532,,-2.217349107345649,-2.097285549398385,2.097285549398385,-0.14002225199876672,-0.4516628046351722,0.4516628046351722,,,,-0.17284041840206396,-0.0938788161799126,1.8777710200134332,1.0993567900480374,0.12269517798272894,-1.172773458613903,34.14726251286315,3.851880000000001,spair
snapshots/spair_steps100_pretrainedTrue_freezeFalse_2025_12_10_20_45,spair_steps100_pretrainedTrue_freezeFalse_2025_12_10_20_45,spair,steps,100,True,False,2025_12_10_20_45,flyingthings,5000,209353.55,41.870709999999995,5,0.04930994753527558,0.12119766650200803,0.878802333497992,0.43194517155020795,0.29943663506574203,0.700563364934258,,,,0.2729391753673553,0.0475737750530242,,-2.959062255672246,-1.9811371756639835,1.9811371756639835,-0.2739192805419079,-0.8499819922998267,0.8499819922998267,,,,-0.6259692378316611,0.01567329398110165,1.5742261546534722,0.186386354332184,-0.14699007568142644,-0.4406512015492987,51.981145746885886,41.870709999999995,spair
snapshots/spair_steps100_pretrainedTrue_freezeFalse_2025_12_10_20_45,spair_steps100_pretrainedTrue_freezeFalse_2025_12_10_20_45,spair,steps,100,True,False,2025_12_10_20_45,kitti2012,5000,267564.55,53.51291,5,0.11033844533360074,0.011585125619621342,0.9884148743803787,0.42765313481242195,0.17331896835905788,0.8266810316409421,,,,0.5936060547828674,0.054964892566204,,-2.08728869678298,-4.446380521824637,4.446380521824638,-0.29143278093711983,-1.5622852827034868,1.5622852827034865,,,,-0.09338366288174711,-2.3095646921303477,1.5345230098018794,-1.4462536628722196,1.2752597680635631,-0.24865416516888217,53.53652133756782,53.51291,spair
snapshots/spair_steps100_pretrainedTrue_freezeFalse_2025_12_10_20_45,spair_steps100_pretrainedTrue_freezeFalse_2025_12_10_20_45,spair,steps,100,True,False,2025_12_10_20_45,middlebury,5000,155220.59999999998,31.044119999999996,5,0.05346264804107831,0.010323181094407358,0.9896768189055927,0.41510762158036985,0.3930738229145934,0.6069261770854066,,,,0.3155189752578735,0.0458586290478706,,-2.873827190500029,-4.5629864861461655,4.562986486146168,-0.34289004607407897,-0.43440972556903107,0.4344097255690311,,,,-0.5738972683072853,-2.4195484055312333,1.4178692738098404,1.1389018373373891,0.041863584077152585,-0.48520507981763783,28.217279077316498,31.044119999999996,spair
snapshots/spair_steps100_pretrainedTrue_freezeFalse_2025_12_10_20_45,spair_steps100_pretrainedTrue_freezeFalse_2025_12_10_20_45,spair,steps,100,True,False,2025_12_10_20_45,pfpascal,5000,94579.95,18.91599,5,0.06623230969278054,0.08200525268390527,0.9179947473160948,0.4686413844176667,0.21208215724649174,0.7879178427535083,,,,0.3852902948856354,0.0381798967719078,,-2.646059276006361,-2.415408366392749,2.415408366392749,-0.12559931500920307,-1.312420090175687,1.312420090175687,,,,-0.43474885704976807,-0.39393489765198925,1.9104678506617827,-0.8735483030581573,0.35131945497763123,-0.6846734061586216,22.64673136846786,18.91599,spair
snapshots/spair_steps100_pretrainedTrue_freezeFalse_2025_12_10_20_45,spair_steps100_pretrainedTrue_freezeFalse_2025_12_10_20_45,spair,steps,100,True,False,2025_12_10_20_45,pfwillow,5000,120405.6,24.081120000000002,5,0.09213415031896738,0.08560674637319668,0.9143932536268033,0.43619967193500125,0.3718319068954487,0.6281680931045512,,,,0.4819046854972839,0.1109323427081108,,-2.287850954430863,-2.368496641716818,2.3684966417168183,-0.2566000588921267,-0.5243659058638189,0.5243659058638188,,,,-0.21591154206948768,-0.3496873695609559,1.613488869151489,0.9327171099568708,0.7798320665744225,1.2051969665244457,27.05886147617492,24.081120000000002,spair
snapshots/spair_steps100_pretrainedTrue_freezeFalse_2025_12_10_20_45,spair_steps100_pretrainedTrue_freezeFalse_2025_12_10_20_45,spair,steps,100,True,False,2025_12_10_20_45,pointodyssey,5000,128408.84999999999,25.681769999999997,5,0.06179973008051197,0.0020345553986227108,0.9979654446013773,0.3462573550986866,0.3612608396094352,0.6387391603905648,,,,0.5145089626312256,0.0322001613676548,,-2.7200644367687707,-6.195441333374467,6.195441333374453,-0.6355314652486692,-0.5698959265238378,0.5698959265238379,,,,-0.47996023182939157,-3.9592933671386237,0.7544505172578364,0.8283596898590848,0.9244414136441584,-0.8400073558500394,16.375376777555072,25.681769999999997,spair
snapshots/spair_steps100_pretrainedTrue_freezeFalse_2025_12_10_20_45,spair_steps100_pretrainedTrue_freezeFalse_2025_12_10_20_45,spair,steps,100,True,False,2025_12_10_20_45,spair,5000,65488.149999999994,13.097629999999999,5,0.0661358350979418,0.15008890706796316,0.8499110929320368,0.4990134088037602,0.3087549760879852,0.6912450239120148,,,,0.3035252392292022,0.0673716217279434,,-2.647620259359524,-1.7339039151659783,1.733903915165978,-0.003946369906627482,-0.8059463494335304,0.8059463494335304,,,,-0.43570249599437055,0.24886575736831879,2.1862553512776475,0.2873185747717312,-0.011332084972886451,0.07363204202249146,21.320300137950074,13.097629999999999,spair
snapshots/spair_steps100_pretrainedTrue_freezeFalse_2025_12_10_20_45,spair_steps100_pretrainedTrue_freezeFalse_2025_12_10_20_45,spair,steps,100,True,False,2025_12_10_20_45,tss,5000,176153.0,35.2306,5,0.09820331590552803,0.10936093150247439,0.8906390684975256,0.46505151901629843,0.38896549216036236,0.6110345078396376,,,,0.3337436318397522,0.0193899981677532,,-2.217349107345649,-2.097285549398385,2.097285549398385,-0.14002225199876672,-0.4516628046351722,0.4516628046351722,,,,-0.17284041840206396,-0.0938788161799126,1.8777710200134332,1.0993567900480374,0.12269517798272894,-1.172773458613903,34.14726251286315,35.2306,spair
snapshots/spair_steps100_pretrainedTrue_freezeFalse_2025_12_12_23_44,spair_steps100_pretrainedTrue_freezeFalse_2025_12_12_23_44,spair,steps,100,True,False,2025_12_12_23_44,flyingthings,5000,254602.65000000002,50.92053000000001,5,0.04930994753527558,0.12119766650200803,0.878802333497992,0.43194517155020795,0.29943663506574203,0.700563364934258,,,,0.2729391753673553,0.0475737750530242,,-2.959062255672246,-1.9811371756639835,1.9811371756639835,-0.2739192805419079,-0.8499819922998267,0.8499819922998267,,,,-0.6259692378316611,0.01567329398110165,1.5742261546534722,0.186386354332184,-0.14699007568142644,-0.4406512015492987,51.981145746885886,50.92053000000001,spair
snapshots/spair_steps100_pretrainedTrue_freezeFalse_2025_12_12_23_44,spair_steps100_pretrainedTrue_freezeFalse_2025_12_12_23_44,spair,steps,100,True,False,2025_12_12_23_44,kitti2012,5000,309655.45,61.931090000000005,5,0.11033844533360074,0.011585125619621342,0.9884148743803787,0.42765313481242195,0.17331896835905788,0.8266810316409421,,,,0.5936060547828674,0.054964892566204,,-2.08728869678298,-4.446380521824637,4.446380521824638,-0.29143278093711983,-1.5622852827034868,1.5622852827034865,,,,-0.09338366288174711,-2.3095646921303477,1.5345230098018794,-1.4462536628722196,1.2752597680635631,-0.24865416516888217,53.53652133756782,61.931090000000005,spair
snapshots/spair_steps100_pretrainedTrue_freezeFalse_2025_12_12_23_44,spair_steps100_pretrainedTrue_freezeFalse_2025_12_12_23_44,spair,steps,100,True,False,2025_12_12_23_44,middlebury,5000,179135.05,35.827009999999994,5,0.05346264804107831,0.010323181094407358,0.9896768189055927,0.41510762158036985,0.3930738229145934,0.6069261770854066,,,,0.3155189752578735,0.0458586290478706,,-2.873827190500029,-4.5629864861461655,4.562986486146168,-0.34289004607407897,-0.43440972556903107,0.4344097255690311,,,,-0.5738972683072853,-2.4195484055312333,1.4178692738098404,1.1389018373373891,0.041863584077152585,-0.48520507981763783,28.217279077316498,35.827009999999994,spair
snapshots/spair_steps100_pretrainedTrue_freezeFalse_2025_12_12_23_44,spair_steps100_pretrainedTrue_freezeFalse_2025_12_12_23_44,spair,steps,100,True,False,2025_12_12_23_44,pfpascal,5000,124921.75,24.98435,5,0.06623230969278054,0.08200525268390527,0.9179947473160948,0.4686413844176667,0.21208215724649174,0.7879178427535083,,,,0.3852902948856354,0.0381798967719078,,-2.646059276006361,-2.415408366392749,2.415408366392749,-0.12559931500920307,-1.312420090175687,1.312420090175687,,,,-0.43474885704976807,-0.39393489765198925,1.9104678506617827,-0.8735483030581573,0.35131945497763123,-0.6846734061586216,22.64673136846786,24.98435,spair
snapshots/spair_steps100_pretrainedTrue_freezeFalse_2025_12_12_23_44,spair_steps100_pretrainedTrue_freezeFalse_2025_12_12_23_44,spair,steps,100,True,False,2025_12_12_23_44,pfwillow,5000,142872.19999999998,28.574439999999996,5,0.09213415031896738,0.08560674637319668,0.9143932536268033,0.43619967193500125,0.3718319068954487,0.6281680931045512,,,,0.4819046854972839,0.1109323427081108,,-2.287850954430863,-2.368496641716818,2.3684966417168183,-0.2566000588921267,-0.5243659058638189,0.5243659058638188,,,,-0.21591154206948768,-0.3496873695609559,1.613488869151489,0.9327171099568708,0.7798320665744225,1.2051969665244457,27.05886147617492,28.574439999999996,spair
snapshots/spair_steps100_pretrainedTrue_freezeFalse_2025_12_12_23_44,spair_steps100_pretrainedTrue_freezeFalse_2025_12_12_23_44,spair,steps,100,True,False,2025_12_12_23_44,pointodyssey,5000,118003.55,23.60071,5,0.06179973008051197,0.0020345553986227108,0.9979654446013773,0.3462573550986866,0.3612608396094352,0.6387391603905648,,,,0.5145089626312256,0.0322001613676548,,-2.7200644367687707,-6.195441333374467,6.195441333374453,-0.6355314652486692,-0.5698959265238378,0.5698959265238379,,,,-0.47996023182939157,-3.9592933671386237,0.7544505172578364,0.8283596898590848,0.9244414136441584,-0.8400073558500394,16.375376777555072,23.60071,spair
snapshots/spair_steps100_pretrainedTrue_freezeFalse_2025_12_12_23_44,spair_steps100_pretrainedTrue_freezeFalse_2025_12_12_23_44,spair,steps,100,True,False,2025_12_12_23_44,spair,5000,90641.29999999999,18.128259999999997,5,0.0661358350979418,0.15008890706796316,0.8499110929320368,0.4990134088037602,0.3087549760879852,0.6912450239120148,,,,0.3035252392292022,0.0673716217279434,,-2.647620259359524,-1.7339039151659783,1.733903915165978,-0.003946369906627482,-0.8059463494335304,0.8059463494335304,,,,-0.43570249599437055,0.24886575736831879,2.1862553512776475,0.2873185747717312,-0.011332084972886451,0.07363204202249146,21.320300137950074,18.128259999999997,spair
snapshots/spair_steps100_pretrainedTrue_freezeFalse_2025_12_12_23_44,spair_steps100_pretrainedTrue_freezeFalse_2025_12_12_23_44,spair,steps,100,True,False,2025_12_12_23_44,tss,5000,208331.19999999998,41.666239999999995,5,0.09820331590552803,0.10936093150247439,0.8906390684975256,0.46505151901629843,0.38896549216036236,0.6110345078396376,,,,0.3337436318397522,0.0193899981677532,,-2.217349107345649,-2.097285549398385,2.097285549398385,-0.14002225199876672,-0.4516628046351722,0.4516628046351722,,,,-0.17284041840206396,-0.0938788161799126,1.8777710200134332,1.0993567900480374,0.12269517798272894,-1.172773458613903,34.14726251286315,41.666239999999995,spair
snapshots/spair_steps100_pretrainedTrue_freezeTrue_2025_12_10_19_45,spair_steps100_pretrainedTrue_freezeTrue_2025_12_10_19_45,spair,steps,100,True,True,2025_12_10_19_45,flyingthings,5000,270599.5,54.1199,5,0.04930994753527558,0.12119766650200803,0.878802333497992,0.43194517155020795,0.29943663506574203,0.700563364934258,,,,0.2729391753673553,0.0475737750530242,,-2.959062255672246,-1.9811371756639835,1.9811371756639835,-0.2739192805419079,-0.8499819922998267,0.8499819922998267,,,,-0.6259692378316611,0.01567329398110165,1.5742261546534722,0.186386354332184,-0.14699007568142644,-0.4406512015492987,51.981145746885886,54.1199,spair
snapshots/spair_steps100_pretrainedTrue_freezeTrue_2025_12_10_19_45,spair_steps100_pretrainedTrue_freezeTrue_2025_12_10_19_45,spair,steps,100,True,True,2025_12_10_19_45,kitti2012,5000,313304.4,62.660880000000006,5,0.11033844533360074,0.011585125619621342,0.9884148743803787,0.42765313481242195,0.17331896835905788,0.8266810316409421,,,,0.5936060547828674,0.054964892566204,,-2.08728869678298,-4.446380521824637,4.446380521824638,-0.29143278093711983,-1.5622852827034868,1.5622852827034865,,,,-0.09338366288174711,-2.3095646921303477,1.5345230098018794,-1.4462536628722196,1.2752597680635631,-0.24865416516888217,53.53652133756782,62.660880000000006,spair
snapshots/spair_steps100_pretrainedTrue_freezeTrue_2025_12_10_19_45,spair_steps100_pretrainedTrue_freezeTrue_2025_12_10_19_45,spair,steps,100,True,True,2025_12_10_19_45,middlebury,5000,189102.34999999998,37.82046999999999,5,0.05346264804107831,0.010323181094407358,0.9896768189055927,0.41510762158036985,0.3930738229145934,0.6069261770854066,,,,0.3155189752578735,0.0458586290478706,,-2.873827190500029,-4.5629864861461655,4.562986486146168,-0.34289004607407897,-0.43440972556903107,0.4344097255690311,,,,-0.5738972683072853,-2.4195484055312333,1.4178692738098404,1.1389018373373891,0.041863584077152585,-0.48520507981763783,28.217279077316498,37.82046999999999,spair
snapshots/spair_steps100_pretrainedTrue_freezeTrue_2025_12_10_19_45,spair_steps100_pretrainedTrue_freezeTrue_2025_12_10_19_45,spair,steps,100,True,True,2025_12_10_19_45,pfpascal,5000,134819.8,26.963959999999997,5,0.06623230969278054,0.08200525268390527,0.9179947473160948,0.4686413844176667,0.21208215724649174,0.7879178427535083,,,,0.3852902948856354,0.0381798967719078,,-2.646059276006361,-2.415408366392749,2.415408366392749,-0.12559931500920307,-1.312420090175687,1.312420090175687,,,,-0.43474885704976807,-0.39393489765198925,1.9104678506617827,-0.8735483030581573,0.35131945497763123,-0.6846734061586216,22.64673136846786,26.963959999999997,spair
snapshots/spair_steps100_pretrainedTrue_freezeTrue_2025_12_10_19_45,spair_steps100_pretrainedTrue_freezeTrue_2025_12_10_19_45,spair,steps,100,True,True,2025_12_10_19_45,pfwillow,5000,158016.59999999998,31.603319999999997,5,0.09213415031896738,0.08560674637319668,0.9143932536268033,0.43619967193500125,0.3718319068954487,0.6281680931045512,,,,0.4819046854972839,0.1109323427081108,,-2.287850954430863,-2.368496641716818,2.3684966417168183,-0.2566000588921267,-0.5243659058638189,0.5243659058638188,,,,-0.21591154206948768,-0.3496873695609559,1.613488869151489,0.9327171099568708,0.7798320665744225,1.2051969665244457,27.05886147617492,31.603319999999997,spair
snapshots/spair_steps100_pretrainedTrue_freezeTrue_2025_12_10_19_45,spair_steps100_pretrainedTrue_freezeTrue_2025_12_10_19_45,spair,steps,100,True,True,2025_12_10_19_45,pointodyssey,5000,120705.95000000001,24.14119,5,0.06179973008051197,0.0020345553986227108,0.9979654446013773,0.3462573550986866,0.3612608396094352,0.6387391603905648,,,,0.5145089626312256,0.0322001613676548,,-2.7200644367687707,-6.195441333374467,6.195441333374453,-0.6355314652486692,-0.5698959265238378,0.5698959265238379,,,,-0.47996023182939157,-3.9592933671386237,0.7544505172578364,0.8283596898590848,0.9244414136441584,-0.8400073558500394,16.375376777555072,24.14119,spair
snapshots/spair_steps100_pretrainedTrue_freezeTrue_2025_12_10_19_45,spair_steps100_pretrainedTrue_freezeTrue_2025_12_10_19_45,spair,steps,100,True,True,2025_12_10_19_45,spair,5000,94215.84999999999,18.843169999999997,5,0.0661358350979418,0.15008890706796316,0.8499110929320368,0.4990134088037602,0.3087549760879852,0.6912450239120148,,,,0.3035252392292022,0.0673716217279434,,-2.647620259359524,-1.7339039151659783,1.733903915165978,-0.003946369906627482,-0.8059463494335304,0.8059463494335304,,,,-0.43570249599437055,0.24886575736831879,2.1862553512776475,0.2873185747717312,-0.011332084972886451,0.07363204202249146,21.320300137950074,18.843169999999997,spair
snapshots/spair_steps100_pretrainedTrue_freezeTrue_2025_12_10_19_45,spair_steps100_pretrainedTrue_freezeTrue_2025_12_10_19_45,spair,steps,100,True,True,2025_12_10_19_45,tss,5000,218391.84999999998,43.678369999999994,5,0.09820331590552803,0.10936093150247439,0.8906390684975256,0.46505151901629843,0.38896549216036236,0.6110345078396376,,,,0.3337436318397522,0.0193899981677532,,-2.217349107345649,-2.097285549398385,2.097285549398385,-0.14002225199876672,-0.4516628046351722,0.4516628046351722,,,,-0.17284041840206396,-0.0938788161799126,1.8777710200134332,1.0993567900480374,0.12269517798272894,-1.172773458613903,34.14726251286315,43.678369999999994,spair
snapshots/spair_steps100_pretrainedTrue_freezeTrue_2025_12_12_11_46,spair_steps100_pretrainedTrue_freezeTrue_2025_12_12_11_46,spair,steps,100,True,True,2025_12_12_11_46,flyingthings,5000,256408.1,51.281620000000004,5,0.04930994753527558,0.12119766650200803,0.878802333497992,0.43194517155020795,0.29943663506574203,0.700563364934258,,,,0.2729391753673553,0.0475737750530242,,-2.959062255672246,-1.9811371756639835,1.9811371756639835,-0.2739192805419079,-0.8499819922998267,0.8499819922998267,,,,-0.6259692378316611,0.01567329398110165,1.5742261546534722,0.186386354332184,-0.14699007568142644,-0.4406512015492987,51.981145746885886,51.281620000000004,spair
snapshots/spair_steps100_pretrainedTrue_freezeTrue_2025_12_12_11_46,spair_steps100_pretrainedTrue_freezeTrue_2025_12_12_11_46,spair,steps,100,True,True,2025_12_12_11_46,kitti2012,5000,316265.5,63.2531,5,0.11033844533360074,0.011585125619621342,0.9884148743803787,0.42765313481242195,0.17331896835905788,0.8266810316409421,,,,0.5936060547828674,0.054964892566204,,-2.08728869678298,-4.446380521824637,4.446380521824638,-0.29143278093711983,-1.5622852827034868,1.5622852827034865,,,,-0.09338366288174711,-2.3095646921303477,1.5345230098018794,-1.4462536628722196,1.2752597680635631,-0.24865416516888217,53.53652133756782,63.2531,spair
snapshots/spair_steps100_pretrainedTrue_freezeTrue_2025_12_12_11_46,spair_steps100_pretrainedTrue_freezeTrue_2025_12_12_11_46,spair,steps,100,True,True,2025_12_12_11_46,middlebury,5000,182239.1,36.44782,5,0.05346264804107831,0.010323181094407358,0.9896768189055927,0.41510762158036985,0.3930738229145934,0.6069261770854066,,,,0.3155189752578735,0.0458586290478706,,-2.873827190500029,-4.5629864861461655,4.562986486146168,-0.34289004607407897,-0.43440972556903107,0.4344097255690311,,,,-0.5738972683072853,-2.4195484055312333,1.4178692738098404,1.1389018373373891,0.041863584077152585,-0.48520507981763783,28.217279077316498,36.44782,spair
snapshots/spair_steps100_pretrainedTrue_freezeTrue_2025_12_12_11_46,spair_steps100_pretrainedTrue_freezeTrue_2025_12_12_11_46,spair,steps,100,True,True,2025_12_12_11_46,pfpascal,5000,137927.45,27.585490000000004,5,0.06623230969278054,0.08200525268390527,0.9179947473160948,0.4686413844176667,0.21208215724649174,0.7879178427535083,,,,0.3852902948856354,0.0381798967719078,,-2.646059276006361,-2.415408366392749,2.415408366392749,-0.12559931500920307,-1.312420090175687,1.312420090175687,,,,-0.43474885704976807,-0.39393489765198925,1.9104678506617827,-0.8735483030581573,0.35131945497763123,-0.6846734061586216,22.64673136846786,27.585490000000004,spair
snapshots/spair_steps100_pretrainedTrue_freezeTrue_2025_12_12_11_46,spair_steps100_pretrainedTrue_freezeTrue_2025_12_12_11_46,spair,steps,100,True,True,2025_12_12_11_46,pfwillow,5000,160377.85,32.07557,5,0.09213415031896738,0.08560674637319668,0.9143932536268033,0.43619967193500125,0.3718319068954487,0.6281680931045512,,,,0.4819046854972839,0.1109323427081108,,-2.287850954430863,-2.368496641716818,2.3684966417168183,-0.2566000588921267,-0.5243659058638189,0.5243659058638188,,,,-0.21591154206948768,-0.3496873695609559,1.613488869151489,0.9327171099568708,0.7798320665744225,1.2051969665244457,27.05886147617492,32.07557,spair
snapshots/spair_steps100_pretrainedTrue_freezeTrue_2025_12_12_11_46,spair_steps100_pretrainedTrue_freezeTrue_2025_12_12_11_46,spair,steps,100,True,True,2025_12_12_11_46,pointodyssey,5000,119452.4,23.89048,5,0.06179973008051197,0.0020345553986227108,0.9979654446013773,0.3462573550986866,0.3612608396094352,0.6387391603905648,,,,0.5145089626312256,0.0322001613676548,,-2.7200644367687707,-6.195441333374467,6.195441333374453,-0.6355314652486692,-0.5698959265238378,0.5698959265238379,,,,-0.47996023182939157,-3.9592933671386237,0.7544505172578364,0.8283596898590848,0.9244414136441584,-0.8400073558500394,16.375376777555072,23.89048,spair
snapshots/spair_steps100_pretrainedTrue_freezeTrue_2025_12_12_11_46,spair_steps100_pretrainedTrue_freezeTrue_2025_12_12_11_46,spair,steps,100,True,True,2025_12_12_11_46,spair,5000,95434.45000000001,19.086890000000004,5,0.0661358350979418,0.15008890706796316,0.8499110929320368,0.4990134088037602,0.3087549760879852,0.6912450239120148,,,,0.3035252392292022,0.0673716217279434,,-2.647620259359524,-1.7339039151659783,1.733903915165978,-0.003946369906627482,-0.8059463494335304,0.8059463494335304,,,,-0.43570249599437055,0.24886575736831879,2.1862553512776475,0.2873185747717312,-0.011332084972886451,0.07363204202249146,21.320300137950074,19.086890000000004,spair
snapshots/spair_steps100_pretrainedTrue_freezeTrue_2025_12_12_11_46,spair_steps100_pretrainedTrue_freezeTrue_2025_12_12_11_46,spair,steps,100,True,True,2025_12_12_11_46,tss,5000,213405.45,42.681090000000005,5,0.09820331590552803,0.10936093150247439,0.8906390684975256,0.46505151901629843,0.38896549216036236,0.6110345078396376,,,,0.3337436318397522,0.0193899981677532,,-2.217349107345649,-2.097285549398385,2.097285549398385,-0.14002225199876672,-0.4516628046351722,0.4516628046351722,,,,-0.17284041840206396,-0.0938788161799126,1.8777710200134332,1.0993567900480374,0.12269517798272894,-1.172773458613903,34.14726251286315,42.681090000000005,spair
snapshots/spair_synthetic_steps100_pretrainedFalse_freezeFalse_2025_12_16_15_25,spair_synthetic_steps100_pretrainedFalse_freezeFalse_2025_12_16_15_25,spair_synthetic_50_50,steps,100,False,False,2025_12_16_15_25,flyingthings,5000,237635.7,47.52714,5,0.23041522716510526,0.25223960176634524,0.7477603982336547,0.2754375575262704,0.34318796939137186,0.6568120306086281,,,,0.1104783117771148,0.035851165652275,,-1.2059680965741055,-1.0867031669961114,1.0867031669961111,-0.9672069935797729,-0.6491195621966254,0.6491195621966254,,,,0.5411845660920764,0.869335618841929,-0.18850749616196738,0.6519390524030179,-0.9610221102589154,-0.7334479742727469,59.14477933683064,47.52714,spair_synthetic_50_50
snapshots/spair_synthetic_steps100_pretrainedFalse_freezeFalse_2025_12_16_15_25,spair_synthetic_steps100_pretrainedFalse_freezeFalse_2025_12_16_15_25,spair_synthetic_50_50,steps,100,False,False,2025_12_16_15_25,kitti2012,5000,318412.75,63.68255,5,0.30771727439386476,0.0335470127077994,0.9664529872922006,0.29876790366475525,0.2168942235712415,0.7831057764287586,,,,0.4121509492397308,0.0354292653501033,,-0.8108130140644382,-3.360684835795655,3.360684835795656,-0.8531718954032186,-1.2838579923731432,1.2838579923731435,,,,0.7917547315575636,-1.0251240535177626,0.045020482377813344,-0.8150142527037252,0.40502853943396033,-0.7446142296158192,54.18084721953112,63.68255,spair_synthetic_50_50
snapshots/spair_synthetic_steps100_pretrainedFalse_freezeFalse_2025_12_16_15_25,spair_synthetic_steps100_pretrainedFalse_freezeFalse_2025_12_16_15_25,spair_synthetic_50_50,steps,100,False,False,2025_12_16_15_25,middlebury,5000,156926.0,31.3852,5,0.26969706120447506,0.03634674041779431,0.9636532595822057,0.2566748316278735,0.4255898253393061,0.5744101746606939,,,,0.1236079633235931,0.0342331901192665,,-0.9961600991603395,-3.277627012855748,3.2776270128557483,-1.0633235542621695,-0.29986770000881124,0.2998677000088112,,,,0.6742250531182395,-0.9559283787273357,-0.3853408087058341,1.4591001587639802,-0.9015676990926711,-0.7762702425845245,37.07052902924425,31.3852,spair_synthetic_50_50
snapshots/spair_synthetic_steps100_pretrainedFalse_freezeFalse_2025_12_16_15_25,spair_synthetic_steps100_pretrainedFalse_freezeFalse_2025_12_16_15_25,spair_synthetic_50_50,steps,100,False,False,2025_12_16_15_25,pfpascal,5000,51177.700000000004,10.23554,5,0.22222655431921018,0.145657701618237,0.854342298381763,0.3223116150894453,0.2455761239067268,0.7544238760932732,,,,0.2536724805831909,0.0515388920903205,,-1.2527379043944402,-1.7690725716812055,1.7690725716812055,-0.743168746708722,-1.1223474037508632,1.1223474037508636,,,,0.5115275554574136,0.30085200414751456,0.27029159064541103,-0.4417447600667337,-0.3126023895475462,-0.31824760997389906,26.738780628421047,10.23554,spair_synthetic_50_50
snapshots/spair_synthetic_steps100_pretrainedFalse_freezeFalse_2025_12_16_15_25,spair_synthetic_steps100_pretrainedFalse_freezeFalse_2025_12_16_15_25,spair_synthetic_50_50,steps,100,False,False,2025_12_16_15_25,pfwillow,5000,55450.0,11.09,5,0.21842730083653572,0.09922080329361137,0.9007791967063886,0.29969491275177895,0.3988699972902844,0.6011300027097156,,,,0.2627067863941192,0.1132879182696342,,-1.274854930807428,-2.205912459950575,2.205912459950575,-0.8487510793092267,-0.410175679337559,0.4101756793375589,,,,0.49750301872942826,-0.06308037180752961,0.05407369724265853,1.2041657682136044,-0.2716927484665845,1.3160375279013352,30.137778710476628,11.09,spair_synthetic_50_50
snapshots/spair_synthetic_steps100_pretrainedFalse_freezeFalse_2025_12_16_15_25,spair_synthetic_steps100_pretrainedFalse_freezeFalse_2025_12_16_15_25,spair_synthetic_50_50,steps,100,False,False,2025_12_16_15_25,pointodyssey,5000,165306.05000000002,33.06121,5,0.31263284459879,0.008631925925862394,0.9913680740741376,0.17062533021097082,0.3824502699451825,0.6175497300548175,,,,0.274597555398941,0.027011290192604,,-0.7878391008003387,-4.74361823561963,4.743618235619633,-1.5812019057022975,-0.4791609681622015,0.4791609681622015,,,,0.8063226252852985,-2.177249240572977,-1.445883452814263,1.0447328543802483,-0.21784831344918046,-0.9674091875630728,24.697859276395178,33.06121,spair_synthetic_50_50
snapshots/spair_synthetic_steps100_pretrainedFalse_freezeFalse_2025_12_16_15_25,spair_synthetic_steps100_pretrainedFalse_freezeFalse_2025_12_16_15_25,spair_synthetic_50_50,steps,100,False,False,2025_12_16_15_25,spair,5000,14989.5,2.9979,5,0.09420785884293656,0.11717323829238444,0.8828267617076155,0.31920437322478035,0.3080873337529009,0.6919126662470991,,,,0.2671886682510376,0.0845907628536224,,-2.2633062496397813,-2.019475479645307,2.0194754796453065,-0.757430587522175,-0.8090764488816073,0.8090764488816075,,,,-0.12927978497737314,0.09224073102761539,0.2410853295146027,0.28226034312451365,-0.25139764423046096,0.5565221557966421,14.39829063577487,2.9979,spair_synthetic_50_50
snapshots/spair_synthetic_steps100_pretrainedFalse_freezeFalse_2025_12_16_15_25,spair_synthetic_steps100_pretrainedFalse_freezeFalse_2025_12_16_15_25,spair_synthetic_50_50,steps,100,False,False,2025_12_16_15_25,tss,5000,108058.95000000001,21.611790000000003,5,0.2587634396990833,0.16801685404374367,0.8319831459562563,0.3033871081201548,0.42663095083904823,0.5733690491609518,,,,0.1759923994541168,0.0421675592660903,,-1.0524055349222319,-1.5997478872915871,1.5997478872915871,-0.8312202899747062,-0.29561021847652375,0.2956102184765238,,,,0.6385594909900061,0.44191681153468526,0.08997430908024297,1.4689396868408975,-0.6643576106610853,-0.5662746786477775,35.70317810444759,21.611790000000003,spair_synthetic_50_50
snapshots/spair_synthetic_steps100_pretrainedFalse_freezeTrue_2025_12_16_15_25,spair_synthetic_steps100_pretrainedFalse_freezeTrue_2025_12_16_15_25,spair_synthetic_50_50,steps,100,False,True,2025_12_16_15_25,flyingthings,5000,220509.95,44.10199,5,0.23041522716510526,0.25223960176634524,0.7477603982336547,0.2754375575262704,0.34318796939137186,0.6568120306086281,,,,0.1104783117771148,0.035851165652275,,-1.2059680965741055,-1.0867031669961114,1.0867031669961111,-0.9672069935797729,-0.6491195621966254,0.6491195621966254,,,,0.5411845660920764,0.869335618841929,-0.18850749616196738,0.6519390524030179,-0.9610221102589154,-0.7334479742727469,59.14477933683064,44.10199,spair_synthetic_50_50
snapshots/spair_synthetic_steps100_pretrainedFalse_freezeTrue_2025_12_16_15_25,spair_synthetic_steps100_pretrainedFalse_freezeTrue_2025_12_16_15_25,spair_synthetic_50_50,steps,100,False,True,2025_12_16_15_25,kitti2012,5000,302953.0,60.5906,5,0.30771727439386476,0.0335470127077994,0.9664529872922006,0.29876790366475525,0.2168942235712415,0.7831057764287586,,,,0.4121509492397308,0.0354292653501033,,-0.8108130140644382,-3.360684835795655,3.360684835795656,-0.8531718954032186,-1.2838579923731432,1.2838579923731435,,,,0.7917547315575636,-1.0251240535177626,0.045020482377813344,-0.8150142527037252,0.40502853943396033,-0.7446142296158192,54.18084721953112,60.5906,spair_synthetic_50_50
snapshots/spair_synthetic_steps100_pretrainedFalse_freezeTrue_2025_12_16_15_25,spair_synthetic_steps100_pretrainedFalse_freezeTrue_2025_12_16_15_25,spair_synthetic_50_50,steps,100,False,True,2025_12_16_15_25,middlebury,5000,144046.6,28.80932,5,0.26969706120447506,0.03634674041779431,0.9636532595822057,0.2566748316278735,0.4255898253393061,0.5744101746606939,,,,0.1236079633235931,0.0342331901192665,,-0.9961600991603395,-3.277627012855748,3.2776270128557483,-1.0633235542621695,-0.29986770000881124,0.2998677000088112,,,,0.6742250531182395,-0.9559283787273357,-0.3853408087058341,1.4591001587639802,-0.9015676990926711,-0.7762702425845245,37.07052902924425,28.80932,spair_synthetic_50_50
snapshots/spair_synthetic_steps100_pretrainedFalse_freezeTrue_2025_12_16_15_25,spair_synthetic_steps100_pretrainedFalse_freezeTrue_2025_12_16_15_25,spair_synthetic_50_50,steps,100,False,True,2025_12_16_15_25,pfpascal,5000,50028.2,10.00564,5,0.22222655431921018,0.145657701618237,0.854342298381763,0.3223116150894453,0.2455761239067268,0.7544238760932732,,,,0.2536724805831909,0.0515388920903205,,-1.2527379043944402,-1.7690725716812055,1.7690725716812055,-0.743168746708722,-1.1223474037508632,1.1223474037508636,,,,0.5115275554574136,0.30085200414751456,0.27029159064541103,-0.4417447600667337,-0.3126023895475462,-0.31824760997389906,26.738780628421047,10.00564,spair_synthetic_50_50
snapshots/spair_synthetic_steps100_pretrainedFalse_freezeTrue_2025_12_16_15_25,spair_synthetic_steps100_pretrainedFalse_freezeTrue_2025_12_16_15_25,spair_synthetic_50_50,steps,100,False,True,2025_12_16_15_25,pfwillow,5000,51644.4,10.32888,5,0.21842730083653572,0.09922080329361137,0.9007791967063886,0.29969491275177895,0.3988699972902844,0.6011300027097156,,,,0.2627067863941192,0.1132879182696342,,-1.274854930807428,-2.205912459950575,2.205912459950575,-0.8487510793092267,-0.410175679337559,0.4101756793375589,,,,0.49750301872942826,-0.06308037180752961,0.05407369724265853,1.2041657682136044,-0.2716927484665845,1.3160375279013352,30.137778710476628,10.32888,spair_synthetic_50_50
snapshots/spair_synthetic_steps100_pretrainedFalse_freezeTrue_2025_12_16_15_25,spair_synthetic_steps100_pretrainedFalse_freezeTrue_2025_12_16_15_25,spair_synthetic_50_50,steps,100,False,True,2025_12_16_15_25,pointodyssey,5000,156424.25,31.28485,5,0.31263284459879,0.008631925925862394,0.9913680740741376,0.17062533021097082,0.3824502699451825,0.6175497300548175,,,,0.274597555398941,0.027011290192604,,-0.7878391008003387,-4.74361823561963,4.743618235619633,-1.5812019057022975,-0.4791609681622015,0.4791609681622015,,,,0.8063226252852985,-2.177249240572977,-1.445883452814263,1.0447328543802483,-0.21784831344918046,-0.9674091875630728,24.697859276395178,31.28485,spair_synthetic_50_50
snapshots/spair_synthetic_steps100_pretrainedFalse_freezeTrue_2025_12_16_15_25,spair_synthetic_steps100_pretrainedFalse_freezeTrue_2025_12_16_15_25,spair_synthetic_50_50,steps,100,False,True,2025_12_16_15_25,spair,5000,14702.3,2.94046,5,0.09420785884293656,0.11717323829238444,0.8828267617076155,0.31920437322478035,0.3080873337529009,0.6919126662470991,,,,0.2671886682510376,0.0845907628536224,,-2.2633062496397813,-2.019475479645307,2.0194754796453065,-0.757430587522175,-0.8090764488816073,0.8090764488816075,,,,-0.12927978497737314,0.09224073102761539,0.2410853295146027,0.28226034312451365,-0.25139764423046096,0.5565221557966421,14.39829063577487,2.94046,spair_synthetic_50_50
snapshots/spair_synthetic_steps100_pretrainedFalse_freezeTrue_2025_12_16_15_25,spair_synthetic_steps100_pretrainedFalse_freezeTrue_2025_12_16_15_25,spair_synthetic_50_50,steps,100,False,True,2025_12_16_15_25,tss,5000,106531.0,21.3062,5,0.2587634396990833,0.16801685404374367,0.8319831459562563,0.3033871081201548,0.42663095083904823,0.5733690491609518,,,,0.1759923994541168,0.0421675592660903,,-1.0524055349222319,-1.5997478872915871,1.5997478872915871,-0.8312202899747062,-0.29561021847652375,0.2956102184765238,,,,0.6385594909900061,0.44191681153468526,0.08997430908024297,1.4689396868408975,-0.6643576106610853,-0.5662746786477775,35.70317810444759,21.3062,spair_synthetic_50_50
snapshots/spair_synthetic_steps100_pretrainedTrue_freezeFalse_2025_12_16_15_25,spair_synthetic_steps100_pretrainedTrue_freezeFalse_2025_12_16_15_25,spair_synthetic_50_50,steps,100,True,False,2025_12_16_15_25,flyingthings,5000,355394.85,71.07897,5,0.23041522716510526,0.25223960176634524,0.7477603982336547,0.2754375575262704,0.34318796939137186,0.6568120306086281,,,,0.1104783117771148,0.035851165652275,,-1.2059680965741055,-1.0867031669961114,1.0867031669961111,-0.9672069935797729,-0.6491195621966254,0.6491195621966254,,,,0.5411845660920764,0.869335618841929,-0.18850749616196738,0.6519390524030179,-0.9610221102589154,-0.7334479742727469,59.14477933683064,71.07897,spair_synthetic_50_50
snapshots/spair_synthetic_steps100_pretrainedTrue_freezeFalse_2025_12_16_15_25,spair_synthetic_steps100_pretrainedTrue_freezeFalse_2025_12_16_15_25,spair_synthetic_50_50,steps,100,True,False,2025_12_16_15_25,kitti2012,5000,384946.8,76.98935999999999,5,0.30771727439386476,0.0335470127077994,0.9664529872922006,0.29876790366475525,0.2168942235712415,0.7831057764287586,,,,0.4121509492397308,0.0354292653501033,,-0.8108130140644382,-3.360684835795655,3.360684835795656,-0.8531718954032186,-1.2838579923731432,1.2838579923731435,,,,0.7917547315575636,-1.0251240535177626,0.045020482377813344,-0.8150142527037252,0.40502853943396033,-0.7446142296158192,54.18084721953112,76.98935999999999,spair_synthetic_50_50
snapshots/spair_synthetic_steps100_pretrainedTrue_freezeFalse_2025_12_16_15_25,spair_synthetic_steps100_pretrainedTrue_freezeFalse_2025_12_16_15_25,spair_synthetic_50_50,steps,100,True,False,2025_12_16_15_25,middlebury,5000,214412.45,42.882490000000004,5,0.26969706120447506,0.03634674041779431,0.9636532595822057,0.2566748316278735,0.4255898253393061,0.5744101746606939,,,,0.1236079633235931,0.0342331901192665,,-0.9961600991603395,-3.277627012855748,3.2776270128557483,-1.0633235542621695,-0.29986770000881124,0.2998677000088112,,,,0.6742250531182395,-0.9559283787273357,-0.3853408087058341,1.4591001587639802,-0.9015676990926711,-0.7762702425845245,37.07052902924425,42.882490000000004,spair_synthetic_50_50
snapshots/spair_synthetic_steps100_pretrainedTrue_freezeFalse_2025_12_16_15_25,spair_synthetic_steps100_pretrainedTrue_freezeFalse_2025_12_16_15_25,spair_synthetic_50_50,steps,100,True,False,2025_12_16_15_25,pfpascal,5000,192068.75,38.41375,5,0.22222655431921018,0.145657701618237,0.854342298381763,0.3223116150894453,0.2455761239067268,0.7544238760932732,,,,0.2536724805831909,0.0515388920903205,,-1.2527379043944402,-1.7690725716812055,1.7690725716812055,-0.743168746708722,-1.1223474037508632,1.1223474037508636,,,,0.5115275554574136,0.30085200414751456,0.27029159064541103,-0.4417447600667337,-0.3126023895475462,-0.31824760997389906,26.738780628421047,38.41375,spair_synthetic_50_50
snapshots/spair_synthetic_steps100_pretrainedTrue_freezeFalse_2025_12_16_15_25,spair_synthetic_steps100_pretrainedTrue_freezeFalse_2025_12_16_15_25,spair_synthetic_50_50,steps,100,True,False,2025_12_16_15_25,pfwillow,5000,204977.75,40.99555,5,0.21842730083653572,0.09922080329361137,0.9007791967063886,0.29969491275177895,0.3988699972902844,0.6011300027097156,,,,0.2627067863941192,0.1132879182696342,,-1.274854930807428,-2.205912459950575,2.205912459950575,-0.8487510793092267,-0.410175679337559,0.4101756793375589,,,,0.49750301872942826,-0.06308037180752961,0.05407369724265853,1.2041657682136044,-0.2716927484665845,1.3160375279013352,30.137778710476628,40.99555,spair_synthetic_50_50
snapshots/spair_synthetic_steps100_pretrainedTrue_freezeFalse_2025_12_16_15_25,spair_synthetic_steps100_pretrainedTrue_freezeFalse_2025_12_16_15_25,spair_synthetic_50_50,steps,100,True,False,2025_12_16_15_25,pointodyssey,5000,175975.2,35.195040000000006,5,0.31263284459879,0.008631925925862394,0.9913680740741376,0.17062533021097082,0.3824502699451825,0.6175497300548175,,,,0.274597555398941,0.027011290192604,,-0.7878391008003387,-4.74361823561963,4.743618235619633,-1.5812019057022975,-0.4791609681622015,0.4791609681622015,,,,0.8063226252852985,-2.177249240572977,-1.445883452814263,1.0447328543802483,-0.21784831344918046,-0.9674091875630728,24.697859276395178,35.195040000000006,spair_synthetic_50_50
snapshots/spair_synthetic_steps100_pretrainedTrue_freezeFalse_2025_12_16_15_25,spair_synthetic_steps100_pretrainedTrue_freezeFalse_2025_12_16_15_25,spair_synthetic_50_50,steps,100,True,False,2025_12_16_15_25,spair,5000,92423.09999999999,18.48462,5,0.09420785884293656,0.11717323829238444,0.8828267617076155,0.31920437322478035,0.3080873337529009,0.6919126662470991,,,,0.2671886682510376,0.0845907628536224,,-2.2633062496397813,-2.019475479645307,2.0194754796453065,-0.757430587522175,-0.8090764488816073,0.8090764488816075,,,,-0.12927978497737314,0.09224073102761539,0.2410853295146027,0.28226034312451365,-0.25139764423046096,0.5565221557966421,14.39829063577487,18.48462,spair_synthetic_50_50
snapshots/spair_synthetic_steps100_pretrainedTrue_freezeFalse_2025_12_16_15_25,spair_synthetic_steps100_pretrainedTrue_freezeFalse_2025_12_16_15_25,spair_synthetic_50_50,steps,100,True,False,2025_12_16_15_25,tss,5000,262968.19999999995,52.59363999999999,5,0.2587634396990833,0.16801685404374367,0.8319831459562563,0.3033871081201548,0.42663095083904823,0.5733690491609518,,,,0.1759923994541168,0.0421675592660903,,-1.0524055349222319,-1.5997478872915871,1.5997478872915871,-0.8312202899747062,-0.29561021847652375,0.2956102184765238,,,,0.6385594909900061,0.44191681153468526,0.08997430908024297,1.4689396868408975,-0.6643576106610853,-0.5662746786477775,35.70317810444759,52.59363999999999,spair_synthetic_50_50
snapshots/spair_synthetic_steps100_pretrainedTrue_freezeTrue_2025_12_16_15_25,spair_synthetic_steps100_pretrainedTrue_freezeTrue_2025_12_16_15_25,spair_synthetic_50_50,steps,100,True,True,2025_12_16_15_25,flyingthings,5000,354598.9,70.91978,5,0.23041522716510526,0.25223960176634524,0.7477603982336547,0.2754375575262704,0.34318796939137186,0.6568120306086281,,,,0.1104783117771148,0.035851165652275,,-1.2059680965741055,-1.0867031669961114,1.0867031669961111,-0.9672069935797729,-0.6491195621966254,0.6491195621966254,,,,0.5411845660920764,0.869335618841929,-0.18850749616196738,0.6519390524030179,-0.9610221102589154,-0.7334479742727469,59.14477933683064,70.91978,spair_synthetic_50_50
snapshots/spair_synthetic_steps100_pretrainedTrue_freezeTrue_2025_12_16_15_25,spair_synthetic_steps100_pretrainedTrue_freezeTrue_2025_12_16_15_25,spair_synthetic_50_50,steps,100,True,True,2025_12_16_15_25,kitti2012,5000,385342.54999999993,77.06850999999999,5,0.30771727439386476,0.0335470127077994,0.9664529872922006,0.29876790366475525,0.2168942235712415,0.7831057764287586,,,,0.4121509492397308,0.0354292653501033,,-0.8108130140644382,-3.360684835795655,3.360684835795656,-0.8531718954032186,-1.2838579923731432,1.2838579923731435,,,,0.7917547315575636,-1.0251240535177626,0.045020482377813344,-0.8150142527037252,0.40502853943396033,-0.7446142296158192,54.18084721953112,77.06850999999999,spair_synthetic_50_50
snapshots/spair_synthetic_steps100_pretrainedTrue_freezeTrue_2025_12_16_15_25,spair_synthetic_steps100_pretrainedTrue_freezeTrue_2025_12_16_15_25,spair_synthetic_50_50,steps,100,True,True,2025_12_16_15_25,middlebury,5000,213720.85,42.744170000000004,5,0.26969706120447506,0.03634674041779431,0.9636532595822057,0.2566748316278735,0.4255898253393061,0.5744101746606939,,,,0.1236079633235931,0.0342331901192665,,-0.9961600991603395,-3.277627012855748,3.2776270128557483,-1.0633235542621695,-0.29986770000881124,0.2998677000088112,,,,0.6742250531182395,-0.9559283787273357,-0.3853408087058341,1.4591001587639802,-0.9015676990926711,-0.7762702425845245,37.07052902924425,42.744170000000004,spair_synthetic_50_50
snapshots/spair_synthetic_steps100_pretrainedTrue_freezeTrue_2025_12_16_15_25,spair_synthetic_steps100_pretrainedTrue_freezeTrue_2025_12_16_15_25,spair_synthetic_50_50,steps,100,True,True,2025_12_16_15_25,pfpascal,5000,197630.2,39.52604,5,0.22222655431921018,0.145657701618237,0.854342298381763,0.3223116150894453,0.2455761239067268,0.7544238760932732,,,,0.2536724805831909,0.0515388920903205,,-1.2527379043944402,-1.7690725716812055,1.7690725716812055,-0.743168746708722,-1.1223474037508632,1.1223474037508636,,,,0.5115275554574136,0.30085200414751456,0.27029159064541103,-0.4417447600667337,-0.3126023895475462,-0.31824760997389906,26.738780628421047,39.52604,spair_synthetic_50_50
snapshots/spair_synthetic_steps100_pretrainedTrue_freezeTrue_2025_12_16_15_25,spair_synthetic_steps100_pretrainedTrue_freezeTrue_2025_12_16_15_25,spair_synthetic_50_50,steps,100,True,True,2025_12_16_15_25,pfwillow,5000,207055.55,41.41111,5,0.21842730083653572,0.09922080329361137,0.9007791967063886,0.29969491275177895,0.3988699972902844,0.6011300027097156,,,,0.2627067863941192,0.1132879182696342,,-1.274854930807428,-2.205912459950575,2.205912459950575,-0.8487510793092267,-0.410175679337559,0.4101756793375589,,,,0.49750301872942826,-0.06308037180752961,0.05407369724265853,1.2041657682136044,-0.2716927484665845,1.3160375279013352,30.137778710476628,41.41111,spair_synthetic_50_50
snapshots/spair_synthetic_steps100_pretrainedTrue_freezeTrue_2025_12_16_15_25,spair_synthetic_steps100_pretrainedTrue_freezeTrue_2025_12_16_15_25,spair_synthetic_50_50,steps,100,True,True,2025_12_16_15_25,pointodyssey,5000,183762.59999999998,36.75252,5,0.31263284459879,0.008631925925862394,0.9913680740741376,0.17062533021097082,0.3824502699451825,0.6175497300548175,,,,0.274597555398941,0.027011290192604,,-0.7878391008003387,-4.74361823561963,4.743618235619633,-1.5812019057022975,-0.4791609681622015,0.4791609681622015,,,,0.8063226252852985,-2.177249240572977,-1.445883452814263,1.0447328543802483,-0.21784831344918046,-0.9674091875630728,24.697859276395178,36.75252,spair_synthetic_50_50
snapshots/spair_synthetic_steps100_pretrainedTrue_freezeTrue_2025_12_16_15_25,spair_synthetic_steps100_pretrainedTrue_freezeTrue_2025_12_16_15_25,spair_synthetic_50_50,steps,100,True,True,2025_12_16_15_25,spair,5000,94650.95,18.93019,5,0.09420785884293656,0.11717323829238444,0.8828267617076155,0.31920437322478035,0.3080873337529009,0.6919126662470991,,,,0.2671886682510376,0.0845907628536224,,-2.2633062496397813,-2.019475479645307,2.0194754796453065,-0.757430587522175,-0.8090764488816073,0.8090764488816075,,,,-0.12927978497737314,0.09224073102761539,0.2410853295146027,0.28226034312451365,-0.25139764423046096,0.5565221557966421,14.39829063577487,18.93019,spair_synthetic_50_50
snapshots/spair_synthetic_steps100_pretrainedTrue_freezeTrue_2025_12_16_15_25,spair_synthetic_steps100_pretrainedTrue_freezeTrue_2025_12_16_15_25,spair_synthetic_50_50,steps,100,True,True,2025_12_16_15_25,tss,5000,258845.55,51.76911,5,0.2587634396990833,0.16801685404374367,0.8319831459562563,0.3033871081201548,0.42663095083904823,0.5733690491609518,,,,0.1759923994541168,0.0421675592660903,,-1.0524055349222319,-1.5997478872915871,1.5997478872915871,-0.8312202899747062,-0.29561021847652375,0.2956102184765238,,,,0.6385594909900061,0.44191681153468526,0.08997430908024297,1.4689396868408975,-0.6643576106610853,-0.5662746786477775,35.70317810444759,51.76911,spair_synthetic_50_50
snapshots/spair_synthetic_70_30_steps100_pretrainedFalse_freezeFalse_2025_12_17_03_25,spair_synthetic_70_30_steps100_pretrainedFalse_freezeFalse_2025_12_17_03_25,spair_synthetic_70_30,steps,100,False,False,2025_12_17_03_25,flyingthings,5000,207742.25,41.54845,5,0.17276058804329186,0.23116375543553885,0.7688362445644612,0.23215171013150432,0.35369370158516267,0.6463062984148373,,,,0.1362178474664688,0.0282015278935432,,-1.5661873957316026,-1.201751643517805,1.2017516435178053,-1.1962010934680352,-0.6028422487341241,0.6028422487341242,,,,0.2982125193470747,0.7718690978243224,-0.6902624714982415,0.7686775855529975,-0.8344144629824722,-0.9572645318291559,63.53856849243225,41.54845,spair_synthetic_70_30
snapshots/spair_synthetic_70_30_steps100_pretrainedFalse_freezeFalse_2025_12_17_03_25,spair_synthetic_70_30_steps100_pretrainedFalse_freezeFalse_2025_12_17_03_25,spair_synthetic_70_30,steps,100,False,False,2025_12_17_03_25,kitti2012,5000,278466.45,55.693290000000005,5,0.2616963317464847,0.02539030563907018,0.9746096943609298,0.25977569639618103,0.2310575959038936,0.7689424040961064,,,,0.3880236148834228,0.0269870143383741,,-1.0371704221460496,-3.6476696439573746,3.6476696439573746,-1.0471347007450298,-1.202349057195712,1.2023490571957118,,,,0.631838943493894,-1.2788115766963153,-0.38153864402835325,-0.6217264281351179,0.3043471473067036,-0.9895917342875188,59.339849448232385,55.693290000000005,spair_synthetic_70_30
snapshots/spair_synthetic_70_30_steps100_pretrainedFalse_freezeFalse_2025_12_17_03_25,spair_synthetic_70_30_steps100_pretrainedFalse_freezeFalse_2025_12_17_03_25,spair_synthetic_70_30,steps,100,False,False,2025_12_17_03_25,middlebury,5000,137988.0,27.5976,5,0.1999671234740537,0.029940312414094915,0.9700596875859051,0.21573767187304554,0.4317521702636955,0.5682478297363045,,,,0.120305985212326,0.0279408656060695,,-1.386499852074957,-3.478151789588481,3.4781517895884817,-1.290680379052391,-0.27470589983790017,0.27470589983790017,,,,0.41153310384094305,-1.1366862119547252,-0.8859337165683685,1.5297066349361892,-0.9063739660117394,-0.9642026862075558,40.36619659192521,27.5976,spair_synthetic_70_30
snapshots/spair_synthetic_70_30_steps100_pretrainedFalse_freezeFalse_2025_12_17_03_25,spair_synthetic_70_30_steps100_pretrainedFalse_freezeFalse_2025_12_17_03_25,spair_synthetic_70_30,steps,100,False,False,2025_12_17_03_25,pfpascal,5000,46338.0,9.2676,5,0.17357905595125514,0.14071527173318715,0.8592847282668128,0.2797860057141694,0.25818411350221293,0.7418158864977871,,,,0.2742330431938171,0.0369174256920814,,-1.5604711116965873,-1.8093618325329903,1.8093618325329899,-0.9455233364734663,-1.0554281323302555,1.0554281323302555,,,,0.3018175140773644,0.2624429960370409,-0.17109651338227622,-0.2809806004907107,-0.2102571684809288,-0.7252699266306067,33.65383596570402,9.2676,spair_synthetic_70_30
snapshots/spair_synthetic_70_30_steps100_pretrainedFalse_freezeFalse_2025_12_17_03_25,spair_synthetic_70_30_steps100_pretrainedFalse_freezeFalse_2025_12_17_03_25,spair_synthetic_70_30,steps,100,False,False,2025_12_17_03_25,pfwillow,5000,47733.299999999996,9.54666,5,0.15360161506268313,0.09544785052529256,0.9045521494747074,0.2656473683110775,0.4138924304944335,0.5861075695055664,,,,0.3708149492740631,0.1022386401891708,,-1.706627817557568,-2.248859928216821,2.2488599282168207,-1.0168195916463527,-0.3478972280999142,0.3478972280999141,,,,0.20964327095056676,-0.1060363442946798,-0.3187545627867707,1.3599579095733993,0.2265230054641011,1.0134114712723847,34.7593690699884,9.54666,spair_synthetic_70_30
snapshots/spair_synthetic_70_30_steps100_pretrainedFalse_freezeFalse_2025_12_17_03_25,spair_synthetic_70_30_steps100_pretrainedFalse_freezeFalse_2025_12_17_03_25,spair_synthetic_70_30,steps,100,False,False,2025_12_17_03_25,pointodyssey,5000,103307.35,20.66147,5,0.23104183374112514,0.006581416580988646,0.9934185834190113,0.1378931598136922,0.39361450967781386,0.6063854903221861,,,,0.3946229219436645,0.0167509280145168,,-1.2024377752705042,-5.016902101351642,5.016902101351641,-1.8329000264571695,-0.4321438779554656,0.4321438779554657,,,,0.5276125031258052,-2.4267889572954235,-2.0088972619949446,1.164569169286155,0.33419172796029023,-1.2620498172494163,30.766875843427886,20.66147,spair_synthetic_70_30
snapshots/spair_synthetic_70_30_steps100_pretrainedFalse_freezeFalse_2025_12_17_03_25,spair_synthetic_70_30_steps100_pretrainedFalse_freezeFalse_2025_12_17_03_25,spair_synthetic_70_30,steps,100,False,False,2025_12_17_03_25,spair,5000,13942.25,2.78845,5,0.07042671771884033,0.11463599350578561,0.8853640064942144,0.2798155606641637,0.3167019016540466,0.6832980983459533,,,,0.2784315347671509,0.0725450739264488,,-2.580152940374075,-2.0442370327924806,2.044237032792481,-0.9453766707399393,-0.7689702606209312,0.7689702606209311,,,,-0.3412484351367275,0.06552141730474462,-0.1707927614380181,0.38338579027517383,-0.19126999009387324,0.223045711911082,19.532405954716147,2.78845,spair_synthetic_70_30
snapshots/spair_synthetic_70_30_steps100_pretrainedFalse_freezeFalse_2025_12_17_03_25,spair_synthetic_70_30_steps100_pretrainedFalse_freezeFalse_2025_12_17_03_25,spair_synthetic_70_30,steps,100,False,False,2025_12_17_03_25,tss,5000,95388.6,19.077720000000003,5,0.20164135962828172,0.15738156185552976,0.8426184381444702,0.2618612033036381,0.43841706603412023,0.5615829339658798,,,,0.1871063709259033,0.0306596495211124,,-1.376067248472054,-1.6778410445842615,1.6778410445842613,-1.036317273315061,-0.24758880113880802,0.24758880113880793,,,,0.41811246217605863,0.37271126263294246,-0.35913522003349374,1.5925978687614515,-0.6042771729816938,-0.8918357062853806,40.979984653475455,19.077720000000003,spair_synthetic_70_30
snapshots/spair_synthetic_70_30_steps100_pretrainedFalse_freezeTrue_2025_12_16_15_25,spair_synthetic_70_30_steps100_pretrainedFalse_freezeTrue_2025_12_16_15_25,spair_synthetic_70_30,steps,100,False,True,2025_12_16_15_25,flyingthings,5000,205095.5,41.0191,5,0.17276058804329186,0.23116375543553885,0.7688362445644612,0.23215171013150432,0.35369370158516267,0.6463062984148373,,,,0.1362178474664688,0.0282015278935432,,-1.5661873957316026,-1.201751643517805,1.2017516435178053,-1.1962010934680352,-0.6028422487341241,0.6028422487341242,,,,0.2982125193470747,0.7718690978243224,-0.6902624714982415,0.7686775855529975,-0.8344144629824722,-0.9572645318291559,63.53856849243225,41.0191,spair_synthetic_70_30
snapshots/spair_synthetic_70_30_steps100_pretrainedFalse_freezeTrue_2025_12_16_15_25,spair_synthetic_70_30_steps100_pretrainedFalse_freezeTrue_2025_12_16_15_25,spair_synthetic_70_30,steps,100,False,True,2025_12_16_15_25,kitti2012,5000,287464.4,57.49288000000001,5,0.2616963317464847,0.02539030563907018,0.9746096943609298,0.25977569639618103,0.2310575959038936,0.7689424040961064,,,,0.3880236148834228,0.0269870143383741,,-1.0371704221460496,-3.6476696439573746,3.6476696439573746,-1.0471347007450298,-1.202349057195712,1.2023490571957118,,,,0.631838943493894,-1.2788115766963153,-0.38153864402835325,-0.6217264281351179,0.3043471473067036,-0.9895917342875188,59.339849448232385,57.49288000000001,spair_synthetic_70_30
snapshots/spair_synthetic_70_30_steps100_pretrainedFalse_freezeTrue_2025_12_16_15_25,spair_synthetic_70_30_steps100_pretrainedFalse_freezeTrue_2025_12_16_15_25,spair_synthetic_70_30,steps,100,False,True,2025_12_16_15_25,middlebury,5000,139608.3,27.92166,5,0.1999671234740537,0.029940312414094915,0.9700596875859051,0.21573767187304554,0.4317521702636955,0.5682478297363045,,,,0.120305985212326,0.0279408656060695,,-1.386499852074957,-3.478151789588481,3.4781517895884817,-1.290680379052391,-0.27470589983790017,0.27470589983790017,,,,0.41153310384094305,-1.1366862119547252,-0.8859337165683685,1.5297066349361892,-0.9063739660117394,-0.9642026862075558,40.36619659192521,27.92166,spair_synthetic_70_30
snapshots/spair_synthetic_70_30_steps100_pretrainedFalse_freezeTrue_2025_12_16_15_25,spair_synthetic_70_30_steps100_pretrainedFalse_freezeTrue_2025_12_16_15_25,spair_synthetic_70_30,steps,100,False,True,2025_12_16_15_25,pfpascal,5000,50102.25,10.02045,5,0.17357905595125514,0.14071527173318715,0.8592847282668128,0.2797860057141694,0.25818411350221293,0.7418158864977871,,,,0.2742330431938171,0.0369174256920814,,-1.5604711116965873,-1.8093618325329903,1.8093618325329899,-0.9455233364734663,-1.0554281323302555,1.0554281323302555,,,,0.3018175140773644,0.2624429960370409,-0.17109651338227622,-0.2809806004907107,-0.2102571684809288,-0.7252699266306067,33.65383596570402,10.02045,spair_synthetic_70_30
snapshots/spair_synthetic_70_30_steps100_pretrainedFalse_freezeTrue_2025_12_16_15_25,spair_synthetic_70_30_steps100_pretrainedFalse_freezeTrue_2025_12_16_15_25,spair_synthetic_70_30,steps,100,False,True,2025_12_16_15_25,pfwillow,5000,51288.850000000006,10.25777,5,0.15360161506268313,0.09544785052529256,0.9045521494747074,0.2656473683110775,0.4138924304944335,0.5861075695055664,,,,0.3708149492740631,0.1022386401891708,,-1.706627817557568,-2.248859928216821,2.2488599282168207,-1.0168195916463527,-0.3478972280999142,0.3478972280999141,,,,0.20964327095056676,-0.1060363442946798,-0.3187545627867707,1.3599579095733993,0.2265230054641011,1.0134114712723847,34.7593690699884,10.25777,spair_synthetic_70_30
snapshots/spair_synthetic_70_30_steps100_pretrainedFalse_freezeTrue_2025_12_16_15_25,spair_synthetic_70_30_steps100_pretrainedFalse_freezeTrue_2025_12_16_15_25,spair_synthetic_70_30,steps,100,False,True,2025_12_16_15_25,pointodyssey,5000,162568.75,32.51375,5,0.23104183374112514,0.006581416580988646,0.9934185834190113,0.1378931598136922,0.39361450967781386,0.6063854903221861,,,,0.3946229219436645,0.0167509280145168,,-1.2024377752705042,-5.016902101351642,5.016902101351641,-1.8329000264571695,-0.4321438779554656,0.4321438779554657,,,,0.5276125031258052,-2.4267889572954235,-2.0088972619949446,1.164569169286155,0.33419172796029023,-1.2620498172494163,30.766875843427886,32.51375,spair_synthetic_70_30
snapshots/spair_synthetic_70_30_steps100_pretrainedFalse_freezeTrue_2025_12_16_15_25,spair_synthetic_70_30_steps100_pretrainedFalse_freezeTrue_2025_12_16_15_25,spair_synthetic_70_30,steps,100,False,True,2025_12_16_15_25,spair,5000,14449.199999999999,2.88984,5,0.07042671771884033,0.11463599350578561,0.8853640064942144,0.2798155606641637,0.3167019016540466,0.6832980983459533,,,,0.2784315347671509,0.0725450739264488,,-2.580152940374075,-2.0442370327924806,2.044237032792481,-0.9453766707399393,-0.7689702606209312,0.7689702606209311,,,,-0.3412484351367275,0.06552141730474462,-0.1707927614380181,0.38338579027517383,-0.19126999009387324,0.223045711911082,19.532405954716147,2.88984,spair_synthetic_70_30
snapshots/spair_synthetic_70_30_steps100_pretrainedFalse_freezeTrue_2025_12_16_15_25,spair_synthetic_70_30_steps100_pretrainedFalse_freezeTrue_2025_12_16_15_25,spair_synthetic_70_30,steps,100,False,True,2025_12_16_15_25,tss,5000,102706.55,20.54131,5,0.20164135962828172,0.15738156185552976,0.8426184381444702,0.2618612033036381,0.43841706603412023,0.5615829339658798,,,,0.1871063709259033,0.0306596495211124,,-1.376067248472054,-1.6778410445842615,1.6778410445842613,-1.036317273315061,-0.24758880113880802,0.24758880113880793,,,,0.41811246217605863,0.37271126263294246,-0.35913522003349374,1.5925978687614515,-0.6042771729816938,-0.8918357062853806,40.979984653475455,20.54131,spair_synthetic_70_30
snapshots/spair_synthetic_70_30_steps100_pretrainedTrue_freezeFalse_2025_12_17_03_25,spair_synthetic_70_30_steps100_pretrainedTrue_freezeFalse_2025_12_17_03_25,spair_synthetic_70_30,steps,100,True,False,2025_12_17_03_25,flyingthings,5000,346451.15,69.29023000000001,5,0.17276058804329186,0.23116375543553885,0.7688362445644612,0.23215171013150432,0.35369370158516267,0.6463062984148373,,,,0.1362178474664688,0.0282015278935432,,-1.5661873957316026,-1.201751643517805,1.2017516435178053,-1.1962010934680352,-0.6028422487341241,0.6028422487341242,,,,0.2982125193470747,0.7718690978243224,-0.6902624714982415,0.7686775855529975,-0.8344144629824722,-0.9572645318291559,63.53856849243225,69.29023000000001,spair_synthetic_70_30
snapshots/spair_synthetic_70_30_steps100_pretrainedTrue_freezeFalse_2025_12_17_03_25,spair_synthetic_70_30_steps100_pretrainedTrue_freezeFalse_2025_12_17_03_25,spair_synthetic_70_30,steps,100,True,False,2025_12_17_03_25,kitti2012,5000,374041.25000000006,74.80825000000002,5,0.2616963317464847,0.02539030563907018,0.9746096943609298,0.25977569639618103,0.2310575959038936,0.7689424040961064,,,,0.3880236148834228,0.0269870143383741,,-1.0371704221460496,-3.6476696439573746,3.6476696439573746,-1.0471347007450298,-1.202349057195712,1.2023490571957118,,,,0.631838943493894,-1.2788115766963153,-0.38153864402835325,-0.6217264281351179,0.3043471473067036,-0.9895917342875188,59.339849448232385,74.80825000000002,spair_synthetic_70_30
snapshots/spair_synthetic_70_30_steps100_pretrainedTrue_freezeFalse_2025_12_17_03_25,spair_synthetic_70_30_steps100_pretrainedTrue_freezeFalse_2025_12_17_03_25,spair_synthetic_70_30,steps,100,True,False,2025_12_17_03_25,middlebury,5000,211015.5,42.2031,5,0.1999671234740537,0.029940312414094915,0.9700596875859051,0.21573767187304554,0.4317521702636955,0.5682478297363045,,,,0.120305985212326,0.0279408656060695,,-1.386499852074957,-3.478151789588481,3.4781517895884817,-1.290680379052391,-0.27470589983790017,0.27470589983790017,,,,0.41153310384094305,-1.1366862119547252,-0.8859337165683685,1.5297066349361892,-0.9063739660117394,-0.9642026862075558,40.36619659192521,42.2031,spair_synthetic_70_30
snapshots/spair_synthetic_70_30_steps100_pretrainedTrue_freezeFalse_2025_12_17_03_25,spair_synthetic_70_30_steps100_pretrainedTrue_freezeFalse_2025_12_17_03_25,spair_synthetic_70_30,steps,100,True,False,2025_12_17_03_25,pfpascal,5000,173619.35,34.72387,5,0.17357905595125514,0.14071527173318715,0.8592847282668128,0.2797860057141694,0.25818411350221293,0.7418158864977871,,,,0.2742330431938171,0.0369174256920814,,-1.5604711116965873,-1.8093618325329903,1.8093618325329899,-0.9455233364734663,-1.0554281323302555,1.0554281323302555,,,,0.3018175140773644,0.2624429960370409,-0.17109651338227622,-0.2809806004907107,-0.2102571684809288,-0.7252699266306067,33.65383596570402,34.72387,spair_synthetic_70_30
snapshots/spair_synthetic_70_30_steps100_pretrainedTrue_freezeFalse_2025_12_17_03_25,spair_synthetic_70_30_steps100_pretrainedTrue_freezeFalse_2025_12_17_03_25,spair_synthetic_70_30,steps,100,True,False,2025_12_17_03_25,pfwillow,5000,190605.5,38.1211,5,0.15360161506268313,0.09544785052529256,0.9045521494747074,0.2656473683110775,0.4138924304944335,0.5861075695055664,,,,0.3708149492740631,0.1022386401891708,,-1.706627817557568,-2.248859928216821,2.2488599282168207,-1.0168195916463527,-0.3478972280999142,0.3478972280999141,,,,0.20964327095056676,-0.1060363442946798,-0.3187545627867707,1.3599579095733993,0.2265230054641011,1.0134114712723847,34.7593690699884,38.1211,spair_synthetic_70_30
snapshots/spair_synthetic_70_30_steps100_pretrainedTrue_freezeFalse_2025_12_17_03_25,spair_synthetic_70_30_steps100_pretrainedTrue_freezeFalse_2025_12_17_03_25,spair_synthetic_70_30,steps,100,True,False,2025_12_17_03_25,pointodyssey,5000,191502.3,38.30046,5,0.23104183374112514,0.006581416580988646,0.9934185834190113,0.1378931598136922,0.39361450967781386,0.6063854903221861,,,,0.3946229219436645,0.0167509280145168,,-1.2024377752705042,-5.016902101351642,5.016902101351641,-1.8329000264571695,-0.4321438779554656,0.4321438779554657,,,,0.5276125031258052,-2.4267889572954235,-2.0088972619949446,1.164569169286155,0.33419172796029023,-1.2620498172494163,30.766875843427886,38.30046,spair_synthetic_70_30
snapshots/spair_synthetic_70_30_steps100_pretrainedTrue_freezeFalse_2025_12_17_03_25,spair_synthetic_70_30_steps100_pretrainedTrue_freezeFalse_2025_12_17_03_25,spair_synthetic_70_30,steps,100,True,False,2025_12_17_03_25,spair,5000,85958.7,17.19174,5,0.07042671771884033,0.11463599350578561,0.8853640064942144,0.2798155606641637,0.3167019016540466,0.6832980983459533,,,,0.2784315347671509,0.0725450739264488,,-2.580152940374075,-2.0442370327924806,2.044237032792481,-0.9453766707399393,-0.7689702606209312,0.7689702606209311,,,,-0.3412484351367275,0.06552141730474462,-0.1707927614380181,0.38338579027517383,-0.19126999009387324,0.223045711911082,19.532405954716147,17.19174,spair_synthetic_70_30
snapshots/spair_synthetic_70_30_steps100_pretrainedTrue_freezeFalse_2025_12_17_03_25,spair_synthetic_70_30_steps100_pretrainedTrue_freezeFalse_2025_12_17_03_25,spair_synthetic_70_30,steps,100,True,False,2025_12_17_03_25,tss,5000,255648.3,51.12966,5,0.20164135962828172,0.15738156185552976,0.8426184381444702,0.2618612033036381,0.43841706603412023,0.5615829339658798,,,,0.1871063709259033,0.0306596495211124,,-1.376067248472054,-1.6778410445842615,1.6778410445842613,-1.036317273315061,-0.24758880113880802,0.24758880113880793,,,,0.41811246217605863,0.37271126263294246,-0.35913522003349374,1.5925978687614515,-0.6042771729816938,-0.8918357062853806,40.979984653475455,51.12966,spair_synthetic_70_30
snapshots/spair_synthetic_70_30_steps100_pretrainedTrue_freezeTrue_2025_12_16_15_25,spair_synthetic_70_30_steps100_pretrainedTrue_freezeTrue_2025_12_16_15_25,spair_synthetic_70_30,steps,100,True,True,2025_12_16_15_25,flyingthings,5000,345773.9,69.15478,5,0.17276058804329186,0.23116375543553885,0.7688362445644612,0.23215171013150432,0.35369370158516267,0.6463062984148373,,,,0.1362178474664688,0.0282015278935432,,-1.5661873957316026,-1.201751643517805,1.2017516435178053,-1.1962010934680352,-0.6028422487341241,0.6028422487341242,,,,0.2982125193470747,0.7718690978243224,-0.6902624714982415,0.7686775855529975,-0.8344144629824722,-0.9572645318291559,63.53856849243225,69.15478,spair_synthetic_70_30
snapshots/spair_synthetic_70_30_steps100_pretrainedTrue_freezeTrue_2025_12_16_15_25,spair_synthetic_70_30_steps100_pretrainedTrue_freezeTrue_2025_12_16_15_25,spair_synthetic_70_30,steps,100,True,True,2025_12_16_15_25,kitti2012,5000,376791.6,75.35831999999999,5,0.2616963317464847,0.02539030563907018,0.9746096943609298,0.25977569639618103,0.2310575959038936,0.7689424040961064,,,,0.3880236148834228,0.0269870143383741,,-1.0371704221460496,-3.6476696439573746,3.6476696439573746,-1.0471347007450298,-1.202349057195712,1.2023490571957118,,,,0.631838943493894,-1.2788115766963153,-0.38153864402835325,-0.6217264281351179,0.3043471473067036,-0.9895917342875188,59.339849448232385,75.35831999999999,spair_synthetic_70_30
snapshots/spair_synthetic_70_30_steps100_pretrainedTrue_freezeTrue_2025_12_16_15_25,spair_synthetic_70_30_steps100_pretrainedTrue_freezeTrue_2025_12_16_15_25,spair_synthetic_70_30,steps,100,True,True,2025_12_16_15_25,middlebury,5000,210866.35,42.17327,5,0.1999671234740537,0.029940312414094915,0.9700596875859051,0.21573767187304554,0.4317521702636955,0.5682478297363045,,,,0.120305985212326,0.0279408656060695,,-1.386499852074957,-3.478151789588481,3.4781517895884817,-1.290680379052391,-0.27470589983790017,0.27470589983790017,,,,0.41153310384094305,-1.1366862119547252,-0.8859337165683685,1.5297066349361892,-0.9063739660117394,-0.9642026862075558,40.36619659192521,42.17327,spair_synthetic_70_30
snapshots/spair_synthetic_70_30_steps100_pretrainedTrue_freezeTrue_2025_12_16_15_25,spair_synthetic_70_30_steps100_pretrainedTrue_freezeTrue_2025_12_16_15_25,spair_synthetic_70_30,steps,100,True,True,2025_12_16_15_25,pfpascal,5000,198944.44999999998,39.788889999999995,5,0.17357905595125514,0.14071527173318715,0.8592847282668128,0.2797860057141694,0.25818411350221293,0.7418158864977871,,,,0.2742330431938171,0.0369174256920814,,-1.5604711116965873,-1.8093618325329903,1.8093618325329899,-0.9455233364734663,-1.0554281323302555,1.0554281323302555,,,,0.3018175140773644,0.2624429960370409,-0.17109651338227622,-0.2809806004907107,-0.2102571684809288,-0.7252699266306067,33.65383596570402,39.788889999999995,spair_synthetic_70_30
snapshots/spair_synthetic_70_30_steps100_pretrainedTrue_freezeTrue_2025_12_16_15_25,spair_synthetic_70_30_steps100_pretrainedTrue_freezeTrue_2025_12_16_15_25,spair_synthetic_70_30,steps,100,True,True,2025_12_16_15_25,pfwillow,5000,203761.15,40.75223,5,0.15360161506268313,0.09544785052529256,0.9045521494747074,0.2656473683110775,0.4138924304944335,0.5861075695055664,,,,0.3708149492740631,0.1022386401891708,,-1.706627817557568,-2.248859928216821,2.2488599282168207,-1.0168195916463527,-0.3478972280999142,0.3478972280999141,,,,0.20964327095056676,-0.1060363442946798,-0.3187545627867707,1.3599579095733993,0.2265230054641011,1.0134114712723847,34.7593690699884,40.75223,spair_synthetic_70_30
snapshots/spair_synthetic_70_30_steps100_pretrainedTrue_freezeTrue_2025_12_16_15_25,spair_synthetic_70_30_steps100_pretrainedTrue_freezeTrue_2025_12_16_15_25,spair_synthetic_70_30,steps,100,True,True,2025_12_16_15_25,pointodyssey,5000,187506.9,37.50138,5,0.23104183374112514,0.006581416580988646,0.9934185834190113,0.1378931598136922,0.39361450967781386,0.6063854903221861,,,,0.3946229219436645,0.0167509280145168,,-1.2024377752705042,-5.016902101351642,5.016902101351641,-1.8329000264571695,-0.4321438779554656,0.4321438779554657,,,,0.5276125031258052,-2.4267889572954235,-2.0088972619949446,1.164569169286155,0.33419172796029023,-1.2620498172494163,30.766875843427886,37.50138,spair_synthetic_70_30
snapshots/spair_synthetic_70_30_steps100_pretrainedTrue_freezeTrue_2025_12_16_15_25,spair_synthetic_70_30_steps100_pretrainedTrue_freezeTrue_2025_12_16_15_25,spair_synthetic_70_30,steps,100,True,True,2025_12_16_15_25,spair,5000,105941.95,21.18839,5,0.07042671771884033,0.11463599350578561,0.8853640064942144,0.2798155606641637,0.3167019016540466,0.6832980983459533,,,,0.2784315347671509,0.0725450739264488,,-2.580152940374075,-2.0442370327924806,2.044237032792481,-0.9453766707399393,-0.7689702606209312,0.7689702606209311,,,,-0.3412484351367275,0.06552141730474462,-0.1707927614380181,0.38338579027517383,-0.19126999009387324,0.223045711911082,19.532405954716147,21.18839,spair_synthetic_70_30
snapshots/spair_synthetic_70_30_steps100_pretrainedTrue_freezeTrue_2025_12_16_15_25,spair_synthetic_70_30_steps100_pretrainedTrue_freezeTrue_2025_12_16_15_25,spair_synthetic_70_30,steps,100,True,True,2025_12_16_15_25,tss,5000,258315.44999999998,51.66309,5,0.20164135962828172,0.15738156185552976,0.8426184381444702,0.2618612033036381,0.43841706603412023,0.5615829339658798,,,,0.1871063709259033,0.0306596495211124,,-1.376067248472054,-1.6778410445842615,1.6778410445842613,-1.036317273315061,-0.24758880113880802,0.24758880113880793,,,,0.41811246217605863,0.37271126263294246,-0.35913522003349374,1.5925978687614515,-0.6042771729816938,-0.8918357062853806,40.979984653475455,51.66309,spair_synthetic_70_30
snapshots/synthetic_logsteps100_pretrainedFalse_freezeFalse_2025_12_10_12_22,synthetic_logsteps100_pretrainedFalse_freezeFalse_2025_12_10_12_22,synthetic,logsteps,100,False,False,2025_12_10_12_22,flyingthings,5000,108065.15,21.61303,3,0.30249777253740917,0.22973769517055903,0.770262304829441,0.22364680580949392,0.26415440680550395,0.735845593194496,,,,0.1074327677488327,0.0655120611190795,,-0.8354317932540869,-1.2097929101319673,1.2097929101319675,-1.2445395161058372,-1.024486498426884,1.024486498426884,,,,0.871351888131131,0.7318086100269562,-0.9160252206633509,-0.32014799358097734,-1.0021665734054186,0.17739333754177977,51.060972538836836,21.61303,synthetic
snapshots/synthetic_logsteps100_pretrainedFalse_freezeFalse_2025_12_10_12_22,synthetic_logsteps100_pretrainedFalse_freezeFalse_2025_12_10_12_22,synthetic,logsteps,100,False,False,2025_12_10_12_22,kitti2012,5000,124711.95,24.94239,3,0.3944051355547829,0.02497130984819927,0.9750286901518007,0.2128626836913587,0.1342526283034775,0.8657473716965225,,,,0.3847016096115112,0.0641089379787445,,-0.42883257814977505,-3.6647393365695455,3.6647393365695446,-1.3077554335843773,-1.863869836532181,1.863869836532181,,,,1.1295374083814675,-1.348282208319172,-1.0492138088151906,-2.2934722432860712,0.22432801504973826,0.13901567497933684,39.63166878180088,24.94239,synthetic
snapshots/synthetic_logsteps100_pretrainedFalse_freezeFalse_2025_12_10_12_22,synthetic_logsteps100_pretrainedFalse_freezeFalse_2025_12_10_12_22,synthetic,logsteps,100,False,False,2025_12_10_12_22,middlebury,5000,68361.59999999999,13.67232,3,0.35503550890400376,0.0305194343031971,0.9694805656968029,0.20130866036082515,0.3462849219668558,0.6537150780331442,,,,0.0808207094669342,0.0616263709962368,,-0.5969774531610359,-3.458396757822236,3.4583967578222348,-1.3781352089131305,-0.6354096859480465,0.6354096859480466,,,,1.0227674727310192,-1.1734469048421103,-1.1974958125314608,0.5945410098909233,-1.119884616482783,0.07111349647161469,28.51379904646017,13.67232,synthetic
snapshots/synthetic_logsteps100_pretrainedFalse_freezeFalse_2025_12_10_12_22,synthetic_logsteps100_pretrainedFalse_freezeFalse_2025_12_10_12_22,synthetic,logsteps,100,False,False,2025_12_10_12_22,pfpascal,5000,10291.75,2.05835,3,0.30500847133349196,0.13877235572367702,0.8612276442763229,0.23735163439225532,0.15535490073168357,0.8446450992683164,,,,0.1981388181447982,0.0921831429004669,,-0.8235601054358476,-1.82552400271153,1.8255240027115298,-1.1672543364257024,-1.6932043565347479,1.6932043565347479,,,,0.8788902644529233,0.21009596552597679,-0.7531943328548691,-1.8922511146576553,-0.6009297117248303,0.9068900918587409,13.118247423684853,2.05835,synthetic
snapshots/synthetic_logsteps100_pretrainedFalse_freezeFalse_2025_12_10_12_22,synthetic_logsteps100_pretrainedFalse_freezeFalse_2025_12_10_12_22,synthetic,logsteps,100,False,False,2025_12_10_12_22,pfwillow,5000,15783.3,3.15666,3,0.2841453865314071,0.09606580208764746,0.9039341979123525,0.2055971294097254,0.300643816903302,0.699356183096698,,,,0.2759363353252411,0.1517357230186462,,-0.9239910609486419,-2.2417231727476854,2.2417231727476854,-1.3516721547884194,-0.8442339418802766,0.8442339418802766,,,,0.8151178381051327,-0.1425520853122514,-1.1417412342916926,0.1036115984400624,-0.25679355428266953,2.5357484285209564,19.077938550420242,3.15666,synthetic
snapshots/synthetic_logsteps100_pretrainedFalse_freezeFalse_2025_12_10_12_22,synthetic_logsteps100_pretrainedFalse_freezeFalse_2025_12_10_12_22,synthetic,logsteps,100,False,False,2025_12_10_12_22,pointodyssey,5000,68571.9,13.714379999999998,3,0.41480264937105116,0.006668188234359309,0.9933318117656407,0.14758529732057166,0.31646453590305246,0.6835354640969475,,,,0.2769270837306976,0.0551739558577537,,-0.3441462784043824,-5.003716565052514,5.00371656505251,-1.753666853088225,-0.7700673563944729,0.7700673563944729,,,,1.1833121712083725,-2.482805637811529,-1.9886973245715094,0.2779714111894104,-0.2524109934812118,-0.1053703799459468,17.373236766232445,13.714379999999998,synthetic
snapshots/synthetic_logsteps100_pretrainedFalse_freezeFalse_2025_12_10_12_22,synthetic_logsteps100_pretrainedFalse_freezeFalse_2025_12_10_12_22,synthetic,logsteps,100,False,False,2025_12_10_12_22,spair,5000,6568.549999999999,1.31371,3,0.14244068812095634,0.11434228946449532,0.8856577105355047,0.24981701189308467,0.2264773945380536,0.7735226054619464,,,,0.2742626965045929,0.1291054487228393,,-1.7951646556691507,-2.047134055797286,2.047134055797286,-1.099588463487,-1.2283097579100044,1.2283097579100042,,,,0.2619332784065441,0.02232443955186393,-0.6106302059349842,-0.7993204554740914,-0.2641968706551962,1.9167742232971392,0.0900634779759173,1.31371,synthetic
snapshots/synthetic_logsteps100_pretrainedFalse_freezeFalse_2025_12_10_12_22,synthetic_logsteps100_pretrainedFalse_freezeFalse_2025_12_10_12_22,synthetic,logsteps,100,False,False,2025_12_10_12_22,tss,5000,24440.2,4.88804,3,0.3447417122523325,0.166306697202445,0.833693302797555,0.23149990085233685,0.3367490918377315,0.6632509081622685,,,,0.1433193981647491,0.0803383141756057,,-0.6422340138385951,-1.6120319350752836,1.612031935075284,-1.1998612467506131,-0.6778152438350924,0.6778152438350924,,,,0.9940301111493474,0.3909890737818275,-0.8218933017758339,0.4948488765092102,-0.8434225987585643,0.5829150772323536,26.193864777782487,4.88804,synthetic
snapshots/synthetic_logsteps100_pretrainedFalse_freezeTrue_2025_12_10_12_08,synthetic_logsteps100_pretrainedFalse_freezeTrue_2025_12_10_12_08,synthetic,logsteps,100,False,True,2025_12_10_12_08,flyingthings,5000,231515.1,46.303020000000004,5,0.30249777253740917,0.22973769517055903,0.770262304829441,0.22364680580949392,0.26415440680550395,0.735845593194496,,,,0.1074327677488327,0.0655120611190795,,-0.8354317932540869,-1.2097929101319673,1.2097929101319675,-1.2445395161058372,-1.024486498426884,1.024486498426884,,,,0.871351888131131,0.7318086100269562,-0.9160252206633509,-0.32014799358097734,-1.0021665734054186,0.17739333754177977,51.060972538836836,46.303020000000004,synthetic
snapshots/synthetic_logsteps100_pretrainedFalse_freezeTrue_2025_12_10_12_08,synthetic_logsteps100_pretrainedFalse_freezeTrue_2025_12_10_12_08,synthetic,logsteps,100,False,True,2025_12_10_12_08,kitti2012,5000,272286.7,54.45734,5,0.3944051355547829,0.02497130984819927,0.9750286901518007,0.2128626836913587,0.1342526283034775,0.8657473716965225,,,,0.3847016096115112,0.0641089379787445,,-0.42883257814977505,-3.6647393365695455,3.6647393365695446,-1.3077554335843773,-1.863869836532181,1.863869836532181,,,,1.1295374083814675,-1.348282208319172,-1.0492138088151906,-2.2934722432860712,0.22432801504973826,0.13901567497933684,39.63166878180088,54.45734,synthetic
snapshots/synthetic_logsteps100_pretrainedFalse_freezeTrue_2025_12_10_12_08,synthetic_logsteps100_pretrainedFalse_freezeTrue_2025_12_10_12_08,synthetic,logsteps,100,False,True,2025_12_10_12_08,middlebury,5000,145201.3,29.040259999999996,5,0.35503550890400376,0.0305194343031971,0.9694805656968029,0.20130866036082515,0.3462849219668558,0.6537150780331442,,,,0.0808207094669342,0.0616263709962368,,-0.5969774531610359,-3.458396757822236,3.4583967578222348,-1.3781352089131305,-0.6354096859480465,0.6354096859480466,,,,1.0227674727310192,-1.1734469048421103,-1.1974958125314608,0.5945410098909233,-1.119884616482783,0.07111349647161469,28.51379904646017,29.040259999999996,synthetic
snapshots/synthetic_logsteps100_pretrainedFalse_freezeTrue_2025_12_10_12_08,synthetic_logsteps100_pretrainedFalse_freezeTrue_2025_12_10_12_08,synthetic,logsteps,100,False,True,2025_12_10_12_08,pfpascal,5000,24969.850000000002,4.99397,5,0.30500847133349196,0.13877235572367702,0.8612276442763229,0.23735163439225532,0.15535490073168357,0.8446450992683164,,,,0.1981388181447982,0.0921831429004669,,-0.8235601054358476,-1.82552400271153,1.8255240027115298,-1.1672543364257024,-1.6932043565347479,1.6932043565347479,,,,0.8788902644529233,0.21009596552597679,-0.7531943328548691,-1.8922511146576553,-0.6009297117248303,0.9068900918587409,13.118247423684853,4.99397,synthetic
snapshots/synthetic_logsteps100_pretrainedFalse_freezeTrue_2025_12_10_12_08,synthetic_logsteps100_pretrainedFalse_freezeTrue_2025_12_10_12_08,synthetic,logsteps,100,False,True,2025_12_10_12_08,pfwillow,5000,30966.649999999994,6.193329999999999,5,0.2841453865314071,0.09606580208764746,0.9039341979123525,0.2055971294097254,0.300643816903302,0.699356183096698,,,,0.2759363353252411,0.1517357230186462,,-0.9239910609486419,-2.2417231727476854,2.2417231727476854,-1.3516721547884194,-0.8442339418802766,0.8442339418802766,,,,0.8151178381051327,-0.1425520853122514,-1.1417412342916926,0.1036115984400624,-0.25679355428266953,2.5357484285209564,19.077938550420242,6.193329999999999,synthetic
snapshots/synthetic_logsteps100_pretrainedFalse_freezeTrue_2025_12_10_12_08,synthetic_logsteps100_pretrainedFalse_freezeTrue_2025_12_10_12_08,synthetic,logsteps,100,False,True,2025_12_10_12_08,pointodyssey,5000,96602.0,19.3204,5,0.41480264937105116,0.006668188234359309,0.9933318117656407,0.14758529732057166,0.31646453590305246,0.6835354640969475,,,,0.2769270837306976,0.0551739558577537,,-0.3441462784043824,-5.003716565052514,5.00371656505251,-1.753666853088225,-0.7700673563944729,0.7700673563944729,,,,1.1833121712083725,-2.482805637811529,-1.9886973245715094,0.2779714111894104,-0.2524109934812118,-0.1053703799459468,17.373236766232445,19.3204,synthetic
snapshots/synthetic_logsteps100_pretrainedFalse_freezeTrue_2025_12_10_12_08,synthetic_logsteps100_pretrainedFalse_freezeTrue_2025_12_10_12_08,synthetic,logsteps,100,False,True,2025_12_10_12_08,spair,5000,14337.949999999999,2.86759,5,0.14244068812095634,0.11434228946449532,0.8856577105355047,0.24981701189308467,0.2264773945380536,0.7735226054619464,,,,0.2742626965045929,0.1291054487228393,,-1.7951646556691507,-2.047134055797286,2.047134055797286,-1.099588463487,-1.2283097579100044,1.2283097579100042,,,,0.2619332784065441,0.02232443955186393,-0.6106302059349842,-0.7993204554740914,-0.2641968706551962,1.9167742232971392,0.0900634779759173,2.86759,synthetic
snapshots/synthetic_logsteps100_pretrainedFalse_freezeTrue_2025_12_10_12_08,synthetic_logsteps100_pretrainedFalse_freezeTrue_2025_12_10_12_08,synthetic,logsteps,100,False,True,2025_12_10_12_08,tss,5000,61152.85,12.23057,5,0.3447417122523325,0.166306697202445,0.833693302797555,0.23149990085233685,0.3367490918377315,0.6632509081622685,,,,0.1433193981647491,0.0803383141756057,,-0.6422340138385951,-1.6120319350752836,1.612031935075284,-1.1998612467506131,-0.6778152438350924,0.6778152438350924,,,,0.9940301111493474,0.3909890737818275,-0.8218933017758339,0.4948488765092102,-0.8434225987585643,0.5829150772323536,26.193864777782487,12.23057,synthetic
snapshots/synthetic_logsteps100_pretrainedTrue_freezeFalse_2025_12_10_12_17,synthetic_logsteps100_pretrainedTrue_freezeFalse_2025_12_10_12_17,synthetic,logsteps,100,True,False,2025_12_10_12_17,flyingthings,5000,355529.05,71.10580999999999,5,0.30249777253740917,0.22973769517055903,0.770262304829441,0.22364680580949392,0.26415440680550395,0.735845593194496,,,,0.1074327677488327,0.0655120611190795,,-0.8354317932540869,-1.2097929101319673,1.2097929101319675,-1.2445395161058372,-1.024486498426884,1.024486498426884,,,,0.871351888131131,0.7318086100269562,-0.9160252206633509,-0.32014799358097734,-1.0021665734054186,0.17739333754177977,51.060972538836836,71.10580999999999,synthetic
snapshots/synthetic_logsteps100_pretrainedTrue_freezeFalse_2025_12_10_12_17,synthetic_logsteps100_pretrainedTrue_freezeFalse_2025_12_10_12_17,synthetic,logsteps,100,True,False,2025_12_10_12_17,kitti2012,5000,387121.55000000005,77.42431,5,0.3944051355547829,0.02497130984819927,0.9750286901518007,0.2128626836913587,0.1342526283034775,0.8657473716965225,,,,0.3847016096115112,0.0641089379787445,,-0.42883257814977505,-3.6647393365695455,3.6647393365695446,-1.3077554335843773,-1.863869836532181,1.863869836532181,,,,1.1295374083814675,-1.348282208319172,-1.0492138088151906,-2.2934722432860712,0.22432801504973826,0.13901567497933684,39.63166878180088,77.42431,synthetic
snapshots/synthetic_logsteps100_pretrainedTrue_freezeFalse_2025_12_10_12_17,synthetic_logsteps100_pretrainedTrue_freezeFalse_2025_12_10_12_17,synthetic,logsteps,100,True,False,2025_12_10_12_17,middlebury,5000,211818.5,42.3637,5,0.35503550890400376,0.0305194343031971,0.9694805656968029,0.20130866036082515,0.3462849219668558,0.6537150780331442,,,,0.0808207094669342,0.0616263709962368,,-0.5969774531610359,-3.458396757822236,3.4583967578222348,-1.3781352089131305,-0.6354096859480465,0.6354096859480466,,,,1.0227674727310192,-1.1734469048421103,-1.1974958125314608,0.5945410098909233,-1.119884616482783,0.07111349647161469,28.51379904646017,42.3637,synthetic
snapshots/synthetic_logsteps100_pretrainedTrue_freezeFalse_2025_12_10_12_17,synthetic_logsteps100_pretrainedTrue_freezeFalse_2025_12_10_12_17,synthetic,logsteps,100,True,False,2025_12_10_12_17,pfpascal,5000,140310.90000000002,28.062180000000005,5,0.30500847133349196,0.13877235572367702,0.8612276442763229,0.23735163439225532,0.15535490073168357,0.8446450992683164,,,,0.1981388181447982,0.0921831429004669,,-0.8235601054358476,-1.82552400271153,1.8255240027115298,-1.1672543364257024,-1.6932043565347479,1.6932043565347479,,,,0.8788902644529233,0.21009596552597679,-0.7531943328548691,-1.8922511146576553,-0.6009297117248303,0.9068900918587409,13.118247423684853,28.062180000000005,synthetic
snapshots/synthetic_logsteps100_pretrainedTrue_freezeFalse_2025_12_10_12_17,synthetic_logsteps100_pretrainedTrue_freezeFalse_2025_12_10_12_17,synthetic,logsteps,100,True,False,2025_12_10_12_17,pfwillow,5000,140016.65,28.00333,5,0.2841453865314071,0.09606580208764746,0.9039341979123525,0.2055971294097254,0.300643816903302,0.699356183096698,,,,0.2759363353252411,0.1517357230186462,,-0.9239910609486419,-2.2417231727476854,2.2417231727476854,-1.3516721547884194,-0.8442339418802766,0.8442339418802766,,,,0.8151178381051327,-0.1425520853122514,-1.1417412342916926,0.1036115984400624,-0.25679355428266953,2.5357484285209564,19.077938550420242,28.00333,synthetic
snapshots/synthetic_logsteps100_pretrainedTrue_freezeFalse_2025_12_10_12_17,synthetic_logsteps100_pretrainedTrue_freezeFalse_2025_12_10_12_17,synthetic,logsteps,100,True,False,2025_12_10_12_17,pointodyssey,5000,175419.95,35.08399,5,0.41480264937105116,0.006668188234359309,0.9933318117656407,0.14758529732057166,0.31646453590305246,0.6835354640969475,,,,0.2769270837306976,0.0551739558577537,,-0.3441462784043824,-5.003716565052514,5.00371656505251,-1.753666853088225,-0.7700673563944729,0.7700673563944729,,,,1.1833121712083725,-2.482805637811529,-1.9886973245715094,0.2779714111894104,-0.2524109934812118,-0.1053703799459468,17.373236766232445,35.08399,synthetic
snapshots/synthetic_logsteps100_pretrainedTrue_freezeFalse_2025_12_10_12_17,synthetic_logsteps100_pretrainedTrue_freezeFalse_2025_12_10_12_17,synthetic,logsteps,100,True,False,2025_12_10_12_17,spair,5000,82364.4,16.47288,5,0.14244068812095634,0.11434228946449532,0.8856577105355047,0.24981701189308467,0.2264773945380536,0.7735226054619464,,,,0.2742626965045929,0.1291054487228393,,-1.7951646556691507,-2.047134055797286,2.047134055797286,-1.099588463487,-1.2283097579100044,1.2283097579100042,,,,0.2619332784065441,0.02232443955186393,-0.6106302059349842,-0.7993204554740914,-0.2641968706551962,1.9167742232971392,0.0900634779759173,16.47288,synthetic
snapshots/synthetic_logsteps100_pretrainedTrue_freezeFalse_2025_12_10_12_17,synthetic_logsteps100_pretrainedTrue_freezeFalse_2025_12_10_12_17,synthetic,logsteps,100,True,False,2025_12_10_12_17,tss,5000,250983.40000000002,50.19668000000001,5,0.3447417122523325,0.166306697202445,0.833693302797555,0.23149990085233685,0.3367490918377315,0.6632509081622685,,,,0.1433193981647491,0.0803383141756057,,-0.6422340138385951,-1.6120319350752836,1.612031935075284,-1.1998612467506131,-0.6778152438350924,0.6778152438350924,,,,0.9940301111493474,0.3909890737818275,-0.8218933017758339,0.4948488765092102,-0.8434225987585643,0.5829150772323536,26.193864777782487,50.19668000000001,synthetic
snapshots/synthetic_logsteps100_pretrainedTrue_freezeTrue_2025_12_10_12_06,synthetic_logsteps100_pretrainedTrue_freezeTrue_2025_12_10_12_06,synthetic,logsteps,100,True,True,2025_12_10_12_06,flyingthings,5000,352089.44999999995,70.41788999999999,5,0.30249777253740917,0.22973769517055903,0.770262304829441,0.22364680580949392,0.26415440680550395,0.735845593194496,,,,0.1074327677488327,0.0655120611190795,,-0.8354317932540869,-1.2097929101319673,1.2097929101319675,-1.2445395161058372,-1.024486498426884,1.024486498426884,,,,0.871351888131131,0.7318086100269562,-0.9160252206633509,-0.32014799358097734,-1.0021665734054186,0.17739333754177977,51.060972538836836,70.41788999999999,synthetic
snapshots/synthetic_logsteps100_pretrainedTrue_freezeTrue_2025_12_10_12_06,synthetic_logsteps100_pretrainedTrue_freezeTrue_2025_12_10_12_06,synthetic,logsteps,100,True,True,2025_12_10_12_06,kitti2012,5000,384732.4,76.94648000000001,5,0.3944051355547829,0.02497130984819927,0.9750286901518007,0.2128626836913587,0.1342526283034775,0.8657473716965225,,,,0.3847016096115112,0.0641089379787445,,-0.42883257814977505,-3.6647393365695455,3.6647393365695446,-1.3077554335843773,-1.863869836532181,1.863869836532181,,,,1.1295374083814675,-1.348282208319172,-1.0492138088151906,-2.2934722432860712,0.22432801504973826,0.13901567497933684,39.63166878180088,76.94648000000001,synthetic
snapshots/synthetic_logsteps100_pretrainedTrue_freezeTrue_2025_12_10_12_06,synthetic_logsteps100_pretrainedTrue_freezeTrue_2025_12_10_12_06,synthetic,logsteps,100,True,True,2025_12_10_12_06,middlebury,5000,209473.65000000002,41.89473,5,0.35503550890400376,0.0305194343031971,0.9694805656968029,0.20130866036082515,0.3462849219668558,0.6537150780331442,,,,0.0808207094669342,0.0616263709962368,,-0.5969774531610359,-3.458396757822236,3.4583967578222348,-1.3781352089131305,-0.6354096859480465,0.6354096859480466,,,,1.0227674727310192,-1.1734469048421103,-1.1974958125314608,0.5945410098909233,-1.119884616482783,0.07111349647161469,28.51379904646017,41.89473,synthetic
snapshots/synthetic_logsteps100_pretrainedTrue_freezeTrue_2025_12_10_12_06,synthetic_logsteps100_pretrainedTrue_freezeTrue_2025_12_10_12_06,synthetic,logsteps,100,True,True,2025_12_10_12_06,pfpascal,5000,138489.5,27.6979,5,0.30500847133349196,0.13877235572367702,0.8612276442763229,0.23735163439225532,0.15535490073168357,0.8446450992683164,,,,0.1981388181447982,0.0921831429004669,,-0.8235601054358476,-1.82552400271153,1.8255240027115298,-1.1672543364257024,-1.6932043565347479,1.6932043565347479,,,,0.8788902644529233,0.21009596552597679,-0.7531943328548691,-1.8922511146576553,-0.6009297117248303,0.9068900918587409,13.118247423684853,27.6979,synthetic
snapshots/synthetic_logsteps100_pretrainedTrue_freezeTrue_2025_12_10_12_06,synthetic_logsteps100_pretrainedTrue_freezeTrue_2025_12_10_12_06,synthetic,logsteps,100,True,True,2025_12_10_12_06,pfwillow,5000,127433.4,25.48668,5,0.2841453865314071,0.09606580208764746,0.9039341979123525,0.2055971294097254,0.300643816903302,0.699356183096698,,,,0.2759363353252411,0.1517357230186462,,-0.9239910609486419,-2.2417231727476854,2.2417231727476854,-1.3516721547884194,-0.8442339418802766,0.8442339418802766,,,,0.8151178381051327,-0.1425520853122514,-1.1417412342916926,0.1036115984400624,-0.25679355428266953,2.5357484285209564,19.077938550420242,25.48668,synthetic
snapshots/synthetic_logsteps100_pretrainedTrue_freezeTrue_2025_12_10_12_06,synthetic_logsteps100_pretrainedTrue_freezeTrue_2025_12_10_12_06,synthetic,logsteps,100,True,True,2025_12_10_12_06,pointodyssey,5000,201326.45,40.26529,5,0.41480264937105116,0.006668188234359309,0.9933318117656407,0.14758529732057166,0.31646453590305246,0.6835354640969475,,,,0.2769270837306976,0.0551739558577537,,-0.3441462784043824,-5.003716565052514,5.00371656505251,-1.753666853088225,-0.7700673563944729,0.7700673563944729,,,,1.1833121712083725,-2.482805637811529,-1.9886973245715094,0.2779714111894104,-0.2524109934812118,-0.1053703799459468,17.373236766232445,40.26529,synthetic
snapshots/synthetic_logsteps100_pretrainedTrue_freezeTrue_2025_12_10_12_06,synthetic_logsteps100_pretrainedTrue_freezeTrue_2025_12_10_12_06,synthetic,logsteps,100,True,True,2025_12_10_12_06,spair,5000,93144.6,18.62892,5,0.14244068812095634,0.11434228946449532,0.8856577105355047,0.24981701189308467,0.2264773945380536,0.7735226054619464,,,,0.2742626965045929,0.1291054487228393,,-1.7951646556691507,-2.047134055797286,2.047134055797286,-1.099588463487,-1.2283097579100044,1.2283097579100042,,,,0.2619332784065441,0.02232443955186393,-0.6106302059349842,-0.7993204554740914,-0.2641968706551962,1.9167742232971392,0.0900634779759173,18.62892,synthetic
snapshots/synthetic_logsteps100_pretrainedTrue_freezeTrue_2025_12_10_12_06,synthetic_logsteps100_pretrainedTrue_freezeTrue_2025_12_10_12_06,synthetic,logsteps,100,True,True,2025_12_10_12_06,tss,5000,253747.24999999997,50.749449999999996,5,0.3447417122523325,0.166306697202445,0.833693302797555,0.23149990085233685,0.3367490918377315,0.6632509081622685,,,,0.1433193981647491,0.0803383141756057,,-0.6422340138385951,-1.6120319350752836,1.612031935075284,-1.1998612467506131,-0.6778152438350924,0.6778152438350924,,,,0.9940301111493474,0.3909890737818275,-0.8218933017758339,0.4948488765092102,-0.8434225987585643,0.5829150772323536,26.193864777782487,50.749449999999996,synthetic
snapshots/synthetic_steps100_pretrainedFalse_freezeFalse_2025_12_11_06_37,synthetic_steps100_pretrainedFalse_freezeFalse_2025_12_11_06_37,synthetic,steps,100,False,False,2025_12_11_06_37,flyingthings,5000,99427.45000000001,19.88549,3,0.30249777253740917,0.22973769517055903,0.770262304829441,0.22364680580949392,0.26415440680550395,0.735845593194496,,,,0.1074327677488327,0.0655120611190795,,-0.8354317932540869,-1.2097929101319673,1.2097929101319675,-1.2445395161058372,-1.024486498426884,1.024486498426884,,,,0.871351888131131,0.7318086100269562,-0.9160252206633509,-0.32014799358097734,-1.0021665734054186,0.17739333754177977,51.060972538836836,19.88549,synthetic
snapshots/synthetic_steps100_pretrainedFalse_freezeFalse_2025_12_11_06_37,synthetic_steps100_pretrainedFalse_freezeFalse_2025_12_11_06_37,synthetic,steps,100,False,False,2025_12_11_06_37,kitti2012,5000,122342.6,24.46852,3,0.3944051355547829,0.02497130984819927,0.9750286901518007,0.2128626836913587,0.1342526283034775,0.8657473716965225,,,,0.3847016096115112,0.0641089379787445,,-0.42883257814977505,-3.6647393365695455,3.6647393365695446,-1.3077554335843773,-1.863869836532181,1.863869836532181,,,,1.1295374083814675,-1.348282208319172,-1.0492138088151906,-2.2934722432860712,0.22432801504973826,0.13901567497933684,39.63166878180088,24.46852,synthetic
snapshots/synthetic_steps100_pretrainedFalse_freezeFalse_2025_12_11_06_37,synthetic_steps100_pretrainedFalse_freezeFalse_2025_12_11_06_37,synthetic,steps,100,False,False,2025_12_11_06_37,middlebury,5000,64881.850000000006,12.976370000000001,3,0.35503550890400376,0.0305194343031971,0.9694805656968029,0.20130866036082515,0.3462849219668558,0.6537150780331442,,,,0.0808207094669342,0.0616263709962368,,-0.5969774531610359,-3.458396757822236,3.4583967578222348,-1.3781352089131305,-0.6354096859480465,0.6354096859480466,,,,1.0227674727310192,-1.1734469048421103,-1.1974958125314608,0.5945410098909233,-1.119884616482783,0.07111349647161469,28.51379904646017,12.976370000000001,synthetic
snapshots/synthetic_steps100_pretrainedFalse_freezeFalse_2025_12_11_06_37,synthetic_steps100_pretrainedFalse_freezeFalse_2025_12_11_06_37,synthetic,steps,100,False,False,2025_12_11_06_37,pfpascal,5000,9964.849999999999,1.9929699999999997,3,0.30500847133349196,0.13877235572367702,0.8612276442763229,0.23735163439225532,0.15535490073168357,0.8446450992683164,,,,0.1981388181447982,0.0921831429004669,,-0.8235601054358476,-1.82552400271153,1.8255240027115298,-1.1672543364257024,-1.6932043565347479,1.6932043565347479,,,,0.8788902644529233,0.21009596552597679,-0.7531943328548691,-1.8922511146576553,-0.6009297117248303,0.9068900918587409,13.118247423684853,1.9929699999999997,synthetic
snapshots/synthetic_steps100_pretrainedFalse_freezeFalse_2025_12_11_06_37,synthetic_steps100_pretrainedFalse_freezeFalse_2025_12_11_06_37,synthetic,steps,100,False,False,2025_12_11_06_37,pfwillow,5000,17099.949999999997,3.4199899999999994,3,0.2841453865314071,0.09606580208764746,0.9039341979123525,0.2055971294097254,0.300643816903302,0.699356183096698,,,,0.2759363353252411,0.1517357230186462,,-0.9239910609486419,-2.2417231727476854,2.2417231727476854,-1.3516721547884194,-0.8442339418802766,0.8442339418802766,,,,0.8151178381051327,-0.1425520853122514,-1.1417412342916926,0.1036115984400624,-0.25679355428266953,2.5357484285209564,19.077938550420242,3.4199899999999994,synthetic
snapshots/synthetic_steps100_pretrainedFalse_freezeFalse_2025_12_11_06_37,synthetic_steps100_pretrainedFalse_freezeFalse_2025_12_11_06_37,synthetic,steps,100,False,False,2025_12_11_06_37,pointodyssey,5000,32623.85,6.524769999999999,3,0.41480264937105116,0.006668188234359309,0.9933318117656407,0.14758529732057166,0.31646453590305246,0.6835354640969475,,,,0.2769270837306976,0.0551739558577537,,-0.3441462784043824,-5.003716565052514,5.00371656505251,-1.753666853088225,-0.7700673563944729,0.7700673563944729,,,,1.1833121712083725,-2.482805637811529,-1.9886973245715094,0.2779714111894104,-0.2524109934812118,-0.1053703799459468,17.373236766232445,6.524769999999999,synthetic
snapshots/synthetic_steps100_pretrainedFalse_freezeFalse_2025_12_11_06_37,synthetic_steps100_pretrainedFalse_freezeFalse_2025_12_11_06_37,synthetic,steps,100,False,False,2025_12_11_06_37,spair,5000,6814.1,1.3628200000000001,3,0.14244068812095634,0.11434228946449532,0.8856577105355047,0.24981701189308467,0.2264773945380536,0.7735226054619464,,,,0.2742626965045929,0.1291054487228393,,-1.7951646556691507,-2.047134055797286,2.047134055797286,-1.099588463487,-1.2283097579100044,1.2283097579100042,,,,0.2619332784065441,0.02232443955186393,-0.6106302059349842,-0.7993204554740914,-0.2641968706551962,1.9167742232971392,0.0900634779759173,1.3628200000000001,synthetic
snapshots/synthetic_steps100_pretrainedFalse_freezeFalse_2025_12_11_06_37,synthetic_steps100_pretrainedFalse_freezeFalse_2025_12_11_06_37,synthetic,steps,100,False,False,2025_12_11_06_37,tss,5000,25617.800000000003,5.12356,3,0.3447417122523325,0.166306697202445,0.833693302797555,0.23149990085233685,0.3367490918377315,0.6632509081622685,,,,0.1433193981647491,0.0803383141756057,,-0.6422340138385951,-1.6120319350752836,1.612031935075284,-1.1998612467506131,-0.6778152438350924,0.6778152438350924,,,,0.9940301111493474,0.3909890737818275,-0.8218933017758339,0.4948488765092102,-0.8434225987585643,0.5829150772323536,26.193864777782487,5.12356,synthetic
snapshots/synthetic_steps100_pretrainedFalse_freezeFalse_2025_12_13_02_37,synthetic_steps100_pretrainedFalse_freezeFalse_2025_12_13_02_37,synthetic,steps,100,False,False,2025_12_13_02_37,flyingthings,5000,253939.5,50.7879,5,0.30249777253740917,0.22973769517055903,0.770262304829441,0.22364680580949392,0.26415440680550395,0.735845593194496,,,,0.1074327677488327,0.0655120611190795,,-0.8354317932540869,-1.2097929101319673,1.2097929101319675,-1.2445395161058372,-1.024486498426884,1.024486498426884,,,,0.871351888131131,0.7318086100269562,-0.9160252206633509,-0.32014799358097734,-1.0021665734054186,0.17739333754177977,51.060972538836836,50.7879,synthetic
snapshots/synthetic_steps100_pretrainedFalse_freezeFalse_2025_12_13_02_37,synthetic_steps100_pretrainedFalse_freezeFalse_2025_12_13_02_37,synthetic,steps,100,False,False,2025_12_13_02_37,kitti2012,5000,312750.15,62.55003000000001,5,0.3944051355547829,0.02497130984819927,0.9750286901518007,0.2128626836913587,0.1342526283034775,0.8657473716965225,,,,0.3847016096115112,0.0641089379787445,,-0.42883257814977505,-3.6647393365695455,3.6647393365695446,-1.3077554335843773,-1.863869836532181,1.863869836532181,,,,1.1295374083814675,-1.348282208319172,-1.0492138088151906,-2.2934722432860712,0.22432801504973826,0.13901567497933684,39.63166878180088,62.55003000000001,synthetic
snapshots/synthetic_steps100_pretrainedFalse_freezeFalse_2025_12_13_02_37,synthetic_steps100_pretrainedFalse_freezeFalse_2025_12_13_02_37,synthetic,steps,100,False,False,2025_12_13_02_37,middlebury,5000,163336.80000000002,32.66736,5,0.35503550890400376,0.0305194343031971,0.9694805656968029,0.20130866036082515,0.3462849219668558,0.6537150780331442,,,,0.0808207094669342,0.0616263709962368,,-0.5969774531610359,-3.458396757822236,3.4583967578222348,-1.3781352089131305,-0.6354096859480465,0.6354096859480466,,,,1.0227674727310192,-1.1734469048421103,-1.1974958125314608,0.5945410098909233,-1.119884616482783,0.07111349647161469,28.51379904646017,32.66736,synthetic
snapshots/synthetic_steps100_pretrainedFalse_freezeFalse_2025_12_13_02_37,synthetic_steps100_pretrainedFalse_freezeFalse_2025_12_13_02_37,synthetic,steps,100,False,False,2025_12_13_02_37,pfpascal,5000,53181.149999999994,10.63623,5,0.30500847133349196,0.13877235572367702,0.8612276442763229,0.23735163439225532,0.15535490073168357,0.8446450992683164,,,,0.1981388181447982,0.0921831429004669,,-0.8235601054358476,-1.82552400271153,1.8255240027115298,-1.1672543364257024,-1.6932043565347479,1.6932043565347479,,,,0.8788902644529233,0.21009596552597679,-0.7531943328548691,-1.8922511146576553,-0.6009297117248303,0.9068900918587409,13.118247423684853,10.63623,synthetic
snapshots/synthetic_steps100_pretrainedFalse_freezeFalse_2025_12_13_02_37,synthetic_steps100_pretrainedFalse_freezeFalse_2025_12_13_02_37,synthetic,steps,100,False,False,2025_12_13_02_37,pfwillow,5000,55755.65,11.15113,5,0.2841453865314071,0.09606580208764746,0.9039341979123525,0.2055971294097254,0.300643816903302,0.699356183096698,,,,0.2759363353252411,0.1517357230186462,,-0.9239910609486419,-2.2417231727476854,2.2417231727476854,-1.3516721547884194,-0.8442339418802766,0.8442339418802766,,,,0.8151178381051327,-0.1425520853122514,-1.1417412342916926,0.1036115984400624,-0.25679355428266953,2.5357484285209564,19.077938550420242,11.15113,synthetic
snapshots/synthetic_steps100_pretrainedFalse_freezeFalse_2025_12_13_02_37,synthetic_steps100_pretrainedFalse_freezeFalse_2025_12_13_02_37,synthetic,steps,100,False,False,2025_12_13_02_37,pointodyssey,5000,152970.65000000002,30.594130000000003,5,0.41480264937105116,0.006668188234359309,0.9933318117656407,0.14758529732057166,0.31646453590305246,0.6835354640969475,,,,0.2769270837306976,0.0551739558577537,,-0.3441462784043824,-5.003716565052514,5.00371656505251,-1.753666853088225,-0.7700673563944729,0.7700673563944729,,,,1.1833121712083725,-2.482805637811529,-1.9886973245715094,0.2779714111894104,-0.2524109934812118,-0.1053703799459468,17.373236766232445,30.594130000000003,synthetic
snapshots/synthetic_steps100_pretrainedFalse_freezeFalse_2025_12_13_02_37,synthetic_steps100_pretrainedFalse_freezeFalse_2025_12_13_02_37,synthetic,steps,100,False,False,2025_12_13_02_37,spair,5000,15078.15,3.01563,5,0.14244068812095634,0.11434228946449532,0.8856577105355047,0.24981701189308467,0.2264773945380536,0.7735226054619464,,,,0.2742626965045929,0.1291054487228393,,-1.7951646556691507,-2.047134055797286,2.047134055797286,-1.099588463487,-1.2283097579100044,1.2283097579100042,,,,0.2619332784065441,0.02232443955186393,-0.6106302059349842,-0.7993204554740914,-0.2641968706551962,1.9167742232971392,0.0900634779759173,3.01563,synthetic
snapshots/synthetic_steps100_pretrainedFalse_freezeFalse_2025_12_13_02_37,synthetic_steps100_pretrainedFalse_freezeFalse_2025_12_13_02_37,synthetic,steps,100,False,False,2025_12_13_02_37,tss,5000,110802.35,22.16047,5,0.3447417122523325,0.166306697202445,0.833693302797555,0.23149990085233685,0.3367490918377315,0.6632509081622685,,,,0.1433193981647491,0.0803383141756057,,-0.6422340138385951,-1.6120319350752836,1.612031935075284,-1.1998612467506131,-0.6778152438350924,0.6778152438350924,,,,0.9940301111493474,0.3909890737818275,-0.8218933017758339,0.4948488765092102,-0.8434225987585643,0.5829150772323536,26.193864777782487,22.16047,synthetic
snapshots/synthetic_steps100_pretrainedTrue_freezeFalse_2025_12_11_05_11,synthetic_steps100_pretrainedTrue_freezeFalse_2025_12_11_05_11,synthetic,steps,100,True,False,2025_12_11_05_11,flyingthings,5000,176812.80000000002,35.36256,3,0.30249777253740917,0.22973769517055903,0.770262304829441,0.22364680580949392,0.26415440680550395,0.735845593194496,,,,0.1074327677488327,0.0655120611190795,,-0.8354317932540869,-1.2097929101319673,1.2097929101319675,-1.2445395161058372,-1.024486498426884,1.024486498426884,,,,0.871351888131131,0.7318086100269562,-0.9160252206633509,-0.32014799358097734,-1.0021665734054186,0.17739333754177977,51.060972538836836,35.36256,synthetic
snapshots/synthetic_steps100_pretrainedTrue_freezeFalse_2025_12_11_05_11,synthetic_steps100_pretrainedTrue_freezeFalse_2025_12_11_05_11,synthetic,steps,100,True,False,2025_12_11_05_11,kitti2012,5000,191825.5,38.3651,3,0.3944051355547829,0.02497130984819927,0.9750286901518007,0.2128626836913587,0.1342526283034775,0.8657473716965225,,,,0.3847016096115112,0.0641089379787445,,-0.42883257814977505,-3.6647393365695455,3.6647393365695446,-1.3077554335843773,-1.863869836532181,1.863869836532181,,,,1.1295374083814675,-1.348282208319172,-1.0492138088151906,-2.2934722432860712,0.22432801504973826,0.13901567497933684,39.63166878180088,38.3651,synthetic
snapshots/synthetic_steps100_pretrainedTrue_freezeFalse_2025_12_11_05_11,synthetic_steps100_pretrainedTrue_freezeFalse_2025_12_11_05_11,synthetic,steps,100,True,False,2025_12_11_05_11,middlebury,5000,105052.65,21.01053,3,0.35503550890400376,0.0305194343031971,0.9694805656968029,0.20130866036082515,0.3462849219668558,0.6537150780331442,,,,0.0808207094669342,0.0616263709962368,,-0.5969774531610359,-3.458396757822236,3.4583967578222348,-1.3781352089131305,-0.6354096859480465,0.6354096859480466,,,,1.0227674727310192,-1.1734469048421103,-1.1974958125314608,0.5945410098909233,-1.119884616482783,0.07111349647161469,28.51379904646017,21.01053,synthetic
snapshots/synthetic_steps100_pretrainedTrue_freezeFalse_2025_12_11_05_11,synthetic_steps100_pretrainedTrue_freezeFalse_2025_12_11_05_11,synthetic,steps,100,True,False,2025_12_11_05_11,pfpascal,5000,68090.04999999999,13.618009999999998,3,0.30500847133349196,0.13877235572367702,0.8612276442763229,0.23735163439225532,0.15535490073168357,0.8446450992683164,,,,0.1981388181447982,0.0921831429004669,,-0.8235601054358476,-1.82552400271153,1.8255240027115298,-1.1672543364257024,-1.6932043565347479,1.6932043565347479,,,,0.8788902644529233,0.21009596552597679,-0.7531943328548691,-1.8922511146576553,-0.6009297117248303,0.9068900918587409,13.118247423684853,13.618009999999998,synthetic
snapshots/synthetic_steps100_pretrainedTrue_freezeFalse_2025_12_11_05_11,synthetic_steps100_pretrainedTrue_freezeFalse_2025_12_11_05_11,synthetic,steps,100,True,False,2025_12_11_05_11,pfwillow,5000,67900.05000000002,13.580010000000003,3,0.2841453865314071,0.09606580208764746,0.9039341979123525,0.2055971294097254,0.300643816903302,0.699356183096698,,,,0.2759363353252411,0.1517357230186462,,-0.9239910609486419,-2.2417231727476854,2.2417231727476854,-1.3516721547884194,-0.8442339418802766,0.8442339418802766,,,,0.8151178381051327,-0.1425520853122514,-1.1417412342916926,0.1036115984400624,-0.25679355428266953,2.5357484285209564,19.077938550420242,13.580010000000003,synthetic
snapshots/synthetic_steps100_pretrainedTrue_freezeFalse_2025_12_11_05_11,synthetic_steps100_pretrainedTrue_freezeFalse_2025_12_11_05_11,synthetic,steps,100,True,False,2025_12_11_05_11,pointodyssey,5000,86512.35,17.30247,3,0.41480264937105116,0.006668188234359309,0.9933318117656407,0.14758529732057166,0.31646453590305246,0.6835354640969475,,,,0.2769270837306976,0.0551739558577537,,-0.3441462784043824,-5.003716565052514,5.00371656505251,-1.753666853088225,-0.7700673563944729,0.7700673563944729,,,,1.1833121712083725,-2.482805637811529,-1.9886973245715094,0.2779714111894104,-0.2524109934812118,-0.1053703799459468,17.373236766232445,17.30247,synthetic
snapshots/synthetic_steps100_pretrainedTrue_freezeFalse_2025_12_11_05_11,synthetic_steps100_pretrainedTrue_freezeFalse_2025_12_11_05_11,synthetic,steps,100,True,False,2025_12_11_05_11,spair,5000,43538.7,8.70774,3,0.14244068812095634,0.11434228946449532,0.8856577105355047,0.24981701189308467,0.2264773945380536,0.7735226054619464,,,,0.2742626965045929,0.1291054487228393,,-1.7951646556691507,-2.047134055797286,2.047134055797286,-1.099588463487,-1.2283097579100044,1.2283097579100042,,,,0.2619332784065441,0.02232443955186393,-0.6106302059349842,-0.7993204554740914,-0.2641968706551962,1.9167742232971392,0.0900634779759173,8.70774,synthetic
snapshots/synthetic_steps100_pretrainedTrue_freezeFalse_2025_12_11_05_11,synthetic_steps100_pretrainedTrue_freezeFalse_2025_12_11_05_11,synthetic,steps,100,True,False,2025_12_11_05_11,tss,5000,123737.95,24.74759,3,0.3447417122523325,0.166306697202445,0.833693302797555,0.23149990085233685,0.3367490918377315,0.6632509081622685,,,,0.1433193981647491,0.0803383141756057,,-0.6422340138385951,-1.6120319350752836,1.612031935075284,-1.1998612467506131,-0.6778152438350924,0.6778152438350924,,,,0.9940301111493474,0.3909890737818275,-0.8218933017758339,0.4948488765092102,-0.8434225987585643,0.5829150772323536,26.193864777782487,24.74759,synthetic
snapshots/synthetic_steps100_pretrainedTrue_freezeFalse_2025_12_12_23_46,synthetic_steps100_pretrainedTrue_freezeFalse_2025_12_12_23_46,synthetic,steps,100,True,False,2025_12_12_23_46,flyingthings,5000,178833.5,35.7667,3,0.30249777253740917,0.22973769517055903,0.770262304829441,0.22364680580949392,0.26415440680550395,0.735845593194496,,,,0.1074327677488327,0.0655120611190795,,-0.8354317932540869,-1.2097929101319673,1.2097929101319675,-1.2445395161058372,-1.024486498426884,1.024486498426884,,,,0.871351888131131,0.7318086100269562,-0.9160252206633509,-0.32014799358097734,-1.0021665734054186,0.17739333754177977,51.060972538836836,35.7667,synthetic
snapshots/synthetic_steps100_pretrainedTrue_freezeFalse_2025_12_12_23_46,synthetic_steps100_pretrainedTrue_freezeFalse_2025_12_12_23_46,synthetic,steps,100,True,False,2025_12_12_23_46,kitti2012,5000,194521.8,38.90436,3,0.3944051355547829,0.02497130984819927,0.9750286901518007,0.2128626836913587,0.1342526283034775,0.8657473716965225,,,,0.3847016096115112,0.0641089379787445,,-0.42883257814977505,-3.6647393365695455,3.6647393365695446,-1.3077554335843773,-1.863869836532181,1.863869836532181,,,,1.1295374083814675,-1.348282208319172,-1.0492138088151906,-2.2934722432860712,0.22432801504973826,0.13901567497933684,39.63166878180088,38.90436,synthetic
snapshots/synthetic_steps100_pretrainedTrue_freezeFalse_2025_12_12_23_46,synthetic_steps100_pretrainedTrue_freezeFalse_2025_12_12_23_46,synthetic,steps,100,True,False,2025_12_12_23_46,middlebury,5000,107176.70000000001,21.435340000000004,3,0.35503550890400376,0.0305194343031971,0.9694805656968029,0.20130866036082515,0.3462849219668558,0.6537150780331442,,,,0.0808207094669342,0.0616263709962368,,-0.5969774531610359,-3.458396757822236,3.4583967578222348,-1.3781352089131305,-0.6354096859480465,0.6354096859480466,,,,1.0227674727310192,-1.1734469048421103,-1.1974958125314608,0.5945410098909233,-1.119884616482783,0.07111349647161469,28.51379904646017,21.435340000000004,synthetic
snapshots/synthetic_steps100_pretrainedTrue_freezeFalse_2025_12_12_23_46,synthetic_steps100_pretrainedTrue_freezeFalse_2025_12_12_23_46,synthetic,steps,100,True,False,2025_12_12_23_46,pfpascal,5000,91229.09999999999,18.24582,3,0.30500847133349196,0.13877235572367702,0.8612276442763229,0.23735163439225532,0.15535490073168357,0.8446450992683164,,,,0.1981388181447982,0.0921831429004669,,-0.8235601054358476,-1.82552400271153,1.8255240027115298,-1.1672543364257024,-1.6932043565347479,1.6932043565347479,,,,0.8788902644529233,0.21009596552597679,-0.7531943328548691,-1.8922511146576553,-0.6009297117248303,0.9068900918587409,13.118247423684853,18.24582,synthetic
snapshots/synthetic_steps100_pretrainedTrue_freezeFalse_2025_12_12_23_46,synthetic_steps100_pretrainedTrue_freezeFalse_2025_12_12_23_46,synthetic,steps,100,True,False,2025_12_12_23_46,pfwillow,5000,99761.15,19.95223,3,0.2841453865314071,0.09606580208764746,0.9039341979123525,0.2055971294097254,0.300643816903302,0.699356183096698,,,,0.2759363353252411,0.1517357230186462,,-0.9239910609486419,-2.2417231727476854,2.2417231727476854,-1.3516721547884194,-0.8442339418802766,0.8442339418802766,,,,0.8151178381051327,-0.1425520853122514,-1.1417412342916926,0.1036115984400624,-0.25679355428266953,2.5357484285209564,19.077938550420242,19.95223,synthetic
snapshots/synthetic_steps100_pretrainedTrue_freezeFalse_2025_12_12_23_46,synthetic_steps100_pretrainedTrue_freezeFalse_2025_12_12_23_46,synthetic,steps,100,True,False,2025_12_12_23_46,pointodyssey,5000,89910.5,17.9821,3,0.41480264937105116,0.006668188234359309,0.9933318117656407,0.14758529732057166,0.31646453590305246,0.6835354640969475,,,,0.2769270837306976,0.0551739558577537,,-0.3441462784043824,-5.003716565052514,5.00371656505251,-1.753666853088225,-0.7700673563944729,0.7700673563944729,,,,1.1833121712083725,-2.482805637811529,-1.9886973245715094,0.2779714111894104,-0.2524109934812118,-0.1053703799459468,17.373236766232445,17.9821,synthetic
snapshots/synthetic_steps100_pretrainedTrue_freezeFalse_2025_12_12_23_46,synthetic_steps100_pretrainedTrue_freezeFalse_2025_12_12_23_46,synthetic,steps,100,True,False,2025_12_12_23_46,spair,5000,41273.95,8.25479,3,0.14244068812095634,0.11434228946449532,0.8856577105355047,0.24981701189308467,0.2264773945380536,0.7735226054619464,,,,0.2742626965045929,0.1291054487228393,,-1.7951646556691507,-2.047134055797286,2.047134055797286,-1.099588463487,-1.2283097579100044,1.2283097579100042,,,,0.2619332784065441,0.02232443955186393,-0.6106302059349842,-0.7993204554740914,-0.2641968706551962,1.9167742232971392,0.0900634779759173,8.25479,synthetic
snapshots/synthetic_steps100_pretrainedTrue_freezeFalse_2025_12_12_23_46,synthetic_steps100_pretrainedTrue_freezeFalse_2025_12_12_23_46,synthetic,steps,100,True,False,2025_12_12_23_46,tss,5000,130985.95000000001,26.197190000000003,3,0.3447417122523325,0.166306697202445,0.833693302797555,0.23149990085233685,0.3367490918377315,0.6632509081622685,,,,0.1433193981647491,0.0803383141756057,,-0.6422340138385951,-1.6120319350752836,1.612031935075284,-1.1998612467506131,-0.6778152438350924,0.6778152438350924,,,,0.9940301111493474,0.3909890737818275,-0.8218933017758339,0.4948488765092102,-0.8434225987585643,0.5829150772323536,26.193864777782487,26.197190000000003,synthetic
snapshots/synthetic_steps100_pretrainedTrue_freezeTrue_2025_12_11_05_11,synthetic_steps100_pretrainedTrue_freezeTrue_2025_12_11_05_11,synthetic,steps,100,True,True,2025_12_11_05_11,flyingthings,5000,174781.8,34.95636,3,0.30249777253740917,0.22973769517055903,0.770262304829441,0.22364680580949392,0.26415440680550395,0.735845593194496,,,,0.1074327677488327,0.0655120611190795,,-0.8354317932540869,-1.2097929101319673,1.2097929101319675,-1.2445395161058372,-1.024486498426884,1.024486498426884,,,,0.871351888131131,0.7318086100269562,-0.9160252206633509,-0.32014799358097734,-1.0021665734054186,0.17739333754177977,51.060972538836836,34.95636,synthetic
snapshots/synthetic_steps100_pretrainedTrue_freezeTrue_2025_12_11_05_11,synthetic_steps100_pretrainedTrue_freezeTrue_2025_12_11_05_11,synthetic,steps,100,True,True,2025_12_11_05_11,kitti2012,5000,190984.90000000002,38.19698,3,0.3944051355547829,0.02497130984819927,0.9750286901518007,0.2128626836913587,0.1342526283034775,0.8657473716965225,,,,0.3847016096115112,0.0641089379787445,,-0.42883257814977505,-3.6647393365695455,3.6647393365695446,-1.3077554335843773,-1.863869836532181,1.863869836532181,,,,1.1295374083814675,-1.348282208319172,-1.0492138088151906,-2.2934722432860712,0.22432801504973826,0.13901567497933684,39.63166878180088,38.19698,synthetic
snapshots/synthetic_steps100_pretrainedTrue_freezeTrue_2025_12_11_05_11,synthetic_steps100_pretrainedTrue_freezeTrue_2025_12_11_05_11,synthetic,steps,100,True,True,2025_12_11_05_11,middlebury,5000,106042.29999999999,21.20846,3,0.35503550890400376,0.0305194343031971,0.9694805656968029,0.20130866036082515,0.3462849219668558,0.6537150780331442,,,,0.0808207094669342,0.0616263709962368,,-0.5969774531610359,-3.458396757822236,3.4583967578222348,-1.3781352089131305,-0.6354096859480465,0.6354096859480466,,,,1.0227674727310192,-1.1734469048421103,-1.1974958125314608,0.5945410098909233,-1.119884616482783,0.07111349647161469,28.51379904646017,21.20846,synthetic
snapshots/synthetic_steps100_pretrainedTrue_freezeTrue_2025_12_11_05_11,synthetic_steps100_pretrainedTrue_freezeTrue_2025_12_11_05_11,synthetic,steps,100,True,True,2025_12_11_05_11,pfpascal,5000,69886.25,13.97725,3,0.30500847133349196,0.13877235572367702,0.8612276442763229,0.23735163439225532,0.15535490073168357,0.8446450992683164,,,,0.1981388181447982,0.0921831429004669,,-0.8235601054358476,-1.82552400271153,1.8255240027115298,-1.1672543364257024,-1.6932043565347479,1.6932043565347479,,,,0.8788902644529233,0.21009596552597679,-0.7531943328548691,-1.8922511146576553,-0.6009297117248303,0.9068900918587409,13.118247423684853,13.97725,synthetic
snapshots/synthetic_steps100_pretrainedTrue_freezeTrue_2025_12_11_05_11,synthetic_steps100_pretrainedTrue_freezeTrue_2025_12_11_05_11,synthetic,steps,100,True,True,2025_12_11_05_11,pfwillow,5000,67427.75,13.48555,3,0.2841453865314071,0.09606580208764746,0.9039341979123525,0.2055971294097254,0.300643816903302,0.699356183096698,,,,0.2759363353252411,0.1517357230186462,,-0.9239910609486419,-2.2417231727476854,2.2417231727476854,-1.3516721547884194,-0.8442339418802766,0.8442339418802766,,,,0.8151178381051327,-0.1425520853122514,-1.1417412342916926,0.1036115984400624,-0.25679355428266953,2.5357484285209564,19.077938550420242,13.48555,synthetic
snapshots/synthetic_steps100_pretrainedTrue_freezeTrue_2025_12_11_05_11,synthetic_steps100_pretrainedTrue_freezeTrue_2025_12_11_05_11,synthetic,steps,100,True,True,2025_12_11_05_11,pointodyssey,5000,106236.3,21.24726,3,0.41480264937105116,0.006668188234359309,0.9933318117656407,0.14758529732057166,0.31646453590305246,0.6835354640969475,,,,0.2769270837306976,0.0551739558577537,,-0.3441462784043824,-5.003716565052514,5.00371656505251,-1.753666853088225,-0.7700673563944729,0.7700673563944729,,,,1.1833121712083725,-2.482805637811529,-1.9886973245715094,0.2779714111894104,-0.2524109934812118,-0.1053703799459468,17.373236766232445,21.24726,synthetic
snapshots/synthetic_steps100_pretrainedTrue_freezeTrue_2025_12_11_05_11,synthetic_steps100_pretrainedTrue_freezeTrue_2025_12_11_05_11,synthetic,steps,100,True,True,2025_12_11_05_11,spair,5000,47635.25,9.52705,3,0.14244068812095634,0.11434228946449532,0.8856577105355047,0.24981701189308467,0.2264773945380536,0.7735226054619464,,,,0.2742626965045929,0.1291054487228393,,-1.7951646556691507,-2.047134055797286,2.047134055797286,-1.099588463487,-1.2283097579100044,1.2283097579100042,,,,0.2619332784065441,0.02232443955186393,-0.6106302059349842,-0.7993204554740914,-0.2641968706551962,1.9167742232971392,0.0900634779759173,9.52705,synthetic
snapshots/synthetic_steps100_pretrainedTrue_freezeTrue_2025_12_11_05_11,synthetic_steps100_pretrainedTrue_freezeTrue_2025_12_11_05_11,synthetic,steps,100,True,True,2025_12_11_05_11,tss,5000,129087.7,25.81754,3,0.3447417122523325,0.166306697202445,0.833693302797555,0.23149990085233685,0.3367490918377315,0.6632509081622685,,,,0.1433193981647491,0.0803383141756057,,-0.6422340138385951,-1.6120319350752836,1.612031935075284,-1.1998612467506131,-0.6778152438350924,0.6778152438350924,,,,0.9940301111493474,0.3909890737818275,-0.8218933017758339,0.4948488765092102,-0.8434225987585643,0.5829150772323536,26.193864777782487,25.81754,synthetic
snapshots/synthetic_steps100_pretrainedTrue_freezeTrue_2025_12_12_23_46,synthetic_steps100_pretrainedTrue_freezeTrue_2025_12_12_23_46,synthetic,steps,100,True,True,2025_12_12_23_46,flyingthings,5000,178126.7,35.62534,3,0.30249777253740917,0.22973769517055903,0.770262304829441,0.22364680580949392,0.26415440680550395,0.735845593194496,,,,0.1074327677488327,0.0655120611190795,,-0.8354317932540869,-1.2097929101319673,1.2097929101319675,-1.2445395161058372,-1.024486498426884,1.024486498426884,,,,0.871351888131131,0.7318086100269562,-0.9160252206633509,-0.32014799358097734,-1.0021665734054186,0.17739333754177977,51.060972538836836,35.62534,synthetic
snapshots/synthetic_steps100_pretrainedTrue_freezeTrue_2025_12_12_23_46,synthetic_steps100_pretrainedTrue_freezeTrue_2025_12_12_23_46,synthetic,steps,100,True,True,2025_12_12_23_46,kitti2012,5000,193728.5,38.7457,3,0.3944051355547829,0.02497130984819927,0.9750286901518007,0.2128626836913587,0.1342526283034775,0.8657473716965225,,,,0.3847016096115112,0.0641089379787445,,-0.42883257814977505,-3.6647393365695455,3.6647393365695446,-1.3077554335843773,-1.863869836532181,1.863869836532181,,,,1.1295374083814675,-1.348282208319172,-1.0492138088151906,-2.2934722432860712,0.22432801504973826,0.13901567497933684,39.63166878180088,38.7457,synthetic
snapshots/synthetic_steps100_pretrainedTrue_freezeTrue_2025_12_12_23_46,synthetic_steps100_pretrainedTrue_freezeTrue_2025_12_12_23_46,synthetic,steps,100,True,True,2025_12_12_23_46,middlebury,5000,106942.95,21.38859,3,0.35503550890400376,0.0305194343031971,0.9694805656968029,0.20130866036082515,0.3462849219668558,0.6537150780331442,,,,0.0808207094669342,0.0616263709962368,,-0.5969774531610359,-3.458396757822236,3.4583967578222348,-1.3781352089131305,-0.6354096859480465,0.6354096859480466,,,,1.0227674727310192,-1.1734469048421103,-1.1974958125314608,0.5945410098909233,-1.119884616482783,0.07111349647161469,28.51379904646017,21.38859,synthetic
snapshots/synthetic_steps100_pretrainedTrue_freezeTrue_2025_12_12_23_46,synthetic_steps100_pretrainedTrue_freezeTrue_2025_12_12_23_46,synthetic,steps,100,True,True,2025_12_12_23_46,pfpascal,5000,95721.05,19.14421,3,0.30500847133349196,0.13877235572367702,0.8612276442763229,0.23735163439225532,0.15535490073168357,0.8446450992683164,,,,0.1981388181447982,0.0921831429004669,,-0.8235601054358476,-1.82552400271153,1.8255240027115298,-1.1672543364257024,-1.6932043565347479,1.6932043565347479,,,,0.8788902644529233,0.21009596552597679,-0.7531943328548691,-1.8922511146576553,-0.6009297117248303,0.9068900918587409,13.118247423684853,19.14421,synthetic
snapshots/synthetic_steps100_pretrainedTrue_freezeTrue_2025_12_12_23_46,synthetic_steps100_pretrainedTrue_freezeTrue_2025_12_12_23_46,synthetic,steps,100,True,True,2025_12_12_23_46,pfwillow,5000,99716.6,19.94332,3,0.2841453865314071,0.09606580208764746,0.9039341979123525,0.2055971294097254,0.300643816903302,0.699356183096698,,,,0.2759363353252411,0.1517357230186462,,-0.9239910609486419,-2.2417231727476854,2.2417231727476854,-1.3516721547884194,-0.8442339418802766,0.8442339418802766,,,,0.8151178381051327,-0.1425520853122514,-1.1417412342916926,0.1036115984400624,-0.25679355428266953,2.5357484285209564,19.077938550420242,19.94332,synthetic
snapshots/synthetic_steps100_pretrainedTrue_freezeTrue_2025_12_12_23_46,synthetic_steps100_pretrainedTrue_freezeTrue_2025_12_12_23_46,synthetic,steps,100,True,True,2025_12_12_23_46,pointodyssey,5000,92424.55,18.48491,3,0.41480264937105116,0.006668188234359309,0.9933318117656407,0.14758529732057166,0.31646453590305246,0.6835354640969475,,,,0.2769270837306976,0.0551739558577537,,-0.3441462784043824,-5.003716565052514,5.00371656505251,-1.753666853088225,-0.7700673563944729,0.7700673563944729,,,,1.1833121712083725,-2.482805637811529,-1.9886973245715094,0.2779714111894104,-0.2524109934812118,-0.1053703799459468,17.373236766232445,18.48491,synthetic
snapshots/synthetic_steps100_pretrainedTrue_freezeTrue_2025_12_12_23_46,synthetic_steps100_pretrainedTrue_freezeTrue_2025_12_12_23_46,synthetic,steps,100,True,True,2025_12_12_23_46,spair,5000,44432.3,8.886460000000001,3,0.14244068812095634,0.11434228946449532,0.8856577105355047,0.24981701189308467,0.2264773945380536,0.7735226054619464,,,,0.2742626965045929,0.1291054487228393,,-1.7951646556691507,-2.047134055797286,2.047134055797286,-1.099588463487,-1.2283097579100044,1.2283097579100042,,,,0.2619332784065441,0.02232443955186393,-0.6106302059349842,-0.7993204554740914,-0.2641968706551962,1.9167742232971392,0.0900634779759173,8.886460000000001,synthetic
snapshots/synthetic_steps100_pretrainedTrue_freezeTrue_2025_12_12_23_46,synthetic_steps100_pretrainedTrue_freezeTrue_2025_12_12_23_46,synthetic,steps,100,True,True,2025_12_12_23_46,tss,5000,127698.5,25.5397,3,0.3447417122523325,0.166306697202445,0.833693302797555,0.23149990085233685,0.3367490918377315,0.6632509081622685,,,,0.1433193981647491,0.0803383141756057,,-0.6422340138385951,-1.6120319350752836,1.612031935075284,-1.1998612467506131,-0.6778152438350924,0.6778152438350924,,,,0.9940301111493474,0.3909890737818275,-0.8218933017758339,0.4948488765092102,-0.8434225987585643,0.5829150772323536,26.193864777782487,25.5397,synthetic
snapshots/synthetic_large_zoom_steps100_pretrainedFalse_freezeFalse_2025_12_11_12_20,synthetic_large_zoom_steps100_pretrainedFalse_freezeFalse_2025_12_11_12_20,synthetic_large_zoom,steps,100,False,False,2025_12_11_12_20,flyingthings,5000,126923.20000000001,25.38464,3,0.20201529260535273,0.3720430639889017,0.6279569360110984,0.18399995896799728,0.2647010957717415,0.7352989042282585,,,,0.1182552427053451,0.0699124634265899,,-1.3737460330975826,-0.5234619799021061,0.5234619799021062,-1.4894788706394768,-1.0216758400648052,1.0216758400648052,,,,0.4371961119136758,1.3531183149637604,-1.4896934968795725,-0.27939393530250756,-0.9522008484123379,0.26696819639713754,52.85601241756456,25.38464,synthetic_large_zoom
snapshots/synthetic_large_zoom_steps100_pretrainedFalse_freezeFalse_2025_12_11_12_20,synthetic_large_zoom_steps100_pretrainedFalse_freezeFalse_2025_12_11_12_20,synthetic_large_zoom,steps,100,False,False,2025_12_11_12_20,kitti2012,5000,147357.05,29.47141,3,0.4608056459165639,0.11904885805132762,0.8809511419486724,0.1755977219986397,0.1353376462102548,0.8646623537897452,,,,0.2798783183097839,0.0687143802642822,,-0.15709972690004817,-2.0014681861955,2.0014681861955004,-1.5464629037918975,-1.854566349314325,1.8545663493143252,,,,1.2061666419300905,0.14886205078094503,-1.6163315870766064,-2.218707725243729,-0.22095791449555818,0.23398911370358078,52.892201384705416,29.47141,synthetic_large_zoom
snapshots/synthetic_large_zoom_steps100_pretrainedFalse_freezeFalse_2025_12_11_12_20,synthetic_large_zoom_steps100_pretrainedFalse_freezeFalse_2025_12_11_12_20,synthetic_large_zoom,steps,100,False,False,2025_12_11_12_20,middlebury,5000,81788.75,16.35775,3,0.26850162792678267,0.10338996132354866,0.8966100386764513,0.16702781484821438,0.34864473684073227,0.6513552631592677,,,,0.0393068566918373,0.0650183260440826,,-1.0022380180213246,-2.160113156525615,2.1601131565256146,-1.6068398959098382,-0.6250017547682749,0.6250017547682749,,,,0.6720044648452579,0.019600618394771695,-1.7505099972499578,0.644227495347532,-1.3093927234005551,0.13224953367889547,36.0634503793235,16.35775,synthetic_large_zoom
snapshots/synthetic_large_zoom_steps100_pretrainedFalse_freezeFalse_2025_12_11_12_20,synthetic_large_zoom_steps100_pretrainedFalse_freezeFalse_2025_12_11_12_20,synthetic_large_zoom,steps,100,False,False,2025_12_11_12_20,pfpascal,5000,13303.599999999999,2.6607199999999995,3,0.1507173027974378,0.20220779037250158,0.7977922096274984,0.1997424989996467,0.15839635146503325,0.8416036485349667,,,,0.1723425090312957,0.1000214964151382,,-1.7289861923526948,-1.3725523407066518,1.3725523407066518,-1.3879045201277234,-1.6702087317757626,1.6702087317757623,,,,0.21266971327669387,0.6612928128094456,-1.2639604090265917,-1.7894468968361688,-0.7074899297033999,1.0957656622089005,13.351970308357583,2.6607199999999995,synthetic_large_zoom
snapshots/synthetic_large_zoom_steps100_pretrainedFalse_freezeFalse_2025_12_11_12_20,synthetic_large_zoom_steps100_pretrainedFalse_freezeFalse_2025_12_11_12_20,synthetic_large_zoom,steps,100,False,False,2025_12_11_12_20,pfwillow,5000,18927.75,3.78555,3,0.10942838199324052,0.12030943734636018,0.8796905626536398,0.17429314409320593,0.3042736539386703,0.6957263460613297,,,,0.3164510726928711,0.1613987684249878,,-2.096593234432547,-1.9895031439509758,1.9895031439509752,-1.5555011967275334,-0.8270289281528239,0.8270289281528236,,,,-0.01967306419771109,0.1586109794477032,-1.6364177777635434,0.17382462854030895,-0.055489164959078144,2.7852695237095433,16.84345000287256,3.78555,synthetic_large_zoom
snapshots/synthetic_large_zoom_steps100_pretrainedFalse_freezeFalse_2025_12_11_12_20,synthetic_large_zoom_steps100_pretrainedFalse_freezeFalse_2025_12_11_12_20,synthetic_large_zoom,steps,100,False,False,2025_12_11_12_20,pointodyssey,5000,40333.7,8.06674,3,0.4290203352236338,0.03996324692071573,0.9600367530792843,0.11699813665190827,0.3174477583984624,0.6825522416015376,,,,0.236817866563797,0.0575177446007728,,-0.28584927641217167,-3.17901136343507,3.1790113634350696,-2.021169302229854,-0.7655258042836605,0.7655258042836606,,,,1.1247916286469468,-0.8105816521604435,-2.671292220377116,0.31702935343434585,-0.4157794209714107,-0.0742155126975282,29.317427277871833,8.06674,synthetic_large_zoom
snapshots/synthetic_large_zoom_steps100_pretrainedFalse_freezeFalse_2025_12_11_12_20,synthetic_large_zoom_steps100_pretrainedFalse_freezeFalse_2025_12_11_12_20,synthetic_large_zoom,steps,100,False,False,2025_12_11_12_20,spair,5000,6369.9,1.27398,3,0.03835315777659012,0.12823207532570147,0.8717679246742985,0.21078890406748707,0.22873539099629248,0.7712646090037075,,,,0.3250285983085632,0.1388348639011383,,-3.2218104099856224,-1.9166815363177518,1.9166815363177518,-1.3201766557407015,-1.2154656794031926,1.2154656794031924,,,,-0.7308566213753699,0.21794488263888162,-1.113445836354022,-0.7306168795020548,-0.01668124737980922,2.1641633295884053,-1.5223122749454046,1.27398,synthetic_large_zoom
snapshots/synthetic_large_zoom_steps100_pretrainedFalse_freezeFalse_2025_12_11_12_20,synthetic_large_zoom_steps100_pretrainedFalse_freezeFalse_2025_12_11_12_20,synthetic_large_zoom,steps,100,False,False,2025_12_11_12_20,tss,5000,30908.7,6.1817400000000005,3,0.17894210476578426,0.2380835282593386,0.7619164717406615,0.1928748852405142,0.338913314611434,0.661086685388566,,,,0.0972432792186737,0.0855816900730133,,-1.523531308451775,-1.1632153613674128,1.1632153613674132,-1.4314369774406064,-0.6681406084793547,0.6681406084793545,,,,0.3425256542868006,0.8318572986830216,-1.3607044783861892,0.5437823912731246,-1.0472667897693149,0.6982877721777749,25.95732409071976,6.1817400000000005,synthetic_large_zoom
snapshots/synthetic_large_zoom_steps100_pretrainedFalse_freezeFalse_2025_12_13_11_44,synthetic_large_zoom_steps100_pretrainedFalse_freezeFalse_2025_12_13_11_44,synthetic_large_zoom,steps,100,False,False,2025_12_13_11_44,flyingthings,5000,304625.6,60.92511999999999,5,0.20201529260535273,0.3720430639889017,0.6279569360110984,0.18399995896799728,0.2647010957717415,0.7352989042282585,,,,0.1182552427053451,0.0699124634265899,,-1.3737460330975826,-0.5234619799021061,0.5234619799021062,-1.4894788706394768,-1.0216758400648052,1.0216758400648052,,,,0.4371961119136758,1.3531183149637604,-1.4896934968795725,-0.27939393530250756,-0.9522008484123379,0.26696819639713754,52.85601241756456,60.92511999999999,synthetic_large_zoom
snapshots/synthetic_large_zoom_steps100_pretrainedFalse_freezeFalse_2025_12_13_11_44,synthetic_large_zoom_steps100_pretrainedFalse_freezeFalse_2025_12_13_11_44,synthetic_large_zoom,steps,100,False,False,2025_12_13_11_44,kitti2012,5000,348636.4,69.72728000000001,5,0.4608056459165639,0.11904885805132762,0.8809511419486724,0.1755977219986397,0.1353376462102548,0.8646623537897452,,,,0.2798783183097839,0.0687143802642822,,-0.15709972690004817,-2.0014681861955,2.0014681861955004,-1.5464629037918975,-1.854566349314325,1.8545663493143252,,,,1.2061666419300905,0.14886205078094503,-1.6163315870766064,-2.218707725243729,-0.22095791449555818,0.23398911370358078,52.892201384705416,69.72728000000001,synthetic_large_zoom
snapshots/synthetic_large_zoom_steps100_pretrainedFalse_freezeFalse_2025_12_13_11_44,synthetic_large_zoom_steps100_pretrainedFalse_freezeFalse_2025_12_13_11_44,synthetic_large_zoom,steps,100,False,False,2025_12_13_11_44,middlebury,5000,194938.5,38.9877,5,0.26850162792678267,0.10338996132354866,0.8966100386764513,0.16702781484821438,0.34864473684073227,0.6513552631592677,,,,0.0393068566918373,0.0650183260440826,,-1.0022380180213246,-2.160113156525615,2.1601131565256146,-1.6068398959098382,-0.6250017547682749,0.6250017547682749,,,,0.6720044648452579,0.019600618394771695,-1.7505099972499578,0.644227495347532,-1.3093927234005551,0.13224953367889547,36.0634503793235,38.9877,synthetic_large_zoom
snapshots/synthetic_large_zoom_steps100_pretrainedFalse_freezeFalse_2025_12_13_11_44,synthetic_large_zoom_steps100_pretrainedFalse_freezeFalse_2025_12_13_11_44,synthetic_large_zoom,steps,100,False,False,2025_12_13_11_44,pfpascal,5000,66945.05,13.38901,5,0.1507173027974378,0.20220779037250158,0.7977922096274984,0.1997424989996467,0.15839635146503325,0.8416036485349667,,,,0.1723425090312957,0.1000214964151382,,-1.7289861923526948,-1.3725523407066518,1.3725523407066518,-1.3879045201277234,-1.6702087317757626,1.6702087317757623,,,,0.21266971327669387,0.6612928128094456,-1.2639604090265917,-1.7894468968361688,-0.7074899297033999,1.0957656622089005,13.351970308357583,13.38901,synthetic_large_zoom
snapshots/synthetic_large_zoom_steps100_pretrainedFalse_freezeFalse_2025_12_13_11_44,synthetic_large_zoom_steps100_pretrainedFalse_freezeFalse_2025_12_13_11_44,synthetic_large_zoom,steps,100,False,False,2025_12_13_11_44,pfwillow,5000,74711.04999999999,14.942209999999998,5,0.10942838199324052,0.12030943734636018,0.8796905626536398,0.17429314409320593,0.3042736539386703,0.6957263460613297,,,,0.3164510726928711,0.1613987684249878,,-2.096593234432547,-1.9895031439509758,1.9895031439509752,-1.5555011967275334,-0.8270289281528239,0.8270289281528236,,,,-0.01967306419771109,0.1586109794477032,-1.6364177777635434,0.17382462854030895,-0.055489164959078144,2.7852695237095433,16.84345000287256,14.942209999999998,synthetic_large_zoom
snapshots/synthetic_large_zoom_steps100_pretrainedFalse_freezeFalse_2025_12_13_11_44,synthetic_large_zoom_steps100_pretrainedFalse_freezeFalse_2025_12_13_11_44,synthetic_large_zoom,steps,100,False,False,2025_12_13_11_44,pointodyssey,5000,165779.09999999998,33.15582,5,0.4290203352236338,0.03996324692071573,0.9600367530792843,0.11699813665190827,0.3174477583984624,0.6825522416015376,,,,0.236817866563797,0.0575177446007728,,-0.28584927641217167,-3.17901136343507,3.1790113634350696,-2.021169302229854,-0.7655258042836605,0.7655258042836606,,,,1.1247916286469468,-0.8105816521604435,-2.671292220377116,0.31702935343434585,-0.4157794209714107,-0.0742155126975282,29.317427277871833,33.15582,synthetic_large_zoom
snapshots/synthetic_large_zoom_steps100_pretrainedFalse_freezeFalse_2025_12_13_11_44,synthetic_large_zoom_steps100_pretrainedFalse_freezeFalse_2025_12_13_11_44,synthetic_large_zoom,steps,100,False,False,2025_12_13_11_44,spair,5000,16201.95,3.24039,5,0.03835315777659012,0.12823207532570147,0.8717679246742985,0.21078890406748707,0.22873539099629248,0.7712646090037075,,,,0.3250285983085632,0.1388348639011383,,-3.2218104099856224,-1.9166815363177518,1.9166815363177518,-1.3201766557407015,-1.2154656794031926,1.2154656794031924,,,,-0.7308566213753699,0.21794488263888162,-1.113445836354022,-0.7306168795020548,-0.01668124737980922,2.1641633295884053,-1.5223122749454046,3.24039,synthetic_large_zoom
snapshots/synthetic_large_zoom_steps100_pretrainedFalse_freezeFalse_2025_12_13_11_44,synthetic_large_zoom_steps100_pretrainedFalse_freezeFalse_2025_12_13_11_44,synthetic_large_zoom,steps,100,False,False,2025_12_13_11_44,tss,5000,133519.2,26.703840000000003,5,0.17894210476578426,0.2380835282593386,0.7619164717406615,0.1928748852405142,0.338913314611434,0.661086685388566,,,,0.0972432792186737,0.0855816900730133,,-1.523531308451775,-1.1632153613674128,1.1632153613674132,-1.4314369774406064,-0.6681406084793547,0.6681406084793545,,,,0.3425256542868006,0.8318572986830216,-1.3607044783861892,0.5437823912731246,-1.0472667897693149,0.6982877721777749,25.95732409071976,26.703840000000003,synthetic_large_zoom
snapshots/synthetic_large_zoom_steps100_pretrainedTrue_freezeFalse_2025_12_11_12_20,synthetic_large_zoom_steps100_pretrainedTrue_freezeFalse_2025_12_11_12_20,synthetic_large_zoom,steps,100,True,False,2025_12_11_12_20,flyingthings,5000,175084.25000000003,35.016850000000005,3,0.20201529260535273,0.3720430639889017,0.6279569360110984,0.18399995896799728,0.2647010957717415,0.7352989042282585,,,,0.1182552427053451,0.0699124634265899,,-1.3737460330975826,-0.5234619799021061,0.5234619799021062,-1.4894788706394768,-1.0216758400648052,1.0216758400648052,,,,0.4371961119136758,1.3531183149637604,-1.4896934968795725,-0.27939393530250756,-0.9522008484123379,0.26696819639713754,52.85601241756456,35.016850000000005,synthetic_large_zoom
snapshots/synthetic_large_zoom_steps100_pretrainedTrue_freezeFalse_2025_12_11_12_20,synthetic_large_zoom_steps100_pretrainedTrue_freezeFalse_2025_12_11_12_20,synthetic_large_zoom,steps,100,True,False,2025_12_11_12_20,kitti2012,5000,195250.45,39.050090000000004,3,0.4608056459165639,0.11904885805132762,0.8809511419486724,0.1755977219986397,0.1353376462102548,0.8646623537897452,,,,0.2798783183097839,0.0687143802642822,,-0.15709972690004817,-2.0014681861955,2.0014681861955004,-1.5464629037918975,-1.854566349314325,1.8545663493143252,,,,1.2061666419300905,0.14886205078094503,-1.6163315870766064,-2.218707725243729,-0.22095791449555818,0.23398911370358078,52.892201384705416,39.050090000000004,synthetic_large_zoom
snapshots/synthetic_large_zoom_steps100_pretrainedTrue_freezeFalse_2025_12_11_12_20,synthetic_large_zoom_steps100_pretrainedTrue_freezeFalse_2025_12_11_12_20,synthetic_large_zoom,steps,100,True,False,2025_12_11_12_20,middlebury,5000,104762.45,20.95249,3,0.26850162792678267,0.10338996132354866,0.8966100386764513,0.16702781484821438,0.34864473684073227,0.6513552631592677,,,,0.0393068566918373,0.0650183260440826,,-1.0022380180213246,-2.160113156525615,2.1601131565256146,-1.6068398959098382,-0.6250017547682749,0.6250017547682749,,,,0.6720044648452579,0.019600618394771695,-1.7505099972499578,0.644227495347532,-1.3093927234005551,0.13224953367889547,36.0634503793235,20.95249,synthetic_large_zoom
snapshots/synthetic_large_zoom_steps100_pretrainedTrue_freezeFalse_2025_12_11_12_20,synthetic_large_zoom_steps100_pretrainedTrue_freezeFalse_2025_12_11_12_20,synthetic_large_zoom,steps,100,True,False,2025_12_11_12_20,pfpascal,5000,72673.5,14.5347,3,0.1507173027974378,0.20220779037250158,0.7977922096274984,0.1997424989996467,0.15839635146503325,0.8416036485349667,,,,0.1723425090312957,0.1000214964151382,,-1.7289861923526948,-1.3725523407066518,1.3725523407066518,-1.3879045201277234,-1.6702087317757626,1.6702087317757623,,,,0.21266971327669387,0.6612928128094456,-1.2639604090265917,-1.7894468968361688,-0.7074899297033999,1.0957656622089005,13.351970308357583,14.5347,synthetic_large_zoom
snapshots/synthetic_large_zoom_steps100_pretrainedTrue_freezeFalse_2025_12_11_12_20,synthetic_large_zoom_steps100_pretrainedTrue_freezeFalse_2025_12_11_12_20,synthetic_large_zoom,steps,100,True,False,2025_12_11_12_20,pfwillow,5000,70261.15,14.052229999999998,3,0.10942838199324052,0.12030943734636018,0.8796905626536398,0.17429314409320593,0.3042736539386703,0.6957263460613297,,,,0.3164510726928711,0.1613987684249878,,-2.096593234432547,-1.9895031439509758,1.9895031439509752,-1.5555011967275334,-0.8270289281528239,0.8270289281528236,,,,-0.01967306419771109,0.1586109794477032,-1.6364177777635434,0.17382462854030895,-0.055489164959078144,2.7852695237095433,16.84345000287256,14.052229999999998,synthetic_large_zoom
snapshots/synthetic_large_zoom_steps100_pretrainedTrue_freezeFalse_2025_12_11_12_20,synthetic_large_zoom_steps100_pretrainedTrue_freezeFalse_2025_12_11_12_20,synthetic_large_zoom,steps,100,True,False,2025_12_11_12_20,pointodyssey,5000,88276.65,17.65533,3,0.4290203352236338,0.03996324692071573,0.9600367530792843,0.11699813665190827,0.3174477583984624,0.6825522416015376,,,,0.236817866563797,0.0575177446007728,,-0.28584927641217167,-3.17901136343507,3.1790113634350696,-2.021169302229854,-0.7655258042836605,0.7655258042836606,,,,1.1247916286469468,-0.8105816521604435,-2.671292220377116,0.31702935343434585,-0.4157794209714107,-0.0742155126975282,29.317427277871833,17.65533,synthetic_large_zoom
snapshots/synthetic_large_zoom_steps100_pretrainedTrue_freezeFalse_2025_12_11_12_20,synthetic_large_zoom_steps100_pretrainedTrue_freezeFalse_2025_12_11_12_20,synthetic_large_zoom,steps,100,True,False,2025_12_11_12_20,spair,5000,40643.100000000006,8.128620000000002,3,0.03835315777659012,0.12823207532570147,0.8717679246742985,0.21078890406748707,0.22873539099629248,0.7712646090037075,,,,0.3250285983085632,0.1388348639011383,,-3.2218104099856224,-1.9166815363177518,1.9166815363177518,-1.3201766557407015,-1.2154656794031926,1.2154656794031924,,,,-0.7308566213753699,0.21794488263888162,-1.113445836354022,-0.7306168795020548,-0.01668124737980922,2.1641633295884053,-1.5223122749454046,8.128620000000002,synthetic_large_zoom
snapshots/synthetic_large_zoom_steps100_pretrainedTrue_freezeFalse_2025_12_11_12_20,synthetic_large_zoom_steps100_pretrainedTrue_freezeFalse_2025_12_11_12_20,synthetic_large_zoom,steps,100,True,False,2025_12_11_12_20,tss,5000,134995.05,26.99901,3,0.17894210476578426,0.2380835282593386,0.7619164717406615,0.1928748852405142,0.338913314611434,0.661086685388566,,,,0.0972432792186737,0.0855816900730133,,-1.523531308451775,-1.1632153613674128,1.1632153613674132,-1.4314369774406064,-0.6681406084793547,0.6681406084793545,,,,0.3425256542868006,0.8318572986830216,-1.3607044783861892,0.5437823912731246,-1.0472667897693149,0.6982877721777749,25.95732409071976,26.99901,synthetic_large_zoom
snapshots/synthetic_large_zoom_steps100_pretrainedTrue_freezeFalse_2025_12_13_11_44,synthetic_large_zoom_steps100_pretrainedTrue_freezeFalse_2025_12_13_11_44,synthetic_large_zoom,steps,100,True,False,2025_12_13_11_44,flyingthings,5000,353783.55000000005,70.75671000000001,5,0.20201529260535273,0.3720430639889017,0.6279569360110984,0.18399995896799728,0.2647010957717415,0.7352989042282585,,,,0.1182552427053451,0.0699124634265899,,-1.3737460330975826,-0.5234619799021061,0.5234619799021062,-1.4894788706394768,-1.0216758400648052,1.0216758400648052,,,,0.4371961119136758,1.3531183149637604,-1.4896934968795725,-0.27939393530250756,-0.9522008484123379,0.26696819639713754,52.85601241756456,70.75671000000001,synthetic_large_zoom
snapshots/synthetic_large_zoom_steps100_pretrainedTrue_freezeFalse_2025_12_13_11_44,synthetic_large_zoom_steps100_pretrainedTrue_freezeFalse_2025_12_13_11_44,synthetic_large_zoom,steps,100,True,False,2025_12_13_11_44,kitti2012,5000,393104.1,78.62082,5,0.4608056459165639,0.11904885805132762,0.8809511419486724,0.1755977219986397,0.1353376462102548,0.8646623537897452,,,,0.2798783183097839,0.0687143802642822,,-0.15709972690004817,-2.0014681861955,2.0014681861955004,-1.5464629037918975,-1.854566349314325,1.8545663493143252,,,,1.2061666419300905,0.14886205078094503,-1.6163315870766064,-2.218707725243729,-0.22095791449555818,0.23398911370358078,52.892201384705416,78.62082,synthetic_large_zoom
snapshots/synthetic_large_zoom_steps100_pretrainedTrue_freezeFalse_2025_12_13_11_44,synthetic_large_zoom_steps100_pretrainedTrue_freezeFalse_2025_12_13_11_44,synthetic_large_zoom,steps,100,True,False,2025_12_13_11_44,middlebury,5000,214377.1,42.87542,5,0.26850162792678267,0.10338996132354866,0.8966100386764513,0.16702781484821438,0.34864473684073227,0.6513552631592677,,,,0.0393068566918373,0.0650183260440826,,-1.0022380180213246,-2.160113156525615,2.1601131565256146,-1.6068398959098382,-0.6250017547682749,0.6250017547682749,,,,0.6720044648452579,0.019600618394771695,-1.7505099972499578,0.644227495347532,-1.3093927234005551,0.13224953367889547,36.0634503793235,42.87542,synthetic_large_zoom
snapshots/synthetic_large_zoom_steps100_pretrainedTrue_freezeFalse_2025_12_13_11_44,synthetic_large_zoom_steps100_pretrainedTrue_freezeFalse_2025_12_13_11_44,synthetic_large_zoom,steps,100,True,False,2025_12_13_11_44,pfpascal,5000,156726.2,31.345240000000004,5,0.1507173027974378,0.20220779037250158,0.7977922096274984,0.1997424989996467,0.15839635146503325,0.8416036485349667,,,,0.1723425090312957,0.1000214964151382,,-1.7289861923526948,-1.3725523407066518,1.3725523407066518,-1.3879045201277234,-1.6702087317757626,1.6702087317757623,,,,0.21266971327669387,0.6612928128094456,-1.2639604090265917,-1.7894468968361688,-0.7074899297033999,1.0957656622089005,13.351970308357583,31.345240000000004,synthetic_large_zoom
snapshots/synthetic_large_zoom_steps100_pretrainedTrue_freezeFalse_2025_12_13_11_44,synthetic_large_zoom_steps100_pretrainedTrue_freezeFalse_2025_12_13_11_44,synthetic_large_zoom,steps,100,True,False,2025_12_13_11_44,pfwillow,5000,190201.35,38.04027,5,0.10942838199324052,0.12030943734636018,0.8796905626536398,0.17429314409320593,0.3042736539386703,0.6957263460613297,,,,0.3164510726928711,0.1613987684249878,,-2.096593234432547,-1.9895031439509758,1.9895031439509752,-1.5555011967275334,-0.8270289281528239,0.8270289281528236,,,,-0.01967306419771109,0.1586109794477032,-1.6364177777635434,0.17382462854030895,-0.055489164959078144,2.7852695237095433,16.84345000287256,38.04027,synthetic_large_zoom
snapshots/synthetic_large_zoom_steps100_pretrainedTrue_freezeFalse_2025_12_13_11_44,synthetic_large_zoom_steps100_pretrainedTrue_freezeFalse_2025_12_13_11_44,synthetic_large_zoom,steps,100,True,False,2025_12_13_11_44,pointodyssey,5000,151558.7,30.311740000000004,5,0.4290203352236338,0.03996324692071573,0.9600367530792843,0.11699813665190827,0.3174477583984624,0.6825522416015376,,,,0.236817866563797,0.0575177446007728,,-0.28584927641217167,-3.17901136343507,3.1790113634350696,-2.021169302229854,-0.7655258042836605,0.7655258042836606,,,,1.1247916286469468,-0.8105816521604435,-2.671292220377116,0.31702935343434585,-0.4157794209714107,-0.0742155126975282,29.317427277871833,30.311740000000004,synthetic_large_zoom
snapshots/synthetic_large_zoom_steps100_pretrainedTrue_freezeFalse_2025_12_13_11_44,synthetic_large_zoom_steps100_pretrainedTrue_freezeFalse_2025_12_13_11_44,synthetic_large_zoom,steps,100,True,False,2025_12_13_11_44,spair,5000,61541.6,12.30832,5,0.03835315777659012,0.12823207532570147,0.8717679246742985,0.21078890406748707,0.22873539099629248,0.7712646090037075,,,,0.3250285983085632,0.1388348639011383,,-3.2218104099856224,-1.9166815363177518,1.9166815363177518,-1.3201766557407015,-1.2154656794031926,1.2154656794031924,,,,-0.7308566213753699,0.21794488263888162,-1.113445836354022,-0.7306168795020548,-0.01668124737980922,2.1641633295884053,-1.5223122749454046,12.30832,synthetic_large_zoom
snapshots/synthetic_large_zoom_steps100_pretrainedTrue_freezeFalse_2025_12_13_11_44,synthetic_large_zoom_steps100_pretrainedTrue_freezeFalse_2025_12_13_11_44,synthetic_large_zoom,steps,100,True,False,2025_12_13_11_44,tss,5000,262833.25,52.56665,5,0.17894210476578426,0.2380835282593386,0.7619164717406615,0.1928748852405142,0.338913314611434,0.661086685388566,,,,0.0972432792186737,0.0855816900730133,,-1.523531308451775,-1.1632153613674128,1.1632153613674132,-1.4314369774406064,-0.6681406084793547,0.6681406084793545,,,,0.3425256542868006,0.8318572986830216,-1.3607044783861892,0.5437823912731246,-1.0472667897693149,0.6982877721777749,25.95732409071976,52.56665,synthetic_large_zoom
snapshots/synthetic_large_zoom_steps100_pretrainedTrue_freezeTrue_2025_12_11_10_14,synthetic_large_zoom_steps100_pretrainedTrue_freezeTrue_2025_12_11_10_14,synthetic_large_zoom,steps,100,True,True,2025_12_11_10_14,flyingthings,5000,349863.1,69.97261999999999,5,0.20201529260535273,0.3720430639889017,0.6279569360110984,0.18399995896799728,0.2647010957717415,0.7352989042282585,,,,0.1182552427053451,0.0699124634265899,,-1.3737460330975826,-0.5234619799021061,0.5234619799021062,-1.4894788706394768,-1.0216758400648052,1.0216758400648052,,,,0.4371961119136758,1.3531183149637604,-1.4896934968795725,-0.27939393530250756,-0.9522008484123379,0.26696819639713754,52.85601241756456,69.97261999999999,synthetic_large_zoom
snapshots/synthetic_large_zoom_steps100_pretrainedTrue_freezeTrue_2025_12_11_10_14,synthetic_large_zoom_steps100_pretrainedTrue_freezeTrue_2025_12_11_10_14,synthetic_large_zoom,steps,100,True,True,2025_12_11_10_14,kitti2012,5000,390365.94999999995,78.07319,5,0.4608056459165639,0.11904885805132762,0.8809511419486724,0.1755977219986397,0.1353376462102548,0.8646623537897452,,,,0.2798783183097839,0.0687143802642822,,-0.15709972690004817,-2.0014681861955,2.0014681861955004,-1.5464629037918975,-1.854566349314325,1.8545663493143252,,,,1.2061666419300905,0.14886205078094503,-1.6163315870766064,-2.218707725243729,-0.22095791449555818,0.23398911370358078,52.892201384705416,78.07319,synthetic_large_zoom
snapshots/synthetic_large_zoom_steps100_pretrainedTrue_freezeTrue_2025_12_11_10_14,synthetic_large_zoom_steps100_pretrainedTrue_freezeTrue_2025_12_11_10_14,synthetic_large_zoom,steps,100,True,True,2025_12_11_10_14,middlebury,5000,210028.75,42.00575,5,0.26850162792678267,0.10338996132354866,0.8966100386764513,0.16702781484821438,0.34864473684073227,0.6513552631592677,,,,0.0393068566918373,0.0650183260440826,,-1.0022380180213246,-2.160113156525615,2.1601131565256146,-1.6068398959098382,-0.6250017547682749,0.6250017547682749,,,,0.6720044648452579,0.019600618394771695,-1.7505099972499578,0.644227495347532,-1.3093927234005551,0.13224953367889547,36.0634503793235,42.00575,synthetic_large_zoom
snapshots/synthetic_large_zoom_steps100_pretrainedTrue_freezeTrue_2025_12_11_10_14,synthetic_large_zoom_steps100_pretrainedTrue_freezeTrue_2025_12_11_10_14,synthetic_large_zoom,steps,100,True,True,2025_12_11_10_14,pfpascal,5000,131633.74999999997,26.326749999999993,5,0.1507173027974378,0.20220779037250158,0.7977922096274984,0.1997424989996467,0.15839635146503325,0.8416036485349667,,,,0.1723425090312957,0.1000214964151382,,-1.7289861923526948,-1.3725523407066518,1.3725523407066518,-1.3879045201277234,-1.6702087317757626,1.6702087317757623,,,,0.21266971327669387,0.6612928128094456,-1.2639604090265917,-1.7894468968361688,-0.7074899297033999,1.0957656622089005,13.351970308357583,26.326749999999993,synthetic_large_zoom
snapshots/synthetic_large_zoom_steps100_pretrainedTrue_freezeTrue_2025_12_11_10_14,synthetic_large_zoom_steps100_pretrainedTrue_freezeTrue_2025_12_11_10_14,synthetic_large_zoom,steps,100,True,True,2025_12_11_10_14,pfwillow,5000,122961.0,24.5922,5,0.10942838199324052,0.12030943734636018,0.8796905626536398,0.17429314409320593,0.3042736539386703,0.6957263460613297,,,,0.3164510726928711,0.1613987684249878,,-2.096593234432547,-1.9895031439509758,1.9895031439509752,-1.5555011967275334,-0.8270289281528239,0.8270289281528236,,,,-0.01967306419771109,0.1586109794477032,-1.6364177777635434,0.17382462854030895,-0.055489164959078144,2.7852695237095433,16.84345000287256,24.5922,synthetic_large_zoom
snapshots/synthetic_large_zoom_steps100_pretrainedTrue_freezeTrue_2025_12_11_10_14,synthetic_large_zoom_steps100_pretrainedTrue_freezeTrue_2025_12_11_10_14,synthetic_large_zoom,steps,100,True,True,2025_12_11_10_14,pointodyssey,5000,191011.40000000002,38.20228,5,0.4290203352236338,0.03996324692071573,0.9600367530792843,0.11699813665190827,0.3174477583984624,0.6825522416015376,,,,0.236817866563797,0.0575177446007728,,-0.28584927641217167,-3.17901136343507,3.1790113634350696,-2.021169302229854,-0.7655258042836605,0.7655258042836606,,,,1.1247916286469468,-0.8105816521604435,-2.671292220377116,0.31702935343434585,-0.4157794209714107,-0.0742155126975282,29.317427277871833,38.20228,synthetic_large_zoom
snapshots/synthetic_large_zoom_steps100_pretrainedTrue_freezeTrue_2025_12_11_10_14,synthetic_large_zoom_steps100_pretrainedTrue_freezeTrue_2025_12_11_10_14,synthetic_large_zoom,steps,100,True,True,2025_12_11_10_14,spair,5000,83692.65,16.738529999999997,5,0.03835315777659012,0.12823207532570147,0.8717679246742985,0.21078890406748707,0.22873539099629248,0.7712646090037075,,,,0.3250285983085632,0.1388348639011383,,-3.2218104099856224,-1.9166815363177518,1.9166815363177518,-1.3201766557407015,-1.2154656794031926,1.2154656794031924,,,,-0.7308566213753699,0.21794488263888162,-1.113445836354022,-0.7306168795020548,-0.01668124737980922,2.1641633295884053,-1.5223122749454046,16.738529999999997,synthetic_large_zoom
snapshots/synthetic_large_zoom_steps100_pretrainedTrue_freezeTrue_2025_12_11_10_14,synthetic_large_zoom_steps100_pretrainedTrue_freezeTrue_2025_12_11_10_14,synthetic_large_zoom,steps,100,True,True,2025_12_11_10_14,tss,5000,257381.40000000002,51.47628,5,0.17894210476578426,0.2380835282593386,0.7619164717406615,0.1928748852405142,0.338913314611434,0.661086685388566,,,,0.0972432792186737,0.0855816900730133,,-1.523531308451775,-1.1632153613674128,1.1632153613674132,-1.4314369774406064,-0.6681406084793547,0.6681406084793545,,,,0.3425256542868006,0.8318572986830216,-1.3607044783861892,0.5437823912731246,-1.0472667897693149,0.6982877721777749,25.95732409071976,51.47628,synthetic_large_zoom
snapshots/synthetic_large_zoom_steps100_pretrainedTrue_freezeTrue_2025_12_13_11_43,synthetic_large_zoom_steps100_pretrainedTrue_freezeTrue_2025_12_13_11_43,synthetic_large_zoom,steps,100,True,True,2025_12_13_11_43,flyingthings,5000,176673.45,35.33469,3,0.20201529260535273,0.3720430639889017,0.6279569360110984,0.18399995896799728,0.2647010957717415,0.7352989042282585,,,,0.1182552427053451,0.0699124634265899,,-1.3737460330975826,-0.5234619799021061,0.5234619799021062,-1.4894788706394768,-1.0216758400648052,1.0216758400648052,,,,0.4371961119136758,1.3531183149637604,-1.4896934968795725,-0.27939393530250756,-0.9522008484123379,0.26696819639713754,52.85601241756456,35.33469,synthetic_large_zoom
snapshots/synthetic_large_zoom_steps100_pretrainedTrue_freezeTrue_2025_12_13_11_43,synthetic_large_zoom_steps100_pretrainedTrue_freezeTrue_2025_12_13_11_43,synthetic_large_zoom,steps,100,True,True,2025_12_13_11_43,kitti2012,5000,195608.7,39.12174,3,0.4608056459165639,0.11904885805132762,0.8809511419486724,0.1755977219986397,0.1353376462102548,0.8646623537897452,,,,0.2798783183097839,0.0687143802642822,,-0.15709972690004817,-2.0014681861955,2.0014681861955004,-1.5464629037918975,-1.854566349314325,1.8545663493143252,,,,1.2061666419300905,0.14886205078094503,-1.6163315870766064,-2.218707725243729,-0.22095791449555818,0.23398911370358078,52.892201384705416,39.12174,synthetic_large_zoom
snapshots/synthetic_large_zoom_steps100_pretrainedTrue_freezeTrue_2025_12_13_11_43,synthetic_large_zoom_steps100_pretrainedTrue_freezeTrue_2025_12_13_11_43,synthetic_large_zoom,steps,100,True,True,2025_12_13_11_43,middlebury,5000,105260.95,21.05219,3,0.26850162792678267,0.10338996132354866,0.8966100386764513,0.16702781484821438,0.34864473684073227,0.6513552631592677,,,,0.0393068566918373,0.0650183260440826,,-1.0022380180213246,-2.160113156525615,2.1601131565256146,-1.6068398959098382,-0.6250017547682749,0.6250017547682749,,,,0.6720044648452579,0.019600618394771695,-1.7505099972499578,0.644227495347532,-1.3093927234005551,0.13224953367889547,36.0634503793235,21.05219,synthetic_large_zoom
snapshots/synthetic_large_zoom_steps100_pretrainedTrue_freezeTrue_2025_12_13_11_43,synthetic_large_zoom_steps100_pretrainedTrue_freezeTrue_2025_12_13_11_43,synthetic_large_zoom,steps,100,True,True,2025_12_13_11_43,pfpascal,5000,94660.65000000001,18.93213,3,0.1507173027974378,0.20220779037250158,0.7977922096274984,0.1997424989996467,0.15839635146503325,0.8416036485349667,,,,0.1723425090312957,0.1000214964151382,,-1.7289861923526948,-1.3725523407066518,1.3725523407066518,-1.3879045201277234,-1.6702087317757626,1.6702087317757623,,,,0.21266971327669387,0.6612928128094456,-1.2639604090265917,-1.7894468968361688,-0.7074899297033999,1.0957656622089005,13.351970308357583,18.93213,synthetic_large_zoom
snapshots/synthetic_large_zoom_steps100_pretrainedTrue_freezeTrue_2025_12_13_11_43,synthetic_large_zoom_steps100_pretrainedTrue_freezeTrue_2025_12_13_11_43,synthetic_large_zoom,steps,100,True,True,2025_12_13_11_43,pfwillow,5000,105583.25,21.11665,3,0.10942838199324052,0.12030943734636018,0.8796905626536398,0.17429314409320593,0.3042736539386703,0.6957263460613297,,,,0.3164510726928711,0.1613987684249878,,-2.096593234432547,-1.9895031439509758,1.9895031439509752,-1.5555011967275334,-0.8270289281528239,0.8270289281528236,,,,-0.01967306419771109,0.1586109794477032,-1.6364177777635434,0.17382462854030895,-0.055489164959078144,2.7852695237095433,16.84345000287256,21.11665,synthetic_large_zoom
snapshots/synthetic_large_zoom_steps100_pretrainedTrue_freezeTrue_2025_12_13_11_43,synthetic_large_zoom_steps100_pretrainedTrue_freezeTrue_2025_12_13_11_43,synthetic_large_zoom,steps,100,True,True,2025_12_13_11_43,pointodyssey,5000,80376.1,16.07522,3,0.4290203352236338,0.03996324692071573,0.9600367530792843,0.11699813665190827,0.3174477583984624,0.6825522416015376,,,,0.236817866563797,0.0575177446007728,,-0.28584927641217167,-3.17901136343507,3.1790113634350696,-2.021169302229854,-0.7655258042836605,0.7655258042836606,,,,1.1247916286469468,-0.8105816521604435,-2.671292220377116,0.31702935343434585,-0.4157794209714107,-0.0742155126975282,29.317427277871833,16.07522,synthetic_large_zoom
snapshots/synthetic_large_zoom_steps100_pretrainedTrue_freezeTrue_2025_12_13_11_43,synthetic_large_zoom_steps100_pretrainedTrue_freezeTrue_2025_12_13_11_43,synthetic_large_zoom,steps,100,True,True,2025_12_13_11_43,spair,5000,41481.25,8.29625,3,0.03835315777659012,0.12823207532570147,0.8717679246742985,0.21078890406748707,0.22873539099629248,0.7712646090037075,,,,0.3250285983085632,0.1388348639011383,,-3.2218104099856224,-1.9166815363177518,1.9166815363177518,-1.3201766557407015,-1.2154656794031926,1.2154656794031924,,,,-0.7308566213753699,0.21794488263888162,-1.113445836354022,-0.7306168795020548,-0.01668124737980922,2.1641633295884053,-1.5223122749454046,8.29625,synthetic_large_zoom
snapshots/synthetic_large_zoom_steps100_pretrainedTrue_freezeTrue_2025_12_13_11_43,synthetic_large_zoom_steps100_pretrainedTrue_freezeTrue_2025_12_13_11_43,synthetic_large_zoom,steps,100,True,True,2025_12_13_11_43,tss,5000,134958.7,26.991740000000004,3,0.17894210476578426,0.2380835282593386,0.7619164717406615,0.1928748852405142,0.338913314611434,0.661086685388566,,,,0.0972432792186737,0.0855816900730133,,-1.523531308451775,-1.1632153613674128,1.1632153613674132,-1.4314369774406064,-0.6681406084793547,0.6681406084793545,,,,0.3425256542868006,0.8318572986830216,-1.3607044783861892,0.5437823912731246,-1.0472667897693149,0.6982877721777749,25.95732409071976,26.991740000000004,synthetic_large_zoom
snapshots/synthetic_random_flipping_steps100_pretrainedFalse_freezeFalse_2025_12_13_11_45,synthetic_random_flipping_steps100_pretrainedFalse_freezeFalse_2025_12_13_11_45,synthetic_random_flipping,steps,100,False,False,2025_12_13_11_45,flyingthings,5000,94152.85,18.83057,3,0.3299784458153623,0.15130841350540658,0.8486915864945934,0.22563581972283014,0.26219558332621073,0.7378044166737893,,,,0.0879511833190918,0.071447916328907,,-0.7082825456760485,-1.724375626175741,1.724375626175741,-1.233119997697623,-1.0345880449070752,1.0345880449070752,,,,0.8799936332091663,0.3291052673135477,-0.7763584852594917,-0.29236853937990004,-1.0612192551024957,0.26623930675825636,47.260864054571016,18.83057,synthetic_random_flipping
snapshots/synthetic_random_flipping_steps100_pretrainedFalse_freezeFalse_2025_12_13_11_45,synthetic_random_flipping_steps100_pretrainedFalse_freezeFalse_2025_12_13_11_45,synthetic_random_flipping,steps,100,False,False,2025_12_13_11_45,kitti2012,5000,112030.9,22.40618,3,0.4400901488697764,0.018588566815879184,0.9814114331841208,0.21667302990312337,0.13389966007422852,0.8661003399257715,,,,0.4162845015525818,0.0686514154076576,,-0.24079620092446838,-3.96644506905655,3.966445069056551,-1.2851607525825526,-1.8669100537756889,1.866910053775689,,,,1.181315831949968,-1.559126329062523,-0.8849874086391502,-2.2245687244985852,0.434405033779831,0.1904544317732553,35.16927350966106,22.40618,synthetic_random_flipping
snapshots/synthetic_random_flipping_steps100_pretrainedFalse_freezeFalse_2025_12_13_11_45,synthetic_random_flipping_steps100_pretrainedFalse_freezeFalse_2025_12_13_11_45,synthetic_random_flipping,steps,100,False,False,2025_12_13_11_45,middlebury,5000,60716.45,12.143289999999999,3,0.38835881975121445,0.023723195984126293,0.9762768040158737,0.20500753794824356,0.3455851483234298,0.6544148516765702,,,,0.1243077963590622,0.0669085681438446,,-0.45421609834550447,-3.7172928538740186,3.7172928538740178,-1.355285883971849,-0.6385024177304687,0.6385024177304687,,,,1.043754267921577,-1.34929469940066,-1.0313653299725383,0.6271274177122292,-0.8956075717782739,0.14322345787927634,27.269247040718458,12.143289999999999,synthetic_random_flipping
snapshots/synthetic_random_flipping_steps100_pretrainedFalse_freezeFalse_2025_12_13_11_45,synthetic_random_flipping_steps100_pretrainedFalse_freezeFalse_2025_12_13_11_45,synthetic_random_flipping,steps,100,False,False,2025_12_13_11_45,pfpascal,5000,8706.350000000002,1.7412700000000005,3,0.32983345437240386,0.09223386065988523,0.9077661393401147,0.2388604088579183,0.15362945263133676,0.8463705473686632,,,,0.2623971402645111,0.1000061184167862,,-0.7089384137139574,-2.286659474216929,2.2866594742169286,-1.1589374542946957,-1.7064137117322562,1.7064137117322562,,,,0.8795708880285097,-0.1444403364475463,-0.6215111960292888,-1.8519832846052793,-0.26658284199455123,1.0401635198993617,9.750122763424372,1.7412700000000005,synthetic_random_flipping
snapshots/synthetic_random_flipping_steps100_pretrainedFalse_freezeFalse_2025_12_13_11_45,synthetic_random_flipping_steps100_pretrainedFalse_freezeFalse_2025_12_13_11_45,synthetic_random_flipping,steps,100,False,False,2025_12_13_11_45,pfwillow,5000,15844.449999999999,3.1688899999999998,3,0.3108524698441598,0.06614550213704509,0.9338544978629549,0.20647228113678415,0.29979147240718573,0.7002085275928143,,,,0.3608250319957733,0.1609171777963638,,-0.7961369440977013,-2.647463748876265,2.6474637488762656,-1.3463223001530826,-0.8482910462504751,0.8482910462504751,,,,0.8233663524368687,-0.448303374090099,-1.0126549084575367,0.14011202878462647,0.1817759976406891,2.690846695152133,15.26607329785532,3.1688899999999998,synthetic_random_flipping
snapshots/synthetic_random_flipping_steps100_pretrainedFalse_freezeFalse_2025_12_13_11_45,synthetic_random_flipping_steps100_pretrainedFalse_freezeFalse_2025_12_13_11_45,synthetic_random_flipping,steps,100,False,False,2025_12_13_11_45,pointodyssey,5000,18305.9,3.6611800000000003,3,0.45907160373919265,0.0047363856615730395,0.9952636143384269,0.1487578125976634,0.3148991334088628,0.6851008665911372,,,,0.3494367301464081,0.0582637824118137,,-0.16408071834491894,-5.347733314915751,5.347733314915741,-1.744377114915505,-0.7773137017733653,0.7773137017733655,,,,1.2307634321801206,-2.7224230850198166,-1.8435472748219848,0.3048829187486246,0.12989999265077934,-0.09104930813196516,18.872808664251174,3.6611800000000003,synthetic_random_flipping
snapshots/synthetic_random_flipping_steps100_pretrainedFalse_freezeFalse_2025_12_13_11_45,synthetic_random_flipping_steps100_pretrainedFalse_freezeFalse_2025_12_13_11_45,synthetic_random_flipping,steps,100,False,False,2025_12_13_11_45,spair,5000,6350.650000000001,1.2701300000000002,3,0.23701714762183734,0.11432154574560408,0.885678454254396,0.24743413077910364,0.2243249642967557,0.7756750357032443,,,,0.1852936893701553,0.1401875615119934,,-1.169103065732004,-2.0473389115376084,2.047338911537609,-1.1123441183191103,-1.240637930026034,1.2406379300260335,,,,0.5829679470323279,0.05711124775894533,-0.5242531156097007,-0.7707045943302175,-0.6178045655000455,2.1290763175131455,-0.5854625354161236,1.2701300000000002,synthetic_random_flipping
snapshots/synthetic_random_flipping_steps100_pretrainedFalse_freezeFalse_2025_12_13_11_45,synthetic_random_flipping_steps100_pretrainedFalse_freezeFalse_2025_12_13_11_45,synthetic_random_flipping,steps,100,False,False,2025_12_13_11_45,tss,5000,21523.45,4.30469,3,0.3711281366111789,0.10904925256895834,0.8909507474310416,0.23249109503563928,0.3345230946006758,0.6654769053993241,,,,0.1888346523046493,0.0865283459424972,,-0.5273801364664193,-2.1004895094850844,2.1004895094850844,-1.1942981585815404,-0.6877980152629288,0.6877980152629286,,,,0.9965957806569595,0.01234874554056929,-0.6953224857601913,0.5126897822023514,-0.601674767283542,0.6749173316077662,21.92291284904387,4.30469,synthetic_random_flipping
snapshots/synthetic_random_flipping_steps100_pretrainedTrue_freezeFalse_2025_12_13_11_45,synthetic_random_flipping_steps100_pretrainedTrue_freezeFalse_2025_12_13_11_45,synthetic_random_flipping,steps,100,True,False,2025_12_13_11_45,flyingthings,5000,177062.65,35.41253,3,0.3299784458153623,0.15130841350540658,0.8486915864945934,0.22563581972283014,0.26219558332621073,0.7378044166737893,,,,0.0879511833190918,0.071447916328907,,-0.7082825456760485,-1.724375626175741,1.724375626175741,-1.233119997697623,-1.0345880449070752,1.0345880449070752,,,,0.8799936332091663,0.3291052673135477,-0.7763584852594917,-0.29236853937990004,-1.0612192551024957,0.26623930675825636,47.260864054571016,35.41253,synthetic_random_flipping
snapshots/synthetic_random_flipping_steps100_pretrainedTrue_freezeFalse_2025_12_13_11_45,synthetic_random_flipping_steps100_pretrainedTrue_freezeFalse_2025_12_13_11_45,synthetic_random_flipping,steps,100,True,False,2025_12_13_11_45,kitti2012,5000,192384.34999999998,38.47687,3,0.4400901488697764,0.018588566815879184,0.9814114331841208,0.21667302990312337,0.13389966007422852,0.8661003399257715,,,,0.4162845015525818,0.0686514154076576,,-0.24079620092446838,-3.96644506905655,3.966445069056551,-1.2851607525825526,-1.8669100537756889,1.866910053775689,,,,1.181315831949968,-1.559126329062523,-0.8849874086391502,-2.2245687244985852,0.434405033779831,0.1904544317732553,35.16927350966106,38.47687,synthetic_random_flipping
snapshots/synthetic_random_flipping_steps100_pretrainedTrue_freezeFalse_2025_12_13_11_45,synthetic_random_flipping_steps100_pretrainedTrue_freezeFalse_2025_12_13_11_45,synthetic_random_flipping,steps,100,True,False,2025_12_13_11_45,middlebury,5000,105815.30000000002,21.163060000000005,3,0.38835881975121445,0.023723195984126293,0.9762768040158737,0.20500753794824356,0.3455851483234298,0.6544148516765702,,,,0.1243077963590622,0.0669085681438446,,-0.45421609834550447,-3.7172928538740186,3.7172928538740178,-1.355285883971849,-0.6385024177304687,0.6385024177304687,,,,1.043754267921577,-1.34929469940066,-1.0313653299725383,0.6271274177122292,-0.8956075717782739,0.14322345787927634,27.269247040718458,21.163060000000005,synthetic_random_flipping
snapshots/synthetic_random_flipping_steps100_pretrainedTrue_freezeFalse_2025_12_13_11_45,synthetic_random_flipping_steps100_pretrainedTrue_freezeFalse_2025_12_13_11_45,synthetic_random_flipping,steps,100,True,False,2025_12_13_11_45,pfpascal,5000,79090.34999999999,15.818069999999999,3,0.32983345437240386,0.09223386065988523,0.9077661393401147,0.2388604088579183,0.15362945263133676,0.8463705473686632,,,,0.2623971402645111,0.1000061184167862,,-0.7089384137139574,-2.286659474216929,2.2866594742169286,-1.1589374542946957,-1.7064137117322562,1.7064137117322562,,,,0.8795708880285097,-0.1444403364475463,-0.6215111960292888,-1.8519832846052793,-0.26658284199455123,1.0401635198993617,9.750122763424372,15.818069999999999,synthetic_random_flipping
snapshots/synthetic_random_flipping_steps100_pretrainedTrue_freezeFalse_2025_12_13_11_45,synthetic_random_flipping_steps100_pretrainedTrue_freezeFalse_2025_12_13_11_45,synthetic_random_flipping,steps,100,True,False,2025_12_13_11_45,pfwillow,5000,79838.9,15.96778,3,0.3108524698441598,0.06614550213704509,0.9338544978629549,0.20647228113678415,0.29979147240718573,0.7002085275928143,,,,0.3608250319957733,0.1609171777963638,,-0.7961369440977013,-2.647463748876265,2.6474637488762656,-1.3463223001530826,-0.8482910462504751,0.8482910462504751,,,,0.8233663524368687,-0.448303374090099,-1.0126549084575367,0.14011202878462647,0.1817759976406891,2.690846695152133,15.26607329785532,15.96778,synthetic_random_flipping
snapshots/synthetic_random_flipping_steps100_pretrainedTrue_freezeFalse_2025_12_13_11_45,synthetic_random_flipping_steps100_pretrainedTrue_freezeFalse_2025_12_13_11_45,synthetic_random_flipping,steps,100,True,False,2025_12_13_11_45,pointodyssey,5000,93530.4,18.70608,3,0.45907160373919265,0.0047363856615730395,0.9952636143384269,0.1487578125976634,0.3148991334088628,0.6851008665911372,,,,0.3494367301464081,0.0582637824118137,,-0.16408071834491894,-5.347733314915751,5.347733314915741,-1.744377114915505,-0.7773137017733653,0.7773137017733655,,,,1.2307634321801206,-2.7224230850198166,-1.8435472748219848,0.3048829187486246,0.12989999265077934,-0.09104930813196516,18.872808664251174,18.70608,synthetic_random_flipping
snapshots/synthetic_random_flipping_steps100_pretrainedTrue_freezeFalse_2025_12_13_11_45,synthetic_random_flipping_steps100_pretrainedTrue_freezeFalse_2025_12_13_11_45,synthetic_random_flipping,steps,100,True,False,2025_12_13_11_45,spair,5000,46392.25,9.27845,3,0.23701714762183734,0.11432154574560408,0.885678454254396,0.24743413077910364,0.2243249642967557,0.7756750357032443,,,,0.1852936893701553,0.1401875615119934,,-1.169103065732004,-2.0473389115376084,2.047338911537609,-1.1123441183191103,-1.240637930026034,1.2406379300260335,,,,0.5829679470323279,0.05711124775894533,-0.5242531156097007,-0.7707045943302175,-0.6178045655000455,2.1290763175131455,-0.5854625354161236,9.27845,synthetic_random_flipping
snapshots/synthetic_random_flipping_steps100_pretrainedTrue_freezeFalse_2025_12_13_11_45,synthetic_random_flipping_steps100_pretrainedTrue_freezeFalse_2025_12_13_11_45,synthetic_random_flipping,steps,100,True,False,2025_12_13_11_45,tss,5000,134630.8,26.92616,3,0.3711281366111789,0.10904925256895834,0.8909507474310416,0.23249109503563928,0.3345230946006758,0.6654769053993241,,,,0.1888346523046493,0.0865283459424972,,-0.5273801364664193,-2.1004895094850844,2.1004895094850844,-1.1942981585815404,-0.6877980152629288,0.6877980152629286,,,,0.9965957806569595,0.01234874554056929,-0.6953224857601913,0.5126897822023514,-0.601674767283542,0.6749173316077662,21.92291284904387,26.92616,synthetic_random_flipping
snapshots/synthetic_random_flipping_steps100_pretrainedTrue_freezeTrue_2025_12_13_11_45,synthetic_random_flipping_steps100_pretrainedTrue_freezeTrue_2025_12_13_11_45,synthetic_random_flipping,steps,100,True,True,2025_12_13_11_45,flyingthings,5000,174849.2,34.969840000000005,3,0.3299784458153623,0.15130841350540658,0.8486915864945934,0.22563581972283014,0.26219558332621073,0.7378044166737893,,,,0.0879511833190918,0.071447916328907,,-0.7082825456760485,-1.724375626175741,1.724375626175741,-1.233119997697623,-1.0345880449070752,1.0345880449070752,,,,0.8799936332091663,0.3291052673135477,-0.7763584852594917,-0.29236853937990004,-1.0612192551024957,0.26623930675825636,47.260864054571016,34.969840000000005,synthetic_random_flipping
snapshots/synthetic_random_flipping_steps100_pretrainedTrue_freezeTrue_2025_12_13_11_45,synthetic_random_flipping_steps100_pretrainedTrue_freezeTrue_2025_12_13_11_45,synthetic_random_flipping,steps,100,True,True,2025_12_13_11_45,kitti2012,5000,189772.2,37.954440000000005,3,0.4400901488697764,0.018588566815879184,0.9814114331841208,0.21667302990312337,0.13389966007422852,0.8661003399257715,,,,0.4162845015525818,0.0686514154076576,,-0.24079620092446838,-3.96644506905655,3.966445069056551,-1.2851607525825526,-1.8669100537756889,1.866910053775689,,,,1.181315831949968,-1.559126329062523,-0.8849874086391502,-2.2245687244985852,0.434405033779831,0.1904544317732553,35.16927350966106,37.954440000000005,synthetic_random_flipping
snapshots/synthetic_random_flipping_steps100_pretrainedTrue_freezeTrue_2025_12_13_11_45,synthetic_random_flipping_steps100_pretrainedTrue_freezeTrue_2025_12_13_11_45,synthetic_random_flipping,steps,100,True,True,2025_12_13_11_45,middlebury,5000,105898.2,21.17964,3,0.38835881975121445,0.023723195984126293,0.9762768040158737,0.20500753794824356,0.3455851483234298,0.6544148516765702,,,,0.1243077963590622,0.0669085681438446,,-0.45421609834550447,-3.7172928538740186,3.7172928538740178,-1.355285883971849,-0.6385024177304687,0.6385024177304687,,,,1.043754267921577,-1.34929469940066,-1.0313653299725383,0.6271274177122292,-0.8956075717782739,0.14322345787927634,27.269247040718458,21.17964,synthetic_random_flipping
snapshots/synthetic_random_flipping_steps100_pretrainedTrue_freezeTrue_2025_12_13_11_45,synthetic_random_flipping_steps100_pretrainedTrue_freezeTrue_2025_12_13_11_45,synthetic_random_flipping,steps,100,True,True,2025_12_13_11_45,pfpascal,5000,68606.79999999999,13.721359999999997,3,0.32983345437240386,0.09223386065988523,0.9077661393401147,0.2388604088579183,0.15362945263133676,0.8463705473686632,,,,0.2623971402645111,0.1000061184167862,,-0.7089384137139574,-2.286659474216929,2.2866594742169286,-1.1589374542946957,-1.7064137117322562,1.7064137117322562,,,,0.8795708880285097,-0.1444403364475463,-0.6215111960292888,-1.8519832846052793,-0.26658284199455123,1.0401635198993617,9.750122763424372,13.721359999999997,synthetic_random_flipping
snapshots/synthetic_random_flipping_steps100_pretrainedTrue_freezeTrue_2025_12_13_11_45,synthetic_random_flipping_steps100_pretrainedTrue_freezeTrue_2025_12_13_11_45,synthetic_random_flipping,steps,100,True,True,2025_12_13_11_45,pfwillow,5000,60855.55,12.17111,3,0.3108524698441598,0.06614550213704509,0.9338544978629549,0.20647228113678415,0.29979147240718573,0.7002085275928143,,,,0.3608250319957733,0.1609171777963638,,-0.7961369440977013,-2.647463748876265,2.6474637488762656,-1.3463223001530826,-0.8482910462504751,0.8482910462504751,,,,0.8233663524368687,-0.448303374090099,-1.0126549084575367,0.14011202878462647,0.1817759976406891,2.690846695152133,15.26607329785532,12.17111,synthetic_random_flipping
snapshots/synthetic_random_flipping_steps100_pretrainedTrue_freezeTrue_2025_12_13_11_45,synthetic_random_flipping_steps100_pretrainedTrue_freezeTrue_2025_12_13_11_45,synthetic_random_flipping,steps,100,True,True,2025_12_13_11_45,pointodyssey,5000,88395.45,17.67909,3,0.45907160373919265,0.0047363856615730395,0.9952636143384269,0.1487578125976634,0.3148991334088628,0.6851008665911372,,,,0.3494367301464081,0.0582637824118137,,-0.16408071834491894,-5.347733314915751,5.347733314915741,-1.744377114915505,-0.7773137017733653,0.7773137017733655,,,,1.2307634321801206,-2.7224230850198166,-1.8435472748219848,0.3048829187486246,0.12989999265077934,-0.09104930813196516,18.872808664251174,17.67909,synthetic_random_flipping
snapshots/synthetic_random_flipping_steps100_pretrainedTrue_freezeTrue_2025_12_13_11_45,synthetic_random_flipping_steps100_pretrainedTrue_freezeTrue_2025_12_13_11_45,synthetic_random_flipping,steps,100,True,True,2025_12_13_11_45,spair,5000,45347.100000000006,9.069420000000001,3,0.23701714762183734,0.11432154574560408,0.885678454254396,0.24743413077910364,0.2243249642967557,0.7756750357032443,,,,0.1852936893701553,0.1401875615119934,,-1.169103065732004,-2.0473389115376084,2.047338911537609,-1.1123441183191103,-1.240637930026034,1.2406379300260335,,,,0.5829679470323279,0.05711124775894533,-0.5242531156097007,-0.7707045943302175,-0.6178045655000455,2.1290763175131455,-0.5854625354161236,9.069420000000001,synthetic_random_flipping
snapshots/synthetic_random_flipping_steps100_pretrainedTrue_freezeTrue_2025_12_13_11_45,synthetic_random_flipping_steps100_pretrainedTrue_freezeTrue_2025_12_13_11_45,synthetic_random_flipping,steps,100,True,True,2025_12_13_11_45,tss,5000,128032.4,25.606479999999998,3,0.3711281366111789,0.10904925256895834,0.8909507474310416,0.23249109503563928,0.3345230946006758,0.6654769053993241,,,,0.1888346523046493,0.0865283459424972,,-0.5273801364664193,-2.1004895094850844,2.1004895094850844,-1.1942981585815404,-0.6877980152629288,0.6877980152629286,,,,0.9965957806569595,0.01234874554056929,-0.6953224857601913,0.5126897822023514,-0.601674767283542,0.6749173316077662,21.92291284904387,25.606479999999998,synthetic_random_flipping
snapshots/synthetic_small_zoom_steps100_pretrainedFalse_freezeFalse_2025_12_11_08_43,synthetic_small_zoom_steps100_pretrainedFalse_freezeFalse_2025_12_11_08_43,synthetic_small_zoom,steps,100,False,False,2025_12_11_08_43,flyingthings,5000,278624.8,55.724959999999996,5,0.1420828126550647,0.43015732452243727,0.5698426754775627,0.1985866969235261,0.26020077574357386,0.7397992242564262,,,,0.1359754502773285,0.0695071220397949,,-1.7980975012586633,-0.2812093020417419,0.281209302041742,-1.3951510327649683,-1.0449252834025198,1.04492528340252,,,,0.13992448856775566,1.571573667812685,-1.2295883604561493,-0.3407139211414805,-0.8647673617309365,0.2468929611225878,51.93059896254447,55.724959999999996,synthetic_small_zoom
snapshots/synthetic_small_zoom_steps100_pretrainedFalse_freezeFalse_2025_12_11_08_43,synthetic_small_zoom_steps100_pretrainedFalse_freezeFalse_2025_12_11_08_43,synthetic_small_zoom,steps,100,False,False,2025_12_11_08_43,kitti2012,5000,302616.3,60.52326,5,0.4147984015395766,0.15534185856601412,0.8446581414339859,0.1894319744527396,0.13336506232447065,0.8666349376755293,,,,0.2799808979034424,0.0672902390360832,,-0.3441637778404387,-1.693303751724129,1.693303751724129,-1.453705281790262,-1.8715276267332548,1.8715276267332548,,,,1.0598204002563025,0.41687558391926116,-1.3563360810488956,-2.2742489395846985,-0.21447372295278258,0.18657636957812965,51.786589982814775,60.52326,synthetic_small_zoom
snapshots/synthetic_small_zoom_steps100_pretrainedFalse_freezeFalse_2025_12_11_08_43,synthetic_small_zoom_steps100_pretrainedFalse_freezeFalse_2025_12_11_08_43,synthetic_small_zoom,steps,100,False,False,2025_12_11_08_43,middlebury,5000,180360.4,36.07208,5,0.20296123899860977,0.14689366865302028,0.8531063313469798,0.18052723142310426,0.34615402132386314,0.6538459786761368,,,,0.0393171161413192,0.0643457248806953,,-1.3678882913187747,-1.759175212919822,1.7591752129198222,-1.5127795353137263,-0.6359879927662881,0.635987992766288,,,,0.41211550183076284,0.3630111628509433,-1.4842094139744484,0.6158458783461408,-1.3012529312681114,0.106462508219615,36.418124824088245,36.07208,synthetic_small_zoom
snapshots/synthetic_small_zoom_steps100_pretrainedFalse_freezeFalse_2025_12_11_08_43,synthetic_small_zoom_steps100_pretrainedFalse_freezeFalse_2025_12_11_08_43,synthetic_small_zoom,steps,100,False,False,2025_12_11_08_43,pfpascal,5000,24819.65,4.96393,5,0.08673073811450145,0.21911677143306207,0.7808832285669379,0.21322635876619334,0.14974398795440622,0.8502560120455938,,,,0.1920190453529358,0.0960041508078575,,-2.3542224018863025,-1.270820832776909,1.270820832776909,-1.3055862660883102,-1.7366104058037888,1.7366104058037886,,,,-0.2119326932526356,0.7623483793797787,-1.0357146414578269,-1.9586592568758192,-0.6116880930455676,0.9678198023988864,11.352922827545314,4.96393,synthetic_small_zoom
snapshots/synthetic_small_zoom_steps100_pretrainedFalse_freezeFalse_2025_12_11_08_43,synthetic_small_zoom_steps100_pretrainedFalse_freezeFalse_2025_12_11_08_43,synthetic_small_zoom,steps,100,False,False,2025_12_11_08_43,pfwillow,5000,39555.55,7.911110000000001,5,0.05080388067003415,0.11884225355222786,0.8811577464477721,0.18348732078181001,0.2984448559703923,0.7015551440296077,,,,0.3465851545333862,0.1539370119571685,,-2.9276426933854114,-2.003439650440031,2.0034396504400305,-1.492896872481921,-0.8547143265418293,0.8547143265418294,,,,-0.5747325742466287,0.16327121058972574,-1.441170996862193,0.10421531109344868,0.0862949293169104,2.544047648926788,14.867079081636161,7.911110000000001,synthetic_small_zoom
snapshots/synthetic_small_zoom_steps100_pretrainedFalse_freezeFalse_2025_12_11_08_43,synthetic_small_zoom_steps100_pretrainedFalse_freezeFalse_2025_12_11_08_43,synthetic_small_zoom,steps,100,False,False,2025_12_11_08_43,pointodyssey,5000,80523.85,16.104770000000002,5,0.37280662818538174,0.06346206552600847,0.9365379344739915,0.12754158712339786,0.3150384468169212,0.6849615531830788,,,,0.2174844741821289,0.0587944574654102,,-0.5201950389621375,-2.6917476936128133,2.6917476936128124,-1.9228725036834815,-0.776668025182254,0.7766680251822541,,,,0.9484463844899386,-0.3995721450787355,-2.3719050097206518,0.28677619778371566,-0.4966923991369775,-0.04457547108790992,31.14975740682137,16.104770000000002,synthetic_small_zoom
snapshots/synthetic_small_zoom_steps100_pretrainedFalse_freezeFalse_2025_12_11_08_43,synthetic_small_zoom_steps100_pretrainedFalse_freezeFalse_2025_12_11_08_43,synthetic_small_zoom,steps,100,False,False,2025_12_11_08_43,spair,5000,12848.949999999999,2.56979,5,0.018249873417671952,0.13332366203414936,0.8666763379658506,0.2229993374002422,0.2224335050720839,0.7775664949279161,,,,0.3653904795646667,0.1327691376209259,,-3.985178678407039,-1.8718858734053458,1.8718858734053458,-1.248272402977683,-1.2515409610874173,1.2515409610874173,,,,-1.2438298057200077,0.27084538475708436,-0.9116518854911563,-0.8240160208589518,0.17121521146309573,1.9681155730951472,-2.9967080898190055,2.56979,synthetic_small_zoom
snapshots/synthetic_small_zoom_steps100_pretrainedFalse_freezeFalse_2025_12_11_08_43,synthetic_small_zoom_steps100_pretrainedFalse_freezeFalse_2025_12_11_08_43,synthetic_small_zoom,steps,100,False,False,2025_12_11_08_43,tss,5000,59369.100000000006,11.873820000000002,5,0.10347353870307549,0.2557837820268021,0.7442162179731979,0.20960221905037998,0.3344358102421152,0.6655641897578848,,,,0.1177047789096832,0.0850886106491088,,-2.1592118935228974,-1.0679991220229577,1.0679991220229579,-1.3273247994634378,-0.6881901230925294,0.6881901230925294,,,,-0.0885506116003483,0.928199778931877,-1.0827703137649989,0.49373801373930315,-0.9472732777392927,0.6708315643457083,23.590840876271425,11.873820000000002,synthetic_small_zoom
snapshots/synthetic_small_zoom_steps100_pretrainedFalse_freezeFalse_2025_12_13_11_43,synthetic_small_zoom_steps100_pretrainedFalse_freezeFalse_2025_12_13_11_43,synthetic_small_zoom,steps,100,False,False,2025_12_13_11_43,flyingthings,5000,157669.05,31.53381,3,0.1420828126550647,0.43015732452243727,0.5698426754775627,0.1985866969235261,0.26020077574357386,0.7397992242564262,,,,0.1359754502773285,0.0695071220397949,,-1.7980975012586633,-0.2812093020417419,0.281209302041742,-1.3951510327649683,-1.0449252834025198,1.04492528340252,,,,0.13992448856775566,1.571573667812685,-1.2295883604561493,-0.3407139211414805,-0.8647673617309365,0.2468929611225878,51.93059896254447,31.53381,synthetic_small_zoom
snapshots/synthetic_small_zoom_steps100_pretrainedFalse_freezeFalse_2025_12_13_11_43,synthetic_small_zoom_steps100_pretrainedFalse_freezeFalse_2025_12_13_11_43,synthetic_small_zoom,steps,100,False,False,2025_12_13_11_43,kitti2012,5000,172722.0,34.5444,3,0.4147984015395766,0.15534185856601412,0.8446581414339859,0.1894319744527396,0.13336506232447065,0.8666349376755293,,,,0.2799808979034424,0.0672902390360832,,-0.3441637778404387,-1.693303751724129,1.693303751724129,-1.453705281790262,-1.8715276267332548,1.8715276267332548,,,,1.0598204002563025,0.41687558391926116,-1.3563360810488956,-2.2742489395846985,-0.21447372295278258,0.18657636957812965,51.786589982814775,34.5444,synthetic_small_zoom
snapshots/synthetic_small_zoom_steps100_pretrainedFalse_freezeFalse_2025_12_13_11_43,synthetic_small_zoom_steps100_pretrainedFalse_freezeFalse_2025_12_13_11_43,synthetic_small_zoom,steps,100,False,False,2025_12_13_11_43,middlebury,5000,103180.6,20.636120000000002,3,0.20296123899860977,0.14689366865302028,0.8531063313469798,0.18052723142310426,0.34615402132386314,0.6538459786761368,,,,0.0393171161413192,0.0643457248806953,,-1.3678882913187747,-1.759175212919822,1.7591752129198222,-1.5127795353137263,-0.6359879927662881,0.635987992766288,,,,0.41211550183076284,0.3630111628509433,-1.4842094139744484,0.6158458783461408,-1.3012529312681114,0.106462508219615,36.418124824088245,20.636120000000002,synthetic_small_zoom
snapshots/synthetic_small_zoom_steps100_pretrainedFalse_freezeFalse_2025_12_13_11_43,synthetic_small_zoom_steps100_pretrainedFalse_freezeFalse_2025_12_13_11_43,synthetic_small_zoom,steps,100,False,False,2025_12_13_11_43,pfpascal,5000,33015.25,6.60305,3,0.08673073811450145,0.21911677143306207,0.7808832285669379,0.21322635876619334,0.14974398795440622,0.8502560120455938,,,,0.1920190453529358,0.0960041508078575,,-2.3542224018863025,-1.270820832776909,1.270820832776909,-1.3055862660883102,-1.7366104058037888,1.7366104058037886,,,,-0.2119326932526356,0.7623483793797787,-1.0357146414578269,-1.9586592568758192,-0.6116880930455676,0.9678198023988864,11.352922827545314,6.60305,synthetic_small_zoom
snapshots/synthetic_small_zoom_steps100_pretrainedFalse_freezeFalse_2025_12_13_11_43,synthetic_small_zoom_steps100_pretrainedFalse_freezeFalse_2025_12_13_11_43,synthetic_small_zoom,steps,100,False,False,2025_12_13_11_43,pfwillow,5000,38800.0,7.76,3,0.05080388067003415,0.11884225355222786,0.8811577464477721,0.18348732078181001,0.2984448559703923,0.7015551440296077,,,,0.3465851545333862,0.1539370119571685,,-2.9276426933854114,-2.003439650440031,2.0034396504400305,-1.492896872481921,-0.8547143265418293,0.8547143265418294,,,,-0.5747325742466287,0.16327121058972574,-1.441170996862193,0.10421531109344868,0.0862949293169104,2.544047648926788,14.867079081636161,7.76,synthetic_small_zoom
snapshots/synthetic_small_zoom_steps100_pretrainedFalse_freezeFalse_2025_12_13_11_43,synthetic_small_zoom_steps100_pretrainedFalse_freezeFalse_2025_12_13_11_43,synthetic_small_zoom,steps,100,False,False,2025_12_13_11_43,pointodyssey,5000,78498.7,15.69974,3,0.37280662818538174,0.06346206552600847,0.9365379344739915,0.12754158712339786,0.3150384468169212,0.6849615531830788,,,,0.2174844741821289,0.0587944574654102,,-0.5201950389621375,-2.6917476936128133,2.6917476936128124,-1.9228725036834815,-0.776668025182254,0.7766680251822541,,,,0.9484463844899386,-0.3995721450787355,-2.3719050097206518,0.28677619778371566,-0.4966923991369775,-0.04457547108790992,31.14975740682137,15.69974,synthetic_small_zoom
snapshots/synthetic_small_zoom_steps100_pretrainedFalse_freezeFalse_2025_12_13_11_43,synthetic_small_zoom_steps100_pretrainedFalse_freezeFalse_2025_12_13_11_43,synthetic_small_zoom,steps,100,False,False,2025_12_13_11_43,spair,5000,7235.25,1.44705,3,0.018249873417671952,0.13332366203414936,0.8666763379658506,0.2229993374002422,0.2224335050720839,0.7775664949279161,,,,0.3653904795646667,0.1327691376209259,,-3.985178678407039,-1.8718858734053458,1.8718858734053458,-1.248272402977683,-1.2515409610874173,1.2515409610874173,,,,-1.2438298057200077,0.27084538475708436,-0.9116518854911563,-0.8240160208589518,0.17121521146309573,1.9681155730951472,-2.9967080898190055,1.44705,synthetic_small_zoom
snapshots/synthetic_small_zoom_steps100_pretrainedFalse_freezeFalse_2025_12_13_11_43,synthetic_small_zoom_steps100_pretrainedFalse_freezeFalse_2025_12_13_11_43,synthetic_small_zoom,steps,100,False,False,2025_12_13_11_43,tss,5000,70378.3,14.075660000000001,3,0.10347353870307549,0.2557837820268021,0.7442162179731979,0.20960221905037998,0.3344358102421152,0.6655641897578848,,,,0.1177047789096832,0.0850886106491088,,-2.1592118935228974,-1.0679991220229577,1.0679991220229579,-1.3273247994634378,-0.6881901230925294,0.6881901230925294,,,,-0.0885506116003483,0.928199778931877,-1.0827703137649989,0.49373801373930315,-0.9472732777392927,0.6708315643457083,23.590840876271425,14.075660000000001,synthetic_small_zoom
snapshots/synthetic_small_zoom_steps100_pretrainedTrue_freezeFalse_2025_12_11_07_44,synthetic_small_zoom_steps100_pretrainedTrue_freezeFalse_2025_12_11_07_44,synthetic_small_zoom,steps,100,True,False,2025_12_11_07_44,flyingthings,5000,351473.0,70.2946,5,0.1420828126550647,0.43015732452243727,0.5698426754775627,0.1985866969235261,0.26020077574357386,0.7397992242564262,,,,0.1359754502773285,0.0695071220397949,,-1.7980975012586633,-0.2812093020417419,0.281209302041742,-1.3951510327649683,-1.0449252834025198,1.04492528340252,,,,0.13992448856775566,1.571573667812685,-1.2295883604561493,-0.3407139211414805,-0.8647673617309365,0.2468929611225878,51.93059896254447,70.2946,synthetic_small_zoom
snapshots/synthetic_small_zoom_steps100_pretrainedTrue_freezeFalse_2025_12_11_07_44,synthetic_small_zoom_steps100_pretrainedTrue_freezeFalse_2025_12_11_07_44,synthetic_small_zoom,steps,100,True,False,2025_12_11_07_44,kitti2012,5000,392485.0,78.497,5,0.4147984015395766,0.15534185856601412,0.8446581414339859,0.1894319744527396,0.13336506232447065,0.8666349376755293,,,,0.2799808979034424,0.0672902390360832,,-0.3441637778404387,-1.693303751724129,1.693303751724129,-1.453705281790262,-1.8715276267332548,1.8715276267332548,,,,1.0598204002563025,0.41687558391926116,-1.3563360810488956,-2.2742489395846985,-0.21447372295278258,0.18657636957812965,51.786589982814775,78.497,synthetic_small_zoom
snapshots/synthetic_small_zoom_steps100_pretrainedTrue_freezeFalse_2025_12_11_07_44,synthetic_small_zoom_steps100_pretrainedTrue_freezeFalse_2025_12_11_07_44,synthetic_small_zoom,steps,100,True,False,2025_12_11_07_44,middlebury,5000,212445.84999999998,42.489169999999994,5,0.20296123899860977,0.14689366865302028,0.8531063313469798,0.18052723142310426,0.34615402132386314,0.6538459786761368,,,,0.0393171161413192,0.0643457248806953,,-1.3678882913187747,-1.759175212919822,1.7591752129198222,-1.5127795353137263,-0.6359879927662881,0.635987992766288,,,,0.41211550183076284,0.3630111628509433,-1.4842094139744484,0.6158458783461408,-1.3012529312681114,0.106462508219615,36.418124824088245,42.489169999999994,synthetic_small_zoom
snapshots/synthetic_small_zoom_steps100_pretrainedTrue_freezeFalse_2025_12_11_07_44,synthetic_small_zoom_steps100_pretrainedTrue_freezeFalse_2025_12_11_07_44,synthetic_small_zoom,steps,100,True,False,2025_12_11_07_44,pfpascal,5000,119886.5,23.9773,5,0.08673073811450145,0.21911677143306207,0.7808832285669379,0.21322635876619334,0.14974398795440622,0.8502560120455938,,,,0.1920190453529358,0.0960041508078575,,-2.3542224018863025,-1.270820832776909,1.270820832776909,-1.3055862660883102,-1.7366104058037888,1.7366104058037886,,,,-0.2119326932526356,0.7623483793797787,-1.0357146414578269,-1.9586592568758192,-0.6116880930455676,0.9678198023988864,11.352922827545314,23.9773,synthetic_small_zoom
snapshots/synthetic_small_zoom_steps100_pretrainedTrue_freezeFalse_2025_12_11_07_44,synthetic_small_zoom_steps100_pretrainedTrue_freezeFalse_2025_12_11_07_44,synthetic_small_zoom,steps,100,True,False,2025_12_11_07_44,pfwillow,5000,131438.8,26.28776,5,0.05080388067003415,0.11884225355222786,0.8811577464477721,0.18348732078181001,0.2984448559703923,0.7015551440296077,,,,0.3465851545333862,0.1539370119571685,,-2.9276426933854114,-2.003439650440031,2.0034396504400305,-1.492896872481921,-0.8547143265418293,0.8547143265418294,,,,-0.5747325742466287,0.16327121058972574,-1.441170996862193,0.10421531109344868,0.0862949293169104,2.544047648926788,14.867079081636161,26.28776,synthetic_small_zoom
snapshots/synthetic_small_zoom_steps100_pretrainedTrue_freezeFalse_2025_12_11_07_44,synthetic_small_zoom_steps100_pretrainedTrue_freezeFalse_2025_12_11_07_44,synthetic_small_zoom,steps,100,True,False,2025_12_11_07_44,pointodyssey,5000,165877.80000000002,33.175560000000004,5,0.37280662818538174,0.06346206552600847,0.9365379344739915,0.12754158712339786,0.3150384468169212,0.6849615531830788,,,,0.2174844741821289,0.0587944574654102,,-0.5201950389621375,-2.6917476936128133,2.6917476936128124,-1.9228725036834815,-0.776668025182254,0.7766680251822541,,,,0.9484463844899386,-0.3995721450787355,-2.3719050097206518,0.28677619778371566,-0.4966923991369775,-0.04457547108790992,31.14975740682137,33.175560000000004,synthetic_small_zoom
snapshots/synthetic_small_zoom_steps100_pretrainedTrue_freezeFalse_2025_12_11_07_44,synthetic_small_zoom_steps100_pretrainedTrue_freezeFalse_2025_12_11_07_44,synthetic_small_zoom,steps,100,True,False,2025_12_11_07_44,spair,5000,65043.549999999996,13.008709999999999,5,0.018249873417671952,0.13332366203414936,0.8666763379658506,0.2229993374002422,0.2224335050720839,0.7775664949279161,,,,0.3653904795646667,0.1327691376209259,,-3.985178678407039,-1.8718858734053458,1.8718858734053458,-1.248272402977683,-1.2515409610874173,1.2515409610874173,,,,-1.2438298057200077,0.27084538475708436,-0.9116518854911563,-0.8240160208589518,0.17121521146309573,1.9681155730951472,-2.9967080898190055,13.008709999999999,synthetic_small_zoom
snapshots/synthetic_small_zoom_steps100_pretrainedTrue_freezeFalse_2025_12_11_07_44,synthetic_small_zoom_steps100_pretrainedTrue_freezeFalse_2025_12_11_07_44,synthetic_small_zoom,steps,100,True,False,2025_12_11_07_44,tss,5000,251240.75000000003,50.24815,5,0.10347353870307549,0.2557837820268021,0.7442162179731979,0.20960221905037998,0.3344358102421152,0.6655641897578848,,,,0.1177047789096832,0.0850886106491088,,-2.1592118935228974,-1.0679991220229577,1.0679991220229579,-1.3273247994634378,-0.6881901230925294,0.6881901230925294,,,,-0.0885506116003483,0.928199778931877,-1.0827703137649989,0.49373801373930315,-0.9472732777392927,0.6708315643457083,23.590840876271425,50.24815,synthetic_small_zoom
snapshots/synthetic_small_zoom_steps100_pretrainedTrue_freezeFalse_2025_12_13_11_38,synthetic_small_zoom_steps100_pretrainedTrue_freezeFalse_2025_12_13_11_38,synthetic_small_zoom,steps,100,True,False,2025_12_13_11_38,flyingthings,5000,354648.80000000005,70.92976000000002,5,0.1420828126550647,0.43015732452243727,0.5698426754775627,0.1985866969235261,0.26020077574357386,0.7397992242564262,,,,0.1359754502773285,0.0695071220397949,,-1.7980975012586633,-0.2812093020417419,0.281209302041742,-1.3951510327649683,-1.0449252834025198,1.04492528340252,,,,0.13992448856775566,1.571573667812685,-1.2295883604561493,-0.3407139211414805,-0.8647673617309365,0.2468929611225878,51.93059896254447,70.92976000000002,synthetic_small_zoom
snapshots/synthetic_small_zoom_steps100_pretrainedTrue_freezeFalse_2025_12_13_11_38,synthetic_small_zoom_steps100_pretrainedTrue_freezeFalse_2025_12_13_11_38,synthetic_small_zoom,steps,100,True,False,2025_12_13_11_38,kitti2012,5000,394272.39999999997,78.85448,5,0.4147984015395766,0.15534185856601412,0.8446581414339859,0.1894319744527396,0.13336506232447065,0.8666349376755293,,,,0.2799808979034424,0.0672902390360832,,-0.3441637778404387,-1.693303751724129,1.693303751724129,-1.453705281790262,-1.8715276267332548,1.8715276267332548,,,,1.0598204002563025,0.41687558391926116,-1.3563360810488956,-2.2742489395846985,-0.21447372295278258,0.18657636957812965,51.786589982814775,78.85448,synthetic_small_zoom
snapshots/synthetic_small_zoom_steps100_pretrainedTrue_freezeFalse_2025_12_13_11_38,synthetic_small_zoom_steps100_pretrainedTrue_freezeFalse_2025_12_13_11_38,synthetic_small_zoom,steps,100,True,False,2025_12_13_11_38,middlebury,5000,216281.40000000002,43.256280000000004,5,0.20296123899860977,0.14689366865302028,0.8531063313469798,0.18052723142310426,0.34615402132386314,0.6538459786761368,,,,0.0393171161413192,0.0643457248806953,,-1.3678882913187747,-1.759175212919822,1.7591752129198222,-1.5127795353137263,-0.6359879927662881,0.635987992766288,,,,0.41211550183076284,0.3630111628509433,-1.4842094139744484,0.6158458783461408,-1.3012529312681114,0.106462508219615,36.418124824088245,43.256280000000004,synthetic_small_zoom
snapshots/synthetic_small_zoom_steps100_pretrainedTrue_freezeFalse_2025_12_13_11_38,synthetic_small_zoom_steps100_pretrainedTrue_freezeFalse_2025_12_13_11_38,synthetic_small_zoom,steps,100,True,False,2025_12_13_11_38,pfpascal,5000,160376.8,32.075359999999996,5,0.08673073811450145,0.21911677143306207,0.7808832285669379,0.21322635876619334,0.14974398795440622,0.8502560120455938,,,,0.1920190453529358,0.0960041508078575,,-2.3542224018863025,-1.270820832776909,1.270820832776909,-1.3055862660883102,-1.7366104058037888,1.7366104058037886,,,,-0.2119326932526356,0.7623483793797787,-1.0357146414578269,-1.9586592568758192,-0.6116880930455676,0.9678198023988864,11.352922827545314,32.075359999999996,synthetic_small_zoom
snapshots/synthetic_small_zoom_steps100_pretrainedTrue_freezeFalse_2025_12_13_11_38,synthetic_small_zoom_steps100_pretrainedTrue_freezeFalse_2025_12_13_11_38,synthetic_small_zoom,steps,100,True,False,2025_12_13_11_38,pfwillow,5000,178666.69999999998,35.73334,5,0.05080388067003415,0.11884225355222786,0.8811577464477721,0.18348732078181001,0.2984448559703923,0.7015551440296077,,,,0.3465851545333862,0.1539370119571685,,-2.9276426933854114,-2.003439650440031,2.0034396504400305,-1.492896872481921,-0.8547143265418293,0.8547143265418294,,,,-0.5747325742466287,0.16327121058972574,-1.441170996862193,0.10421531109344868,0.0862949293169104,2.544047648926788,14.867079081636161,35.73334,synthetic_small_zoom
snapshots/synthetic_small_zoom_steps100_pretrainedTrue_freezeFalse_2025_12_13_11_38,synthetic_small_zoom_steps100_pretrainedTrue_freezeFalse_2025_12_13_11_38,synthetic_small_zoom,steps,100,True,False,2025_12_13_11_38,pointodyssey,5000,165420.1,33.08402,5,0.37280662818538174,0.06346206552600847,0.9365379344739915,0.12754158712339786,0.3150384468169212,0.6849615531830788,,,,0.2174844741821289,0.0587944574654102,,-0.5201950389621375,-2.6917476936128133,2.6917476936128124,-1.9228725036834815,-0.776668025182254,0.7766680251822541,,,,0.9484463844899386,-0.3995721450787355,-2.3719050097206518,0.28677619778371566,-0.4966923991369775,-0.04457547108790992,31.14975740682137,33.08402,synthetic_small_zoom
snapshots/synthetic_small_zoom_steps100_pretrainedTrue_freezeFalse_2025_12_13_11_38,synthetic_small_zoom_steps100_pretrainedTrue_freezeFalse_2025_12_13_11_38,synthetic_small_zoom,steps,100,True,False,2025_12_13_11_38,spair,5000,55795.799999999996,11.15916,5,0.018249873417671952,0.13332366203414936,0.8666763379658506,0.2229993374002422,0.2224335050720839,0.7775664949279161,,,,0.3653904795646667,0.1327691376209259,,-3.985178678407039,-1.8718858734053458,1.8718858734053458,-1.248272402977683,-1.2515409610874173,1.2515409610874173,,,,-1.2438298057200077,0.27084538475708436,-0.9116518854911563,-0.8240160208589518,0.17121521146309573,1.9681155730951472,-2.9967080898190055,11.15916,synthetic_small_zoom
snapshots/synthetic_small_zoom_steps100_pretrainedTrue_freezeFalse_2025_12_13_11_38,synthetic_small_zoom_steps100_pretrainedTrue_freezeFalse_2025_12_13_11_38,synthetic_small_zoom,steps,100,True,False,2025_12_13_11_38,tss,5000,254252.45,50.85049,5,0.10347353870307549,0.2557837820268021,0.7442162179731979,0.20960221905037998,0.3344358102421152,0.6655641897578848,,,,0.1177047789096832,0.0850886106491088,,-2.1592118935228974,-1.0679991220229577,1.0679991220229579,-1.3273247994634378,-0.6881901230925294,0.6881901230925294,,,,-0.0885506116003483,0.928199778931877,-1.0827703137649989,0.49373801373930315,-0.9472732777392927,0.6708315643457083,23.590840876271425,50.85049,synthetic_small_zoom
snapshots/synthetic_small_zoom_steps100_pretrainedTrue_freezeTrue_2025_12_11_07_40,synthetic_small_zoom_steps100_pretrainedTrue_freezeTrue_2025_12_11_07_40,synthetic_small_zoom,steps,100,True,True,2025_12_11_07_40,flyingthings,5000,350592.25000000006,70.11845000000001,5,0.1420828126550647,0.43015732452243727,0.5698426754775627,0.1985866969235261,0.26020077574357386,0.7397992242564262,,,,0.1359754502773285,0.0695071220397949,,-1.7980975012586633,-0.2812093020417419,0.281209302041742,-1.3951510327649683,-1.0449252834025198,1.04492528340252,,,,0.13992448856775566,1.571573667812685,-1.2295883604561493,-0.3407139211414805,-0.8647673617309365,0.2468929611225878,51.93059896254447,70.11845000000001,synthetic_small_zoom
snapshots/synthetic_small_zoom_steps100_pretrainedTrue_freezeTrue_2025_12_11_07_40,synthetic_small_zoom_steps100_pretrainedTrue_freezeTrue_2025_12_11_07_40,synthetic_small_zoom,steps,100,True,True,2025_12_11_07_40,kitti2012,5000,391953.0,78.3906,5,0.4147984015395766,0.15534185856601412,0.8446581414339859,0.1894319744527396,0.13336506232447065,0.8666349376755293,,,,0.2799808979034424,0.0672902390360832,,-0.3441637778404387,-1.693303751724129,1.693303751724129,-1.453705281790262,-1.8715276267332548,1.8715276267332548,,,,1.0598204002563025,0.41687558391926116,-1.3563360810488956,-2.2742489395846985,-0.21447372295278258,0.18657636957812965,51.786589982814775,78.3906,synthetic_small_zoom
snapshots/synthetic_small_zoom_steps100_pretrainedTrue_freezeTrue_2025_12_11_07_40,synthetic_small_zoom_steps100_pretrainedTrue_freezeTrue_2025_12_11_07_40,synthetic_small_zoom,steps,100,True,True,2025_12_11_07_40,middlebury,5000,211763.95,42.35279,5,0.20296123899860977,0.14689366865302028,0.8531063313469798,0.18052723142310426,0.34615402132386314,0.6538459786761368,,,,0.0393171161413192,0.0643457248806953,,-1.3678882913187747,-1.759175212919822,1.7591752129198222,-1.5127795353137263,-0.6359879927662881,0.635987992766288,,,,0.41211550183076284,0.3630111628509433,-1.4842094139744484,0.6158458783461408,-1.3012529312681114,0.106462508219615,36.418124824088245,42.35279,synthetic_small_zoom
snapshots/synthetic_small_zoom_steps100_pretrainedTrue_freezeTrue_2025_12_11_07_40,synthetic_small_zoom_steps100_pretrainedTrue_freezeTrue_2025_12_11_07_40,synthetic_small_zoom,steps,100,True,True,2025_12_11_07_40,pfpascal,5000,142769.0,28.5538,5,0.08673073811450145,0.21911677143306207,0.7808832285669379,0.21322635876619334,0.14974398795440622,0.8502560120455938,,,,0.1920190453529358,0.0960041508078575,,-2.3542224018863025,-1.270820832776909,1.270820832776909,-1.3055862660883102,-1.7366104058037888,1.7366104058037886,,,,-0.2119326932526356,0.7623483793797787,-1.0357146414578269,-1.9586592568758192,-0.6116880930455676,0.9678198023988864,11.352922827545314,28.5538,synthetic_small_zoom
snapshots/synthetic_small_zoom_steps100_pretrainedTrue_freezeTrue_2025_12_11_07_40,synthetic_small_zoom_steps100_pretrainedTrue_freezeTrue_2025_12_11_07_40,synthetic_small_zoom,steps,100,True,True,2025_12_11_07_40,pfwillow,5000,138288.85,27.657770000000003,5,0.05080388067003415,0.11884225355222786,0.8811577464477721,0.18348732078181001,0.2984448559703923,0.7015551440296077,,,,0.3465851545333862,0.1539370119571685,,-2.9276426933854114,-2.003439650440031,2.0034396504400305,-1.492896872481921,-0.8547143265418293,0.8547143265418294,,,,-0.5747325742466287,0.16327121058972574,-1.441170996862193,0.10421531109344868,0.0862949293169104,2.544047648926788,14.867079081636161,27.657770000000003,synthetic_small_zoom
snapshots/synthetic_small_zoom_steps100_pretrainedTrue_freezeTrue_2025_12_11_07_40,synthetic_small_zoom_steps100_pretrainedTrue_freezeTrue_2025_12_11_07_40,synthetic_small_zoom,steps,100,True,True,2025_12_11_07_40,pointodyssey,5000,216133.05000000002,43.22661,5,0.37280662818538174,0.06346206552600847,0.9365379344739915,0.12754158712339786,0.3150384468169212,0.6849615531830788,,,,0.2174844741821289,0.0587944574654102,,-0.5201950389621375,-2.6917476936128133,2.6917476936128124,-1.9228725036834815,-0.776668025182254,0.7766680251822541,,,,0.9484463844899386,-0.3995721450787355,-2.3719050097206518,0.28677619778371566,-0.4966923991369775,-0.04457547108790992,31.14975740682137,43.22661,synthetic_small_zoom
snapshots/synthetic_small_zoom_steps100_pretrainedTrue_freezeTrue_2025_12_11_07_40,synthetic_small_zoom_steps100_pretrainedTrue_freezeTrue_2025_12_11_07_40,synthetic_small_zoom,steps,100,True,True,2025_12_11_07_40,spair,5000,86295.84999999999,17.259169999999997,5,0.018249873417671952,0.13332366203414936,0.8666763379658506,0.2229993374002422,0.2224335050720839,0.7775664949279161,,,,0.3653904795646667,0.1327691376209259,,-3.985178678407039,-1.8718858734053458,1.8718858734053458,-1.248272402977683,-1.2515409610874173,1.2515409610874173,,,,-1.2438298057200077,0.27084538475708436,-0.9116518854911563,-0.8240160208589518,0.17121521146309573,1.9681155730951472,-2.9967080898190055,17.259169999999997,synthetic_small_zoom
snapshots/synthetic_small_zoom_steps100_pretrainedTrue_freezeTrue_2025_12_11_07_40,synthetic_small_zoom_steps100_pretrainedTrue_freezeTrue_2025_12_11_07_40,synthetic_small_zoom,steps,100,True,True,2025_12_11_07_40,tss,5000,266840.9,53.36818,5,0.10347353870307549,0.2557837820268021,0.7442162179731979,0.20960221905037998,0.3344358102421152,0.6655641897578848,,,,0.1177047789096832,0.0850886106491088,,-2.1592118935228974,-1.0679991220229577,1.0679991220229579,-1.3273247994634378,-0.6881901230925294,0.6881901230925294,,,,-0.0885506116003483,0.928199778931877,-1.0827703137649989,0.49373801373930315,-0.9472732777392927,0.6708315643457083,23.590840876271425,53.36818,synthetic_small_zoom
snapshots/synthetic_small_zoom_steps100_pretrainedTrue_freezeTrue_2025_12_13_11_36,synthetic_small_zoom_steps100_pretrainedTrue_freezeTrue_2025_12_13_11_36,synthetic_small_zoom,steps,100,True,True,2025_12_13_11_36,flyingthings,5000,176604.2,35.320840000000004,3,0.1420828126550647,0.43015732452243727,0.5698426754775627,0.1985866969235261,0.26020077574357386,0.7397992242564262,,,,0.1359754502773285,0.0695071220397949,,-1.7980975012586633,-0.2812093020417419,0.281209302041742,-1.3951510327649683,-1.0449252834025198,1.04492528340252,,,,0.13992448856775566,1.571573667812685,-1.2295883604561493,-0.3407139211414805,-0.8647673617309365,0.2468929611225878,51.93059896254447,35.320840000000004,synthetic_small_zoom
snapshots/synthetic_small_zoom_steps100_pretrainedTrue_freezeTrue_2025_12_13_11_36,synthetic_small_zoom_steps100_pretrainedTrue_freezeTrue_2025_12_13_11_36,synthetic_small_zoom,steps,100,True,True,2025_12_13_11_36,kitti2012,5000,196477.40000000002,39.295480000000005,3,0.4147984015395766,0.15534185856601412,0.8446581414339859,0.1894319744527396,0.13336506232447065,0.8666349376755293,,,,0.2799808979034424,0.0672902390360832,,-0.3441637778404387,-1.693303751724129,1.693303751724129,-1.453705281790262,-1.8715276267332548,1.8715276267332548,,,,1.0598204002563025,0.41687558391926116,-1.3563360810488956,-2.2742489395846985,-0.21447372295278258,0.18657636957812965,51.786589982814775,39.295480000000005,synthetic_small_zoom
snapshots/synthetic_small_zoom_steps100_pretrainedTrue_freezeTrue_2025_12_13_11_36,synthetic_small_zoom_steps100_pretrainedTrue_freezeTrue_2025_12_13_11_36,synthetic_small_zoom,steps,100,True,True,2025_12_13_11_36,middlebury,5000,106335.59999999999,21.26712,3,0.20296123899860977,0.14689366865302028,0.8531063313469798,0.18052723142310426,0.34615402132386314,0.6538459786761368,,,,0.0393171161413192,0.0643457248806953,,-1.3678882913187747,-1.759175212919822,1.7591752129198222,-1.5127795353137263,-0.6359879927662881,0.635987992766288,,,,0.41211550183076284,0.3630111628509433,-1.4842094139744484,0.6158458783461408,-1.3012529312681114,0.106462508219615,36.418124824088245,21.26712,synthetic_small_zoom
snapshots/synthetic_small_zoom_steps100_pretrainedTrue_freezeTrue_2025_12_13_11_36,synthetic_small_zoom_steps100_pretrainedTrue_freezeTrue_2025_12_13_11_36,synthetic_small_zoom,steps,100,True,True,2025_12_13_11_36,pfpascal,5000,86540.70000000001,17.30814,3,0.08673073811450145,0.21911677143306207,0.7808832285669379,0.21322635876619334,0.14974398795440622,0.8502560120455938,,,,0.1920190453529358,0.0960041508078575,,-2.3542224018863025,-1.270820832776909,1.270820832776909,-1.3055862660883102,-1.7366104058037888,1.7366104058037886,,,,-0.2119326932526356,0.7623483793797787,-1.0357146414578269,-1.9586592568758192,-0.6116880930455676,0.9678198023988864,11.352922827545314,17.30814,synthetic_small_zoom
snapshots/synthetic_small_zoom_steps100_pretrainedTrue_freezeTrue_2025_12_13_11_36,synthetic_small_zoom_steps100_pretrainedTrue_freezeTrue_2025_12_13_11_36,synthetic_small_zoom,steps,100,True,True,2025_12_13_11_36,pfwillow,5000,94283.3,18.85666,3,0.05080388067003415,0.11884225355222786,0.8811577464477721,0.18348732078181001,0.2984448559703923,0.7015551440296077,,,,0.3465851545333862,0.1539370119571685,,-2.9276426933854114,-2.003439650440031,2.0034396504400305,-1.492896872481921,-0.8547143265418293,0.8547143265418294,,,,-0.5747325742466287,0.16327121058972574,-1.441170996862193,0.10421531109344868,0.0862949293169104,2.544047648926788,14.867079081636161,18.85666,synthetic_small_zoom
snapshots/synthetic_small_zoom_steps100_pretrainedTrue_freezeTrue_2025_12_13_11_36,synthetic_small_zoom_steps100_pretrainedTrue_freezeTrue_2025_12_13_11_36,synthetic_small_zoom,steps,100,True,True,2025_12_13_11_36,pointodyssey,5000,79209.8,15.84196,3,0.37280662818538174,0.06346206552600847,0.9365379344739915,0.12754158712339786,0.3150384468169212,0.6849615531830788,,,,0.2174844741821289,0.0587944574654102,,-0.5201950389621375,-2.6917476936128133,2.6917476936128124,-1.9228725036834815,-0.776668025182254,0.7766680251822541,,,,0.9484463844899386,-0.3995721450787355,-2.3719050097206518,0.28677619778371566,-0.4966923991369775,-0.04457547108790992,31.14975740682137,15.84196,synthetic_small_zoom
snapshots/synthetic_small_zoom_steps100_pretrainedTrue_freezeTrue_2025_12_13_11_36,synthetic_small_zoom_steps100_pretrainedTrue_freezeTrue_2025_12_13_11_36,synthetic_small_zoom,steps,100,True,True,2025_12_13_11_36,spair,5000,33553.3,6.710660000000001,3,0.018249873417671952,0.13332366203414936,0.8666763379658506,0.2229993374002422,0.2224335050720839,0.7775664949279161,,,,0.3653904795646667,0.1327691376209259,,-3.985178678407039,-1.8718858734053458,1.8718858734053458,-1.248272402977683,-1.2515409610874173,1.2515409610874173,,,,-1.2438298057200077,0.27084538475708436,-0.9116518854911563,-0.8240160208589518,0.17121521146309573,1.9681155730951472,-2.9967080898190055,6.710660000000001,synthetic_small_zoom
snapshots/synthetic_small_zoom_steps100_pretrainedTrue_freezeTrue_2025_12_13_11_36,synthetic_small_zoom_steps100_pretrainedTrue_freezeTrue_2025_12_13_11_36,synthetic_small_zoom,steps,100,True,True,2025_12_13_11_36,tss,5000,127521.3,25.504260000000002,3,0.10347353870307549,0.2557837820268021,0.7442162179731979,0.20960221905037998,0.3344358102421152,0.6655641897578848,,,,0.1177047789096832,0.0850886106491088,,-2.1592118935228974,-1.0679991220229577,1.0679991220229579,-1.3273247994634378,-0.6881901230925294,0.6881901230925294,,,,-0.0885506116003483,0.928199778931877,-1.0827703137649989,0.49373801373930315,-0.9472732777392927,0.6708315643457083,23.590840876271425,25.504260000000002,synthetic_small_zoom
