run_id,run_name,train_dataset,step_tag,logsteps,pretrained,freeze,timestamp,benchmark,auc_steps,auc,auc_normalized,auc_points,flow_recall,flow_precision,flow_outside,resnet_recall,resnet_precision,resnet_outside,dino_recall,dino_precision,dino_outside,flow_mmd,feature_mmd,dino_mmd,flow_recall_logit,flow_precision_logit,flow_outside_logit,resnet_recall_logit,resnet_precision_logit,resnet_outside_logit,dino_recall_logit,dino_precision_logit,dino_outside_logit,baseline_value,auc_delta,baseline_train_dataset,flow_recall_logit_z,flow_precision_logit_z,resnet_recall_logit_z,resnet_precision_logit_z,flow_mmd_z,feature_mmd_z,prediction,target,fold
snapshots/flyingthings_logsteps100_pretrainedTrue_freezeTrue_2025_12_10_01_43,flyingthings_logsteps100_pretrainedTrue_freezeTrue_2025_12_10_01_43,flyingthings,logsteps,100,True,True,2025_12_10_01_43,flyingthings,5000,358527.39999999997,71.70548,5,0.2922647872483768,0.3599964011268182,0.6400035988731818,0.4057849136901841,0.37436925073848204,0.625630749261518,0.12737671537441497,0.14758204222145818,0.8524179577785418,0.120961382985115,0.0060516977682709,0.0001790069800335,-0.884409833438566,-0.5753797650470166,0.5753797650470166,-0.3814181019971683,-0.5135177278632456,0.5135177278632457,-1.9243549859528395,-1.7536927277183598,1.7536927277183598,53.90556,17.799919999999993,spair,0.7246832769171262,1.553160710067412,1.041671087985686,0.9235191057987645,-1.0553389765387289,-1.597814376285698,22.125085146445763,17.799919999999993,flyingthings
snapshots/flyingthings_steps100_pretrainedTrue_freezeTrue_2025_12_10_17_12,flyingthings_steps100_pretrainedTrue_freezeTrue_2025_12_10_17_12,flyingthings,steps,100,True,True,2025_12_10_17_12,flyingthings,5000,358397.95,71.67959,5,0.2922647872483768,0.3599964011268182,0.6400035988731818,0.4057849136901841,0.37436925073848204,0.625630749261518,0.12737671537441497,0.14758204222145818,0.8524179577785418,0.120961382985115,0.0060516977682709,0.0001790069800335,-0.884409833438566,-0.5753797650470166,0.5753797650470166,-0.3814181019971683,-0.5135177278632456,0.5135177278632457,-1.9243549859528395,-1.7536927277183598,1.7536927277183598,53.90556,17.774030000000003,spair,0.7246832769171262,1.553160710067412,1.041671087985686,0.9235191057987645,-1.0553389765387289,-1.597814376285698,22.125085146445763,17.774030000000003,flyingthings
snapshots/flyingthings_steps100_pretrainedTrue_freezeTrue_2025_12_12_11_45,flyingthings_steps100_pretrainedTrue_freezeTrue_2025_12_12_11_45,flyingthings,steps,100,True,True,2025_12_12_11_45,flyingthings,5000,358424.9,71.68498000000001,5,0.2922647872483768,0.3599964011268182,0.6400035988731818,0.4057849136901841,0.37436925073848204,0.625630749261518,0.12737671537441497,0.14758204222145818,0.8524179577785418,0.120961382985115,0.0060516977682709,0.0001790069800335,-0.884409833438566,-0.5753797650470166,0.5753797650470166,-0.3814181019971683,-0.5135177278632456,0.5135177278632457,-1.9243549859528395,-1.7536927277183598,1.7536927277183598,53.90556,17.77942000000001,spair,0.7246832769171262,1.553160710067412,1.041671087985686,0.9235191057987645,-1.0553389765387289,-1.597814376285698,22.125085146445763,17.77942000000001,flyingthings
snapshots/pointodyssey_logsteps100_pretrainedTrue_freezeTrue_2025_12_10_06_53,pointodyssey_logsteps100_pretrainedTrue_freezeTrue_2025_12_10_06_53,pointodyssey,logsteps,100,True,True,2025_12_10_06_53,flyingthings,5000,338371.85,67.67437,5,0.010053296932050197,0.5088436144750872,0.4911563855249128,0.3950082247167559,0.2794855929302831,0.7205144070697169,0.033390817959972605,0.11491543480254499,0.885084565197455,0.5806678533554077,0.0284111928194761,0.0016727743204683,-4.589750472746763,0.035378147418594554,-0.03537814741859453,-0.42630827661320203,-0.9470146657726355,0.9470146657726354,-3.365513307873559,-2.041486686020306,2.041486686020306,53.90556,13.768809999999995,spair,-1.5747626658384097,2.0920340712749286,0.9500873800110634,-0.025886390773793597,1.3602977791092812,-1.0113015212173433,7.918046649483863,13.768809999999995,flyingthings
snapshots/pointodyssey_steps100_pretrainedTrue_freezeTrue_2025_12_11_00_21,pointodyssey_steps100_pretrainedTrue_freezeTrue_2025_12_11_00_21,pointodyssey,steps,100,True,True,2025_12_11_00_21,flyingthings,5000,337347.85000000003,67.46957,5,0.010053296932050197,0.5088436144750872,0.4911563855249128,0.3950082247167559,0.2794855929302831,0.7205144070697169,0.033390817959972605,0.11491543480254499,0.885084565197455,0.5806678533554077,0.0284111928194761,0.0016727743204683,-4.589750472746763,0.035378147418594554,-0.03537814741859453,-0.42630827661320203,-0.9470146657726355,0.9470146657726354,-3.365513307873559,-2.041486686020306,2.041486686020306,53.90556,13.564010000000003,spair,-1.5747626658384097,2.0920340712749286,0.9500873800110634,-0.025886390773793597,1.3602977791092812,-1.0113015212173433,7.918046649483863,13.564010000000003,flyingthings
snapshots/pointodyssey_steps100_pretrainedTrue_freezeTrue_2025_12_12_23_45,pointodyssey_steps100_pretrainedTrue_freezeTrue_2025_12_12_23_45,pointodyssey,steps,100,True,True,2025_12_12_23_45,flyingthings,5000,306208.35000000003,61.241670000000006,5,0.010053296932050197,0.5088436144750872,0.4911563855249128,0.3950082247167559,0.2794855929302831,0.7205144070697169,0.033390817959972605,0.11491543480254499,0.885084565197455,0.5806678533554077,0.0284111928194761,0.0016727743204683,-4.589750472746763,0.035378147418594554,-0.03537814741859453,-0.42630827661320203,-0.9470146657726355,0.9470146657726354,-3.365513307873559,-2.041486686020306,2.041486686020306,53.90556,7.336110000000005,spair,-1.5747626658384097,2.0920340712749286,0.9500873800110634,-0.025886390773793597,1.3602977791092812,-1.0113015212173433,7.918046649483863,7.336110000000005,flyingthings
snapshots/sintel_logsteps100_pretrainedTrue_freezeTrue_2025_12_10_01_43,sintel_logsteps100_pretrainedTrue_freezeTrue_2025_12_10_01_43,sintel,logsteps,100,True,True,2025_12_10_01_43,flyingthings,5000,357179.25,71.43585,5,0.10989059759040178,0.4852367801604809,0.5147632198395191,0.3725248745587929,0.3225590445824691,0.6774409554175309,0.06552152454905705,0.11451383514646171,0.8854861648535383,0.1390412896871566,0.018274150788784,0.000195553569938,-2.0918590757052304,-0.05907004931652785,0.05907004931652783,-0.5214002165599321,-0.7420361948261344,0.7420361948261345,-2.657609885677674,-2.0454411863258692,2.0454411863258692,53.90556,17.53029,spair,-0.02463089726679059,2.0087021713586752,0.7560834017839198,0.42303878026472413,-0.9603338156738866,-1.2772066970611362,16.35424393309123,17.53029,flyingthings
snapshots/sintel_steps100_pretrainedTrue_freezeTrue_2025_12_10_12_22,sintel_steps100_pretrainedTrue_freezeTrue_2025_12_10_12_22,sintel,steps,100,True,True,2025_12_10_12_22,flyingthings,5000,356915.55,71.38311,5,0.10989059759040178,0.4852367801604809,0.5147632198395191,0.3725248745587929,0.3225590445824691,0.6774409554175309,0.06552152454905705,0.11451383514646171,0.8854861648535383,0.1390412896871566,0.018274150788784,0.000195553569938,-2.0918590757052304,-0.05907004931652785,0.05907004931652783,-0.5214002165599321,-0.7420361948261344,0.7420361948261345,-2.657609885677674,-2.0454411863258692,2.0454411863258692,53.90556,17.47755,spair,-0.02463089726679059,2.0087021713586752,0.7560834017839198,0.42303878026472413,-0.9603338156738866,-1.2772066970611362,16.35424393309123,17.47755,flyingthings
snapshots/sintel_steps100_pretrainedTrue_freezeTrue_2025_12_12_11_44,sintel_steps100_pretrainedTrue_freezeTrue_2025_12_12_11_44,sintel,steps,100,True,True,2025_12_12_11_44,flyingthings,5000,356911.55,71.38231,5,0.10989059759040178,0.4852367801604809,0.5147632198395191,0.3725248745587929,0.3225590445824691,0.6774409554175309,0.06552152454905705,0.11451383514646171,0.8854861648535383,0.1390412896871566,0.018274150788784,0.000195553569938,-2.0918590757052304,-0.05907004931652785,0.05907004931652783,-0.5214002165599321,-0.7420361948261344,0.7420361948261345,-2.657609885677674,-2.0454411863258692,2.0454411863258692,53.90556,17.476750000000003,spair,-0.02463089726679059,2.0087021713586752,0.7560834017839198,0.42303878026472413,-0.9603338156738866,-1.2772066970611362,16.35424393309123,17.476750000000003,flyingthings
snapshots/spair_logsteps100_pretrainedTrue_freezeTrue_2025_12_10_06_26,spair_logsteps100_pretrainedTrue_freezeTrue_2025_12_10_06_26,spair,logsteps,100,True,True,2025_12_10_06_26,flyingthings,5000,281575.8,56.31516,5,0.0434540871647352,0.12945123390313623,0.8705487660968638,0.43194517155020795,0.29943663506574203,0.700563364934258,0.0,0.08471980500854748,0.9152801949914525,0.2729391753673553,0.0475737750530242,0.0008071243064478,-3.09162387538231,-1.9058195403862521,1.9058195403862526,-0.2739192805419079,-0.8499819922998267,0.8499819922998267,-13.815509557963773,-2.3798808427412093,2.3798808427412093,53.90556,2.4095999999999975,spair,-0.6450610644528437,0.37931009104396374,1.2609872469444046,0.1866257298111749,-0.2567355959400943,-0.5086470207225021,4.8778514664843176,2.4095999999999975,flyingthings
snapshots/spair_steps100_pretrainedTrue_freezeTrue_2025_12_10_19_45,spair_steps100_pretrainedTrue_freezeTrue_2025_12_10_19_45,spair,steps,100,True,True,2025_12_10_19_45,flyingthings,5000,270599.5,54.1199,5,0.0434540871647352,0.12945123390313623,0.8705487660968638,0.43194517155020795,0.29943663506574203,0.700563364934258,0.0,0.08471980500854748,0.9152801949914525,0.2729391753673553,0.0475737750530242,0.0008071243064478,-3.09162387538231,-1.9058195403862521,1.9058195403862526,-0.2739192805419079,-0.8499819922998267,0.8499819922998267,-13.815509557963773,-2.3798808427412093,2.3798808427412093,53.90556,0.21433999999999997,spair,-0.6450610644528437,0.37931009104396374,1.2609872469444046,0.1866257298111749,-0.2567355959400943,-0.5086470207225021,4.8778514664843176,0.21433999999999997,flyingthings
snapshots/spair_steps100_pretrainedTrue_freezeTrue_2025_12_12_11_46,spair_steps100_pretrainedTrue_freezeTrue_2025_12_12_11_46,spair,steps,100,True,True,2025_12_12_11_46,flyingthings,5000,256408.1,51.281620000000004,5,0.0434540871647352,0.12945123390313623,0.8705487660968638,0.43194517155020795,0.29943663506574203,0.700563364934258,0.0,0.08471980500854748,0.9152801949914525,0.2729391753673553,0.0475737750530242,0.0008071243064478,-3.09162387538231,-1.9058195403862521,1.9058195403862526,-0.2739192805419079,-0.8499819922998267,0.8499819922998267,-13.815509557963773,-2.3798808427412093,2.3798808427412093,53.90556,-2.6239399999999975,spair,-0.6450610644528437,0.37931009104396374,1.2609872469444046,0.1866257298111749,-0.2567355959400943,-0.5086470207225021,4.8778514664843176,-2.6239399999999975,flyingthings
snapshots/spair_synthetic_70_30_steps100_pretrainedTrue_freezeTrue_2025_12_16_15_25,spair_synthetic_70_30_steps100_pretrainedTrue_freezeTrue_2025_12_16_15_25,spair_synthetic_70_30,steps,100,True,True,2025_12_16_15_25,flyingthings,5000,345773.9,69.15478,5,0.1841945418237104,0.25851878047381693,0.7414812195261831,0.23215171013150432,0.35369370158516267,0.6463062984148373,0.08246420547989229,0.11107016052735251,0.8889298394726475,0.0835268273949623,0.0282015278935432,0.0001603288837941,-1.4881834258533828,-1.0536814905327436,1.0536814905327436,-1.1962010934680352,-0.6028422487341241,0.6028422487341242,-2.4093272660491474,-2.079856233212409,2.0798562332124084,53.90556,15.249220000000001,spair,0.3499957994169752,1.1311538015636098,-0.6206269135664074,0.7278886787362132,-1.2520477336334064,-1.0168012507074318,14.349621334029584,15.249220000000001,flyingthings
snapshots/spair_synthetic_steps100_pretrainedTrue_freezeTrue_2025_12_16_15_25,spair_synthetic_steps100_pretrainedTrue_freezeTrue_2025_12_16_15_25,spair_synthetic_50_50,steps,100,True,True,2025_12_16_15_25,flyingthings,5000,354598.9,70.91978,5,0.25696510232777514,0.25735228871141136,0.7426477112885886,0.2754375575262704,0.34318796939137186,0.6568120306086281,0.07196034059471082,0.11103802385216133,0.8889619761478387,0.1142432168126106,0.035851165652275,0.000187041965546,-1.061802725150799,-1.0597758692142878,1.0597758692142878,-0.9672069935797729,-0.6491195621966254,0.6491195621966254,-2.5569593261184065,-2.0801817632322512,2.0801817632322512,53.90556,17.01422,spair,0.6145974832402662,1.1257767147382631,-0.15343940646797355,0.6265363232160145,-1.0906411751868805,-0.8161432809349595,13.469370269083775,17.01422,flyingthings
snapshots/synthetic_large_zoom_steps100_pretrainedTrue_freezeTrue_2025_12_11_10_14,synthetic_large_zoom_steps100_pretrainedTrue_freezeTrue_2025_12_11_10_14,synthetic_large_zoom,steps,100,True,True,2025_12_11_10_14,flyingthings,5000,349863.1,69.97261999999999,5,0.19165938266666147,0.3834709257501919,0.6165290742498081,0.18399995896799728,0.2647010957717415,0.7352989042282585,0.0692162341479459,0.10968336223441601,0.890316637765584,0.1245257034897804,0.0699124634265899,0.0003265382838435,-1.4392637778680986,-0.47484167664407195,0.47484167664407195,-1.4894788706394768,-1.0216758400648052,1.0216758400648052,-2.598791557582451,-2.093979482494732,2.093979482494732,53.90556,16.06705999999999,spair,0.3803541650925782,1.6418657379046466,-1.218964223003431,-0.18940249216864097,-1.0366094084883941,0.0773200535096177,2.3881285092983093,16.06705999999999,flyingthings
snapshots/synthetic_large_zoom_steps100_pretrainedTrue_freezeTrue_2025_12_13_11_43,synthetic_large_zoom_steps100_pretrainedTrue_freezeTrue_2025_12_13_11_43,synthetic_large_zoom,steps,100,True,True,2025_12_13_11_43,flyingthings,5000,176673.45,35.33469,3,0.19165938266666147,0.3834709257501919,0.6165290742498081,0.18399995896799728,0.2647010957717415,0.7352989042282585,0.0692162341479459,0.10968336223441601,0.890316637765584,0.1245257034897804,0.0699124634265899,0.0003265382838435,-1.4392637778680986,-0.47484167664407195,0.47484167664407195,-1.4894788706394768,-1.0216758400648052,1.0216758400648052,-2.598791557582451,-2.093979482494732,2.093979482494732,53.90556,-18.57087,spair,0.3803541650925782,1.6418657379046466,-1.218964223003431,-0.18940249216864097,-1.0366094084883941,0.0773200535096177,2.3881285092983093,-18.57087,flyingthings
snapshots/synthetic_logsteps100_pretrainedTrue_freezeTrue_2025_12_10_12_06,synthetic_logsteps100_pretrainedTrue_freezeTrue_2025_12_10_12_06,synthetic,logsteps,100,True,True,2025_12_10_12_06,flyingthings,5000,352089.44999999995,70.41788999999999,5,0.30541512260719766,0.2655283388264625,0.7344716611735376,0.22364680580949392,0.26415440680550395,0.735845593194496,0.06775370454213989,0.11039495168831101,0.889605048311689,0.0987161844968795,0.0655120611190795,0.0003423189336899,-0.8216424594590136,-1.0174298398344757,1.017429839834476,-1.2445395161058372,-1.024486498426884,1.024486498426884,-2.62171790743262,-2.0867131929545057,2.0867131929545057,53.90556,16.512329999999984,spair,0.7636352107565066,1.163138731209849,-0.7192456429583206,-0.19555814002814909,-1.1722316516876836,-0.03810708448776662,1.7322228134554267,16.512329999999984,flyingthings
snapshots/synthetic_random_flipping_steps100_pretrainedTrue_freezeTrue_2025_12_13_11_45,synthetic_random_flipping_steps100_pretrainedTrue_freezeTrue_2025_12_13_11_45,synthetic_random_flipping,steps,100,True,True,2025_12_13_11_45,flyingthings,5000,174849.2,34.969840000000005,3,0.3419614527093241,0.17364218424166206,0.826357815758338,0.22563581972283014,0.26219558332621073,0.7378044166737893,0.06704887130202539,0.11207750742762985,0.8879224925723701,0.1039771884679794,0.071447916328907,0.0003462678869254,-0.6545654927840997,-1.560031101220492,1.5600311012204922,-1.233119997697623,-1.0345880449070752,1.0345880449070752,-2.632931042748656,-2.069693793487383,2.0696937934873825,53.90556,-18.935719999999996,spair,0.8673191876284042,0.6844001679415687,-0.6959478534519468,-0.21768162675547945,-1.1445864576708096,0.11759658316731468,-0.7302837909240547,-18.935719999999996,flyingthings
snapshots/synthetic_small_zoom_steps100_pretrainedTrue_freezeTrue_2025_12_11_07_40,synthetic_small_zoom_steps100_pretrainedTrue_freezeTrue_2025_12_11_07_40,synthetic_small_zoom,steps,100,True,True,2025_12_11_07_40,flyingthings,5000,350592.25000000006,70.11845000000001,5,0.14130861771935394,0.44609347201491056,0.5539065279850894,0.1985866969235261,0.26020077574357386,0.7397992242564262,0.06593923327691954,0.10877650851736323,0.8912234914826368,0.1420890390872955,0.0695071220397949,0.000352237955667,-1.8044633052095391,-0.21646744189321826,0.21646744189321823,-1.3951510327649683,-1.0449252834025198,1.04492528340252,-2.6508078868547544,-2.103299831462676,2.1032998314626763,53.90556,16.21289000000001,spair,0.15372005687242243,1.8698300253709212,-1.0265191449508513,-0.24032130466021212,-0.9443186930956696,0.06668752654503006,2.7637609869536073,16.21289000000001,flyingthings
snapshots/synthetic_small_zoom_steps100_pretrainedTrue_freezeTrue_2025_12_13_11_36,synthetic_small_zoom_steps100_pretrainedTrue_freezeTrue_2025_12_13_11_36,synthetic_small_zoom,steps,100,True,True,2025_12_13_11_36,flyingthings,5000,176604.2,35.320840000000004,3,0.14130861771935394,0.44609347201491056,0.5539065279850894,0.1985866969235261,0.26020077574357386,0.7397992242564262,0.06593923327691954,0.10877650851736323,0.8912234914826368,0.1420890390872955,0.0695071220397949,0.000352237955667,-1.8044633052095391,-0.21646744189321826,0.21646744189321823,-1.3951510327649683,-1.0449252834025198,1.04492528340252,-2.6508078868547544,-2.103299831462676,2.1032998314626763,53.90556,-18.584719999999997,spair,0.15372005687242243,1.8698300253709212,-1.0265191449508513,-0.24032130466021212,-0.9443186930956696,0.06668752654503006,2.7637609869536073,-18.584719999999997,flyingthings
snapshots/synthetic_steps100_pretrainedTrue_freezeTrue_2025_12_11_05_11,synthetic_steps100_pretrainedTrue_freezeTrue_2025_12_11_05_11,synthetic,steps,100,True,True,2025_12_11_05_11,flyingthings,5000,174781.8,34.95636,3,0.30541512260719766,0.2655283388264625,0.7344716611735376,0.22364680580949392,0.26415440680550395,0.735845593194496,0.06775370454213989,0.11039495168831101,0.889605048311689,0.0987161844968795,0.0655120611190795,0.0003423189336899,-0.8216424594590136,-1.0174298398344757,1.017429839834476,-1.2445395161058372,-1.024486498426884,1.024486498426884,-2.62171790743262,-2.0867131929545057,2.0867131929545057,53.90556,-18.949200000000005,spair,0.7636352107565066,1.163138731209849,-0.7192456429583206,-0.19555814002814909,-1.1722316516876836,-0.03810708448776662,1.7322228134554267,-18.949200000000005,flyingthings
snapshots/synthetic_steps100_pretrainedTrue_freezeTrue_2025_12_12_23_46,synthetic_steps100_pretrainedTrue_freezeTrue_2025_12_12_23_46,synthetic,steps,100,True,True,2025_12_12_23_46,flyingthings,5000,178126.7,35.62534,3,0.30541512260719766,0.2655283388264625,0.7344716611735376,0.22364680580949392,0.26415440680550395,0.735845593194496,0.06775370454213989,0.11039495168831101,0.889605048311689,0.0987161844968795,0.0655120611190795,0.0003423189336899,-0.8216424594590136,-1.0174298398344757,1.017429839834476,-1.2445395161058372,-1.024486498426884,1.024486498426884,-2.62171790743262,-2.0867131929545057,2.0867131929545057,53.90556,-18.28022,spair,0.7636352107565066,1.163138731209849,-0.7192456429583206,-0.19555814002814909,-1.1722316516876836,-0.03810708448776662,1.7322228134554267,-18.28022,flyingthings
snapshots/flyingthings_logsteps100_pretrainedTrue_freezeTrue_2025_12_10_01_43,flyingthings_logsteps100_pretrainedTrue_freezeTrue_2025_12_10_01_43,flyingthings,logsteps,100,True,True,2025_12_10_01_43,kitti2012,5000,385347.94999999995,77.06958999999999,5,0.4061777735434162,0.062277533608699816,0.9377224663913002,0.37591873432511413,0.2106714357042166,0.7893285642957835,0.0946537763232718,0.09148756519612072,0.9085124348038793,0.3795063495635986,0.0222196206450462,0.0002735433517955,-0.3797890628722786,-2.711853282655035,2.711853282655035,-0.5069076054272054,-1.3208829224035434,1.3208829224035439,-2.2580916635157178,-2.295605511373138,2.2956055113731386,64.06846666666667,13.001123333333325,spair,1.1468918264418697,-0.5380575100145952,0.7772488940331019,-1.382771435139876,0.5368861364111236,-1.1333581970377549,-9.583057267322735,13.001123333333325,kitti2012
snapshots/flyingthings_steps100_pretrainedTrue_freezeTrue_2025_12_10_17_12,flyingthings_steps100_pretrainedTrue_freezeTrue_2025_12_10_17_12,flyingthings,steps,100,True,True,2025_12_10_17_12,kitti2012,5000,385049.14999999997,77.00983,5,0.4061777735434162,0.062277533608699816,0.9377224663913002,0.37591873432511413,0.2106714357042166,0.7893285642957835,0.0946537763232718,0.09148756519612072,0.9085124348038793,0.3795063495635986,0.0222196206450462,0.0002735433517955,-0.3797890628722786,-2.711853282655035,2.711853282655035,-0.5069076054272054,-1.3208829224035434,1.3208829224035439,-2.2580916635157178,-2.295605511373138,2.2956055113731386,64.06846666666667,12.941363333333328,spair,1.1468918264418697,-0.5380575100145952,0.7772488940331019,-1.382771435139876,0.5368861364111236,-1.1333581970377549,-9.583057267322735,12.941363333333328,kitti2012
snapshots/flyingthings_steps100_pretrainedTrue_freezeTrue_2025_12_12_11_45,flyingthings_steps100_pretrainedTrue_freezeTrue_2025_12_12_11_45,flyingthings,steps,100,True,True,2025_12_12_11_45,kitti2012,5000,385776.5,77.1553,5,0.4061777735434162,0.062277533608699816,0.9377224663913002,0.37591873432511413,0.2106714357042166,0.7893285642957835,0.0946537763232718,0.09148756519612072,0.9085124348038793,0.3795063495635986,0.0222196206450462,0.0002735433517955,-0.3797890628722786,-2.711853282655035,2.711853282655035,-0.5069076054272054,-1.3208829224035434,1.3208829224035439,-2.2580916635157178,-2.295605511373138,2.2956055113731386,64.06846666666667,13.086833333333331,spair,1.1468918264418697,-0.5380575100145952,0.7772488940331019,-1.382771435139876,0.5368861364111236,-1.1333581970377549,-9.583057267322735,13.086833333333331,kitti2012
snapshots/pointodyssey_logsteps100_pretrainedTrue_freezeTrue_2025_12_10_06_53,pointodyssey_logsteps100_pretrainedTrue_freezeTrue_2025_12_10_06_53,pointodyssey,logsteps,100,True,True,2025_12_10_06_53,kitti2012,5000,382923.5,76.5847,5,0.0435035504011905,0.12741498164456927,0.8725850183554307,0.3816639411454963,0.14707171947490544,0.8529282805250946,0.029405838007069623,0.0847696987641634,0.9152303012358366,0.9307700991630554,0.053868368268013,0.0017896406352519,-3.0904345238237863,-1.9240107600200127,1.9240107600200123,-0.48249160802343133,-1.7577551094691022,1.7577551094691024,-3.4967151958086324,-2.379237575897827,2.379237575897827,64.06846666666667,12.516233333333332,spair,-0.5677196193359618,0.10920615445250459,0.8270500125787457,-2.6022045002918346,3.646647435416692,-0.3178390429909611,-27.664499547034143,12.516233333333332,kitti2012
snapshots/pointodyssey_steps100_pretrainedTrue_freezeTrue_2025_12_11_00_21,pointodyssey_steps100_pretrainedTrue_freezeTrue_2025_12_11_00_21,pointodyssey,steps,100,True,True,2025_12_11_00_21,kitti2012,5000,380216.05000000005,76.04321000000002,5,0.0435035504011905,0.12741498164456927,0.8725850183554307,0.3816639411454963,0.14707171947490544,0.8529282805250946,0.029405838007069623,0.0847696987641634,0.9152303012358366,0.9307700991630554,0.053868368268013,0.0017896406352519,-3.0904345238237863,-1.9240107600200127,1.9240107600200123,-0.48249160802343133,-1.7577551094691022,1.7577551094691024,-3.4967151958086324,-2.379237575897827,2.379237575897827,64.06846666666667,11.97474333333335,spair,-0.5677196193359618,0.10920615445250459,0.8270500125787457,-2.6022045002918346,3.646647435416692,-0.3178390429909611,-27.664499547034143,11.97474333333335,kitti2012
snapshots/pointodyssey_steps100_pretrainedTrue_freezeTrue_2025_12_12_23_45,pointodyssey_steps100_pretrainedTrue_freezeTrue_2025_12_12_23_45,pointodyssey,steps,100,True,True,2025_12_12_23_45,kitti2012,5000,372251.95,74.45039,5,0.0435035504011905,0.12741498164456927,0.8725850183554307,0.3816639411454963,0.14707171947490544,0.8529282805250946,0.029405838007069623,0.0847696987641634,0.9152303012358366,0.9307700991630554,0.053868368268013,0.0017896406352519,-3.0904345238237863,-1.9240107600200127,1.9240107600200123,-0.48249160802343133,-1.7577551094691022,1.7577551094691024,-3.4967151958086324,-2.379237575897827,2.379237575897827,64.06846666666667,10.381923333333333,spair,-0.5677196193359618,0.10920615445250459,0.8270500125787457,-2.6022045002918346,3.646647435416692,-0.3178390429909611,-27.664499547034143,10.381923333333333,kitti2012
snapshots/sintel_logsteps100_pretrainedTrue_freezeTrue_2025_12_10_01_43,sintel_logsteps100_pretrainedTrue_freezeTrue_2025_12_10_01_43,sintel,logsteps,100,True,True,2025_12_10_01_43,kitti2012,5000,390115.75,78.02315,5,0.3551050345401612,0.20149055109055272,0.7985094489094473,0.38719408509935777,0.19648523014528918,0.8035147698547108,0.07999150516374366,0.11252545873465444,0.8874745412653455,0.3250104188919067,0.0135165369138121,0.0002408786967862,-0.5966738416288365,-1.3770043134729675,1.3770043134729677,-0.45912219143343314,-1.4084083030769141,1.4084083030769141,-2.4424624599355242,-2.0652003391338023,2.065200339133802,64.06846666666667,13.954683333333335,spair,1.0097019469729223,0.5586073823717403,0.8747164284410417,-1.6270793732350606,0.22946643707618122,-1.3576176706399243,-6.144739144655296,13.954683333333335,kitti2012
snapshots/sintel_steps100_pretrainedTrue_freezeTrue_2025_12_10_12_22,sintel_steps100_pretrainedTrue_freezeTrue_2025_12_10_12_22,sintel,steps,100,True,True,2025_12_10_12_22,kitti2012,5000,387933.4,77.58668,5,0.3551050345401612,0.20149055109055272,0.7985094489094473,0.38719408509935777,0.19648523014528918,0.8035147698547108,0.07999150516374366,0.11252545873465444,0.8874745412653455,0.3250104188919067,0.0135165369138121,0.0002408786967862,-0.5966738416288365,-1.3770043134729675,1.3770043134729677,-0.45912219143343314,-1.4084083030769141,1.4084083030769141,-2.4424624599355242,-2.0652003391338023,2.065200339133802,64.06846666666667,13.518213333333335,spair,1.0097019469729223,0.5586073823717403,0.8747164284410417,-1.6270793732350606,0.22946643707618122,-1.3576176706399243,-6.144739144655296,13.518213333333335,kitti2012
snapshots/sintel_steps100_pretrainedTrue_freezeTrue_2025_12_12_11_44,sintel_steps100_pretrainedTrue_freezeTrue_2025_12_12_11_44,sintel,steps,100,True,True,2025_12_12_11_44,kitti2012,5000,388756.95,77.75139,5,0.3551050345401612,0.20149055109055272,0.7985094489094473,0.38719408509935777,0.19648523014528918,0.8035147698547108,0.07999150516374366,0.11252545873465444,0.8874745412653455,0.3250104188919067,0.0135165369138121,0.0002408786967862,-0.5966738416288365,-1.3770043134729675,1.3770043134729677,-0.45912219143343314,-1.4084083030769141,1.4084083030769141,-2.4424624599355242,-2.0652003391338023,2.065200339133802,64.06846666666667,13.682923333333335,spair,1.0097019469729223,0.5586073823717403,0.8747164284410417,-1.6270793732350606,0.22946643707618122,-1.3576176706399243,-6.144739144655296,13.682923333333335,kitti2012
snapshots/spair_logsteps100_pretrainedTrue_freezeTrue_2025_12_10_06_26,spair_logsteps100_pretrainedTrue_freezeTrue_2025_12_10_06_26,spair,logsteps,100,True,True,2025_12_10_06_26,kitti2012,5000,331457.1,66.29142,5,0.09770735635926313,0.013012994204690815,0.9869870057953092,0.42765313481242195,0.17331896835905788,0.8266810316409421,0.0,0.09245725017958781,0.9075427498204122,0.5936060547828674,0.054964892566204,0.0007955079781822,-2.2229620544691846,-4.328708461545666,4.328708461545666,-0.29143278093711983,-1.5622852827034868,1.5622852827034865,-13.815509557963773,-2.283994294800862,2.2839942948008614,64.06846666666667,2.2229533333333364,spair,-0.01900225799928209,-1.8664087704938128,1.2167512047752314,-2.0565932733593515,1.74465461003767,-0.28958400494947,-25.416780791358462,2.2229533333333364,kitti2012
snapshots/spair_steps100_pretrainedTrue_freezeTrue_2025_12_10_19_45,spair_steps100_pretrainedTrue_freezeTrue_2025_12_10_19_45,spair,steps,100,True,True,2025_12_10_19_45,kitti2012,5000,313304.4,62.660880000000006,5,0.09770735635926313,0.013012994204690815,0.9869870057953092,0.42765313481242195,0.17331896835905788,0.8266810316409421,0.0,0.09245725017958781,0.9075427498204122,0.5936060547828674,0.054964892566204,0.0007955079781822,-2.2229620544691846,-4.328708461545666,4.328708461545666,-0.29143278093711983,-1.5622852827034868,1.5622852827034865,-13.815509557963773,-2.283994294800862,2.2839942948008614,64.06846666666667,-1.4075866666666599,spair,-0.01900225799928209,-1.8664087704938128,1.2167512047752314,-2.0565932733593515,1.74465461003767,-0.28958400494947,-25.416780791358462,-1.4075866666666599,kitti2012
snapshots/spair_steps100_pretrainedTrue_freezeTrue_2025_12_12_11_46,spair_steps100_pretrainedTrue_freezeTrue_2025_12_12_11_46,spair,steps,100,True,True,2025_12_12_11_46,kitti2012,5000,316265.5,63.2531,5,0.09770735635926313,0.013012994204690815,0.9869870057953092,0.42765313481242195,0.17331896835905788,0.8266810316409421,0.0,0.09245725017958781,0.9075427498204122,0.5936060547828674,0.054964892566204,0.0007955079781822,-2.2229620544691846,-4.328708461545666,4.328708461545666,-0.29143278093711983,-1.5622852827034868,1.5622852827034865,-13.815509557963773,-2.283994294800862,2.2839942948008614,64.06846666666667,-0.8153666666666624,spair,-0.01900225799928209,-1.8664087704938128,1.2167512047752314,-2.0565932733593515,1.74465461003767,-0.28958400494947,-25.416780791358462,-0.8153666666666624,kitti2012
snapshots/spair_synthetic_70_30_steps100_pretrainedTrue_freezeTrue_2025_12_16_15_25,spair_synthetic_70_30_steps100_pretrainedTrue_freezeTrue_2025_12_16_15_25,spair_synthetic_70_30,steps,100,True,True,2025_12_16_15_25,kitti2012,5000,376791.6,75.35831999999999,5,0.27715501407755117,0.029480079831426847,0.9705199201685731,0.25977569639618103,0.2310575959038936,0.7689424040961064,0.09574622793612317,0.1056616656851597,0.8943383343148403,0.4469072520732879,0.0269870143383741,0.000188718055142,-0.958617827922643,-3.4941171527709773,3.4941171527709765,-1.0471347007450298,-1.202349057195712,1.2023490571957118,-2.245408809945161,-2.135841997407496,2.135841997407496,64.06846666666667,11.289853333333326,spair,0.7807552586029975,-1.1807379500827233,-0.32464807829099956,-1.0519101011978185,0.9171047129000967,-1.0105128662174787,-9.880111207235691,11.289853333333326,kitti2012
snapshots/spair_synthetic_steps100_pretrainedTrue_freezeTrue_2025_12_16_15_25,spair_synthetic_steps100_pretrainedTrue_freezeTrue_2025_12_16_15_25,spair_synthetic_50_50,steps,100,True,True,2025_12_16_15_25,kitti2012,5000,385342.54999999993,77.06850999999999,5,0.36184189334640104,0.035504011525595125,0.9644959884744049,0.29876790366475525,0.2168942235712415,0.7831057764287586,0.09101429029196928,0.10435379461754765,0.8956462053824523,0.3953698873519897,0.0354292653501033,0.0002288708055857,-0.5673787110076263,-3.3019599823425194,3.30195998234252,-0.8531718954032186,-1.2838579923731432,1.2838579923731435,-2.3013128427972016,-2.149758477743655,2.149758477743655,64.06846666666667,13.000043333333323,spair,1.0282325025148675,-1.022868387686976,0.07097633559348308,-1.279424448879951,0.6263747267918535,-0.7929744825393855,-11.891381500088848,13.000043333333323,kitti2012
snapshots/synthetic_large_zoom_steps100_pretrainedTrue_freezeTrue_2025_12_11_10_14,synthetic_large_zoom_steps100_pretrainedTrue_freezeTrue_2025_12_11_10_14,synthetic_large_zoom,steps,100,True,True,2025_12_11_10_14,kitti2012,5000,390365.94999999995,78.07319,5,0.44460882593478024,0.12653572279913258,0.8734642772008674,0.1755977219986397,0.1353376462102548,0.8646623537897452,0.06539767356640153,0.0890720149857312,0.9109279850142689,0.3107616901397705,0.0687143802642822,0.0003963660565204,-0.22247783087598907,-1.9319425706029592,1.931942570602959,-1.5464629037918975,-1.854566349314325,1.8545663493143252,-2.6596344340411555,-2.3250186439729714,2.325018643972972,64.06846666666667,14.004723333333331,spair,1.2463986202353923,0.10268965827937886,-1.3431239005925102,-2.8724318812990526,0.14908722609846625,0.06471028529209778,-24.486965438476375,14.004723333333331,kitti2012
snapshots/synthetic_large_zoom_steps100_pretrainedTrue_freezeTrue_2025_12_13_11_43,synthetic_large_zoom_steps100_pretrainedTrue_freezeTrue_2025_12_13_11_43,synthetic_large_zoom,steps,100,True,True,2025_12_13_11_43,kitti2012,5000,195608.7,39.12174,3,0.44460882593478024,0.12653572279913258,0.8734642772008674,0.1755977219986397,0.1353376462102548,0.8646623537897452,0.06539767356640153,0.0890720149857312,0.9109279850142689,0.3107616901397705,0.0687143802642822,0.0003963660565204,-0.22247783087598907,-1.9319425706029592,1.931942570602959,-1.5464629037918975,-1.854566349314325,1.8545663493143252,-2.6596344340411555,-2.3250186439729714,2.325018643972972,64.06846666666667,-24.946726666666663,spair,1.2463986202353923,0.10268965827937886,-1.3431239005925102,-2.8724318812990526,0.14908722609846625,0.06471028529209778,-24.486965438476375,-24.946726666666663,kitti2012
snapshots/synthetic_logsteps100_pretrainedTrue_freezeTrue_2025_12_10_12_06,synthetic_logsteps100_pretrainedTrue_freezeTrue_2025_12_10_12_06,synthetic,logsteps,100,True,True,2025_12_10_12_06,kitti2012,5000,384732.4,76.94648000000001,5,0.42349010747254373,0.03220106708251028,0.9677989329174898,0.2128626836913587,0.1342526283034775,0.8657473716965225,0.06466596271039621,0.09004305749215445,0.9099569425078455,0.3724488019943237,0.0641089379787445,0.0004135617637075,-0.30846234435257086,-3.403024760563173,3.403024760563174,-1.3077554335843773,-1.863869836532181,1.863869836532181,-2.671668740205846,-2.313109309960983,2.313109309960983,64.06846666666667,12.878013333333342,spair,1.192009349085622,-1.1058996494178936,-0.8562341444649195,-2.8984005290421737,0.49707345452741797,-0.053961911202259225,-28.910443647971803,12.878013333333342,kitti2012
snapshots/synthetic_random_flipping_steps100_pretrainedTrue_freezeTrue_2025_12_13_11_45,synthetic_random_flipping_steps100_pretrainedTrue_freezeTrue_2025_12_13_11_45,synthetic_random_flipping,steps,100,True,True,2025_12_13_11_45,kitti2012,5000,189772.2,37.954440000000005,3,0.46555551226260744,0.02404321136904276,0.9759567886309573,0.21667302990312337,0.13389966007422852,0.8661003399257715,0.06318794070172684,0.09103423878449665,0.9089657612155033,0.4307942390441894,0.0686514154076576,0.0004105509724467,-0.1379965241811535,-3.703565626341099,3.7035656263410996,-1.2851607525825526,-1.8669100537756889,1.866910053775689,-2.6963692137994726,-2.301071740906982,2.3010717409069814,64.06846666666667,-26.11402666666666,spair,1.299837042006119,-1.352813438045235,-0.8101479507098798,-2.9068866298783944,0.826208795356687,0.06308781835530465,-31.272326463035547,-26.11402666666666,kitti2012
snapshots/synthetic_small_zoom_steps100_pretrainedTrue_freezeTrue_2025_12_11_07_40,synthetic_small_zoom_steps100_pretrainedTrue_freezeTrue_2025_12_11_07_40,synthetic_small_zoom,steps,100,True,True,2025_12_11_07_40,kitti2012,5000,391953.0,78.3906,5,0.4316722180317747,0.18543290964579778,0.8145670903542022,0.1894319744527396,0.13336506232447065,0.8666349376755293,0.06259211857528095,0.08923605209126516,0.9107639479087348,0.2713901996612549,0.0672902390360832,0.0004194449575152,-0.2750317875158532,-1.4799636510770857,1.4799636510770855,-1.453705281790262,-1.8715276267332548,1.8715276267332548,-2.7064791243766484,-2.32299862116416,2.3229986211641593,64.06846666666667,14.32213333333334,spair,1.2131557572812706,0.47401961738812887,-1.1539269059777655,-2.9197755738577063,-0.07301324298410071,0.028013273975883757,-22.954681997939293,14.32213333333334,kitti2012
snapshots/synthetic_small_zoom_steps100_pretrainedTrue_freezeTrue_2025_12_13_11_36,synthetic_small_zoom_steps100_pretrainedTrue_freezeTrue_2025_12_13_11_36,synthetic_small_zoom,steps,100,True,True,2025_12_13_11_36,kitti2012,5000,196477.40000000002,39.295480000000005,3,0.4316722180317747,0.18543290964579778,0.8145670903542022,0.1894319744527396,0.13336506232447065,0.8666349376755293,0.06259211857528095,0.08923605209126516,0.9107639479087348,0.2713901996612549,0.0672902390360832,0.0004194449575152,-0.2750317875158532,-1.4799636510770857,1.4799636510770855,-1.453705281790262,-1.8715276267332548,1.8715276267332548,-2.7064791243766484,-2.32299862116416,2.3229986211641593,64.06846666666667,-24.77298666666666,spair,1.2131557572812706,0.47401961738812887,-1.1539269059777655,-2.9197755738577063,-0.07301324298410071,0.028013273975883757,-22.954681997939293,-24.77298666666666,kitti2012
snapshots/synthetic_steps100_pretrainedTrue_freezeTrue_2025_12_11_05_11,synthetic_steps100_pretrainedTrue_freezeTrue_2025_12_11_05_11,synthetic,steps,100,True,True,2025_12_11_05_11,kitti2012,5000,190984.90000000002,38.19698,3,0.42349010747254373,0.03220106708251028,0.9677989329174898,0.2128626836913587,0.1342526283034775,0.8657473716965225,0.06466596271039621,0.09004305749215445,0.9099569425078455,0.3724488019943237,0.0641089379787445,0.0004135617637075,-0.30846234435257086,-3.403024760563173,3.403024760563174,-1.3077554335843773,-1.863869836532181,1.863869836532181,-2.671668740205846,-2.313109309960983,2.313109309960983,64.06846666666667,-25.871486666666662,spair,1.192009349085622,-1.1058996494178936,-0.8562341444649195,-2.8984005290421737,0.49707345452741797,-0.053961911202259225,-28.910443647971803,-25.871486666666662,kitti2012
snapshots/synthetic_steps100_pretrainedTrue_freezeTrue_2025_12_12_23_46,synthetic_steps100_pretrainedTrue_freezeTrue_2025_12_12_23_46,synthetic,steps,100,True,True,2025_12_12_23_46,kitti2012,5000,193728.5,38.7457,3,0.42349010747254373,0.03220106708251028,0.9677989329174898,0.2128626836913587,0.1342526283034775,0.8657473716965225,0.06466596271039621,0.09004305749215445,0.9099569425078455,0.3724488019943237,0.0641089379787445,0.0004135617637075,-0.30846234435257086,-3.403024760563173,3.403024760563174,-1.3077554335843773,-1.863869836532181,1.863869836532181,-2.671668740205846,-2.313109309960983,2.313109309960983,64.06846666666667,-25.322766666666666,spair,1.192009349085622,-1.1058996494178936,-0.8562341444649195,-2.8984005290421737,0.49707345452741797,-0.053961911202259225,-28.910443647971803,-25.322766666666666,kitti2012
snapshots/flyingthings_logsteps100_pretrainedTrue_freezeTrue_2025_12_10_01_43,flyingthings_logsteps100_pretrainedTrue_freezeTrue_2025_12_10_01_43,flyingthings,logsteps,100,True,True,2025_12_10_01_43,middlebury,5000,209086.35,41.81727,5,0.2939051270163976,0.06509054533850193,0.9349094546614981,0.34331084808352363,0.41708274420570207,0.5829172557942979,0.08808511052792434,0.08037156123835107,0.9196284387616489,0.0860338509082794,0.0204798858612775,0.0002459011448081,-0.8764925914239373,-2.6646703788934816,2.664670378893482,-0.6485744745827918,-0.3347606184995471,0.334760618499547,-2.3372431506067426,-2.4373093198822384,2.437309319882238,37.7005,4.1167700000000025,spair,0.7485010566221346,-0.5025728055247186,0.45422765419108,1.5171518552291279,-1.2808127151536775,-1.1861261374633258,19.52537800428474,4.1167700000000025,middlebury
snapshots/flyingthings_steps100_pretrainedTrue_freezeTrue_2025_12_10_17_12,flyingthings_steps100_pretrainedTrue_freezeTrue_2025_12_10_17_12,flyingthings,steps,100,True,True,2025_12_10_17_12,middlebury,5000,209197.9,41.83958,5,0.2939051270163976,0.06509054533850193,0.9349094546614981,0.34331084808352363,0.41708274420570207,0.5829172557942979,0.08808511052792434,0.08037156123835107,0.9196284387616489,0.0860338509082794,0.0204798858612775,0.0002459011448081,-0.8764925914239373,-2.6646703788934816,2.664670378893482,-0.6485744745827918,-0.3347606184995471,0.334760618499547,-2.3372431506067426,-2.4373093198822384,2.437309319882238,37.7005,4.13908,spair,0.7485010566221346,-0.5025728055247186,0.45422765419108,1.5171518552291279,-1.2808127151536775,-1.1861261374633258,19.52537800428474,4.13908,middlebury
snapshots/flyingthings_steps100_pretrainedTrue_freezeTrue_2025_12_12_11_45,flyingthings_steps100_pretrainedTrue_freezeTrue_2025_12_12_11_45,flyingthings,steps,100,True,True,2025_12_12_11_45,middlebury,5000,208838.75,41.76775,5,0.2939051270163976,0.06509054533850193,0.9349094546614981,0.34331084808352363,0.41708274420570207,0.5829172557942979,0.08808511052792434,0.08037156123835107,0.9196284387616489,0.0860338509082794,0.0204798858612775,0.0002459011448081,-0.8764925914239373,-2.6646703788934816,2.664670378893482,-0.6485744745827918,-0.3347606184995471,0.334760618499547,-2.3372431506067426,-2.4373093198822384,2.437309319882238,37.7005,4.067250000000001,spair,0.7485010566221346,-0.5025728055247186,0.45422765419108,1.5171518552291279,-1.2808127151536775,-1.1861261374633258,19.52537800428474,4.067250000000001,middlebury
snapshots/pointodyssey_logsteps100_pretrainedTrue_freezeTrue_2025_12_10_06_53,pointodyssey_logsteps100_pretrainedTrue_freezeTrue_2025_12_10_06_53,pointodyssey,logsteps,100,True,True,2025_12_10_06_53,middlebury,5000,218656.55000000002,43.73131,5,0.01640671057541398,0.22927905864845727,0.7707209413515428,0.36770262317897073,0.35509226882697453,0.6449077311730255,0.02507401955997992,0.06587972637872966,0.9341202736212704,0.4707968235015869,0.0374895259737968,0.0017147951293736,-4.093522055289,-1.212386505887496,1.2123865058874963,-0.5420852941243304,-0.5967295862251187,0.5967295862251186,-3.660529317834894,-2.651774450579656,2.6517744505796563,37.7005,6.0308100000000024,spair,-1.2443383962850911,0.6985797571159192,0.6706896869659359,0.905212523893465,0.7653155225893342,-0.7485069612280761,14.008845985733737,6.0308100000000024,middlebury
snapshots/pointodyssey_steps100_pretrainedTrue_freezeTrue_2025_12_11_00_21,pointodyssey_steps100_pretrainedTrue_freezeTrue_2025_12_11_00_21,pointodyssey,steps,100,True,True,2025_12_11_00_21,middlebury,5000,215656.95,43.13139,5,0.01640671057541398,0.22927905864845727,0.7707209413515428,0.36770262317897073,0.35509226882697453,0.6449077311730255,0.02507401955997992,0.06587972637872966,0.9341202736212704,0.4707968235015869,0.0374895259737968,0.0017147951293736,-4.093522055289,-1.212386505887496,1.2123865058874963,-0.5420852941243304,-0.5967295862251187,0.5967295862251186,-3.660529317834894,-2.651774450579656,2.6517744505796563,37.7005,5.430890000000005,spair,-1.2443383962850911,0.6985797571159192,0.6706896869659359,0.905212523893465,0.7653155225893342,-0.7485069612280761,14.008845985733737,5.430890000000005,middlebury
snapshots/pointodyssey_steps100_pretrainedTrue_freezeTrue_2025_12_12_23_45,pointodyssey_steps100_pretrainedTrue_freezeTrue_2025_12_12_23_45,pointodyssey,steps,100,True,True,2025_12_12_23_45,middlebury,5000,207452.45,41.49049,5,0.01640671057541398,0.22927905864845727,0.7707209413515428,0.36770262317897073,0.35509226882697453,0.6449077311730255,0.02507401955997992,0.06587972637872966,0.9341202736212704,0.4707968235015869,0.0374895259737968,0.0017147951293736,-4.093522055289,-1.212386505887496,1.2123865058874963,-0.5420852941243304,-0.5967295862251187,0.5967295862251186,-3.660529317834894,-2.651774450579656,2.6517744505796563,37.7005,3.789990000000003,spair,-1.2443383962850911,0.6985797571159192,0.6706896869659359,0.905212523893465,0.7653155225893342,-0.7485069612280761,14.008845985733737,3.789990000000003,middlebury
snapshots/sintel_logsteps100_pretrainedTrue_freezeTrue_2025_12_10_01_43,sintel_logsteps100_pretrainedTrue_freezeTrue_2025_12_10_01_43,sintel,logsteps,100,True,True,2025_12_10_01_43,middlebury,5000,208266.05,41.653209999999994,5,0.11984491270223879,0.16684411733910104,0.8331558826608989,0.33184669997834976,0.38874618593677057,0.6112538140632294,0.05747486940355197,0.07918546754916396,0.920814532450836,0.0531929060816764,0.0288142971694469,0.0002511442289687,-1.9938996147377608,-1.6081608113128076,1.6081608113128072,-0.6998445230326505,-0.45258562819566817,0.45258562819566805,-2.797214784313341,-2.4534658482584306,2.45346584825843,37.7005,3.952709999999996,spair,0.0563057174038132,0.3712433940087788,0.35001031624048135,1.241921707650758,-1.4554573388578909,-0.9717007770818097,19.587050742751345,3.952709999999996,middlebury
snapshots/sintel_steps100_pretrainedTrue_freezeTrue_2025_12_10_12_22,sintel_steps100_pretrainedTrue_freezeTrue_2025_12_10_12_22,sintel,steps,100,True,True,2025_12_10_12_22,middlebury,5000,208724.15,41.74483,5,0.11984491270223879,0.16684411733910104,0.8331558826608989,0.33184669997834976,0.38874618593677057,0.6112538140632294,0.05747486940355197,0.07918546754916396,0.920814532450836,0.0531929060816764,0.0288142971694469,0.0002511442289687,-1.9938996147377608,-1.6081608113128076,1.6081608113128072,-0.6998445230326505,-0.45258562819566817,0.45258562819566805,-2.797214784313341,-2.4534658482584306,2.45346584825843,37.7005,4.044330000000002,spair,0.0563057174038132,0.3712433940087788,0.35001031624048135,1.241921707650758,-1.4554573388578909,-0.9717007770818097,19.587050742751345,4.044330000000002,middlebury
snapshots/sintel_steps100_pretrainedTrue_freezeTrue_2025_12_12_11_44,sintel_steps100_pretrainedTrue_freezeTrue_2025_12_12_11_44,sintel,steps,100,True,True,2025_12_12_11_44,middlebury,5000,208663.3,41.732659999999996,5,0.11984491270223879,0.16684411733910104,0.8331558826608989,0.33184669997834976,0.38874618593677057,0.6112538140632294,0.05747486940355197,0.07918546754916396,0.920814532450836,0.0531929060816764,0.0288142971694469,0.0002511442289687,-1.9938996147377608,-1.6081608113128076,1.6081608113128072,-0.6998445230326505,-0.45258562819566817,0.45258562819566805,-2.797214784313341,-2.4534658482584306,2.45346584825843,37.7005,4.0321599999999975,spair,0.0563057174038132,0.3712433940087788,0.35001031624048135,1.241921707650758,-1.4554573388578909,-0.9717007770818097,19.587050742751345,4.0321599999999975,middlebury
snapshots/spair_logsteps100_pretrainedTrue_freezeTrue_2025_12_10_06_26,spair_logsteps100_pretrainedTrue_freezeTrue_2025_12_10_06_26,spair,logsteps,100,True,True,2025_12_10_06_26,middlebury,5000,194166.05,38.83321,5,0.04675323249926931,0.009866631584044017,0.990133368415956,0.41510762158036985,0.3930738229145934,0.6069261770854066,0.0,0.05722758942651468,0.9427724105734854,0.3155189752578735,0.0458586290478706,0.0008302803034894,-3.0149904099882745,-4.608681132642611,4.608681132642614,-0.34289004607407897,-0.43440972556903107,0.4344097255690311,-13.815509557963773,-2.801788792615161,2.8017887926151617,37.7005,1.132710000000003,spair,-0.5762250208539791,-2.110422029818282,1.0755966279942624,1.284379216249326,-0.06043542700441189,-0.5331890609740644,5.180649119176222,1.132710000000003,middlebury
snapshots/spair_steps100_pretrainedTrue_freezeTrue_2025_12_10_19_45,spair_steps100_pretrainedTrue_freezeTrue_2025_12_10_19_45,spair,steps,100,True,True,2025_12_10_19_45,middlebury,5000,189102.34999999998,37.82046999999999,5,0.04675323249926931,0.009866631584044017,0.990133368415956,0.41510762158036985,0.3930738229145934,0.6069261770854066,0.0,0.05722758942651468,0.9427724105734854,0.3155189752578735,0.0458586290478706,0.0008302803034894,-3.0149904099882745,-4.608681132642611,4.608681132642614,-0.34289004607407897,-0.43440972556903107,0.4344097255690311,-13.815509557963773,-2.801788792615161,2.8017887926151617,37.7005,0.11996999999999503,spair,-0.5762250208539791,-2.110422029818282,1.0755966279942624,1.284379216249326,-0.06043542700441189,-0.5331890609740644,5.180649119176222,0.11996999999999503,middlebury
snapshots/spair_steps100_pretrainedTrue_freezeTrue_2025_12_12_11_46,spair_steps100_pretrainedTrue_freezeTrue_2025_12_12_11_46,spair,steps,100,True,True,2025_12_12_11_46,middlebury,5000,182239.1,36.44782,5,0.04675323249926931,0.009866631584044017,0.990133368415956,0.41510762158036985,0.3930738229145934,0.6069261770854066,0.0,0.05722758942651468,0.9427724105734854,0.3155189752578735,0.0458586290478706,0.0008302803034894,-3.0149904099882745,-4.608681132642611,4.608681132642614,-0.34289004607407897,-0.43440972556903107,0.4344097255690311,-13.815509557963773,-2.801788792615161,2.8017887926151617,37.7005,-1.252679999999998,spair,-0.5762250208539791,-2.110422029818282,1.0755966279942624,1.284379216249326,-0.06043542700441189,-0.5331890609740644,5.180649119176222,-1.252679999999998,middlebury
snapshots/spair_synthetic_70_30_steps100_pretrainedTrue_freezeTrue_2025_12_16_15_25,spair_synthetic_70_30_steps100_pretrainedTrue_freezeTrue_2025_12_16_15_25,spair_synthetic_70_30,steps,100,True,True,2025_12_16_15_25,middlebury,5000,210866.35,42.17327,5,0.19464777250897308,0.03047827236415319,0.9695217276358468,0.21573767187304554,0.4317521702636955,0.5682478297363045,0.08561928178789488,0.08474796523960372,0.9152520347603963,0.1392526775598526,0.0279408656060695,0.0001889389241114,-1.4200881009795738,-3.459788837362401,3.4597888373623995,-1.290680379052391,-0.27470589983790017,0.27470589983790017,-2.3683365131254273,-2.3795177381721913,2.3795177381721913,37.7005,4.472770000000004,spair,0.4117622763175977,-1.1601980754493952,-0.8509899157050814,1.6574350525117056,-0.9978007006206857,-0.9941721755790512,15.703040890572163,4.472770000000004,middlebury
snapshots/spair_synthetic_steps100_pretrainedTrue_freezeTrue_2025_12_16_15_25,spair_synthetic_steps100_pretrainedTrue_freezeTrue_2025_12_16_15_25,spair_synthetic_50_50,steps,100,True,True,2025_12_16_15_25,middlebury,5000,213720.85,42.744170000000004,5,0.31186486603666663,0.03925895291638824,0.9607410470836117,0.2566748316278735,0.4255898253393061,0.5744101746606939,0.07149808201702862,0.07755796802472294,0.9224420319752771,0.1173606067895889,0.0342331901192665,0.0002162081364076,-0.7914152619828507,-3.1975253927289677,3.1975253927289673,-1.0633235542621695,-0.29986770000881124,0.2998677000088112,-2.5639018220661445,-2.475998904694785,2.475998904694785,37.7005,5.043670000000006,spair,0.8012035452261662,-0.9432856560087155,-0.38883854739283114,1.5986590253147794,-1.1142203859240634,-0.8322850426441559,16.214181848870922,5.043670000000006,middlebury
snapshots/synthetic_large_zoom_steps100_pretrainedTrue_freezeTrue_2025_12_11_10_14,synthetic_large_zoom_steps100_pretrainedTrue_freezeTrue_2025_12_11_10_14,synthetic_large_zoom,steps,100,True,True,2025_12_11_10_14,middlebury,5000,210028.75,42.00575,5,0.25760874781331744,0.09417153482828793,0.9058284651717121,0.16702781484821438,0.34864473684073227,0.6513552631592677,0.057003318326666635,0.06769816041015364,0.9323018395898464,0.0461737550795078,0.0650183260440826,0.0003553308197297,-1.058434445692617,-2.263731998203673,2.2637319982036734,-1.6068398959098382,-0.6250017547682749,0.6250017547682749,-2.8059532813257007,-2.6225976175966523,2.6225976175966523,37.7005,4.305250000000001,spair,0.6357943160111539,-0.17096534752152262,-1.4936517467516126,0.8391709157445493,-1.492784431362969,-0.04025383360096587,8.474605272263146,4.305250000000001,middlebury
snapshots/synthetic_large_zoom_steps100_pretrainedTrue_freezeTrue_2025_12_13_11_43,synthetic_large_zoom_steps100_pretrainedTrue_freezeTrue_2025_12_13_11_43,synthetic_large_zoom,steps,100,True,True,2025_12_13_11_43,middlebury,5000,105260.95,21.05219,3,0.25760874781331744,0.09417153482828793,0.9058284651717121,0.16702781484821438,0.34864473684073227,0.6513552631592677,0.057003318326666635,0.06769816041015364,0.9323018395898464,0.0461737550795078,0.0650183260440826,0.0003553308197297,-1.058434445692617,-2.263731998203673,2.2637319982036734,-1.6068398959098382,-0.6250017547682749,0.6250017547682749,-2.8059532813257007,-2.6225976175966523,2.6225976175966523,37.7005,-16.64831,spair,0.6357943160111539,-0.17096534752152262,-1.4936517467516126,0.8391709157445493,-1.492784431362969,-0.04025383360096587,8.474605272263146,-16.64831,middlebury
snapshots/synthetic_logsteps100_pretrainedTrue_freezeTrue_2025_12_10_12_06,synthetic_logsteps100_pretrainedTrue_freezeTrue_2025_12_10_12_06,synthetic,logsteps,100,True,True,2025_12_10_12_06,middlebury,5000,209473.65000000002,41.89473,5,0.3623232658377352,0.03741508057885187,0.9625849194211481,0.20130866036082515,0.3462849219668558,0.6537150780331442,0.0554576193513201,0.06838311963409219,0.9316168803659078,0.1159882694482803,0.0616263709962368,0.0003763309214264,-0.5652946557792432,-3.24754844305911,3.247548443059109,-1.3781352089131305,-0.6354096859480465,0.6354096859480466,-2.835081443165242,-2.6117956524074986,2.611795652407499,37.7005,4.194230000000005,spair,0.9412775079359926,-0.984658638393203,-1.028760560254451,0.8148587901442035,-1.1215183287766068,-0.12752108699645362,4.877938146368994,4.194230000000005,middlebury
snapshots/synthetic_random_flipping_steps100_pretrainedTrue_freezeTrue_2025_12_13_11_45,synthetic_random_flipping_steps100_pretrainedTrue_freezeTrue_2025_12_13_11_45,synthetic_random_flipping,steps,100,True,True,2025_12_13_11_45,middlebury,5000,105898.2,21.17964,3,0.4056276733771084,0.02481031586604296,0.975189684133957,0.20500753794824356,0.3455851483234298,0.6544148516765702,0.05479334529414982,0.06928737405208367,0.9307126259479164,0.1260363757610321,0.0669085681438446,0.0003800657577812,-0.382070257297353,-3.6713724708825444,3.6713724708825435,-1.355285883971849,-0.6385024177304687,0.6385024177304687,-2.8478348354728316,-2.59768786019056,2.597687860190561,37.7005,-16.52086,spair,1.0547787407133935,-1.3351943198747374,-0.9823144208154088,0.8076344069076419,-1.068083576664696,0.008377776774741191,2.667842777374143,-16.52086,middlebury
snapshots/synthetic_small_zoom_steps100_pretrainedTrue_freezeTrue_2025_12_11_07_40,synthetic_small_zoom_steps100_pretrainedTrue_freezeTrue_2025_12_11_07_40,synthetic_small_zoom,steps,100,True,True,2025_12_11_07_40,middlebury,5000,211763.95,42.35279,5,0.20080142019282626,0.1380347683928066,0.8619652316071934,0.18052723142310426,0.34615402132386314,0.6538459786761368,0.05419014463703219,0.06767328333392851,0.9323267166660715,0.0445285886526107,0.0643457248806953,0.0003841306897811,-1.3812929898487134,-1.8317093369879776,1.8317093369879776,-1.5127795353137263,-0.6359879927662881,0.635987992766288,-2.8595424916428906,-2.6229918387652704,2.6229918387652704,37.7005,4.652290000000001,spair,0.4357945175233133,0.18635124621298757,-1.3024539483413562,0.8135079099589123,-1.5015332500426164,-0.05755832476652439,9.966388853394733,4.652290000000001,middlebury
snapshots/synthetic_small_zoom_steps100_pretrainedTrue_freezeTrue_2025_12_13_11_36,synthetic_small_zoom_steps100_pretrainedTrue_freezeTrue_2025_12_13_11_36,synthetic_small_zoom,steps,100,True,True,2025_12_13_11_36,middlebury,5000,106335.59999999999,21.26712,3,0.20080142019282626,0.1380347683928066,0.8619652316071934,0.18052723142310426,0.34615402132386314,0.6538459786761368,0.05419014463703219,0.06767328333392851,0.9323267166660715,0.0445285886526107,0.0643457248806953,0.0003841306897811,-1.3812929898487134,-1.8317093369879776,1.8317093369879776,-1.5127795353137263,-0.6359879927662881,0.635987992766288,-2.8595424916428906,-2.6229918387652704,2.6229918387652704,37.7005,-16.43338,spair,0.4357945175233133,0.18635124621298757,-1.3024539483413562,0.8135079099589123,-1.5015332500426164,-0.05755832476652439,9.966388853394733,-16.43338,middlebury
snapshots/synthetic_steps100_pretrainedTrue_freezeTrue_2025_12_11_05_11,synthetic_steps100_pretrainedTrue_freezeTrue_2025_12_11_05_11,synthetic,steps,100,True,True,2025_12_11_05_11,middlebury,5000,106042.29999999999,21.20846,3,0.3623232658377352,0.03741508057885187,0.9625849194211481,0.20130866036082515,0.3462849219668558,0.6537150780331442,0.0554576193513201,0.06838311963409219,0.9316168803659078,0.1159882694482803,0.0616263709962368,0.0003763309214264,-0.5652946557792432,-3.24754844305911,3.247548443059109,-1.3781352089131305,-0.6354096859480465,0.6354096859480466,-2.835081443165242,-2.6117956524074986,2.611795652407499,37.7005,-16.49204,spair,0.9412775079359926,-0.984658638393203,-1.028760560254451,0.8148587901442035,-1.1215183287766068,-0.12752108699645362,4.877938146368994,-16.49204,middlebury
snapshots/synthetic_steps100_pretrainedTrue_freezeTrue_2025_12_12_23_46,synthetic_steps100_pretrainedTrue_freezeTrue_2025_12_12_23_46,synthetic,steps,100,True,True,2025_12_12_23_46,middlebury,5000,106942.95,21.38859,3,0.3623232658377352,0.03741508057885187,0.9625849194211481,0.20130866036082515,0.3462849219668558,0.6537150780331442,0.0554576193513201,0.06838311963409219,0.9316168803659078,0.1159882694482803,0.0616263709962368,0.0003763309214264,-0.5652946557792432,-3.24754844305911,3.247548443059109,-1.3781352089131305,-0.6354096859480465,0.6354096859480466,-2.835081443165242,-2.6117956524074986,2.611795652407499,37.7005,-16.311909999999997,spair,0.9412775079359926,-0.984658638393203,-1.028760560254451,0.8148587901442035,-1.1215183287766068,-0.12752108699645362,4.877938146368994,-16.311909999999997,middlebury
snapshots/flyingthings_logsteps100_pretrainedTrue_freezeTrue_2025_12_10_01_43,flyingthings_logsteps100_pretrainedTrue_freezeTrue_2025_12_10_01_43,flyingthings,logsteps,100,True,True,2025_12_10_01_43,pfpascal,5000,187974.85,37.59497,5,0.24264278032587078,0.16238122991347065,0.8376187700865294,0.359136189177216,0.2024012012866136,0.7975987987133863,0.09026680299790843,0.06082428466367857,0.9391757153363214,0.203537255525589,0.0530802756547927,0.0001394387218169,-1.1382447087775276,-1.6406162269758933,1.6406162269758937,-0.5791152971418884,-1.3713538399136087,1.3713538399136085,-2.310381603729249,-2.7370134639490327,2.7370134639490318,27.819223333333337,9.775746666666667,spair,0.5505330962631386,0.4351227535714561,0.6544141070915502,-1.336926022568387,-0.5358460136996969,-0.27857817984322325,-13.194389470773922,9.775746666666667,pfpascal
snapshots/flyingthings_steps100_pretrainedTrue_freezeTrue_2025_12_10_17_12,flyingthings_steps100_pretrainedTrue_freezeTrue_2025_12_10_17_12,flyingthings,steps,100,True,True,2025_12_10_17_12,pfpascal,5000,189577.44999999998,37.91549,5,0.24264278032587078,0.16238122991347065,0.8376187700865294,0.359136189177216,0.2024012012866136,0.7975987987133863,0.09026680299790843,0.06082428466367857,0.9391757153363214,0.203537255525589,0.0530802756547927,0.0001394387218169,-1.1382447087775276,-1.6406162269758933,1.6406162269758937,-0.5791152971418884,-1.3713538399136087,1.3713538399136085,-2.310381603729249,-2.7370134639490327,2.7370134639490318,27.819223333333337,10.096266666666661,spair,0.5505330962631386,0.4351227535714561,0.6544141070915502,-1.336926022568387,-0.5358460136996969,-0.27857817984322325,-13.194389470773922,10.096266666666661,pfpascal
snapshots/flyingthings_steps100_pretrainedTrue_freezeTrue_2025_12_12_11_45,flyingthings_steps100_pretrainedTrue_freezeTrue_2025_12_12_11_45,flyingthings,steps,100,True,True,2025_12_12_11_45,pfpascal,5000,186270.9,37.25418,5,0.24264278032587078,0.16238122991347065,0.8376187700865294,0.359136189177216,0.2024012012866136,0.7975987987133863,0.09026680299790843,0.06082428466367857,0.9391757153363214,0.203537255525589,0.0530802756547927,0.0001394387218169,-1.1382447087775276,-1.6406162269758933,1.6406162269758937,-0.5791152971418884,-1.3713538399136087,1.3713538399136085,-2.310381603729249,-2.7370134639490327,2.7370134639490318,27.819223333333337,9.434956666666661,spair,0.5505330962631386,0.4351227535714561,0.6544141070915502,-1.336926022568387,-0.5358460136996969,-0.27857817984322325,-13.194389470773922,9.434956666666661,pfpascal
snapshots/pointodyssey_logsteps100_pretrainedTrue_freezeTrue_2025_12_10_06_53,pointodyssey_logsteps100_pretrainedTrue_freezeTrue_2025_12_10_06_53,pointodyssey,logsteps,100,True,True,2025_12_10_06_53,pfpascal,5000,130069.04999999999,26.01381,5,0.0033581181410623964,0.22711475112463822,0.7728852488753618,0.41915466822997605,0.17621831318750086,0.8237816868124992,0.0375784640062466,0.06415250701901505,0.9358474929809849,0.7308903932571411,0.0300277210772037,0.0015947729116305,-5.69301076969875,-1.2246751871903825,1.2246751871903827,-0.32624452263797765,-1.5421819094210212,1.5421819094210214,-3.243021421281919,-2.680189357477865,2.680189357477864,27.819223333333337,-1.8054133333333375,spair,-2.3444418532344327,0.7619734782374112,1.1690299281358711,-1.7691792570744815,2.2047574711572957,-0.8712027944411038,-16.33850710597558,-1.8054133333333375,pfpascal
snapshots/pointodyssey_steps100_pretrainedTrue_freezeTrue_2025_12_11_00_21,pointodyssey_steps100_pretrainedTrue_freezeTrue_2025_12_11_00_21,pointodyssey,steps,100,True,True,2025_12_11_00_21,pfpascal,5000,123183.35,24.636670000000002,5,0.0033581181410623964,0.22711475112463822,0.7728852488753618,0.41915466822997605,0.17621831318750086,0.8237816868124992,0.0375784640062466,0.06415250701901505,0.9358474929809849,0.7308903932571411,0.0300277210772037,0.0015947729116305,-5.69301076969875,-1.2246751871903825,1.2246751871903827,-0.32624452263797765,-1.5421819094210212,1.5421819094210214,-3.243021421281919,-2.680189357477865,2.680189357477864,27.819223333333337,-3.1825533333333347,spair,-2.3444418532344327,0.7619734782374112,1.1690299281358711,-1.7691792570744815,2.2047574711572957,-0.8712027944411038,-16.33850710597558,-3.1825533333333347,pfpascal
snapshots/pointodyssey_steps100_pretrainedTrue_freezeTrue_2025_12_12_23_45,pointodyssey_steps100_pretrainedTrue_freezeTrue_2025_12_12_23_45,pointodyssey,steps,100,True,True,2025_12_12_23_45,pfpascal,5000,88619.75,17.72395,5,0.0033581181410623964,0.22711475112463822,0.7728852488753618,0.41915466822997605,0.17621831318750086,0.8237816868124992,0.0375784640062466,0.06415250701901505,0.9358474929809849,0.7308903932571411,0.0300277210772037,0.0015947729116305,-5.69301076969875,-1.2246751871903825,1.2246751871903827,-0.32624452263797765,-1.5421819094210212,1.5421819094210214,-3.243021421281919,-2.680189357477865,2.680189357477864,27.819223333333337,-10.095273333333338,spair,-2.3444418532344327,0.7619734782374112,1.1690299281358711,-1.7691792570744815,2.2047574711572957,-0.8712027944411038,-16.33850710597558,-10.095273333333338,pfpascal
snapshots/sintel_logsteps100_pretrainedTrue_freezeTrue_2025_12_10_01_43,sintel_logsteps100_pretrainedTrue_freezeTrue_2025_12_10_01_43,sintel,logsteps,100,True,True,2025_12_10_01_43,pfpascal,5000,174982.1,34.99642,5,0.05503091183244263,0.20249251950306188,0.7975074804969381,0.37423417313126783,0.18774258286105036,0.8122574171389496,0.07388402647464164,0.07067094447817787,0.9293290555218221,0.2253512740135193,0.0534295104444026,0.0001226943131769,-2.843257155356888,-1.3707882694098248,1.3707882694098248,-0.5140944897877366,-1.4647455216402838,1.4647455216402836,-2.528502814148069,-2.576428360864391,2.5764283608643908,27.819223333333337,7.177196666666664,spair,-0.53315995304146,0.6471563233078855,0.7867375684609618,-1.5732388054659738,-0.42248065980435445,-0.2696002103127686,-16.148235086585732,7.177196666666664,pfpascal
snapshots/sintel_steps100_pretrainedTrue_freezeTrue_2025_12_10_12_22,sintel_steps100_pretrainedTrue_freezeTrue_2025_12_10_12_22,sintel,steps,100,True,True,2025_12_10_12_22,pfpascal,5000,168097.35,33.61947,5,0.05503091183244263,0.20249251950306188,0.7975074804969381,0.37423417313126783,0.18774258286105036,0.8122574171389496,0.07388402647464164,0.07067094447817787,0.9293290555218221,0.2253512740135193,0.0534295104444026,0.0001226943131769,-2.843257155356888,-1.3707882694098248,1.3707882694098248,-0.5140944897877366,-1.4647455216402838,1.4647455216402836,-2.528502814148069,-2.576428360864391,2.5764283608643908,27.819223333333337,5.800246666666663,spair,-0.53315995304146,0.6471563233078855,0.7867375684609618,-1.5732388054659738,-0.42248065980435445,-0.2696002103127686,-16.148235086585732,5.800246666666663,pfpascal
snapshots/sintel_steps100_pretrainedTrue_freezeTrue_2025_12_12_11_44,sintel_steps100_pretrainedTrue_freezeTrue_2025_12_12_11_44,sintel,steps,100,True,True,2025_12_12_11_44,pfpascal,5000,173178.3,34.635659999999994,5,0.05503091183244263,0.20249251950306188,0.7975074804969381,0.37423417313126783,0.18774258286105036,0.8122574171389496,0.07388402647464164,0.07067094447817787,0.9293290555218221,0.2253512740135193,0.0534295104444026,0.0001226943131769,-2.843257155356888,-1.3707882694098248,1.3707882694098248,-0.5140944897877366,-1.4647455216402838,1.4647455216402836,-2.528502814148069,-2.576428360864391,2.5764283608643908,27.819223333333337,6.816436666666657,spair,-0.53315995304146,0.6471563233078855,0.7867375684609618,-1.5732388054659738,-0.42248065980435445,-0.2696002103127686,-16.148235086585732,6.816436666666657,pfpascal
snapshots/spair_logsteps100_pretrainedTrue_freezeTrue_2025_12_10_06_26,spair_logsteps100_pretrainedTrue_freezeTrue_2025_12_10_06_26,spair,logsteps,100,True,True,2025_12_10_06_26,pfpascal,5000,144541.1,28.90822,5,0.05901589654048942,0.07679011678746606,0.9232098832125339,0.4686413844176667,0.21208215724649174,0.7879178427535083,0.0,0.0918370336004027,0.9081629663995973,0.3852902948856354,0.0381798967719078,0.0006233595777302,-2.7691194056960864,-2.48678065687327,2.48678065687327,-0.12559931500920307,-1.312420090175687,1.312420090175687,-13.815509557963773,-2.291408208508195,2.2914082085081944,27.819223333333337,1.088996666666663,spair,-0.48603855861429285,-0.22980191277339795,1.577361806207029,-1.1878035509555822,0.4087070332323128,-0.6616303601606551,-13.507913092185445,1.088996666666663,pfpascal
snapshots/spair_steps100_pretrainedTrue_freezeTrue_2025_12_10_19_45,spair_steps100_pretrainedTrue_freezeTrue_2025_12_10_19_45,spair,steps,100,True,True,2025_12_10_19_45,pfpascal,5000,134819.8,26.963959999999997,5,0.05901589654048942,0.07679011678746606,0.9232098832125339,0.4686413844176667,0.21208215724649174,0.7879178427535083,0.0,0.0918370336004027,0.9081629663995973,0.3852902948856354,0.0381798967719078,0.0006233595777302,-2.7691194056960864,-2.48678065687327,2.48678065687327,-0.12559931500920307,-1.312420090175687,1.312420090175687,-13.815509557963773,-2.291408208508195,2.2914082085081944,27.819223333333337,-0.8552633333333404,spair,-0.48603855861429285,-0.22980191277339795,1.577361806207029,-1.1878035509555822,0.4087070332323128,-0.6616303601606551,-13.507913092185445,-0.8552633333333404,pfpascal
snapshots/spair_steps100_pretrainedTrue_freezeTrue_2025_12_12_11_46,spair_steps100_pretrainedTrue_freezeTrue_2025_12_12_11_46,spair,steps,100,True,True,2025_12_12_11_46,pfpascal,5000,137927.45,27.585490000000004,5,0.05901589654048942,0.07679011678746606,0.9232098832125339,0.4686413844176667,0.21208215724649174,0.7879178427535083,0.0,0.0918370336004027,0.9081629663995973,0.3852902948856354,0.0381798967719078,0.0006233595777302,-2.7691194056960864,-2.48678065687327,2.48678065687327,-0.12559931500920307,-1.312420090175687,1.312420090175687,-13.815509557963773,-2.291408208508195,2.2914082085081944,27.819223333333337,-0.23373333333333335,spair,-0.48603855861429285,-0.22980191277339795,1.577361806207029,-1.1878035509555822,0.4087070332323128,-0.6616303601606551,-13.507913092185445,-0.23373333333333335,pfpascal
snapshots/spair_synthetic_70_30_steps100_pretrainedTrue_freezeTrue_2025_12_16_15_25,spair_synthetic_70_30_steps100_pretrainedTrue_freezeTrue_2025_12_16_15_25,spair_synthetic_70_30,steps,100,True,True,2025_12_16_15_25,pfpascal,5000,198944.44999999998,39.788889999999995,5,0.16158741967892126,0.13198208059210187,0.8680179194078981,0.2797860057141694,0.25818411350221293,0.7418158864977871,0.1127285161777195,0.0799186259436293,0.9200813740563707,0.2753211259841919,0.0369174256920814,5.444293492473662e-05,-1.646464024073045,-1.8835461986454523,1.8835461986454518,-0.9455233364734663,-1.0554281323302555,1.0554281323302555,-2.0631685888293014,-2.443453174897915,2.443453174897915,27.819223333333337,11.969666666666658,spair,0.22751273320770718,0.244225896352893,-0.09126073163894817,-0.5375263140760682,-0.16279215005602288,-0.6940853939229626,-5.1792286962713225,11.969666666666658,pfpascal
snapshots/spair_synthetic_steps100_pretrainedTrue_freezeTrue_2025_12_16_15_25,spair_synthetic_steps100_pretrainedTrue_freezeTrue_2025_12_16_15_25,spair_synthetic_50_50,steps,100,True,True,2025_12_16_15_25,pfpascal,5000,197630.2,39.52604,5,0.254803049753259,0.1307937411820289,0.8692062588179711,0.3223116150894453,0.2455761239067268,0.7544238760932732,0.10421209222623948,0.07927549247039814,0.9207245075296019,0.2820472717285156,0.0515388920903205,9.251516894437371e-05,-1.0731576533584979,-1.893958861433358,1.893958861433358,-0.743168746708722,-1.1223474037508632,1.1223474037508636,-2.1512755040580966,-2.452231835722612,2.4522318357226123,27.819223333333337,11.706816666666665,spair,0.5919019377040405,0.23604351939945686,0.32054989993034044,-0.7068548770327187,-0.12783701819534307,-0.3182033692237914,-6.582835197127634,11.706816666666665,pfpascal
snapshots/synthetic_large_zoom_steps100_pretrainedTrue_freezeTrue_2025_12_11_10_14,synthetic_large_zoom_steps100_pretrainedTrue_freezeTrue_2025_12_11_10_14,synthetic_large_zoom,steps,100,True,True,2025_12_11_10_14,pfpascal,5000,131633.74999999997,26.326749999999993,5,0.14224646281896092,0.1890219782953273,0.8109780217046727,0.1997424989996467,0.15839635146503325,0.8416036485349667,0.082989465764834,0.06842801680872064,0.9315719831912793,0.1723730862140655,0.1000214964151382,0.0002534402883611,-1.7967555987705237,-1.456377657931682,1.456377657931682,-1.3879045201277234,-1.6702087317757626,1.6702087317757623,-2.4024052786602508,-2.6110911204661686,2.611091120466168,27.819223333333337,-1.4924733333333435,spair,0.1319885420527075,0.5798993061197981,-0.9915480680755805,-2.0931307495074796,-0.6978032012215651,0.9281654271710774,-25.655188862165506,-1.4924733333333435,pfpascal
snapshots/synthetic_large_zoom_steps100_pretrainedTrue_freezeTrue_2025_12_13_11_43,synthetic_large_zoom_steps100_pretrainedTrue_freezeTrue_2025_12_13_11_43,synthetic_large_zoom,steps,100,True,True,2025_12_13_11_43,pfpascal,5000,94660.65000000001,18.93213,3,0.14224646281896092,0.1890219782953273,0.8109780217046727,0.1997424989996467,0.15839635146503325,0.8416036485349667,0.082989465764834,0.06842801680872064,0.9315719831912793,0.1723730862140655,0.1000214964151382,0.0002534402883611,-1.7967555987705237,-1.456377657931682,1.456377657931682,-1.3879045201277234,-1.6702087317757626,1.6702087317757623,-2.4024052786602508,-2.6110911204661686,2.611091120466168,27.819223333333337,-8.887093333333336,spair,0.1319885420527075,0.5798993061197981,-0.9915480680755805,-2.0931307495074796,-0.6978032012215651,0.9281654271710774,-25.655188862165506,-8.887093333333336,pfpascal
snapshots/synthetic_logsteps100_pretrainedTrue_freezeTrue_2025_12_10_12_06,synthetic_logsteps100_pretrainedTrue_freezeTrue_2025_12_10_12_06,synthetic,logsteps,100,True,True,2025_12_10_12_06,pfpascal,5000,138489.5,27.6979,5,0.3084570447393952,0.13636063886612623,0.8636393611338737,0.23735163439225532,0.15535490073168357,0.8446450992683164,0.08254600673416804,0.06953972740593399,0.930460272594066,0.210835576057434,0.0921831429004669,0.0002734811569098,-0.807342673578733,-1.845852143168906,1.8458521431689057,-1.1672543364257024,-1.6932043565347479,1.6932043565347479,-2.408246639800625,-2.593781173872857,2.593781173872858,27.819223333333337,-0.12132333333333634,spair,0.7608519336799002,0.27384627080418816,-0.5425041812438118,-2.1513175171167016,-0.497917344555493,0.7266605911200679,-25.98608061975287,-0.12132333333333634,pfpascal
snapshots/synthetic_random_flipping_steps100_pretrainedTrue_freezeTrue_2025_12_13_11_45,synthetic_random_flipping_steps100_pretrainedTrue_freezeTrue_2025_12_13_11_45,synthetic_random_flipping,steps,100,True,True,2025_12_13_11_45,pfpascal,5000,68606.79999999999,13.721359999999997,3,0.3340367906415601,0.0914475567179684,0.9085524432820316,0.2388604088579183,0.15362945263133676,0.8463705473686632,0.07905313201491904,0.07073934674722475,0.9292606532527753,0.2533465027809143,0.1000061184167862,0.0002731423010118,-0.6899832892791004,-2.296086953957191,2.296086953957191,-1.1589374542946957,-1.7064137117322562,1.7064137117322562,-2.455282161554346,-2.575387324292922,2.575387324292923,27.819223333333337,-14.09786333333334,spair,0.835444673041618,-0.0799528499843646,-0.5255785434955451,-2.1847416875491557,-0.2769921511944984,0.9277700965661341,-28.000080739068505,-14.09786333333334,pfpascal
snapshots/synthetic_small_zoom_steps100_pretrainedTrue_freezeTrue_2025_12_11_07_40,synthetic_small_zoom_steps100_pretrainedTrue_freezeTrue_2025_12_11_07_40,synthetic_small_zoom,steps,100,True,True,2025_12_11_07_40,pfpascal,5000,142769.0,28.5538,5,0.08598066404529359,0.2055213653880527,0.7944786346119472,0.21322635876619334,0.14974398795440622,0.8502560120455938,0.07711840861593391,0.06885112364714677,0.9311488763528533,0.1910277009010315,0.0960041508078575,0.0002828914730343,-2.3637292922505555,-1.3521360976431824,1.3521360976431822,-1.3055862660883102,-1.7366104058037888,1.7366104058037886,-2.482158924659708,-2.604472629384755,2.6044726293847553,27.819223333333337,0.734576666666662,spair,-0.22837566056384379,0.6618133907174027,-0.8240226750263633,-2.2611496146623553,-0.600856964702179,0.8248893288884283,-27.300674563874885,0.734576666666662,pfpascal
snapshots/synthetic_small_zoom_steps100_pretrainedTrue_freezeTrue_2025_12_13_11_36,synthetic_small_zoom_steps100_pretrainedTrue_freezeTrue_2025_12_13_11_36,synthetic_small_zoom,steps,100,True,True,2025_12_13_11_36,pfpascal,5000,86540.70000000001,17.30814,3,0.08598066404529359,0.2055213653880527,0.7944786346119472,0.21322635876619334,0.14974398795440622,0.8502560120455938,0.07711840861593391,0.06885112364714677,0.9311488763528533,0.1910277009010315,0.0960041508078575,0.0002828914730343,-2.3637292922505555,-1.3521360976431824,1.3521360976431822,-1.3055862660883102,-1.7366104058037888,1.7366104058037886,-2.482158924659708,-2.604472629384755,2.6044726293847553,27.819223333333337,-10.511083333333335,spair,-0.22837566056384379,0.6618133907174027,-0.8240226750263633,-2.2611496146623553,-0.600856964702179,0.8248893288884283,-27.300674563874885,-10.511083333333335,pfpascal
snapshots/synthetic_steps100_pretrainedTrue_freezeTrue_2025_12_11_05_11,synthetic_steps100_pretrainedTrue_freezeTrue_2025_12_11_05_11,synthetic,steps,100,True,True,2025_12_11_05_11,pfpascal,5000,69886.25,13.97725,3,0.3084570447393952,0.13636063886612623,0.8636393611338737,0.23735163439225532,0.15535490073168357,0.8446450992683164,0.08254600673416804,0.06953972740593399,0.930460272594066,0.210835576057434,0.0921831429004669,0.0002734811569098,-0.807342673578733,-1.845852143168906,1.8458521431689057,-1.1672543364257024,-1.6932043565347479,1.6932043565347479,-2.408246639800625,-2.593781173872857,2.593781173872858,27.819223333333337,-13.841973333333337,spair,0.7608519336799002,0.27384627080418816,-0.5425041812438118,-2.1513175171167016,-0.497917344555493,0.7266605911200679,-25.98608061975287,-13.841973333333337,pfpascal
snapshots/synthetic_steps100_pretrainedTrue_freezeTrue_2025_12_12_23_46,synthetic_steps100_pretrainedTrue_freezeTrue_2025_12_12_23_46,synthetic,steps,100,True,True,2025_12_12_23_46,pfpascal,5000,95721.05,19.14421,3,0.3084570447393952,0.13636063886612623,0.8636393611338737,0.23735163439225532,0.15535490073168357,0.8446450992683164,0.08254600673416804,0.06953972740593399,0.930460272594066,0.210835576057434,0.0921831429004669,0.0002734811569098,-0.807342673578733,-1.845852143168906,1.8458521431689057,-1.1672543364257024,-1.6932043565347479,1.6932043565347479,-2.408246639800625,-2.593781173872857,2.593781173872858,27.819223333333337,-8.675013333333336,spair,0.7608519336799002,0.27384627080418816,-0.5425041812438118,-2.1513175171167016,-0.497917344555493,0.7266605911200679,-25.98608061975287,-8.675013333333336,pfpascal
snapshots/flyingthings_logsteps100_pretrainedTrue_freezeTrue_2025_12_10_01_43,flyingthings_logsteps100_pretrainedTrue_freezeTrue_2025_12_10_01_43,flyingthings,logsteps,100,True,True,2025_12_10_01_43,pfwillow,5000,206177.84999999998,41.235569999999996,5,0.18920094189643627,0.09290600954962061,0.9070939904503794,0.3231465107329058,0.36291376886619464,0.6370862311338054,0.06958807652430113,0.0,1.0,0.3096532523632049,0.1238195747137069,0.0002291563287144,-1.4552106179730495,-2.278657740487488,2.2786577404874886,-0.7393490237936415,-0.5627397623948225,0.5627397623948226,-2.593034178193553,-13.815509557963773,13.815509557935018,32.30222,8.933349999999997,spair,0.3333282105678033,-0.11315069447526613,0.2808210674183319,0.8869961092292511,0.08133560148863148,2.361590166127653,-4.923024922787336,8.933349999999997,pfwillow
snapshots/flyingthings_steps100_pretrainedTrue_freezeTrue_2025_12_10_17_12,flyingthings_steps100_pretrainedTrue_freezeTrue_2025_12_10_17_12,flyingthings,steps,100,True,True,2025_12_10_17_12,pfwillow,5000,211055.55,42.21111,5,0.18920094189643627,0.09290600954962061,0.9070939904503794,0.3231465107329058,0.36291376886619464,0.6370862311338054,0.06958807652430113,0.0,1.0,0.3096532523632049,0.1238195747137069,0.0002291563287144,-1.4552106179730495,-2.278657740487488,2.2786577404874886,-0.7393490237936415,-0.5627397623948225,0.5627397623948226,-2.593034178193553,-13.815509557963773,13.815509557935018,32.30222,9.90889,spair,0.3333282105678033,-0.11315069447526613,0.2808210674183319,0.8869961092292511,0.08133560148863148,2.361590166127653,-4.923024922787336,9.90889,pfwillow
snapshots/flyingthings_steps100_pretrainedTrue_freezeTrue_2025_12_12_11_45,flyingthings_steps100_pretrainedTrue_freezeTrue_2025_12_12_11_45,flyingthings,steps,100,True,True,2025_12_12_11_45,pfwillow,5000,208005.65,41.60113,5,0.18920094189643627,0.09290600954962061,0.9070939904503794,0.3231465107329058,0.36291376886619464,0.6370862311338054,0.06958807652430113,0.0,1.0,0.3096532523632049,0.1238195747137069,0.0002291563287144,-1.4552106179730495,-2.278657740487488,2.2786577404874886,-0.7393490237936415,-0.5627397623948225,0.5627397623948226,-2.593034178193553,-13.815509557963773,13.815509557935018,32.30222,9.29891,spair,0.3333282105678033,-0.11315069447526613,0.2808210674183319,0.8869961092292511,0.08133560148863148,2.361590166127653,-4.923024922787336,9.29891,pfwillow
snapshots/pointodyssey_logsteps100_pretrainedTrue_freezeTrue_2025_12_10_06_53,pointodyssey_logsteps100_pretrainedTrue_freezeTrue_2025_12_10_06_53,pointodyssey,logsteps,100,True,True,2025_12_10_06_53,pfwillow,5000,143572.15,28.71443,5,0.003258420112872361,0.15724606437926597,0.8427539356207341,0.38011184849167895,0.3265369296798365,0.6734630703201635,0.023703992896532706,0.0,1.0,0.6815898418426514,0.1024791523814201,0.0016700546257197,-5.723249088703045,-1.6788631566049002,1.6788631566049006,-0.48907351342446853,-0.7238901117916602,0.7238901117916602,-3.718122315800429,-13.815509557963773,13.815509557935018,32.30222,-3.5877899999999983,spair,-2.3850601743022173,0.3514363647617466,0.7885495942768451,0.527293227217873,1.9926124745115146,1.6342841940750628,-4.203910199091195,-3.5877899999999983,pfwillow
snapshots/pointodyssey_steps100_pretrainedTrue_freezeTrue_2025_12_11_00_21,pointodyssey_steps100_pretrainedTrue_freezeTrue_2025_12_11_00_21,pointodyssey,steps,100,True,True,2025_12_11_00_21,pfwillow,5000,131683.35,26.33667,5,0.003258420112872361,0.15724606437926597,0.8427539356207341,0.38011184849167895,0.3265369296798365,0.6734630703201635,0.023703992896532706,0.0,1.0,0.6815898418426514,0.1024791523814201,0.0016700546257197,-5.723249088703045,-1.6788631566049002,1.6788631566049006,-0.48907351342446853,-0.7238901117916602,0.7238901117916602,-3.718122315800429,-13.815509557963773,13.815509557935018,32.30222,-5.965549999999997,spair,-2.3850601743022173,0.3514363647617466,0.7885495942768451,0.527293227217873,1.9926124745115146,1.6342841940750628,-4.203910199091195,-5.965549999999997,pfwillow
snapshots/pointodyssey_steps100_pretrainedTrue_freezeTrue_2025_12_12_23_45,pointodyssey_steps100_pretrainedTrue_freezeTrue_2025_12_12_23_45,pointodyssey,steps,100,True,True,2025_12_12_23_45,pfwillow,5000,105777.85,21.15557,5,0.003258420112872361,0.15724606437926597,0.8427539356207341,0.38011184849167895,0.3265369296798365,0.6734630703201635,0.023703992896532706,0.0,1.0,0.6815898418426514,0.1024791523814201,0.0016700546257197,-5.723249088703045,-1.6788631566049002,1.6788631566049006,-0.48907351342446853,-0.7238901117916602,0.7238901117916602,-3.718122315800429,-13.815509557963773,13.815509557935018,32.30222,-11.146649999999998,spair,-2.3850601743022173,0.3514363647617466,0.7885495942768451,0.527293227217873,1.9926124745115146,1.6342841940750628,-4.203910199091195,-11.146649999999998,pfwillow
snapshots/sintel_logsteps100_pretrainedTrue_freezeTrue_2025_12_10_01_43,sintel_logsteps100_pretrainedTrue_freezeTrue_2025_12_10_01_43,sintel,logsteps,100,True,True,2025_12_10_01_43,pfwillow,5000,194961.1,38.99222,5,0.03413554403548297,0.11160669244543285,0.8883933075545671,0.333279956984099,0.3485331913668394,0.6514668086331605,0.04622911995589625,0.0,1.0,0.3923173248767853,0.11776864528656,0.0002168267965316,-3.342684321126392,-2.0744335425493237,2.0744335425493237,-0.6933873837485317,-0.6254929828772969,0.6254929828772967,-3.0268135733283135,-13.815509557963773,13.815509557935018,32.30222,6.690000000000005,spair,-0.8688368183060053,0.045036661820872965,0.37406245471061095,0.7469249623311703,0.5061228757017366,2.15536757876234,-4.912311878105978,6.690000000000005,pfwillow
snapshots/sintel_steps100_pretrainedTrue_freezeTrue_2025_12_10_12_22,sintel_steps100_pretrainedTrue_freezeTrue_2025_12_10_12_22,sintel,steps,100,True,True,2025_12_10_12_22,pfwillow,5000,186616.7,37.32334,5,0.03413554403548297,0.11160669244543285,0.8883933075545671,0.333279956984099,0.3485331913668394,0.6514668086331605,0.04622911995589625,0.0,1.0,0.3923173248767853,0.11776864528656,0.0002168267965316,-3.342684321126392,-2.0744335425493237,2.0744335425493237,-0.6933873837485317,-0.6254929828772969,0.6254929828772967,-3.0268135733283135,-13.815509557963773,13.815509557935018,32.30222,5.021120000000003,spair,-0.8688368183060053,0.045036661820872965,0.37406245471061095,0.7469249623311703,0.5061228757017366,2.15536757876234,-4.912311878105978,5.021120000000003,pfwillow
snapshots/sintel_steps100_pretrainedTrue_freezeTrue_2025_12_12_11_44,sintel_steps100_pretrainedTrue_freezeTrue_2025_12_12_11_44,sintel,steps,100,True,True,2025_12_12_11_44,pfwillow,5000,190672.2,38.134440000000005,5,0.03413554403548297,0.11160669244543285,0.8883933075545671,0.333279956984099,0.3485331913668394,0.6514668086331605,0.04622911995589625,0.0,1.0,0.3923173248767853,0.11776864528656,0.0002168267965316,-3.342684321126392,-2.0744335425493237,2.0744335425493237,-0.6933873837485317,-0.6254929828772969,0.6254929828772967,-3.0268135733283135,-13.815509557963773,13.815509557935018,32.30222,5.832220000000007,spair,-0.8688368183060053,0.045036661820872965,0.37406245471061095,0.7469249623311703,0.5061228757017366,2.15536757876234,-4.912311878105978,5.832220000000007,pfwillow
snapshots/spair_logsteps100_pretrainedTrue_freezeTrue_2025_12_10_06_26,spair_logsteps100_pretrainedTrue_freezeTrue_2025_12_10_06_26,spair,logsteps,100,True,True,2025_12_10_06_26,pfwillow,5000,166138.84999999998,33.22776999999999,5,0.08165361186880803,0.08589184066211397,0.914108159337886,0.43619967193500125,0.3718319068954487,0.6281680931045512,0.0,0.0,1.0,0.4819046854972839,0.1109323427081108,0.0007143704569898,-2.4200885941378654,-2.364860062701467,2.364860062701467,-0.2566000588921267,-0.5243659058638189,0.5243659058638188,-13.815509557963773,-13.815509557963773,13.815509557935018,32.30222,0.9255499999999941,spair,-0.2812194560502792,-0.17992102627378306,1.2601634746333705,0.9726502008260516,0.966486968163745,1.9223785772025084,-3.2116701145600537,0.9255499999999941,pfwillow
snapshots/spair_steps100_pretrainedTrue_freezeTrue_2025_12_10_19_45,spair_steps100_pretrainedTrue_freezeTrue_2025_12_10_19_45,spair,steps,100,True,True,2025_12_10_19_45,pfwillow,5000,158016.59999999998,31.603319999999997,5,0.08165361186880803,0.08589184066211397,0.914108159337886,0.43619967193500125,0.3718319068954487,0.6281680931045512,0.0,0.0,1.0,0.4819046854972839,0.1109323427081108,0.0007143704569898,-2.4200885941378654,-2.364860062701467,2.364860062701467,-0.2566000588921267,-0.5243659058638189,0.5243659058638188,-13.815509557963773,-13.815509557963773,13.815509557935018,32.30222,-0.6989000000000019,spair,-0.2812194560502792,-0.17992102627378306,1.2601634746333705,0.9726502008260516,0.966486968163745,1.9223785772025084,-3.2116701145600537,-0.6989000000000019,pfwillow
snapshots/spair_steps100_pretrainedTrue_freezeTrue_2025_12_12_11_46,spair_steps100_pretrainedTrue_freezeTrue_2025_12_12_11_46,spair,steps,100,True,True,2025_12_12_11_46,pfwillow,5000,160377.85,32.07557,5,0.08165361186880803,0.08589184066211397,0.914108159337886,0.43619967193500125,0.3718319068954487,0.6281680931045512,0.0,0.0,1.0,0.4819046854972839,0.1109323427081108,0.0007143704569898,-2.4200885941378654,-2.364860062701467,2.364860062701467,-0.2566000588921267,-0.5243659058638189,0.5243659058638188,-13.815509557963773,-13.815509557963773,13.815509557935018,32.30222,-0.22664999999999935,spair,-0.2812194560502792,-0.17992102627378306,1.2601634746333705,0.9726502008260516,0.966486968163745,1.9223785772025084,-3.2116701145600537,-0.22664999999999935,pfwillow
snapshots/spair_synthetic_70_30_steps100_pretrainedTrue_freezeTrue_2025_12_16_15_25,spair_synthetic_70_30_steps100_pretrainedTrue_freezeTrue_2025_12_16_15_25,spair_synthetic_70_30,steps,100,True,True,2025_12_16_15_25,pfwillow,5000,203761.15,40.75223,5,0.14445048350407144,0.09536045705387067,0.9046395429461294,0.2656473683110775,0.4138924304944335,0.5861075695055664,0.07354904548011752,0.0,1.0,0.3217064440250397,0.1022386401891708,0.0001447728427592,-1.7788071977257383,-2.249872573035976,2.249872573035976,-1.0168195916463527,-0.3478972280999142,0.3478972280999141,-2.5334086388995907,-13.815509557963773,13.815509557935018,32.30222,8.450009999999999,spair,0.1272238865754005,-0.09085436727375056,-0.2820774856787939,1.3665450463165905,0.14327354231241293,1.6260872638058,1.9283220706758755,8.450009999999999,pfwillow
snapshots/spair_synthetic_steps100_pretrainedTrue_freezeTrue_2025_12_16_15_25,spair_synthetic_steps100_pretrainedTrue_freezeTrue_2025_12_16_15_25,spair_synthetic_50_50,steps,100,True,True,2025_12_16_15_25,pfwillow,5000,207055.55,41.41111,5,0.23076256333070255,0.09533068423663729,0.9046693157633627,0.29969491275177895,0.3988699972902844,0.6011300027097156,0.06538501477558563,0.0,1.0,0.3669242858886719,0.1132879182696342,0.0001800755562726,-1.2040103646094695,-2.250217745941559,2.2502177459415593,-0.8487510793092267,-0.410175679337559,0.4101756793375589,-2.6598415636385084,-13.815509557963773,13.815509557935018,32.30222,9.108890000000002,spair,0.49332204747976705,-0.09112173025007995,0.058879478326029265,1.227533629455055,0.3756352347259581,2.002659283312298,-0.9173024650068644,9.108890000000002,pfwillow
snapshots/synthetic_large_zoom_steps100_pretrainedTrue_freezeTrue_2025_12_11_10_14,synthetic_large_zoom_steps100_pretrainedTrue_freezeTrue_2025_12_11_10_14,synthetic_large_zoom,steps,100,True,True,2025_12_11_10_14,pfwillow,5000,122961.0,24.5922,5,0.10392952121893524,0.11747469945382359,0.8825253005461764,0.17429314409320593,0.3042736539386703,0.6957263460613297,0.051829997428434235,0.0,1.0,0.328212559223175,0.1613987684249878,0.000346717715729,-2.1543060804103846,-2.016564470969166,2.0165644709691657,-1.5555011967275334,-0.8270289281528239,0.8270289281528236,-2.9065647311986633,-13.815509557963773,13.815509557935018,32.30222,-7.71002,spair,-0.11193792234967839,0.08986071076804461,-1.3748892329816391,0.2970775954726719,0.17670662704554563,3.6423320176975102,-14.72924170980692,-7.71002,pfwillow
snapshots/synthetic_large_zoom_steps100_pretrainedTrue_freezeTrue_2025_12_13_11_43,synthetic_large_zoom_steps100_pretrainedTrue_freezeTrue_2025_12_13_11_43,synthetic_large_zoom,steps,100,True,True,2025_12_13_11_43,pfwillow,5000,105583.25,21.11665,3,0.10392952121893524,0.11747469945382359,0.8825253005461764,0.17429314409320593,0.3042736539386703,0.6957263460613297,0.051829997428434235,0.0,1.0,0.328212559223175,0.1613987684249878,0.000346717715729,-2.1543060804103846,-2.016564470969166,2.0165644709691657,-1.5555011967275334,-0.8270289281528239,0.8270289281528236,-2.9065647311986633,-13.815509557963773,13.815509557935018,32.30222,-11.185569999999998,spair,-0.11193792234967839,0.08986071076804461,-1.3748892329816391,0.2970775954726719,0.17670662704554563,3.6423320176975102,-14.72924170980692,-11.185569999999998,pfwillow
snapshots/synthetic_logsteps100_pretrainedTrue_freezeTrue_2025_12_10_12_06,synthetic_logsteps100_pretrainedTrue_freezeTrue_2025_12_10_12_06,synthetic,logsteps,100,True,True,2025_12_10_12_06,pfwillow,5000,127433.4,25.48668,5,0.28864869034425006,0.09987977981380612,0.9001202201861939,0.2055971294097254,0.300643816903302,0.699356183096698,0.04983283033252549,0.0,1.0,0.2679981589317322,0.1517357230186462,0.0003630809078458,-0.9019560698593857,-2.198561071486431,2.198561071486431,-1.3516721547884194,-0.8442339418802766,0.8442339418802766,-2.9479639267350533,-13.815509557963773,13.815509557935018,32.30222,-6.815539999999999,spair,0.6857057132034489,-0.051109660918407934,-0.961385654297196,0.2586743711174445,-0.1327181350114737,3.3130043913358405,-13.486314807889592,-6.815539999999999,pfwillow
snapshots/synthetic_random_flipping_steps100_pretrainedTrue_freezeTrue_2025_12_13_11_45,synthetic_random_flipping_steps100_pretrainedTrue_freezeTrue_2025_12_13_11_45,synthetic_random_flipping,steps,100,True,True,2025_12_13_11_45,pfwillow,5000,60855.55,12.17111,3,0.30884632925122624,0.07110232739983043,0.9288976726001695,0.20647228113678415,0.29979147240718573,0.7002085275928143,0.04903212779547044,0.0,1.0,0.331891655921936,0.1609171777963638,0.0003667553537525,-0.8055183511143451,-2.5698785143980527,2.5698785143980523,-1.3463223001530826,-0.8482910462504751,0.8482910462504751,-2.9650045262551434,-13.815509557963773,13.815509557935018,32.30222,-20.13111,spair,0.7471285837557478,-0.3387235932234167,-0.9505325196501023,0.2496185289176384,0.19561246377378527,3.625918858912322,-16.39535063413785,-20.13111,pfwillow
snapshots/synthetic_small_zoom_steps100_pretrainedTrue_freezeTrue_2025_12_11_07_40,synthetic_small_zoom_steps100_pretrainedTrue_freezeTrue_2025_12_11_07_40,synthetic_small_zoom,steps,100,True,True,2025_12_11_07_40,pfwillow,5000,138288.85,27.657770000000003,5,0.05118308453990632,0.11819844013381778,0.8818015598661822,0.18348732078181001,0.2984448559703923,0.7015551440296077,0.048273489442878785,0.0,1.0,0.3511411547660827,0.1539370119571685,0.0003779902181122,-2.919806758973938,-2.009602133831653,2.0096021338316534,-1.492896872481921,-0.8547143265418293,0.8547143265418294,-2.981395177537889,-13.815509557963773,13.815509557935018,32.30222,-4.6444499999999955,spair,-0.5994986993876991,0.09525357663087985,-1.2478851914063724,0.2352811573797252,0.2945301906088631,3.388026833079101,-14.115098819974634,-4.6444499999999955,pfwillow
snapshots/synthetic_small_zoom_steps100_pretrainedTrue_freezeTrue_2025_12_13_11_36,synthetic_small_zoom_steps100_pretrainedTrue_freezeTrue_2025_12_13_11_36,synthetic_small_zoom,steps,100,True,True,2025_12_13_11_36,pfwillow,5000,94283.3,18.85666,3,0.05118308453990632,0.11819844013381778,0.8818015598661822,0.18348732078181001,0.2984448559703923,0.7015551440296077,0.048273489442878785,0.0,1.0,0.3511411547660827,0.1539370119571685,0.0003779902181122,-2.919806758973938,-2.009602133831653,2.0096021338316534,-1.492896872481921,-0.8547143265418293,0.8547143265418294,-2.981395177537889,-13.815509557963773,13.815509557935018,32.30222,-13.445559999999997,spair,-0.5994986993876991,0.09525357663087985,-1.2478851914063724,0.2352811573797252,0.2945301906088631,3.388026833079101,-14.115098819974634,-13.445559999999997,pfwillow
snapshots/synthetic_steps100_pretrainedTrue_freezeTrue_2025_12_11_05_11,synthetic_steps100_pretrainedTrue_freezeTrue_2025_12_11_05_11,synthetic,steps,100,True,True,2025_12_11_05_11,pfwillow,5000,67427.75,13.48555,3,0.28864869034425006,0.09987977981380612,0.9001202201861939,0.2055971294097254,0.300643816903302,0.699356183096698,0.04983283033252549,0.0,1.0,0.2679981589317322,0.1517357230186462,0.0003630809078458,-0.9019560698593857,-2.198561071486431,2.198561071486431,-1.3516721547884194,-0.8442339418802766,0.8442339418802766,-2.9479639267350533,-13.815509557963773,13.815509557935018,32.30222,-18.81667,spair,0.6857057132034489,-0.051109660918407934,-0.961385654297196,0.2586743711174445,-0.1327181350114737,3.3130043913358405,-13.486314807889592,-18.81667,pfwillow
snapshots/synthetic_steps100_pretrainedTrue_freezeTrue_2025_12_12_23_46,synthetic_steps100_pretrainedTrue_freezeTrue_2025_12_12_23_46,synthetic,steps,100,True,True,2025_12_12_23_46,pfwillow,5000,99716.6,19.94332,3,0.28864869034425006,0.09987977981380612,0.9001202201861939,0.2055971294097254,0.300643816903302,0.699356183096698,0.04983283033252549,0.0,1.0,0.2679981589317322,0.1517357230186462,0.0003630809078458,-0.9019560698593857,-2.198561071486431,2.198561071486431,-1.3516721547884194,-0.8442339418802766,0.8442339418802766,-2.9479639267350533,-13.815509557963773,13.815509557935018,32.30222,-12.358899999999998,spair,0.6857057132034489,-0.051109660918407934,-0.961385654297196,0.2586743711174445,-0.1327181350114737,3.3130043913358405,-13.486314807889592,-12.358899999999998,pfwillow
snapshots/flyingthings_logsteps100_pretrainedTrue_freezeTrue_2025_12_10_01_43,flyingthings_logsteps100_pretrainedTrue_freezeTrue_2025_12_10_01_43,flyingthings,logsteps,100,True,True,2025_12_10_01_43,pointodyssey,5000,194448.65,38.88973,5,0.40821553999407034,0.01608808594308474,0.9839119140569152,0.25145673986796657,0.36726840198275523,0.6327315980172448,0.09677305506021487,1.344932524977046e-06,0.999998655067475,0.2475492507219314,0.0285462290048599,0.0018444653833284,-0.3713471615497896,-4.113457380292875,4.113457380292874,-1.0908580316897827,-0.5439533951456732,0.5439533951456732,-2.233605246422328,-13.519165368538776,13.519165368509897,24.515383333333332,14.374346666666668,spair,1.1400136660229745,-2.429765837999147,-0.6051719595609201,0.9328967152079499,-0.30911096913866587,-0.9788956484659284,0.5156244909027068,14.374346666666668,pointodyssey
snapshots/flyingthings_steps100_pretrainedTrue_freezeTrue_2025_12_10_17_12,flyingthings_steps100_pretrainedTrue_freezeTrue_2025_12_10_17_12,flyingthings,steps,100,True,True,2025_12_10_17_12,pointodyssey,5000,174684.44999999998,34.93689,5,0.40821553999407034,0.01608808594308474,0.9839119140569152,0.25145673986796657,0.36726840198275523,0.6327315980172448,0.09677305506021487,1.344932524977046e-06,0.999998655067475,0.2475492507219314,0.0285462290048599,0.0018444653833284,-0.3713471615497896,-4.113457380292875,4.113457380292874,-1.0908580316897827,-0.5439533951456732,0.5439533951456732,-2.233605246422328,-13.519165368538776,13.519165368509897,24.515383333333332,10.421506666666666,spair,1.1400136660229745,-2.429765837999147,-0.6051719595609201,0.9328967152079499,-0.30911096913866587,-0.9788956484659284,0.5156244909027068,10.421506666666666,pointodyssey
snapshots/flyingthings_steps100_pretrainedTrue_freezeTrue_2025_12_12_11_45,flyingthings_steps100_pretrainedTrue_freezeTrue_2025_12_12_11_45,flyingthings,steps,100,True,True,2025_12_12_11_45,pointodyssey,5000,180020.95,36.00419,5,0.40821553999407034,0.01608808594308474,0.9839119140569152,0.25145673986796657,0.36726840198275523,0.6327315980172448,0.09677305506021487,1.344932524977046e-06,0.999998655067475,0.2475492507219314,0.0285462290048599,0.0018444653833284,-0.3713471615497896,-4.113457380292875,4.113457380292874,-1.0908580316897827,-0.5439533951456732,0.5439533951456732,-2.233605246422328,-13.519165368538776,13.519165368509897,24.515383333333332,11.488806666666669,spair,1.1400136660229745,-2.429765837999147,-0.6051719595609201,0.9328967152079499,-0.30911096913866587,-0.9788956484659284,0.5156244909027068,11.488806666666669,pointodyssey
snapshots/pointodyssey_logsteps100_pretrainedTrue_freezeTrue_2025_12_10_06_53,pointodyssey_logsteps100_pretrainedTrue_freezeTrue_2025_12_10_06_53,pointodyssey,logsteps,100,True,True,2025_12_10_06_53,pointodyssey,5000,171539.69999999998,34.307939999999995,5,0.09559769850839704,0.14730774826650345,0.8526922517334965,0.2975566426125626,0.32459599663343575,0.6754040033665643,0.058874787533355136,3.071611607032183e-05,0.9999692838839297,0.1970680356025695,0.0461983606219291,0.0029795211739838,-2.247125539584742,-1.7558747749326584,1.755874774932658,-0.8589601657045158,-0.7327297135606865,0.7327297135606865,-2.7716632503736314,-10.390692371092474,10.390692371092982,24.515383333333332,9.792556666666663,spair,-0.03608662037423103,0.1433541731330934,-0.09269827189366943,0.511920012776065,-0.5614544663454464,-0.5262104493792542,7.828084247231114,9.792556666666663,pointodyssey
snapshots/pointodyssey_steps100_pretrainedTrue_freezeTrue_2025_12_11_00_21,pointodyssey_steps100_pretrainedTrue_freezeTrue_2025_12_11_00_21,pointodyssey,steps,100,True,True,2025_12_11_00_21,pointodyssey,5000,152033.35,30.406670000000002,5,0.09559769850839704,0.14730774826650345,0.8526922517334965,0.2975566426125626,0.32459599663343575,0.6754040033665643,0.058874787533355136,3.071611607032183e-05,0.9999692838839297,0.1970680356025695,0.0461983606219291,0.0029795211739838,-2.247125539584742,-1.7558747749326584,1.755874774932658,-0.8589601657045158,-0.7327297135606865,0.7327297135606865,-2.7716632503736314,-10.390692371092474,10.390692371092982,24.515383333333332,5.8912866666666694,spair,-0.03608662037423103,0.1433541731330934,-0.09269827189366943,0.511920012776065,-0.5614544663454464,-0.5262104493792542,7.828084247231114,5.8912866666666694,pointodyssey
snapshots/pointodyssey_steps100_pretrainedTrue_freezeTrue_2025_12_12_23_45,pointodyssey_steps100_pretrainedTrue_freezeTrue_2025_12_12_23_45,pointodyssey,steps,100,True,True,2025_12_12_23_45,pointodyssey,5000,139435.75,27.88715,5,0.09559769850839704,0.14730774826650345,0.8526922517334965,0.2975566426125626,0.32459599663343575,0.6754040033665643,0.058874787533355136,3.071611607032183e-05,0.9999692838839297,0.1970680356025695,0.0461983606219291,0.0029795211739838,-2.247125539584742,-1.7558747749326584,1.755874774932658,-0.8589601657045158,-0.7327297135606865,0.7327297135606865,-2.7716632503736314,-10.390692371092474,10.390692371092982,24.515383333333332,3.371766666666666,spair,-0.03608662037423103,0.1433541731330934,-0.09269827189366943,0.511920012776065,-0.5614544663454464,-0.5262104493792542,7.828084247231114,3.371766666666666,pointodyssey
snapshots/sintel_logsteps100_pretrainedTrue_freezeTrue_2025_12_10_01_43,sintel_logsteps100_pretrainedTrue_freezeTrue_2025_12_10_01_43,sintel,logsteps,100,True,True,2025_12_10_01_43,pointodyssey,5000,182455.9,36.49118,5,0.3588826914772057,0.1336452884702793,0.8663547115297208,0.25651209243955897,0.3501068496322744,0.6498931503677257,0.06998280795262025,2.5784068409332037e-06,0.9999974215931591,0.2010148614645004,0.0429595969617366,0.0018246027175337,-0.5802168783909238,-1.8691052330937052,1.8691052330937055,-1.0641766940452655,-0.6185695727702718,0.6185695727702719,-2.5869534608411673,-12.868336274868664,12.86833627487179,24.515383333333332,11.975796666666668,spair,1.0090537740266163,0.019771840492263153,-0.546208573086939,0.7665004602740093,-0.5417252296677854,-0.6092678616008582,8.792461895131568,11.975796666666668,pointodyssey
snapshots/sintel_steps100_pretrainedTrue_freezeTrue_2025_12_10_12_22,sintel_steps100_pretrainedTrue_freezeTrue_2025_12_10_12_22,sintel,steps,100,True,True,2025_12_10_12_22,pointodyssey,5000,173114.00000000003,34.622800000000005,5,0.3588826914772057,0.1336452884702793,0.8663547115297208,0.25651209243955897,0.3501068496322744,0.6498931503677257,0.06998280795262025,2.5784068409332037e-06,0.9999974215931591,0.2010148614645004,0.0429595969617366,0.0018246027175337,-0.5802168783909238,-1.8691052330937052,1.8691052330937055,-1.0641766940452655,-0.6185695727702718,0.6185695727702719,-2.5869534608411673,-12.868336274868664,12.86833627487179,24.515383333333332,10.107416666666673,spair,1.0090537740266163,0.019771840492263153,-0.546208573086939,0.7665004602740093,-0.5417252296677854,-0.6092678616008582,8.792461895131568,10.107416666666673,pointodyssey
snapshots/sintel_steps100_pretrainedTrue_freezeTrue_2025_12_12_11_44,sintel_steps100_pretrainedTrue_freezeTrue_2025_12_12_11_44,sintel,steps,100,True,True,2025_12_12_11_44,pointodyssey,5000,185802.65000000002,37.16053,5,0.3588826914772057,0.1336452884702793,0.8663547115297208,0.25651209243955897,0.3501068496322744,0.6498931503677257,0.06998280795262025,2.5784068409332037e-06,0.9999974215931591,0.2010148614645004,0.0429595969617366,0.0018246027175337,-0.5802168783909238,-1.8691052330937052,1.8691052330937055,-1.0641766940452655,-0.6185695727702718,0.6185695727702719,-2.5869534608411673,-12.868336274868664,12.86833627487179,24.515383333333332,12.645146666666669,spair,1.0090537740266163,0.019771840492263153,-0.546208573086939,0.7665004602740093,-0.5417252296677854,-0.6092678616008582,8.792461895131568,12.645146666666669,pointodyssey
snapshots/spair_logsteps100_pretrainedTrue_freezeTrue_2025_12_10_06_26,spair_logsteps100_pretrainedTrue_freezeTrue_2025_12_10_06_26,spair,logsteps,100,True,True,2025_12_10_06_26,pointodyssey,5000,127572.4,25.51448,5,0.05985881815527258,0.0018224568699184297,0.9981775431300816,0.3462573550986866,0.3612608396094352,0.6387391603905648,0.0,2.8459941365834184e-07,0.9999997154005863,0.5127560496330261,0.0322001613676548,0.0024716437328606,-2.7540412986885765,-6.305745640136298,6.305745640136291,-0.6355314652486692,-0.5698959265238378,0.5698959265238379,-13.815509557963773,-13.815509557963773,13.815509557935018,24.515383333333332,0.9990966666666665,spair,-0.35391935394365903,-4.822479789462787,0.4010593121480218,0.8750441126992717,1.0165942652143967,-0.8851913222699015,-9.977035487729252,0.9990966666666665,pointodyssey
snapshots/spair_steps100_pretrainedTrue_freezeTrue_2025_12_10_19_45,spair_steps100_pretrainedTrue_freezeTrue_2025_12_10_19_45,spair,steps,100,True,True,2025_12_10_19_45,pointodyssey,5000,120705.95000000001,24.14119,5,0.05985881815527258,0.0018224568699184297,0.9981775431300816,0.3462573550986866,0.3612608396094352,0.6387391603905648,0.0,2.8459941365834184e-07,0.9999997154005863,0.5127560496330261,0.0322001613676548,0.0024716437328606,-2.7540412986885765,-6.305745640136298,6.305745640136291,-0.6355314652486692,-0.5698959265238378,0.5698959265238379,-13.815509557963773,-13.815509557963773,13.815509557935018,24.515383333333332,-0.3741933333333307,spair,-0.35391935394365903,-4.822479789462787,0.4010593121480218,0.8750441126992717,1.0165942652143967,-0.8851913222699015,-9.977035487729252,-0.3741933333333307,pointodyssey
snapshots/spair_steps100_pretrainedTrue_freezeTrue_2025_12_12_11_46,spair_steps100_pretrainedTrue_freezeTrue_2025_12_12_11_46,spair,steps,100,True,True,2025_12_12_11_46,pointodyssey,5000,119452.4,23.89048,5,0.05985881815527258,0.0018224568699184297,0.9981775431300816,0.3462573550986866,0.3612608396094352,0.6387391603905648,0.0,2.8459941365834184e-07,0.9999997154005863,0.5127560496330261,0.0322001613676548,0.0024716437328606,-2.7540412986885765,-6.305745640136298,6.305745640136291,-0.6355314652486692,-0.5698959265238378,0.5698959265238379,-13.815509557963773,-13.815509557963773,13.815509557935018,24.515383333333332,-0.6249033333333323,spair,-0.35391935394365903,-4.822479789462787,0.4010593121480218,0.8750441126992717,1.0165942652143967,-0.8851913222699015,-9.977035487729252,-0.6249033333333323,pointodyssey
snapshots/spair_synthetic_70_30_steps100_pretrainedTrue_freezeTrue_2025_12_16_15_25,spair_synthetic_70_30_steps100_pretrainedTrue_freezeTrue_2025_12_16_15_25,spair_synthetic_70_30,steps,100,True,True,2025_12_16_15_25,pointodyssey,5000,187506.9,37.50138,5,0.2961302348076347,0.007918043875705286,0.9920819561242947,0.1378931598136922,0.39361450967781386,0.6063854903221861,0.08197624884320348,2.6848536679909545e-06,0.999997315146332,0.3152723312377929,0.0167509280145168,0.0017897048965096,-0.8657940064019294,-4.830661531003379,4.830661531003381,-1.8329000264571695,-0.4321438779554656,0.4321438779554657,-2.4157937059511396,-12.827881646448493,12.827881646465725,24.515383333333332,12.985996666666665,spair,0.8299988568918498,-3.21253898370546,-2.245018863053191,1.1822352034380041,0.029420481393598694,-1.2813836591454704,-2.884287302402661,12.985996666666665,pointodyssey
snapshots/spair_synthetic_steps100_pretrainedTrue_freezeTrue_2025_12_16_15_25,spair_synthetic_steps100_pretrainedTrue_freezeTrue_2025_12_16_15_25,spair_synthetic_50_50,steps,100,True,True,2025_12_16_15_25,pointodyssey,5000,183762.59999999998,36.75252,5,0.35964444443606414,0.0075343641637150936,0.9924656358362849,0.17062533021097082,0.3824502699451825,0.6175497300548175,0.07293749695773549,2.578294854991344e-06,0.999997421705145,0.3411234021186828,0.027011290192604,0.0018156683072447,-0.5769076886045446,-4.880717943979055,4.880717943979052,-1.5812019057022975,-0.4791609681622015,0.4791609681622015,-2.542418120029242,-12.868379708147229,12.868379708163616,24.515383333333332,12.237136666666665,spair,1.0111286135178257,-3.267171706911157,-1.6887883709176519,1.0773857193535639,0.15864378985001726,-1.0182588311616674,-4.103509839183305,12.237136666666665,pointodyssey
snapshots/synthetic_large_zoom_steps100_pretrainedTrue_freezeTrue_2025_12_11_10_14,synthetic_large_zoom_steps100_pretrainedTrue_freezeTrue_2025_12_11_10_14,synthetic_large_zoom,steps,100,True,True,2025_12_11_10_14,pointodyssey,5000,191011.40000000002,38.20228,5,0.3876361061318196,0.03391076613892578,0.9660892338610743,0.11699813665190827,0.3174477583984624,0.6825522416015376,0.07427528996218265,3.3811291819211767e-06,0.999996618870818,0.2218646109104156,0.0575177446007728,0.001996605657041,-0.4572596748799027,-3.34952365535769,3.349523655357691,-2.021169302229854,-0.7655258042836605,0.7655258042836606,-2.5227985758297375,-12.597297445634435,12.597297445620757,24.515383333333332,13.68689666666667,spair,1.086147104431354,-1.595990957602463,-2.6610772412523245,0.4387837728009746,-0.4375023285623518,-0.23592723026669854,-6.561723884161716,13.68689666666667,pointodyssey
snapshots/synthetic_large_zoom_steps100_pretrainedTrue_freezeTrue_2025_12_13_11_43,synthetic_large_zoom_steps100_pretrainedTrue_freezeTrue_2025_12_13_11_43,synthetic_large_zoom,steps,100,True,True,2025_12_13_11_43,pointodyssey,5000,80376.1,16.07522,3,0.3876361061318196,0.03391076613892578,0.9660892338610743,0.11699813665190827,0.3174477583984624,0.6825522416015376,0.07427528996218265,3.3811291819211767e-06,0.999996618870818,0.2218646109104156,0.0575177446007728,0.001996605657041,-0.4572596748799027,-3.34952365535769,3.349523655357691,-2.021169302229854,-0.7655258042836605,0.7655258042836606,-2.5227985758297375,-12.597297445634435,12.597297445620757,24.515383333333332,-8.44016333333333,spair,1.086147104431354,-1.595990957602463,-2.6610772412523245,0.4387837728009746,-0.4375023285623518,-0.23592723026669854,-6.561723884161716,-8.44016333333333,pointodyssey
snapshots/synthetic_logsteps100_pretrainedTrue_freezeTrue_2025_12_10_12_06,synthetic_logsteps100_pretrainedTrue_freezeTrue_2025_12_10_12_06,synthetic,logsteps,100,True,True,2025_12_10_12_06,pointodyssey,5000,201326.45,40.26529,5,0.3791478679198268,0.0065476065409997425,0.9934523934590003,0.14758529732057166,0.31646453590305246,0.6835354640969475,0.07138313232977568,2.685361535878814e-06,0.9999973146384641,0.3447523117065429,0.0551739558577537,0.0020180339924991,-0.49316665917249464,-5.0220865735561935,5.022086573556196,-1.753666853088225,-0.7700673563944729,0.7700673563944729,-2.5656346404891157,-12.827692503468638,12.827692503455317,24.515383333333332,15.749906666666668,spair,1.0636336694729995,-3.4214646885798516,-2.0699205870537845,0.4286559789781858,0.17678383925815067,-0.2960331991529008,-14.26122584903801,15.749906666666668,pointodyssey
snapshots/synthetic_random_flipping_steps100_pretrainedTrue_freezeTrue_2025_12_13_11_45,synthetic_random_flipping_steps100_pretrainedTrue_freezeTrue_2025_12_13_11_45,synthetic_random_flipping,steps,100,True,True,2025_12_13_11_45,pointodyssey,5000,88395.45,17.67909,3,0.45407137359387606,0.0044145800020472525,0.9955854199979528,0.1487578125976634,0.3148991334088628,0.6851008665911372,0.07121405334419004,2.813924333012258e-06,0.999997186075667,0.3321483135223388,0.0582637824118137,0.0020097543019801,-0.18423385008802146,-5.418418226191956,5.418418226191968,-1.744377114915505,-0.7773137017733653,0.7773137017733655,-2.568188122252007,-12.780927675182122,12.780927675190233,24.515383333333332,-6.836293333333334,spair,1.2573324398055425,-3.854030191957569,-2.049391090766227,0.41249641718621227,0.11377947272161518,-0.216795247662928,-16.337826919542934,-6.836293333333334,pointodyssey
snapshots/synthetic_small_zoom_steps100_pretrainedTrue_freezeTrue_2025_12_11_07_40,synthetic_small_zoom_steps100_pretrainedTrue_freezeTrue_2025_12_11_07_40,synthetic_small_zoom,steps,100,True,True,2025_12_11_07_40,pointodyssey,5000,216133.05000000002,43.22661,5,0.36692773391441613,0.05557639452783267,0.9444236054721673,0.12754158712339786,0.3150384468169212,0.6849615531830788,0.07098710123529928,2.8312498634718645e-06,0.9999971687501366,0.220725268125534,0.0587944574654102,0.0020176118705421,-0.545419661709869,-2.8328162478506016,2.832816247850601,-1.9228725036834815,-0.776668025182254,0.7766680251822541,-2.571624435491996,-12.774789464683055,12.774789464692832,24.515383333333332,18.71122666666667,spair,1.030871392239748,-1.0320445800147273,-2.443850046759104,0.41393629483848193,-0.44319763011510827,-0.20318619763435436,-4.111080517356522,18.71122666666667,pointodyssey
snapshots/synthetic_small_zoom_steps100_pretrainedTrue_freezeTrue_2025_12_13_11_36,synthetic_small_zoom_steps100_pretrainedTrue_freezeTrue_2025_12_13_11_36,synthetic_small_zoom,steps,100,True,True,2025_12_13_11_36,pointodyssey,5000,79209.8,15.84196,3,0.36692773391441613,0.05557639452783267,0.9444236054721673,0.12754158712339786,0.3150384468169212,0.6849615531830788,0.07098710123529928,2.8312498634718645e-06,0.9999971687501366,0.220725268125534,0.0587944574654102,0.0020176118705421,-0.545419661709869,-2.8328162478506016,2.832816247850601,-1.9228725036834815,-0.776668025182254,0.7766680251822541,-2.571624435491996,-12.774789464683055,12.774789464692832,24.515383333333332,-8.673423333333332,spair,1.030871392239748,-1.0320445800147273,-2.443850046759104,0.41393629483848193,-0.44319763011510827,-0.20318619763435436,-4.111080517356522,-8.673423333333332,pointodyssey
snapshots/synthetic_steps100_pretrainedTrue_freezeTrue_2025_12_11_05_11,synthetic_steps100_pretrainedTrue_freezeTrue_2025_12_11_05_11,synthetic,steps,100,True,True,2025_12_11_05_11,pointodyssey,5000,106236.3,21.24726,3,0.3791478679198268,0.0065476065409997425,0.9934523934590003,0.14758529732057166,0.31646453590305246,0.6835354640969475,0.07138313232977568,2.685361535878814e-06,0.9999973146384641,0.3447523117065429,0.0551739558577537,0.0020180339924991,-0.49316665917249464,-5.0220865735561935,5.022086573556196,-1.753666853088225,-0.7700673563944729,0.7700673563944729,-2.5656346404891157,-12.827692503468638,12.827692503455317,24.515383333333332,-3.2681233333333317,spair,1.0636336694729995,-3.4214646885798516,-2.0699205870537845,0.4286559789781858,0.17678383925815067,-0.2960331991529008,-14.26122584903801,-3.2681233333333317,pointodyssey
snapshots/synthetic_steps100_pretrainedTrue_freezeTrue_2025_12_12_23_46,synthetic_steps100_pretrainedTrue_freezeTrue_2025_12_12_23_46,synthetic,steps,100,True,True,2025_12_12_23_46,pointodyssey,5000,92424.55,18.48491,3,0.3791478679198268,0.0065476065409997425,0.9934523934590003,0.14758529732057166,0.31646453590305246,0.6835354640969475,0.07138313232977568,2.685361535878814e-06,0.9999973146384641,0.3447523117065429,0.0551739558577537,0.0020180339924991,-0.49316665917249464,-5.0220865735561935,5.022086573556196,-1.753666853088225,-0.7700673563944729,0.7700673563944729,-2.5656346404891157,-12.827692503468638,12.827692503455317,24.515383333333332,-6.030473333333333,spair,1.0636336694729995,-3.4214646885798516,-2.0699205870537845,0.4286559789781858,0.17678383925815067,-0.2960331991529008,-14.26122584903801,-6.030473333333333,pointodyssey
snapshots/flyingthings_logsteps100_pretrainedTrue_freezeTrue_2025_12_10_01_43,flyingthings_logsteps100_pretrainedTrue_freezeTrue_2025_12_10_01_43,flyingthings,logsteps,100,True,True,2025_12_10_01_43,spair,5000,67824.6,13.56492,5,0.07241743541234077,0.11414317314361418,0.8858568268563858,0.3639400558766407,0.2765998229205412,0.7234001770794588,0.0765587459115823,0.0,1.0,0.3054104149341583,0.0825123786926269,0.0004732325032819,-2.5501347179315546,-2.0491017774026505,2.04910177740265,-0.5583036382473445,-0.9613907852757672,0.9613907852757672,-2.490048818822038,-13.815509557963773,13.815509557935018,19.357693333333334,-5.792773333333333,spair,-0.502946935454182,0.08832810487683707,0.7092384089314409,-0.12180527912055863,0.04897971630992003,0.6347556888371882,-4.495400076766575,-5.792773333333333,spair
snapshots/flyingthings_steps100_pretrainedTrue_freezeTrue_2025_12_10_17_12,flyingthings_steps100_pretrainedTrue_freezeTrue_2025_12_10_17_12,flyingthings,steps,100,True,True,2025_12_10_17_12,spair,5000,69755.65,13.95113,5,0.07241743541234077,0.11414317314361418,0.8858568268563858,0.3639400558766407,0.2765998229205412,0.7234001770794588,0.0765587459115823,0.0,1.0,0.3054104149341583,0.0825123786926269,0.0004732325032819,-2.5501347179315546,-2.0491017774026505,2.04910177740265,-0.5583036382473445,-0.9613907852757672,0.9613907852757672,-2.490048818822038,-13.815509557963773,13.815509557935018,19.357693333333334,-5.4065633333333345,spair,-0.502946935454182,0.08832810487683707,0.7092384089314409,-0.12180527912055863,0.04897971630992003,0.6347556888371882,-4.495400076766575,-5.4065633333333345,spair
snapshots/flyingthings_steps100_pretrainedTrue_freezeTrue_2025_12_12_11_45,flyingthings_steps100_pretrainedTrue_freezeTrue_2025_12_12_11_45,flyingthings,steps,100,True,True,2025_12_12_11_45,spair,5000,64279.04999999999,12.855809999999998,5,0.07241743541234077,0.11414317314361418,0.8858568268563858,0.3639400558766407,0.2765998229205412,0.7234001770794588,0.0765587459115823,0.0,1.0,0.3054104149341583,0.0825123786926269,0.0004732325032819,-2.5501347179315546,-2.0491017774026505,2.04910177740265,-0.5583036382473445,-0.9613907852757672,0.9613907852757672,-2.490048818822038,-13.815509557963773,13.815509557935018,19.357693333333334,-6.5018833333333355,spair,-0.502946935454182,0.08832810487683707,0.7092384089314409,-0.12180527912055863,0.04897971630992003,0.6347556888371882,-4.495400076766575,-6.5018833333333355,spair
snapshots/pointodyssey_logsteps100_pretrainedTrue_freezeTrue_2025_12_10_06_53,pointodyssey_logsteps100_pretrainedTrue_freezeTrue_2025_12_10_06_53,pointodyssey,logsteps,100,True,True,2025_12_10_06_53,spair,5000,58816.7,11.76334,5,0.0006379930779751116,0.1271820081967209,0.8728179918032791,0.4296341672615527,0.253888317954017,0.746111682045983,0.02503889056451512,0.0,1.0,0.8958064317703247,0.0372311100363731,0.0019985870458185,-7.356544927564969,-1.9261078522890949,1.926107852289095,-0.2833438940134807,-1.0779808196043372,1.0779808196043372,-3.6619673437224467,-13.815509557963773,13.815509557935018,19.357693333333334,-7.594353333333334,spair,-3.878724141370149,0.18364427818235413,1.2709078837610441,-0.377607924853296,3.229254942129301,-0.6187021608932601,-0.04682956213722633,-7.594353333333334,spair
snapshots/pointodyssey_steps100_pretrainedTrue_freezeTrue_2025_12_11_00_21,pointodyssey_steps100_pretrainedTrue_freezeTrue_2025_12_11_00_21,pointodyssey,steps,100,True,True,2025_12_11_00_21,spair,5000,60128.3,12.02566,5,0.0006379930779751116,0.1271820081967209,0.8728179918032791,0.4296341672615527,0.253888317954017,0.746111682045983,0.02503889056451512,0.0,1.0,0.8958064317703247,0.0372311100363731,0.0019985870458185,-7.356544927564969,-1.9261078522890949,1.926107852289095,-0.2833438940134807,-1.0779808196043372,1.0779808196043372,-3.6619673437224467,-13.815509557963773,13.815509557935018,19.357693333333334,-7.332033333333333,spair,-3.878724141370149,0.18364427818235413,1.2709078837610441,-0.377607924853296,3.229254942129301,-0.6187021608932601,-0.04682956213722633,-7.332033333333333,spair
snapshots/pointodyssey_steps100_pretrainedTrue_freezeTrue_2025_12_12_23_45,pointodyssey_steps100_pretrainedTrue_freezeTrue_2025_12_12_23_45,pointodyssey,steps,100,True,True,2025_12_12_23_45,spair,5000,45422.549999999996,9.08451,5,0.0006379930779751116,0.1271820081967209,0.8728179918032791,0.4296341672615527,0.253888317954017,0.746111682045983,0.02503889056451512,0.0,1.0,0.8958064317703247,0.0372311100363731,0.0019985870458185,-7.356544927564969,-1.9261078522890949,1.926107852289095,-0.2833438940134807,-1.0779808196043372,1.0779808196043372,-3.6619673437224467,-13.815509557963773,13.815509557935018,19.357693333333334,-10.273183333333334,spair,-3.878724141370149,0.18364427818235413,1.2709078837610441,-0.377607924853296,3.229254942129301,-0.6187021608932601,-0.04682956213722633,-10.273183333333334,spair
snapshots/sintel_logsteps100_pretrainedTrue_freezeTrue_2025_12_10_01_43,sintel_logsteps100_pretrainedTrue_freezeTrue_2025_12_10_01_43,sintel,logsteps,100,True,True,2025_12_10_01_43,spair,5000,68421.45000000001,13.684290000000003,5,0.01162186475376507,0.12945127419485128,0.8705487258051487,0.3512253384115164,0.25650266867928134,0.7434973313207187,0.054336141314379874,0.0,1.0,0.3481242060661316,0.0865340828895568,0.0004474713932722,-4.443177136010857,-1.9058191828530342,1.9058191828530344,-0.6136574405118218,-1.0642261077826296,1.0642261077826296,-2.8566975853865593,-13.815509557963773,13.815509557935018,19.357693333333334,-5.673403333333331,spair,-1.832523306604483,0.19936731759523946,0.5961653438748086,-0.34742960219007013,0.2790652993153588,0.7460828853696877,-6.399058837250118,-5.673403333333331,spair
snapshots/sintel_steps100_pretrainedTrue_freezeTrue_2025_12_10_12_22,sintel_steps100_pretrainedTrue_freezeTrue_2025_12_10_12_22,sintel,steps,100,True,True,2025_12_10_12_22,spair,5000,64866.15,12.973230000000001,5,0.01162186475376507,0.12945127419485128,0.8705487258051487,0.3512253384115164,0.25650266867928134,0.7434973313207187,0.054336141314379874,0.0,1.0,0.3481242060661316,0.0865340828895568,0.0004474713932722,-4.443177136010857,-1.9058191828530342,1.9058191828530344,-0.6136574405118218,-1.0642261077826296,1.0642261077826296,-2.8566975853865593,-13.815509557963773,13.815509557935018,19.357693333333334,-6.384463333333333,spair,-1.832523306604483,0.19936731759523946,0.5961653438748086,-0.34742960219007013,0.2790652993153588,0.7460828853696877,-6.399058837250118,-6.384463333333333,spair
snapshots/sintel_steps100_pretrainedTrue_freezeTrue_2025_12_12_11_44,sintel_steps100_pretrainedTrue_freezeTrue_2025_12_12_11_44,sintel,steps,100,True,True,2025_12_12_11_44,spair,5000,67856.40000000001,13.571280000000002,5,0.01162186475376507,0.12945127419485128,0.8705487258051487,0.3512253384115164,0.25650266867928134,0.7434973313207187,0.054336141314379874,0.0,1.0,0.3481242060661316,0.0865340828895568,0.0004474713932722,-4.443177136010857,-1.9058191828530342,1.9058191828530344,-0.6136574405118218,-1.0642261077826296,1.0642261077826296,-2.8566975853865593,-13.815509557963773,13.815509557935018,19.357693333333334,-5.786413333333332,spair,-1.832523306604483,0.19936731759523946,0.5961653438748086,-0.34742960219007013,0.2790652993153588,0.7460828853696877,-6.399058837250118,-5.786413333333332,spair
snapshots/spair_logsteps100_pretrainedTrue_freezeTrue_2025_12_10_06_26,spair_logsteps100_pretrainedTrue_freezeTrue_2025_12_10_06_26,spair,logsteps,100,True,True,2025_12_10_06_26,spair,5000,100715.1,20.14302,5,0.058115331077323674,0.1545354760332826,0.8454645239667173,0.4990134088037602,0.3087549760879852,0.6912450239120148,0.0,0.0,1.0,0.3035252392292022,0.0673716217279434,0.0006386968307197,-2.7854533319258867,-1.699462520496663,1.6994625204966625,-0.003946369906627482,-0.8059463494335304,0.8059463494335304,-13.815509557963773,-13.815509557963773,13.815509557935018,19.357693333333334,0.7853266666666663,spair,-0.6682227189604741,0.3592868207231231,1.841642560108115,0.21924529335648432,0.03882487545764475,0.21563534986624414,2.5136294384801126,0.7853266666666663,spair
snapshots/spair_steps100_pretrainedTrue_freezeTrue_2025_12_10_19_45,spair_steps100_pretrainedTrue_freezeTrue_2025_12_10_19_45,spair,steps,100,True,True,2025_12_10_19_45,spair,5000,94215.84999999999,18.843169999999997,5,0.058115331077323674,0.1545354760332826,0.8454645239667173,0.4990134088037602,0.3087549760879852,0.6912450239120148,0.0,0.0,1.0,0.3035252392292022,0.0673716217279434,0.0006386968307197,-2.7854533319258867,-1.699462520496663,1.6994625204966625,-0.003946369906627482,-0.8059463494335304,0.8059463494335304,-13.815509557963773,-13.815509557963773,13.815509557935018,19.357693333333334,-0.5145233333333366,spair,-0.6682227189604741,0.3592868207231231,1.841642560108115,0.21924529335648432,0.03882487545764475,0.21563534986624414,2.5136294384801126,-0.5145233333333366,spair
snapshots/spair_steps100_pretrainedTrue_freezeTrue_2025_12_12_11_46,spair_steps100_pretrainedTrue_freezeTrue_2025_12_12_11_46,spair,steps,100,True,True,2025_12_12_11_46,spair,5000,95434.45000000001,19.086890000000004,5,0.058115331077323674,0.1545354760332826,0.8454645239667173,0.4990134088037602,0.3087549760879852,0.6912450239120148,0.0,0.0,1.0,0.3035252392292022,0.0673716217279434,0.0006386968307197,-2.7854533319258867,-1.699462520496663,1.6994625204966625,-0.003946369906627482,-0.8059463494335304,0.8059463494335304,-13.815509557963773,-13.815509557963773,13.815509557935018,19.357693333333334,-0.27080333333332973,spair,-0.6682227189604741,0.3592868207231231,1.841642560108115,0.21924529335648432,0.03882487545764475,0.21563534986624414,2.5136294384801126,-0.27080333333332973,spair
snapshots/spair_synthetic_70_30_steps100_pretrainedTrue_freezeTrue_2025_12_16_15_25,spair_synthetic_70_30_steps100_pretrainedTrue_freezeTrue_2025_12_16_15_25,spair_synthetic_70_30,steps,100,True,True,2025_12_16_15_25,spair,5000,105941.95,21.18839,5,0.05597708070987236,0.1135503538443651,0.8864496461556349,0.2798155606641637,0.3167019016540466,0.6832980983459533,0.07634690394222304,0.0,1.0,0.271806538105011,0.0725450739264488,0.0003488749498501,-2.825208110837719,-2.05497793842874,2.05497793842874,-0.9453766707399393,-0.7689702606209312,0.7689702606209311,-2.493049083993135,-13.815509557963773,13.815509557935018,19.357693333333334,1.8306966666666646,spair,-0.6961444465333331,0.08377427685470698,-0.08144863322664508,0.3003721358141826,-0.1320336610226701,0.35884477091072764,2.6936512057242354,1.8306966666666646,spair
snapshots/spair_synthetic_steps100_pretrainedTrue_freezeTrue_2025_12_16_15_25,spair_synthetic_steps100_pretrainedTrue_freezeTrue_2025_12_16_15_25,spair_synthetic_50_50,steps,100,True,True,2025_12_16_15_25,spair,5000,94650.95,18.93019,5,0.11261295842019234,0.1194424129943029,0.8805575870056971,0.31920437322478035,0.3080873337529009,0.6919126662470991,0.06368819799899057,0.0,1.0,0.2613356709480285,0.0845907628536224,0.0003898984286934,-2.0643244434113286,-1.9977209728248675,1.9977209728248675,-0.757430587522175,-0.8090764488816073,0.8090764488816075,-2.6879492721292846,-13.815509557963773,13.815509557935018,19.357693333333334,-0.427503333333334,spair,-0.16173859500954915,0.12814650785236018,0.30247512314482106,0.2123777448148294,-0.18843688608277065,0.6922886824715315,-1.1400526288036215,-0.427503333333334,spair
snapshots/synthetic_large_zoom_steps100_pretrainedTrue_freezeTrue_2025_12_11_10_14,synthetic_large_zoom_steps100_pretrainedTrue_freezeTrue_2025_12_11_10_14,synthetic_large_zoom,steps,100,True,True,2025_12_11_10_14,spair,5000,83692.65,16.738529999999997,5,0.035316549035008055,0.1313973584150656,0.8686026415849344,0.21078890406748707,0.22873539099629248,0.7712646090037075,0.0618770496993251,0.0,1.0,0.3225688338279724,0.1388348639011383,0.0005701572517864,-3.307448352165608,-1.8886597588321739,1.8886597588321739,-1.3201766557407015,-1.2154656794031926,1.2154656794031924,-2.7187316707020615,-13.815509557963773,13.815509557935018,19.357693333333334,-2.6191633333333364,spair,-1.0348453778827333,0.21266529659936603,-0.847065110388012,-0.6792545543210394,0.14140665173311542,2.1938520502238172,-20.232913021955195,-2.6191633333333364,spair
snapshots/synthetic_large_zoom_steps100_pretrainedTrue_freezeTrue_2025_12_13_11_43,synthetic_large_zoom_steps100_pretrainedTrue_freezeTrue_2025_12_13_11_43,synthetic_large_zoom,steps,100,True,True,2025_12_13_11_43,spair,5000,41481.25,8.29625,3,0.035316549035008055,0.1313973584150656,0.8686026415849344,0.21078890406748707,0.22873539099629248,0.7712646090037075,0.0618770496993251,0.0,1.0,0.3225688338279724,0.1388348639011383,0.0005701572517864,-3.307448352165608,-1.8886597588321739,1.8886597588321739,-1.3201766557407015,-1.2154656794031926,1.2154656794031924,-2.7187316707020615,-13.815509557963773,13.815509557935018,19.357693333333334,-11.061443333333333,spair,-1.0348453778827333,0.21266529659936603,-0.847065110388012,-0.6792545543210394,0.14140665173311542,2.1938520502238172,-20.232913021955195,-11.061443333333333,spair
snapshots/synthetic_logsteps100_pretrainedTrue_freezeTrue_2025_12_10_12_06,synthetic_logsteps100_pretrainedTrue_freezeTrue_2025_12_10_12_06,synthetic,logsteps,100,True,True,2025_12_10_12_06,spair,5000,93144.6,18.62892,5,0.130659196507588,0.12002022657810037,0.8799797734218996,0.24981701189308467,0.2264773945380536,0.7735226054619464,0.05822688107003639,0.0,1.0,0.2416630536317825,0.1291054487228393,0.0005775227909907,-1.8951428474125906,-1.9922386390644755,1.9922386390644753,-1.099588463487,-1.2283097579100044,1.2283097579100042,-2.7834172730124185,-13.815509557963773,13.815509557935018,19.357693333333334,-0.7287733333333328,spair,-0.04291407722529145,0.13239513293153993,-0.3964622250748499,-0.7074349153867393,-0.29440700731284664,1.924526296100072,-19.066014470071107,-0.7287733333333328,spair
snapshots/synthetic_random_flipping_steps100_pretrainedTrue_freezeTrue_2025_12_13_11_45,synthetic_random_flipping_steps100_pretrainedTrue_freezeTrue_2025_12_13_11_45,synthetic_random_flipping,steps,100,True,True,2025_12_13_11_45,spair,5000,45347.100000000006,9.069420000000001,3,0.22900209115480769,0.12275811249039645,0.8772418875096035,0.24743413077910364,0.2243249642967557,0.7756750357032443,0.059723468840592826,0.0,1.0,0.1951907873153686,0.1401875615119934,0.0005809437134303,-1.2139545261036775,-1.9665669127569985,1.9665669127569982,-1.1123441183191103,-1.240637930026034,1.2406379300260335,-2.7564489580277862,-13.815509557963773,13.815509557935018,19.357693333333334,-10.288273333333333,spair,0.4355178309380729,0.15228986115910179,-0.42251862824260045,-0.7344833596426318,-0.544738298580322,2.2312968809221236,-21.5581267525194,-10.288273333333333,spair
snapshots/synthetic_small_zoom_steps100_pretrainedTrue_freezeTrue_2025_12_11_07_40,synthetic_small_zoom_steps100_pretrainedTrue_freezeTrue_2025_12_11_07_40,synthetic_small_zoom,steps,100,True,True,2025_12_11_07_40,spair,5000,86295.84999999999,17.259169999999997,5,0.018783541945354497,0.13608167041102393,0.8639183295889761,0.2229993374002422,0.2224335050720839,0.7775664949279161,0.05861715220903921,0.0,1.0,0.3693644106388092,0.1327691376209259,0.0005896715447306,-3.955812027652069,-1.8482230151719603,1.84822301517196,-1.248272402977683,-1.2515409610874173,1.2515409610874173,-2.776322555338489,-13.815509557963773,13.815509557935018,19.357693333333334,-2.098523333333336,spair,-1.4902229302323537,0.24400241884397425,-0.7001838860111468,-0.7584049941808646,0.39347951361817485,2.025943057258832,-19.751918462599036,-2.098523333333336,spair
snapshots/synthetic_small_zoom_steps100_pretrainedTrue_freezeTrue_2025_12_13_11_36,synthetic_small_zoom_steps100_pretrainedTrue_freezeTrue_2025_12_13_11_36,synthetic_small_zoom,steps,100,True,True,2025_12_13_11_36,spair,5000,33553.3,6.710660000000001,3,0.018783541945354497,0.13608167041102393,0.8639183295889761,0.2229993374002422,0.2224335050720839,0.7775664949279161,0.05861715220903921,0.0,1.0,0.3693644106388092,0.1327691376209259,0.0005896715447306,-3.955812027652069,-1.8482230151719603,1.84822301517196,-1.248272402977683,-1.2515409610874173,1.2515409610874173,-2.776322555338489,-13.815509557963773,13.815509557935018,19.357693333333334,-12.647033333333333,spair,-1.4902229302323537,0.24400241884397425,-0.7001838860111468,-0.7584049941808646,0.39347951361817485,2.025943057258832,-19.751918462599036,-12.647033333333333,spair
snapshots/synthetic_steps100_pretrainedTrue_freezeTrue_2025_12_11_05_11,synthetic_steps100_pretrainedTrue_freezeTrue_2025_12_11_05_11,synthetic,steps,100,True,True,2025_12_11_05_11,spair,5000,47635.25,9.52705,3,0.130659196507588,0.12002022657810037,0.8799797734218996,0.24981701189308467,0.2264773945380536,0.7735226054619464,0.05822688107003639,0.0,1.0,0.2416630536317825,0.1291054487228393,0.0005775227909907,-1.8951428474125906,-1.9922386390644755,1.9922386390644753,-1.099588463487,-1.2283097579100044,1.2283097579100042,-2.7834172730124185,-13.815509557963773,13.815509557935018,19.357693333333334,-9.830643333333335,spair,-0.04291407722529145,0.13239513293153993,-0.3964622250748499,-0.7074349153867393,-0.29440700731284664,1.924526296100072,-19.066014470071107,-9.830643333333335,spair
snapshots/synthetic_steps100_pretrainedTrue_freezeTrue_2025_12_12_23_46,synthetic_steps100_pretrainedTrue_freezeTrue_2025_12_12_23_46,synthetic,steps,100,True,True,2025_12_12_23_46,spair,5000,44432.3,8.886460000000001,3,0.130659196507588,0.12002022657810037,0.8799797734218996,0.24981701189308467,0.2264773945380536,0.7735226054619464,0.05822688107003639,0.0,1.0,0.2416630536317825,0.1291054487228393,0.0005775227909907,-1.8951428474125906,-1.9922386390644755,1.9922386390644753,-1.099588463487,-1.2283097579100044,1.2283097579100042,-2.7834172730124185,-13.815509557963773,13.815509557935018,19.357693333333334,-10.471233333333332,spair,-0.04291407722529145,0.13239513293153993,-0.3964622250748499,-0.7074349153867393,-0.29440700731284664,1.924526296100072,-19.066014470071107,-10.471233333333332,spair
snapshots/flyingthings_logsteps100_pretrainedTrue_freezeTrue_2025_12_10_01_43,flyingthings_logsteps100_pretrainedTrue_freezeTrue_2025_12_10_01_43,flyingthings,logsteps,100,True,True,2025_12_10_01_43,tss,5000,263145.85,52.629169999999995,5,0.2824930841835783,0.1899262150412935,0.8100737849587065,0.35936281164093814,0.3934301028196687,0.6065698971803313,0.07126981309162128,0.016555393424538448,0.9834446065754615,0.1674795448780059,0.0387242063879966,0.0002132682420779,-0.9321285168351131,-1.450489681211105,1.4504896812111052,-0.5781307923344422,-0.43291654588689243,0.4329165458868923,-2.5673454037603363,-4.084349378080414,4.084349378080411,43.74900333333333,8.880166666666668,spair,0.7010084191944281,0.6242550136223248,0.6462125954719895,1.2537129733551124,-0.7720862118360664,-0.7011745016349684,17.439764400759035,8.880166666666668,tss
snapshots/flyingthings_steps100_pretrainedTrue_freezeTrue_2025_12_10_17_12,flyingthings_steps100_pretrainedTrue_freezeTrue_2025_12_10_17_12,flyingthings,steps,100,True,True,2025_12_10_17_12,tss,5000,264994.5,52.9989,5,0.2824930841835783,0.1899262150412935,0.8100737849587065,0.35936281164093814,0.3934301028196687,0.6065698971803313,0.07126981309162128,0.016555393424538448,0.9834446065754615,0.1674795448780059,0.0387242063879966,0.0002132682420779,-0.9321285168351131,-1.450489681211105,1.4504896812111052,-0.5781307923344422,-0.43291654588689243,0.4329165458868923,-2.5673454037603363,-4.084349378080414,4.084349378080411,43.74900333333333,9.249896666666672,spair,0.7010084191944281,0.6242550136223248,0.6462125954719895,1.2537129733551124,-0.7720862118360664,-0.7011745016349684,17.439764400759035,9.249896666666672,tss
snapshots/flyingthings_steps100_pretrainedTrue_freezeTrue_2025_12_12_11_45,flyingthings_steps100_pretrainedTrue_freezeTrue_2025_12_12_11_45,flyingthings,steps,100,True,True,2025_12_12_11_45,tss,5000,264196.79999999993,52.839359999999985,5,0.2824930841835783,0.1899262150412935,0.8100737849587065,0.35936281164093814,0.3934301028196687,0.6065698971803313,0.07126981309162128,0.016555393424538448,0.9834446065754615,0.1674795448780059,0.0387242063879966,0.0002132682420779,-0.9321285168351131,-1.450489681211105,1.4504896812111052,-0.5781307923344422,-0.43291654588689243,0.4329165458868923,-2.5673454037603363,-4.084349378080414,4.084349378080411,43.74900333333333,9.090356666666658,spair,0.7010084191944281,0.6242550136223248,0.6462125954719895,1.2537129733551124,-0.7720862118360664,-0.7011745016349684,17.439764400759035,9.090356666666658,tss
snapshots/pointodyssey_logsteps100_pretrainedTrue_freezeTrue_2025_12_10_06_53,pointodyssey_logsteps100_pretrainedTrue_freezeTrue_2025_12_10_06_53,pointodyssey,logsteps,100,True,True,2025_12_10_06_53,tss,5000,211470.15,42.29403,5,0.0035377141427533655,0.27217284173144773,0.7278271582685523,0.4141483238151876,0.3527509206069136,0.6472490793930864,0.021002950952295665,0.0160659960753883,0.9839340039246117,0.5973126888275146,0.0187124498188495,0.0016833532135933,-5.6407304961396365,-0.9836262880205411,0.9836262880205411,-0.34684246547917147,-0.6069689957653173,0.6069689957653173,-3.8418656788853034,-4.114853832149693,4.114853832149694,43.74900333333333,-1.454973333333328,spair,-2.292928275060896,0.9965392625534503,1.1164894936538832,0.8533235724388304,1.4525091697652188,-1.2212151375797227,14.107589586023657,-1.454973333333328,tss
snapshots/pointodyssey_steps100_pretrainedTrue_freezeTrue_2025_12_11_00_21,pointodyssey_steps100_pretrainedTrue_freezeTrue_2025_12_11_00_21,pointodyssey,steps,100,True,True,2025_12_11_00_21,tss,5000,206886.05,41.37721,5,0.0035377141427533655,0.27217284173144773,0.7278271582685523,0.4141483238151876,0.3527509206069136,0.6472490793930864,0.021002950952295665,0.0160659960753883,0.9839340039246117,0.5973126888275146,0.0187124498188495,0.0016833532135933,-5.6407304961396365,-0.9836262880205411,0.9836262880205411,-0.34684246547917147,-0.6069689957653173,0.6069689957653173,-3.8418656788853034,-4.114853832149693,4.114853832149694,43.74900333333333,-2.371793333333329,spair,-2.292928275060896,0.9965392625534503,1.1164894936538832,0.8533235724388304,1.4525091697652188,-1.2212151375797227,14.107589586023657,-2.371793333333329,tss
snapshots/pointodyssey_steps100_pretrainedTrue_freezeTrue_2025_12_12_23_45,pointodyssey_steps100_pretrainedTrue_freezeTrue_2025_12_12_23_45,pointodyssey,steps,100,True,True,2025_12_12_23_45,tss,5000,171723.30000000002,34.344660000000005,5,0.0035377141427533655,0.27217284173144773,0.7278271582685523,0.4141483238151876,0.3527509206069136,0.6472490793930864,0.021002950952295665,0.0160659960753883,0.9839340039246117,0.5973126888275146,0.0187124498188495,0.0016833532135933,-5.6407304961396365,-0.9836262880205411,0.9836262880205411,-0.34684246547917147,-0.6069689957653173,0.6069689957653173,-3.8418656788853034,-4.114853832149693,4.114853832149694,43.74900333333333,-9.404343333333323,spair,-2.292928275060896,0.9965392625534503,1.1164894936538832,0.8533235724388304,1.4525091697652188,-1.2212151375797227,14.107589586023657,-9.404343333333323,tss
snapshots/sintel_logsteps100_pretrainedTrue_freezeTrue_2025_12_10_01_43,sintel_logsteps100_pretrainedTrue_freezeTrue_2025_12_10_01_43,sintel,logsteps,100,True,True,2025_12_10_01_43,tss,5000,255510.80000000002,51.102160000000005,5,0.06828503304385677,0.24723648026077236,0.7527635197392276,0.3599667493838461,0.3681758873011539,0.6318241126988461,0.04685671989072855,0.018471009426726956,0.981528990573273,0.1550674140453338,0.0444810017943382,0.0002017388469539,-2.613336331422846,-1.11340583909847,1.11340583909847,-0.5755084647300933,-0.5400502741140747,0.5400502741140747,-3.0126708061770655,-3.9729091053383527,3.9729091053383523,43.74900333333333,7.353156666666678,spair,-0.36797761718881056,0.8930509972399515,0.6515445554051065,1.0072630710827142,-0.8363250201152083,-0.5515740638236603,12.811603859256195,7.353156666666678,tss
snapshots/sintel_steps100_pretrainedTrue_freezeTrue_2025_12_10_12_22,sintel_steps100_pretrainedTrue_freezeTrue_2025_12_10_12_22,sintel,steps,100,True,True,2025_12_10_12_22,tss,5000,254986.4,50.997279999999996,5,0.06828503304385677,0.24723648026077236,0.7527635197392276,0.3599667493838461,0.3681758873011539,0.6318241126988461,0.04685671989072855,0.018471009426726956,0.981528990573273,0.1550674140453338,0.0444810017943382,0.0002017388469539,-2.613336331422846,-1.11340583909847,1.11340583909847,-0.5755084647300933,-0.5400502741140747,0.5400502741140747,-3.0126708061770655,-3.9729091053383527,3.9729091053383523,43.74900333333333,7.248276666666669,spair,-0.36797761718881056,0.8930509972399515,0.6515445554051065,1.0072630710827142,-0.8363250201152083,-0.5515740638236603,12.811603859256195,7.248276666666669,tss
snapshots/sintel_steps100_pretrainedTrue_freezeTrue_2025_12_12_11_44,sintel_steps100_pretrainedTrue_freezeTrue_2025_12_12_11_44,sintel,steps,100,True,True,2025_12_12_11_44,tss,5000,255360.25000000003,51.072050000000004,5,0.06828503304385677,0.24723648026077236,0.7527635197392276,0.3599667493838461,0.3681758873011539,0.6318241126988461,0.04685671989072855,0.018471009426726956,0.981528990573273,0.1550674140453338,0.0444810017943382,0.0002017388469539,-2.613336331422846,-1.11340583909847,1.11340583909847,-0.5755084647300933,-0.5400502741140747,0.5400502741140747,-3.0126708061770655,-3.9729091053383527,3.9729091053383523,43.74900333333333,7.323046666666677,spair,-0.36797761718881056,0.8930509972399515,0.6515445554051065,1.0072630710827142,-0.8363250201152083,-0.5515740638236603,12.811603859256195,7.323046666666677,tss
snapshots/spair_logsteps100_pretrainedTrue_freezeTrue_2025_12_10_06_26,spair_logsteps100_pretrainedTrue_freezeTrue_2025_12_10_06_26,spair,logsteps,100,True,True,2025_12_10_06_26,tss,5000,224437.75,44.88755,5,0.08746883633507463,0.10769247750341582,0.8923075224965842,0.46505151901629843,0.38896549216036236,0.6110345078396376,0.0,0.025221625095817962,0.9747783749041821,0.3337436318397522,0.0193899981677532,0.0006722325924783,-2.344939663080723,-2.1145310943693465,2.1145310943693465,-0.14002225199876672,-0.4516628046351722,0.4516628046351722,-13.815509557963773,-3.654508372119145,3.654508372119146,43.74900333333333,1.1385466666666701,spair,-0.1973191844953665,0.09473789499085344,1.5370155521857705,1.210589171794789,0.08841122813031937,-1.203607853929749,17.192181649862324,1.1385466666666701,tss
snapshots/spair_steps100_pretrainedTrue_freezeTrue_2025_12_10_19_45,spair_steps100_pretrainedTrue_freezeTrue_2025_12_10_19_45,spair,steps,100,True,True,2025_12_10_19_45,tss,5000,218391.84999999998,43.678369999999994,5,0.08746883633507463,0.10769247750341582,0.8923075224965842,0.46505151901629843,0.38896549216036236,0.6110345078396376,0.0,0.025221625095817962,0.9747783749041821,0.3337436318397522,0.0193899981677532,0.0006722325924783,-2.344939663080723,-2.1145310943693465,2.1145310943693465,-0.14002225199876672,-0.4516628046351722,0.4516628046351722,-13.815509557963773,-3.654508372119145,3.654508372119146,43.74900333333333,-0.07063333333333333,spair,-0.1973191844953665,0.09473789499085344,1.5370155521857705,1.210589171794789,0.08841122813031937,-1.203607853929749,17.192181649862324,-0.07063333333333333,tss
snapshots/spair_steps100_pretrainedTrue_freezeTrue_2025_12_12_11_46,spair_steps100_pretrainedTrue_freezeTrue_2025_12_12_11_46,spair,steps,100,True,True,2025_12_12_11_46,tss,5000,213405.45,42.681090000000005,5,0.08746883633507463,0.10769247750341582,0.8923075224965842,0.46505151901629843,0.38896549216036236,0.6110345078396376,0.0,0.025221625095817962,0.9747783749041821,0.3337436318397522,0.0193899981677532,0.0006722325924783,-2.344939663080723,-2.1145310943693465,2.1145310943693465,-0.14002225199876672,-0.4516628046351722,0.4516628046351722,-13.815509557963773,-3.654508372119145,3.654508372119146,43.74900333333333,-1.0679133333333226,spair,-0.1973191844953665,0.09473789499085344,1.5370155521857705,1.210589171794789,0.08841122813031937,-1.203607853929749,17.192181649862324,-1.0679133333333226,tss
snapshots/spair_synthetic_70_30_steps100_pretrainedTrue_freezeTrue_2025_12_16_15_25,spair_synthetic_70_30_steps100_pretrainedTrue_freezeTrue_2025_12_16_15_25,spair_synthetic_70_30,steps,100,True,True,2025_12_16_15_25,tss,5000,258315.44999999998,51.66309,5,0.19077339806906718,0.1645650664115198,0.8354349335884802,0.2618612033036381,0.43841706603412023,0.5615829339658798,0.0819948492857173,0.024532196662532094,0.9754678033374679,0.2300544083118438,0.0306596495211124,0.0001170697942143,-1.4449926529360002,-1.6246464352943235,1.6246464352943235,-1.036317273315061,-0.24758880113880802,0.24758880113880793,-2.4155465697020384,-3.6829307499231816,3.6829307499231794,43.74900333333333,7.91408666666667,spair,0.374906794340845,0.48537966521031284,-0.28541469412865,1.6800400072157788,-0.4482308876044879,-0.9107461735257302,19.810869713695382,7.91408666666667,tss
snapshots/spair_synthetic_steps100_pretrainedTrue_freezeTrue_2025_12_16_15_25,spair_synthetic_steps100_pretrainedTrue_freezeTrue_2025_12_16_15_25,spair_synthetic_50_50,steps,100,True,True,2025_12_16_15_25,tss,5000,258845.55,51.76911,5,0.2887271694037664,0.16349565733613536,0.8365043426638646,0.3033871081201548,0.42663095083904823,0.5733690491609518,0.06650098882825228,0.023776321994866435,0.9762236780051335,0.173820286989212,0.0421675592660903,0.0001616525987628,-0.901573892471838,-1.632445282533148,1.632445282533148,-0.8312202899747062,-0.29561021847652375,0.2956102184765238,-2.641723086562494,-3.7150015271433374,3.7150015271433365,43.74900333333333,8.02010666666667,spair,0.7204363962165822,0.47916074115419344,0.13160753290367624,1.569571774608717,-0.7392697903593392,-0.6116929304236327,18.142521256573843,8.02010666666667,tss
snapshots/synthetic_large_zoom_steps100_pretrainedTrue_freezeTrue_2025_12_11_10_14,synthetic_large_zoom_steps100_pretrainedTrue_freezeTrue_2025_12_11_10_14,synthetic_large_zoom,steps,100,True,True,2025_12_11_10_14,tss,5000,257381.40000000002,51.47628,5,0.1706890014809945,0.23730712353378713,0.7626928764662129,0.1928748852405142,0.338913314611434,0.661086685388566,0.05082468969454316,0.01847708691021671,0.9815229130897833,0.1073323190212249,0.0855816900730133,0.0003384025767445,-1.5807520379204743,-1.1675002471401175,1.1675002471401175,-1.4314369774406064,-0.6681406084793547,0.6681406084793545,-2.9272112590418677,-3.9725739393564417,3.9725739393564448,43.74900333333333,7.7272766666666755,spair,0.2885849930756238,0.8499152612561742,-1.0888087581229984,0.7126046949696295,-1.0833773319848696,0.5164994956539961,4.432897870807471,7.7272766666666755,tss
snapshots/synthetic_large_zoom_steps100_pretrainedTrue_freezeTrue_2025_12_13_11_43,synthetic_large_zoom_steps100_pretrainedTrue_freezeTrue_2025_12_13_11_43,synthetic_large_zoom,steps,100,True,True,2025_12_13_11_43,tss,5000,134958.7,26.991740000000004,3,0.1706890014809945,0.23730712353378713,0.7626928764662129,0.1928748852405142,0.338913314611434,0.661086685388566,0.05082468969454316,0.01847708691021671,0.9815229130897833,0.1073323190212249,0.0855816900730133,0.0003384025767445,-1.5807520379204743,-1.1675002471401175,1.1675002471401175,-1.4314369774406064,-0.6681406084793547,0.6681406084793545,-2.9272112590418677,-3.9725739393564417,3.9725739393564448,43.74900333333333,-16.757263333333324,spair,0.2885849930756238,0.8499152612561742,-1.0888087581229984,0.7126046949696295,-1.0833773319848696,0.5164994956539961,4.432897870807471,-16.757263333333324,tss
snapshots/synthetic_logsteps100_pretrainedTrue_freezeTrue_2025_12_10_12_06,synthetic_logsteps100_pretrainedTrue_freezeTrue_2025_12_10_12_06,synthetic,logsteps,100,True,True,2025_12_10_12_06,tss,5000,253747.24999999997,50.749449999999996,5,0.3495591863573936,0.17762807248006965,0.8223719275199304,0.23149990085233685,0.3367490918377315,0.6632509081622685,0.04887546388957982,0.018925150521315416,0.9810748494786846,0.1551232635974884,0.0803383141756057,0.0003567747771739,-0.6209774147305013,-1.5325008754601563,1.5325008754601563,-1.1998612467506131,-0.6778152438350924,0.6778152438350924,-2.96836949716193,-3.948157002955457,3.9481570029554587,43.74900333333333,7.000446666666669,spair,0.8988520054952982,0.5588579910665418,-0.6179474837827544,0.6903492113101177,-0.8360359715447653,0.3802411653688271,6.33970996367485,7.000446666666669,tss
snapshots/synthetic_random_flipping_steps100_pretrainedTrue_freezeTrue_2025_12_13_11_45,synthetic_random_flipping_steps100_pretrainedTrue_freezeTrue_2025_12_13_11_45,synthetic_random_flipping,steps,100,True,True,2025_12_13_11_45,tss,5000,128032.4,25.606479999999998,3,0.37226878325850576,0.11749350361138636,0.8825064963886137,0.23249109503563928,0.3345230946006758,0.6654769053993241,0.04789135174032361,0.019497100312699744,0.9805028996873002,0.1897538602352142,0.0865283459424972,0.0003557886520866,-0.5224959470202033,-2.0163831064852085,2.016383106485209,-1.1942981585815404,-0.6877980152629288,0.6877980152629286,-2.9897442147052775,-3.917799850388123,3.9177998503881204,43.74900333333333,-18.14252333333333,spair,0.9614708637419518,0.17300265184796923,-0.606636096459256,0.6673848929436282,-0.6568058064753369,0.5411000107904952,4.021099755815033,-18.14252333333333,tss
snapshots/synthetic_small_zoom_steps100_pretrainedTrue_freezeTrue_2025_12_11_07_40,synthetic_small_zoom_steps100_pretrainedTrue_freezeTrue_2025_12_11_07_40,synthetic_small_zoom,steps,100,True,True,2025_12_11_07_40,tss,5000,266840.9,53.36818,5,0.10217885735558188,0.2498118804717358,0.7501881195282643,0.20960221905037998,0.3344358102421152,0.6655641897578848,0.04742770338095707,0.01905225606438759,0.9809477439356125,0.1142255663871765,0.0850886106491088,0.0003663244715426,-2.1732460942848824,-1.0996158446210198,1.09961584462102,-1.3273247994634378,-0.6881901230925294,0.6881901230925294,-2.9999594885977463,-3.9413336668497716,3.9413336668497743,43.74900333333333,9.619176666666675,spair,-0.08814884517918517,0.9040473567996876,-0.877118212440155,0.6664828900180848,-1.0477014273451557,0.5036859609554027,3.538996151063578,9.619176666666675,tss
snapshots/synthetic_small_zoom_steps100_pretrainedTrue_freezeTrue_2025_12_13_11_36,synthetic_small_zoom_steps100_pretrainedTrue_freezeTrue_2025_12_13_11_36,synthetic_small_zoom,steps,100,True,True,2025_12_13_11_36,tss,5000,127521.3,25.504260000000002,3,0.10217885735558188,0.2498118804717358,0.7501881195282643,0.20960221905037998,0.3344358102421152,0.6655641897578848,0.04742770338095707,0.01905225606438759,0.9809477439356125,0.1142255663871765,0.0850886106491088,0.0003663244715426,-2.1732460942848824,-1.0996158446210198,1.09961584462102,-1.3273247994634378,-0.6881901230925294,0.6881901230925294,-2.9999594885977463,-3.9413336668497716,3.9413336668497743,43.74900333333333,-18.244743333333325,spair,-0.08814884517918517,0.9040473567996876,-0.877118212440155,0.6664828900180848,-1.0477014273451557,0.5036859609554027,3.538996151063578,-18.244743333333325,tss
snapshots/synthetic_steps100_pretrainedTrue_freezeTrue_2025_12_11_05_11,synthetic_steps100_pretrainedTrue_freezeTrue_2025_12_11_05_11,synthetic,steps,100,True,True,2025_12_11_05_11,tss,5000,129087.7,25.81754,3,0.3495591863573936,0.17762807248006965,0.8223719275199304,0.23149990085233685,0.3367490918377315,0.6632509081622685,0.04887546388957982,0.018925150521315416,0.9810748494786846,0.1551232635974884,0.0803383141756057,0.0003567747771739,-0.6209774147305013,-1.5325008754601563,1.5325008754601563,-1.1998612467506131,-0.6778152438350924,0.6778152438350924,-2.96836949716193,-3.948157002955457,3.9481570029554587,43.74900333333333,-17.931463333333326,spair,0.8988520054952982,0.5588579910665418,-0.6179474837827544,0.6903492113101177,-0.8360359715447653,0.3802411653688271,6.33970996367485,-17.931463333333326,tss
snapshots/synthetic_steps100_pretrainedTrue_freezeTrue_2025_12_12_23_46,synthetic_steps100_pretrainedTrue_freezeTrue_2025_12_12_23_46,synthetic,steps,100,True,True,2025_12_12_23_46,tss,5000,127698.5,25.5397,3,0.3495591863573936,0.17762807248006965,0.8223719275199304,0.23149990085233685,0.3367490918377315,0.6632509081622685,0.04887546388957982,0.018925150521315416,0.9810748494786846,0.1551232635974884,0.0803383141756057,0.0003567747771739,-0.6209774147305013,-1.5325008754601563,1.5325008754601563,-1.1998612467506131,-0.6778152438350924,0.6778152438350924,-2.96836949716193,-3.948157002955457,3.9481570029554587,43.74900333333333,-18.209303333333327,spair,0.8988520054952982,0.5588579910665418,-0.6179474837827544,0.6903492113101177,-0.8360359715447653,0.3802411653688271,6.33970996367485,-18.209303333333327,tss
