run_id,run_name,train_dataset,step_tag,logsteps,pretrained,freeze,timestamp,benchmark,auc_steps,auc,auc_normalized,auc_points,flow_train_to_eval_coverage,flow_eval_to_train_coverage,flow_outside_mass,flow_k,flow_radius_quantile,flow_radius_train,flow_radius_eval,flow_eval_to_train_mean_dist,flow_eval_to_train_median_dist,flow_eval_to_train_p90_dist,flow_train_to_eval_mean_dist,flow_train_to_eval_median_dist,flow_train_to_eval_p90_dist,resnet_train_to_eval_coverage,resnet_eval_to_train_coverage,resnet_outside_mass,resnet_k,resnet_radius_quantile,resnet_radius_train,resnet_radius_eval,resnet_eval_to_train_mean_dist,resnet_eval_to_train_median_dist,resnet_eval_to_train_p90_dist,resnet_train_to_eval_mean_dist,resnet_train_to_eval_median_dist,resnet_train_to_eval_p90_dist,dino_train_to_eval_coverage,dino_eval_to_train_coverage,dino_outside_mass,dino_k,dino_radius_quantile,dino_radius_train,dino_radius_eval,dino_eval_to_train_mean_dist,dino_eval_to_train_median_dist,dino_eval_to_train_p90_dist,dino_train_to_eval_mean_dist,dino_train_to_eval_median_dist,dino_train_to_eval_p90_dist,flow_mmd,feature_mmd,dino_mmd,flow_train_to_eval_mean_dist_over_radius_eval,flow_eval_to_train_mean_dist_over_radius_train,flow_mean_dist_asymmetry,flow_train_to_eval_median_dist_over_radius_eval,flow_eval_to_train_median_dist_over_radius_train,flow_median_dist_asymmetry,flow_train_to_eval_p90_dist_over_radius_eval,flow_eval_to_train_p90_dist_over_radius_train,flow_p90_dist_asymmetry,resnet_train_to_eval_mean_dist_over_radius_eval,resnet_eval_to_train_mean_dist_over_radius_train,resnet_mean_dist_asymmetry,resnet_train_to_eval_median_dist_over_radius_eval,resnet_eval_to_train_median_dist_over_radius_train,resnet_median_dist_asymmetry,resnet_train_to_eval_p90_dist_over_radius_eval,resnet_eval_to_train_p90_dist_over_radius_train,resnet_p90_dist_asymmetry,dino_train_to_eval_mean_dist_over_radius_eval,dino_eval_to_train_mean_dist_over_radius_train,dino_mean_dist_asymmetry,dino_train_to_eval_median_dist_over_radius_eval,dino_eval_to_train_median_dist_over_radius_train,dino_median_dist_asymmetry,dino_train_to_eval_p90_dist_over_radius_eval,dino_eval_to_train_p90_dist_over_radius_train,dino_p90_dist_asymmetry,flow_train_to_eval_coverage_logit,flow_eval_to_train_coverage_logit,flow_outside_mass_logit,resnet_train_to_eval_coverage_logit,resnet_eval_to_train_coverage_logit,resnet_outside_mass_logit,dino_train_to_eval_coverage_logit,dino_eval_to_train_coverage_logit,dino_outside_mass_logit,baseline_value,auc_delta,baseline_train_dataset,prediction,target,fold
snapshots/flyingthings_logsteps100_pretrainedFalse_freezeFalse_2025_12_10_06_22,flyingthings_logsteps100_pretrainedFalse_freezeFalse_2025_12_10_06_22,flyingthings,logsteps,100,False,False,2025_12_10_06_22,flyingthings,5000,325530.0,65.106,5,0.2881278415729718,0.34565760349198693,0.6543423965080131,5.0,,,,,,,,,,0.3487952899156292,0.3058993489574425,0.6941006510425576,5.0,,,,,,,,,,,,,,,,,,,,,,,-0.5352859245693777,-1.4305163174839417,,,,,,,,,,,,,,,,,,,,,,,,,,,,,0.5281923086476373,0.276970252295386,0.6381820567063843,1.0767543160017767,0.9389489875336187,0.8193608574425951,,,,2.08833,63.017669999999995,spair,15.94880605917656,63.017669999999995,flyingthings
snapshots/flyingthings_logsteps100_pretrainedFalse_freezeFalse_2025_12_10_06_22,flyingthings_logsteps100_pretrainedFalse_freezeFalse_2025_12_10_06_22,flyingthings,logsteps,100,False,False,2025_12_10_06_22,kitti2012,5000,356232.15,71.24643,5,0.3967592099207766,0.05555175406958679,0.9444482459304132,5.0,,,,,,,,,,0.3122427689177642,0.18469340791041775,0.8153065920895822,5.0,,,,,,,,,,,,,,,,,,,,,,,-0.41426263395540863,-0.9999709797595878,,,,,,,,,,,,,,,,,,,,,,,,,,,,,0.3020267043428813,0.022293825985547064,2.8332857982395603,0.7350076705332917,0.4772865800166643,1.4848670333387641,,,,4.8632566666666674,66.38317333333333,spair,12.724460261259589,66.38317333333333,flyingthings
snapshots/flyingthings_logsteps100_pretrainedFalse_freezeFalse_2025_12_10_06_22,flyingthings_logsteps100_pretrainedFalse_freezeFalse_2025_12_10_06_22,flyingthings,logsteps,100,False,False,2025_12_10_06_22,middlebury,5000,209433.2,41.88664,5,0.3079776202367685,0.06355418992293681,0.9364458100770632,5.0,,,,,,,,,,0.2856751430208541,0.3765924922120472,0.6234075077879528,5.0,,,,,,,,,,,,,,,,,,,,,,,-0.6155576284858091,-1.153403554061934,,,,,,,,,,,,,,,,,,,,,,,,,,,,,0.43333647249020757,0.1286337296041226,2.690198729317341,0.7281322245948647,0.4573028357330282,0.5040367302367845,,,,1.9837666666666667,39.90287333333333,spair,13.625235127160012,39.90287333333333,flyingthings
snapshots/flyingthings_logsteps100_pretrainedFalse_freezeFalse_2025_12_10_06_22,flyingthings_logsteps100_pretrainedFalse_freezeFalse_2025_12_10_06_22,flyingthings,logsteps,100,False,False,2025_12_10_06_22,pfpascal,5000,56400.1,11.28002,5,0.21984576739799097,0.2617520941640184,0.7382479058359817,5.0,,,,,,,,,,0.29925521056575094,0.18777360547523764,0.8122263945247623,5.0,,,,,,,,,,,,,,,,,,,,,,,-0.4131722338845923,-0.4880146813087614,,,,,,,,,,,,,,,,,,,,,,,,,,,,,0.41965463327291475,0.22409855135809875,1.0368818336150523,0.3570538602672116,0.00315618239492839,1.4645421013207967,,,,1.9410966666666667,9.338923333333334,spair,10.535209913431444,9.338923333333334,flyingthings
snapshots/flyingthings_logsteps100_pretrainedFalse_freezeFalse_2025_12_10_06_22,flyingthings_logsteps100_pretrainedFalse_freezeFalse_2025_12_10_06_22,flyingthings,logsteps,100,False,False,2025_12_10_06_22,pfwillow,5000,62861.049999999996,12.572209999999998,5,0.21034729496623183,0.13463451820723119,0.8653654817927688,5.0,,,,,,,,,,0.2840255378715558,0.15933285112117535,0.8406671488788247,5.0,,,,,,,,,,,,,,,,,,,,,,,-0.3020724247829814,-0.22009575197459677,,,,,,,,,,,,,,,,,,,,,,,,,,,,,0.3588732471135378,-0.16541554756118262,1.8605881053887634,0.0374410186306823,0.09645957001550441,1.6632003840808114,,,,3.3644433333333335,9.207766666666664,spair,8.269813481118293,9.207766666666664,flyingthings
snapshots/flyingthings_logsteps100_pretrainedFalse_freezeFalse_2025_12_10_06_22,flyingthings_logsteps100_pretrainedFalse_freezeFalse_2025_12_10_06_22,flyingthings,logsteps,100,False,False,2025_12_10_06_22,pointodyssey,5000,168110.3,33.62206,5,0.4082499450127766,0.021812824232873017,0.978187175767127,5.0,,,,,,,,,,0.1882881069376469,0.41394424094118654,0.5860557590588135,5.0,,,,,,,,,,,,,,,,,,,,,,,-0.38729742593001776,-0.8092922338098175,,,,,,,,,,,,,,,,,,,,,,,,,,,,,0.3916473057035759,-0.13145952838257452,3.8032029735912674,0.5983299849287192,0.325034963097746,0.34768365599014034,,,,2.2678866666666666,31.354173333333332,spair,11.170293463144688,31.354173333333332,flyingthings
snapshots/flyingthings_logsteps100_pretrainedFalse_freezeFalse_2025_12_10_06_22,flyingthings_logsteps100_pretrainedFalse_freezeFalse_2025_12_10_06_22,flyingthings,logsteps,100,False,False,2025_12_10_06_22,spair,5000,13290.550000000001,2.65811,5,0.09125962146328671,0.19656057662087867,0.8034394233791213,5.0,,,,,,,,,,0.347179910929156,0.18780731035308168,0.8121926896469183,5.0,,,,,,,,,,,,,,,,,,,,,,,-0.24753767495066745,-0.15732931550364426,,,,,,,,,,,,,,,,,,,,,,,,,,,,,0.28936609870922375,-1.3359427589509052,1.4079311296245203,0.4223306910785055,0.046107064072320035,1.4643211222464279,,,,2.0635033333333332,0.594606666666667,spair,5.163602795305671,0.594606666666667,flyingthings
snapshots/flyingthings_logsteps100_pretrainedFalse_freezeFalse_2025_12_10_06_22,flyingthings_logsteps100_pretrainedFalse_freezeFalse_2025_12_10_06_22,flyingthings,logsteps,100,False,False,2025_12_10_06_22,tss,5000,111742.95,22.348589999999998,5,0.25194177323437505,0.20679552125917458,0.7932044787408254,5.0,,,,,,,,,,0.31016024371844986,0.3222268636529011,0.6777731363470989,5.0,,,,,,,,,,,,,,,,,,,,,,,-0.32121804737150894,-0.6141711663948394,,,,,,,,,,,,,,,,,,,,,,,,,,,,,0.3936655545201129,0.027214937760565616,1.344350558004645,0.4529513131165798,0.12377712624630532,0.7435567818146176,,,,3.624926666666667,18.72366333333333,spair,10.426899692472864,18.72366333333333,flyingthings
snapshots/flyingthings_logsteps100_pretrainedTrue_freezeFalse_2025_12_10_01_43,flyingthings_logsteps100_pretrainedTrue_freezeFalse_2025_12_10_01_43,flyingthings,logsteps,100,True,False,2025_12_10_01_43,flyingthings,5000,360156.05,72.03121,5,0.2881278415729718,0.34565760349198693,0.6543423965080131,5.0,,,,,,,,,,0.3487952899156292,0.3058993489574425,0.6941006510425576,5.0,,,,,,,,,,,,,,,,,,,,,,,-0.5352859245693777,-1.4305163174839417,,,,,,,,,,,,,,,,,,,,,,,,,,,,,0.5281923086476373,0.276970252295386,0.6381820567063843,1.0767543160017767,0.9389489875336187,0.8193608574425951,,,,48.23252,23.79869,spair,15.94880605917656,23.79869,flyingthings
snapshots/flyingthings_logsteps100_pretrainedTrue_freezeFalse_2025_12_10_01_43,flyingthings_logsteps100_pretrainedTrue_freezeFalse_2025_12_10_01_43,flyingthings,logsteps,100,True,False,2025_12_10_01_43,kitti2012,5000,386865.65,77.37313,5,0.3967592099207766,0.05555175406958679,0.9444482459304132,5.0,,,,,,,,,,0.3122427689177642,0.18469340791041775,0.8153065920895822,5.0,,,,,,,,,,,,,,,,,,,,,,,-0.41426263395540863,-0.9999709797595878,,,,,,,,,,,,,,,,,,,,,,,,,,,,,0.3020267043428813,0.022293825985547064,2.8332857982395603,0.7350076705332917,0.4772865800166643,1.4848670333387641,,,,59.49418666666667,17.878943333333332,spair,12.724460261259589,17.878943333333332,flyingthings
snapshots/flyingthings_logsteps100_pretrainedTrue_freezeFalse_2025_12_10_01_43,flyingthings_logsteps100_pretrainedTrue_freezeFalse_2025_12_10_01_43,flyingthings,logsteps,100,True,False,2025_12_10_01_43,middlebury,5000,208389.55,41.67791,5,0.3079776202367685,0.06355418992293681,0.9364458100770632,5.0,,,,,,,,,,0.2856751430208541,0.3765924922120472,0.6234075077879528,5.0,,,,,,,,,,,,,,,,,,,,,,,-0.6155576284858091,-1.153403554061934,,,,,,,,,,,,,,,,,,,,,,,,,,,,,0.43333647249020757,0.1286337296041226,2.690198729317341,0.7281322245948647,0.4573028357330282,0.5040367302367845,,,,34.53024666666666,7.147663333333334,spair,13.625235127160012,7.147663333333334,flyingthings
snapshots/flyingthings_logsteps100_pretrainedTrue_freezeFalse_2025_12_10_01_43,flyingthings_logsteps100_pretrainedTrue_freezeFalse_2025_12_10_01_43,flyingthings,logsteps,100,True,False,2025_12_10_01_43,pfpascal,5000,167096.84999999998,33.419369999999994,5,0.21984576739799097,0.2617520941640184,0.7382479058359817,5.0,,,,,,,,,,0.29925521056575094,0.18777360547523764,0.8122263945247623,5.0,,,,,,,,,,,,,,,,,,,,,,,-0.4131722338845923,-0.4880146813087614,,,,,,,,,,,,,,,,,,,,,,,,,,,,,0.41965463327291475,0.22409855135809875,1.0368818336150523,0.3570538602672116,0.00315618239492839,1.4645421013207967,,,,23.19225,10.227119999999992,spair,10.535209913431444,10.227119999999992,flyingthings
snapshots/flyingthings_logsteps100_pretrainedTrue_freezeFalse_2025_12_10_01_43,flyingthings_logsteps100_pretrainedTrue_freezeFalse_2025_12_10_01_43,flyingthings,logsteps,100,True,False,2025_12_10_01_43,pfwillow,5000,183633.3,36.726659999999995,5,0.21034729496623183,0.13463451820723119,0.8653654817927688,5.0,,,,,,,,,,0.2840255378715558,0.15933285112117535,0.8406671488788247,5.0,,,,,,,,,,,,,,,,,,,,,,,-0.3020724247829814,-0.22009575197459677,,,,,,,,,,,,,,,,,,,,,,,,,,,,,0.3588732471135378,-0.16541554756118262,1.8605881053887634,0.0374410186306823,0.09645957001550441,1.6632003840808114,,,,27.67815333333333,9.048506666666665,spair,8.269813481118293,9.048506666666665,flyingthings
snapshots/flyingthings_logsteps100_pretrainedTrue_freezeFalse_2025_12_10_01_43,flyingthings_logsteps100_pretrainedTrue_freezeFalse_2025_12_10_01_43,flyingthings,logsteps,100,True,False,2025_12_10_01_43,pointodyssey,5000,174928.44999999998,34.98569,5,0.4082499450127766,0.021812824232873017,0.978187175767127,5.0,,,,,,,,,,0.1882881069376469,0.41394424094118654,0.5860557590588135,5.0,,,,,,,,,,,,,,,,,,,,,,,-0.38729742593001776,-0.8092922338098175,,,,,,,,,,,,,,,,,,,,,,,,,,,,,0.3916473057035759,-0.13145952838257452,3.8032029735912674,0.5983299849287192,0.325034963097746,0.34768365599014034,,,,24.839123333333333,10.146566666666665,spair,11.170293463144688,10.146566666666665,flyingthings
snapshots/flyingthings_logsteps100_pretrainedTrue_freezeFalse_2025_12_10_01_43,flyingthings_logsteps100_pretrainedTrue_freezeFalse_2025_12_10_01_43,flyingthings,logsteps,100,True,False,2025_12_10_01_43,spair,5000,59588.5,11.9177,5,0.09125962146328671,0.19656057662087867,0.8034394233791213,5.0,,,,,,,,,,0.347179910929156,0.18780731035308168,0.8121926896469183,5.0,,,,,,,,,,,,,,,,,,,,,,,-0.24753767495066745,-0.15732931550364426,,,,,,,,,,,,,,,,,,,,,,,,,,,,,0.28936609870922375,-1.3359427589509052,1.4079311296245203,0.4223306910785055,0.046107064072320035,1.4643211222464279,,,,16.234553333333334,-4.316853333333334,spair,5.163602795305671,-4.316853333333334,flyingthings
snapshots/flyingthings_logsteps100_pretrainedTrue_freezeFalse_2025_12_10_01_43,flyingthings_logsteps100_pretrainedTrue_freezeFalse_2025_12_10_01_43,flyingthings,logsteps,100,True,False,2025_12_10_01_43,tss,5000,255616.45,51.123290000000004,5,0.25194177323437505,0.20679552125917458,0.7932044787408254,5.0,,,,,,,,,,0.31016024371844986,0.3222268636529011,0.6777731363470989,5.0,,,,,,,,,,,,,,,,,,,,,,,-0.32121804737150894,-0.6141711663948394,,,,,,,,,,,,,,,,,,,,,,,,,,,,,0.3936655545201129,0.027214937760565616,1.344350558004645,0.4529513131165798,0.12377712624630532,0.7435567818146176,,,,39.87302333333333,11.250266666666676,spair,10.426899692472864,11.250266666666676,flyingthings
snapshots/flyingthings_logsteps100_pretrainedTrue_freezeTrue_2025_12_10_01_43,flyingthings_logsteps100_pretrainedTrue_freezeTrue_2025_12_10_01_43,flyingthings,logsteps,100,True,True,2025_12_10_01_43,flyingthings,5000,358527.39999999997,71.70548,5,0.2881278415729718,0.34565760349198693,0.6543423965080131,5.0,,,,,,,,,,0.3487952899156292,0.3058993489574425,0.6941006510425576,5.0,,,,,,,,,,,,,,,,,,,,,,,-0.5352859245693777,-1.4305163174839417,,,,,,,,,,,,,,,,,,,,,,,,,,,,,0.5281923086476373,0.276970252295386,0.6381820567063843,1.0767543160017767,0.9389489875336187,0.8193608574425951,,,,53.90556,17.799919999999993,spair,15.94880605917656,17.799919999999993,flyingthings
snapshots/flyingthings_logsteps100_pretrainedTrue_freezeTrue_2025_12_10_01_43,flyingthings_logsteps100_pretrainedTrue_freezeTrue_2025_12_10_01_43,flyingthings,logsteps,100,True,True,2025_12_10_01_43,kitti2012,5000,385347.94999999995,77.06958999999999,5,0.3967592099207766,0.05555175406958679,0.9444482459304132,5.0,,,,,,,,,,0.3122427689177642,0.18469340791041775,0.8153065920895822,5.0,,,,,,,,,,,,,,,,,,,,,,,-0.41426263395540863,-0.9999709797595878,,,,,,,,,,,,,,,,,,,,,,,,,,,,,0.3020267043428813,0.022293825985547064,2.8332857982395603,0.7350076705332917,0.4772865800166643,1.4848670333387641,,,,64.06846666666667,13.001123333333325,spair,12.724460261259589,13.001123333333325,flyingthings
snapshots/flyingthings_logsteps100_pretrainedTrue_freezeTrue_2025_12_10_01_43,flyingthings_logsteps100_pretrainedTrue_freezeTrue_2025_12_10_01_43,flyingthings,logsteps,100,True,True,2025_12_10_01_43,middlebury,5000,209086.35,41.81727,5,0.3079776202367685,0.06355418992293681,0.9364458100770632,5.0,,,,,,,,,,0.2856751430208541,0.3765924922120472,0.6234075077879528,5.0,,,,,,,,,,,,,,,,,,,,,,,-0.6155576284858091,-1.153403554061934,,,,,,,,,,,,,,,,,,,,,,,,,,,,,0.43333647249020757,0.1286337296041226,2.690198729317341,0.7281322245948647,0.4573028357330282,0.5040367302367845,,,,37.7005,4.1167700000000025,spair,13.625235127160012,4.1167700000000025,flyingthings
snapshots/flyingthings_logsteps100_pretrainedTrue_freezeTrue_2025_12_10_01_43,flyingthings_logsteps100_pretrainedTrue_freezeTrue_2025_12_10_01_43,flyingthings,logsteps,100,True,True,2025_12_10_01_43,pfpascal,5000,187974.85,37.59497,5,0.21984576739799097,0.2617520941640184,0.7382479058359817,5.0,,,,,,,,,,0.29925521056575094,0.18777360547523764,0.8122263945247623,5.0,,,,,,,,,,,,,,,,,,,,,,,-0.4131722338845923,-0.4880146813087614,,,,,,,,,,,,,,,,,,,,,,,,,,,,,0.41965463327291475,0.22409855135809875,1.0368818336150523,0.3570538602672116,0.00315618239492839,1.4645421013207967,,,,27.819223333333337,9.775746666666667,spair,10.535209913431444,9.775746666666667,flyingthings
snapshots/flyingthings_logsteps100_pretrainedTrue_freezeTrue_2025_12_10_01_43,flyingthings_logsteps100_pretrainedTrue_freezeTrue_2025_12_10_01_43,flyingthings,logsteps,100,True,True,2025_12_10_01_43,pfwillow,5000,206177.84999999998,41.235569999999996,5,0.21034729496623183,0.13463451820723119,0.8653654817927688,5.0,,,,,,,,,,0.2840255378715558,0.15933285112117535,0.8406671488788247,5.0,,,,,,,,,,,,,,,,,,,,,,,-0.3020724247829814,-0.22009575197459677,,,,,,,,,,,,,,,,,,,,,,,,,,,,,0.3588732471135378,-0.16541554756118262,1.8605881053887634,0.0374410186306823,0.09645957001550441,1.6632003840808114,,,,32.30222,8.933349999999997,spair,8.269813481118293,8.933349999999997,flyingthings
snapshots/flyingthings_logsteps100_pretrainedTrue_freezeTrue_2025_12_10_01_43,flyingthings_logsteps100_pretrainedTrue_freezeTrue_2025_12_10_01_43,flyingthings,logsteps,100,True,True,2025_12_10_01_43,pointodyssey,5000,194448.65,38.88973,5,0.4082499450127766,0.021812824232873017,0.978187175767127,5.0,,,,,,,,,,0.1882881069376469,0.41394424094118654,0.5860557590588135,5.0,,,,,,,,,,,,,,,,,,,,,,,-0.38729742593001776,-0.8092922338098175,,,,,,,,,,,,,,,,,,,,,,,,,,,,,0.3916473057035759,-0.13145952838257452,3.8032029735912674,0.5983299849287192,0.325034963097746,0.34768365599014034,,,,24.515383333333332,14.374346666666668,spair,11.170293463144688,14.374346666666668,flyingthings
snapshots/flyingthings_logsteps100_pretrainedTrue_freezeTrue_2025_12_10_01_43,flyingthings_logsteps100_pretrainedTrue_freezeTrue_2025_12_10_01_43,flyingthings,logsteps,100,True,True,2025_12_10_01_43,spair,5000,67824.6,13.56492,5,0.09125962146328671,0.19656057662087867,0.8034394233791213,5.0,,,,,,,,,,0.347179910929156,0.18780731035308168,0.8121926896469183,5.0,,,,,,,,,,,,,,,,,,,,,,,-0.24753767495066745,-0.15732931550364426,,,,,,,,,,,,,,,,,,,,,,,,,,,,,0.28936609870922375,-1.3359427589509052,1.4079311296245203,0.4223306910785055,0.046107064072320035,1.4643211222464279,,,,19.357693333333334,-5.792773333333333,spair,5.163602795305671,-5.792773333333333,flyingthings
snapshots/flyingthings_logsteps100_pretrainedTrue_freezeTrue_2025_12_10_01_43,flyingthings_logsteps100_pretrainedTrue_freezeTrue_2025_12_10_01_43,flyingthings,logsteps,100,True,True,2025_12_10_01_43,tss,5000,263145.85,52.629169999999995,5,0.25194177323437505,0.20679552125917458,0.7932044787408254,5.0,,,,,,,,,,0.31016024371844986,0.3222268636529011,0.6777731363470989,5.0,,,,,,,,,,,,,,,,,,,,,,,-0.32121804737150894,-0.6141711663948394,,,,,,,,,,,,,,,,,,,,,,,,,,,,,0.3936655545201129,0.027214937760565616,1.344350558004645,0.4529513131165798,0.12377712624630532,0.7435567818146176,,,,43.74900333333333,8.880166666666668,spair,10.426899692472864,8.880166666666668,flyingthings
snapshots/flyingthings_steps100_pretrainedFalse_freezeFalse_2025_12_10_19_41,flyingthings_steps100_pretrainedFalse_freezeFalse_2025_12_10_19_41,flyingthings,steps,100,False,False,2025_12_10_19_41,flyingthings,5000,332435.94999999995,66.48718999999998,5,0.2881278415729718,0.34565760349198693,0.6543423965080131,5.0,,,,,,,,,,0.3487952899156292,0.3058993489574425,0.6941006510425576,5.0,,,,,,,,,,,,,,,,,,,,,,,-0.5352859245693777,-1.4305163174839417,,,,,,,,,,,,,,,,,,,,,,,,,,,,,0.5281923086476373,0.276970252295386,0.6381820567063843,1.0767543160017767,0.9389489875336187,0.8193608574425951,,,,2.08833,64.39885999999998,spair,15.94880605917656,64.39885999999998,flyingthings
snapshots/flyingthings_steps100_pretrainedFalse_freezeFalse_2025_12_10_19_41,flyingthings_steps100_pretrainedFalse_freezeFalse_2025_12_10_19_41,flyingthings,steps,100,False,False,2025_12_10_19_41,kitti2012,5000,356160.25,71.23205,5,0.3967592099207766,0.05555175406958679,0.9444482459304132,5.0,,,,,,,,,,0.3122427689177642,0.18469340791041775,0.8153065920895822,5.0,,,,,,,,,,,,,,,,,,,,,,,-0.41426263395540863,-0.9999709797595878,,,,,,,,,,,,,,,,,,,,,,,,,,,,,0.3020267043428813,0.022293825985547064,2.8332857982395603,0.7350076705332917,0.4772865800166643,1.4848670333387641,,,,4.8632566666666674,66.36879333333333,spair,12.724460261259589,66.36879333333333,flyingthings
snapshots/flyingthings_steps100_pretrainedFalse_freezeFalse_2025_12_10_19_41,flyingthings_steps100_pretrainedFalse_freezeFalse_2025_12_10_19_41,flyingthings,steps,100,False,False,2025_12_10_19_41,middlebury,5000,209441.59999999998,41.88831999999999,5,0.3079776202367685,0.06355418992293681,0.9364458100770632,5.0,,,,,,,,,,0.2856751430208541,0.3765924922120472,0.6234075077879528,5.0,,,,,,,,,,,,,,,,,,,,,,,-0.6155576284858091,-1.153403554061934,,,,,,,,,,,,,,,,,,,,,,,,,,,,,0.43333647249020757,0.1286337296041226,2.690198729317341,0.7281322245948647,0.4573028357330282,0.5040367302367845,,,,1.9837666666666667,39.904553333333325,spair,13.625235127160012,39.904553333333325,flyingthings
snapshots/flyingthings_steps100_pretrainedFalse_freezeFalse_2025_12_10_19_41,flyingthings_steps100_pretrainedFalse_freezeFalse_2025_12_10_19_41,flyingthings,steps,100,False,False,2025_12_10_19_41,pfpascal,5000,61360.0,12.272,5,0.21984576739799097,0.2617520941640184,0.7382479058359817,5.0,,,,,,,,,,0.29925521056575094,0.18777360547523764,0.8122263945247623,5.0,,,,,,,,,,,,,,,,,,,,,,,-0.4131722338845923,-0.4880146813087614,,,,,,,,,,,,,,,,,,,,,,,,,,,,,0.41965463327291475,0.22409855135809875,1.0368818336150523,0.3570538602672116,0.00315618239492839,1.4645421013207967,,,,1.9410966666666667,10.330903333333334,spair,10.535209913431444,10.330903333333334,flyingthings
snapshots/flyingthings_steps100_pretrainedFalse_freezeFalse_2025_12_10_19_41,flyingthings_steps100_pretrainedFalse_freezeFalse_2025_12_10_19_41,flyingthings,steps,100,False,False,2025_12_10_19_41,pfwillow,5000,68583.35,13.71667,5,0.21034729496623183,0.13463451820723119,0.8653654817927688,5.0,,,,,,,,,,0.2840255378715558,0.15933285112117535,0.8406671488788247,5.0,,,,,,,,,,,,,,,,,,,,,,,-0.3020724247829814,-0.22009575197459677,,,,,,,,,,,,,,,,,,,,,,,,,,,,,0.3588732471135378,-0.16541554756118262,1.8605881053887634,0.0374410186306823,0.09645957001550441,1.6632003840808114,,,,3.3644433333333335,10.352226666666667,spair,8.269813481118293,10.352226666666667,flyingthings
snapshots/flyingthings_steps100_pretrainedFalse_freezeFalse_2025_12_10_19_41,flyingthings_steps100_pretrainedFalse_freezeFalse_2025_12_10_19_41,flyingthings,steps,100,False,False,2025_12_10_19_41,pointodyssey,5000,130240.70000000001,26.048140000000004,5,0.4082499450127766,0.021812824232873017,0.978187175767127,5.0,,,,,,,,,,0.1882881069376469,0.41394424094118654,0.5860557590588135,5.0,,,,,,,,,,,,,,,,,,,,,,,-0.38729742593001776,-0.8092922338098175,,,,,,,,,,,,,,,,,,,,,,,,,,,,,0.3916473057035759,-0.13145952838257452,3.8032029735912674,0.5983299849287192,0.325034963097746,0.34768365599014034,,,,2.2678866666666666,23.780253333333338,spair,11.170293463144688,23.780253333333338,flyingthings
snapshots/flyingthings_steps100_pretrainedFalse_freezeFalse_2025_12_10_19_41,flyingthings_steps100_pretrainedFalse_freezeFalse_2025_12_10_19_41,flyingthings,steps,100,False,False,2025_12_10_19_41,spair,5000,13430.75,2.68615,5,0.09125962146328671,0.19656057662087867,0.8034394233791213,5.0,,,,,,,,,,0.347179910929156,0.18780731035308168,0.8121926896469183,5.0,,,,,,,,,,,,,,,,,,,,,,,-0.24753767495066745,-0.15732931550364426,,,,,,,,,,,,,,,,,,,,,,,,,,,,,0.28936609870922375,-1.3359427589509052,1.4079311296245203,0.4223306910785055,0.046107064072320035,1.4643211222464279,,,,2.0635033333333332,0.6226466666666668,spair,5.163602795305671,0.6226466666666668,flyingthings
snapshots/flyingthings_steps100_pretrainedFalse_freezeFalse_2025_12_10_19_41,flyingthings_steps100_pretrainedFalse_freezeFalse_2025_12_10_19_41,flyingthings,steps,100,False,False,2025_12_10_19_41,tss,5000,125589.8,25.11796,5,0.25194177323437505,0.20679552125917458,0.7932044787408254,5.0,,,,,,,,,,0.31016024371844986,0.3222268636529011,0.6777731363470989,5.0,,,,,,,,,,,,,,,,,,,,,,,-0.32121804737150894,-0.6141711663948394,,,,,,,,,,,,,,,,,,,,,,,,,,,,,0.3936655545201129,0.027214937760565616,1.344350558004645,0.4529513131165798,0.12377712624630532,0.7435567818146176,,,,3.624926666666667,21.493033333333333,spair,10.426899692472864,21.493033333333333,flyingthings
snapshots/flyingthings_steps100_pretrainedFalse_freezeFalse_2025_12_12_11_46,flyingthings_steps100_pretrainedFalse_freezeFalse_2025_12_12_11_46,flyingthings,steps,100,False,False,2025_12_12_11_46,flyingthings,5000,329197.19999999995,65.83944,5,0.2881278415729718,0.34565760349198693,0.6543423965080131,5.0,,,,,,,,,,0.3487952899156292,0.3058993489574425,0.6941006510425576,5.0,,,,,,,,,,,,,,,,,,,,,,,-0.5352859245693777,-1.4305163174839417,,,,,,,,,,,,,,,,,,,,,,,,,,,,,0.5281923086476373,0.276970252295386,0.6381820567063843,1.0767543160017767,0.9389489875336187,0.8193608574425951,,,,2.08833,63.75111,spair,15.94880605917656,63.75111,flyingthings
snapshots/flyingthings_steps100_pretrainedFalse_freezeFalse_2025_12_12_11_46,flyingthings_steps100_pretrainedFalse_freezeFalse_2025_12_12_11_46,flyingthings,steps,100,False,False,2025_12_12_11_46,kitti2012,5000,345523.6,69.10472,5,0.3967592099207766,0.05555175406958679,0.9444482459304132,5.0,,,,,,,,,,0.3122427689177642,0.18469340791041775,0.8153065920895822,5.0,,,,,,,,,,,,,,,,,,,,,,,-0.41426263395540863,-0.9999709797595878,,,,,,,,,,,,,,,,,,,,,,,,,,,,,0.3020267043428813,0.022293825985547064,2.8332857982395603,0.7350076705332917,0.4772865800166643,1.4848670333387641,,,,4.8632566666666674,64.24146333333333,spair,12.724460261259589,64.24146333333333,flyingthings
snapshots/flyingthings_steps100_pretrainedFalse_freezeFalse_2025_12_12_11_46,flyingthings_steps100_pretrainedFalse_freezeFalse_2025_12_12_11_46,flyingthings,steps,100,False,False,2025_12_12_11_46,middlebury,5000,204758.95,40.95179,5,0.3079776202367685,0.06355418992293681,0.9364458100770632,5.0,,,,,,,,,,0.2856751430208541,0.3765924922120472,0.6234075077879528,5.0,,,,,,,,,,,,,,,,,,,,,,,-0.6155576284858091,-1.153403554061934,,,,,,,,,,,,,,,,,,,,,,,,,,,,,0.43333647249020757,0.1286337296041226,2.690198729317341,0.7281322245948647,0.4573028357330282,0.5040367302367845,,,,1.9837666666666667,38.968023333333335,spair,13.625235127160012,38.968023333333335,flyingthings
snapshots/flyingthings_steps100_pretrainedFalse_freezeFalse_2025_12_12_11_46,flyingthings_steps100_pretrainedFalse_freezeFalse_2025_12_12_11_46,flyingthings,steps,100,False,False,2025_12_12_11_46,pfpascal,5000,56690.75,11.33815,5,0.21984576739799097,0.2617520941640184,0.7382479058359817,5.0,,,,,,,,,,0.29925521056575094,0.18777360547523764,0.8122263945247623,5.0,,,,,,,,,,,,,,,,,,,,,,,-0.4131722338845923,-0.4880146813087614,,,,,,,,,,,,,,,,,,,,,,,,,,,,,0.41965463327291475,0.22409855135809875,1.0368818336150523,0.3570538602672116,0.00315618239492839,1.4645421013207967,,,,1.9410966666666667,9.397053333333334,spair,10.535209913431444,9.397053333333334,flyingthings
snapshots/flyingthings_steps100_pretrainedFalse_freezeFalse_2025_12_12_11_46,flyingthings_steps100_pretrainedFalse_freezeFalse_2025_12_12_11_46,flyingthings,steps,100,False,False,2025_12_12_11_46,pfwillow,5000,66288.95,13.25779,5,0.21034729496623183,0.13463451820723119,0.8653654817927688,5.0,,,,,,,,,,0.2840255378715558,0.15933285112117535,0.8406671488788247,5.0,,,,,,,,,,,,,,,,,,,,,,,-0.3020724247829814,-0.22009575197459677,,,,,,,,,,,,,,,,,,,,,,,,,,,,,0.3588732471135378,-0.16541554756118262,1.8605881053887634,0.0374410186306823,0.09645957001550441,1.6632003840808114,,,,3.3644433333333335,9.893346666666666,spair,8.269813481118293,9.893346666666666,flyingthings
snapshots/flyingthings_steps100_pretrainedFalse_freezeFalse_2025_12_12_11_46,flyingthings_steps100_pretrainedFalse_freezeFalse_2025_12_12_11_46,flyingthings,steps,100,False,False,2025_12_12_11_46,pointodyssey,5000,162446.65000000002,32.48933,5,0.4082499450127766,0.021812824232873017,0.978187175767127,5.0,,,,,,,,,,0.1882881069376469,0.41394424094118654,0.5860557590588135,5.0,,,,,,,,,,,,,,,,,,,,,,,-0.38729742593001776,-0.8092922338098175,,,,,,,,,,,,,,,,,,,,,,,,,,,,,0.3916473057035759,-0.13145952838257452,3.8032029735912674,0.5983299849287192,0.325034963097746,0.34768365599014034,,,,2.2678866666666666,30.221443333333337,spair,11.170293463144688,30.221443333333337,flyingthings
snapshots/flyingthings_steps100_pretrainedFalse_freezeFalse_2025_12_12_11_46,flyingthings_steps100_pretrainedFalse_freezeFalse_2025_12_12_11_46,flyingthings,steps,100,False,False,2025_12_12_11_46,spair,5000,13688.099999999999,2.7376199999999997,5,0.09125962146328671,0.19656057662087867,0.8034394233791213,5.0,,,,,,,,,,0.347179910929156,0.18780731035308168,0.8121926896469183,5.0,,,,,,,,,,,,,,,,,,,,,,,-0.24753767495066745,-0.15732931550364426,,,,,,,,,,,,,,,,,,,,,,,,,,,,,0.28936609870922375,-1.3359427589509052,1.4079311296245203,0.4223306910785055,0.046107064072320035,1.4643211222464279,,,,2.0635033333333332,0.6741166666666665,spair,5.163602795305671,0.6741166666666665,flyingthings
snapshots/flyingthings_steps100_pretrainedFalse_freezeFalse_2025_12_12_11_46,flyingthings_steps100_pretrainedFalse_freezeFalse_2025_12_12_11_46,flyingthings,steps,100,False,False,2025_12_12_11_46,tss,5000,111590.70000000001,22.318140000000003,5,0.25194177323437505,0.20679552125917458,0.7932044787408254,5.0,,,,,,,,,,0.31016024371844986,0.3222268636529011,0.6777731363470989,5.0,,,,,,,,,,,,,,,,,,,,,,,-0.32121804737150894,-0.6141711663948394,,,,,,,,,,,,,,,,,,,,,,,,,,,,,0.3936655545201129,0.027214937760565616,1.344350558004645,0.4529513131165798,0.12377712624630532,0.7435567818146176,,,,3.624926666666667,18.693213333333336,spair,10.426899692472864,18.693213333333336,flyingthings
snapshots/flyingthings_steps100_pretrainedTrue_freezeFalse_2025_12_10_18_38,flyingthings_steps100_pretrainedTrue_freezeFalse_2025_12_10_18_38,flyingthings,steps,100,True,False,2025_12_10_18_38,flyingthings,5000,359820.25,71.96405,5,0.2881278415729718,0.34565760349198693,0.6543423965080131,5.0,,,,,,,,,,0.3487952899156292,0.3058993489574425,0.6941006510425576,5.0,,,,,,,,,,,,,,,,,,,,,,,-0.5352859245693777,-1.4305163174839417,,,,,,,,,,,,,,,,,,,,,,,,,,,,,0.5281923086476373,0.276970252295386,0.6381820567063843,1.0767543160017767,0.9389489875336187,0.8193608574425951,,,,48.23252,23.73153,spair,15.94880605917656,23.73153,flyingthings
snapshots/flyingthings_steps100_pretrainedTrue_freezeFalse_2025_12_10_18_38,flyingthings_steps100_pretrainedTrue_freezeFalse_2025_12_10_18_38,flyingthings,steps,100,True,False,2025_12_10_18_38,kitti2012,5000,384327.14999999997,76.86542999999999,5,0.3967592099207766,0.05555175406958679,0.9444482459304132,5.0,,,,,,,,,,0.3122427689177642,0.18469340791041775,0.8153065920895822,5.0,,,,,,,,,,,,,,,,,,,,,,,-0.41426263395540863,-0.9999709797595878,,,,,,,,,,,,,,,,,,,,,,,,,,,,,0.3020267043428813,0.022293825985547064,2.8332857982395603,0.7350076705332917,0.4772865800166643,1.4848670333387641,,,,59.49418666666667,17.371243333333318,spair,12.724460261259589,17.371243333333318,flyingthings
snapshots/flyingthings_steps100_pretrainedTrue_freezeFalse_2025_12_10_18_38,flyingthings_steps100_pretrainedTrue_freezeFalse_2025_12_10_18_38,flyingthings,steps,100,True,False,2025_12_10_18_38,middlebury,5000,207869.7,41.57394,5,0.3079776202367685,0.06355418992293681,0.9364458100770632,5.0,,,,,,,,,,0.2856751430208541,0.3765924922120472,0.6234075077879528,5.0,,,,,,,,,,,,,,,,,,,,,,,-0.6155576284858091,-1.153403554061934,,,,,,,,,,,,,,,,,,,,,,,,,,,,,0.43333647249020757,0.1286337296041226,2.690198729317341,0.7281322245948647,0.4573028357330282,0.5040367302367845,,,,34.53024666666666,7.043693333333337,spair,13.625235127160012,7.043693333333337,flyingthings
snapshots/flyingthings_steps100_pretrainedTrue_freezeFalse_2025_12_10_18_38,flyingthings_steps100_pretrainedTrue_freezeFalse_2025_12_10_18_38,flyingthings,steps,100,True,False,2025_12_10_18_38,pfpascal,5000,179224.94999999998,35.844989999999996,5,0.21984576739799097,0.2617520941640184,0.7382479058359817,5.0,,,,,,,,,,0.29925521056575094,0.18777360547523764,0.8122263945247623,5.0,,,,,,,,,,,,,,,,,,,,,,,-0.4131722338845923,-0.4880146813087614,,,,,,,,,,,,,,,,,,,,,,,,,,,,,0.41965463327291475,0.22409855135809875,1.0368818336150523,0.3570538602672116,0.00315618239492839,1.4645421013207967,,,,23.19225,12.652739999999994,spair,10.535209913431444,12.652739999999994,flyingthings
snapshots/flyingthings_steps100_pretrainedTrue_freezeFalse_2025_12_10_18_38,flyingthings_steps100_pretrainedTrue_freezeFalse_2025_12_10_18_38,flyingthings,steps,100,True,False,2025_12_10_18_38,pfwillow,5000,189577.75,37.91555,5,0.21034729496623183,0.13463451820723119,0.8653654817927688,5.0,,,,,,,,,,0.2840255378715558,0.15933285112117535,0.8406671488788247,5.0,,,,,,,,,,,,,,,,,,,,,,,-0.3020724247829814,-0.22009575197459677,,,,,,,,,,,,,,,,,,,,,,,,,,,,,0.3588732471135378,-0.16541554756118262,1.8605881053887634,0.0374410186306823,0.09645957001550441,1.6632003840808114,,,,27.67815333333333,10.237396666666672,spair,8.269813481118293,10.237396666666672,flyingthings
snapshots/flyingthings_steps100_pretrainedTrue_freezeFalse_2025_12_10_18_38,flyingthings_steps100_pretrainedTrue_freezeFalse_2025_12_10_18_38,flyingthings,steps,100,True,False,2025_12_10_18_38,pointodyssey,5000,171590.8,34.31816,5,0.4082499450127766,0.021812824232873017,0.978187175767127,5.0,,,,,,,,,,0.1882881069376469,0.41394424094118654,0.5860557590588135,5.0,,,,,,,,,,,,,,,,,,,,,,,-0.38729742593001776,-0.8092922338098175,,,,,,,,,,,,,,,,,,,,,,,,,,,,,0.3916473057035759,-0.13145952838257452,3.8032029735912674,0.5983299849287192,0.325034963097746,0.34768365599014034,,,,24.839123333333333,9.479036666666666,spair,11.170293463144688,9.479036666666666,flyingthings
snapshots/flyingthings_steps100_pretrainedTrue_freezeFalse_2025_12_10_18_38,flyingthings_steps100_pretrainedTrue_freezeFalse_2025_12_10_18_38,flyingthings,steps,100,True,False,2025_12_10_18_38,spair,5000,63285.850000000006,12.65717,5,0.09125962146328671,0.19656057662087867,0.8034394233791213,5.0,,,,,,,,,,0.347179910929156,0.18780731035308168,0.8121926896469183,5.0,,,,,,,,,,,,,,,,,,,,,,,-0.24753767495066745,-0.15732931550364426,,,,,,,,,,,,,,,,,,,,,,,,,,,,,0.28936609870922375,-1.3359427589509052,1.4079311296245203,0.4223306910785055,0.046107064072320035,1.4643211222464279,,,,16.234553333333334,-3.5773833333333336,spair,5.163602795305671,-3.5773833333333336,flyingthings
snapshots/flyingthings_steps100_pretrainedTrue_freezeFalse_2025_12_10_18_38,flyingthings_steps100_pretrainedTrue_freezeFalse_2025_12_10_18_38,flyingthings,steps,100,True,False,2025_12_10_18_38,tss,5000,259868.75,51.97375,5,0.25194177323437505,0.20679552125917458,0.7932044787408254,5.0,,,,,,,,,,0.31016024371844986,0.3222268636529011,0.6777731363470989,5.0,,,,,,,,,,,,,,,,,,,,,,,-0.32121804737150894,-0.6141711663948394,,,,,,,,,,,,,,,,,,,,,,,,,,,,,0.3936655545201129,0.027214937760565616,1.344350558004645,0.4529513131165798,0.12377712624630532,0.7435567818146176,,,,39.87302333333333,12.100726666666674,spair,10.426899692472864,12.100726666666674,flyingthings
snapshots/flyingthings_steps100_pretrainedTrue_freezeFalse_2025_12_12_11_46,flyingthings_steps100_pretrainedTrue_freezeFalse_2025_12_12_11_46,flyingthings,steps,100,True,False,2025_12_12_11_46,flyingthings,5000,360656.7,72.13134000000001,5,0.2881278415729718,0.34565760349198693,0.6543423965080131,5.0,,,,,,,,,,0.3487952899156292,0.3058993489574425,0.6941006510425576,5.0,,,,,,,,,,,,,,,,,,,,,,,-0.5352859245693777,-1.4305163174839417,,,,,,,,,,,,,,,,,,,,,,,,,,,,,0.5281923086476373,0.276970252295386,0.6381820567063843,1.0767543160017767,0.9389489875336187,0.8193608574425951,,,,48.23252,23.898820000000008,spair,15.94880605917656,23.898820000000008,flyingthings
snapshots/flyingthings_steps100_pretrainedTrue_freezeFalse_2025_12_12_11_46,flyingthings_steps100_pretrainedTrue_freezeFalse_2025_12_12_11_46,flyingthings,steps,100,True,False,2025_12_12_11_46,kitti2012,5000,385018.15,77.00363,5,0.3967592099207766,0.05555175406958679,0.9444482459304132,5.0,,,,,,,,,,0.3122427689177642,0.18469340791041775,0.8153065920895822,5.0,,,,,,,,,,,,,,,,,,,,,,,-0.41426263395540863,-0.9999709797595878,,,,,,,,,,,,,,,,,,,,,,,,,,,,,0.3020267043428813,0.022293825985547064,2.8332857982395603,0.7350076705332917,0.4772865800166643,1.4848670333387641,,,,59.49418666666667,17.50944333333333,spair,12.724460261259589,17.50944333333333,flyingthings
snapshots/flyingthings_steps100_pretrainedTrue_freezeFalse_2025_12_12_11_46,flyingthings_steps100_pretrainedTrue_freezeFalse_2025_12_12_11_46,flyingthings,steps,100,True,False,2025_12_12_11_46,middlebury,5000,209132.80000000002,41.82656,5,0.3079776202367685,0.06355418992293681,0.9364458100770632,5.0,,,,,,,,,,0.2856751430208541,0.3765924922120472,0.6234075077879528,5.0,,,,,,,,,,,,,,,,,,,,,,,-0.6155576284858091,-1.153403554061934,,,,,,,,,,,,,,,,,,,,,,,,,,,,,0.43333647249020757,0.1286337296041226,2.690198729317341,0.7281322245948647,0.4573028357330282,0.5040367302367845,,,,34.53024666666666,7.296313333333337,spair,13.625235127160012,7.296313333333337,flyingthings
snapshots/flyingthings_steps100_pretrainedTrue_freezeFalse_2025_12_12_11_46,flyingthings_steps100_pretrainedTrue_freezeFalse_2025_12_12_11_46,flyingthings,steps,100,True,False,2025_12_12_11_46,pfpascal,5000,173037.8,34.60756,5,0.21984576739799097,0.2617520941640184,0.7382479058359817,5.0,,,,,,,,,,0.29925521056575094,0.18777360547523764,0.8122263945247623,5.0,,,,,,,,,,,,,,,,,,,,,,,-0.4131722338845923,-0.4880146813087614,,,,,,,,,,,,,,,,,,,,,,,,,,,,,0.41965463327291475,0.22409855135809875,1.0368818336150523,0.3570538602672116,0.00315618239492839,1.4645421013207967,,,,23.19225,11.415309999999998,spair,10.535209913431444,11.415309999999998,flyingthings
snapshots/flyingthings_steps100_pretrainedTrue_freezeFalse_2025_12_12_11_46,flyingthings_steps100_pretrainedTrue_freezeFalse_2025_12_12_11_46,flyingthings,steps,100,True,False,2025_12_12_11_46,pfwillow,5000,184444.40000000002,36.88888000000001,5,0.21034729496623183,0.13463451820723119,0.8653654817927688,5.0,,,,,,,,,,0.2840255378715558,0.15933285112117535,0.8406671488788247,5.0,,,,,,,,,,,,,,,,,,,,,,,-0.3020724247829814,-0.22009575197459677,,,,,,,,,,,,,,,,,,,,,,,,,,,,,0.3588732471135378,-0.16541554756118262,1.8605881053887634,0.0374410186306823,0.09645957001550441,1.6632003840808114,,,,27.67815333333333,9.210726666666677,spair,8.269813481118293,9.210726666666677,flyingthings
snapshots/flyingthings_steps100_pretrainedTrue_freezeFalse_2025_12_12_11_46,flyingthings_steps100_pretrainedTrue_freezeFalse_2025_12_12_11_46,flyingthings,steps,100,True,False,2025_12_12_11_46,pointodyssey,5000,171724.7,34.34494,5,0.4082499450127766,0.021812824232873017,0.978187175767127,5.0,,,,,,,,,,0.1882881069376469,0.41394424094118654,0.5860557590588135,5.0,,,,,,,,,,,,,,,,,,,,,,,-0.38729742593001776,-0.8092922338098175,,,,,,,,,,,,,,,,,,,,,,,,,,,,,0.3916473057035759,-0.13145952838257452,3.8032029735912674,0.5983299849287192,0.325034963097746,0.34768365599014034,,,,24.839123333333333,9.505816666666668,spair,11.170293463144688,9.505816666666668,flyingthings
snapshots/flyingthings_steps100_pretrainedTrue_freezeFalse_2025_12_12_11_46,flyingthings_steps100_pretrainedTrue_freezeFalse_2025_12_12_11_46,flyingthings,steps,100,True,False,2025_12_12_11_46,spair,5000,59818.45,11.96369,5,0.09125962146328671,0.19656057662087867,0.8034394233791213,5.0,,,,,,,,,,0.347179910929156,0.18780731035308168,0.8121926896469183,5.0,,,,,,,,,,,,,,,,,,,,,,,-0.24753767495066745,-0.15732931550364426,,,,,,,,,,,,,,,,,,,,,,,,,,,,,0.28936609870922375,-1.3359427589509052,1.4079311296245203,0.4223306910785055,0.046107064072320035,1.4643211222464279,,,,16.234553333333334,-4.270863333333335,spair,5.163602795305671,-4.270863333333335,flyingthings
snapshots/flyingthings_steps100_pretrainedTrue_freezeFalse_2025_12_12_11_46,flyingthings_steps100_pretrainedTrue_freezeFalse_2025_12_12_11_46,flyingthings,steps,100,True,False,2025_12_12_11_46,tss,5000,258596.05,51.71921,5,0.25194177323437505,0.20679552125917458,0.7932044787408254,5.0,,,,,,,,,,0.31016024371844986,0.3222268636529011,0.6777731363470989,5.0,,,,,,,,,,,,,,,,,,,,,,,-0.32121804737150894,-0.6141711663948394,,,,,,,,,,,,,,,,,,,,,,,,,,,,,0.3936655545201129,0.027214937760565616,1.344350558004645,0.4529513131165798,0.12377712624630532,0.7435567818146176,,,,39.87302333333333,11.846186666666668,spair,10.426899692472864,11.846186666666668,flyingthings
snapshots/flyingthings_steps100_pretrainedTrue_freezeTrue_2025_12_10_17_12,flyingthings_steps100_pretrainedTrue_freezeTrue_2025_12_10_17_12,flyingthings,steps,100,True,True,2025_12_10_17_12,flyingthings,5000,358397.95,71.67959,5,0.2881278415729718,0.34565760349198693,0.6543423965080131,5.0,,,,,,,,,,0.3487952899156292,0.3058993489574425,0.6941006510425576,5.0,,,,,,,,,,,,,,,,,,,,,,,-0.5352859245693777,-1.4305163174839417,,,,,,,,,,,,,,,,,,,,,,,,,,,,,0.5281923086476373,0.276970252295386,0.6381820567063843,1.0767543160017767,0.9389489875336187,0.8193608574425951,,,,53.90556,17.774030000000003,spair,15.94880605917656,17.774030000000003,flyingthings
snapshots/flyingthings_steps100_pretrainedTrue_freezeTrue_2025_12_10_17_12,flyingthings_steps100_pretrainedTrue_freezeTrue_2025_12_10_17_12,flyingthings,steps,100,True,True,2025_12_10_17_12,kitti2012,5000,385049.14999999997,77.00983,5,0.3967592099207766,0.05555175406958679,0.9444482459304132,5.0,,,,,,,,,,0.3122427689177642,0.18469340791041775,0.8153065920895822,5.0,,,,,,,,,,,,,,,,,,,,,,,-0.41426263395540863,-0.9999709797595878,,,,,,,,,,,,,,,,,,,,,,,,,,,,,0.3020267043428813,0.022293825985547064,2.8332857982395603,0.7350076705332917,0.4772865800166643,1.4848670333387641,,,,64.06846666666667,12.941363333333328,spair,12.724460261259589,12.941363333333328,flyingthings
snapshots/flyingthings_steps100_pretrainedTrue_freezeTrue_2025_12_10_17_12,flyingthings_steps100_pretrainedTrue_freezeTrue_2025_12_10_17_12,flyingthings,steps,100,True,True,2025_12_10_17_12,middlebury,5000,209197.9,41.83958,5,0.3079776202367685,0.06355418992293681,0.9364458100770632,5.0,,,,,,,,,,0.2856751430208541,0.3765924922120472,0.6234075077879528,5.0,,,,,,,,,,,,,,,,,,,,,,,-0.6155576284858091,-1.153403554061934,,,,,,,,,,,,,,,,,,,,,,,,,,,,,0.43333647249020757,0.1286337296041226,2.690198729317341,0.7281322245948647,0.4573028357330282,0.5040367302367845,,,,37.7005,4.13908,spair,13.625235127160012,4.13908,flyingthings
snapshots/flyingthings_steps100_pretrainedTrue_freezeTrue_2025_12_10_17_12,flyingthings_steps100_pretrainedTrue_freezeTrue_2025_12_10_17_12,flyingthings,steps,100,True,True,2025_12_10_17_12,pfpascal,5000,189577.44999999998,37.91549,5,0.21984576739799097,0.2617520941640184,0.7382479058359817,5.0,,,,,,,,,,0.29925521056575094,0.18777360547523764,0.8122263945247623,5.0,,,,,,,,,,,,,,,,,,,,,,,-0.4131722338845923,-0.4880146813087614,,,,,,,,,,,,,,,,,,,,,,,,,,,,,0.41965463327291475,0.22409855135809875,1.0368818336150523,0.3570538602672116,0.00315618239492839,1.4645421013207967,,,,27.819223333333337,10.096266666666661,spair,10.535209913431444,10.096266666666661,flyingthings
snapshots/flyingthings_steps100_pretrainedTrue_freezeTrue_2025_12_10_17_12,flyingthings_steps100_pretrainedTrue_freezeTrue_2025_12_10_17_12,flyingthings,steps,100,True,True,2025_12_10_17_12,pfwillow,5000,211055.55,42.21111,5,0.21034729496623183,0.13463451820723119,0.8653654817927688,5.0,,,,,,,,,,0.2840255378715558,0.15933285112117535,0.8406671488788247,5.0,,,,,,,,,,,,,,,,,,,,,,,-0.3020724247829814,-0.22009575197459677,,,,,,,,,,,,,,,,,,,,,,,,,,,,,0.3588732471135378,-0.16541554756118262,1.8605881053887634,0.0374410186306823,0.09645957001550441,1.6632003840808114,,,,32.30222,9.90889,spair,8.269813481118293,9.90889,flyingthings
snapshots/flyingthings_steps100_pretrainedTrue_freezeTrue_2025_12_10_17_12,flyingthings_steps100_pretrainedTrue_freezeTrue_2025_12_10_17_12,flyingthings,steps,100,True,True,2025_12_10_17_12,pointodyssey,5000,174684.44999999998,34.93689,5,0.4082499450127766,0.021812824232873017,0.978187175767127,5.0,,,,,,,,,,0.1882881069376469,0.41394424094118654,0.5860557590588135,5.0,,,,,,,,,,,,,,,,,,,,,,,-0.38729742593001776,-0.8092922338098175,,,,,,,,,,,,,,,,,,,,,,,,,,,,,0.3916473057035759,-0.13145952838257452,3.8032029735912674,0.5983299849287192,0.325034963097746,0.34768365599014034,,,,24.515383333333332,10.421506666666666,spair,11.170293463144688,10.421506666666666,flyingthings
snapshots/flyingthings_steps100_pretrainedTrue_freezeTrue_2025_12_10_17_12,flyingthings_steps100_pretrainedTrue_freezeTrue_2025_12_10_17_12,flyingthings,steps,100,True,True,2025_12_10_17_12,spair,5000,69755.65,13.95113,5,0.09125962146328671,0.19656057662087867,0.8034394233791213,5.0,,,,,,,,,,0.347179910929156,0.18780731035308168,0.8121926896469183,5.0,,,,,,,,,,,,,,,,,,,,,,,-0.24753767495066745,-0.15732931550364426,,,,,,,,,,,,,,,,,,,,,,,,,,,,,0.28936609870922375,-1.3359427589509052,1.4079311296245203,0.4223306910785055,0.046107064072320035,1.4643211222464279,,,,19.357693333333334,-5.4065633333333345,spair,5.163602795305671,-5.4065633333333345,flyingthings
snapshots/flyingthings_steps100_pretrainedTrue_freezeTrue_2025_12_10_17_12,flyingthings_steps100_pretrainedTrue_freezeTrue_2025_12_10_17_12,flyingthings,steps,100,True,True,2025_12_10_17_12,tss,5000,264994.5,52.9989,5,0.25194177323437505,0.20679552125917458,0.7932044787408254,5.0,,,,,,,,,,0.31016024371844986,0.3222268636529011,0.6777731363470989,5.0,,,,,,,,,,,,,,,,,,,,,,,-0.32121804737150894,-0.6141711663948394,,,,,,,,,,,,,,,,,,,,,,,,,,,,,0.3936655545201129,0.027214937760565616,1.344350558004645,0.4529513131165798,0.12377712624630532,0.7435567818146176,,,,43.74900333333333,9.249896666666672,spair,10.426899692472864,9.249896666666672,flyingthings
snapshots/flyingthings_steps100_pretrainedTrue_freezeTrue_2025_12_12_11_45,flyingthings_steps100_pretrainedTrue_freezeTrue_2025_12_12_11_45,flyingthings,steps,100,True,True,2025_12_12_11_45,flyingthings,5000,358424.9,71.68498000000001,5,0.2881278415729718,0.34565760349198693,0.6543423965080131,5.0,,,,,,,,,,0.3487952899156292,0.3058993489574425,0.6941006510425576,5.0,,,,,,,,,,,,,,,,,,,,,,,-0.5352859245693777,-1.4305163174839417,,,,,,,,,,,,,,,,,,,,,,,,,,,,,0.5281923086476373,0.276970252295386,0.6381820567063843,1.0767543160017767,0.9389489875336187,0.8193608574425951,,,,53.90556,17.77942000000001,spair,15.94880605917656,17.77942000000001,flyingthings
snapshots/flyingthings_steps100_pretrainedTrue_freezeTrue_2025_12_12_11_45,flyingthings_steps100_pretrainedTrue_freezeTrue_2025_12_12_11_45,flyingthings,steps,100,True,True,2025_12_12_11_45,kitti2012,5000,385776.5,77.1553,5,0.3967592099207766,0.05555175406958679,0.9444482459304132,5.0,,,,,,,,,,0.3122427689177642,0.18469340791041775,0.8153065920895822,5.0,,,,,,,,,,,,,,,,,,,,,,,-0.41426263395540863,-0.9999709797595878,,,,,,,,,,,,,,,,,,,,,,,,,,,,,0.3020267043428813,0.022293825985547064,2.8332857982395603,0.7350076705332917,0.4772865800166643,1.4848670333387641,,,,64.06846666666667,13.086833333333331,spair,12.724460261259589,13.086833333333331,flyingthings
snapshots/flyingthings_steps100_pretrainedTrue_freezeTrue_2025_12_12_11_45,flyingthings_steps100_pretrainedTrue_freezeTrue_2025_12_12_11_45,flyingthings,steps,100,True,True,2025_12_12_11_45,middlebury,5000,208838.75,41.76775,5,0.3079776202367685,0.06355418992293681,0.9364458100770632,5.0,,,,,,,,,,0.2856751430208541,0.3765924922120472,0.6234075077879528,5.0,,,,,,,,,,,,,,,,,,,,,,,-0.6155576284858091,-1.153403554061934,,,,,,,,,,,,,,,,,,,,,,,,,,,,,0.43333647249020757,0.1286337296041226,2.690198729317341,0.7281322245948647,0.4573028357330282,0.5040367302367845,,,,37.7005,4.067250000000001,spair,13.625235127160012,4.067250000000001,flyingthings
snapshots/flyingthings_steps100_pretrainedTrue_freezeTrue_2025_12_12_11_45,flyingthings_steps100_pretrainedTrue_freezeTrue_2025_12_12_11_45,flyingthings,steps,100,True,True,2025_12_12_11_45,pfpascal,5000,186270.9,37.25418,5,0.21984576739799097,0.2617520941640184,0.7382479058359817,5.0,,,,,,,,,,0.29925521056575094,0.18777360547523764,0.8122263945247623,5.0,,,,,,,,,,,,,,,,,,,,,,,-0.4131722338845923,-0.4880146813087614,,,,,,,,,,,,,,,,,,,,,,,,,,,,,0.41965463327291475,0.22409855135809875,1.0368818336150523,0.3570538602672116,0.00315618239492839,1.4645421013207967,,,,27.819223333333337,9.434956666666661,spair,10.535209913431444,9.434956666666661,flyingthings
snapshots/flyingthings_steps100_pretrainedTrue_freezeTrue_2025_12_12_11_45,flyingthings_steps100_pretrainedTrue_freezeTrue_2025_12_12_11_45,flyingthings,steps,100,True,True,2025_12_12_11_45,pfwillow,5000,208005.65,41.60113,5,0.21034729496623183,0.13463451820723119,0.8653654817927688,5.0,,,,,,,,,,0.2840255378715558,0.15933285112117535,0.8406671488788247,5.0,,,,,,,,,,,,,,,,,,,,,,,-0.3020724247829814,-0.22009575197459677,,,,,,,,,,,,,,,,,,,,,,,,,,,,,0.3588732471135378,-0.16541554756118262,1.8605881053887634,0.0374410186306823,0.09645957001550441,1.6632003840808114,,,,32.30222,9.29891,spair,8.269813481118293,9.29891,flyingthings
snapshots/flyingthings_steps100_pretrainedTrue_freezeTrue_2025_12_12_11_45,flyingthings_steps100_pretrainedTrue_freezeTrue_2025_12_12_11_45,flyingthings,steps,100,True,True,2025_12_12_11_45,pointodyssey,5000,180020.95,36.00419,5,0.4082499450127766,0.021812824232873017,0.978187175767127,5.0,,,,,,,,,,0.1882881069376469,0.41394424094118654,0.5860557590588135,5.0,,,,,,,,,,,,,,,,,,,,,,,-0.38729742593001776,-0.8092922338098175,,,,,,,,,,,,,,,,,,,,,,,,,,,,,0.3916473057035759,-0.13145952838257452,3.8032029735912674,0.5983299849287192,0.325034963097746,0.34768365599014034,,,,24.515383333333332,11.488806666666669,spair,11.170293463144688,11.488806666666669,flyingthings
snapshots/flyingthings_steps100_pretrainedTrue_freezeTrue_2025_12_12_11_45,flyingthings_steps100_pretrainedTrue_freezeTrue_2025_12_12_11_45,flyingthings,steps,100,True,True,2025_12_12_11_45,spair,5000,64279.04999999999,12.855809999999998,5,0.09125962146328671,0.19656057662087867,0.8034394233791213,5.0,,,,,,,,,,0.347179910929156,0.18780731035308168,0.8121926896469183,5.0,,,,,,,,,,,,,,,,,,,,,,,-0.24753767495066745,-0.15732931550364426,,,,,,,,,,,,,,,,,,,,,,,,,,,,,0.28936609870922375,-1.3359427589509052,1.4079311296245203,0.4223306910785055,0.046107064072320035,1.4643211222464279,,,,19.357693333333334,-6.5018833333333355,spair,5.163602795305671,-6.5018833333333355,flyingthings
snapshots/flyingthings_steps100_pretrainedTrue_freezeTrue_2025_12_12_11_45,flyingthings_steps100_pretrainedTrue_freezeTrue_2025_12_12_11_45,flyingthings,steps,100,True,True,2025_12_12_11_45,tss,5000,264196.79999999993,52.839359999999985,5,0.25194177323437505,0.20679552125917458,0.7932044787408254,5.0,,,,,,,,,,0.31016024371844986,0.3222268636529011,0.6777731363470989,5.0,,,,,,,,,,,,,,,,,,,,,,,-0.32121804737150894,-0.6141711663948394,,,,,,,,,,,,,,,,,,,,,,,,,,,,,0.3936655545201129,0.027214937760565616,1.344350558004645,0.4529513131165798,0.12377712624630532,0.7435567818146176,,,,43.74900333333333,9.090356666666658,spair,10.426899692472864,9.090356666666658,flyingthings
snapshots/pointodyssey_logsteps100_pretrainedFalse_freezeFalse_2025_12_10_11_40,pointodyssey_logsteps100_pretrainedFalse_freezeFalse_2025_12_10_11_40,pointodyssey,logsteps,100,False,False,2025_12_10_11_40,flyingthings,5000,302083.5,60.4167,5,0.012189436081121293,0.5100376104772721,0.48996238952272786,5.0,,,,,,,,,,0.4189200662664006,0.20625763338247083,0.7937423666175292,5.0,,,,,,,,,,,,,,,,,,,,,,,2.5952176525992843,-0.4082986882795238,,,,,,,,,,,,,,,,,,,,,,,,,,,,,-2.3007528639210886,1.321237969171514,-0.04015583695042492,1.8234437035067483,-0.8555443989883481,1.347632898431676,,,,2.08833,58.32837,spair,33.84911949131895,58.32837,pointodyssey
snapshots/pointodyssey_logsteps100_pretrainedFalse_freezeFalse_2025_12_10_11_40,pointodyssey_logsteps100_pretrainedFalse_freezeFalse_2025_12_10_11_40,pointodyssey,logsteps,100,False,False,2025_12_10_11_40,kitti2012,5000,336456.95,67.29139,5,0.04687170618932417,0.11936656071074785,0.8806334392892522,5.0,,,,,,,,,,0.40185831739487404,0.1191476933316684,0.8808523066683316,5.0,,,,,,,,,,,,,,,,,,,,,,,2.5916029844156925,0.2643591298882774,,,,,,,,,,,,,,,,,,,,,,,,,,,,,-2.4186774488760427,0.866059159338012,1.9984423652170615,1.756475233468852,-0.8941348168401381,2.0005261250618975,,,,4.8632566666666674,62.42813333333334,spair,30.538103794428086,62.42813333333334,pointodyssey
snapshots/pointodyssey_logsteps100_pretrainedFalse_freezeFalse_2025_12_10_11_40,pointodyssey_logsteps100_pretrainedFalse_freezeFalse_2025_12_10_11_40,pointodyssey,logsteps,100,False,False,2025_12_10_11_40,middlebury,5000,210366.74999999997,42.07334999999999,5,0.015493764847799041,0.18766674916816575,0.8123332508318343,5.0,,,,,,,,,,0.3926271500098252,0.30544080935561974,0.6945591906443802,5.0,,,,,,,,,,,,,,,,,,,,,,,2.471787411583046,-0.13220005621961373,,,,,,,,,,,,,,,,,,,,,,,,,,,,,-2.2692320239610786,1.4804876273353451,1.4652428843072436,1.977696031039822,-0.9391114817953972,0.8215213764961703,,,,1.9837666666666667,40.08958333333332,spair,34.273668841558845,40.08958333333332,pointodyssey
snapshots/pointodyssey_logsteps100_pretrainedFalse_freezeFalse_2025_12_10_11_40,pointodyssey_logsteps100_pretrainedFalse_freezeFalse_2025_12_10_11_40,pointodyssey,logsteps,100,False,False,2025_12_10_11_40,pfpascal,5000,29246.65,5.84933,5,0.002873697820263697,0.3324751894303696,0.6675248105696304,5.0,,,,,,,,,,0.4416786759834396,0.1556891147664343,0.8443108852335657,5.0,,,,,,,,,,,,,,,,,,,,,,,2.6116874598301365,-0.8648055404934264,,,,,,,,,,,,,,,,,,,,,,,,,,,,,-2.2838982328837196,1.1755131930695957,0.6970113199190437,2.0378470358444827,-0.6793801981050575,1.6906596093934012,,,,1.9410966666666667,3.9082333333333334,spair,36.09219951792394,3.9082333333333334,pointodyssey
snapshots/pointodyssey_logsteps100_pretrainedFalse_freezeFalse_2025_12_10_11_40,pointodyssey_logsteps100_pretrainedFalse_freezeFalse_2025_12_10_11_40,pointodyssey,logsteps,100,False,False,2025_12_10_11_40,pfwillow,5000,40911.1,8.18222,5,0.004762380984234548,0.2334811724980145,0.7665188275019855,5.0,,,,,,,,,,0.4264131256152426,0.12834065080159285,0.8716593491984072,5.0,,,,,,,,,,,,,,,,,,,,,,,2.609692688544633,-1.0445193236350745,,,,,,,,,,,,,,,,,,,,,,,,,,,,,-2.249757197454784,1.9983519138658705,1.1887578188033723,1.961169351104257,-0.5875797014425267,1.9157106297672837,,,,3.3644433333333335,4.817776666666665,spair,38.69419441176878,4.817776666666665,pointodyssey
snapshots/pointodyssey_logsteps100_pretrainedFalse_freezeFalse_2025_12_10_11_40,pointodyssey_logsteps100_pretrainedFalse_freezeFalse_2025_12_10_11_40,pointodyssey,logsteps,100,False,False,2025_12_10_11_40,pointodyssey,5000,99204.9,19.84098,5,0.10715245758486333,0.18830633185033918,0.8116936681496608,5.0,,,,,,,,,,0.31437955697384834,0.36621347509681856,0.6337865249031814,5.0,,,,,,,,,,,,,,,,,,,,,,,-0.5484851638976603,0.02003437032878969,,,,,,,,,,,,,,,,,,,,,,,,,,,,,-2.0970687687251455,1.429165299580611,1.4610529515158115,2.1071271237444678,-0.8844049702670232,0.5484957575678671,,,,2.2678866666666666,17.573093333333333,spair,33.02827896742933,17.573093333333333,pointodyssey
snapshots/pointodyssey_logsteps100_pretrainedFalse_freezeFalse_2025_12_10_11_40,pointodyssey_logsteps100_pretrainedFalse_freezeFalse_2025_12_10_11_40,pointodyssey,logsteps,100,False,False,2025_12_10_11_40,spair,5000,9329.6,1.86592,5,0.0005703526500719621,0.21581575034459238,0.7841842496554077,5.0,,,,,,,,,,0.4696574244779277,0.14674974089102635,0.8532502591089737,5.0,,,,,,,,,,,,,,,,,,,,,,,2.5488234707503628,-0.945868802838287,,,,,,,,,,,,,,,,,,,,,,,,,,,,,-2.231457284236704,-0.035742064725439386,1.2902189690527288,1.946487603709779,-0.7161467659135726,1.760324198401991,,,,2.0635033333333332,-0.19758333333333322,spair,31.805183693081407,-0.19758333333333322,pointodyssey
snapshots/pointodyssey_logsteps100_pretrainedFalse_freezeFalse_2025_12_10_11_40,pointodyssey_logsteps100_pretrainedFalse_freezeFalse_2025_12_10_11_40,pointodyssey,logsteps,100,False,False,2025_12_10_11_40,tss,5000,69043.80000000002,13.808760000000003,5,0.005454058848063383,0.300341725744685,0.699658274255315,5.0,,,,,,,,,,0.4403209416696909,0.2677039344736122,0.7322960655263878,5.0,,,,,,,,,,,,,,,,,,,,,,,2.62473905081753,-0.7637096992424136,,,,,,,,,,,,,,,,,,,,,,,,,,,,,-2.323399154321574,1.3569934992330626,0.8456711240038567,2.0302510722497282,-0.8368910481513344,1.0063032455483736,,,,3.624926666666667,10.183833333333336,spair,36.22060952707727,10.183833333333336,pointodyssey
snapshots/pointodyssey_logsteps100_pretrainedTrue_freezeFalse_2025_12_10_11_14,pointodyssey_logsteps100_pretrainedTrue_freezeFalse_2025_12_10_11_14,pointodyssey,logsteps,100,True,False,2025_12_10_11_14,flyingthings,5000,332832.95,66.56659,5,0.012189436081121293,0.5100376104772721,0.48996238952272786,5.0,,,,,,,,,,0.4189200662664006,0.20625763338247083,0.7937423666175292,5.0,,,,,,,,,,,,,,,,,,,,,,,2.5952176525992843,-0.4082986882795238,,,,,,,,,,,,,,,,,,,,,,,,,,,,,-2.3007528639210886,1.321237969171514,-0.04015583695042492,1.8234437035067483,-0.8555443989883481,1.347632898431676,,,,48.23252,18.334070000000004,spair,33.84911949131895,18.334070000000004,pointodyssey
snapshots/pointodyssey_logsteps100_pretrainedTrue_freezeFalse_2025_12_10_11_14,pointodyssey_logsteps100_pretrainedTrue_freezeFalse_2025_12_10_11_14,pointodyssey,logsteps,100,True,False,2025_12_10_11_14,kitti2012,5000,377759.75,75.55195,5,0.04687170618932417,0.11936656071074785,0.8806334392892522,5.0,,,,,,,,,,0.40185831739487404,0.1191476933316684,0.8808523066683316,5.0,,,,,,,,,,,,,,,,,,,,,,,2.5916029844156925,0.2643591298882774,,,,,,,,,,,,,,,,,,,,,,,,,,,,,-2.4186774488760427,0.866059159338012,1.9984423652170615,1.756475233468852,-0.8941348168401381,2.0005261250618975,,,,59.49418666666667,16.057763333333334,spair,30.538103794428086,16.057763333333334,pointodyssey
snapshots/pointodyssey_logsteps100_pretrainedTrue_freezeFalse_2025_12_10_11_14,pointodyssey_logsteps100_pretrainedTrue_freezeFalse_2025_12_10_11_14,pointodyssey,logsteps,100,True,False,2025_12_10_11_14,middlebury,5000,213891.55,42.77831,5,0.015493764847799041,0.18766674916816575,0.8123332508318343,5.0,,,,,,,,,,0.3926271500098252,0.30544080935561974,0.6945591906443802,5.0,,,,,,,,,,,,,,,,,,,,,,,2.471787411583046,-0.13220005621961373,,,,,,,,,,,,,,,,,,,,,,,,,,,,,-2.2692320239610786,1.4804876273353451,1.4652428843072436,1.977696031039822,-0.9391114817953972,0.8215213764961703,,,,34.53024666666666,8.248063333333334,spair,34.273668841558845,8.248063333333334,pointodyssey
snapshots/pointodyssey_logsteps100_pretrainedTrue_freezeFalse_2025_12_10_11_14,pointodyssey_logsteps100_pretrainedTrue_freezeFalse_2025_12_10_11_14,pointodyssey,logsteps,100,True,False,2025_12_10_11_14,pfpascal,5000,96804.85,19.360970000000002,5,0.002873697820263697,0.3324751894303696,0.6675248105696304,5.0,,,,,,,,,,0.4416786759834396,0.1556891147664343,0.8443108852335657,5.0,,,,,,,,,,,,,,,,,,,,,,,2.6116874598301365,-0.8648055404934264,,,,,,,,,,,,,,,,,,,,,,,,,,,,,-2.2838982328837196,1.1755131930695957,0.6970113199190437,2.0378470358444827,-0.6793801981050575,1.6906596093934012,,,,23.19225,-3.8312799999999996,spair,36.09219951792394,-3.8312799999999996,pointodyssey
snapshots/pointodyssey_logsteps100_pretrainedTrue_freezeFalse_2025_12_10_11_14,pointodyssey_logsteps100_pretrainedTrue_freezeFalse_2025_12_10_11_14,pointodyssey,logsteps,100,True,False,2025_12_10_11_14,pfwillow,5000,123716.65,24.74333,5,0.004762380984234548,0.2334811724980145,0.7665188275019855,5.0,,,,,,,,,,0.4264131256152426,0.12834065080159285,0.8716593491984072,5.0,,,,,,,,,,,,,,,,,,,,,,,2.609692688544633,-1.0445193236350745,,,,,,,,,,,,,,,,,,,,,,,,,,,,,-2.249757197454784,1.9983519138658705,1.1887578188033723,1.961169351104257,-0.5875797014425267,1.9157106297672837,,,,27.67815333333333,-2.9348233333333305,spair,38.69419441176878,-2.9348233333333305,pointodyssey
snapshots/pointodyssey_logsteps100_pretrainedTrue_freezeFalse_2025_12_10_11_14,pointodyssey_logsteps100_pretrainedTrue_freezeFalse_2025_12_10_11_14,pointodyssey,logsteps,100,True,False,2025_12_10_11_14,pointodyssey,5000,130670.2,26.13404,5,0.10715245758486333,0.18830633185033918,0.8116936681496608,5.0,,,,,,,,,,0.31437955697384834,0.36621347509681856,0.6337865249031814,5.0,,,,,,,,,,,,,,,,,,,,,,,-0.5484851638976603,0.02003437032878969,,,,,,,,,,,,,,,,,,,,,,,,,,,,,-2.0970687687251455,1.429165299580611,1.4610529515158115,2.1071271237444678,-0.8844049702670232,0.5484957575678671,,,,24.839123333333333,1.2949166666666656,spair,33.02827896742933,1.2949166666666656,pointodyssey
snapshots/pointodyssey_logsteps100_pretrainedTrue_freezeFalse_2025_12_10_11_14,pointodyssey_logsteps100_pretrainedTrue_freezeFalse_2025_12_10_11_14,pointodyssey,logsteps,100,True,False,2025_12_10_11_14,spair,5000,45531.200000000004,9.106240000000001,5,0.0005703526500719621,0.21581575034459238,0.7841842496554077,5.0,,,,,,,,,,0.4696574244779277,0.14674974089102635,0.8532502591089737,5.0,,,,,,,,,,,,,,,,,,,,,,,2.5488234707503628,-0.945868802838287,,,,,,,,,,,,,,,,,,,,,,,,,,,,,-2.231457284236704,-0.035742064725439386,1.2902189690527288,1.946487603709779,-0.7161467659135726,1.760324198401991,,,,16.234553333333334,-7.128313333333333,spair,31.805183693081407,-7.128313333333333,pointodyssey
snapshots/pointodyssey_logsteps100_pretrainedTrue_freezeFalse_2025_12_10_11_14,pointodyssey_logsteps100_pretrainedTrue_freezeFalse_2025_12_10_11_14,pointodyssey,logsteps,100,True,False,2025_12_10_11_14,tss,5000,201117.19999999998,40.22344,5,0.005454058848063383,0.300341725744685,0.699658274255315,5.0,,,,,,,,,,0.4403209416696909,0.2677039344736122,0.7322960655263878,5.0,,,,,,,,,,,,,,,,,,,,,,,2.62473905081753,-0.7637096992424136,,,,,,,,,,,,,,,,,,,,,,,,,,,,,-2.323399154321574,1.3569934992330626,0.8456711240038567,2.0302510722497282,-0.8368910481513344,1.0063032455483736,,,,39.87302333333333,0.3504166666666677,spair,36.22060952707727,0.3504166666666677,pointodyssey
snapshots/pointodyssey_logsteps100_pretrainedTrue_freezeTrue_2025_12_10_06_53,pointodyssey_logsteps100_pretrainedTrue_freezeTrue_2025_12_10_06_53,pointodyssey,logsteps,100,True,True,2025_12_10_06_53,flyingthings,5000,338371.85,67.67437,5,0.012189436081121293,0.5100376104772721,0.48996238952272786,5.0,,,,,,,,,,0.4189200662664006,0.20625763338247083,0.7937423666175292,5.0,,,,,,,,,,,,,,,,,,,,,,,2.5952176525992843,-0.4082986882795238,,,,,,,,,,,,,,,,,,,,,,,,,,,,,-2.3007528639210886,1.321237969171514,-0.04015583695042492,1.8234437035067483,-0.8555443989883481,1.347632898431676,,,,53.90556,13.768809999999995,spair,33.84911949131895,13.768809999999995,pointodyssey
snapshots/pointodyssey_logsteps100_pretrainedTrue_freezeTrue_2025_12_10_06_53,pointodyssey_logsteps100_pretrainedTrue_freezeTrue_2025_12_10_06_53,pointodyssey,logsteps,100,True,True,2025_12_10_06_53,kitti2012,5000,382923.5,76.5847,5,0.04687170618932417,0.11936656071074785,0.8806334392892522,5.0,,,,,,,,,,0.40185831739487404,0.1191476933316684,0.8808523066683316,5.0,,,,,,,,,,,,,,,,,,,,,,,2.5916029844156925,0.2643591298882774,,,,,,,,,,,,,,,,,,,,,,,,,,,,,-2.4186774488760427,0.866059159338012,1.9984423652170615,1.756475233468852,-0.8941348168401381,2.0005261250618975,,,,64.06846666666667,12.516233333333332,spair,30.538103794428086,12.516233333333332,pointodyssey
snapshots/pointodyssey_logsteps100_pretrainedTrue_freezeTrue_2025_12_10_06_53,pointodyssey_logsteps100_pretrainedTrue_freezeTrue_2025_12_10_06_53,pointodyssey,logsteps,100,True,True,2025_12_10_06_53,middlebury,5000,218656.55000000002,43.73131,5,0.015493764847799041,0.18766674916816575,0.8123332508318343,5.0,,,,,,,,,,0.3926271500098252,0.30544080935561974,0.6945591906443802,5.0,,,,,,,,,,,,,,,,,,,,,,,2.471787411583046,-0.13220005621961373,,,,,,,,,,,,,,,,,,,,,,,,,,,,,-2.2692320239610786,1.4804876273353451,1.4652428843072436,1.977696031039822,-0.9391114817953972,0.8215213764961703,,,,37.7005,6.0308100000000024,spair,34.273668841558845,6.0308100000000024,pointodyssey
snapshots/pointodyssey_logsteps100_pretrainedTrue_freezeTrue_2025_12_10_06_53,pointodyssey_logsteps100_pretrainedTrue_freezeTrue_2025_12_10_06_53,pointodyssey,logsteps,100,True,True,2025_12_10_06_53,pfpascal,5000,130069.04999999999,26.01381,5,0.002873697820263697,0.3324751894303696,0.6675248105696304,5.0,,,,,,,,,,0.4416786759834396,0.1556891147664343,0.8443108852335657,5.0,,,,,,,,,,,,,,,,,,,,,,,2.6116874598301365,-0.8648055404934264,,,,,,,,,,,,,,,,,,,,,,,,,,,,,-2.2838982328837196,1.1755131930695957,0.6970113199190437,2.0378470358444827,-0.6793801981050575,1.6906596093934012,,,,27.819223333333337,-1.8054133333333375,spair,36.09219951792394,-1.8054133333333375,pointodyssey
snapshots/pointodyssey_logsteps100_pretrainedTrue_freezeTrue_2025_12_10_06_53,pointodyssey_logsteps100_pretrainedTrue_freezeTrue_2025_12_10_06_53,pointodyssey,logsteps,100,True,True,2025_12_10_06_53,pfwillow,5000,143572.15,28.71443,5,0.004762380984234548,0.2334811724980145,0.7665188275019855,5.0,,,,,,,,,,0.4264131256152426,0.12834065080159285,0.8716593491984072,5.0,,,,,,,,,,,,,,,,,,,,,,,2.609692688544633,-1.0445193236350745,,,,,,,,,,,,,,,,,,,,,,,,,,,,,-2.249757197454784,1.9983519138658705,1.1887578188033723,1.961169351104257,-0.5875797014425267,1.9157106297672837,,,,32.30222,-3.5877899999999983,spair,38.69419441176878,-3.5877899999999983,pointodyssey
snapshots/pointodyssey_logsteps100_pretrainedTrue_freezeTrue_2025_12_10_06_53,pointodyssey_logsteps100_pretrainedTrue_freezeTrue_2025_12_10_06_53,pointodyssey,logsteps,100,True,True,2025_12_10_06_53,pointodyssey,5000,171539.69999999998,34.307939999999995,5,0.10715245758486333,0.18830633185033918,0.8116936681496608,5.0,,,,,,,,,,0.31437955697384834,0.36621347509681856,0.6337865249031814,5.0,,,,,,,,,,,,,,,,,,,,,,,-0.5484851638976603,0.02003437032878969,,,,,,,,,,,,,,,,,,,,,,,,,,,,,-2.0970687687251455,1.429165299580611,1.4610529515158115,2.1071271237444678,-0.8844049702670232,0.5484957575678671,,,,24.515383333333332,9.792556666666663,spair,33.02827896742933,9.792556666666663,pointodyssey
snapshots/pointodyssey_logsteps100_pretrainedTrue_freezeTrue_2025_12_10_06_53,pointodyssey_logsteps100_pretrainedTrue_freezeTrue_2025_12_10_06_53,pointodyssey,logsteps,100,True,True,2025_12_10_06_53,spair,5000,58816.7,11.76334,5,0.0005703526500719621,0.21581575034459238,0.7841842496554077,5.0,,,,,,,,,,0.4696574244779277,0.14674974089102635,0.8532502591089737,5.0,,,,,,,,,,,,,,,,,,,,,,,2.5488234707503628,-0.945868802838287,,,,,,,,,,,,,,,,,,,,,,,,,,,,,-2.231457284236704,-0.035742064725439386,1.2902189690527288,1.946487603709779,-0.7161467659135726,1.760324198401991,,,,19.357693333333334,-7.594353333333334,spair,31.805183693081407,-7.594353333333334,pointodyssey
snapshots/pointodyssey_logsteps100_pretrainedTrue_freezeTrue_2025_12_10_06_53,pointodyssey_logsteps100_pretrainedTrue_freezeTrue_2025_12_10_06_53,pointodyssey,logsteps,100,True,True,2025_12_10_06_53,tss,5000,211470.15,42.29403,5,0.005454058848063383,0.300341725744685,0.699658274255315,5.0,,,,,,,,,,0.4403209416696909,0.2677039344736122,0.7322960655263878,5.0,,,,,,,,,,,,,,,,,,,,,,,2.62473905081753,-0.7637096992424136,,,,,,,,,,,,,,,,,,,,,,,,,,,,,-2.323399154321574,1.3569934992330626,0.8456711240038567,2.0302510722497282,-0.8368910481513344,1.0063032455483736,,,,43.74900333333333,-1.454973333333328,spair,36.22060952707727,-1.454973333333328,pointodyssey
snapshots/pointodyssey_steps100_pretrainedFalse_freezeFalse_2025_12_11_00_21,pointodyssey_steps100_pretrainedFalse_freezeFalse_2025_12_11_00_21,pointodyssey,steps,100,False,False,2025_12_11_00_21,flyingthings,5000,296529.65,59.305930000000004,5,0.012189436081121293,0.5100376104772721,0.48996238952272786,5.0,,,,,,,,,,0.4189200662664006,0.20625763338247083,0.7937423666175292,5.0,,,,,,,,,,,,,,,,,,,,,,,2.5952176525992843,-0.4082986882795238,,,,,,,,,,,,,,,,,,,,,,,,,,,,,-2.3007528639210886,1.321237969171514,-0.04015583695042492,1.8234437035067483,-0.8555443989883481,1.347632898431676,,,,2.08833,57.217600000000004,spair,33.84911949131895,57.217600000000004,pointodyssey
snapshots/pointodyssey_steps100_pretrainedFalse_freezeFalse_2025_12_11_00_21,pointodyssey_steps100_pretrainedFalse_freezeFalse_2025_12_11_00_21,pointodyssey,steps,100,False,False,2025_12_11_00_21,kitti2012,5000,299172.04999999993,59.834409999999984,5,0.04687170618932417,0.11936656071074785,0.8806334392892522,5.0,,,,,,,,,,0.40185831739487404,0.1191476933316684,0.8808523066683316,5.0,,,,,,,,,,,,,,,,,,,,,,,2.5916029844156925,0.2643591298882774,,,,,,,,,,,,,,,,,,,,,,,,,,,,,-2.4186774488760427,0.866059159338012,1.9984423652170615,1.756475233468852,-0.8941348168401381,2.0005261250618975,,,,4.8632566666666674,54.97115333333332,spair,30.538103794428086,54.97115333333332,pointodyssey
snapshots/pointodyssey_steps100_pretrainedFalse_freezeFalse_2025_12_11_00_21,pointodyssey_steps100_pretrainedFalse_freezeFalse_2025_12_11_00_21,pointodyssey,steps,100,False,False,2025_12_11_00_21,middlebury,5000,209022.35,41.80447,5,0.015493764847799041,0.18766674916816575,0.8123332508318343,5.0,,,,,,,,,,0.3926271500098252,0.30544080935561974,0.6945591906443802,5.0,,,,,,,,,,,,,,,,,,,,,,,2.471787411583046,-0.13220005621961373,,,,,,,,,,,,,,,,,,,,,,,,,,,,,-2.2692320239610786,1.4804876273353451,1.4652428843072436,1.977696031039822,-0.9391114817953972,0.8215213764961703,,,,1.9837666666666667,39.820703333333334,spair,34.273668841558845,39.820703333333334,pointodyssey
snapshots/pointodyssey_steps100_pretrainedFalse_freezeFalse_2025_12_11_00_21,pointodyssey_steps100_pretrainedFalse_freezeFalse_2025_12_11_00_21,pointodyssey,steps,100,False,False,2025_12_11_00_21,pfpascal,5000,33090.5,6.6181,5,0.002873697820263697,0.3324751894303696,0.6675248105696304,5.0,,,,,,,,,,0.4416786759834396,0.1556891147664343,0.8443108852335657,5.0,,,,,,,,,,,,,,,,,,,,,,,2.6116874598301365,-0.8648055404934264,,,,,,,,,,,,,,,,,,,,,,,,,,,,,-2.2838982328837196,1.1755131930695957,0.6970113199190437,2.0378470358444827,-0.6793801981050575,1.6906596093934012,,,,1.9410966666666667,4.677003333333333,spair,36.09219951792394,4.677003333333333,pointodyssey
snapshots/pointodyssey_steps100_pretrainedFalse_freezeFalse_2025_12_11_00_21,pointodyssey_steps100_pretrainedFalse_freezeFalse_2025_12_11_00_21,pointodyssey,steps,100,False,False,2025_12_11_00_21,pfwillow,5000,41099.9,8.21998,5,0.004762380984234548,0.2334811724980145,0.7665188275019855,5.0,,,,,,,,,,0.4264131256152426,0.12834065080159285,0.8716593491984072,5.0,,,,,,,,,,,,,,,,,,,,,,,2.609692688544633,-1.0445193236350745,,,,,,,,,,,,,,,,,,,,,,,,,,,,,-2.249757197454784,1.9983519138658705,1.1887578188033723,1.961169351104257,-0.5875797014425267,1.9157106297672837,,,,3.3644433333333335,4.855536666666666,spair,38.69419441176878,4.855536666666666,pointodyssey
snapshots/pointodyssey_steps100_pretrainedFalse_freezeFalse_2025_12_11_00_21,pointodyssey_steps100_pretrainedFalse_freezeFalse_2025_12_11_00_21,pointodyssey,steps,100,False,False,2025_12_11_00_21,pointodyssey,5000,177817.75,35.56355,5,0.10715245758486333,0.18830633185033918,0.8116936681496608,5.0,,,,,,,,,,0.31437955697384834,0.36621347509681856,0.6337865249031814,5.0,,,,,,,,,,,,,,,,,,,,,,,-0.5484851638976603,0.02003437032878969,,,,,,,,,,,,,,,,,,,,,,,,,,,,,-2.0970687687251455,1.429165299580611,1.4610529515158115,2.1071271237444678,-0.8844049702670232,0.5484957575678671,,,,2.2678866666666666,33.29566333333333,spair,33.02827896742933,33.29566333333333,pointodyssey
snapshots/pointodyssey_steps100_pretrainedFalse_freezeFalse_2025_12_11_00_21,pointodyssey_steps100_pretrainedFalse_freezeFalse_2025_12_11_00_21,pointodyssey,steps,100,False,False,2025_12_11_00_21,spair,5000,10794.85,2.15897,5,0.0005703526500719621,0.21581575034459238,0.7841842496554077,5.0,,,,,,,,,,0.4696574244779277,0.14674974089102635,0.8532502591089737,5.0,,,,,,,,,,,,,,,,,,,,,,,2.5488234707503628,-0.945868802838287,,,,,,,,,,,,,,,,,,,,,,,,,,,,,-2.231457284236704,-0.035742064725439386,1.2902189690527288,1.946487603709779,-0.7161467659135726,1.760324198401991,,,,2.0635033333333332,0.09546666666666681,spair,31.805183693081407,0.09546666666666681,pointodyssey
snapshots/pointodyssey_steps100_pretrainedFalse_freezeFalse_2025_12_11_00_21,pointodyssey_steps100_pretrainedFalse_freezeFalse_2025_12_11_00_21,pointodyssey,steps,100,False,False,2025_12_11_00_21,tss,5000,72371.6,14.47432,5,0.005454058848063383,0.300341725744685,0.699658274255315,5.0,,,,,,,,,,0.4403209416696909,0.2677039344736122,0.7322960655263878,5.0,,,,,,,,,,,,,,,,,,,,,,,2.62473905081753,-0.7637096992424136,,,,,,,,,,,,,,,,,,,,,,,,,,,,,-2.323399154321574,1.3569934992330626,0.8456711240038567,2.0302510722497282,-0.8368910481513344,1.0063032455483736,,,,3.624926666666667,10.849393333333333,spair,36.22060952707727,10.849393333333333,pointodyssey
snapshots/pointodyssey_steps100_pretrainedFalse_freezeFalse_2025_12_12_23_46,pointodyssey_steps100_pretrainedFalse_freezeFalse_2025_12_12_23_46,pointodyssey,steps,100,False,False,2025_12_12_23_46,flyingthings,5000,300564.85,60.11297,5,0.012189436081121293,0.5100376104772721,0.48996238952272786,5.0,,,,,,,,,,0.4189200662664006,0.20625763338247083,0.7937423666175292,5.0,,,,,,,,,,,,,,,,,,,,,,,2.5952176525992843,-0.4082986882795238,,,,,,,,,,,,,,,,,,,,,,,,,,,,,-2.3007528639210886,1.321237969171514,-0.04015583695042492,1.8234437035067483,-0.8555443989883481,1.347632898431676,,,,2.08833,58.02464,spair,33.84911949131895,58.02464,pointodyssey
snapshots/pointodyssey_steps100_pretrainedFalse_freezeFalse_2025_12_12_23_46,pointodyssey_steps100_pretrainedFalse_freezeFalse_2025_12_12_23_46,pointodyssey,steps,100,False,False,2025_12_12_23_46,kitti2012,5000,328431.4,65.68628000000001,5,0.04687170618932417,0.11936656071074785,0.8806334392892522,5.0,,,,,,,,,,0.40185831739487404,0.1191476933316684,0.8808523066683316,5.0,,,,,,,,,,,,,,,,,,,,,,,2.5916029844156925,0.2643591298882774,,,,,,,,,,,,,,,,,,,,,,,,,,,,,-2.4186774488760427,0.866059159338012,1.9984423652170615,1.756475233468852,-0.8941348168401381,2.0005261250618975,,,,4.8632566666666674,60.823023333333346,spair,30.538103794428086,60.823023333333346,pointodyssey
snapshots/pointodyssey_steps100_pretrainedFalse_freezeFalse_2025_12_12_23_46,pointodyssey_steps100_pretrainedFalse_freezeFalse_2025_12_12_23_46,pointodyssey,steps,100,False,False,2025_12_12_23_46,middlebury,5000,207275.25,41.45505,5,0.015493764847799041,0.18766674916816575,0.8123332508318343,5.0,,,,,,,,,,0.3926271500098252,0.30544080935561974,0.6945591906443802,5.0,,,,,,,,,,,,,,,,,,,,,,,2.471787411583046,-0.13220005621961373,,,,,,,,,,,,,,,,,,,,,,,,,,,,,-2.2692320239610786,1.4804876273353451,1.4652428843072436,1.977696031039822,-0.9391114817953972,0.8215213764961703,,,,1.9837666666666667,39.47128333333333,spair,34.273668841558845,39.47128333333333,pointodyssey
snapshots/pointodyssey_steps100_pretrainedFalse_freezeFalse_2025_12_12_23_46,pointodyssey_steps100_pretrainedFalse_freezeFalse_2025_12_12_23_46,pointodyssey,steps,100,False,False,2025_12_12_23_46,pfpascal,5000,31813.549999999996,6.362709999999999,5,0.002873697820263697,0.3324751894303696,0.6675248105696304,5.0,,,,,,,,,,0.4416786759834396,0.1556891147664343,0.8443108852335657,5.0,,,,,,,,,,,,,,,,,,,,,,,2.6116874598301365,-0.8648055404934264,,,,,,,,,,,,,,,,,,,,,,,,,,,,,-2.2838982328837196,1.1755131930695957,0.6970113199190437,2.0378470358444827,-0.6793801981050575,1.6906596093934012,,,,1.9410966666666667,4.421613333333332,spair,36.09219951792394,4.421613333333332,pointodyssey
snapshots/pointodyssey_steps100_pretrainedFalse_freezeFalse_2025_12_12_23_46,pointodyssey_steps100_pretrainedFalse_freezeFalse_2025_12_12_23_46,pointodyssey,steps,100,False,False,2025_12_12_23_46,pfwillow,5000,39622.24999999999,7.924449999999998,5,0.004762380984234548,0.2334811724980145,0.7665188275019855,5.0,,,,,,,,,,0.4264131256152426,0.12834065080159285,0.8716593491984072,5.0,,,,,,,,,,,,,,,,,,,,,,,2.609692688544633,-1.0445193236350745,,,,,,,,,,,,,,,,,,,,,,,,,,,,,-2.249757197454784,1.9983519138658705,1.1887578188033723,1.961169351104257,-0.5875797014425267,1.9157106297672837,,,,3.3644433333333335,4.5600066666666645,spair,38.69419441176878,4.5600066666666645,pointodyssey
snapshots/pointodyssey_steps100_pretrainedFalse_freezeFalse_2025_12_12_23_46,pointodyssey_steps100_pretrainedFalse_freezeFalse_2025_12_12_23_46,pointodyssey,steps,100,False,False,2025_12_12_23_46,pointodyssey,5000,98539.5,19.7079,5,0.10715245758486333,0.18830633185033918,0.8116936681496608,5.0,,,,,,,,,,0.31437955697384834,0.36621347509681856,0.6337865249031814,5.0,,,,,,,,,,,,,,,,,,,,,,,-0.5484851638976603,0.02003437032878969,,,,,,,,,,,,,,,,,,,,,,,,,,,,,-2.0970687687251455,1.429165299580611,1.4610529515158115,2.1071271237444678,-0.8844049702670232,0.5484957575678671,,,,2.2678866666666666,17.440013333333333,spair,33.02827896742933,17.440013333333333,pointodyssey
snapshots/pointodyssey_steps100_pretrainedFalse_freezeFalse_2025_12_12_23_46,pointodyssey_steps100_pretrainedFalse_freezeFalse_2025_12_12_23_46,pointodyssey,steps,100,False,False,2025_12_12_23_46,spair,5000,10729.45,2.14589,5,0.0005703526500719621,0.21581575034459238,0.7841842496554077,5.0,,,,,,,,,,0.4696574244779277,0.14674974089102635,0.8532502591089737,5.0,,,,,,,,,,,,,,,,,,,,,,,2.5488234707503628,-0.945868802838287,,,,,,,,,,,,,,,,,,,,,,,,,,,,,-2.231457284236704,-0.035742064725439386,1.2902189690527288,1.946487603709779,-0.7161467659135726,1.760324198401991,,,,2.0635033333333332,0.08238666666666683,spair,31.805183693081407,0.08238666666666683,pointodyssey
snapshots/pointodyssey_steps100_pretrainedFalse_freezeFalse_2025_12_12_23_46,pointodyssey_steps100_pretrainedFalse_freezeFalse_2025_12_12_23_46,pointodyssey,steps,100,False,False,2025_12_12_23_46,tss,5000,76301.75,15.26035,5,0.005454058848063383,0.300341725744685,0.699658274255315,5.0,,,,,,,,,,0.4403209416696909,0.2677039344736122,0.7322960655263878,5.0,,,,,,,,,,,,,,,,,,,,,,,2.62473905081753,-0.7637096992424136,,,,,,,,,,,,,,,,,,,,,,,,,,,,,-2.323399154321574,1.3569934992330626,0.8456711240038567,2.0302510722497282,-0.8368910481513344,1.0063032455483736,,,,3.624926666666667,11.635423333333334,spair,36.22060952707727,11.635423333333334,pointodyssey
snapshots/pointodyssey_steps100_pretrainedTrue_freezeFalse_2025_12_11_00_21,pointodyssey_steps100_pretrainedTrue_freezeFalse_2025_12_11_00_21,pointodyssey,steps,100,True,False,2025_12_11_00_21,flyingthings,5000,336081.4,67.21628,5,0.012189436081121293,0.5100376104772721,0.48996238952272786,5.0,,,,,,,,,,0.4189200662664006,0.20625763338247083,0.7937423666175292,5.0,,,,,,,,,,,,,,,,,,,,,,,2.5952176525992843,-0.4082986882795238,,,,,,,,,,,,,,,,,,,,,,,,,,,,,-2.3007528639210886,1.321237969171514,-0.04015583695042492,1.8234437035067483,-0.8555443989883481,1.347632898431676,,,,48.23252,18.983759999999997,spair,33.84911949131895,18.983759999999997,pointodyssey
snapshots/pointodyssey_steps100_pretrainedTrue_freezeFalse_2025_12_11_00_21,pointodyssey_steps100_pretrainedTrue_freezeFalse_2025_12_11_00_21,pointodyssey,steps,100,True,False,2025_12_11_00_21,kitti2012,5000,378099.1,75.61981999999999,5,0.04687170618932417,0.11936656071074785,0.8806334392892522,5.0,,,,,,,,,,0.40185831739487404,0.1191476933316684,0.8808523066683316,5.0,,,,,,,,,,,,,,,,,,,,,,,2.5916029844156925,0.2643591298882774,,,,,,,,,,,,,,,,,,,,,,,,,,,,,-2.4186774488760427,0.866059159338012,1.9984423652170615,1.756475233468852,-0.8941348168401381,2.0005261250618975,,,,59.49418666666667,16.12563333333332,spair,30.538103794428086,16.12563333333332,pointodyssey
snapshots/pointodyssey_steps100_pretrainedTrue_freezeFalse_2025_12_11_00_21,pointodyssey_steps100_pretrainedTrue_freezeFalse_2025_12_11_00_21,pointodyssey,steps,100,True,False,2025_12_11_00_21,middlebury,5000,214391.19999999998,42.87824,5,0.015493764847799041,0.18766674916816575,0.8123332508318343,5.0,,,,,,,,,,0.3926271500098252,0.30544080935561974,0.6945591906443802,5.0,,,,,,,,,,,,,,,,,,,,,,,2.471787411583046,-0.13220005621961373,,,,,,,,,,,,,,,,,,,,,,,,,,,,,-2.2692320239610786,1.4804876273353451,1.4652428843072436,1.977696031039822,-0.9391114817953972,0.8215213764961703,,,,34.53024666666666,8.347993333333335,spair,34.273668841558845,8.347993333333335,pointodyssey
snapshots/pointodyssey_steps100_pretrainedTrue_freezeFalse_2025_12_11_00_21,pointodyssey_steps100_pretrainedTrue_freezeFalse_2025_12_11_00_21,pointodyssey,steps,100,True,False,2025_12_11_00_21,pfpascal,5000,126848.65,25.36973,5,0.002873697820263697,0.3324751894303696,0.6675248105696304,5.0,,,,,,,,,,0.4416786759834396,0.1556891147664343,0.8443108852335657,5.0,,,,,,,,,,,,,,,,,,,,,,,2.6116874598301365,-0.8648055404934264,,,,,,,,,,,,,,,,,,,,,,,,,,,,,-2.2838982328837196,1.1755131930695957,0.6970113199190437,2.0378470358444827,-0.6793801981050575,1.6906596093934012,,,,23.19225,2.177479999999999,spair,36.09219951792394,2.177479999999999,pointodyssey
snapshots/pointodyssey_steps100_pretrainedTrue_freezeFalse_2025_12_11_00_21,pointodyssey_steps100_pretrainedTrue_freezeFalse_2025_12_11_00_21,pointodyssey,steps,100,True,False,2025_12_11_00_21,pfwillow,5000,142144.4,28.42888,5,0.004762380984234548,0.2334811724980145,0.7665188275019855,5.0,,,,,,,,,,0.4264131256152426,0.12834065080159285,0.8716593491984072,5.0,,,,,,,,,,,,,,,,,,,,,,,2.609692688544633,-1.0445193236350745,,,,,,,,,,,,,,,,,,,,,,,,,,,,,-2.249757197454784,1.9983519138658705,1.1887578188033723,1.961169351104257,-0.5875797014425267,1.9157106297672837,,,,27.67815333333333,0.7507266666666688,spair,38.69419441176878,0.7507266666666688,pointodyssey
snapshots/pointodyssey_steps100_pretrainedTrue_freezeFalse_2025_12_11_00_21,pointodyssey_steps100_pretrainedTrue_freezeFalse_2025_12_11_00_21,pointodyssey,steps,100,True,False,2025_12_11_00_21,pointodyssey,5000,130346.1,26.06922,5,0.10715245758486333,0.18830633185033918,0.8116936681496608,5.0,,,,,,,,,,0.31437955697384834,0.36621347509681856,0.6337865249031814,5.0,,,,,,,,,,,,,,,,,,,,,,,-0.5484851638976603,0.02003437032878969,,,,,,,,,,,,,,,,,,,,,,,,,,,,,-2.0970687687251455,1.429165299580611,1.4610529515158115,2.1071271237444678,-0.8844049702670232,0.5484957575678671,,,,24.839123333333333,1.2300966666666682,spair,33.02827896742933,1.2300966666666682,pointodyssey
snapshots/pointodyssey_steps100_pretrainedTrue_freezeFalse_2025_12_11_00_21,pointodyssey_steps100_pretrainedTrue_freezeFalse_2025_12_11_00_21,pointodyssey,steps,100,True,False,2025_12_11_00_21,spair,5000,58347.1,11.66942,5,0.0005703526500719621,0.21581575034459238,0.7841842496554077,5.0,,,,,,,,,,0.4696574244779277,0.14674974089102635,0.8532502591089737,5.0,,,,,,,,,,,,,,,,,,,,,,,2.5488234707503628,-0.945868802838287,,,,,,,,,,,,,,,,,,,,,,,,,,,,,-2.231457284236704,-0.035742064725439386,1.2902189690527288,1.946487603709779,-0.7161467659135726,1.760324198401991,,,,16.234553333333334,-4.565133333333334,spair,31.805183693081407,-4.565133333333334,pointodyssey
snapshots/pointodyssey_steps100_pretrainedTrue_freezeFalse_2025_12_11_00_21,pointodyssey_steps100_pretrainedTrue_freezeFalse_2025_12_11_00_21,pointodyssey,steps,100,True,False,2025_12_11_00_21,tss,5000,224271.75,44.85435,5,0.005454058848063383,0.300341725744685,0.699658274255315,5.0,,,,,,,,,,0.4403209416696909,0.2677039344736122,0.7322960655263878,5.0,,,,,,,,,,,,,,,,,,,,,,,2.62473905081753,-0.7637096992424136,,,,,,,,,,,,,,,,,,,,,,,,,,,,,-2.323399154321574,1.3569934992330626,0.8456711240038567,2.0302510722497282,-0.8368910481513344,1.0063032455483736,,,,39.87302333333333,4.981326666666668,spair,36.22060952707727,4.981326666666668,pointodyssey
snapshots/pointodyssey_steps100_pretrainedTrue_freezeFalse_2025_12_12_23_45,pointodyssey_steps100_pretrainedTrue_freezeFalse_2025_12_12_23_45,pointodyssey,steps,100,True,False,2025_12_12_23_45,flyingthings,5000,304056.2,60.811240000000005,5,0.012189436081121293,0.5100376104772721,0.48996238952272786,5.0,,,,,,,,,,0.4189200662664006,0.20625763338247083,0.7937423666175292,5.0,,,,,,,,,,,,,,,,,,,,,,,2.5952176525992843,-0.4082986882795238,,,,,,,,,,,,,,,,,,,,,,,,,,,,,-2.3007528639210886,1.321237969171514,-0.04015583695042492,1.8234437035067483,-0.8555443989883481,1.347632898431676,,,,48.23252,12.578720000000004,spair,33.84911949131895,12.578720000000004,pointodyssey
snapshots/pointodyssey_steps100_pretrainedTrue_freezeFalse_2025_12_12_23_45,pointodyssey_steps100_pretrainedTrue_freezeFalse_2025_12_12_23_45,pointodyssey,steps,100,True,False,2025_12_12_23_45,kitti2012,5000,332594.3,66.51886,5,0.04687170618932417,0.11936656071074785,0.8806334392892522,5.0,,,,,,,,,,0.40185831739487404,0.1191476933316684,0.8808523066683316,5.0,,,,,,,,,,,,,,,,,,,,,,,2.5916029844156925,0.2643591298882774,,,,,,,,,,,,,,,,,,,,,,,,,,,,,-2.4186774488760427,0.866059159338012,1.9984423652170615,1.756475233468852,-0.8941348168401381,2.0005261250618975,,,,59.49418666666667,7.024673333333332,spair,30.538103794428086,7.024673333333332,pointodyssey
snapshots/pointodyssey_steps100_pretrainedTrue_freezeFalse_2025_12_12_23_45,pointodyssey_steps100_pretrainedTrue_freezeFalse_2025_12_12_23_45,pointodyssey,steps,100,True,False,2025_12_12_23_45,middlebury,5000,206192.45,41.238490000000006,5,0.015493764847799041,0.18766674916816575,0.8123332508318343,5.0,,,,,,,,,,0.3926271500098252,0.30544080935561974,0.6945591906443802,5.0,,,,,,,,,,,,,,,,,,,,,,,2.471787411583046,-0.13220005621961373,,,,,,,,,,,,,,,,,,,,,,,,,,,,,-2.2692320239610786,1.4804876273353451,1.4652428843072436,1.977696031039822,-0.9391114817953972,0.8215213764961703,,,,34.53024666666666,6.708243333333343,spair,34.273668841558845,6.708243333333343,pointodyssey
snapshots/pointodyssey_steps100_pretrainedTrue_freezeFalse_2025_12_12_23_45,pointodyssey_steps100_pretrainedTrue_freezeFalse_2025_12_12_23_45,pointodyssey,steps,100,True,False,2025_12_12_23_45,pfpascal,5000,90199.65000000001,18.039930000000002,5,0.002873697820263697,0.3324751894303696,0.6675248105696304,5.0,,,,,,,,,,0.4416786759834396,0.1556891147664343,0.8443108852335657,5.0,,,,,,,,,,,,,,,,,,,,,,,2.6116874598301365,-0.8648055404934264,,,,,,,,,,,,,,,,,,,,,,,,,,,,,-2.2838982328837196,1.1755131930695957,0.6970113199190437,2.0378470358444827,-0.6793801981050575,1.6906596093934012,,,,23.19225,-5.15232,spair,36.09219951792394,-5.15232,pointodyssey
snapshots/pointodyssey_steps100_pretrainedTrue_freezeFalse_2025_12_12_23_45,pointodyssey_steps100_pretrainedTrue_freezeFalse_2025_12_12_23_45,pointodyssey,steps,100,True,False,2025_12_12_23_45,pfwillow,5000,109877.8,21.97556,5,0.004762380984234548,0.2334811724980145,0.7665188275019855,5.0,,,,,,,,,,0.4264131256152426,0.12834065080159285,0.8716593491984072,5.0,,,,,,,,,,,,,,,,,,,,,,,2.609692688544633,-1.0445193236350745,,,,,,,,,,,,,,,,,,,,,,,,,,,,,-2.249757197454784,1.9983519138658705,1.1887578188033723,1.961169351104257,-0.5875797014425267,1.9157106297672837,,,,27.67815333333333,-5.702593333333329,spair,38.69419441176878,-5.702593333333329,pointodyssey
snapshots/pointodyssey_steps100_pretrainedTrue_freezeFalse_2025_12_12_23_45,pointodyssey_steps100_pretrainedTrue_freezeFalse_2025_12_12_23_45,pointodyssey,steps,100,True,False,2025_12_12_23_45,pointodyssey,5000,115114.75,23.02295,5,0.10715245758486333,0.18830633185033918,0.8116936681496608,5.0,,,,,,,,,,0.31437955697384834,0.36621347509681856,0.6337865249031814,5.0,,,,,,,,,,,,,,,,,,,,,,,-0.5484851638976603,0.02003437032878969,,,,,,,,,,,,,,,,,,,,,,,,,,,,,-2.0970687687251455,1.429165299580611,1.4610529515158115,2.1071271237444678,-0.8844049702670232,0.5484957575678671,,,,24.839123333333333,-1.8161733333333316,spair,33.02827896742933,-1.8161733333333316,pointodyssey
snapshots/pointodyssey_steps100_pretrainedTrue_freezeFalse_2025_12_12_23_45,pointodyssey_steps100_pretrainedTrue_freezeFalse_2025_12_12_23_45,pointodyssey,steps,100,True,False,2025_12_12_23_45,spair,5000,43150.65,8.63013,5,0.0005703526500719621,0.21581575034459238,0.7841842496554077,5.0,,,,,,,,,,0.4696574244779277,0.14674974089102635,0.8532502591089737,5.0,,,,,,,,,,,,,,,,,,,,,,,2.5488234707503628,-0.945868802838287,,,,,,,,,,,,,,,,,,,,,,,,,,,,,-2.231457284236704,-0.035742064725439386,1.2902189690527288,1.946487603709779,-0.7161467659135726,1.760324198401991,,,,16.234553333333334,-7.604423333333335,spair,31.805183693081407,-7.604423333333335,pointodyssey
snapshots/pointodyssey_steps100_pretrainedTrue_freezeFalse_2025_12_12_23_45,pointodyssey_steps100_pretrainedTrue_freezeFalse_2025_12_12_23_45,pointodyssey,steps,100,True,False,2025_12_12_23_45,tss,5000,177075.75,35.41515,5,0.005454058848063383,0.300341725744685,0.699658274255315,5.0,,,,,,,,,,0.4403209416696909,0.2677039344736122,0.7322960655263878,5.0,,,,,,,,,,,,,,,,,,,,,,,2.62473905081753,-0.7637096992424136,,,,,,,,,,,,,,,,,,,,,,,,,,,,,-2.323399154321574,1.3569934992330626,0.8456711240038567,2.0302510722497282,-0.8368910481513344,1.0063032455483736,,,,39.87302333333333,-4.457873333333332,spair,36.22060952707727,-4.457873333333332,pointodyssey
snapshots/pointodyssey_steps100_pretrainedTrue_freezeTrue_2025_12_11_00_21,pointodyssey_steps100_pretrainedTrue_freezeTrue_2025_12_11_00_21,pointodyssey,steps,100,True,True,2025_12_11_00_21,flyingthings,5000,337347.85000000003,67.46957,5,0.012189436081121293,0.5100376104772721,0.48996238952272786,5.0,,,,,,,,,,0.4189200662664006,0.20625763338247083,0.7937423666175292,5.0,,,,,,,,,,,,,,,,,,,,,,,2.5952176525992843,-0.4082986882795238,,,,,,,,,,,,,,,,,,,,,,,,,,,,,-2.3007528639210886,1.321237969171514,-0.04015583695042492,1.8234437035067483,-0.8555443989883481,1.347632898431676,,,,53.90556,13.564010000000003,spair,33.84911949131895,13.564010000000003,pointodyssey
snapshots/pointodyssey_steps100_pretrainedTrue_freezeTrue_2025_12_11_00_21,pointodyssey_steps100_pretrainedTrue_freezeTrue_2025_12_11_00_21,pointodyssey,steps,100,True,True,2025_12_11_00_21,kitti2012,5000,380216.05000000005,76.04321000000002,5,0.04687170618932417,0.11936656071074785,0.8806334392892522,5.0,,,,,,,,,,0.40185831739487404,0.1191476933316684,0.8808523066683316,5.0,,,,,,,,,,,,,,,,,,,,,,,2.5916029844156925,0.2643591298882774,,,,,,,,,,,,,,,,,,,,,,,,,,,,,-2.4186774488760427,0.866059159338012,1.9984423652170615,1.756475233468852,-0.8941348168401381,2.0005261250618975,,,,64.06846666666667,11.97474333333335,spair,30.538103794428086,11.97474333333335,pointodyssey
snapshots/pointodyssey_steps100_pretrainedTrue_freezeTrue_2025_12_11_00_21,pointodyssey_steps100_pretrainedTrue_freezeTrue_2025_12_11_00_21,pointodyssey,steps,100,True,True,2025_12_11_00_21,middlebury,5000,215656.95,43.13139,5,0.015493764847799041,0.18766674916816575,0.8123332508318343,5.0,,,,,,,,,,0.3926271500098252,0.30544080935561974,0.6945591906443802,5.0,,,,,,,,,,,,,,,,,,,,,,,2.471787411583046,-0.13220005621961373,,,,,,,,,,,,,,,,,,,,,,,,,,,,,-2.2692320239610786,1.4804876273353451,1.4652428843072436,1.977696031039822,-0.9391114817953972,0.8215213764961703,,,,37.7005,5.430890000000005,spair,34.273668841558845,5.430890000000005,pointodyssey
snapshots/pointodyssey_steps100_pretrainedTrue_freezeTrue_2025_12_11_00_21,pointodyssey_steps100_pretrainedTrue_freezeTrue_2025_12_11_00_21,pointodyssey,steps,100,True,True,2025_12_11_00_21,pfpascal,5000,123183.35,24.636670000000002,5,0.002873697820263697,0.3324751894303696,0.6675248105696304,5.0,,,,,,,,,,0.4416786759834396,0.1556891147664343,0.8443108852335657,5.0,,,,,,,,,,,,,,,,,,,,,,,2.6116874598301365,-0.8648055404934264,,,,,,,,,,,,,,,,,,,,,,,,,,,,,-2.2838982328837196,1.1755131930695957,0.6970113199190437,2.0378470358444827,-0.6793801981050575,1.6906596093934012,,,,27.819223333333337,-3.1825533333333347,spair,36.09219951792394,-3.1825533333333347,pointodyssey
snapshots/pointodyssey_steps100_pretrainedTrue_freezeTrue_2025_12_11_00_21,pointodyssey_steps100_pretrainedTrue_freezeTrue_2025_12_11_00_21,pointodyssey,steps,100,True,True,2025_12_11_00_21,pfwillow,5000,131683.35,26.33667,5,0.004762380984234548,0.2334811724980145,0.7665188275019855,5.0,,,,,,,,,,0.4264131256152426,0.12834065080159285,0.8716593491984072,5.0,,,,,,,,,,,,,,,,,,,,,,,2.609692688544633,-1.0445193236350745,,,,,,,,,,,,,,,,,,,,,,,,,,,,,-2.249757197454784,1.9983519138658705,1.1887578188033723,1.961169351104257,-0.5875797014425267,1.9157106297672837,,,,32.30222,-5.965549999999997,spair,38.69419441176878,-5.965549999999997,pointodyssey
snapshots/pointodyssey_steps100_pretrainedTrue_freezeTrue_2025_12_11_00_21,pointodyssey_steps100_pretrainedTrue_freezeTrue_2025_12_11_00_21,pointodyssey,steps,100,True,True,2025_12_11_00_21,pointodyssey,5000,152033.35,30.406670000000002,5,0.10715245758486333,0.18830633185033918,0.8116936681496608,5.0,,,,,,,,,,0.31437955697384834,0.36621347509681856,0.6337865249031814,5.0,,,,,,,,,,,,,,,,,,,,,,,-0.5484851638976603,0.02003437032878969,,,,,,,,,,,,,,,,,,,,,,,,,,,,,-2.0970687687251455,1.429165299580611,1.4610529515158115,2.1071271237444678,-0.8844049702670232,0.5484957575678671,,,,24.515383333333332,5.8912866666666694,spair,33.02827896742933,5.8912866666666694,pointodyssey
snapshots/pointodyssey_steps100_pretrainedTrue_freezeTrue_2025_12_11_00_21,pointodyssey_steps100_pretrainedTrue_freezeTrue_2025_12_11_00_21,pointodyssey,steps,100,True,True,2025_12_11_00_21,spair,5000,60128.3,12.02566,5,0.0005703526500719621,0.21581575034459238,0.7841842496554077,5.0,,,,,,,,,,0.4696574244779277,0.14674974089102635,0.8532502591089737,5.0,,,,,,,,,,,,,,,,,,,,,,,2.5488234707503628,-0.945868802838287,,,,,,,,,,,,,,,,,,,,,,,,,,,,,-2.231457284236704,-0.035742064725439386,1.2902189690527288,1.946487603709779,-0.7161467659135726,1.760324198401991,,,,19.357693333333334,-7.332033333333333,spair,31.805183693081407,-7.332033333333333,pointodyssey
snapshots/pointodyssey_steps100_pretrainedTrue_freezeTrue_2025_12_11_00_21,pointodyssey_steps100_pretrainedTrue_freezeTrue_2025_12_11_00_21,pointodyssey,steps,100,True,True,2025_12_11_00_21,tss,5000,206886.05,41.37721,5,0.005454058848063383,0.300341725744685,0.699658274255315,5.0,,,,,,,,,,0.4403209416696909,0.2677039344736122,0.7322960655263878,5.0,,,,,,,,,,,,,,,,,,,,,,,2.62473905081753,-0.7637096992424136,,,,,,,,,,,,,,,,,,,,,,,,,,,,,-2.323399154321574,1.3569934992330626,0.8456711240038567,2.0302510722497282,-0.8368910481513344,1.0063032455483736,,,,43.74900333333333,-2.371793333333329,spair,36.22060952707727,-2.371793333333329,pointodyssey
snapshots/pointodyssey_steps100_pretrainedTrue_freezeTrue_2025_12_12_23_45,pointodyssey_steps100_pretrainedTrue_freezeTrue_2025_12_12_23_45,pointodyssey,steps,100,True,True,2025_12_12_23_45,flyingthings,5000,306208.35000000003,61.241670000000006,5,0.012189436081121293,0.5100376104772721,0.48996238952272786,5.0,,,,,,,,,,0.4189200662664006,0.20625763338247083,0.7937423666175292,5.0,,,,,,,,,,,,,,,,,,,,,,,2.5952176525992843,-0.4082986882795238,,,,,,,,,,,,,,,,,,,,,,,,,,,,,-2.3007528639210886,1.321237969171514,-0.04015583695042492,1.8234437035067483,-0.8555443989883481,1.347632898431676,,,,53.90556,7.336110000000005,spair,33.84911949131895,7.336110000000005,pointodyssey
snapshots/pointodyssey_steps100_pretrainedTrue_freezeTrue_2025_12_12_23_45,pointodyssey_steps100_pretrainedTrue_freezeTrue_2025_12_12_23_45,pointodyssey,steps,100,True,True,2025_12_12_23_45,kitti2012,5000,372251.95,74.45039,5,0.04687170618932417,0.11936656071074785,0.8806334392892522,5.0,,,,,,,,,,0.40185831739487404,0.1191476933316684,0.8808523066683316,5.0,,,,,,,,,,,,,,,,,,,,,,,2.5916029844156925,0.2643591298882774,,,,,,,,,,,,,,,,,,,,,,,,,,,,,-2.4186774488760427,0.866059159338012,1.9984423652170615,1.756475233468852,-0.8941348168401381,2.0005261250618975,,,,64.06846666666667,10.381923333333333,spair,30.538103794428086,10.381923333333333,pointodyssey
snapshots/pointodyssey_steps100_pretrainedTrue_freezeTrue_2025_12_12_23_45,pointodyssey_steps100_pretrainedTrue_freezeTrue_2025_12_12_23_45,pointodyssey,steps,100,True,True,2025_12_12_23_45,middlebury,5000,207452.45,41.49049,5,0.015493764847799041,0.18766674916816575,0.8123332508318343,5.0,,,,,,,,,,0.3926271500098252,0.30544080935561974,0.6945591906443802,5.0,,,,,,,,,,,,,,,,,,,,,,,2.471787411583046,-0.13220005621961373,,,,,,,,,,,,,,,,,,,,,,,,,,,,,-2.2692320239610786,1.4804876273353451,1.4652428843072436,1.977696031039822,-0.9391114817953972,0.8215213764961703,,,,37.7005,3.789990000000003,spair,34.273668841558845,3.789990000000003,pointodyssey
snapshots/pointodyssey_steps100_pretrainedTrue_freezeTrue_2025_12_12_23_45,pointodyssey_steps100_pretrainedTrue_freezeTrue_2025_12_12_23_45,pointodyssey,steps,100,True,True,2025_12_12_23_45,pfpascal,5000,88619.75,17.72395,5,0.002873697820263697,0.3324751894303696,0.6675248105696304,5.0,,,,,,,,,,0.4416786759834396,0.1556891147664343,0.8443108852335657,5.0,,,,,,,,,,,,,,,,,,,,,,,2.6116874598301365,-0.8648055404934264,,,,,,,,,,,,,,,,,,,,,,,,,,,,,-2.2838982328837196,1.1755131930695957,0.6970113199190437,2.0378470358444827,-0.6793801981050575,1.6906596093934012,,,,27.819223333333337,-10.095273333333338,spair,36.09219951792394,-10.095273333333338,pointodyssey
snapshots/pointodyssey_steps100_pretrainedTrue_freezeTrue_2025_12_12_23_45,pointodyssey_steps100_pretrainedTrue_freezeTrue_2025_12_12_23_45,pointodyssey,steps,100,True,True,2025_12_12_23_45,pfwillow,5000,105777.85,21.15557,5,0.004762380984234548,0.2334811724980145,0.7665188275019855,5.0,,,,,,,,,,0.4264131256152426,0.12834065080159285,0.8716593491984072,5.0,,,,,,,,,,,,,,,,,,,,,,,2.609692688544633,-1.0445193236350745,,,,,,,,,,,,,,,,,,,,,,,,,,,,,-2.249757197454784,1.9983519138658705,1.1887578188033723,1.961169351104257,-0.5875797014425267,1.9157106297672837,,,,32.30222,-11.146649999999998,spair,38.69419441176878,-11.146649999999998,pointodyssey
snapshots/pointodyssey_steps100_pretrainedTrue_freezeTrue_2025_12_12_23_45,pointodyssey_steps100_pretrainedTrue_freezeTrue_2025_12_12_23_45,pointodyssey,steps,100,True,True,2025_12_12_23_45,pointodyssey,5000,139435.75,27.88715,5,0.10715245758486333,0.18830633185033918,0.8116936681496608,5.0,,,,,,,,,,0.31437955697384834,0.36621347509681856,0.6337865249031814,5.0,,,,,,,,,,,,,,,,,,,,,,,-0.5484851638976603,0.02003437032878969,,,,,,,,,,,,,,,,,,,,,,,,,,,,,-2.0970687687251455,1.429165299580611,1.4610529515158115,2.1071271237444678,-0.8844049702670232,0.5484957575678671,,,,24.515383333333332,3.371766666666666,spair,33.02827896742933,3.371766666666666,pointodyssey
snapshots/pointodyssey_steps100_pretrainedTrue_freezeTrue_2025_12_12_23_45,pointodyssey_steps100_pretrainedTrue_freezeTrue_2025_12_12_23_45,pointodyssey,steps,100,True,True,2025_12_12_23_45,spair,5000,45422.549999999996,9.08451,5,0.0005703526500719621,0.21581575034459238,0.7841842496554077,5.0,,,,,,,,,,0.4696574244779277,0.14674974089102635,0.8532502591089737,5.0,,,,,,,,,,,,,,,,,,,,,,,2.5488234707503628,-0.945868802838287,,,,,,,,,,,,,,,,,,,,,,,,,,,,,-2.231457284236704,-0.035742064725439386,1.2902189690527288,1.946487603709779,-0.7161467659135726,1.760324198401991,,,,19.357693333333334,-10.273183333333334,spair,31.805183693081407,-10.273183333333334,pointodyssey
snapshots/pointodyssey_steps100_pretrainedTrue_freezeTrue_2025_12_12_23_45,pointodyssey_steps100_pretrainedTrue_freezeTrue_2025_12_12_23_45,pointodyssey,steps,100,True,True,2025_12_12_23_45,tss,5000,171723.30000000002,34.344660000000005,5,0.005454058848063383,0.300341725744685,0.699658274255315,5.0,,,,,,,,,,0.4403209416696909,0.2677039344736122,0.7322960655263878,5.0,,,,,,,,,,,,,,,,,,,,,,,2.62473905081753,-0.7637096992424136,,,,,,,,,,,,,,,,,,,,,,,,,,,,,-2.323399154321574,1.3569934992330626,0.8456711240038567,2.0302510722497282,-0.8368910481513344,1.0063032455483736,,,,43.74900333333333,-9.404343333333323,spair,36.22060952707727,-9.404343333333323,pointodyssey
snapshots/sintel_logsteps100_pretrainedFalse_freezeFalse_2025_12_10_01_43,sintel_logsteps100_pretrainedFalse_freezeFalse_2025_12_10_01_43,sintel,logsteps,100,False,False,2025_12_10_01_43,flyingthings,5000,325180.0,65.036,5,0.09979679957008561,0.45768101166029557,0.5423189883397044,5.0,,,,,,,,,,0.25706545770619293,0.29092003661090965,0.7090799633890903,5.0,,,,,,,,,,,,,,,,,,,,,,,-0.41094476311689826,-0.9111953251249133,,,,,,,,,,,,,,,,,,,,,,,,,,,,,-0.5213802661111884,0.9982031156334178,0.16968190732292512,-0.021271760642029354,0.6958693786446966,0.8909198623824027,,,,2.08833,62.94767,spair,9.32350903945125,62.94767,sintel
snapshots/sintel_logsteps100_pretrainedFalse_freezeFalse_2025_12_10_01_43,sintel_logsteps100_pretrainedFalse_freezeFalse_2025_12_10_01_43,sintel,logsteps,100,False,False,2025_12_10_01_43,kitti2012,5000,363928.55000000005,72.78571000000001,5,0.2933664359441381,0.16424525617494107,0.835754743825059,5.0,,,,,,,,,,0.2720208786591879,0.20949055307632092,0.7905094469236791,5.0,,,,,,,,,,,,,,,,,,,,,,,-0.5071693122563655,-1.313381113437644,,,,,,,,,,,,,,,,,,,,,,,,,,,,,-0.18067121388087554,1.2414969444310142,1.626974426201279,0.227466059958567,0.8944851393678203,1.3279989615146814,,,,4.8632566666666674,67.92245333333334,spair,13.251508713079748,67.92245333333334,sintel
snapshots/sintel_logsteps100_pretrainedFalse_freezeFalse_2025_12_10_01_43,sintel_logsteps100_pretrainedFalse_freezeFalse_2025_12_10_01_43,sintel,logsteps,100,False,False,2025_12_10_01_43,middlebury,5000,208538.30000000002,41.707660000000004,5,0.10650891090562073,0.12132354349897378,0.8786764565010262,5.0,,,,,,,,,,0.2219983044858457,0.3881287243222664,0.6118712756777336,5.0,,,,,,,,,,,,,,,,,,,,,,,-0.5951506433462028,-0.6585360397455309,,,,,,,,,,,,,,,,,,,,,,,,,,,,,-0.6318997677900018,0.9124534871935757,1.9799558583199786,-0.15030003529973465,0.6721712598019643,0.45518487821010306,,,,1.9837666666666667,39.723893333333336,spair,8.345646295853834,39.723893333333336,sintel
snapshots/sintel_logsteps100_pretrainedFalse_freezeFalse_2025_12_10_01_43,sintel_logsteps100_pretrainedFalse_freezeFalse_2025_12_10_01_43,sintel,logsteps,100,False,False,2025_12_10_01_43,pfpascal,5000,50209.34999999999,10.041869999999998,5,0.04333342345389832,0.3022717655977298,0.6977282344022702,5.0,,,,,,,,,,0.26090079318809795,0.2134567616027117,0.7865432383972883,5.0,,,,,,,,,,,,,,,,,,,,,,,-0.24007116963607406,-0.4219443541984958,,,,,,,,,,,,,,,,,,,,,,,,,,,,,-0.6587461831240898,0.785027428870894,0.8365031791471622,-0.1621693882359718,0.48710883213558115,1.3042134063077513,,,,1.9410966666666667,8.100773333333331,spair,7.292851888628503,8.100773333333331,sintel
snapshots/sintel_logsteps100_pretrainedFalse_freezeFalse_2025_12_10_01_43,sintel_logsteps100_pretrainedFalse_freezeFalse_2025_12_10_01_43,sintel,logsteps,100,False,False,2025_12_10_01_43,pfwillow,5000,66733.25,13.34665,5,0.050837452357402335,0.1568481997690412,0.8431518002309588,5.0,,,,,,,,,,0.24243049149521306,0.17447487494253122,0.8255251250574688,5.0,,,,,,,,,,,,,,,,,,,,,,,-0.12100451087493423,0.007211182275674447,,,,,,,,,,,,,,,,,,,,,,,,,,,,,-0.6822121563362665,0.4101874778621258,1.6818685560733684,-0.6205252037737063,0.3916313526441739,1.5542389509274046,,,,3.3644433333333335,9.982206666666666,spair,2.967163842745455,9.982206666666666,sintel
snapshots/sintel_logsteps100_pretrainedFalse_freezeFalse_2025_12_10_01_43,sintel_logsteps100_pretrainedFalse_freezeFalse_2025_12_10_01_43,sintel,logsteps,100,False,False,2025_12_10_01_43,pointodyssey,5000,135520.8,27.104159999999997,5,0.37421064716112995,0.15933950842716846,0.8406604915728315,5.0,,,,,,,,,,0.13708729695873537,0.41684389190309706,0.583156108096903,5.0,,,,,,,,,,,,,,,,,,,,,,,-0.6372829328644003,-0.18443782249739735,,,,,,,,,,,,,,,,,,,,,,,,,,,,,0.18817647537494916,1.2945032432718055,1.6631506834659244,-0.239759151088483,0.3969497238395419,0.33574312563338077,,,,2.2678866666666666,24.83627333333333,spair,12.522467927924495,24.83627333333333,sintel
snapshots/sintel_logsteps100_pretrainedFalse_freezeFalse_2025_12_10_01_43,sintel_logsteps100_pretrainedFalse_freezeFalse_2025_12_10_01_43,sintel,logsteps,100,False,False,2025_12_10_01_43,spair,5000,12916.6,2.58332,5,0.013136369740861234,0.20444686104311027,0.7955531389568897,5.0,,,,,,,,,,0.29368800909047776,0.20112683819240526,0.7988731618075947,5.0,,,,,,,,,,,,,,,,,,,,,,,0.028644125599334845,0.05414499765982082,,,,,,,,,,,,,,,,,,,,,,,,,,,,,-0.6958836002195182,-0.7924821193837746,1.3587295514733235,-0.31317992837960607,0.2651360569108537,1.379266442168716,,,,2.0635033333333332,0.5198166666666668,spair,0.8385357141607965,0.5198166666666668,sintel
snapshots/sintel_logsteps100_pretrainedFalse_freezeFalse_2025_12_10_01_43,sintel_logsteps100_pretrainedFalse_freezeFalse_2025_12_10_01_43,sintel,logsteps,100,False,False,2025_12_10_01_43,tss,5000,110623.1,22.12462,5,0.0700250005071063,0.2621518124242335,0.7378481875757665,5.0,,,,,,,,,,0.25992287216646154,0.3384726858458901,0.6615273141541099,5.0,,,,,,,,,,,,,,,,,,,,,,,-0.23572293997848331,-0.07490015831593876,,,,,,,,,,,,,,,,,,,,,,,,,,,,,-0.594818350206629,0.8526242516956088,1.0348143228616187,-0.24335682529679645,0.3923250819300578,0.6701078765845903,,,,3.624926666666667,18.499693333333333,spair,7.704947775543673,18.499693333333333,sintel
snapshots/sintel_logsteps100_pretrainedTrue_freezeFalse_2025_12_10_01_43,sintel_logsteps100_pretrainedTrue_freezeFalse_2025_12_10_01_43,sintel,logsteps,100,True,False,2025_12_10_01_43,flyingthings,5000,357374.75,71.47495,5,0.09979679957008561,0.45768101166029557,0.5423189883397044,5.0,,,,,,,,,,0.25706545770619293,0.29092003661090965,0.7090799633890903,5.0,,,,,,,,,,,,,,,,,,,,,,,-0.41094476311689826,-0.9111953251249133,,,,,,,,,,,,,,,,,,,,,,,,,,,,,-0.5213802661111884,0.9982031156334178,0.16968190732292512,-0.021271760642029354,0.6958693786446966,0.8909198623824027,,,,48.23252,23.242430000000006,spair,9.32350903945125,23.242430000000006,sintel
snapshots/sintel_logsteps100_pretrainedTrue_freezeFalse_2025_12_10_01_43,sintel_logsteps100_pretrainedTrue_freezeFalse_2025_12_10_01_43,sintel,logsteps,100,True,False,2025_12_10_01_43,kitti2012,5000,391073.35,78.21467,5,0.2933664359441381,0.16424525617494107,0.835754743825059,5.0,,,,,,,,,,0.2720208786591879,0.20949055307632092,0.7905094469236791,5.0,,,,,,,,,,,,,,,,,,,,,,,-0.5071693122563655,-1.313381113437644,,,,,,,,,,,,,,,,,,,,,,,,,,,,,-0.18067121388087554,1.2414969444310142,1.626974426201279,0.227466059958567,0.8944851393678203,1.3279989615146814,,,,59.49418666666667,18.720483333333327,spair,13.251508713079748,18.720483333333327,sintel
snapshots/sintel_logsteps100_pretrainedTrue_freezeFalse_2025_12_10_01_43,sintel_logsteps100_pretrainedTrue_freezeFalse_2025_12_10_01_43,sintel,logsteps,100,True,False,2025_12_10_01_43,middlebury,5000,212547.4,42.509479999999996,5,0.10650891090562073,0.12132354349897378,0.8786764565010262,5.0,,,,,,,,,,0.2219983044858457,0.3881287243222664,0.6118712756777336,5.0,,,,,,,,,,,,,,,,,,,,,,,-0.5951506433462028,-0.6585360397455309,,,,,,,,,,,,,,,,,,,,,,,,,,,,,-0.6318997677900018,0.9124534871935757,1.9799558583199786,-0.15030003529973465,0.6721712598019643,0.45518487821010306,,,,34.53024666666666,7.979233333333333,spair,8.345646295853834,7.979233333333333,sintel
snapshots/sintel_logsteps100_pretrainedTrue_freezeFalse_2025_12_10_01_43,sintel_logsteps100_pretrainedTrue_freezeFalse_2025_12_10_01_43,sintel,logsteps,100,True,False,2025_12_10_01_43,pfpascal,5000,166520.15,33.30403,5,0.04333342345389832,0.3022717655977298,0.6977282344022702,5.0,,,,,,,,,,0.26090079318809795,0.2134567616027117,0.7865432383972883,5.0,,,,,,,,,,,,,,,,,,,,,,,-0.24007116963607406,-0.4219443541984958,,,,,,,,,,,,,,,,,,,,,,,,,,,,,-0.6587461831240898,0.785027428870894,0.8365031791471622,-0.1621693882359718,0.48710883213558115,1.3042134063077513,,,,23.19225,10.111779999999996,spair,7.292851888628503,10.111779999999996,sintel
snapshots/sintel_logsteps100_pretrainedTrue_freezeFalse_2025_12_10_01_43,sintel_logsteps100_pretrainedTrue_freezeFalse_2025_12_10_01_43,sintel,logsteps,100,True,False,2025_12_10_01_43,pfwillow,5000,182922.25,36.58445,5,0.050837452357402335,0.1568481997690412,0.8431518002309588,5.0,,,,,,,,,,0.24243049149521306,0.17447487494253122,0.8255251250574688,5.0,,,,,,,,,,,,,,,,,,,,,,,-0.12100451087493423,0.007211182275674447,,,,,,,,,,,,,,,,,,,,,,,,,,,,,-0.6822121563362665,0.4101874778621258,1.6818685560733684,-0.6205252037737063,0.3916313526441739,1.5542389509274046,,,,27.67815333333333,8.906296666666666,spair,2.967163842745455,8.906296666666666,sintel
snapshots/sintel_logsteps100_pretrainedTrue_freezeFalse_2025_12_10_01_43,sintel_logsteps100_pretrainedTrue_freezeFalse_2025_12_10_01_43,sintel,logsteps,100,True,False,2025_12_10_01_43,pointodyssey,5000,232146.69999999995,46.42933999999999,5,0.37421064716112995,0.15933950842716846,0.8406604915728315,5.0,,,,,,,,,,0.13708729695873537,0.41684389190309706,0.583156108096903,5.0,,,,,,,,,,,,,,,,,,,,,,,-0.6372829328644003,-0.18443782249739735,,,,,,,,,,,,,,,,,,,,,,,,,,,,,0.18817647537494916,1.2945032432718055,1.6631506834659244,-0.239759151088483,0.3969497238395419,0.33574312563338077,,,,24.839123333333333,21.590216666666656,spair,12.522467927924495,21.590216666666656,sintel
snapshots/sintel_logsteps100_pretrainedTrue_freezeFalse_2025_12_10_01_43,sintel_logsteps100_pretrainedTrue_freezeFalse_2025_12_10_01_43,sintel,logsteps,100,True,False,2025_12_10_01_43,spair,5000,66678.45,13.33569,5,0.013136369740861234,0.20444686104311027,0.7955531389568897,5.0,,,,,,,,,,0.29368800909047776,0.20112683819240526,0.7988731618075947,5.0,,,,,,,,,,,,,,,,,,,,,,,0.028644125599334845,0.05414499765982082,,,,,,,,,,,,,,,,,,,,,,,,,,,,,-0.6958836002195182,-0.7924821193837746,1.3587295514733235,-0.31317992837960607,0.2651360569108537,1.379266442168716,,,,16.234553333333334,-2.8988633333333347,spair,0.8385357141607965,-2.8988633333333347,sintel
snapshots/sintel_logsteps100_pretrainedTrue_freezeFalse_2025_12_10_01_43,sintel_logsteps100_pretrainedTrue_freezeFalse_2025_12_10_01_43,sintel,logsteps,100,True,False,2025_12_10_01_43,tss,5000,254948.4,50.98968,5,0.0700250005071063,0.2621518124242335,0.7378481875757665,5.0,,,,,,,,,,0.25992287216646154,0.3384726858458901,0.6615273141541099,5.0,,,,,,,,,,,,,,,,,,,,,,,-0.23572293997848331,-0.07490015831593876,,,,,,,,,,,,,,,,,,,,,,,,,,,,,-0.594818350206629,0.8526242516956088,1.0348143228616187,-0.24335682529679645,0.3923250819300578,0.6701078765845903,,,,39.87302333333333,11.116656666666671,spair,7.704947775543673,11.116656666666671,sintel
snapshots/sintel_logsteps100_pretrainedTrue_freezeTrue_2025_12_10_01_43,sintel_logsteps100_pretrainedTrue_freezeTrue_2025_12_10_01_43,sintel,logsteps,100,True,True,2025_12_10_01_43,flyingthings,5000,357179.25,71.43585,5,0.09979679957008561,0.45768101166029557,0.5423189883397044,5.0,,,,,,,,,,0.25706545770619293,0.29092003661090965,0.7090799633890903,5.0,,,,,,,,,,,,,,,,,,,,,,,-0.41094476311689826,-0.9111953251249133,,,,,,,,,,,,,,,,,,,,,,,,,,,,,-0.5213802661111884,0.9982031156334178,0.16968190732292512,-0.021271760642029354,0.6958693786446966,0.8909198623824027,,,,53.90556,17.53029,spair,9.32350903945125,17.53029,sintel
snapshots/sintel_logsteps100_pretrainedTrue_freezeTrue_2025_12_10_01_43,sintel_logsteps100_pretrainedTrue_freezeTrue_2025_12_10_01_43,sintel,logsteps,100,True,True,2025_12_10_01_43,kitti2012,5000,390115.75,78.02315,5,0.2933664359441381,0.16424525617494107,0.835754743825059,5.0,,,,,,,,,,0.2720208786591879,0.20949055307632092,0.7905094469236791,5.0,,,,,,,,,,,,,,,,,,,,,,,-0.5071693122563655,-1.313381113437644,,,,,,,,,,,,,,,,,,,,,,,,,,,,,-0.18067121388087554,1.2414969444310142,1.626974426201279,0.227466059958567,0.8944851393678203,1.3279989615146814,,,,64.06846666666667,13.954683333333335,spair,13.251508713079748,13.954683333333335,sintel
snapshots/sintel_logsteps100_pretrainedTrue_freezeTrue_2025_12_10_01_43,sintel_logsteps100_pretrainedTrue_freezeTrue_2025_12_10_01_43,sintel,logsteps,100,True,True,2025_12_10_01_43,middlebury,5000,208266.05,41.653209999999994,5,0.10650891090562073,0.12132354349897378,0.8786764565010262,5.0,,,,,,,,,,0.2219983044858457,0.3881287243222664,0.6118712756777336,5.0,,,,,,,,,,,,,,,,,,,,,,,-0.5951506433462028,-0.6585360397455309,,,,,,,,,,,,,,,,,,,,,,,,,,,,,-0.6318997677900018,0.9124534871935757,1.9799558583199786,-0.15030003529973465,0.6721712598019643,0.45518487821010306,,,,37.7005,3.952709999999996,spair,8.345646295853834,3.952709999999996,sintel
snapshots/sintel_logsteps100_pretrainedTrue_freezeTrue_2025_12_10_01_43,sintel_logsteps100_pretrainedTrue_freezeTrue_2025_12_10_01_43,sintel,logsteps,100,True,True,2025_12_10_01_43,pfpascal,5000,174982.1,34.99642,5,0.04333342345389832,0.3022717655977298,0.6977282344022702,5.0,,,,,,,,,,0.26090079318809795,0.2134567616027117,0.7865432383972883,5.0,,,,,,,,,,,,,,,,,,,,,,,-0.24007116963607406,-0.4219443541984958,,,,,,,,,,,,,,,,,,,,,,,,,,,,,-0.6587461831240898,0.785027428870894,0.8365031791471622,-0.1621693882359718,0.48710883213558115,1.3042134063077513,,,,27.819223333333337,7.177196666666664,spair,7.292851888628503,7.177196666666664,sintel
snapshots/sintel_logsteps100_pretrainedTrue_freezeTrue_2025_12_10_01_43,sintel_logsteps100_pretrainedTrue_freezeTrue_2025_12_10_01_43,sintel,logsteps,100,True,True,2025_12_10_01_43,pfwillow,5000,194961.1,38.99222,5,0.050837452357402335,0.1568481997690412,0.8431518002309588,5.0,,,,,,,,,,0.24243049149521306,0.17447487494253122,0.8255251250574688,5.0,,,,,,,,,,,,,,,,,,,,,,,-0.12100451087493423,0.007211182275674447,,,,,,,,,,,,,,,,,,,,,,,,,,,,,-0.6822121563362665,0.4101874778621258,1.6818685560733684,-0.6205252037737063,0.3916313526441739,1.5542389509274046,,,,32.30222,6.690000000000005,spair,2.967163842745455,6.690000000000005,sintel
snapshots/sintel_logsteps100_pretrainedTrue_freezeTrue_2025_12_10_01_43,sintel_logsteps100_pretrainedTrue_freezeTrue_2025_12_10_01_43,sintel,logsteps,100,True,True,2025_12_10_01_43,pointodyssey,5000,182455.9,36.49118,5,0.37421064716112995,0.15933950842716846,0.8406604915728315,5.0,,,,,,,,,,0.13708729695873537,0.41684389190309706,0.583156108096903,5.0,,,,,,,,,,,,,,,,,,,,,,,-0.6372829328644003,-0.18443782249739735,,,,,,,,,,,,,,,,,,,,,,,,,,,,,0.18817647537494916,1.2945032432718055,1.6631506834659244,-0.239759151088483,0.3969497238395419,0.33574312563338077,,,,24.515383333333332,11.975796666666668,spair,12.522467927924495,11.975796666666668,sintel
snapshots/sintel_logsteps100_pretrainedTrue_freezeTrue_2025_12_10_01_43,sintel_logsteps100_pretrainedTrue_freezeTrue_2025_12_10_01_43,sintel,logsteps,100,True,True,2025_12_10_01_43,spair,5000,68421.45000000001,13.684290000000003,5,0.013136369740861234,0.20444686104311027,0.7955531389568897,5.0,,,,,,,,,,0.29368800909047776,0.20112683819240526,0.7988731618075947,5.0,,,,,,,,,,,,,,,,,,,,,,,0.028644125599334845,0.05414499765982082,,,,,,,,,,,,,,,,,,,,,,,,,,,,,-0.6958836002195182,-0.7924821193837746,1.3587295514733235,-0.31317992837960607,0.2651360569108537,1.379266442168716,,,,19.357693333333334,-5.673403333333331,spair,0.8385357141607965,-5.673403333333331,sintel
snapshots/sintel_logsteps100_pretrainedTrue_freezeTrue_2025_12_10_01_43,sintel_logsteps100_pretrainedTrue_freezeTrue_2025_12_10_01_43,sintel,logsteps,100,True,True,2025_12_10_01_43,tss,5000,255510.80000000002,51.102160000000005,5,0.0700250005071063,0.2621518124242335,0.7378481875757665,5.0,,,,,,,,,,0.25992287216646154,0.3384726858458901,0.6615273141541099,5.0,,,,,,,,,,,,,,,,,,,,,,,-0.23572293997848331,-0.07490015831593876,,,,,,,,,,,,,,,,,,,,,,,,,,,,,-0.594818350206629,0.8526242516956088,1.0348143228616187,-0.24335682529679645,0.3923250819300578,0.6701078765845903,,,,43.74900333333333,7.353156666666678,spair,7.704947775543673,7.353156666666678,sintel
snapshots/sintel_steps100_pretrainedFalse_freezeFalse_2025_12_10_17_12,sintel_steps100_pretrainedFalse_freezeFalse_2025_12_10_17_12,sintel,steps,100,False,False,2025_12_10_17_12,flyingthings,5000,316365.0,63.273,5,0.09979679957008561,0.45768101166029557,0.5423189883397044,5.0,,,,,,,,,,0.25706545770619293,0.29092003661090965,0.7090799633890903,5.0,,,,,,,,,,,,,,,,,,,,,,,-0.41094476311689826,-0.9111953251249133,,,,,,,,,,,,,,,,,,,,,,,,,,,,,-0.5213802661111884,0.9982031156334178,0.16968190732292512,-0.021271760642029354,0.6958693786446966,0.8909198623824027,,,,2.08833,61.184670000000004,spair,9.32350903945125,61.184670000000004,sintel
snapshots/sintel_steps100_pretrainedFalse_freezeFalse_2025_12_10_17_12,sintel_steps100_pretrainedFalse_freezeFalse_2025_12_10_17_12,sintel,steps,100,False,False,2025_12_10_17_12,kitti2012,5000,351642.9,70.32858,5,0.2933664359441381,0.16424525617494107,0.835754743825059,5.0,,,,,,,,,,0.2720208786591879,0.20949055307632092,0.7905094469236791,5.0,,,,,,,,,,,,,,,,,,,,,,,-0.5071693122563655,-1.313381113437644,,,,,,,,,,,,,,,,,,,,,,,,,,,,,-0.18067121388087554,1.2414969444310142,1.626974426201279,0.227466059958567,0.8944851393678203,1.3279989615146814,,,,4.8632566666666674,65.46532333333333,spair,13.251508713079748,65.46532333333333,sintel
snapshots/sintel_steps100_pretrainedFalse_freezeFalse_2025_12_10_17_12,sintel_steps100_pretrainedFalse_freezeFalse_2025_12_10_17_12,sintel,steps,100,False,False,2025_12_10_17_12,middlebury,5000,200376.09999999998,40.075219999999995,5,0.10650891090562073,0.12132354349897378,0.8786764565010262,5.0,,,,,,,,,,0.2219983044858457,0.3881287243222664,0.6118712756777336,5.0,,,,,,,,,,,,,,,,,,,,,,,-0.5951506433462028,-0.6585360397455309,,,,,,,,,,,,,,,,,,,,,,,,,,,,,-0.6318997677900018,0.9124534871935757,1.9799558583199786,-0.15030003529973465,0.6721712598019643,0.45518487821010306,,,,1.9837666666666667,38.09145333333333,spair,8.345646295853834,38.09145333333333,sintel
snapshots/sintel_steps100_pretrainedFalse_freezeFalse_2025_12_10_17_12,sintel_steps100_pretrainedFalse_freezeFalse_2025_12_10_17_12,sintel,steps,100,False,False,2025_12_10_17_12,pfpascal,5000,49278.45,9.85569,5,0.04333342345389832,0.3022717655977298,0.6977282344022702,5.0,,,,,,,,,,0.26090079318809795,0.2134567616027117,0.7865432383972883,5.0,,,,,,,,,,,,,,,,,,,,,,,-0.24007116963607406,-0.4219443541984958,,,,,,,,,,,,,,,,,,,,,,,,,,,,,-0.6587461831240898,0.785027428870894,0.8365031791471622,-0.1621693882359718,0.48710883213558115,1.3042134063077513,,,,1.9410966666666667,7.9145933333333325,spair,7.292851888628503,7.9145933333333325,sintel
snapshots/sintel_steps100_pretrainedFalse_freezeFalse_2025_12_10_17_12,sintel_steps100_pretrainedFalse_freezeFalse_2025_12_10_17_12,sintel,steps,100,False,False,2025_12_10_17_12,pfwillow,5000,62316.65,12.463330000000001,5,0.050837452357402335,0.1568481997690412,0.8431518002309588,5.0,,,,,,,,,,0.24243049149521306,0.17447487494253122,0.8255251250574688,5.0,,,,,,,,,,,,,,,,,,,,,,,-0.12100451087493423,0.007211182275674447,,,,,,,,,,,,,,,,,,,,,,,,,,,,,-0.6822121563362665,0.4101874778621258,1.6818685560733684,-0.6205252037737063,0.3916313526441739,1.5542389509274046,,,,3.3644433333333335,9.098886666666667,spair,2.967163842745455,9.098886666666667,sintel
snapshots/sintel_steps100_pretrainedFalse_freezeFalse_2025_12_10_17_12,sintel_steps100_pretrainedFalse_freezeFalse_2025_12_10_17_12,sintel,steps,100,False,False,2025_12_10_17_12,pointodyssey,5000,115307.35,23.06147,5,0.37421064716112995,0.15933950842716846,0.8406604915728315,5.0,,,,,,,,,,0.13708729695873537,0.41684389190309706,0.583156108096903,5.0,,,,,,,,,,,,,,,,,,,,,,,-0.6372829328644003,-0.18443782249739735,,,,,,,,,,,,,,,,,,,,,,,,,,,,,0.18817647537494916,1.2945032432718055,1.6631506834659244,-0.239759151088483,0.3969497238395419,0.33574312563338077,,,,2.2678866666666666,20.793583333333334,spair,12.522467927924495,20.793583333333334,sintel
snapshots/sintel_steps100_pretrainedFalse_freezeFalse_2025_12_10_17_12,sintel_steps100_pretrainedFalse_freezeFalse_2025_12_10_17_12,sintel,steps,100,False,False,2025_12_10_17_12,spair,5000,13447.55,2.68951,5,0.013136369740861234,0.20444686104311027,0.7955531389568897,5.0,,,,,,,,,,0.29368800909047776,0.20112683819240526,0.7988731618075947,5.0,,,,,,,,,,,,,,,,,,,,,,,0.028644125599334845,0.05414499765982082,,,,,,,,,,,,,,,,,,,,,,,,,,,,,-0.6958836002195182,-0.7924821193837746,1.3587295514733235,-0.31317992837960607,0.2651360569108537,1.379266442168716,,,,2.0635033333333332,0.6260066666666666,spair,0.8385357141607965,0.6260066666666666,sintel
snapshots/sintel_steps100_pretrainedFalse_freezeFalse_2025_12_10_17_12,sintel_steps100_pretrainedFalse_freezeFalse_2025_12_10_17_12,sintel,steps,100,False,False,2025_12_10_17_12,tss,5000,106085.1,21.21702,5,0.0700250005071063,0.2621518124242335,0.7378481875757665,5.0,,,,,,,,,,0.25992287216646154,0.3384726858458901,0.6615273141541099,5.0,,,,,,,,,,,,,,,,,,,,,,,-0.23572293997848331,-0.07490015831593876,,,,,,,,,,,,,,,,,,,,,,,,,,,,,-0.594818350206629,0.8526242516956088,1.0348143228616187,-0.24335682529679645,0.3923250819300578,0.6701078765845903,,,,3.624926666666667,17.592093333333334,spair,7.704947775543673,17.592093333333334,sintel
snapshots/sintel_steps100_pretrainedFalse_freezeFalse_2025_12_12_11_45,sintel_steps100_pretrainedFalse_freezeFalse_2025_12_12_11_45,sintel,steps,100,False,False,2025_12_12_11_45,flyingthings,5000,318218.6,63.643719999999995,5,0.09979679957008561,0.45768101166029557,0.5423189883397044,5.0,,,,,,,,,,0.25706545770619293,0.29092003661090965,0.7090799633890903,5.0,,,,,,,,,,,,,,,,,,,,,,,-0.41094476311689826,-0.9111953251249133,,,,,,,,,,,,,,,,,,,,,,,,,,,,,-0.5213802661111884,0.9982031156334178,0.16968190732292512,-0.021271760642029354,0.6958693786446966,0.8909198623824027,,,,2.08833,61.555389999999996,spair,9.32350903945125,61.555389999999996,sintel
snapshots/sintel_steps100_pretrainedFalse_freezeFalse_2025_12_12_11_45,sintel_steps100_pretrainedFalse_freezeFalse_2025_12_12_11_45,sintel,steps,100,False,False,2025_12_12_11_45,kitti2012,5000,356875.8,71.37516,5,0.2933664359441381,0.16424525617494107,0.835754743825059,5.0,,,,,,,,,,0.2720208786591879,0.20949055307632092,0.7905094469236791,5.0,,,,,,,,,,,,,,,,,,,,,,,-0.5071693122563655,-1.313381113437644,,,,,,,,,,,,,,,,,,,,,,,,,,,,,-0.18067121388087554,1.2414969444310142,1.626974426201279,0.227466059958567,0.8944851393678203,1.3279989615146814,,,,4.8632566666666674,66.51190333333332,spair,13.251508713079748,66.51190333333332,sintel
snapshots/sintel_steps100_pretrainedFalse_freezeFalse_2025_12_12_11_45,sintel_steps100_pretrainedFalse_freezeFalse_2025_12_12_11_45,sintel,steps,100,False,False,2025_12_12_11_45,middlebury,5000,201216.9,40.24338,5,0.10650891090562073,0.12132354349897378,0.8786764565010262,5.0,,,,,,,,,,0.2219983044858457,0.3881287243222664,0.6118712756777336,5.0,,,,,,,,,,,,,,,,,,,,,,,-0.5951506433462028,-0.6585360397455309,,,,,,,,,,,,,,,,,,,,,,,,,,,,,-0.6318997677900018,0.9124534871935757,1.9799558583199786,-0.15030003529973465,0.6721712598019643,0.45518487821010306,,,,1.9837666666666667,38.259613333333334,spair,8.345646295853834,38.259613333333334,sintel
snapshots/sintel_steps100_pretrainedFalse_freezeFalse_2025_12_12_11_45,sintel_steps100_pretrainedFalse_freezeFalse_2025_12_12_11_45,sintel,steps,100,False,False,2025_12_12_11_45,pfpascal,5000,51481.1,10.29622,5,0.04333342345389832,0.3022717655977298,0.6977282344022702,5.0,,,,,,,,,,0.26090079318809795,0.2134567616027117,0.7865432383972883,5.0,,,,,,,,,,,,,,,,,,,,,,,-0.24007116963607406,-0.4219443541984958,,,,,,,,,,,,,,,,,,,,,,,,,,,,,-0.6587461831240898,0.785027428870894,0.8365031791471622,-0.1621693882359718,0.48710883213558115,1.3042134063077513,,,,1.9410966666666667,8.355123333333333,spair,7.292851888628503,8.355123333333333,sintel
snapshots/sintel_steps100_pretrainedFalse_freezeFalse_2025_12_12_11_45,sintel_steps100_pretrainedFalse_freezeFalse_2025_12_12_11_45,sintel,steps,100,False,False,2025_12_12_11_45,pfwillow,5000,67238.85,13.447770000000002,5,0.050837452357402335,0.1568481997690412,0.8431518002309588,5.0,,,,,,,,,,0.24243049149521306,0.17447487494253122,0.8255251250574688,5.0,,,,,,,,,,,,,,,,,,,,,,,-0.12100451087493423,0.007211182275674447,,,,,,,,,,,,,,,,,,,,,,,,,,,,,-0.6822121563362665,0.4101874778621258,1.6818685560733684,-0.6205252037737063,0.3916313526441739,1.5542389509274046,,,,3.3644433333333335,10.083326666666668,spair,2.967163842745455,10.083326666666668,sintel
snapshots/sintel_steps100_pretrainedFalse_freezeFalse_2025_12_12_11_45,sintel_steps100_pretrainedFalse_freezeFalse_2025_12_12_11_45,sintel,steps,100,False,False,2025_12_12_11_45,pointodyssey,5000,145125.1,29.02502,5,0.37421064716112995,0.15933950842716846,0.8406604915728315,5.0,,,,,,,,,,0.13708729695873537,0.41684389190309706,0.583156108096903,5.0,,,,,,,,,,,,,,,,,,,,,,,-0.6372829328644003,-0.18443782249739735,,,,,,,,,,,,,,,,,,,,,,,,,,,,,0.18817647537494916,1.2945032432718055,1.6631506834659244,-0.239759151088483,0.3969497238395419,0.33574312563338077,,,,2.2678866666666666,26.757133333333336,spair,12.522467927924495,26.757133333333336,sintel
snapshots/sintel_steps100_pretrainedFalse_freezeFalse_2025_12_12_11_45,sintel_steps100_pretrainedFalse_freezeFalse_2025_12_12_11_45,sintel,steps,100,False,False,2025_12_12_11_45,spair,5000,13439.25,2.68785,5,0.013136369740861234,0.20444686104311027,0.7955531389568897,5.0,,,,,,,,,,0.29368800909047776,0.20112683819240526,0.7988731618075947,5.0,,,,,,,,,,,,,,,,,,,,,,,0.028644125599334845,0.05414499765982082,,,,,,,,,,,,,,,,,,,,,,,,,,,,,-0.6958836002195182,-0.7924821193837746,1.3587295514733235,-0.31317992837960607,0.2651360569108537,1.379266442168716,,,,2.0635033333333332,0.6243466666666668,spair,0.8385357141607965,0.6243466666666668,sintel
snapshots/sintel_steps100_pretrainedFalse_freezeFalse_2025_12_12_11_45,sintel_steps100_pretrainedFalse_freezeFalse_2025_12_12_11_45,sintel,steps,100,False,False,2025_12_12_11_45,tss,5000,109381.45000000001,21.87629,5,0.0700250005071063,0.2621518124242335,0.7378481875757665,5.0,,,,,,,,,,0.25992287216646154,0.3384726858458901,0.6615273141541099,5.0,,,,,,,,,,,,,,,,,,,,,,,-0.23572293997848331,-0.07490015831593876,,,,,,,,,,,,,,,,,,,,,,,,,,,,,-0.594818350206629,0.8526242516956088,1.0348143228616187,-0.24335682529679645,0.3923250819300578,0.6701078765845903,,,,3.624926666666667,18.251363333333334,spair,7.704947775543673,18.251363333333334,sintel
snapshots/sintel_steps100_pretrainedTrue_freezeFalse_2025_12_10_12_22,sintel_steps100_pretrainedTrue_freezeFalse_2025_12_10_12_22,sintel,steps,100,True,False,2025_12_10_12_22,flyingthings,5000,357616.30000000005,71.52326000000001,5,0.09979679957008561,0.45768101166029557,0.5423189883397044,5.0,,,,,,,,,,0.25706545770619293,0.29092003661090965,0.7090799633890903,5.0,,,,,,,,,,,,,,,,,,,,,,,-0.41094476311689826,-0.9111953251249133,,,,,,,,,,,,,,,,,,,,,,,,,,,,,-0.5213802661111884,0.9982031156334178,0.16968190732292512,-0.021271760642029354,0.6958693786446966,0.8909198623824027,,,,48.23252,23.290740000000007,spair,9.32350903945125,23.290740000000007,sintel
snapshots/sintel_steps100_pretrainedTrue_freezeFalse_2025_12_10_12_22,sintel_steps100_pretrainedTrue_freezeFalse_2025_12_10_12_22,sintel,steps,100,True,False,2025_12_10_12_22,kitti2012,5000,390102.9,78.02058000000001,5,0.2933664359441381,0.16424525617494107,0.835754743825059,5.0,,,,,,,,,,0.2720208786591879,0.20949055307632092,0.7905094469236791,5.0,,,,,,,,,,,,,,,,,,,,,,,-0.5071693122563655,-1.313381113437644,,,,,,,,,,,,,,,,,,,,,,,,,,,,,-0.18067121388087554,1.2414969444310142,1.626974426201279,0.227466059958567,0.8944851393678203,1.3279989615146814,,,,59.49418666666667,18.52639333333334,spair,13.251508713079748,18.52639333333334,sintel
snapshots/sintel_steps100_pretrainedTrue_freezeFalse_2025_12_10_12_22,sintel_steps100_pretrainedTrue_freezeFalse_2025_12_10_12_22,sintel,steps,100,True,False,2025_12_10_12_22,middlebury,5000,210225.6,42.045120000000004,5,0.10650891090562073,0.12132354349897378,0.8786764565010262,5.0,,,,,,,,,,0.2219983044858457,0.3881287243222664,0.6118712756777336,5.0,,,,,,,,,,,,,,,,,,,,,,,-0.5951506433462028,-0.6585360397455309,,,,,,,,,,,,,,,,,,,,,,,,,,,,,-0.6318997677900018,0.9124534871935757,1.9799558583199786,-0.15030003529973465,0.6721712598019643,0.45518487821010306,,,,34.53024666666666,7.514873333333341,spair,8.345646295853834,7.514873333333341,sintel
snapshots/sintel_steps100_pretrainedTrue_freezeFalse_2025_12_10_12_22,sintel_steps100_pretrainedTrue_freezeFalse_2025_12_10_12_22,sintel,steps,100,True,False,2025_12_10_12_22,pfpascal,5000,173631.35,34.72627,5,0.04333342345389832,0.3022717655977298,0.6977282344022702,5.0,,,,,,,,,,0.26090079318809795,0.2134567616027117,0.7865432383972883,5.0,,,,,,,,,,,,,,,,,,,,,,,-0.24007116963607406,-0.4219443541984958,,,,,,,,,,,,,,,,,,,,,,,,,,,,,-0.6587461831240898,0.785027428870894,0.8365031791471622,-0.1621693882359718,0.48710883213558115,1.3042134063077513,,,,23.19225,11.534019999999998,spair,7.292851888628503,11.534019999999998,sintel
snapshots/sintel_steps100_pretrainedTrue_freezeFalse_2025_12_10_12_22,sintel_steps100_pretrainedTrue_freezeFalse_2025_12_10_12_22,sintel,steps,100,True,False,2025_12_10_12_22,pfwillow,5000,185794.4,37.158879999999996,5,0.050837452357402335,0.1568481997690412,0.8431518002309588,5.0,,,,,,,,,,0.24243049149521306,0.17447487494253122,0.8255251250574688,5.0,,,,,,,,,,,,,,,,,,,,,,,-0.12100451087493423,0.007211182275674447,,,,,,,,,,,,,,,,,,,,,,,,,,,,,-0.6822121563362665,0.4101874778621258,1.6818685560733684,-0.6205252037737063,0.3916313526441739,1.5542389509274046,,,,27.67815333333333,9.480726666666666,spair,2.967163842745455,9.480726666666666,sintel
snapshots/sintel_steps100_pretrainedTrue_freezeFalse_2025_12_10_12_22,sintel_steps100_pretrainedTrue_freezeFalse_2025_12_10_12_22,sintel,steps,100,True,False,2025_12_10_12_22,pointodyssey,5000,210332.2,42.06644,5,0.37421064716112995,0.15933950842716846,0.8406604915728315,5.0,,,,,,,,,,0.13708729695873537,0.41684389190309706,0.583156108096903,5.0,,,,,,,,,,,,,,,,,,,,,,,-0.6372829328644003,-0.18443782249739735,,,,,,,,,,,,,,,,,,,,,,,,,,,,,0.18817647537494916,1.2945032432718055,1.6631506834659244,-0.239759151088483,0.3969497238395419,0.33574312563338077,,,,24.839123333333333,17.227316666666667,spair,12.522467927924495,17.227316666666667,sintel
snapshots/sintel_steps100_pretrainedTrue_freezeFalse_2025_12_10_12_22,sintel_steps100_pretrainedTrue_freezeFalse_2025_12_10_12_22,sintel,steps,100,True,False,2025_12_10_12_22,spair,5000,67833.85,13.566770000000002,5,0.013136369740861234,0.20444686104311027,0.7955531389568897,5.0,,,,,,,,,,0.29368800909047776,0.20112683819240526,0.7988731618075947,5.0,,,,,,,,,,,,,,,,,,,,,,,0.028644125599334845,0.05414499765982082,,,,,,,,,,,,,,,,,,,,,,,,,,,,,-0.6958836002195182,-0.7924821193837746,1.3587295514733235,-0.31317992837960607,0.2651360569108537,1.379266442168716,,,,16.234553333333334,-2.6677833333333325,spair,0.8385357141607965,-2.6677833333333325,sintel
snapshots/sintel_steps100_pretrainedTrue_freezeFalse_2025_12_10_12_22,sintel_steps100_pretrainedTrue_freezeFalse_2025_12_10_12_22,sintel,steps,100,True,False,2025_12_10_12_22,tss,5000,256703.4,51.34068,5,0.0700250005071063,0.2621518124242335,0.7378481875757665,5.0,,,,,,,,,,0.25992287216646154,0.3384726858458901,0.6615273141541099,5.0,,,,,,,,,,,,,,,,,,,,,,,-0.23572293997848331,-0.07490015831593876,,,,,,,,,,,,,,,,,,,,,,,,,,,,,-0.594818350206629,0.8526242516956088,1.0348143228616187,-0.24335682529679645,0.3923250819300578,0.6701078765845903,,,,39.87302333333333,11.46765666666667,spair,7.704947775543673,11.46765666666667,sintel
snapshots/sintel_steps100_pretrainedTrue_freezeFalse_2025_12_12_11_44,sintel_steps100_pretrainedTrue_freezeFalse_2025_12_12_11_44,sintel,steps,100,True,False,2025_12_12_11_44,flyingthings,5000,356941.9,71.38838,5,0.09979679957008561,0.45768101166029557,0.5423189883397044,5.0,,,,,,,,,,0.25706545770619293,0.29092003661090965,0.7090799633890903,5.0,,,,,,,,,,,,,,,,,,,,,,,-0.41094476311689826,-0.9111953251249133,,,,,,,,,,,,,,,,,,,,,,,,,,,,,-0.5213802661111884,0.9982031156334178,0.16968190732292512,-0.021271760642029354,0.6958693786446966,0.8909198623824027,,,,48.23252,23.155859999999997,spair,9.32350903945125,23.155859999999997,sintel
snapshots/sintel_steps100_pretrainedTrue_freezeFalse_2025_12_12_11_44,sintel_steps100_pretrainedTrue_freezeFalse_2025_12_12_11_44,sintel,steps,100,True,False,2025_12_12_11_44,kitti2012,5000,390317.25,78.06345,5,0.2933664359441381,0.16424525617494107,0.835754743825059,5.0,,,,,,,,,,0.2720208786591879,0.20949055307632092,0.7905094469236791,5.0,,,,,,,,,,,,,,,,,,,,,,,-0.5071693122563655,-1.313381113437644,,,,,,,,,,,,,,,,,,,,,,,,,,,,,-0.18067121388087554,1.2414969444310142,1.626974426201279,0.227466059958567,0.8944851393678203,1.3279989615146814,,,,59.49418666666667,18.569263333333332,spair,13.251508713079748,18.569263333333332,sintel
snapshots/sintel_steps100_pretrainedTrue_freezeFalse_2025_12_12_11_44,sintel_steps100_pretrainedTrue_freezeFalse_2025_12_12_11_44,sintel,steps,100,True,False,2025_12_12_11_44,middlebury,5000,210712.0,42.1424,5,0.10650891090562073,0.12132354349897378,0.8786764565010262,5.0,,,,,,,,,,0.2219983044858457,0.3881287243222664,0.6118712756777336,5.0,,,,,,,,,,,,,,,,,,,,,,,-0.5951506433462028,-0.6585360397455309,,,,,,,,,,,,,,,,,,,,,,,,,,,,,-0.6318997677900018,0.9124534871935757,1.9799558583199786,-0.15030003529973465,0.6721712598019643,0.45518487821010306,,,,34.53024666666666,7.612153333333339,spair,8.345646295853834,7.612153333333339,sintel
snapshots/sintel_steps100_pretrainedTrue_freezeFalse_2025_12_12_11_44,sintel_steps100_pretrainedTrue_freezeFalse_2025_12_12_11_44,sintel,steps,100,True,False,2025_12_12_11_44,pfpascal,5000,159892.09999999998,31.978419999999996,5,0.04333342345389832,0.3022717655977298,0.6977282344022702,5.0,,,,,,,,,,0.26090079318809795,0.2134567616027117,0.7865432383972883,5.0,,,,,,,,,,,,,,,,,,,,,,,-0.24007116963607406,-0.4219443541984958,,,,,,,,,,,,,,,,,,,,,,,,,,,,,-0.6587461831240898,0.785027428870894,0.8365031791471622,-0.1621693882359718,0.48710883213558115,1.3042134063077513,,,,23.19225,8.786169999999995,spair,7.292851888628503,8.786169999999995,sintel
snapshots/sintel_steps100_pretrainedTrue_freezeFalse_2025_12_12_11_44,sintel_steps100_pretrainedTrue_freezeFalse_2025_12_12_11_44,sintel,steps,100,True,False,2025_12_12_11_44,pfwillow,5000,181627.75,36.32555,5,0.050837452357402335,0.1568481997690412,0.8431518002309588,5.0,,,,,,,,,,0.24243049149521306,0.17447487494253122,0.8255251250574688,5.0,,,,,,,,,,,,,,,,,,,,,,,-0.12100451087493423,0.007211182275674447,,,,,,,,,,,,,,,,,,,,,,,,,,,,,-0.6822121563362665,0.4101874778621258,1.6818685560733684,-0.6205252037737063,0.3916313526441739,1.5542389509274046,,,,27.67815333333333,8.647396666666669,spair,2.967163842745455,8.647396666666669,sintel
snapshots/sintel_steps100_pretrainedTrue_freezeFalse_2025_12_12_11_44,sintel_steps100_pretrainedTrue_freezeFalse_2025_12_12_11_44,sintel,steps,100,True,False,2025_12_12_11_44,pointodyssey,5000,236177.64999999997,47.23552999999999,5,0.37421064716112995,0.15933950842716846,0.8406604915728315,5.0,,,,,,,,,,0.13708729695873537,0.41684389190309706,0.583156108096903,5.0,,,,,,,,,,,,,,,,,,,,,,,-0.6372829328644003,-0.18443782249739735,,,,,,,,,,,,,,,,,,,,,,,,,,,,,0.18817647537494916,1.2945032432718055,1.6631506834659244,-0.239759151088483,0.3969497238395419,0.33574312563338077,,,,24.839123333333333,22.396406666666657,spair,12.522467927924495,22.396406666666657,sintel
snapshots/sintel_steps100_pretrainedTrue_freezeFalse_2025_12_12_11_44,sintel_steps100_pretrainedTrue_freezeFalse_2025_12_12_11_44,sintel,steps,100,True,False,2025_12_12_11_44,spair,5000,63951.600000000006,12.790320000000001,5,0.013136369740861234,0.20444686104311027,0.7955531389568897,5.0,,,,,,,,,,0.29368800909047776,0.20112683819240526,0.7988731618075947,5.0,,,,,,,,,,,,,,,,,,,,,,,0.028644125599334845,0.05414499765982082,,,,,,,,,,,,,,,,,,,,,,,,,,,,,-0.6958836002195182,-0.7924821193837746,1.3587295514733235,-0.31317992837960607,0.2651360569108537,1.379266442168716,,,,16.234553333333334,-3.444233333333333,spair,0.8385357141607965,-3.444233333333333,sintel
snapshots/sintel_steps100_pretrainedTrue_freezeFalse_2025_12_12_11_44,sintel_steps100_pretrainedTrue_freezeFalse_2025_12_12_11_44,sintel,steps,100,True,False,2025_12_12_11_44,tss,5000,253754.05000000002,50.75081,5,0.0700250005071063,0.2621518124242335,0.7378481875757665,5.0,,,,,,,,,,0.25992287216646154,0.3384726858458901,0.6615273141541099,5.0,,,,,,,,,,,,,,,,,,,,,,,-0.23572293997848331,-0.07490015831593876,,,,,,,,,,,,,,,,,,,,,,,,,,,,,-0.594818350206629,0.8526242516956088,1.0348143228616187,-0.24335682529679645,0.3923250819300578,0.6701078765845903,,,,39.87302333333333,10.877786666666672,spair,7.704947775543673,10.877786666666672,sintel
snapshots/sintel_steps100_pretrainedTrue_freezeTrue_2025_12_10_12_22,sintel_steps100_pretrainedTrue_freezeTrue_2025_12_10_12_22,sintel,steps,100,True,True,2025_12_10_12_22,flyingthings,5000,356915.55,71.38311,5,0.09979679957008561,0.45768101166029557,0.5423189883397044,5.0,,,,,,,,,,0.25706545770619293,0.29092003661090965,0.7090799633890903,5.0,,,,,,,,,,,,,,,,,,,,,,,-0.41094476311689826,-0.9111953251249133,,,,,,,,,,,,,,,,,,,,,,,,,,,,,-0.5213802661111884,0.9982031156334178,0.16968190732292512,-0.021271760642029354,0.6958693786446966,0.8909198623824027,,,,53.90556,17.47755,spair,9.32350903945125,17.47755,sintel
snapshots/sintel_steps100_pretrainedTrue_freezeTrue_2025_12_10_12_22,sintel_steps100_pretrainedTrue_freezeTrue_2025_12_10_12_22,sintel,steps,100,True,True,2025_12_10_12_22,kitti2012,5000,387933.4,77.58668,5,0.2933664359441381,0.16424525617494107,0.835754743825059,5.0,,,,,,,,,,0.2720208786591879,0.20949055307632092,0.7905094469236791,5.0,,,,,,,,,,,,,,,,,,,,,,,-0.5071693122563655,-1.313381113437644,,,,,,,,,,,,,,,,,,,,,,,,,,,,,-0.18067121388087554,1.2414969444310142,1.626974426201279,0.227466059958567,0.8944851393678203,1.3279989615146814,,,,64.06846666666667,13.518213333333335,spair,13.251508713079748,13.518213333333335,sintel
snapshots/sintel_steps100_pretrainedTrue_freezeTrue_2025_12_10_12_22,sintel_steps100_pretrainedTrue_freezeTrue_2025_12_10_12_22,sintel,steps,100,True,True,2025_12_10_12_22,middlebury,5000,208724.15,41.74483,5,0.10650891090562073,0.12132354349897378,0.8786764565010262,5.0,,,,,,,,,,0.2219983044858457,0.3881287243222664,0.6118712756777336,5.0,,,,,,,,,,,,,,,,,,,,,,,-0.5951506433462028,-0.6585360397455309,,,,,,,,,,,,,,,,,,,,,,,,,,,,,-0.6318997677900018,0.9124534871935757,1.9799558583199786,-0.15030003529973465,0.6721712598019643,0.45518487821010306,,,,37.7005,4.044330000000002,spair,8.345646295853834,4.044330000000002,sintel
snapshots/sintel_steps100_pretrainedTrue_freezeTrue_2025_12_10_12_22,sintel_steps100_pretrainedTrue_freezeTrue_2025_12_10_12_22,sintel,steps,100,True,True,2025_12_10_12_22,pfpascal,5000,168097.35,33.61947,5,0.04333342345389832,0.3022717655977298,0.6977282344022702,5.0,,,,,,,,,,0.26090079318809795,0.2134567616027117,0.7865432383972883,5.0,,,,,,,,,,,,,,,,,,,,,,,-0.24007116963607406,-0.4219443541984958,,,,,,,,,,,,,,,,,,,,,,,,,,,,,-0.6587461831240898,0.785027428870894,0.8365031791471622,-0.1621693882359718,0.48710883213558115,1.3042134063077513,,,,27.819223333333337,5.800246666666663,spair,7.292851888628503,5.800246666666663,sintel
snapshots/sintel_steps100_pretrainedTrue_freezeTrue_2025_12_10_12_22,sintel_steps100_pretrainedTrue_freezeTrue_2025_12_10_12_22,sintel,steps,100,True,True,2025_12_10_12_22,pfwillow,5000,186616.7,37.32334,5,0.050837452357402335,0.1568481997690412,0.8431518002309588,5.0,,,,,,,,,,0.24243049149521306,0.17447487494253122,0.8255251250574688,5.0,,,,,,,,,,,,,,,,,,,,,,,-0.12100451087493423,0.007211182275674447,,,,,,,,,,,,,,,,,,,,,,,,,,,,,-0.6822121563362665,0.4101874778621258,1.6818685560733684,-0.6205252037737063,0.3916313526441739,1.5542389509274046,,,,32.30222,5.021120000000003,spair,2.967163842745455,5.021120000000003,sintel
snapshots/sintel_steps100_pretrainedTrue_freezeTrue_2025_12_10_12_22,sintel_steps100_pretrainedTrue_freezeTrue_2025_12_10_12_22,sintel,steps,100,True,True,2025_12_10_12_22,pointodyssey,5000,173114.00000000003,34.622800000000005,5,0.37421064716112995,0.15933950842716846,0.8406604915728315,5.0,,,,,,,,,,0.13708729695873537,0.41684389190309706,0.583156108096903,5.0,,,,,,,,,,,,,,,,,,,,,,,-0.6372829328644003,-0.18443782249739735,,,,,,,,,,,,,,,,,,,,,,,,,,,,,0.18817647537494916,1.2945032432718055,1.6631506834659244,-0.239759151088483,0.3969497238395419,0.33574312563338077,,,,24.515383333333332,10.107416666666673,spair,12.522467927924495,10.107416666666673,sintel
snapshots/sintel_steps100_pretrainedTrue_freezeTrue_2025_12_10_12_22,sintel_steps100_pretrainedTrue_freezeTrue_2025_12_10_12_22,sintel,steps,100,True,True,2025_12_10_12_22,spair,5000,64866.15,12.973230000000001,5,0.013136369740861234,0.20444686104311027,0.7955531389568897,5.0,,,,,,,,,,0.29368800909047776,0.20112683819240526,0.7988731618075947,5.0,,,,,,,,,,,,,,,,,,,,,,,0.028644125599334845,0.05414499765982082,,,,,,,,,,,,,,,,,,,,,,,,,,,,,-0.6958836002195182,-0.7924821193837746,1.3587295514733235,-0.31317992837960607,0.2651360569108537,1.379266442168716,,,,19.357693333333334,-6.384463333333333,spair,0.8385357141607965,-6.384463333333333,sintel
snapshots/sintel_steps100_pretrainedTrue_freezeTrue_2025_12_10_12_22,sintel_steps100_pretrainedTrue_freezeTrue_2025_12_10_12_22,sintel,steps,100,True,True,2025_12_10_12_22,tss,5000,254986.4,50.997279999999996,5,0.0700250005071063,0.2621518124242335,0.7378481875757665,5.0,,,,,,,,,,0.25992287216646154,0.3384726858458901,0.6615273141541099,5.0,,,,,,,,,,,,,,,,,,,,,,,-0.23572293997848331,-0.07490015831593876,,,,,,,,,,,,,,,,,,,,,,,,,,,,,-0.594818350206629,0.8526242516956088,1.0348143228616187,-0.24335682529679645,0.3923250819300578,0.6701078765845903,,,,43.74900333333333,7.248276666666669,spair,7.704947775543673,7.248276666666669,sintel
snapshots/sintel_steps100_pretrainedTrue_freezeTrue_2025_12_12_11_44,sintel_steps100_pretrainedTrue_freezeTrue_2025_12_12_11_44,sintel,steps,100,True,True,2025_12_12_11_44,flyingthings,5000,356911.55,71.38231,5,0.09979679957008561,0.45768101166029557,0.5423189883397044,5.0,,,,,,,,,,0.25706545770619293,0.29092003661090965,0.7090799633890903,5.0,,,,,,,,,,,,,,,,,,,,,,,-0.41094476311689826,-0.9111953251249133,,,,,,,,,,,,,,,,,,,,,,,,,,,,,-0.5213802661111884,0.9982031156334178,0.16968190732292512,-0.021271760642029354,0.6958693786446966,0.8909198623824027,,,,53.90556,17.476750000000003,spair,9.32350903945125,17.476750000000003,sintel
snapshots/sintel_steps100_pretrainedTrue_freezeTrue_2025_12_12_11_44,sintel_steps100_pretrainedTrue_freezeTrue_2025_12_12_11_44,sintel,steps,100,True,True,2025_12_12_11_44,kitti2012,5000,388756.95,77.75139,5,0.2933664359441381,0.16424525617494107,0.835754743825059,5.0,,,,,,,,,,0.2720208786591879,0.20949055307632092,0.7905094469236791,5.0,,,,,,,,,,,,,,,,,,,,,,,-0.5071693122563655,-1.313381113437644,,,,,,,,,,,,,,,,,,,,,,,,,,,,,-0.18067121388087554,1.2414969444310142,1.626974426201279,0.227466059958567,0.8944851393678203,1.3279989615146814,,,,64.06846666666667,13.682923333333335,spair,13.251508713079748,13.682923333333335,sintel
snapshots/sintel_steps100_pretrainedTrue_freezeTrue_2025_12_12_11_44,sintel_steps100_pretrainedTrue_freezeTrue_2025_12_12_11_44,sintel,steps,100,True,True,2025_12_12_11_44,middlebury,5000,208663.3,41.732659999999996,5,0.10650891090562073,0.12132354349897378,0.8786764565010262,5.0,,,,,,,,,,0.2219983044858457,0.3881287243222664,0.6118712756777336,5.0,,,,,,,,,,,,,,,,,,,,,,,-0.5951506433462028,-0.6585360397455309,,,,,,,,,,,,,,,,,,,,,,,,,,,,,-0.6318997677900018,0.9124534871935757,1.9799558583199786,-0.15030003529973465,0.6721712598019643,0.45518487821010306,,,,37.7005,4.0321599999999975,spair,8.345646295853834,4.0321599999999975,sintel
snapshots/sintel_steps100_pretrainedTrue_freezeTrue_2025_12_12_11_44,sintel_steps100_pretrainedTrue_freezeTrue_2025_12_12_11_44,sintel,steps,100,True,True,2025_12_12_11_44,pfpascal,5000,173178.3,34.635659999999994,5,0.04333342345389832,0.3022717655977298,0.6977282344022702,5.0,,,,,,,,,,0.26090079318809795,0.2134567616027117,0.7865432383972883,5.0,,,,,,,,,,,,,,,,,,,,,,,-0.24007116963607406,-0.4219443541984958,,,,,,,,,,,,,,,,,,,,,,,,,,,,,-0.6587461831240898,0.785027428870894,0.8365031791471622,-0.1621693882359718,0.48710883213558115,1.3042134063077513,,,,27.819223333333337,6.816436666666657,spair,7.292851888628503,6.816436666666657,sintel
snapshots/sintel_steps100_pretrainedTrue_freezeTrue_2025_12_12_11_44,sintel_steps100_pretrainedTrue_freezeTrue_2025_12_12_11_44,sintel,steps,100,True,True,2025_12_12_11_44,pfwillow,5000,190672.2,38.134440000000005,5,0.050837452357402335,0.1568481997690412,0.8431518002309588,5.0,,,,,,,,,,0.24243049149521306,0.17447487494253122,0.8255251250574688,5.0,,,,,,,,,,,,,,,,,,,,,,,-0.12100451087493423,0.007211182275674447,,,,,,,,,,,,,,,,,,,,,,,,,,,,,-0.6822121563362665,0.4101874778621258,1.6818685560733684,-0.6205252037737063,0.3916313526441739,1.5542389509274046,,,,32.30222,5.832220000000007,spair,2.967163842745455,5.832220000000007,sintel
snapshots/sintel_steps100_pretrainedTrue_freezeTrue_2025_12_12_11_44,sintel_steps100_pretrainedTrue_freezeTrue_2025_12_12_11_44,sintel,steps,100,True,True,2025_12_12_11_44,pointodyssey,5000,185802.65000000002,37.16053,5,0.37421064716112995,0.15933950842716846,0.8406604915728315,5.0,,,,,,,,,,0.13708729695873537,0.41684389190309706,0.583156108096903,5.0,,,,,,,,,,,,,,,,,,,,,,,-0.6372829328644003,-0.18443782249739735,,,,,,,,,,,,,,,,,,,,,,,,,,,,,0.18817647537494916,1.2945032432718055,1.6631506834659244,-0.239759151088483,0.3969497238395419,0.33574312563338077,,,,24.515383333333332,12.645146666666669,spair,12.522467927924495,12.645146666666669,sintel
snapshots/sintel_steps100_pretrainedTrue_freezeTrue_2025_12_12_11_44,sintel_steps100_pretrainedTrue_freezeTrue_2025_12_12_11_44,sintel,steps,100,True,True,2025_12_12_11_44,spair,5000,67856.40000000001,13.571280000000002,5,0.013136369740861234,0.20444686104311027,0.7955531389568897,5.0,,,,,,,,,,0.29368800909047776,0.20112683819240526,0.7988731618075947,5.0,,,,,,,,,,,,,,,,,,,,,,,0.028644125599334845,0.05414499765982082,,,,,,,,,,,,,,,,,,,,,,,,,,,,,-0.6958836002195182,-0.7924821193837746,1.3587295514733235,-0.31317992837960607,0.2651360569108537,1.379266442168716,,,,19.357693333333334,-5.786413333333332,spair,0.8385357141607965,-5.786413333333332,sintel
snapshots/sintel_steps100_pretrainedTrue_freezeTrue_2025_12_12_11_44,sintel_steps100_pretrainedTrue_freezeTrue_2025_12_12_11_44,sintel,steps,100,True,True,2025_12_12_11_44,tss,5000,255360.25000000003,51.072050000000004,5,0.0700250005071063,0.2621518124242335,0.7378481875757665,5.0,,,,,,,,,,0.25992287216646154,0.3384726858458901,0.6615273141541099,5.0,,,,,,,,,,,,,,,,,,,,,,,-0.23572293997848331,-0.07490015831593876,,,,,,,,,,,,,,,,,,,,,,,,,,,,,-0.594818350206629,0.8526242516956088,1.0348143228616187,-0.24335682529679645,0.3923250819300578,0.6701078765845903,,,,43.74900333333333,7.323046666666677,spair,7.704947775543673,7.323046666666677,sintel
snapshots/spair_logsteps100_pretrainedFalse_freezeFalse_2025_12_10_06_41,spair_logsteps100_pretrainedFalse_freezeFalse_2025_12_10_06_41,spair,logsteps,100,False,False,2025_12_10_06_41,flyingthings,5000,9423.75,1.88475,5,0.14248546444791804,0.11013290819923163,0.8898670918007684,5.0,,,,,,,,,,0.15897695779631443,0.3471823294306611,0.6528176705693389,5.0,,,,,,,,,,,,,,,,,,,,,,,0.13915507316959452,1.4548342300522366,,,,,,,,,,,,,,,,,,,,,,,,,,,,,-0.19338739169977215,-1.9570838789107767,2.089384223724485,-1.5405878962789592,1.5772730691782024,0.6314477851763142,,,,2.08833,-0.2035800000000001,spair,-3.879308214851508,-0.2035800000000001,spair
snapshots/spair_logsteps100_pretrainedFalse_freezeFalse_2025_12_10_06_41,spair_logsteps100_pretrainedFalse_freezeFalse_2025_12_10_06_41,spair,logsteps,100,False,False,2025_12_10_06_41,kitti2012,5000,20808.600000000002,4.161720000000001,5,0.24223948718078575,0.009297834789201136,0.9907021652107989,5.0,,,,,,,,,,0.16593555265149498,0.2528552217253942,0.7471447782746058,5.0,,,,,,,,,,,,,,,,,,,,,,,0.0903355549576078,1.861867155184076,,,,,,,,,,,,,,,,,,,,,,,,,,,,,-0.4548565484993051,-1.8326669626249208,4.668632394825549,-1.4153125194157863,1.5448969939974175,1.0834419005172755,,,,4.8632566666666674,-0.7015366666666667,spair,-4.223952357199767,-0.7015366666666667,spair
snapshots/spair_logsteps100_pretrainedFalse_freezeFalse_2025_12_10_06_41,spair_logsteps100_pretrainedFalse_freezeFalse_2025_12_10_06_41,spair,logsteps,100,False,False,2025_12_10_06_41,middlebury,5000,8700.55,1.7401099999999998,5,0.1577234766792105,0.010815303206907146,0.9891846967930928,5.0,,,,,,,,,,0.14245122161219903,0.4501859704169543,0.5498140295830457,5.0,,,,,,,,,,,,,,,,,,,,,,,0.5621800311417203,2.174955144973882,,,,,,,,,,,,,,,,,,,,,,,,,,,,,-0.26668294416379756,-1.8862201397839156,4.515918970454523,-1.5581263047913336,1.7949230943899317,0.1999193280314531,,,,1.9837666666666667,-0.24365666666666685,spair,-2.7719000635088724,-0.24365666666666685,spair
snapshots/spair_logsteps100_pretrainedFalse_freezeFalse_2025_12_10_06_41,spair_logsteps100_pretrainedFalse_freezeFalse_2025_12_10_06_41,spair,logsteps,100,False,False,2025_12_10_06_41,pfpascal,5000,8675.55,1.73511,5,0.17367439416160707,0.13108621825842523,0.8689137817415747,5.0,,,,,,,,,,0.1863228523662501,0.3008696013612009,0.6991303986387991,5.0,,,,,,,,,,,,,,,,,,,,,,,-0.05901408627011857,0.39167549576053534,,,,,,,,,,,,,,,,,,,,,,,,,,,,,0.2466581287611635,-2.1679603581507463,1.8913886434991196,-1.3421170590322498,1.878798957614601,0.8431603222918538,,,,1.9410966666666667,-0.20598666666666676,spair,-0.22097529904016233,-0.20598666666666676,spair
snapshots/spair_logsteps100_pretrainedFalse_freezeFalse_2025_12_10_06_41,spair_logsteps100_pretrainedFalse_freezeFalse_2025_12_10_06_41,spair,logsteps,100,False,False,2025_12_10_06_41,pfwillow,5000,15877.800000000001,3.1755600000000004,5,0.20695180063230878,0.09119685900423653,0.9088031409957634,5.0,,,,,,,,,,0.235660745668547,0.26731114003680717,0.7326888599631929,5.0,,,,,,,,,,,,,,,,,,,,,,,-0.22316928446655102,-0.21688551328865563,,,,,,,,,,,,,,,,,,,,,,,,,,,,,0.34552649147621356,-1.5777591153634891,2.299108048418069,-0.7345199370963107,1.870534988326996,1.0083078385266475,,,,3.3644433333333335,-0.18888333333333307,spair,7.554969258524057,-0.18888333333333307,spair
snapshots/spair_logsteps100_pretrainedFalse_freezeFalse_2025_12_10_06_41,spair_logsteps100_pretrainedFalse_freezeFalse_2025_12_10_06_41,spair,logsteps,100,False,False,2025_12_10_06_41,pointodyssey,5000,9361.5,1.8723,5,0.17485234399871272,0.002203433021932204,0.9977965669780678,5.0,,,,,,,,,,0.07632760447046509,0.47701994446616663,0.5229800555338333,5.0,,,,,,,,,,,,,,,,,,,,,,,2.5500908039006656,2.4595334305865553,,,,,,,,,,,,,,,,,,,,,,,,,,,,,-1.2880493328415186,-1.6722145240970554,6.115532806210528,-1.6869558975967214,1.8650424189987247,0.09198502629095634,,,,2.2678866666666666,-0.39558666666666653,spair,-6.055056140975385,-0.39558666666666653,spair
snapshots/spair_logsteps100_pretrainedFalse_freezeFalse_2025_12_10_06_41,spair_logsteps100_pretrainedFalse_freezeFalse_2025_12_10_06_41,spair,logsteps,100,False,False,2025_12_10_06_41,spair,5000,9957.0,1.9914,5,0.15634457368782811,0.256408856121145,0.7435911438788549,5.0,,,,,,,,,,0.25096959222398396,0.3366498224628481,0.663350177537152,5.0,,,,,,,,,,,,,,,,,,,,,,,-0.7321309534376281,-0.9171335326567509,,,,,,,,,,,,,,,,,,,,,,,,,,,,,0.5880761819134117,2.455049111017666,1.064718081280527,-0.9585099074063158,2.070337052802376,0.6782597343731446,,,,2.0635033333333332,-0.07210333333333319,spair,43.89037800368649,-0.07210333333333319,spair
snapshots/spair_logsteps100_pretrainedFalse_freezeFalse_2025_12_10_06_41,spair_logsteps100_pretrainedFalse_freezeFalse_2025_12_10_06_41,spair,logsteps,100,False,False,2025_12_10_06_41,tss,5000,17564.9,3.51298,5,0.2353696531493985,0.11281569576302089,0.8871843042369791,5.0,,,,,,,,,,0.19765368820387885,0.4399131726444521,0.5600868273555479,5.0,,,,,,,,,,,,,,,,,,,,,,,-0.1775606487833755,1.1167752505845308,,,,,,,,,,,,,,,,,,,,,,,,,,,,,0.33430962381043194,-1.8872617351372454,2.062297268313479,-1.2431525307606084,1.959372115513902,0.24151444801931599,,,,3.624926666666667,-0.11194666666666686,spair,2.9217169099463516,-0.11194666666666686,spair
snapshots/spair_logsteps100_pretrainedTrue_freezeFalse_2025_12_10_06_42,spair_logsteps100_pretrainedTrue_freezeFalse_2025_12_10_06_42,spair,logsteps,100,True,False,2025_12_10_06_42,flyingthings,5000,259531.60000000003,51.90632000000001,5,0.14248546444791804,0.11013290819923163,0.8898670918007684,5.0,,,,,,,,,,0.15897695779631443,0.3471823294306611,0.6528176705693389,5.0,,,,,,,,,,,,,,,,,,,,,,,0.13915507316959452,1.4548342300522366,,,,,,,,,,,,,,,,,,,,,,,,,,,,,-0.19338739169977215,-1.9570838789107767,2.089384223724485,-1.5405878962789592,1.5772730691782024,0.6314477851763142,,,,48.23252,3.673800000000007,spair,-3.879308214851508,3.673800000000007,spair
snapshots/spair_logsteps100_pretrainedTrue_freezeFalse_2025_12_10_06_42,spair_logsteps100_pretrainedTrue_freezeFalse_2025_12_10_06_42,spair,logsteps,100,True,False,2025_12_10_06_42,kitti2012,5000,315192.8,63.03856,5,0.24223948718078575,0.009297834789201136,0.9907021652107989,5.0,,,,,,,,,,0.16593555265149498,0.2528552217253942,0.7471447782746058,5.0,,,,,,,,,,,,,,,,,,,,,,,0.0903355549576078,1.861867155184076,,,,,,,,,,,,,,,,,,,,,,,,,,,,,-0.4548565484993051,-1.8326669626249208,4.668632394825549,-1.4153125194157863,1.5448969939974175,1.0834419005172755,,,,59.49418666666667,3.5443733333333256,spair,-4.223952357199767,3.5443733333333256,spair
snapshots/spair_logsteps100_pretrainedTrue_freezeFalse_2025_12_10_06_42,spair_logsteps100_pretrainedTrue_freezeFalse_2025_12_10_06_42,spair,logsteps,100,True,False,2025_12_10_06_42,middlebury,5000,183598.05,36.719609999999996,5,0.1577234766792105,0.010815303206907146,0.9891846967930928,5.0,,,,,,,,,,0.14245122161219903,0.4501859704169543,0.5498140295830457,5.0,,,,,,,,,,,,,,,,,,,,,,,0.5621800311417203,2.174955144973882,,,,,,,,,,,,,,,,,,,,,,,,,,,,,-0.26668294416379756,-1.8862201397839156,4.515918970454523,-1.5581263047913336,1.7949230943899317,0.1999193280314531,,,,34.53024666666666,2.1893633333333327,spair,-2.7719000635088724,2.1893633333333327,spair
snapshots/spair_logsteps100_pretrainedTrue_freezeFalse_2025_12_10_06_42,spair_logsteps100_pretrainedTrue_freezeFalse_2025_12_10_06_42,spair,logsteps,100,True,False,2025_12_10_06_42,pfpascal,5000,128382.04999999999,25.676409999999997,5,0.17367439416160707,0.13108621825842523,0.8689137817415747,5.0,,,,,,,,,,0.1863228523662501,0.3008696013612009,0.6991303986387991,5.0,,,,,,,,,,,,,,,,,,,,,,,-0.05901408627011857,0.39167549576053534,,,,,,,,,,,,,,,,,,,,,,,,,,,,,0.2466581287611635,-2.1679603581507463,1.8913886434991196,-1.3421170590322498,1.878798957614601,0.8431603222918538,,,,23.19225,2.4841599999999957,spair,-0.22097529904016233,2.4841599999999957,spair
snapshots/spair_logsteps100_pretrainedTrue_freezeFalse_2025_12_10_06_42,spair_logsteps100_pretrainedTrue_freezeFalse_2025_12_10_06_42,spair,logsteps,100,True,False,2025_12_10_06_42,pfwillow,5000,151894.5,30.3789,5,0.20695180063230878,0.09119685900423653,0.9088031409957634,5.0,,,,,,,,,,0.235660745668547,0.26731114003680717,0.7326888599631929,5.0,,,,,,,,,,,,,,,,,,,,,,,-0.22316928446655102,-0.21688551328865563,,,,,,,,,,,,,,,,,,,,,,,,,,,,,0.34552649147621356,-1.5777591153634891,2.299108048418069,-0.7345199370963107,1.870534988326996,1.0083078385266475,,,,27.67815333333333,2.700746666666671,spair,7.554969258524057,2.700746666666671,spair
snapshots/spair_logsteps100_pretrainedTrue_freezeFalse_2025_12_10_06_42,spair_logsteps100_pretrainedTrue_freezeFalse_2025_12_10_06_42,spair,logsteps,100,True,False,2025_12_10_06_42,pointodyssey,5000,126174.45,25.23489,5,0.17485234399871272,0.002203433021932204,0.9977965669780678,5.0,,,,,,,,,,0.07632760447046509,0.47701994446616663,0.5229800555338333,5.0,,,,,,,,,,,,,,,,,,,,,,,2.5500908039006656,2.4595334305865553,,,,,,,,,,,,,,,,,,,,,,,,,,,,,-1.2880493328415186,-1.6722145240970554,6.115532806210528,-1.6869558975967214,1.8650424189987247,0.09198502629095634,,,,24.839123333333333,0.3957666666666668,spair,-6.055056140975385,0.3957666666666668,spair
snapshots/spair_logsteps100_pretrainedTrue_freezeFalse_2025_12_10_06_42,spair_logsteps100_pretrainedTrue_freezeFalse_2025_12_10_06_42,spair,logsteps,100,True,False,2025_12_10_06_42,spair,5000,87388.85,17.47777,5,0.15634457368782811,0.256408856121145,0.7435911438788549,5.0,,,,,,,,,,0.25096959222398396,0.3366498224628481,0.663350177537152,5.0,,,,,,,,,,,,,,,,,,,,,,,-0.7321309534376281,-0.9171335326567509,,,,,,,,,,,,,,,,,,,,,,,,,,,,,0.5880761819134117,2.455049111017666,1.064718081280527,-0.9585099074063158,2.070337052802376,0.6782597343731446,,,,16.234553333333334,1.2432166666666653,spair,43.89037800368649,1.2432166666666653,spair
snapshots/spair_logsteps100_pretrainedTrue_freezeFalse_2025_12_10_06_42,spair_logsteps100_pretrainedTrue_freezeFalse_2025_12_10_06_42,spair,logsteps,100,True,False,2025_12_10_06_42,tss,5000,213611.15000000002,42.72223,5,0.2353696531493985,0.11281569576302089,0.8871843042369791,5.0,,,,,,,,,,0.19765368820387885,0.4399131726444521,0.5600868273555479,5.0,,,,,,,,,,,,,,,,,,,,,,,-0.1775606487833755,1.1167752505845308,,,,,,,,,,,,,,,,,,,,,,,,,,,,,0.33430962381043194,-1.8872617351372454,2.062297268313479,-1.2431525307606084,1.959372115513902,0.24151444801931599,,,,39.87302333333333,2.8492066666666744,spair,2.9217169099463516,2.8492066666666744,spair
snapshots/spair_logsteps100_pretrainedTrue_freezeTrue_2025_12_10_06_26,spair_logsteps100_pretrainedTrue_freezeTrue_2025_12_10_06_26,spair,logsteps,100,True,True,2025_12_10_06_26,flyingthings,5000,281575.8,56.31516,5,0.14248546444791804,0.11013290819923163,0.8898670918007684,5.0,,,,,,,,,,0.15897695779631443,0.3471823294306611,0.6528176705693389,5.0,,,,,,,,,,,,,,,,,,,,,,,0.13915507316959452,1.4548342300522366,,,,,,,,,,,,,,,,,,,,,,,,,,,,,-0.19338739169977215,-1.9570838789107767,2.089384223724485,-1.5405878962789592,1.5772730691782024,0.6314477851763142,,,,53.90556,2.4095999999999975,spair,-3.879308214851508,2.4095999999999975,spair
snapshots/spair_logsteps100_pretrainedTrue_freezeTrue_2025_12_10_06_26,spair_logsteps100_pretrainedTrue_freezeTrue_2025_12_10_06_26,spair,logsteps,100,True,True,2025_12_10_06_26,kitti2012,5000,331457.1,66.29142,5,0.24223948718078575,0.009297834789201136,0.9907021652107989,5.0,,,,,,,,,,0.16593555265149498,0.2528552217253942,0.7471447782746058,5.0,,,,,,,,,,,,,,,,,,,,,,,0.0903355549576078,1.861867155184076,,,,,,,,,,,,,,,,,,,,,,,,,,,,,-0.4548565484993051,-1.8326669626249208,4.668632394825549,-1.4153125194157863,1.5448969939974175,1.0834419005172755,,,,64.06846666666667,2.2229533333333364,spair,-4.223952357199767,2.2229533333333364,spair
snapshots/spair_logsteps100_pretrainedTrue_freezeTrue_2025_12_10_06_26,spair_logsteps100_pretrainedTrue_freezeTrue_2025_12_10_06_26,spair,logsteps,100,True,True,2025_12_10_06_26,middlebury,5000,194166.05,38.83321,5,0.1577234766792105,0.010815303206907146,0.9891846967930928,5.0,,,,,,,,,,0.14245122161219903,0.4501859704169543,0.5498140295830457,5.0,,,,,,,,,,,,,,,,,,,,,,,0.5621800311417203,2.174955144973882,,,,,,,,,,,,,,,,,,,,,,,,,,,,,-0.26668294416379756,-1.8862201397839156,4.515918970454523,-1.5581263047913336,1.7949230943899317,0.1999193280314531,,,,37.7005,1.132710000000003,spair,-2.7719000635088724,1.132710000000003,spair
snapshots/spair_logsteps100_pretrainedTrue_freezeTrue_2025_12_10_06_26,spair_logsteps100_pretrainedTrue_freezeTrue_2025_12_10_06_26,spair,logsteps,100,True,True,2025_12_10_06_26,pfpascal,5000,144541.1,28.90822,5,0.17367439416160707,0.13108621825842523,0.8689137817415747,5.0,,,,,,,,,,0.1863228523662501,0.3008696013612009,0.6991303986387991,5.0,,,,,,,,,,,,,,,,,,,,,,,-0.05901408627011857,0.39167549576053534,,,,,,,,,,,,,,,,,,,,,,,,,,,,,0.2466581287611635,-2.1679603581507463,1.8913886434991196,-1.3421170590322498,1.878798957614601,0.8431603222918538,,,,27.819223333333337,1.088996666666663,spair,-0.22097529904016233,1.088996666666663,spair
snapshots/spair_logsteps100_pretrainedTrue_freezeTrue_2025_12_10_06_26,spair_logsteps100_pretrainedTrue_freezeTrue_2025_12_10_06_26,spair,logsteps,100,True,True,2025_12_10_06_26,pfwillow,5000,166138.84999999998,33.22776999999999,5,0.20695180063230878,0.09119685900423653,0.9088031409957634,5.0,,,,,,,,,,0.235660745668547,0.26731114003680717,0.7326888599631929,5.0,,,,,,,,,,,,,,,,,,,,,,,-0.22316928446655102,-0.21688551328865563,,,,,,,,,,,,,,,,,,,,,,,,,,,,,0.34552649147621356,-1.5777591153634891,2.299108048418069,-0.7345199370963107,1.870534988326996,1.0083078385266475,,,,32.30222,0.9255499999999941,spair,7.554969258524057,0.9255499999999941,spair
snapshots/spair_logsteps100_pretrainedTrue_freezeTrue_2025_12_10_06_26,spair_logsteps100_pretrainedTrue_freezeTrue_2025_12_10_06_26,spair,logsteps,100,True,True,2025_12_10_06_26,pointodyssey,5000,127572.4,25.51448,5,0.17485234399871272,0.002203433021932204,0.9977965669780678,5.0,,,,,,,,,,0.07632760447046509,0.47701994446616663,0.5229800555338333,5.0,,,,,,,,,,,,,,,,,,,,,,,2.5500908039006656,2.4595334305865553,,,,,,,,,,,,,,,,,,,,,,,,,,,,,-1.2880493328415186,-1.6722145240970554,6.115532806210528,-1.6869558975967214,1.8650424189987247,0.09198502629095634,,,,24.515383333333332,0.9990966666666665,spair,-6.055056140975385,0.9990966666666665,spair
snapshots/spair_logsteps100_pretrainedTrue_freezeTrue_2025_12_10_06_26,spair_logsteps100_pretrainedTrue_freezeTrue_2025_12_10_06_26,spair,logsteps,100,True,True,2025_12_10_06_26,spair,5000,100715.1,20.14302,5,0.15634457368782811,0.256408856121145,0.7435911438788549,5.0,,,,,,,,,,0.25096959222398396,0.3366498224628481,0.663350177537152,5.0,,,,,,,,,,,,,,,,,,,,,,,-0.7321309534376281,-0.9171335326567509,,,,,,,,,,,,,,,,,,,,,,,,,,,,,0.5880761819134117,2.455049111017666,1.064718081280527,-0.9585099074063158,2.070337052802376,0.6782597343731446,,,,19.357693333333334,0.7853266666666663,spair,43.89037800368649,0.7853266666666663,spair
snapshots/spair_logsteps100_pretrainedTrue_freezeTrue_2025_12_10_06_26,spair_logsteps100_pretrainedTrue_freezeTrue_2025_12_10_06_26,spair,logsteps,100,True,True,2025_12_10_06_26,tss,5000,224437.75,44.88755,5,0.2353696531493985,0.11281569576302089,0.8871843042369791,5.0,,,,,,,,,,0.19765368820387885,0.4399131726444521,0.5600868273555479,5.0,,,,,,,,,,,,,,,,,,,,,,,-0.1775606487833755,1.1167752505845308,,,,,,,,,,,,,,,,,,,,,,,,,,,,,0.33430962381043194,-1.8872617351372454,2.062297268313479,-1.2431525307606084,1.959372115513902,0.24151444801931599,,,,43.74900333333333,1.1385466666666701,spair,2.9217169099463516,1.1385466666666701,spair
snapshots/spair_steps100_pretrainedFalse_freezeFalse_2025_12_10_22_16,spair_steps100_pretrainedFalse_freezeFalse_2025_12_10_22_16,spair,steps,100,False,False,2025_12_10_22_16,flyingthings,5000,10822.150000000001,2.1644300000000003,5,0.14248546444791804,0.11013290819923163,0.8898670918007684,5.0,,,,,,,,,,0.15897695779631443,0.3471823294306611,0.6528176705693389,5.0,,,,,,,,,,,,,,,,,,,,,,,0.13915507316959452,1.4548342300522366,,,,,,,,,,,,,,,,,,,,,,,,,,,,,-0.19338739169977215,-1.9570838789107767,2.089384223724485,-1.5405878962789592,1.5772730691782024,0.6314477851763142,,,,2.08833,0.07610000000000028,spair,-3.879308214851508,0.07610000000000028,spair
snapshots/spair_steps100_pretrainedFalse_freezeFalse_2025_12_10_22_16,spair_steps100_pretrainedFalse_freezeFalse_2025_12_10_22_16,spair,steps,100,False,False,2025_12_10_22_16,kitti2012,5000,24668.0,4.9336,5,0.24223948718078575,0.009297834789201136,0.9907021652107989,5.0,,,,,,,,,,0.16593555265149498,0.2528552217253942,0.7471447782746058,5.0,,,,,,,,,,,,,,,,,,,,,,,0.0903355549576078,1.861867155184076,,,,,,,,,,,,,,,,,,,,,,,,,,,,,-0.4548565484993051,-1.8326669626249208,4.668632394825549,-1.4153125194157863,1.5448969939974175,1.0834419005172755,,,,4.8632566666666674,0.07034333333333276,spair,-4.223952357199767,0.07034333333333276,spair
snapshots/spair_steps100_pretrainedFalse_freezeFalse_2025_12_10_22_16,spair_steps100_pretrainedFalse_freezeFalse_2025_12_10_22_16,spair,steps,100,False,False,2025_12_10_22_16,middlebury,5000,10472.4,2.09448,5,0.1577234766792105,0.010815303206907146,0.9891846967930928,5.0,,,,,,,,,,0.14245122161219903,0.4501859704169543,0.5498140295830457,5.0,,,,,,,,,,,,,,,,,,,,,,,0.5621800311417203,2.174955144973882,,,,,,,,,,,,,,,,,,,,,,,,,,,,,-0.26668294416379756,-1.8862201397839156,4.515918970454523,-1.5581263047913336,1.7949230943899317,0.1999193280314531,,,,1.9837666666666667,0.11071333333333322,spair,-2.7719000635088724,0.11071333333333322,spair
snapshots/spair_steps100_pretrainedFalse_freezeFalse_2025_12_10_22_16,spair_steps100_pretrainedFalse_freezeFalse_2025_12_10_22_16,spair,steps,100,False,False,2025_12_10_22_16,pfpascal,5000,10532.4,2.10648,5,0.17367439416160707,0.13108621825842523,0.8689137817415747,5.0,,,,,,,,,,0.1863228523662501,0.3008696013612009,0.6991303986387991,5.0,,,,,,,,,,,,,,,,,,,,,,,-0.05901408627011857,0.39167549576053534,,,,,,,,,,,,,,,,,,,,,,,,,,,,,0.2466581287611635,-2.1679603581507463,1.8913886434991196,-1.3421170590322498,1.878798957614601,0.8431603222918538,,,,1.9410966666666667,0.16538333333333322,spair,-0.22097529904016233,0.16538333333333322,spair
snapshots/spair_steps100_pretrainedFalse_freezeFalse_2025_12_10_22_16,spair_steps100_pretrainedFalse_freezeFalse_2025_12_10_22_16,spair,steps,100,False,False,2025_12_10_22_16,pfwillow,5000,16877.75,3.37555,5,0.20695180063230878,0.09119685900423653,0.9088031409957634,5.0,,,,,,,,,,0.235660745668547,0.26731114003680717,0.7326888599631929,5.0,,,,,,,,,,,,,,,,,,,,,,,-0.22316928446655102,-0.21688551328865563,,,,,,,,,,,,,,,,,,,,,,,,,,,,,0.34552649147621356,-1.5777591153634891,2.299108048418069,-0.7345199370963107,1.870534988326996,1.0083078385266475,,,,3.3644433333333335,0.011106666666666598,spair,7.554969258524057,0.011106666666666598,spair
snapshots/spair_steps100_pretrainedFalse_freezeFalse_2025_12_10_22_16,spair_steps100_pretrainedFalse_freezeFalse_2025_12_10_22_16,spair,steps,100,False,False,2025_12_10_22_16,pointodyssey,5000,12226.45,2.44529,5,0.17485234399871272,0.002203433021932204,0.9977965669780678,5.0,,,,,,,,,,0.07632760447046509,0.47701994446616663,0.5229800555338333,5.0,,,,,,,,,,,,,,,,,,,,,,,2.5500908039006656,2.4595334305865553,,,,,,,,,,,,,,,,,,,,,,,,,,,,,-1.2880493328415186,-1.6722145240970554,6.115532806210528,-1.6869558975967214,1.8650424189987247,0.09198502629095634,,,,2.2678866666666666,0.17740333333333336,spair,-6.055056140975385,0.17740333333333336,spair
snapshots/spair_steps100_pretrainedFalse_freezeFalse_2025_12_10_22_16,spair_steps100_pretrainedFalse_freezeFalse_2025_12_10_22_16,spair,steps,100,False,False,2025_12_10_22_16,spair,5000,10239.050000000001,2.04781,5,0.15634457368782811,0.256408856121145,0.7435911438788549,5.0,,,,,,,,,,0.25096959222398396,0.3366498224628481,0.663350177537152,5.0,,,,,,,,,,,,,,,,,,,,,,,-0.7321309534376281,-0.9171335326567509,,,,,,,,,,,,,,,,,,,,,,,,,,,,,0.5880761819134117,2.455049111017666,1.064718081280527,-0.9585099074063158,2.070337052802376,0.6782597343731446,,,,2.0635033333333332,-0.015693333333333115,spair,43.89037800368649,-0.015693333333333115,spair
snapshots/spair_steps100_pretrainedFalse_freezeFalse_2025_12_10_22_16,spair_steps100_pretrainedFalse_freezeFalse_2025_12_10_22_16,spair,steps,100,False,False,2025_12_10_22_16,tss,5000,17549.600000000002,3.5099200000000006,5,0.2353696531493985,0.11281569576302089,0.8871843042369791,5.0,,,,,,,,,,0.19765368820387885,0.4399131726444521,0.5600868273555479,5.0,,,,,,,,,,,,,,,,,,,,,,,-0.1775606487833755,1.1167752505845308,,,,,,,,,,,,,,,,,,,,,,,,,,,,,0.33430962381043194,-1.8872617351372454,2.062297268313479,-1.2431525307606084,1.959372115513902,0.24151444801931599,,,,3.624926666666667,-0.11500666666666648,spair,2.9217169099463516,-0.11500666666666648,spair
snapshots/spair_steps100_pretrainedFalse_freezeFalse_2025_12_12_23_44,spair_steps100_pretrainedFalse_freezeFalse_2025_12_12_23_44,spair,steps,100,False,False,2025_12_12_23_44,flyingthings,5000,11079.05,2.21581,5,0.14248546444791804,0.11013290819923163,0.8898670918007684,5.0,,,,,,,,,,0.15897695779631443,0.3471823294306611,0.6528176705693389,5.0,,,,,,,,,,,,,,,,,,,,,,,0.13915507316959452,1.4548342300522366,,,,,,,,,,,,,,,,,,,,,,,,,,,,,-0.19338739169977215,-1.9570838789107767,2.089384223724485,-1.5405878962789592,1.5772730691782024,0.6314477851763142,,,,2.08833,0.12747999999999982,spair,-3.879308214851508,0.12747999999999982,spair
snapshots/spair_steps100_pretrainedFalse_freezeFalse_2025_12_12_23_44,spair_steps100_pretrainedFalse_freezeFalse_2025_12_12_23_44,spair,steps,100,False,False,2025_12_12_23_44,kitti2012,5000,27472.25,5.49445,5,0.24223948718078575,0.009297834789201136,0.9907021652107989,5.0,,,,,,,,,,0.16593555265149498,0.2528552217253942,0.7471447782746058,5.0,,,,,,,,,,,,,,,,,,,,,,,0.0903355549576078,1.861867155184076,,,,,,,,,,,,,,,,,,,,,,,,,,,,,-0.4548565484993051,-1.8326669626249208,4.668632394825549,-1.4153125194157863,1.5448969939974175,1.0834419005172755,,,,4.8632566666666674,0.6311933333333322,spair,-4.223952357199767,0.6311933333333322,spair
snapshots/spair_steps100_pretrainedFalse_freezeFalse_2025_12_12_23_44,spair_steps100_pretrainedFalse_freezeFalse_2025_12_12_23_44,spair,steps,100,False,False,2025_12_12_23_44,middlebury,5000,10583.55,2.11671,5,0.1577234766792105,0.010815303206907146,0.9891846967930928,5.0,,,,,,,,,,0.14245122161219903,0.4501859704169543,0.5498140295830457,5.0,,,,,,,,,,,,,,,,,,,,,,,0.5621800311417203,2.174955144973882,,,,,,,,,,,,,,,,,,,,,,,,,,,,,-0.26668294416379756,-1.8862201397839156,4.515918970454523,-1.5581263047913336,1.7949230943899317,0.1999193280314531,,,,1.9837666666666667,0.1329433333333332,spair,-2.7719000635088724,0.1329433333333332,spair
snapshots/spair_steps100_pretrainedFalse_freezeFalse_2025_12_12_23_44,spair_steps100_pretrainedFalse_freezeFalse_2025_12_12_23_44,spair,steps,100,False,False,2025_12_12_23_44,pfpascal,5000,9908.5,1.9817,5,0.17367439416160707,0.13108621825842523,0.8689137817415747,5.0,,,,,,,,,,0.1863228523662501,0.3008696013612009,0.6991303986387991,5.0,,,,,,,,,,,,,,,,,,,,,,,-0.05901408627011857,0.39167549576053534,,,,,,,,,,,,,,,,,,,,,,,,,,,,,0.2466581287611635,-2.1679603581507463,1.8913886434991196,-1.3421170590322498,1.878798957614601,0.8431603222918538,,,,1.9410966666666667,0.040603333333333325,spair,-0.22097529904016233,0.040603333333333325,spair
snapshots/spair_steps100_pretrainedFalse_freezeFalse_2025_12_12_23_44,spair_steps100_pretrainedFalse_freezeFalse_2025_12_12_23_44,spair,steps,100,False,False,2025_12_12_23_44,pfwillow,5000,17711.1,3.54222,5,0.20695180063230878,0.09119685900423653,0.9088031409957634,5.0,,,,,,,,,,0.235660745668547,0.26731114003680717,0.7326888599631929,5.0,,,,,,,,,,,,,,,,,,,,,,,-0.22316928446655102,-0.21688551328865563,,,,,,,,,,,,,,,,,,,,,,,,,,,,,0.34552649147621356,-1.5777591153634891,2.299108048418069,-0.7345199370963107,1.870534988326996,1.0083078385266475,,,,3.3644433333333335,0.17777666666666647,spair,7.554969258524057,0.17777666666666647,spair
snapshots/spair_steps100_pretrainedFalse_freezeFalse_2025_12_12_23_44,spair_steps100_pretrainedFalse_freezeFalse_2025_12_12_23_44,spair,steps,100,False,False,2025_12_12_23_44,pointodyssey,5000,12430.349999999999,2.48607,5,0.17485234399871272,0.002203433021932204,0.9977965669780678,5.0,,,,,,,,,,0.07632760447046509,0.47701994446616663,0.5229800555338333,5.0,,,,,,,,,,,,,,,,,,,,,,,2.5500908039006656,2.4595334305865553,,,,,,,,,,,,,,,,,,,,,,,,,,,,,-1.2880493328415186,-1.6722145240970554,6.115532806210528,-1.6869558975967214,1.8650424189987247,0.09198502629095634,,,,2.2678866666666666,0.21818333333333317,spair,-6.055056140975385,0.21818333333333317,spair
snapshots/spair_steps100_pretrainedFalse_freezeFalse_2025_12_12_23_44,spair_steps100_pretrainedFalse_freezeFalse_2025_12_12_23_44,spair,steps,100,False,False,2025_12_12_23_44,spair,5000,10756.5,2.1513,5,0.15634457368782811,0.256408856121145,0.7435911438788549,5.0,,,,,,,,,,0.25096959222398396,0.3366498224628481,0.663350177537152,5.0,,,,,,,,,,,,,,,,,,,,,,,-0.7321309534376281,-0.9171335326567509,,,,,,,,,,,,,,,,,,,,,,,,,,,,,0.5880761819134117,2.455049111017666,1.064718081280527,-0.9585099074063158,2.070337052802376,0.6782597343731446,,,,2.0635033333333332,0.08779666666666675,spair,43.89037800368649,0.08779666666666675,spair
snapshots/spair_steps100_pretrainedFalse_freezeFalse_2025_12_12_23_44,spair_steps100_pretrainedFalse_freezeFalse_2025_12_12_23_44,spair,steps,100,False,False,2025_12_12_23_44,tss,5000,19259.400000000005,3.851880000000001,5,0.2353696531493985,0.11281569576302089,0.8871843042369791,5.0,,,,,,,,,,0.19765368820387885,0.4399131726444521,0.5600868273555479,5.0,,,,,,,,,,,,,,,,,,,,,,,-0.1775606487833755,1.1167752505845308,,,,,,,,,,,,,,,,,,,,,,,,,,,,,0.33430962381043194,-1.8872617351372454,2.062297268313479,-1.2431525307606084,1.959372115513902,0.24151444801931599,,,,3.624926666666667,0.22695333333333378,spair,2.9217169099463516,0.22695333333333378,spair
snapshots/spair_steps100_pretrainedTrue_freezeFalse_2025_12_10_20_45,spair_steps100_pretrainedTrue_freezeFalse_2025_12_10_20_45,spair,steps,100,True,False,2025_12_10_20_45,flyingthings,5000,209353.55,41.870709999999995,5,0.14248546444791804,0.11013290819923163,0.8898670918007684,5.0,,,,,,,,,,0.15897695779631443,0.3471823294306611,0.6528176705693389,5.0,,,,,,,,,,,,,,,,,,,,,,,0.13915507316959452,1.4548342300522366,,,,,,,,,,,,,,,,,,,,,,,,,,,,,-0.19338739169977215,-1.9570838789107767,2.089384223724485,-1.5405878962789592,1.5772730691782024,0.6314477851763142,,,,48.23252,-6.3618100000000055,spair,-3.879308214851508,-6.3618100000000055,spair
snapshots/spair_steps100_pretrainedTrue_freezeFalse_2025_12_10_20_45,spair_steps100_pretrainedTrue_freezeFalse_2025_12_10_20_45,spair,steps,100,True,False,2025_12_10_20_45,kitti2012,5000,267564.55,53.51291,5,0.24223948718078575,0.009297834789201136,0.9907021652107989,5.0,,,,,,,,,,0.16593555265149498,0.2528552217253942,0.7471447782746058,5.0,,,,,,,,,,,,,,,,,,,,,,,0.0903355549576078,1.861867155184076,,,,,,,,,,,,,,,,,,,,,,,,,,,,,-0.4548565484993051,-1.8326669626249208,4.668632394825549,-1.4153125194157863,1.5448969939974175,1.0834419005172755,,,,59.49418666666667,-5.981276666666673,spair,-4.223952357199767,-5.981276666666673,spair
snapshots/spair_steps100_pretrainedTrue_freezeFalse_2025_12_10_20_45,spair_steps100_pretrainedTrue_freezeFalse_2025_12_10_20_45,spair,steps,100,True,False,2025_12_10_20_45,middlebury,5000,155220.59999999998,31.044119999999996,5,0.1577234766792105,0.010815303206907146,0.9891846967930928,5.0,,,,,,,,,,0.14245122161219903,0.4501859704169543,0.5498140295830457,5.0,,,,,,,,,,,,,,,,,,,,,,,0.5621800311417203,2.174955144973882,,,,,,,,,,,,,,,,,,,,,,,,,,,,,-0.26668294416379756,-1.8862201397839156,4.515918970454523,-1.5581263047913336,1.7949230943899317,0.1999193280314531,,,,34.53024666666666,-3.4861266666666673,spair,-2.7719000635088724,-3.4861266666666673,spair
snapshots/spair_steps100_pretrainedTrue_freezeFalse_2025_12_10_20_45,spair_steps100_pretrainedTrue_freezeFalse_2025_12_10_20_45,spair,steps,100,True,False,2025_12_10_20_45,pfpascal,5000,94579.95,18.91599,5,0.17367439416160707,0.13108621825842523,0.8689137817415747,5.0,,,,,,,,,,0.1863228523662501,0.3008696013612009,0.6991303986387991,5.0,,,,,,,,,,,,,,,,,,,,,,,-0.05901408627011857,0.39167549576053534,,,,,,,,,,,,,,,,,,,,,,,,,,,,,0.2466581287611635,-2.1679603581507463,1.8913886434991196,-1.3421170590322498,1.878798957614601,0.8431603222918538,,,,23.19225,-4.276260000000001,spair,-0.22097529904016233,-4.276260000000001,spair
snapshots/spair_steps100_pretrainedTrue_freezeFalse_2025_12_10_20_45,spair_steps100_pretrainedTrue_freezeFalse_2025_12_10_20_45,spair,steps,100,True,False,2025_12_10_20_45,pfwillow,5000,120405.6,24.081120000000002,5,0.20695180063230878,0.09119685900423653,0.9088031409957634,5.0,,,,,,,,,,0.235660745668547,0.26731114003680717,0.7326888599631929,5.0,,,,,,,,,,,,,,,,,,,,,,,-0.22316928446655102,-0.21688551328865563,,,,,,,,,,,,,,,,,,,,,,,,,,,,,0.34552649147621356,-1.5777591153634891,2.299108048418069,-0.7345199370963107,1.870534988326996,1.0083078385266475,,,,27.67815333333333,-3.5970333333333286,spair,7.554969258524057,-3.5970333333333286,spair
snapshots/spair_steps100_pretrainedTrue_freezeFalse_2025_12_10_20_45,spair_steps100_pretrainedTrue_freezeFalse_2025_12_10_20_45,spair,steps,100,True,False,2025_12_10_20_45,pointodyssey,5000,128408.84999999999,25.681769999999997,5,0.17485234399871272,0.002203433021932204,0.9977965669780678,5.0,,,,,,,,,,0.07632760447046509,0.47701994446616663,0.5229800555338333,5.0,,,,,,,,,,,,,,,,,,,,,,,2.5500908039006656,2.4595334305865553,,,,,,,,,,,,,,,,,,,,,,,,,,,,,-1.2880493328415186,-1.6722145240970554,6.115532806210528,-1.6869558975967214,1.8650424189987247,0.09198502629095634,,,,24.839123333333333,0.8426466666666634,spair,-6.055056140975385,0.8426466666666634,spair
snapshots/spair_steps100_pretrainedTrue_freezeFalse_2025_12_10_20_45,spair_steps100_pretrainedTrue_freezeFalse_2025_12_10_20_45,spair,steps,100,True,False,2025_12_10_20_45,spair,5000,65488.149999999994,13.097629999999999,5,0.15634457368782811,0.256408856121145,0.7435911438788549,5.0,,,,,,,,,,0.25096959222398396,0.3366498224628481,0.663350177537152,5.0,,,,,,,,,,,,,,,,,,,,,,,-0.7321309534376281,-0.9171335326567509,,,,,,,,,,,,,,,,,,,,,,,,,,,,,0.5880761819134117,2.455049111017666,1.064718081280527,-0.9585099074063158,2.070337052802376,0.6782597343731446,,,,16.234553333333334,-3.1369233333333355,spair,43.89037800368649,-3.1369233333333355,spair
snapshots/spair_steps100_pretrainedTrue_freezeFalse_2025_12_10_20_45,spair_steps100_pretrainedTrue_freezeFalse_2025_12_10_20_45,spair,steps,100,True,False,2025_12_10_20_45,tss,5000,176153.0,35.2306,5,0.2353696531493985,0.11281569576302089,0.8871843042369791,5.0,,,,,,,,,,0.19765368820387885,0.4399131726444521,0.5600868273555479,5.0,,,,,,,,,,,,,,,,,,,,,,,-0.1775606487833755,1.1167752505845308,,,,,,,,,,,,,,,,,,,,,,,,,,,,,0.33430962381043194,-1.8872617351372454,2.062297268313479,-1.2431525307606084,1.959372115513902,0.24151444801931599,,,,39.87302333333333,-4.642423333333326,spair,2.9217169099463516,-4.642423333333326,spair
snapshots/spair_steps100_pretrainedTrue_freezeFalse_2025_12_12_23_44,spair_steps100_pretrainedTrue_freezeFalse_2025_12_12_23_44,spair,steps,100,True,False,2025_12_12_23_44,flyingthings,5000,254602.65000000002,50.92053000000001,5,0.14248546444791804,0.11013290819923163,0.8898670918007684,5.0,,,,,,,,,,0.15897695779631443,0.3471823294306611,0.6528176705693389,5.0,,,,,,,,,,,,,,,,,,,,,,,0.13915507316959452,1.4548342300522366,,,,,,,,,,,,,,,,,,,,,,,,,,,,,-0.19338739169977215,-1.9570838789107767,2.089384223724485,-1.5405878962789592,1.5772730691782024,0.6314477851763142,,,,48.23252,2.6880100000000056,spair,-3.879308214851508,2.6880100000000056,spair
snapshots/spair_steps100_pretrainedTrue_freezeFalse_2025_12_12_23_44,spair_steps100_pretrainedTrue_freezeFalse_2025_12_12_23_44,spair,steps,100,True,False,2025_12_12_23_44,kitti2012,5000,309655.45,61.931090000000005,5,0.24223948718078575,0.009297834789201136,0.9907021652107989,5.0,,,,,,,,,,0.16593555265149498,0.2528552217253942,0.7471447782746058,5.0,,,,,,,,,,,,,,,,,,,,,,,0.0903355549576078,1.861867155184076,,,,,,,,,,,,,,,,,,,,,,,,,,,,,-0.4548565484993051,-1.8326669626249208,4.668632394825549,-1.4153125194157863,1.5448969939974175,1.0834419005172755,,,,59.49418666666667,2.4369033333333334,spair,-4.223952357199767,2.4369033333333334,spair
snapshots/spair_steps100_pretrainedTrue_freezeFalse_2025_12_12_23_44,spair_steps100_pretrainedTrue_freezeFalse_2025_12_12_23_44,spair,steps,100,True,False,2025_12_12_23_44,middlebury,5000,179135.05,35.827009999999994,5,0.1577234766792105,0.010815303206907146,0.9891846967930928,5.0,,,,,,,,,,0.14245122161219903,0.4501859704169543,0.5498140295830457,5.0,,,,,,,,,,,,,,,,,,,,,,,0.5621800311417203,2.174955144973882,,,,,,,,,,,,,,,,,,,,,,,,,,,,,-0.26668294416379756,-1.8862201397839156,4.515918970454523,-1.5581263047913336,1.7949230943899317,0.1999193280314531,,,,34.53024666666666,1.296763333333331,spair,-2.7719000635088724,1.296763333333331,spair
snapshots/spair_steps100_pretrainedTrue_freezeFalse_2025_12_12_23_44,spair_steps100_pretrainedTrue_freezeFalse_2025_12_12_23_44,spair,steps,100,True,False,2025_12_12_23_44,pfpascal,5000,124921.75,24.98435,5,0.17367439416160707,0.13108621825842523,0.8689137817415747,5.0,,,,,,,,,,0.1863228523662501,0.3008696013612009,0.6991303986387991,5.0,,,,,,,,,,,,,,,,,,,,,,,-0.05901408627011857,0.39167549576053534,,,,,,,,,,,,,,,,,,,,,,,,,,,,,0.2466581287611635,-2.1679603581507463,1.8913886434991196,-1.3421170590322498,1.878798957614601,0.8431603222918538,,,,23.19225,1.7920999999999978,spair,-0.22097529904016233,1.7920999999999978,spair
snapshots/spair_steps100_pretrainedTrue_freezeFalse_2025_12_12_23_44,spair_steps100_pretrainedTrue_freezeFalse_2025_12_12_23_44,spair,steps,100,True,False,2025_12_12_23_44,pfwillow,5000,142872.19999999998,28.574439999999996,5,0.20695180063230878,0.09119685900423653,0.9088031409957634,5.0,,,,,,,,,,0.235660745668547,0.26731114003680717,0.7326888599631929,5.0,,,,,,,,,,,,,,,,,,,,,,,-0.22316928446655102,-0.21688551328865563,,,,,,,,,,,,,,,,,,,,,,,,,,,,,0.34552649147621356,-1.5777591153634891,2.299108048418069,-0.7345199370963107,1.870534988326996,1.0083078385266475,,,,27.67815333333333,0.8962866666666649,spair,7.554969258524057,0.8962866666666649,spair
snapshots/spair_steps100_pretrainedTrue_freezeFalse_2025_12_12_23_44,spair_steps100_pretrainedTrue_freezeFalse_2025_12_12_23_44,spair,steps,100,True,False,2025_12_12_23_44,pointodyssey,5000,118003.55,23.60071,5,0.17485234399871272,0.002203433021932204,0.9977965669780678,5.0,,,,,,,,,,0.07632760447046509,0.47701994446616663,0.5229800555338333,5.0,,,,,,,,,,,,,,,,,,,,,,,2.5500908039006656,2.4595334305865553,,,,,,,,,,,,,,,,,,,,,,,,,,,,,-1.2880493328415186,-1.6722145240970554,6.115532806210528,-1.6869558975967214,1.8650424189987247,0.09198502629095634,,,,24.839123333333333,-1.2384133333333338,spair,-6.055056140975385,-1.2384133333333338,spair
snapshots/spair_steps100_pretrainedTrue_freezeFalse_2025_12_12_23_44,spair_steps100_pretrainedTrue_freezeFalse_2025_12_12_23_44,spair,steps,100,True,False,2025_12_12_23_44,spair,5000,90641.29999999999,18.128259999999997,5,0.15634457368782811,0.256408856121145,0.7435911438788549,5.0,,,,,,,,,,0.25096959222398396,0.3366498224628481,0.663350177537152,5.0,,,,,,,,,,,,,,,,,,,,,,,-0.7321309534376281,-0.9171335326567509,,,,,,,,,,,,,,,,,,,,,,,,,,,,,0.5880761819134117,2.455049111017666,1.064718081280527,-0.9585099074063158,2.070337052802376,0.6782597343731446,,,,16.234553333333334,1.893706666666663,spair,43.89037800368649,1.893706666666663,spair
snapshots/spair_steps100_pretrainedTrue_freezeFalse_2025_12_12_23_44,spair_steps100_pretrainedTrue_freezeFalse_2025_12_12_23_44,spair,steps,100,True,False,2025_12_12_23_44,tss,5000,208331.19999999998,41.666239999999995,5,0.2353696531493985,0.11281569576302089,0.8871843042369791,5.0,,,,,,,,,,0.19765368820387885,0.4399131726444521,0.5600868273555479,5.0,,,,,,,,,,,,,,,,,,,,,,,-0.1775606487833755,1.1167752505845308,,,,,,,,,,,,,,,,,,,,,,,,,,,,,0.33430962381043194,-1.8872617351372454,2.062297268313479,-1.2431525307606084,1.959372115513902,0.24151444801931599,,,,39.87302333333333,1.793216666666666,spair,2.9217169099463516,1.793216666666666,spair
snapshots/spair_steps100_pretrainedTrue_freezeTrue_2025_12_10_19_45,spair_steps100_pretrainedTrue_freezeTrue_2025_12_10_19_45,spair,steps,100,True,True,2025_12_10_19_45,flyingthings,5000,270599.5,54.1199,5,0.14248546444791804,0.11013290819923163,0.8898670918007684,5.0,,,,,,,,,,0.15897695779631443,0.3471823294306611,0.6528176705693389,5.0,,,,,,,,,,,,,,,,,,,,,,,0.13915507316959452,1.4548342300522366,,,,,,,,,,,,,,,,,,,,,,,,,,,,,-0.19338739169977215,-1.9570838789107767,2.089384223724485,-1.5405878962789592,1.5772730691782024,0.6314477851763142,,,,53.90556,0.21433999999999997,spair,-3.879308214851508,0.21433999999999997,spair
snapshots/spair_steps100_pretrainedTrue_freezeTrue_2025_12_10_19_45,spair_steps100_pretrainedTrue_freezeTrue_2025_12_10_19_45,spair,steps,100,True,True,2025_12_10_19_45,kitti2012,5000,313304.4,62.660880000000006,5,0.24223948718078575,0.009297834789201136,0.9907021652107989,5.0,,,,,,,,,,0.16593555265149498,0.2528552217253942,0.7471447782746058,5.0,,,,,,,,,,,,,,,,,,,,,,,0.0903355549576078,1.861867155184076,,,,,,,,,,,,,,,,,,,,,,,,,,,,,-0.4548565484993051,-1.8326669626249208,4.668632394825549,-1.4153125194157863,1.5448969939974175,1.0834419005172755,,,,64.06846666666667,-1.4075866666666599,spair,-4.223952357199767,-1.4075866666666599,spair
snapshots/spair_steps100_pretrainedTrue_freezeTrue_2025_12_10_19_45,spair_steps100_pretrainedTrue_freezeTrue_2025_12_10_19_45,spair,steps,100,True,True,2025_12_10_19_45,middlebury,5000,189102.34999999998,37.82046999999999,5,0.1577234766792105,0.010815303206907146,0.9891846967930928,5.0,,,,,,,,,,0.14245122161219903,0.4501859704169543,0.5498140295830457,5.0,,,,,,,,,,,,,,,,,,,,,,,0.5621800311417203,2.174955144973882,,,,,,,,,,,,,,,,,,,,,,,,,,,,,-0.26668294416379756,-1.8862201397839156,4.515918970454523,-1.5581263047913336,1.7949230943899317,0.1999193280314531,,,,37.7005,0.11996999999999503,spair,-2.7719000635088724,0.11996999999999503,spair
snapshots/spair_steps100_pretrainedTrue_freezeTrue_2025_12_10_19_45,spair_steps100_pretrainedTrue_freezeTrue_2025_12_10_19_45,spair,steps,100,True,True,2025_12_10_19_45,pfpascal,5000,134819.8,26.963959999999997,5,0.17367439416160707,0.13108621825842523,0.8689137817415747,5.0,,,,,,,,,,0.1863228523662501,0.3008696013612009,0.6991303986387991,5.0,,,,,,,,,,,,,,,,,,,,,,,-0.05901408627011857,0.39167549576053534,,,,,,,,,,,,,,,,,,,,,,,,,,,,,0.2466581287611635,-2.1679603581507463,1.8913886434991196,-1.3421170590322498,1.878798957614601,0.8431603222918538,,,,27.819223333333337,-0.8552633333333404,spair,-0.22097529904016233,-0.8552633333333404,spair
snapshots/spair_steps100_pretrainedTrue_freezeTrue_2025_12_10_19_45,spair_steps100_pretrainedTrue_freezeTrue_2025_12_10_19_45,spair,steps,100,True,True,2025_12_10_19_45,pfwillow,5000,158016.59999999998,31.603319999999997,5,0.20695180063230878,0.09119685900423653,0.9088031409957634,5.0,,,,,,,,,,0.235660745668547,0.26731114003680717,0.7326888599631929,5.0,,,,,,,,,,,,,,,,,,,,,,,-0.22316928446655102,-0.21688551328865563,,,,,,,,,,,,,,,,,,,,,,,,,,,,,0.34552649147621356,-1.5777591153634891,2.299108048418069,-0.7345199370963107,1.870534988326996,1.0083078385266475,,,,32.30222,-0.6989000000000019,spair,7.554969258524057,-0.6989000000000019,spair
snapshots/spair_steps100_pretrainedTrue_freezeTrue_2025_12_10_19_45,spair_steps100_pretrainedTrue_freezeTrue_2025_12_10_19_45,spair,steps,100,True,True,2025_12_10_19_45,pointodyssey,5000,120705.95000000001,24.14119,5,0.17485234399871272,0.002203433021932204,0.9977965669780678,5.0,,,,,,,,,,0.07632760447046509,0.47701994446616663,0.5229800555338333,5.0,,,,,,,,,,,,,,,,,,,,,,,2.5500908039006656,2.4595334305865553,,,,,,,,,,,,,,,,,,,,,,,,,,,,,-1.2880493328415186,-1.6722145240970554,6.115532806210528,-1.6869558975967214,1.8650424189987247,0.09198502629095634,,,,24.515383333333332,-0.3741933333333307,spair,-6.055056140975385,-0.3741933333333307,spair
snapshots/spair_steps100_pretrainedTrue_freezeTrue_2025_12_10_19_45,spair_steps100_pretrainedTrue_freezeTrue_2025_12_10_19_45,spair,steps,100,True,True,2025_12_10_19_45,spair,5000,94215.84999999999,18.843169999999997,5,0.15634457368782811,0.256408856121145,0.7435911438788549,5.0,,,,,,,,,,0.25096959222398396,0.3366498224628481,0.663350177537152,5.0,,,,,,,,,,,,,,,,,,,,,,,-0.7321309534376281,-0.9171335326567509,,,,,,,,,,,,,,,,,,,,,,,,,,,,,0.5880761819134117,2.455049111017666,1.064718081280527,-0.9585099074063158,2.070337052802376,0.6782597343731446,,,,19.357693333333334,-0.5145233333333366,spair,43.89037800368649,-0.5145233333333366,spair
snapshots/spair_steps100_pretrainedTrue_freezeTrue_2025_12_10_19_45,spair_steps100_pretrainedTrue_freezeTrue_2025_12_10_19_45,spair,steps,100,True,True,2025_12_10_19_45,tss,5000,218391.84999999998,43.678369999999994,5,0.2353696531493985,0.11281569576302089,0.8871843042369791,5.0,,,,,,,,,,0.19765368820387885,0.4399131726444521,0.5600868273555479,5.0,,,,,,,,,,,,,,,,,,,,,,,-0.1775606487833755,1.1167752505845308,,,,,,,,,,,,,,,,,,,,,,,,,,,,,0.33430962381043194,-1.8872617351372454,2.062297268313479,-1.2431525307606084,1.959372115513902,0.24151444801931599,,,,43.74900333333333,-0.07063333333333333,spair,2.9217169099463516,-0.07063333333333333,spair
snapshots/spair_steps100_pretrainedTrue_freezeTrue_2025_12_12_11_46,spair_steps100_pretrainedTrue_freezeTrue_2025_12_12_11_46,spair,steps,100,True,True,2025_12_12_11_46,flyingthings,5000,256408.1,51.281620000000004,5,0.14248546444791804,0.11013290819923163,0.8898670918007684,5.0,,,,,,,,,,0.15897695779631443,0.3471823294306611,0.6528176705693389,5.0,,,,,,,,,,,,,,,,,,,,,,,0.13915507316959452,1.4548342300522366,,,,,,,,,,,,,,,,,,,,,,,,,,,,,-0.19338739169977215,-1.9570838789107767,2.089384223724485,-1.5405878962789592,1.5772730691782024,0.6314477851763142,,,,53.90556,-2.6239399999999975,spair,-3.879308214851508,-2.6239399999999975,spair
snapshots/spair_steps100_pretrainedTrue_freezeTrue_2025_12_12_11_46,spair_steps100_pretrainedTrue_freezeTrue_2025_12_12_11_46,spair,steps,100,True,True,2025_12_12_11_46,kitti2012,5000,316265.5,63.2531,5,0.24223948718078575,0.009297834789201136,0.9907021652107989,5.0,,,,,,,,,,0.16593555265149498,0.2528552217253942,0.7471447782746058,5.0,,,,,,,,,,,,,,,,,,,,,,,0.0903355549576078,1.861867155184076,,,,,,,,,,,,,,,,,,,,,,,,,,,,,-0.4548565484993051,-1.8326669626249208,4.668632394825549,-1.4153125194157863,1.5448969939974175,1.0834419005172755,,,,64.06846666666667,-0.8153666666666624,spair,-4.223952357199767,-0.8153666666666624,spair
snapshots/spair_steps100_pretrainedTrue_freezeTrue_2025_12_12_11_46,spair_steps100_pretrainedTrue_freezeTrue_2025_12_12_11_46,spair,steps,100,True,True,2025_12_12_11_46,middlebury,5000,182239.1,36.44782,5,0.1577234766792105,0.010815303206907146,0.9891846967930928,5.0,,,,,,,,,,0.14245122161219903,0.4501859704169543,0.5498140295830457,5.0,,,,,,,,,,,,,,,,,,,,,,,0.5621800311417203,2.174955144973882,,,,,,,,,,,,,,,,,,,,,,,,,,,,,-0.26668294416379756,-1.8862201397839156,4.515918970454523,-1.5581263047913336,1.7949230943899317,0.1999193280314531,,,,37.7005,-1.252679999999998,spair,-2.7719000635088724,-1.252679999999998,spair
snapshots/spair_steps100_pretrainedTrue_freezeTrue_2025_12_12_11_46,spair_steps100_pretrainedTrue_freezeTrue_2025_12_12_11_46,spair,steps,100,True,True,2025_12_12_11_46,pfpascal,5000,137927.45,27.585490000000004,5,0.17367439416160707,0.13108621825842523,0.8689137817415747,5.0,,,,,,,,,,0.1863228523662501,0.3008696013612009,0.6991303986387991,5.0,,,,,,,,,,,,,,,,,,,,,,,-0.05901408627011857,0.39167549576053534,,,,,,,,,,,,,,,,,,,,,,,,,,,,,0.2466581287611635,-2.1679603581507463,1.8913886434991196,-1.3421170590322498,1.878798957614601,0.8431603222918538,,,,27.819223333333337,-0.23373333333333335,spair,-0.22097529904016233,-0.23373333333333335,spair
snapshots/spair_steps100_pretrainedTrue_freezeTrue_2025_12_12_11_46,spair_steps100_pretrainedTrue_freezeTrue_2025_12_12_11_46,spair,steps,100,True,True,2025_12_12_11_46,pfwillow,5000,160377.85,32.07557,5,0.20695180063230878,0.09119685900423653,0.9088031409957634,5.0,,,,,,,,,,0.235660745668547,0.26731114003680717,0.7326888599631929,5.0,,,,,,,,,,,,,,,,,,,,,,,-0.22316928446655102,-0.21688551328865563,,,,,,,,,,,,,,,,,,,,,,,,,,,,,0.34552649147621356,-1.5777591153634891,2.299108048418069,-0.7345199370963107,1.870534988326996,1.0083078385266475,,,,32.30222,-0.22664999999999935,spair,7.554969258524057,-0.22664999999999935,spair
snapshots/spair_steps100_pretrainedTrue_freezeTrue_2025_12_12_11_46,spair_steps100_pretrainedTrue_freezeTrue_2025_12_12_11_46,spair,steps,100,True,True,2025_12_12_11_46,pointodyssey,5000,119452.4,23.89048,5,0.17485234399871272,0.002203433021932204,0.9977965669780678,5.0,,,,,,,,,,0.07632760447046509,0.47701994446616663,0.5229800555338333,5.0,,,,,,,,,,,,,,,,,,,,,,,2.5500908039006656,2.4595334305865553,,,,,,,,,,,,,,,,,,,,,,,,,,,,,-1.2880493328415186,-1.6722145240970554,6.115532806210528,-1.6869558975967214,1.8650424189987247,0.09198502629095634,,,,24.515383333333332,-0.6249033333333323,spair,-6.055056140975385,-0.6249033333333323,spair
snapshots/spair_steps100_pretrainedTrue_freezeTrue_2025_12_12_11_46,spair_steps100_pretrainedTrue_freezeTrue_2025_12_12_11_46,spair,steps,100,True,True,2025_12_12_11_46,spair,5000,95434.45000000001,19.086890000000004,5,0.15634457368782811,0.256408856121145,0.7435911438788549,5.0,,,,,,,,,,0.25096959222398396,0.3366498224628481,0.663350177537152,5.0,,,,,,,,,,,,,,,,,,,,,,,-0.7321309534376281,-0.9171335326567509,,,,,,,,,,,,,,,,,,,,,,,,,,,,,0.5880761819134117,2.455049111017666,1.064718081280527,-0.9585099074063158,2.070337052802376,0.6782597343731446,,,,19.357693333333334,-0.27080333333332973,spair,43.89037800368649,-0.27080333333332973,spair
snapshots/spair_steps100_pretrainedTrue_freezeTrue_2025_12_12_11_46,spair_steps100_pretrainedTrue_freezeTrue_2025_12_12_11_46,spair,steps,100,True,True,2025_12_12_11_46,tss,5000,213405.45,42.681090000000005,5,0.2353696531493985,0.11281569576302089,0.8871843042369791,5.0,,,,,,,,,,0.19765368820387885,0.4399131726444521,0.5600868273555479,5.0,,,,,,,,,,,,,,,,,,,,,,,-0.1775606487833755,1.1167752505845308,,,,,,,,,,,,,,,,,,,,,,,,,,,,,0.33430962381043194,-1.8872617351372454,2.062297268313479,-1.2431525307606084,1.959372115513902,0.24151444801931599,,,,43.74900333333333,-1.0679133333333226,spair,2.9217169099463516,-1.0679133333333226,spair
snapshots/spair_synthetic_steps100_pretrainedFalse_freezeFalse_2025_12_16_15_25,spair_synthetic_steps100_pretrainedFalse_freezeFalse_2025_12_16_15_25,spair_synthetic_50_50,steps,100,False,False,2025_12_16_15_25,flyingthings,5000,237635.7,47.52714,5,0.36864670500747404,0.244935607866333,0.755064392133667,5.0,,,,,,,,,,0.26818055053546136,0.2653481793007092,0.7346518206992908,5.0,,,,,,,,,,,,,,,,,,,,,,,-0.48092014834342767,-0.5084971539301761,,,,,,,,,,,,,,,,,,,,,,,,,,,,,0.8252091456092822,-0.47370533789313707,1.1258076822417067,0.12298402028002065,0.26298747880513185,1.0183538258915679,,,,2.08833,45.438810000000004,spair,10.469111163523129,45.438810000000004,spair_synthetic_50_50
snapshots/spair_synthetic_steps100_pretrainedFalse_freezeFalse_2025_12_16_15_25,spair_synthetic_steps100_pretrainedFalse_freezeFalse_2025_12_16_15_25,spair_synthetic_50_50,steps,100,False,False,2025_12_16_15_25,kitti2012,5000,318412.75,63.68255,5,0.4747871095250148,0.03289572191608045,0.9671042780839195,5.0,,,,,,,,,,0.28786437426807976,0.18374563517703035,0.8162543648229696,5.0,,,,,,,,,,,,,,,,,,,,,,,-0.40207973277086784,-0.6862575375902594,,,,,,,,,,,,,,,,,,,,,,,,,,,,,0.6356953717587916,-0.5312370727156666,3.380963709963758,0.432357040528118,0.4605138296252404,1.4911736443135992,,,,4.8632566666666674,58.819293333333334,spair,12.065941617029212,58.819293333333334,spair_synthetic_50_50
snapshots/spair_synthetic_steps100_pretrainedFalse_freezeFalse_2025_12_16_15_25,spair_synthetic_steps100_pretrainedFalse_freezeFalse_2025_12_16_15_25,spair_synthetic_50_50,steps,100,False,False,2025_12_16_15_25,middlebury,5000,156926.0,31.3852,5,0.41477259740830785,0.036552729566088876,0.9634472704339111,5.0,,,,,,,,,,0.2496308317968381,0.3724462432518681,0.627553756748132,5.0,,,,,,,,,,,,,,,,,,,,,,,-0.4224551153071769,-0.7906575854551257,,,,,,,,,,,,,,,,,,,,,,,,,,,,,0.809614217075401,-0.5131758802699706,3.271761895513301,0.24907316419864178,0.37945220001604624,0.5217366214735208,,,,1.9837666666666667,29.401433333333333,spair,11.245816173009453,29.401433333333333,spair_synthetic_50_50
snapshots/spair_synthetic_steps100_pretrainedFalse_freezeFalse_2025_12_16_15_25,spair_synthetic_steps100_pretrainedFalse_freezeFalse_2025_12_16_15_25,spair_synthetic_50_50,steps,100,False,False,2025_12_16_15_25,pfpascal,5000,51177.700000000004,10.23554,5,0.3607651538345918,0.22887595416279527,0.7711240458372047,5.0,,,,,,,,,,0.3088685527476456,0.2196391159918119,0.7803608840081881,5.0,,,,,,,,,,,,,,,,,,,,,,,-0.5550598571895276,-0.9156065525144238,,,,,,,,,,,,,,,,,,,,,,,,,,,,,0.8293843352175426,-0.2735891880656026,1.2146690782530536,0.4809203414096124,0.5971113510400421,1.267770666891919,,,,1.9410966666666667,8.294443333333334,spair,14.452738297838714,8.294443333333334,spair_synthetic_50_50
snapshots/spair_synthetic_steps100_pretrainedFalse_freezeFalse_2025_12_16_15_25,spair_synthetic_steps100_pretrainedFalse_freezeFalse_2025_12_16_15_25,spair_synthetic_50_50,steps,100,False,False,2025_12_16_15_25,pfwillow,5000,55450.0,11.09,5,0.35859497065260615,0.12642981838689032,0.8735701816131096,5.0,,,,,,,,,,0.3388662322305576,0.1863657677951762,0.8136342322048238,5.0,,,,,,,,,,,,,,,,,,,,,,,-0.5864606117352807,-0.9146227544643144,,,,,,,,,,,,,,,,,,,,,,,,,,,,,0.840026872333703,-0.39831444416179174,1.9329011127880948,0.8222398254747816,0.6095378314303669,1.473799682612162,,,,3.3644433333333335,7.725556666666666,spair,15.683700332015368,7.725556666666666,spair_synthetic_50_50
snapshots/spair_synthetic_steps100_pretrainedFalse_freezeFalse_2025_12_16_15_25,spair_synthetic_steps100_pretrainedFalse_freezeFalse_2025_12_16_15_25,spair_synthetic_50_50,steps,100,False,False,2025_12_16_15_25,pointodyssey,5000,165306.05000000002,33.06121,5,0.46131364811771525,0.011638222815430293,0.9883617771845697,5.0,,,,,,,,,,0.15360008854452903,0.420797510623945,0.579202489376055,5.0,,,,,,,,,,,,,,,,,,,,,,,-0.00843080678713345,-0.9874556590959359,,,,,,,,,,,,,,,,,,,,,,,,,,,,,0.6992215395286702,-0.5569398157264521,4.441754050403078,0.05484039528431988,0.49477554608648183,0.31950039342978614,,,,2.2678866666666666,30.793323333333337,spair,9.49252476799863,30.793323333333337,spair_synthetic_50_50
snapshots/spair_synthetic_steps100_pretrainedFalse_freezeFalse_2025_12_16_15_25,spair_synthetic_steps100_pretrainedFalse_freezeFalse_2025_12_16_15_25,spair_synthetic_50_50,steps,100,False,False,2025_12_16_15_25,spair,5000,14989.5,2.9979,5,0.22346210415412424,0.21454383642148298,0.785456163578517,5.0,,,,,,,,,,0.36375093940096587,0.21925529712928774,0.7807447028707123,5.0,,,,,,,,,,,,,,,,,,,,,,,-0.5433330785746667,-0.7134503054486763,,,,,,,,,,,,,,,,,,,,,,,,,,,,,0.8026385880573549,-0.11893302441332251,1.2977505660195603,0.6385411424534992,0.5464846832696152,1.270011420287256,,,,2.0635033333333332,0.9343966666666668,spair,15.49660662813915,0.9343966666666668,spair_synthetic_50_50
snapshots/spair_synthetic_steps100_pretrainedFalse_freezeFalse_2025_12_16_15_25,spair_synthetic_steps100_pretrainedFalse_freezeFalse_2025_12_16_15_25,spair_synthetic_50_50,steps,100,False,False,2025_12_16_15_25,tss,5000,108058.95000000001,21.611790000000003,5,0.37736991197766645,0.18015923659552735,0.8198407634044726,5.0,,,,,,,,,,0.3122052424118312,0.34710577011631516,0.6528942298836848,5.0,,,,,,,,,,,,,,,,,,,,,,,-0.5211856392631012,-1.1556075002714397,,,,,,,,,,,,,,,,,,,,,,,,,,,,,0.7813698531011583,-0.42855623470976156,1.5152690228576964,0.4798468730819925,0.532441134339492,0.6317855939649999,,,,3.624926666666667,17.986863333333336,spair,13.542409321836328,17.986863333333336,spair_synthetic_50_50
snapshots/spair_synthetic_steps100_pretrainedTrue_freezeFalse_2025_12_16_15_25,spair_synthetic_steps100_pretrainedTrue_freezeFalse_2025_12_16_15_25,spair_synthetic_50_50,steps,100,True,False,2025_12_16_15_25,flyingthings,5000,355394.85,71.07897,5,0.36864670500747404,0.244935607866333,0.755064392133667,5.0,,,,,,,,,,0.26818055053546136,0.2653481793007092,0.7346518206992908,5.0,,,,,,,,,,,,,,,,,,,,,,,-0.48092014834342767,-0.5084971539301761,,,,,,,,,,,,,,,,,,,,,,,,,,,,,0.8252091456092822,-0.47370533789313707,1.1258076822417067,0.12298402028002065,0.26298747880513185,1.0183538258915679,,,,48.23252,22.846449999999997,spair,10.469111163523129,22.846449999999997,spair_synthetic_50_50
snapshots/spair_synthetic_steps100_pretrainedTrue_freezeFalse_2025_12_16_15_25,spair_synthetic_steps100_pretrainedTrue_freezeFalse_2025_12_16_15_25,spair_synthetic_50_50,steps,100,True,False,2025_12_16_15_25,kitti2012,5000,384946.8,76.98935999999999,5,0.4747871095250148,0.03289572191608045,0.9671042780839195,5.0,,,,,,,,,,0.28786437426807976,0.18374563517703035,0.8162543648229696,5.0,,,,,,,,,,,,,,,,,,,,,,,-0.40207973277086784,-0.6862575375902594,,,,,,,,,,,,,,,,,,,,,,,,,,,,,0.6356953717587916,-0.5312370727156666,3.380963709963758,0.432357040528118,0.4605138296252404,1.4911736443135992,,,,59.49418666666667,17.49517333333332,spair,12.065941617029212,17.49517333333332,spair_synthetic_50_50
snapshots/spair_synthetic_steps100_pretrainedTrue_freezeFalse_2025_12_16_15_25,spair_synthetic_steps100_pretrainedTrue_freezeFalse_2025_12_16_15_25,spair_synthetic_50_50,steps,100,True,False,2025_12_16_15_25,middlebury,5000,214412.45,42.882490000000004,5,0.41477259740830785,0.036552729566088876,0.9634472704339111,5.0,,,,,,,,,,0.2496308317968381,0.3724462432518681,0.627553756748132,5.0,,,,,,,,,,,,,,,,,,,,,,,-0.4224551153071769,-0.7906575854551257,,,,,,,,,,,,,,,,,,,,,,,,,,,,,0.809614217075401,-0.5131758802699706,3.271761895513301,0.24907316419864178,0.37945220001604624,0.5217366214735208,,,,34.53024666666666,8.352243333333341,spair,11.245816173009453,8.352243333333341,spair_synthetic_50_50
snapshots/spair_synthetic_steps100_pretrainedTrue_freezeFalse_2025_12_16_15_25,spair_synthetic_steps100_pretrainedTrue_freezeFalse_2025_12_16_15_25,spair_synthetic_50_50,steps,100,True,False,2025_12_16_15_25,pfpascal,5000,192068.75,38.41375,5,0.3607651538345918,0.22887595416279527,0.7711240458372047,5.0,,,,,,,,,,0.3088685527476456,0.2196391159918119,0.7803608840081881,5.0,,,,,,,,,,,,,,,,,,,,,,,-0.5550598571895276,-0.9156065525144238,,,,,,,,,,,,,,,,,,,,,,,,,,,,,0.8293843352175426,-0.2735891880656026,1.2146690782530536,0.4809203414096124,0.5971113510400421,1.267770666891919,,,,23.19225,15.221499999999999,spair,14.452738297838714,15.221499999999999,spair_synthetic_50_50
snapshots/spair_synthetic_steps100_pretrainedTrue_freezeFalse_2025_12_16_15_25,spair_synthetic_steps100_pretrainedTrue_freezeFalse_2025_12_16_15_25,spair_synthetic_50_50,steps,100,True,False,2025_12_16_15_25,pfwillow,5000,204977.75,40.99555,5,0.35859497065260615,0.12642981838689032,0.8735701816131096,5.0,,,,,,,,,,0.3388662322305576,0.1863657677951762,0.8136342322048238,5.0,,,,,,,,,,,,,,,,,,,,,,,-0.5864606117352807,-0.9146227544643144,,,,,,,,,,,,,,,,,,,,,,,,,,,,,0.840026872333703,-0.39831444416179174,1.9329011127880948,0.8222398254747816,0.6095378314303669,1.473799682612162,,,,27.67815333333333,13.31739666666667,spair,15.683700332015368,13.31739666666667,spair_synthetic_50_50
snapshots/spair_synthetic_steps100_pretrainedTrue_freezeFalse_2025_12_16_15_25,spair_synthetic_steps100_pretrainedTrue_freezeFalse_2025_12_16_15_25,spair_synthetic_50_50,steps,100,True,False,2025_12_16_15_25,pointodyssey,5000,175975.2,35.195040000000006,5,0.46131364811771525,0.011638222815430293,0.9883617771845697,5.0,,,,,,,,,,0.15360008854452903,0.420797510623945,0.579202489376055,5.0,,,,,,,,,,,,,,,,,,,,,,,-0.00843080678713345,-0.9874556590959359,,,,,,,,,,,,,,,,,,,,,,,,,,,,,0.6992215395286702,-0.5569398157264521,4.441754050403078,0.05484039528431988,0.49477554608648183,0.31950039342978614,,,,24.839123333333333,10.355916666666673,spair,9.49252476799863,10.355916666666673,spair_synthetic_50_50
snapshots/spair_synthetic_steps100_pretrainedTrue_freezeFalse_2025_12_16_15_25,spair_synthetic_steps100_pretrainedTrue_freezeFalse_2025_12_16_15_25,spair_synthetic_50_50,steps,100,True,False,2025_12_16_15_25,spair,5000,92423.09999999999,18.48462,5,0.22346210415412424,0.21454383642148298,0.785456163578517,5.0,,,,,,,,,,0.36375093940096587,0.21925529712928774,0.7807447028707123,5.0,,,,,,,,,,,,,,,,,,,,,,,-0.5433330785746667,-0.7134503054486763,,,,,,,,,,,,,,,,,,,,,,,,,,,,,0.8026385880573549,-0.11893302441332251,1.2977505660195603,0.6385411424534992,0.5464846832696152,1.270011420287256,,,,16.234553333333334,2.2500666666666653,spair,15.49660662813915,2.2500666666666653,spair_synthetic_50_50
snapshots/spair_synthetic_steps100_pretrainedTrue_freezeFalse_2025_12_16_15_25,spair_synthetic_steps100_pretrainedTrue_freezeFalse_2025_12_16_15_25,spair_synthetic_50_50,steps,100,True,False,2025_12_16_15_25,tss,5000,262968.19999999995,52.59363999999999,5,0.37736991197766645,0.18015923659552735,0.8198407634044726,5.0,,,,,,,,,,0.3122052424118312,0.34710577011631516,0.6528942298836848,5.0,,,,,,,,,,,,,,,,,,,,,,,-0.5211856392631012,-1.1556075002714397,,,,,,,,,,,,,,,,,,,,,,,,,,,,,0.7813698531011583,-0.42855623470976156,1.5152690228576964,0.4798468730819925,0.532441134339492,0.6317855939649999,,,,39.87302333333333,12.720616666666665,spair,13.542409321836328,12.720616666666665,spair_synthetic_50_50
snapshots/spair_synthetic_steps100_pretrainedTrue_freezeTrue_2025_12_16_15_25,spair_synthetic_steps100_pretrainedTrue_freezeTrue_2025_12_16_15_25,spair_synthetic_50_50,steps,100,True,True,2025_12_16_15_25,flyingthings,5000,354598.9,70.91978,5,0.36864670500747404,0.244935607866333,0.755064392133667,5.0,,,,,,,,,,0.26818055053546136,0.2653481793007092,0.7346518206992908,5.0,,,,,,,,,,,,,,,,,,,,,,,-0.48092014834342767,-0.5084971539301761,,,,,,,,,,,,,,,,,,,,,,,,,,,,,0.8252091456092822,-0.47370533789313707,1.1258076822417067,0.12298402028002065,0.26298747880513185,1.0183538258915679,,,,53.90556,17.01422,spair,10.469111163523129,17.01422,spair_synthetic_50_50
snapshots/spair_synthetic_steps100_pretrainedTrue_freezeTrue_2025_12_16_15_25,spair_synthetic_steps100_pretrainedTrue_freezeTrue_2025_12_16_15_25,spair_synthetic_50_50,steps,100,True,True,2025_12_16_15_25,kitti2012,5000,385342.54999999993,77.06850999999999,5,0.4747871095250148,0.03289572191608045,0.9671042780839195,5.0,,,,,,,,,,0.28786437426807976,0.18374563517703035,0.8162543648229696,5.0,,,,,,,,,,,,,,,,,,,,,,,-0.40207973277086784,-0.6862575375902594,,,,,,,,,,,,,,,,,,,,,,,,,,,,,0.6356953717587916,-0.5312370727156666,3.380963709963758,0.432357040528118,0.4605138296252404,1.4911736443135992,,,,64.06846666666667,13.000043333333323,spair,12.065941617029212,13.000043333333323,spair_synthetic_50_50
snapshots/spair_synthetic_steps100_pretrainedTrue_freezeTrue_2025_12_16_15_25,spair_synthetic_steps100_pretrainedTrue_freezeTrue_2025_12_16_15_25,spair_synthetic_50_50,steps,100,True,True,2025_12_16_15_25,middlebury,5000,213720.85,42.744170000000004,5,0.41477259740830785,0.036552729566088876,0.9634472704339111,5.0,,,,,,,,,,0.2496308317968381,0.3724462432518681,0.627553756748132,5.0,,,,,,,,,,,,,,,,,,,,,,,-0.4224551153071769,-0.7906575854551257,,,,,,,,,,,,,,,,,,,,,,,,,,,,,0.809614217075401,-0.5131758802699706,3.271761895513301,0.24907316419864178,0.37945220001604624,0.5217366214735208,,,,37.7005,5.043670000000006,spair,11.245816173009453,5.043670000000006,spair_synthetic_50_50
snapshots/spair_synthetic_steps100_pretrainedTrue_freezeTrue_2025_12_16_15_25,spair_synthetic_steps100_pretrainedTrue_freezeTrue_2025_12_16_15_25,spair_synthetic_50_50,steps,100,True,True,2025_12_16_15_25,pfpascal,5000,197630.2,39.52604,5,0.3607651538345918,0.22887595416279527,0.7711240458372047,5.0,,,,,,,,,,0.3088685527476456,0.2196391159918119,0.7803608840081881,5.0,,,,,,,,,,,,,,,,,,,,,,,-0.5550598571895276,-0.9156065525144238,,,,,,,,,,,,,,,,,,,,,,,,,,,,,0.8293843352175426,-0.2735891880656026,1.2146690782530536,0.4809203414096124,0.5971113510400421,1.267770666891919,,,,27.819223333333337,11.706816666666665,spair,14.452738297838714,11.706816666666665,spair_synthetic_50_50
snapshots/spair_synthetic_steps100_pretrainedTrue_freezeTrue_2025_12_16_15_25,spair_synthetic_steps100_pretrainedTrue_freezeTrue_2025_12_16_15_25,spair_synthetic_50_50,steps,100,True,True,2025_12_16_15_25,pfwillow,5000,207055.55,41.41111,5,0.35859497065260615,0.12642981838689032,0.8735701816131096,5.0,,,,,,,,,,0.3388662322305576,0.1863657677951762,0.8136342322048238,5.0,,,,,,,,,,,,,,,,,,,,,,,-0.5864606117352807,-0.9146227544643144,,,,,,,,,,,,,,,,,,,,,,,,,,,,,0.840026872333703,-0.39831444416179174,1.9329011127880948,0.8222398254747816,0.6095378314303669,1.473799682612162,,,,32.30222,9.108890000000002,spair,15.683700332015368,9.108890000000002,spair_synthetic_50_50
snapshots/spair_synthetic_steps100_pretrainedTrue_freezeTrue_2025_12_16_15_25,spair_synthetic_steps100_pretrainedTrue_freezeTrue_2025_12_16_15_25,spair_synthetic_50_50,steps,100,True,True,2025_12_16_15_25,pointodyssey,5000,183762.59999999998,36.75252,5,0.46131364811771525,0.011638222815430293,0.9883617771845697,5.0,,,,,,,,,,0.15360008854452903,0.420797510623945,0.579202489376055,5.0,,,,,,,,,,,,,,,,,,,,,,,-0.00843080678713345,-0.9874556590959359,,,,,,,,,,,,,,,,,,,,,,,,,,,,,0.6992215395286702,-0.5569398157264521,4.441754050403078,0.05484039528431988,0.49477554608648183,0.31950039342978614,,,,24.515383333333332,12.237136666666665,spair,9.49252476799863,12.237136666666665,spair_synthetic_50_50
snapshots/spair_synthetic_steps100_pretrainedTrue_freezeTrue_2025_12_16_15_25,spair_synthetic_steps100_pretrainedTrue_freezeTrue_2025_12_16_15_25,spair_synthetic_50_50,steps,100,True,True,2025_12_16_15_25,spair,5000,94650.95,18.93019,5,0.22346210415412424,0.21454383642148298,0.785456163578517,5.0,,,,,,,,,,0.36375093940096587,0.21925529712928774,0.7807447028707123,5.0,,,,,,,,,,,,,,,,,,,,,,,-0.5433330785746667,-0.7134503054486763,,,,,,,,,,,,,,,,,,,,,,,,,,,,,0.8026385880573549,-0.11893302441332251,1.2977505660195603,0.6385411424534992,0.5464846832696152,1.270011420287256,,,,19.357693333333334,-0.427503333333334,spair,15.49660662813915,-0.427503333333334,spair_synthetic_50_50
snapshots/spair_synthetic_steps100_pretrainedTrue_freezeTrue_2025_12_16_15_25,spair_synthetic_steps100_pretrainedTrue_freezeTrue_2025_12_16_15_25,spair_synthetic_50_50,steps,100,True,True,2025_12_16_15_25,tss,5000,258845.55,51.76911,5,0.37736991197766645,0.18015923659552735,0.8198407634044726,5.0,,,,,,,,,,0.3122052424118312,0.34710577011631516,0.6528942298836848,5.0,,,,,,,,,,,,,,,,,,,,,,,-0.5211856392631012,-1.1556075002714397,,,,,,,,,,,,,,,,,,,,,,,,,,,,,0.7813698531011583,-0.42855623470976156,1.5152690228576964,0.4798468730819925,0.532441134339492,0.6317855939649999,,,,43.74900333333333,8.02010666666667,spair,13.542409321836328,8.02010666666667,spair_synthetic_50_50
snapshots/spair_synthetic_70_30_steps100_pretrainedFalse_freezeFalse_2025_12_17_03_25,spair_synthetic_70_30_steps100_pretrainedFalse_freezeFalse_2025_12_17_03_25,spair_synthetic_70_30,steps,100,False,False,2025_12_17_03_25,flyingthings,5000,207742.25,41.54845,5,0.35368481372801003,0.2446216683157943,0.7553783316842058,5.0,,,,,,,,,,0.2777496723251684,0.28470948088974823,0.7152905191102518,5.0,,,,,,,,,,,,,,,,,,,,,,,-0.4802892159077751,-0.7441924407147474,,,,,,,,,,,,,,,,,,,,,,,,,,,,,0.7726456133411201,-0.47631968996080787,1.1275059192418568,0.24416549944985091,0.5929442394183317,0.9212194855387638,,,,2.08833,39.46012,spair,13.164513847762882,39.46012,spair_synthetic_70_30
snapshots/spair_synthetic_70_30_steps100_pretrainedFalse_freezeFalse_2025_12_17_03_25,spair_synthetic_70_30_steps100_pretrainedFalse_freezeFalse_2025_12_17_03_25,spair_synthetic_70_30,steps,100,False,False,2025_12_17_03_25,kitti2012,5000,278466.45,55.693290000000005,5,0.4735697052877318,0.03177388222400153,0.9682261177759984,5.0,,,,,,,,,,0.3006026155663116,0.20431498626887806,0.795685013731122,5.0,,,,,,,,,,,,,,,,,,,,,,,-0.3906403323310697,-0.891017577327018,,,,,,,,,,,,,,,,,,,,,,,,,,,,,0.6305729505790588,-0.5674775808224098,3.416821014129245,0.592249223488087,0.810598711055764,1.359540542775142,,,,4.8632566666666674,50.83003333333334,spair,14.971475242373804,50.83003333333334,spair_synthetic_70_30
snapshots/spair_synthetic_70_30_steps100_pretrainedFalse_freezeFalse_2025_12_17_03_25,spair_synthetic_70_30_steps100_pretrainedFalse_freezeFalse_2025_12_17_03_25,spair_synthetic_70_30,steps,100,False,False,2025_12_17_03_25,middlebury,5000,137988.0,27.5976,5,0.40764919677311295,0.036450526485986456,0.9635494735140135,5.0,,,,,,,,,,0.26080358214796506,0.3933591064815939,0.6066408935184061,5.0,,,,,,,,,,,,,,,,,,,,,,,-0.3992993272602856,-0.9356886416747152,,,,,,,,,,,,,,,,,,,,,,,,,,,,,0.7858224140282155,-0.5163829644592934,3.2746679318310905,0.4020446305326632,0.7688070231227961,0.43321405569073607,,,,1.9837666666666667,25.613833333333332,spair,14.356634339446037,25.613833333333332,spair_synthetic_70_30
snapshots/spair_synthetic_70_30_steps100_pretrainedFalse_freezeFalse_2025_12_17_03_25,spair_synthetic_70_30_steps100_pretrainedFalse_freezeFalse_2025_12_17_03_25,spair_synthetic_70_30,steps,100,False,False,2025_12_17_03_25,pfpascal,5000,46338.0,9.2676,5,0.3406910353698698,0.23004017278427275,0.7699598272157273,5.0,,,,,,,,,,0.32294240102862326,0.2424278784192347,0.7575721215807654,5.0,,,,,,,,,,,,,,,,,,,,,,,-0.5546338047335683,-1.4329934572390095,,,,,,,,,,,,,,,,,,,,,,,,,,,,,0.7773678840062493,-0.25515635809698134,1.20808438308898,0.6584939045084283,0.9845548725418986,1.1394144852965906,,,,1.9410966666666667,7.326503333333333,spair,18.05133791859464,7.326503333333333,spair_synthetic_70_30
snapshots/spair_synthetic_70_30_steps100_pretrainedFalse_freezeFalse_2025_12_17_03_25,spair_synthetic_70_30_steps100_pretrainedFalse_freezeFalse_2025_12_17_03_25,spair_synthetic_70_30,steps,100,False,False,2025_12_17_03_25,pfwillow,5000,47733.299999999996,9.54666,5,0.34351345390124244,0.12682116656755085,0.8731788334324492,5.0,,,,,,,,,,0.35247055619611634,0.20826734713967637,0.7917326528603237,5.0,,,,,,,,,,,,,,,,,,,,,,,-0.5785751689407352,-1.4415510659347435,,,,,,,,,,,,,,,,,,,,,,,,,,,,,0.7970570151443015,-0.38691738059481223,1.9293624273152186,1.00648263588969,0.9844533055786321,1.3354011981405771,,,,3.3644433333333335,6.182216666666665,spair,19.308105541479815,6.182216666666665,spair_synthetic_70_30
snapshots/spair_synthetic_70_30_steps100_pretrainedFalse_freezeFalse_2025_12_17_03_25,spair_synthetic_70_30_steps100_pretrainedFalse_freezeFalse_2025_12_17_03_25,spair_synthetic_70_30,steps,100,False,False,2025_12_17_03_25,pointodyssey,5000,103307.35,20.66147,5,0.4446765370204937,0.011357379793307965,0.988642620206692,5.0,,,,,,,,,,0.16116633710853606,0.4399515645832995,0.5600484354167006,5.0,,,,,,,,,,,,,,,,,,,,,,,0.027970175572148658,-1.1198081555699664,,,,,,,,,,,,,,,,,,,,,,,,,,,,,0.6036714859349888,-0.5734053696938884,4.466465176932214,0.18118610978410496,0.9654033950385148,0.24135863144402683,,,,2.2678866666666666,18.393583333333336,spair,12.638935125084094,18.393583333333336,spair_synthetic_70_30
snapshots/spair_synthetic_70_30_steps100_pretrainedFalse_freezeFalse_2025_12_17_03_25,spair_synthetic_70_30_steps100_pretrainedFalse_freezeFalse_2025_12_17_03_25,spair_synthetic_70_30,steps,100,False,False,2025_12_17_03_25,spair,5000,13942.25,2.78845,5,0.2115361252673823,0.21496286981671772,0.7850371301832823,5.0,,,,,,,,,,0.37706733889971333,0.24211849159439708,0.757881508405603,5.0,,,,,,,,,,,,,,,,,,,,,,,-0.5521072283088915,-1.226293084780893,,,,,,,,,,,,,,,,,,,,,,,,,,,,,0.7684672084185327,-0.09148622145025885,1.2952657015736948,0.8092255115663836,0.8784520707375479,1.1410998110459458,,,,2.0635033333333332,0.7249466666666669,spair,18.86338339129481,0.7249466666666669,spair_synthetic_70_30
snapshots/spair_synthetic_70_30_steps100_pretrainedFalse_freezeFalse_2025_12_17_03_25,spair_synthetic_70_30_steps100_pretrainedFalse_freezeFalse_2025_12_17_03_25,spair_synthetic_70_30,steps,100,False,False,2025_12_17_03_25,tss,5000,95388.6,19.077720000000003,5,0.36714246507410053,0.18104083092359455,0.8189591690764054,5.0,,,,,,,,,,0.3257142258519732,0.37265775157745673,0.6273422484225433,5.0,,,,,,,,,,,,,,,,,,,,,,,-0.5260409814024268,-1.5908228438391763,,,,,,,,,,,,,,,,,,,,,,,,,,,,,0.752488679142378,-0.41267026969201137,1.5093116369641864,0.6551819009535779,0.9381165411776105,0.5208318001253083,,,,3.624926666666667,15.452793333333336,spair,17.259427346436716,15.452793333333336,spair_synthetic_70_30
snapshots/spair_synthetic_70_30_steps100_pretrainedTrue_freezeFalse_2025_12_17_03_25,spair_synthetic_70_30_steps100_pretrainedTrue_freezeFalse_2025_12_17_03_25,spair_synthetic_70_30,steps,100,True,False,2025_12_17_03_25,flyingthings,5000,346451.15,69.29023000000001,5,0.35368481372801003,0.2446216683157943,0.7553783316842058,5.0,,,,,,,,,,0.2777496723251684,0.28470948088974823,0.7152905191102518,5.0,,,,,,,,,,,,,,,,,,,,,,,-0.4802892159077751,-0.7441924407147474,,,,,,,,,,,,,,,,,,,,,,,,,,,,,0.7726456133411201,-0.47631968996080787,1.1275059192418568,0.24416549944985091,0.5929442394183317,0.9212194855387638,,,,48.23252,21.057710000000007,spair,13.164513847762882,21.057710000000007,spair_synthetic_70_30
snapshots/spair_synthetic_70_30_steps100_pretrainedTrue_freezeFalse_2025_12_17_03_25,spair_synthetic_70_30_steps100_pretrainedTrue_freezeFalse_2025_12_17_03_25,spair_synthetic_70_30,steps,100,True,False,2025_12_17_03_25,kitti2012,5000,374041.25000000006,74.80825000000002,5,0.4735697052877318,0.03177388222400153,0.9682261177759984,5.0,,,,,,,,,,0.3006026155663116,0.20431498626887806,0.795685013731122,5.0,,,,,,,,,,,,,,,,,,,,,,,-0.3906403323310697,-0.891017577327018,,,,,,,,,,,,,,,,,,,,,,,,,,,,,0.6305729505790588,-0.5674775808224098,3.416821014129245,0.592249223488087,0.810598711055764,1.359540542775142,,,,59.49418666666667,15.314063333333344,spair,14.971475242373804,15.314063333333344,spair_synthetic_70_30
snapshots/spair_synthetic_70_30_steps100_pretrainedTrue_freezeFalse_2025_12_17_03_25,spair_synthetic_70_30_steps100_pretrainedTrue_freezeFalse_2025_12_17_03_25,spair_synthetic_70_30,steps,100,True,False,2025_12_17_03_25,middlebury,5000,211015.5,42.2031,5,0.40764919677311295,0.036450526485986456,0.9635494735140135,5.0,,,,,,,,,,0.26080358214796506,0.3933591064815939,0.6066408935184061,5.0,,,,,,,,,,,,,,,,,,,,,,,-0.3992993272602856,-0.9356886416747152,,,,,,,,,,,,,,,,,,,,,,,,,,,,,0.7858224140282155,-0.5163829644592934,3.2746679318310905,0.4020446305326632,0.7688070231227961,0.43321405569073607,,,,34.53024666666666,7.672853333333336,spair,14.356634339446037,7.672853333333336,spair_synthetic_70_30
snapshots/spair_synthetic_70_30_steps100_pretrainedTrue_freezeFalse_2025_12_17_03_25,spair_synthetic_70_30_steps100_pretrainedTrue_freezeFalse_2025_12_17_03_25,spair_synthetic_70_30,steps,100,True,False,2025_12_17_03_25,pfpascal,5000,173619.35,34.72387,5,0.3406910353698698,0.23004017278427275,0.7699598272157273,5.0,,,,,,,,,,0.32294240102862326,0.2424278784192347,0.7575721215807654,5.0,,,,,,,,,,,,,,,,,,,,,,,-0.5546338047335683,-1.4329934572390095,,,,,,,,,,,,,,,,,,,,,,,,,,,,,0.7773678840062493,-0.25515635809698134,1.20808438308898,0.6584939045084283,0.9845548725418986,1.1394144852965906,,,,23.19225,11.531619999999997,spair,18.05133791859464,11.531619999999997,spair_synthetic_70_30
snapshots/spair_synthetic_70_30_steps100_pretrainedTrue_freezeFalse_2025_12_17_03_25,spair_synthetic_70_30_steps100_pretrainedTrue_freezeFalse_2025_12_17_03_25,spair_synthetic_70_30,steps,100,True,False,2025_12_17_03_25,pfwillow,5000,190605.5,38.1211,5,0.34351345390124244,0.12682116656755085,0.8731788334324492,5.0,,,,,,,,,,0.35247055619611634,0.20826734713967637,0.7917326528603237,5.0,,,,,,,,,,,,,,,,,,,,,,,-0.5785751689407352,-1.4415510659347435,,,,,,,,,,,,,,,,,,,,,,,,,,,,,0.7970570151443015,-0.38691738059481223,1.9293624273152186,1.00648263588969,0.9844533055786321,1.3354011981405771,,,,27.67815333333333,10.442946666666668,spair,19.308105541479815,10.442946666666668,spair_synthetic_70_30
snapshots/spair_synthetic_70_30_steps100_pretrainedTrue_freezeFalse_2025_12_17_03_25,spair_synthetic_70_30_steps100_pretrainedTrue_freezeFalse_2025_12_17_03_25,spair_synthetic_70_30,steps,100,True,False,2025_12_17_03_25,pointodyssey,5000,191502.3,38.30046,5,0.4446765370204937,0.011357379793307965,0.988642620206692,5.0,,,,,,,,,,0.16116633710853606,0.4399515645832995,0.5600484354167006,5.0,,,,,,,,,,,,,,,,,,,,,,,0.027970175572148658,-1.1198081555699664,,,,,,,,,,,,,,,,,,,,,,,,,,,,,0.6036714859349888,-0.5734053696938884,4.466465176932214,0.18118610978410496,0.9654033950385148,0.24135863144402683,,,,24.839123333333333,13.461336666666668,spair,12.638935125084094,13.461336666666668,spair_synthetic_70_30
snapshots/spair_synthetic_70_30_steps100_pretrainedTrue_freezeFalse_2025_12_17_03_25,spair_synthetic_70_30_steps100_pretrainedTrue_freezeFalse_2025_12_17_03_25,spair_synthetic_70_30,steps,100,True,False,2025_12_17_03_25,spair,5000,85958.7,17.19174,5,0.2115361252673823,0.21496286981671772,0.7850371301832823,5.0,,,,,,,,,,0.37706733889971333,0.24211849159439708,0.757881508405603,5.0,,,,,,,,,,,,,,,,,,,,,,,-0.5521072283088915,-1.226293084780893,,,,,,,,,,,,,,,,,,,,,,,,,,,,,0.7684672084185327,-0.09148622145025885,1.2952657015736948,0.8092255115663836,0.8784520707375479,1.1410998110459458,,,,16.234553333333334,0.9571866666666651,spair,18.86338339129481,0.9571866666666651,spair_synthetic_70_30
snapshots/spair_synthetic_70_30_steps100_pretrainedTrue_freezeFalse_2025_12_17_03_25,spair_synthetic_70_30_steps100_pretrainedTrue_freezeFalse_2025_12_17_03_25,spair_synthetic_70_30,steps,100,True,False,2025_12_17_03_25,tss,5000,255648.3,51.12966,5,0.36714246507410053,0.18104083092359455,0.8189591690764054,5.0,,,,,,,,,,0.3257142258519732,0.37265775157745673,0.6273422484225433,5.0,,,,,,,,,,,,,,,,,,,,,,,-0.5260409814024268,-1.5908228438391763,,,,,,,,,,,,,,,,,,,,,,,,,,,,,0.752488679142378,-0.41267026969201137,1.5093116369641864,0.6551819009535779,0.9381165411776105,0.5208318001253083,,,,39.87302333333333,11.256636666666672,spair,17.259427346436716,11.256636666666672,spair_synthetic_70_30
snapshots/spair_synthetic_70_30_steps100_pretrainedTrue_freezeTrue_2025_12_16_15_25,spair_synthetic_70_30_steps100_pretrainedTrue_freezeTrue_2025_12_16_15_25,spair_synthetic_70_30,steps,100,True,True,2025_12_16_15_25,flyingthings,5000,345773.9,69.15478,5,0.35368481372801003,0.2446216683157943,0.7553783316842058,5.0,,,,,,,,,,0.2777496723251684,0.28470948088974823,0.7152905191102518,5.0,,,,,,,,,,,,,,,,,,,,,,,-0.4802892159077751,-0.7441924407147474,,,,,,,,,,,,,,,,,,,,,,,,,,,,,0.7726456133411201,-0.47631968996080787,1.1275059192418568,0.24416549944985091,0.5929442394183317,0.9212194855387638,,,,53.90556,15.249220000000001,spair,13.164513847762882,15.249220000000001,spair_synthetic_70_30
snapshots/spair_synthetic_70_30_steps100_pretrainedTrue_freezeTrue_2025_12_16_15_25,spair_synthetic_70_30_steps100_pretrainedTrue_freezeTrue_2025_12_16_15_25,spair_synthetic_70_30,steps,100,True,True,2025_12_16_15_25,kitti2012,5000,376791.6,75.35831999999999,5,0.4735697052877318,0.03177388222400153,0.9682261177759984,5.0,,,,,,,,,,0.3006026155663116,0.20431498626887806,0.795685013731122,5.0,,,,,,,,,,,,,,,,,,,,,,,-0.3906403323310697,-0.891017577327018,,,,,,,,,,,,,,,,,,,,,,,,,,,,,0.6305729505790588,-0.5674775808224098,3.416821014129245,0.592249223488087,0.810598711055764,1.359540542775142,,,,64.06846666666667,11.289853333333326,spair,14.971475242373804,11.289853333333326,spair_synthetic_70_30
snapshots/spair_synthetic_70_30_steps100_pretrainedTrue_freezeTrue_2025_12_16_15_25,spair_synthetic_70_30_steps100_pretrainedTrue_freezeTrue_2025_12_16_15_25,spair_synthetic_70_30,steps,100,True,True,2025_12_16_15_25,middlebury,5000,210866.35,42.17327,5,0.40764919677311295,0.036450526485986456,0.9635494735140135,5.0,,,,,,,,,,0.26080358214796506,0.3933591064815939,0.6066408935184061,5.0,,,,,,,,,,,,,,,,,,,,,,,-0.3992993272602856,-0.9356886416747152,,,,,,,,,,,,,,,,,,,,,,,,,,,,,0.7858224140282155,-0.5163829644592934,3.2746679318310905,0.4020446305326632,0.7688070231227961,0.43321405569073607,,,,37.7005,4.472770000000004,spair,14.356634339446037,4.472770000000004,spair_synthetic_70_30
snapshots/spair_synthetic_70_30_steps100_pretrainedTrue_freezeTrue_2025_12_16_15_25,spair_synthetic_70_30_steps100_pretrainedTrue_freezeTrue_2025_12_16_15_25,spair_synthetic_70_30,steps,100,True,True,2025_12_16_15_25,pfpascal,5000,198944.44999999998,39.788889999999995,5,0.3406910353698698,0.23004017278427275,0.7699598272157273,5.0,,,,,,,,,,0.32294240102862326,0.2424278784192347,0.7575721215807654,5.0,,,,,,,,,,,,,,,,,,,,,,,-0.5546338047335683,-1.4329934572390095,,,,,,,,,,,,,,,,,,,,,,,,,,,,,0.7773678840062493,-0.25515635809698134,1.20808438308898,0.6584939045084283,0.9845548725418986,1.1394144852965906,,,,27.819223333333337,11.969666666666658,spair,18.05133791859464,11.969666666666658,spair_synthetic_70_30
snapshots/spair_synthetic_70_30_steps100_pretrainedTrue_freezeTrue_2025_12_16_15_25,spair_synthetic_70_30_steps100_pretrainedTrue_freezeTrue_2025_12_16_15_25,spair_synthetic_70_30,steps,100,True,True,2025_12_16_15_25,pfwillow,5000,203761.15,40.75223,5,0.34351345390124244,0.12682116656755085,0.8731788334324492,5.0,,,,,,,,,,0.35247055619611634,0.20826734713967637,0.7917326528603237,5.0,,,,,,,,,,,,,,,,,,,,,,,-0.5785751689407352,-1.4415510659347435,,,,,,,,,,,,,,,,,,,,,,,,,,,,,0.7970570151443015,-0.38691738059481223,1.9293624273152186,1.00648263588969,0.9844533055786321,1.3354011981405771,,,,32.30222,8.450009999999999,spair,19.308105541479815,8.450009999999999,spair_synthetic_70_30
snapshots/spair_synthetic_70_30_steps100_pretrainedTrue_freezeTrue_2025_12_16_15_25,spair_synthetic_70_30_steps100_pretrainedTrue_freezeTrue_2025_12_16_15_25,spair_synthetic_70_30,steps,100,True,True,2025_12_16_15_25,pointodyssey,5000,187506.9,37.50138,5,0.4446765370204937,0.011357379793307965,0.988642620206692,5.0,,,,,,,,,,0.16116633710853606,0.4399515645832995,0.5600484354167006,5.0,,,,,,,,,,,,,,,,,,,,,,,0.027970175572148658,-1.1198081555699664,,,,,,,,,,,,,,,,,,,,,,,,,,,,,0.6036714859349888,-0.5734053696938884,4.466465176932214,0.18118610978410496,0.9654033950385148,0.24135863144402683,,,,24.515383333333332,12.985996666666665,spair,12.638935125084094,12.985996666666665,spair_synthetic_70_30
snapshots/spair_synthetic_70_30_steps100_pretrainedTrue_freezeTrue_2025_12_16_15_25,spair_synthetic_70_30_steps100_pretrainedTrue_freezeTrue_2025_12_16_15_25,spair_synthetic_70_30,steps,100,True,True,2025_12_16_15_25,spair,5000,105941.95,21.18839,5,0.2115361252673823,0.21496286981671772,0.7850371301832823,5.0,,,,,,,,,,0.37706733889971333,0.24211849159439708,0.757881508405603,5.0,,,,,,,,,,,,,,,,,,,,,,,-0.5521072283088915,-1.226293084780893,,,,,,,,,,,,,,,,,,,,,,,,,,,,,0.7684672084185327,-0.09148622145025885,1.2952657015736948,0.8092255115663836,0.8784520707375479,1.1410998110459458,,,,19.357693333333334,1.8306966666666646,spair,18.86338339129481,1.8306966666666646,spair_synthetic_70_30
snapshots/spair_synthetic_70_30_steps100_pretrainedTrue_freezeTrue_2025_12_16_15_25,spair_synthetic_70_30_steps100_pretrainedTrue_freezeTrue_2025_12_16_15_25,spair_synthetic_70_30,steps,100,True,True,2025_12_16_15_25,tss,5000,258315.44999999998,51.66309,5,0.36714246507410053,0.18104083092359455,0.8189591690764054,5.0,,,,,,,,,,0.3257142258519732,0.37265775157745673,0.6273422484225433,5.0,,,,,,,,,,,,,,,,,,,,,,,-0.5260409814024268,-1.5908228438391763,,,,,,,,,,,,,,,,,,,,,,,,,,,,,0.752488679142378,-0.41267026969201137,1.5093116369641864,0.6551819009535779,0.9381165411776105,0.5208318001253083,,,,43.74900333333333,7.91408666666667,spair,17.259427346436716,7.91408666666667,spair_synthetic_70_30
snapshots/synthetic_logsteps100_pretrainedFalse_freezeFalse_2025_12_10_12_22,synthetic_logsteps100_pretrainedFalse_freezeFalse_2025_12_10_12_22,synthetic,logsteps,100,False,False,2025_12_10_12_22,flyingthings,5000,108065.15,21.61303,3,0.3887234331271549,0.24165226079032764,0.7583477392096724,5.0,,,,,,,,,,0.19842097280342846,0.19214681375361753,0.8078531862463825,5.0,,,,,,,,,,,,,,,,,,,,,,,-0.47996770660793486,0.9463299635335501,,,,,,,,,,,,,,,,,,,,,,,,,,,,,0.8943805269403101,-0.5011608294786528,1.1436422854095074,-0.8629143951694394,-1.1561293164956354,1.4361206070266197,,,,2.08833,19.5247,spair,0.6201139946141279,19.5247,synthetic
snapshots/synthetic_logsteps100_pretrainedFalse_freezeFalse_2025_12_10_12_22,synthetic_logsteps100_pretrainedFalse_freezeFalse_2025_12_10_12_22,synthetic,logsteps,100,False,False,2025_12_10_12_22,kitti2012,5000,124711.95,24.94239,3,0.5203726518529079,0.031169905177188713,0.9688300948228112,5.0,,,,,,,,,,0.1871444501750091,0.10946487188175855,0.8905351281182414,5.0,,,,,,,,,,,,,,,,,,,,,,,-0.391328186450426,0.6307472205601041,,,,,,,,,,,,,,,,,,,,,,,,,,,,,0.8271292835487366,-0.5875045340527912,3.4366362041198113,-1.0346964660206988,-1.1486344689684407,2.0962188565309527,,,,4.8632566666666674,20.07913333333333,spair,-1.105542406566221,20.07913333333333,synthetic
snapshots/synthetic_logsteps100_pretrainedFalse_freezeFalse_2025_12_10_12_22,synthetic_logsteps100_pretrainedFalse_freezeFalse_2025_12_10_12_22,synthetic,logsteps,100,False,False,2025_12_10_12_22,middlebury,5000,68361.59999999999,13.67232,3,0.4466338328003947,0.0343143602757759,0.965685639724224,5.0,,,,,,,,,,0.18012557786284678,0.2982929854977204,0.7017070145022797,5.0,,,,,,,,,,,,,,,,,,,,,,,-0.4097989713487936,0.5230344259275743,,,,,,,,,,,,,,,,,,,,,,,,,,,,,0.9147288588769509,-0.5854751113459327,3.337274423046689,-0.830606855241581,-1.0882971135801134,0.8554397823300391,,,,1.9837666666666667,11.688553333333333,spair,0.3622934680290524,11.688553333333333,synthetic
snapshots/synthetic_logsteps100_pretrainedFalse_freezeFalse_2025_12_10_12_22,synthetic_logsteps100_pretrainedFalse_freezeFalse_2025_12_10_12_22,synthetic,logsteps,100,False,False,2025_12_10_12_22,pfpascal,5000,10291.75,2.05835,3,0.3785796296032772,0.2284647604884784,0.7715352395115216,5.0,,,,,,,,,,0.21161235437928508,0.13800787346141738,0.8619921265385826,5.0,,,,,,,,,,,,,,,,,,,,,,,-0.553989063143939,1.2756904329306922,,,,,,,,,,,,,,,,,,,,,,,,,,,,,0.8744935886904506,-0.2801152767024394,1.2170003699950407,-0.9090362349654999,-1.10582159561376,1.831935399078093,,,,1.9410966666666667,0.11725333333333321,spair,1.8087904831786163,0.11725333333333321,synthetic
snapshots/synthetic_logsteps100_pretrainedFalse_freezeFalse_2025_12_10_12_22,synthetic_logsteps100_pretrainedFalse_freezeFalse_2025_12_10_12_22,synthetic,logsteps,100,False,False,2025_12_10_12_22,pfwillow,5000,15783.3,3.15666,3,0.37303527910389916,0.1254768631715489,0.8745231368284511,5.0,,,,,,,,,,0.22166907499491065,0.10703003507019515,0.8929699649298048,5.0,,,,,,,,,,,,,,,,,,,,,,,-0.5839380433073343,1.2823247573403067,,,,,,,,,,,,,,,,,,,,,,,,,,,,,0.8804279402564409,-0.4261936890318544,1.9415573669395858,-0.9775518501067236,-1.1449009614718952,2.1214434497504775,,,,3.3644433333333335,-0.20778333333333343,spair,0.7649803433804648,-0.20778333333333343,synthetic
snapshots/synthetic_logsteps100_pretrainedFalse_freezeFalse_2025_12_10_12_22,synthetic_logsteps100_pretrainedFalse_freezeFalse_2025_12_10_12_22,synthetic,logsteps,100,False,False,2025_12_10_12_22,pointodyssey,5000,68571.9,13.714379999999998,3,0.4912138413772169,0.010175694422755902,0.9898243055772441,5.0,,,,,,,,,,0.11988614315060553,0.35932962604398555,0.6406703739560144,5.0,,,,,,,,,,,,,,,,,,,,,,,-0.0017835520249656826,0.16795789234932176,,,,,,,,,,,,,,,,,,,,,,,,,,,,,0.8698457429746613,-0.64740723413836,4.577525481328662,-0.5803171243769296,-1.0637573816032972,0.5782749418414258,,,,2.2678866666666666,11.446493333333333,spair,0.26466902600167114,11.446493333333333,synthetic
snapshots/synthetic_logsteps100_pretrainedFalse_freezeFalse_2025_12_10_12_22,synthetic_logsteps100_pretrainedFalse_freezeFalse_2025_12_10_12_22,synthetic,logsteps,100,False,False,2025_12_10_12_22,spair,5000,6568.549999999999,1.31371,3,0.23179232479557202,0.21434965011751103,0.7856503498824889,5.0,,,,,,,,,,0.242875389943555,0.13177144685476078,0.8682285531452392,5.0,,,,,,,,,,,,,,,,,,,,,,,-0.5501497485131047,1.3241159494593626,,,,,,,,,,,,,,,,,,,,,,,,,,,,,0.8257415447030831,-0.13166549241384098,1.2989032852300704,-1.08862139507788,-1.0382003825361787,1.8853860314256172,,,,2.0635033333333332,-0.7497933333333333,spair,1.6753686836074726,-0.7497933333333333,synthetic
snapshots/synthetic_logsteps100_pretrainedFalse_freezeFalse_2025_12_10_12_22,synthetic_logsteps100_pretrainedFalse_freezeFalse_2025_12_10_12_22,synthetic,logsteps,100,False,False,2025_12_10_12_22,tss,5000,24440.2,4.88804,3,0.39963213325564284,0.17775061762759545,0.8222493823724045,5.0,,,,,,,,,,0.21397587673841392,0.25681081725856736,0.7431891827414326,5.0,,,,,,,,,,,,,,,,,,,,,,,-0.521584926845106,1.0180496472147358,,,,,,,,,,,,,,,,,,,,,,,,,,,,,0.843217499482616,-0.4722702551117996,1.531662190550104,-0.9615283254193653,-1.042766352970618,1.062610938207489,,,,3.624926666666667,1.263113333333333,spair,0.72029329802256,1.263113333333333,synthetic
snapshots/synthetic_logsteps100_pretrainedTrue_freezeFalse_2025_12_10_12_17,synthetic_logsteps100_pretrainedTrue_freezeFalse_2025_12_10_12_17,synthetic,logsteps,100,True,False,2025_12_10_12_17,flyingthings,5000,355529.05,71.10580999999999,5,0.3887234331271549,0.24165226079032764,0.7583477392096724,5.0,,,,,,,,,,0.19842097280342846,0.19214681375361753,0.8078531862463825,5.0,,,,,,,,,,,,,,,,,,,,,,,-0.47996770660793486,0.9463299635335501,,,,,,,,,,,,,,,,,,,,,,,,,,,,,0.8943805269403101,-0.5011608294786528,1.1436422854095074,-0.8629143951694394,-1.1561293164956354,1.4361206070266197,,,,48.23252,22.87328999999999,spair,0.6201139946141279,22.87328999999999,synthetic
snapshots/synthetic_logsteps100_pretrainedTrue_freezeFalse_2025_12_10_12_17,synthetic_logsteps100_pretrainedTrue_freezeFalse_2025_12_10_12_17,synthetic,logsteps,100,True,False,2025_12_10_12_17,kitti2012,5000,387121.55000000005,77.42431,5,0.5203726518529079,0.031169905177188713,0.9688300948228112,5.0,,,,,,,,,,0.1871444501750091,0.10946487188175855,0.8905351281182414,5.0,,,,,,,,,,,,,,,,,,,,,,,-0.391328186450426,0.6307472205601041,,,,,,,,,,,,,,,,,,,,,,,,,,,,,0.8271292835487366,-0.5875045340527912,3.4366362041198113,-1.0346964660206988,-1.1486344689684407,2.0962188565309527,,,,59.49418666666667,17.930123333333334,spair,-1.105542406566221,17.930123333333334,synthetic
snapshots/synthetic_logsteps100_pretrainedTrue_freezeFalse_2025_12_10_12_17,synthetic_logsteps100_pretrainedTrue_freezeFalse_2025_12_10_12_17,synthetic,logsteps,100,True,False,2025_12_10_12_17,middlebury,5000,211818.5,42.3637,5,0.4466338328003947,0.0343143602757759,0.965685639724224,5.0,,,,,,,,,,0.18012557786284678,0.2982929854977204,0.7017070145022797,5.0,,,,,,,,,,,,,,,,,,,,,,,-0.4097989713487936,0.5230344259275743,,,,,,,,,,,,,,,,,,,,,,,,,,,,,0.9147288588769509,-0.5854751113459327,3.337274423046689,-0.830606855241581,-1.0882971135801134,0.8554397823300391,,,,34.53024666666666,7.833453333333338,spair,0.3622934680290524,7.833453333333338,synthetic
snapshots/synthetic_logsteps100_pretrainedTrue_freezeFalse_2025_12_10_12_17,synthetic_logsteps100_pretrainedTrue_freezeFalse_2025_12_10_12_17,synthetic,logsteps,100,True,False,2025_12_10_12_17,pfpascal,5000,140310.90000000002,28.062180000000005,5,0.3785796296032772,0.2284647604884784,0.7715352395115216,5.0,,,,,,,,,,0.21161235437928508,0.13800787346141738,0.8619921265385826,5.0,,,,,,,,,,,,,,,,,,,,,,,-0.553989063143939,1.2756904329306922,,,,,,,,,,,,,,,,,,,,,,,,,,,,,0.8744935886904506,-0.2801152767024394,1.2170003699950407,-0.9090362349654999,-1.10582159561376,1.831935399078093,,,,23.19225,4.869930000000004,spair,1.8087904831786163,4.869930000000004,synthetic
snapshots/synthetic_logsteps100_pretrainedTrue_freezeFalse_2025_12_10_12_17,synthetic_logsteps100_pretrainedTrue_freezeFalse_2025_12_10_12_17,synthetic,logsteps,100,True,False,2025_12_10_12_17,pfwillow,5000,140016.65,28.00333,5,0.37303527910389916,0.1254768631715489,0.8745231368284511,5.0,,,,,,,,,,0.22166907499491065,0.10703003507019515,0.8929699649298048,5.0,,,,,,,,,,,,,,,,,,,,,,,-0.5839380433073343,1.2823247573403067,,,,,,,,,,,,,,,,,,,,,,,,,,,,,0.8804279402564409,-0.4261936890318544,1.9415573669395858,-0.9775518501067236,-1.1449009614718952,2.1214434497504775,,,,27.67815333333333,0.32517666666666756,spair,0.7649803433804648,0.32517666666666756,synthetic
snapshots/synthetic_logsteps100_pretrainedTrue_freezeFalse_2025_12_10_12_17,synthetic_logsteps100_pretrainedTrue_freezeFalse_2025_12_10_12_17,synthetic,logsteps,100,True,False,2025_12_10_12_17,pointodyssey,5000,175419.95,35.08399,5,0.4912138413772169,0.010175694422755902,0.9898243055772441,5.0,,,,,,,,,,0.11988614315060553,0.35932962604398555,0.6406703739560144,5.0,,,,,,,,,,,,,,,,,,,,,,,-0.0017835520249656826,0.16795789234932176,,,,,,,,,,,,,,,,,,,,,,,,,,,,,0.8698457429746613,-0.64740723413836,4.577525481328662,-0.5803171243769296,-1.0637573816032972,0.5782749418414258,,,,24.839123333333333,10.244866666666667,spair,0.26466902600167114,10.244866666666667,synthetic
snapshots/synthetic_logsteps100_pretrainedTrue_freezeFalse_2025_12_10_12_17,synthetic_logsteps100_pretrainedTrue_freezeFalse_2025_12_10_12_17,synthetic,logsteps,100,True,False,2025_12_10_12_17,spair,5000,82364.4,16.47288,5,0.23179232479557202,0.21434965011751103,0.7856503498824889,5.0,,,,,,,,,,0.242875389943555,0.13177144685476078,0.8682285531452392,5.0,,,,,,,,,,,,,,,,,,,,,,,-0.5501497485131047,1.3241159494593626,,,,,,,,,,,,,,,,,,,,,,,,,,,,,0.8257415447030831,-0.13166549241384098,1.2989032852300704,-1.08862139507788,-1.0382003825361787,1.8853860314256172,,,,16.234553333333334,0.2383266666666657,spair,1.6753686836074726,0.2383266666666657,synthetic
snapshots/synthetic_logsteps100_pretrainedTrue_freezeFalse_2025_12_10_12_17,synthetic_logsteps100_pretrainedTrue_freezeFalse_2025_12_10_12_17,synthetic,logsteps,100,True,False,2025_12_10_12_17,tss,5000,250983.40000000002,50.19668000000001,5,0.39963213325564284,0.17775061762759545,0.8222493823724045,5.0,,,,,,,,,,0.21397587673841392,0.25681081725856736,0.7431891827414326,5.0,,,,,,,,,,,,,,,,,,,,,,,-0.521584926845106,1.0180496472147358,,,,,,,,,,,,,,,,,,,,,,,,,,,,,0.843217499482616,-0.4722702551117996,1.531662190550104,-0.9615283254193653,-1.042766352970618,1.062610938207489,,,,39.87302333333333,10.323656666666679,spair,0.72029329802256,10.323656666666679,synthetic
snapshots/synthetic_logsteps100_pretrainedTrue_freezeTrue_2025_12_10_12_06,synthetic_logsteps100_pretrainedTrue_freezeTrue_2025_12_10_12_06,synthetic,logsteps,100,True,True,2025_12_10_12_06,flyingthings,5000,352089.44999999995,70.41788999999999,5,0.3887234331271549,0.24165226079032764,0.7583477392096724,5.0,,,,,,,,,,0.19842097280342846,0.19214681375361753,0.8078531862463825,5.0,,,,,,,,,,,,,,,,,,,,,,,-0.47996770660793486,0.9463299635335501,,,,,,,,,,,,,,,,,,,,,,,,,,,,,0.8943805269403101,-0.5011608294786528,1.1436422854095074,-0.8629143951694394,-1.1561293164956354,1.4361206070266197,,,,53.90556,16.512329999999984,spair,0.6201139946141279,16.512329999999984,synthetic
snapshots/synthetic_logsteps100_pretrainedTrue_freezeTrue_2025_12_10_12_06,synthetic_logsteps100_pretrainedTrue_freezeTrue_2025_12_10_12_06,synthetic,logsteps,100,True,True,2025_12_10_12_06,kitti2012,5000,384732.4,76.94648000000001,5,0.5203726518529079,0.031169905177188713,0.9688300948228112,5.0,,,,,,,,,,0.1871444501750091,0.10946487188175855,0.8905351281182414,5.0,,,,,,,,,,,,,,,,,,,,,,,-0.391328186450426,0.6307472205601041,,,,,,,,,,,,,,,,,,,,,,,,,,,,,0.8271292835487366,-0.5875045340527912,3.4366362041198113,-1.0346964660206988,-1.1486344689684407,2.0962188565309527,,,,64.06846666666667,12.878013333333342,spair,-1.105542406566221,12.878013333333342,synthetic
snapshots/synthetic_logsteps100_pretrainedTrue_freezeTrue_2025_12_10_12_06,synthetic_logsteps100_pretrainedTrue_freezeTrue_2025_12_10_12_06,synthetic,logsteps,100,True,True,2025_12_10_12_06,middlebury,5000,209473.65000000002,41.89473,5,0.4466338328003947,0.0343143602757759,0.965685639724224,5.0,,,,,,,,,,0.18012557786284678,0.2982929854977204,0.7017070145022797,5.0,,,,,,,,,,,,,,,,,,,,,,,-0.4097989713487936,0.5230344259275743,,,,,,,,,,,,,,,,,,,,,,,,,,,,,0.9147288588769509,-0.5854751113459327,3.337274423046689,-0.830606855241581,-1.0882971135801134,0.8554397823300391,,,,37.7005,4.194230000000005,spair,0.3622934680290524,4.194230000000005,synthetic
snapshots/synthetic_logsteps100_pretrainedTrue_freezeTrue_2025_12_10_12_06,synthetic_logsteps100_pretrainedTrue_freezeTrue_2025_12_10_12_06,synthetic,logsteps,100,True,True,2025_12_10_12_06,pfpascal,5000,138489.5,27.6979,5,0.3785796296032772,0.2284647604884784,0.7715352395115216,5.0,,,,,,,,,,0.21161235437928508,0.13800787346141738,0.8619921265385826,5.0,,,,,,,,,,,,,,,,,,,,,,,-0.553989063143939,1.2756904329306922,,,,,,,,,,,,,,,,,,,,,,,,,,,,,0.8744935886904506,-0.2801152767024394,1.2170003699950407,-0.9090362349654999,-1.10582159561376,1.831935399078093,,,,27.819223333333337,-0.12132333333333634,spair,1.8087904831786163,-0.12132333333333634,synthetic
snapshots/synthetic_logsteps100_pretrainedTrue_freezeTrue_2025_12_10_12_06,synthetic_logsteps100_pretrainedTrue_freezeTrue_2025_12_10_12_06,synthetic,logsteps,100,True,True,2025_12_10_12_06,pfwillow,5000,127433.4,25.48668,5,0.37303527910389916,0.1254768631715489,0.8745231368284511,5.0,,,,,,,,,,0.22166907499491065,0.10703003507019515,0.8929699649298048,5.0,,,,,,,,,,,,,,,,,,,,,,,-0.5839380433073343,1.2823247573403067,,,,,,,,,,,,,,,,,,,,,,,,,,,,,0.8804279402564409,-0.4261936890318544,1.9415573669395858,-0.9775518501067236,-1.1449009614718952,2.1214434497504775,,,,32.30222,-6.815539999999999,spair,0.7649803433804648,-6.815539999999999,synthetic
snapshots/synthetic_logsteps100_pretrainedTrue_freezeTrue_2025_12_10_12_06,synthetic_logsteps100_pretrainedTrue_freezeTrue_2025_12_10_12_06,synthetic,logsteps,100,True,True,2025_12_10_12_06,pointodyssey,5000,201326.45,40.26529,5,0.4912138413772169,0.010175694422755902,0.9898243055772441,5.0,,,,,,,,,,0.11988614315060553,0.35932962604398555,0.6406703739560144,5.0,,,,,,,,,,,,,,,,,,,,,,,-0.0017835520249656826,0.16795789234932176,,,,,,,,,,,,,,,,,,,,,,,,,,,,,0.8698457429746613,-0.64740723413836,4.577525481328662,-0.5803171243769296,-1.0637573816032972,0.5782749418414258,,,,24.515383333333332,15.749906666666668,spair,0.26466902600167114,15.749906666666668,synthetic
snapshots/synthetic_logsteps100_pretrainedTrue_freezeTrue_2025_12_10_12_06,synthetic_logsteps100_pretrainedTrue_freezeTrue_2025_12_10_12_06,synthetic,logsteps,100,True,True,2025_12_10_12_06,spair,5000,93144.6,18.62892,5,0.23179232479557202,0.21434965011751103,0.7856503498824889,5.0,,,,,,,,,,0.242875389943555,0.13177144685476078,0.8682285531452392,5.0,,,,,,,,,,,,,,,,,,,,,,,-0.5501497485131047,1.3241159494593626,,,,,,,,,,,,,,,,,,,,,,,,,,,,,0.8257415447030831,-0.13166549241384098,1.2989032852300704,-1.08862139507788,-1.0382003825361787,1.8853860314256172,,,,19.357693333333334,-0.7287733333333328,spair,1.6753686836074726,-0.7287733333333328,synthetic
snapshots/synthetic_logsteps100_pretrainedTrue_freezeTrue_2025_12_10_12_06,synthetic_logsteps100_pretrainedTrue_freezeTrue_2025_12_10_12_06,synthetic,logsteps,100,True,True,2025_12_10_12_06,tss,5000,253747.24999999997,50.749449999999996,5,0.39963213325564284,0.17775061762759545,0.8222493823724045,5.0,,,,,,,,,,0.21397587673841392,0.25681081725856736,0.7431891827414326,5.0,,,,,,,,,,,,,,,,,,,,,,,-0.521584926845106,1.0180496472147358,,,,,,,,,,,,,,,,,,,,,,,,,,,,,0.843217499482616,-0.4722702551117996,1.531662190550104,-0.9615283254193653,-1.042766352970618,1.062610938207489,,,,43.74900333333333,7.000446666666669,spair,0.72029329802256,7.000446666666669,synthetic
snapshots/synthetic_steps100_pretrainedFalse_freezeFalse_2025_12_11_06_37,synthetic_steps100_pretrainedFalse_freezeFalse_2025_12_11_06_37,synthetic,steps,100,False,False,2025_12_11_06_37,flyingthings,5000,99427.45000000001,19.88549,3,0.3887234331271549,0.24165226079032764,0.7583477392096724,5.0,,,,,,,,,,0.19842097280342846,0.19214681375361753,0.8078531862463825,5.0,,,,,,,,,,,,,,,,,,,,,,,-0.47996770660793486,0.9463299635335501,,,,,,,,,,,,,,,,,,,,,,,,,,,,,0.8943805269403101,-0.5011608294786528,1.1436422854095074,-0.8629143951694394,-1.1561293164956354,1.4361206070266197,,,,2.08833,17.79716,spair,0.6201139946141279,17.79716,synthetic
snapshots/synthetic_steps100_pretrainedFalse_freezeFalse_2025_12_11_06_37,synthetic_steps100_pretrainedFalse_freezeFalse_2025_12_11_06_37,synthetic,steps,100,False,False,2025_12_11_06_37,kitti2012,5000,122342.6,24.46852,3,0.5203726518529079,0.031169905177188713,0.9688300948228112,5.0,,,,,,,,,,0.1871444501750091,0.10946487188175855,0.8905351281182414,5.0,,,,,,,,,,,,,,,,,,,,,,,-0.391328186450426,0.6307472205601041,,,,,,,,,,,,,,,,,,,,,,,,,,,,,0.8271292835487366,-0.5875045340527912,3.4366362041198113,-1.0346964660206988,-1.1486344689684407,2.0962188565309527,,,,4.8632566666666674,19.605263333333333,spair,-1.105542406566221,19.605263333333333,synthetic
snapshots/synthetic_steps100_pretrainedFalse_freezeFalse_2025_12_11_06_37,synthetic_steps100_pretrainedFalse_freezeFalse_2025_12_11_06_37,synthetic,steps,100,False,False,2025_12_11_06_37,middlebury,5000,64881.850000000006,12.976370000000001,3,0.4466338328003947,0.0343143602757759,0.965685639724224,5.0,,,,,,,,,,0.18012557786284678,0.2982929854977204,0.7017070145022797,5.0,,,,,,,,,,,,,,,,,,,,,,,-0.4097989713487936,0.5230344259275743,,,,,,,,,,,,,,,,,,,,,,,,,,,,,0.9147288588769509,-0.5854751113459327,3.337274423046689,-0.830606855241581,-1.0882971135801134,0.8554397823300391,,,,1.9837666666666667,10.992603333333335,spair,0.3622934680290524,10.992603333333335,synthetic
snapshots/synthetic_steps100_pretrainedFalse_freezeFalse_2025_12_11_06_37,synthetic_steps100_pretrainedFalse_freezeFalse_2025_12_11_06_37,synthetic,steps,100,False,False,2025_12_11_06_37,pfpascal,5000,9964.849999999999,1.9929699999999997,3,0.3785796296032772,0.2284647604884784,0.7715352395115216,5.0,,,,,,,,,,0.21161235437928508,0.13800787346141738,0.8619921265385826,5.0,,,,,,,,,,,,,,,,,,,,,,,-0.553989063143939,1.2756904329306922,,,,,,,,,,,,,,,,,,,,,,,,,,,,,0.8744935886904506,-0.2801152767024394,1.2170003699950407,-0.9090362349654999,-1.10582159561376,1.831935399078093,,,,1.9410966666666667,0.051873333333332994,spair,1.8087904831786163,0.051873333333332994,synthetic
snapshots/synthetic_steps100_pretrainedFalse_freezeFalse_2025_12_11_06_37,synthetic_steps100_pretrainedFalse_freezeFalse_2025_12_11_06_37,synthetic,steps,100,False,False,2025_12_11_06_37,pfwillow,5000,17099.949999999997,3.4199899999999994,3,0.37303527910389916,0.1254768631715489,0.8745231368284511,5.0,,,,,,,,,,0.22166907499491065,0.10703003507019515,0.8929699649298048,5.0,,,,,,,,,,,,,,,,,,,,,,,-0.5839380433073343,1.2823247573403067,,,,,,,,,,,,,,,,,,,,,,,,,,,,,0.8804279402564409,-0.4261936890318544,1.9415573669395858,-0.9775518501067236,-1.1449009614718952,2.1214434497504775,,,,3.3644433333333335,0.05554666666666597,spair,0.7649803433804648,0.05554666666666597,synthetic
snapshots/synthetic_steps100_pretrainedFalse_freezeFalse_2025_12_11_06_37,synthetic_steps100_pretrainedFalse_freezeFalse_2025_12_11_06_37,synthetic,steps,100,False,False,2025_12_11_06_37,pointodyssey,5000,32623.85,6.524769999999999,3,0.4912138413772169,0.010175694422755902,0.9898243055772441,5.0,,,,,,,,,,0.11988614315060553,0.35932962604398555,0.6406703739560144,5.0,,,,,,,,,,,,,,,,,,,,,,,-0.0017835520249656826,0.16795789234932176,,,,,,,,,,,,,,,,,,,,,,,,,,,,,0.8698457429746613,-0.64740723413836,4.577525481328662,-0.5803171243769296,-1.0637573816032972,0.5782749418414258,,,,2.2678866666666666,4.256883333333333,spair,0.26466902600167114,4.256883333333333,synthetic
snapshots/synthetic_steps100_pretrainedFalse_freezeFalse_2025_12_11_06_37,synthetic_steps100_pretrainedFalse_freezeFalse_2025_12_11_06_37,synthetic,steps,100,False,False,2025_12_11_06_37,spair,5000,6814.1,1.3628200000000001,3,0.23179232479557202,0.21434965011751103,0.7856503498824889,5.0,,,,,,,,,,0.242875389943555,0.13177144685476078,0.8682285531452392,5.0,,,,,,,,,,,,,,,,,,,,,,,-0.5501497485131047,1.3241159494593626,,,,,,,,,,,,,,,,,,,,,,,,,,,,,0.8257415447030831,-0.13166549241384098,1.2989032852300704,-1.08862139507788,-1.0382003825361787,1.8853860314256172,,,,2.0635033333333332,-0.7006833333333331,spair,1.6753686836074726,-0.7006833333333331,synthetic
snapshots/synthetic_steps100_pretrainedFalse_freezeFalse_2025_12_11_06_37,synthetic_steps100_pretrainedFalse_freezeFalse_2025_12_11_06_37,synthetic,steps,100,False,False,2025_12_11_06_37,tss,5000,25617.800000000003,5.12356,3,0.39963213325564284,0.17775061762759545,0.8222493823724045,5.0,,,,,,,,,,0.21397587673841392,0.25681081725856736,0.7431891827414326,5.0,,,,,,,,,,,,,,,,,,,,,,,-0.521584926845106,1.0180496472147358,,,,,,,,,,,,,,,,,,,,,,,,,,,,,0.843217499482616,-0.4722702551117996,1.531662190550104,-0.9615283254193653,-1.042766352970618,1.062610938207489,,,,3.624926666666667,1.4986333333333333,spair,0.72029329802256,1.4986333333333333,synthetic
snapshots/synthetic_steps100_pretrainedFalse_freezeFalse_2025_12_13_02_37,synthetic_steps100_pretrainedFalse_freezeFalse_2025_12_13_02_37,synthetic,steps,100,False,False,2025_12_13_02_37,flyingthings,5000,253939.5,50.7879,5,0.3887234331271549,0.24165226079032764,0.7583477392096724,5.0,,,,,,,,,,0.19842097280342846,0.19214681375361753,0.8078531862463825,5.0,,,,,,,,,,,,,,,,,,,,,,,-0.47996770660793486,0.9463299635335501,,,,,,,,,,,,,,,,,,,,,,,,,,,,,0.8943805269403101,-0.5011608294786528,1.1436422854095074,-0.8629143951694394,-1.1561293164956354,1.4361206070266197,,,,2.08833,48.69957,spair,0.6201139946141279,48.69957,synthetic
snapshots/synthetic_steps100_pretrainedFalse_freezeFalse_2025_12_13_02_37,synthetic_steps100_pretrainedFalse_freezeFalse_2025_12_13_02_37,synthetic,steps,100,False,False,2025_12_13_02_37,kitti2012,5000,312750.15,62.55003000000001,5,0.5203726518529079,0.031169905177188713,0.9688300948228112,5.0,,,,,,,,,,0.1871444501750091,0.10946487188175855,0.8905351281182414,5.0,,,,,,,,,,,,,,,,,,,,,,,-0.391328186450426,0.6307472205601041,,,,,,,,,,,,,,,,,,,,,,,,,,,,,0.8271292835487366,-0.5875045340527912,3.4366362041198113,-1.0346964660206988,-1.1486344689684407,2.0962188565309527,,,,4.8632566666666674,57.68677333333334,spair,-1.105542406566221,57.68677333333334,synthetic
snapshots/synthetic_steps100_pretrainedFalse_freezeFalse_2025_12_13_02_37,synthetic_steps100_pretrainedFalse_freezeFalse_2025_12_13_02_37,synthetic,steps,100,False,False,2025_12_13_02_37,middlebury,5000,163336.80000000002,32.66736,5,0.4466338328003947,0.0343143602757759,0.965685639724224,5.0,,,,,,,,,,0.18012557786284678,0.2982929854977204,0.7017070145022797,5.0,,,,,,,,,,,,,,,,,,,,,,,-0.4097989713487936,0.5230344259275743,,,,,,,,,,,,,,,,,,,,,,,,,,,,,0.9147288588769509,-0.5854751113459327,3.337274423046689,-0.830606855241581,-1.0882971135801134,0.8554397823300391,,,,1.9837666666666667,30.683593333333334,spair,0.3622934680290524,30.683593333333334,synthetic
snapshots/synthetic_steps100_pretrainedFalse_freezeFalse_2025_12_13_02_37,synthetic_steps100_pretrainedFalse_freezeFalse_2025_12_13_02_37,synthetic,steps,100,False,False,2025_12_13_02_37,pfpascal,5000,53181.149999999994,10.63623,5,0.3785796296032772,0.2284647604884784,0.7715352395115216,5.0,,,,,,,,,,0.21161235437928508,0.13800787346141738,0.8619921265385826,5.0,,,,,,,,,,,,,,,,,,,,,,,-0.553989063143939,1.2756904329306922,,,,,,,,,,,,,,,,,,,,,,,,,,,,,0.8744935886904506,-0.2801152767024394,1.2170003699950407,-0.9090362349654999,-1.10582159561376,1.831935399078093,,,,1.9410966666666667,8.695133333333333,spair,1.8087904831786163,8.695133333333333,synthetic
snapshots/synthetic_steps100_pretrainedFalse_freezeFalse_2025_12_13_02_37,synthetic_steps100_pretrainedFalse_freezeFalse_2025_12_13_02_37,synthetic,steps,100,False,False,2025_12_13_02_37,pfwillow,5000,55755.65,11.15113,5,0.37303527910389916,0.1254768631715489,0.8745231368284511,5.0,,,,,,,,,,0.22166907499491065,0.10703003507019515,0.8929699649298048,5.0,,,,,,,,,,,,,,,,,,,,,,,-0.5839380433073343,1.2823247573403067,,,,,,,,,,,,,,,,,,,,,,,,,,,,,0.8804279402564409,-0.4261936890318544,1.9415573669395858,-0.9775518501067236,-1.1449009614718952,2.1214434497504775,,,,3.3644433333333335,7.786686666666666,spair,0.7649803433804648,7.786686666666666,synthetic
snapshots/synthetic_steps100_pretrainedFalse_freezeFalse_2025_12_13_02_37,synthetic_steps100_pretrainedFalse_freezeFalse_2025_12_13_02_37,synthetic,steps,100,False,False,2025_12_13_02_37,pointodyssey,5000,152970.65000000002,30.594130000000003,5,0.4912138413772169,0.010175694422755902,0.9898243055772441,5.0,,,,,,,,,,0.11988614315060553,0.35932962604398555,0.6406703739560144,5.0,,,,,,,,,,,,,,,,,,,,,,,-0.0017835520249656826,0.16795789234932176,,,,,,,,,,,,,,,,,,,,,,,,,,,,,0.8698457429746613,-0.64740723413836,4.577525481328662,-0.5803171243769296,-1.0637573816032972,0.5782749418414258,,,,2.2678866666666666,28.326243333333338,spair,0.26466902600167114,28.326243333333338,synthetic
snapshots/synthetic_steps100_pretrainedFalse_freezeFalse_2025_12_13_02_37,synthetic_steps100_pretrainedFalse_freezeFalse_2025_12_13_02_37,synthetic,steps,100,False,False,2025_12_13_02_37,spair,5000,15078.15,3.01563,5,0.23179232479557202,0.21434965011751103,0.7856503498824889,5.0,,,,,,,,,,0.242875389943555,0.13177144685476078,0.8682285531452392,5.0,,,,,,,,,,,,,,,,,,,,,,,-0.5501497485131047,1.3241159494593626,,,,,,,,,,,,,,,,,,,,,,,,,,,,,0.8257415447030831,-0.13166549241384098,1.2989032852300704,-1.08862139507788,-1.0382003825361787,1.8853860314256172,,,,2.0635033333333332,0.9521266666666666,spair,1.6753686836074726,0.9521266666666666,synthetic
snapshots/synthetic_steps100_pretrainedFalse_freezeFalse_2025_12_13_02_37,synthetic_steps100_pretrainedFalse_freezeFalse_2025_12_13_02_37,synthetic,steps,100,False,False,2025_12_13_02_37,tss,5000,110802.35,22.16047,5,0.39963213325564284,0.17775061762759545,0.8222493823724045,5.0,,,,,,,,,,0.21397587673841392,0.25681081725856736,0.7431891827414326,5.0,,,,,,,,,,,,,,,,,,,,,,,-0.521584926845106,1.0180496472147358,,,,,,,,,,,,,,,,,,,,,,,,,,,,,0.843217499482616,-0.4722702551117996,1.531662190550104,-0.9615283254193653,-1.042766352970618,1.062610938207489,,,,3.624926666666667,18.535543333333333,spair,0.72029329802256,18.535543333333333,synthetic
snapshots/synthetic_steps100_pretrainedTrue_freezeFalse_2025_12_11_05_11,synthetic_steps100_pretrainedTrue_freezeFalse_2025_12_11_05_11,synthetic,steps,100,True,False,2025_12_11_05_11,flyingthings,5000,176812.80000000002,35.36256,3,0.3887234331271549,0.24165226079032764,0.7583477392096724,5.0,,,,,,,,,,0.19842097280342846,0.19214681375361753,0.8078531862463825,5.0,,,,,,,,,,,,,,,,,,,,,,,-0.47996770660793486,0.9463299635335501,,,,,,,,,,,,,,,,,,,,,,,,,,,,,0.8943805269403101,-0.5011608294786528,1.1436422854095074,-0.8629143951694394,-1.1561293164956354,1.4361206070266197,,,,48.23252,-12.869959999999999,spair,0.6201139946141279,-12.869959999999999,synthetic
snapshots/synthetic_steps100_pretrainedTrue_freezeFalse_2025_12_11_05_11,synthetic_steps100_pretrainedTrue_freezeFalse_2025_12_11_05_11,synthetic,steps,100,True,False,2025_12_11_05_11,kitti2012,5000,191825.5,38.3651,3,0.5203726518529079,0.031169905177188713,0.9688300948228112,5.0,,,,,,,,,,0.1871444501750091,0.10946487188175855,0.8905351281182414,5.0,,,,,,,,,,,,,,,,,,,,,,,-0.391328186450426,0.6307472205601041,,,,,,,,,,,,,,,,,,,,,,,,,,,,,0.8271292835487366,-0.5875045340527912,3.4366362041198113,-1.0346964660206988,-1.1486344689684407,2.0962188565309527,,,,59.49418666666667,-21.129086666666673,spair,-1.105542406566221,-21.129086666666673,synthetic
snapshots/synthetic_steps100_pretrainedTrue_freezeFalse_2025_12_11_05_11,synthetic_steps100_pretrainedTrue_freezeFalse_2025_12_11_05_11,synthetic,steps,100,True,False,2025_12_11_05_11,middlebury,5000,105052.65,21.01053,3,0.4466338328003947,0.0343143602757759,0.965685639724224,5.0,,,,,,,,,,0.18012557786284678,0.2982929854977204,0.7017070145022797,5.0,,,,,,,,,,,,,,,,,,,,,,,-0.4097989713487936,0.5230344259275743,,,,,,,,,,,,,,,,,,,,,,,,,,,,,0.9147288588769509,-0.5854751113459327,3.337274423046689,-0.830606855241581,-1.0882971135801134,0.8554397823300391,,,,34.53024666666666,-13.519716666666664,spair,0.3622934680290524,-13.519716666666664,synthetic
snapshots/synthetic_steps100_pretrainedTrue_freezeFalse_2025_12_11_05_11,synthetic_steps100_pretrainedTrue_freezeFalse_2025_12_11_05_11,synthetic,steps,100,True,False,2025_12_11_05_11,pfpascal,5000,68090.04999999999,13.618009999999998,3,0.3785796296032772,0.2284647604884784,0.7715352395115216,5.0,,,,,,,,,,0.21161235437928508,0.13800787346141738,0.8619921265385826,5.0,,,,,,,,,,,,,,,,,,,,,,,-0.553989063143939,1.2756904329306922,,,,,,,,,,,,,,,,,,,,,,,,,,,,,0.8744935886904506,-0.2801152767024394,1.2170003699950407,-0.9090362349654999,-1.10582159561376,1.831935399078093,,,,23.19225,-9.574240000000003,spair,1.8087904831786163,-9.574240000000003,synthetic
snapshots/synthetic_steps100_pretrainedTrue_freezeFalse_2025_12_11_05_11,synthetic_steps100_pretrainedTrue_freezeFalse_2025_12_11_05_11,synthetic,steps,100,True,False,2025_12_11_05_11,pfwillow,5000,67900.05000000002,13.580010000000003,3,0.37303527910389916,0.1254768631715489,0.8745231368284511,5.0,,,,,,,,,,0.22166907499491065,0.10703003507019515,0.8929699649298048,5.0,,,,,,,,,,,,,,,,,,,,,,,-0.5839380433073343,1.2823247573403067,,,,,,,,,,,,,,,,,,,,,,,,,,,,,0.8804279402564409,-0.4261936890318544,1.9415573669395858,-0.9775518501067236,-1.1449009614718952,2.1214434497504775,,,,27.67815333333333,-14.098143333333327,spair,0.7649803433804648,-14.098143333333327,synthetic
snapshots/synthetic_steps100_pretrainedTrue_freezeFalse_2025_12_11_05_11,synthetic_steps100_pretrainedTrue_freezeFalse_2025_12_11_05_11,synthetic,steps,100,True,False,2025_12_11_05_11,pointodyssey,5000,86512.35,17.30247,3,0.4912138413772169,0.010175694422755902,0.9898243055772441,5.0,,,,,,,,,,0.11988614315060553,0.35932962604398555,0.6406703739560144,5.0,,,,,,,,,,,,,,,,,,,,,,,-0.0017835520249656826,0.16795789234932176,,,,,,,,,,,,,,,,,,,,,,,,,,,,,0.8698457429746613,-0.64740723413836,4.577525481328662,-0.5803171243769296,-1.0637573816032972,0.5782749418414258,,,,24.839123333333333,-7.536653333333334,spair,0.26466902600167114,-7.536653333333334,synthetic
snapshots/synthetic_steps100_pretrainedTrue_freezeFalse_2025_12_11_05_11,synthetic_steps100_pretrainedTrue_freezeFalse_2025_12_11_05_11,synthetic,steps,100,True,False,2025_12_11_05_11,spair,5000,43538.7,8.70774,3,0.23179232479557202,0.21434965011751103,0.7856503498824889,5.0,,,,,,,,,,0.242875389943555,0.13177144685476078,0.8682285531452392,5.0,,,,,,,,,,,,,,,,,,,,,,,-0.5501497485131047,1.3241159494593626,,,,,,,,,,,,,,,,,,,,,,,,,,,,,0.8257415447030831,-0.13166549241384098,1.2989032852300704,-1.08862139507788,-1.0382003825361787,1.8853860314256172,,,,16.234553333333334,-7.526813333333335,spair,1.6753686836074726,-7.526813333333335,synthetic
snapshots/synthetic_steps100_pretrainedTrue_freezeFalse_2025_12_11_05_11,synthetic_steps100_pretrainedTrue_freezeFalse_2025_12_11_05_11,synthetic,steps,100,True,False,2025_12_11_05_11,tss,5000,123737.95,24.74759,3,0.39963213325564284,0.17775061762759545,0.8222493823724045,5.0,,,,,,,,,,0.21397587673841392,0.25681081725856736,0.7431891827414326,5.0,,,,,,,,,,,,,,,,,,,,,,,-0.521584926845106,1.0180496472147358,,,,,,,,,,,,,,,,,,,,,,,,,,,,,0.843217499482616,-0.4722702551117996,1.531662190550104,-0.9615283254193653,-1.042766352970618,1.062610938207489,,,,39.87302333333333,-15.12543333333333,spair,0.72029329802256,-15.12543333333333,synthetic
snapshots/synthetic_steps100_pretrainedTrue_freezeFalse_2025_12_12_23_46,synthetic_steps100_pretrainedTrue_freezeFalse_2025_12_12_23_46,synthetic,steps,100,True,False,2025_12_12_23_46,flyingthings,5000,178833.5,35.7667,3,0.3887234331271549,0.24165226079032764,0.7583477392096724,5.0,,,,,,,,,,0.19842097280342846,0.19214681375361753,0.8078531862463825,5.0,,,,,,,,,,,,,,,,,,,,,,,-0.47996770660793486,0.9463299635335501,,,,,,,,,,,,,,,,,,,,,,,,,,,,,0.8943805269403101,-0.5011608294786528,1.1436422854095074,-0.8629143951694394,-1.1561293164956354,1.4361206070266197,,,,48.23252,-12.46582,spair,0.6201139946141279,-12.46582,synthetic
snapshots/synthetic_steps100_pretrainedTrue_freezeFalse_2025_12_12_23_46,synthetic_steps100_pretrainedTrue_freezeFalse_2025_12_12_23_46,synthetic,steps,100,True,False,2025_12_12_23_46,kitti2012,5000,194521.8,38.90436,3,0.5203726518529079,0.031169905177188713,0.9688300948228112,5.0,,,,,,,,,,0.1871444501750091,0.10946487188175855,0.8905351281182414,5.0,,,,,,,,,,,,,,,,,,,,,,,-0.391328186450426,0.6307472205601041,,,,,,,,,,,,,,,,,,,,,,,,,,,,,0.8271292835487366,-0.5875045340527912,3.4366362041198113,-1.0346964660206988,-1.1486344689684407,2.0962188565309527,,,,59.49418666666667,-20.589826666666674,spair,-1.105542406566221,-20.589826666666674,synthetic
snapshots/synthetic_steps100_pretrainedTrue_freezeFalse_2025_12_12_23_46,synthetic_steps100_pretrainedTrue_freezeFalse_2025_12_12_23_46,synthetic,steps,100,True,False,2025_12_12_23_46,middlebury,5000,107176.70000000001,21.435340000000004,3,0.4466338328003947,0.0343143602757759,0.965685639724224,5.0,,,,,,,,,,0.18012557786284678,0.2982929854977204,0.7017070145022797,5.0,,,,,,,,,,,,,,,,,,,,,,,-0.4097989713487936,0.5230344259275743,,,,,,,,,,,,,,,,,,,,,,,,,,,,,0.9147288588769509,-0.5854751113459327,3.337274423046689,-0.830606855241581,-1.0882971135801134,0.8554397823300391,,,,34.53024666666666,-13.09490666666666,spair,0.3622934680290524,-13.09490666666666,synthetic
snapshots/synthetic_steps100_pretrainedTrue_freezeFalse_2025_12_12_23_46,synthetic_steps100_pretrainedTrue_freezeFalse_2025_12_12_23_46,synthetic,steps,100,True,False,2025_12_12_23_46,pfpascal,5000,91229.09999999999,18.24582,3,0.3785796296032772,0.2284647604884784,0.7715352395115216,5.0,,,,,,,,,,0.21161235437928508,0.13800787346141738,0.8619921265385826,5.0,,,,,,,,,,,,,,,,,,,,,,,-0.553989063143939,1.2756904329306922,,,,,,,,,,,,,,,,,,,,,,,,,,,,,0.8744935886904506,-0.2801152767024394,1.2170003699950407,-0.9090362349654999,-1.10582159561376,1.831935399078093,,,,23.19225,-4.946430000000003,spair,1.8087904831786163,-4.946430000000003,synthetic
snapshots/synthetic_steps100_pretrainedTrue_freezeFalse_2025_12_12_23_46,synthetic_steps100_pretrainedTrue_freezeFalse_2025_12_12_23_46,synthetic,steps,100,True,False,2025_12_12_23_46,pfwillow,5000,99761.15,19.95223,3,0.37303527910389916,0.1254768631715489,0.8745231368284511,5.0,,,,,,,,,,0.22166907499491065,0.10703003507019515,0.8929699649298048,5.0,,,,,,,,,,,,,,,,,,,,,,,-0.5839380433073343,1.2823247573403067,,,,,,,,,,,,,,,,,,,,,,,,,,,,,0.8804279402564409,-0.4261936890318544,1.9415573669395858,-0.9775518501067236,-1.1449009614718952,2.1214434497504775,,,,27.67815333333333,-7.725923333333331,spair,0.7649803433804648,-7.725923333333331,synthetic
snapshots/synthetic_steps100_pretrainedTrue_freezeFalse_2025_12_12_23_46,synthetic_steps100_pretrainedTrue_freezeFalse_2025_12_12_23_46,synthetic,steps,100,True,False,2025_12_12_23_46,pointodyssey,5000,89910.5,17.9821,3,0.4912138413772169,0.010175694422755902,0.9898243055772441,5.0,,,,,,,,,,0.11988614315060553,0.35932962604398555,0.6406703739560144,5.0,,,,,,,,,,,,,,,,,,,,,,,-0.0017835520249656826,0.16795789234932176,,,,,,,,,,,,,,,,,,,,,,,,,,,,,0.8698457429746613,-0.64740723413836,4.577525481328662,-0.5803171243769296,-1.0637573816032972,0.5782749418414258,,,,24.839123333333333,-6.857023333333334,spair,0.26466902600167114,-6.857023333333334,synthetic
snapshots/synthetic_steps100_pretrainedTrue_freezeFalse_2025_12_12_23_46,synthetic_steps100_pretrainedTrue_freezeFalse_2025_12_12_23_46,synthetic,steps,100,True,False,2025_12_12_23_46,spair,5000,41273.95,8.25479,3,0.23179232479557202,0.21434965011751103,0.7856503498824889,5.0,,,,,,,,,,0.242875389943555,0.13177144685476078,0.8682285531452392,5.0,,,,,,,,,,,,,,,,,,,,,,,-0.5501497485131047,1.3241159494593626,,,,,,,,,,,,,,,,,,,,,,,,,,,,,0.8257415447030831,-0.13166549241384098,1.2989032852300704,-1.08862139507788,-1.0382003825361787,1.8853860314256172,,,,16.234553333333334,-7.979763333333334,spair,1.6753686836074726,-7.979763333333334,synthetic
snapshots/synthetic_steps100_pretrainedTrue_freezeFalse_2025_12_12_23_46,synthetic_steps100_pretrainedTrue_freezeFalse_2025_12_12_23_46,synthetic,steps,100,True,False,2025_12_12_23_46,tss,5000,130985.95000000001,26.197190000000003,3,0.39963213325564284,0.17775061762759545,0.8222493823724045,5.0,,,,,,,,,,0.21397587673841392,0.25681081725856736,0.7431891827414326,5.0,,,,,,,,,,,,,,,,,,,,,,,-0.521584926845106,1.0180496472147358,,,,,,,,,,,,,,,,,,,,,,,,,,,,,0.843217499482616,-0.4722702551117996,1.531662190550104,-0.9615283254193653,-1.042766352970618,1.062610938207489,,,,39.87302333333333,-13.675833333333326,spair,0.72029329802256,-13.675833333333326,synthetic
snapshots/synthetic_steps100_pretrainedTrue_freezeTrue_2025_12_11_05_11,synthetic_steps100_pretrainedTrue_freezeTrue_2025_12_11_05_11,synthetic,steps,100,True,True,2025_12_11_05_11,flyingthings,5000,174781.8,34.95636,3,0.3887234331271549,0.24165226079032764,0.7583477392096724,5.0,,,,,,,,,,0.19842097280342846,0.19214681375361753,0.8078531862463825,5.0,,,,,,,,,,,,,,,,,,,,,,,-0.47996770660793486,0.9463299635335501,,,,,,,,,,,,,,,,,,,,,,,,,,,,,0.8943805269403101,-0.5011608294786528,1.1436422854095074,-0.8629143951694394,-1.1561293164956354,1.4361206070266197,,,,53.90556,-18.949200000000005,spair,0.6201139946141279,-18.949200000000005,synthetic
snapshots/synthetic_steps100_pretrainedTrue_freezeTrue_2025_12_11_05_11,synthetic_steps100_pretrainedTrue_freezeTrue_2025_12_11_05_11,synthetic,steps,100,True,True,2025_12_11_05_11,kitti2012,5000,190984.90000000002,38.19698,3,0.5203726518529079,0.031169905177188713,0.9688300948228112,5.0,,,,,,,,,,0.1871444501750091,0.10946487188175855,0.8905351281182414,5.0,,,,,,,,,,,,,,,,,,,,,,,-0.391328186450426,0.6307472205601041,,,,,,,,,,,,,,,,,,,,,,,,,,,,,0.8271292835487366,-0.5875045340527912,3.4366362041198113,-1.0346964660206988,-1.1486344689684407,2.0962188565309527,,,,64.06846666666667,-25.871486666666662,spair,-1.105542406566221,-25.871486666666662,synthetic
snapshots/synthetic_steps100_pretrainedTrue_freezeTrue_2025_12_11_05_11,synthetic_steps100_pretrainedTrue_freezeTrue_2025_12_11_05_11,synthetic,steps,100,True,True,2025_12_11_05_11,middlebury,5000,106042.29999999999,21.20846,3,0.4466338328003947,0.0343143602757759,0.965685639724224,5.0,,,,,,,,,,0.18012557786284678,0.2982929854977204,0.7017070145022797,5.0,,,,,,,,,,,,,,,,,,,,,,,-0.4097989713487936,0.5230344259275743,,,,,,,,,,,,,,,,,,,,,,,,,,,,,0.9147288588769509,-0.5854751113459327,3.337274423046689,-0.830606855241581,-1.0882971135801134,0.8554397823300391,,,,37.7005,-16.49204,spair,0.3622934680290524,-16.49204,synthetic
snapshots/synthetic_steps100_pretrainedTrue_freezeTrue_2025_12_11_05_11,synthetic_steps100_pretrainedTrue_freezeTrue_2025_12_11_05_11,synthetic,steps,100,True,True,2025_12_11_05_11,pfpascal,5000,69886.25,13.97725,3,0.3785796296032772,0.2284647604884784,0.7715352395115216,5.0,,,,,,,,,,0.21161235437928508,0.13800787346141738,0.8619921265385826,5.0,,,,,,,,,,,,,,,,,,,,,,,-0.553989063143939,1.2756904329306922,,,,,,,,,,,,,,,,,,,,,,,,,,,,,0.8744935886904506,-0.2801152767024394,1.2170003699950407,-0.9090362349654999,-1.10582159561376,1.831935399078093,,,,27.819223333333337,-13.841973333333337,spair,1.8087904831786163,-13.841973333333337,synthetic
snapshots/synthetic_steps100_pretrainedTrue_freezeTrue_2025_12_11_05_11,synthetic_steps100_pretrainedTrue_freezeTrue_2025_12_11_05_11,synthetic,steps,100,True,True,2025_12_11_05_11,pfwillow,5000,67427.75,13.48555,3,0.37303527910389916,0.1254768631715489,0.8745231368284511,5.0,,,,,,,,,,0.22166907499491065,0.10703003507019515,0.8929699649298048,5.0,,,,,,,,,,,,,,,,,,,,,,,-0.5839380433073343,1.2823247573403067,,,,,,,,,,,,,,,,,,,,,,,,,,,,,0.8804279402564409,-0.4261936890318544,1.9415573669395858,-0.9775518501067236,-1.1449009614718952,2.1214434497504775,,,,32.30222,-18.81667,spair,0.7649803433804648,-18.81667,synthetic
snapshots/synthetic_steps100_pretrainedTrue_freezeTrue_2025_12_11_05_11,synthetic_steps100_pretrainedTrue_freezeTrue_2025_12_11_05_11,synthetic,steps,100,True,True,2025_12_11_05_11,pointodyssey,5000,106236.3,21.24726,3,0.4912138413772169,0.010175694422755902,0.9898243055772441,5.0,,,,,,,,,,0.11988614315060553,0.35932962604398555,0.6406703739560144,5.0,,,,,,,,,,,,,,,,,,,,,,,-0.0017835520249656826,0.16795789234932176,,,,,,,,,,,,,,,,,,,,,,,,,,,,,0.8698457429746613,-0.64740723413836,4.577525481328662,-0.5803171243769296,-1.0637573816032972,0.5782749418414258,,,,24.515383333333332,-3.2681233333333317,spair,0.26466902600167114,-3.2681233333333317,synthetic
snapshots/synthetic_steps100_pretrainedTrue_freezeTrue_2025_12_11_05_11,synthetic_steps100_pretrainedTrue_freezeTrue_2025_12_11_05_11,synthetic,steps,100,True,True,2025_12_11_05_11,spair,5000,47635.25,9.52705,3,0.23179232479557202,0.21434965011751103,0.7856503498824889,5.0,,,,,,,,,,0.242875389943555,0.13177144685476078,0.8682285531452392,5.0,,,,,,,,,,,,,,,,,,,,,,,-0.5501497485131047,1.3241159494593626,,,,,,,,,,,,,,,,,,,,,,,,,,,,,0.8257415447030831,-0.13166549241384098,1.2989032852300704,-1.08862139507788,-1.0382003825361787,1.8853860314256172,,,,19.357693333333334,-9.830643333333335,spair,1.6753686836074726,-9.830643333333335,synthetic
snapshots/synthetic_steps100_pretrainedTrue_freezeTrue_2025_12_11_05_11,synthetic_steps100_pretrainedTrue_freezeTrue_2025_12_11_05_11,synthetic,steps,100,True,True,2025_12_11_05_11,tss,5000,129087.7,25.81754,3,0.39963213325564284,0.17775061762759545,0.8222493823724045,5.0,,,,,,,,,,0.21397587673841392,0.25681081725856736,0.7431891827414326,5.0,,,,,,,,,,,,,,,,,,,,,,,-0.521584926845106,1.0180496472147358,,,,,,,,,,,,,,,,,,,,,,,,,,,,,0.843217499482616,-0.4722702551117996,1.531662190550104,-0.9615283254193653,-1.042766352970618,1.062610938207489,,,,43.74900333333333,-17.931463333333326,spair,0.72029329802256,-17.931463333333326,synthetic
snapshots/synthetic_steps100_pretrainedTrue_freezeTrue_2025_12_12_23_46,synthetic_steps100_pretrainedTrue_freezeTrue_2025_12_12_23_46,synthetic,steps,100,True,True,2025_12_12_23_46,flyingthings,5000,178126.7,35.62534,3,0.3887234331271549,0.24165226079032764,0.7583477392096724,5.0,,,,,,,,,,0.19842097280342846,0.19214681375361753,0.8078531862463825,5.0,,,,,,,,,,,,,,,,,,,,,,,-0.47996770660793486,0.9463299635335501,,,,,,,,,,,,,,,,,,,,,,,,,,,,,0.8943805269403101,-0.5011608294786528,1.1436422854095074,-0.8629143951694394,-1.1561293164956354,1.4361206070266197,,,,53.90556,-18.28022,spair,0.6201139946141279,-18.28022,synthetic
snapshots/synthetic_steps100_pretrainedTrue_freezeTrue_2025_12_12_23_46,synthetic_steps100_pretrainedTrue_freezeTrue_2025_12_12_23_46,synthetic,steps,100,True,True,2025_12_12_23_46,kitti2012,5000,193728.5,38.7457,3,0.5203726518529079,0.031169905177188713,0.9688300948228112,5.0,,,,,,,,,,0.1871444501750091,0.10946487188175855,0.8905351281182414,5.0,,,,,,,,,,,,,,,,,,,,,,,-0.391328186450426,0.6307472205601041,,,,,,,,,,,,,,,,,,,,,,,,,,,,,0.8271292835487366,-0.5875045340527912,3.4366362041198113,-1.0346964660206988,-1.1486344689684407,2.0962188565309527,,,,64.06846666666667,-25.322766666666666,spair,-1.105542406566221,-25.322766666666666,synthetic
snapshots/synthetic_steps100_pretrainedTrue_freezeTrue_2025_12_12_23_46,synthetic_steps100_pretrainedTrue_freezeTrue_2025_12_12_23_46,synthetic,steps,100,True,True,2025_12_12_23_46,middlebury,5000,106942.95,21.38859,3,0.4466338328003947,0.0343143602757759,0.965685639724224,5.0,,,,,,,,,,0.18012557786284678,0.2982929854977204,0.7017070145022797,5.0,,,,,,,,,,,,,,,,,,,,,,,-0.4097989713487936,0.5230344259275743,,,,,,,,,,,,,,,,,,,,,,,,,,,,,0.9147288588769509,-0.5854751113459327,3.337274423046689,-0.830606855241581,-1.0882971135801134,0.8554397823300391,,,,37.7005,-16.311909999999997,spair,0.3622934680290524,-16.311909999999997,synthetic
snapshots/synthetic_steps100_pretrainedTrue_freezeTrue_2025_12_12_23_46,synthetic_steps100_pretrainedTrue_freezeTrue_2025_12_12_23_46,synthetic,steps,100,True,True,2025_12_12_23_46,pfpascal,5000,95721.05,19.14421,3,0.3785796296032772,0.2284647604884784,0.7715352395115216,5.0,,,,,,,,,,0.21161235437928508,0.13800787346141738,0.8619921265385826,5.0,,,,,,,,,,,,,,,,,,,,,,,-0.553989063143939,1.2756904329306922,,,,,,,,,,,,,,,,,,,,,,,,,,,,,0.8744935886904506,-0.2801152767024394,1.2170003699950407,-0.9090362349654999,-1.10582159561376,1.831935399078093,,,,27.819223333333337,-8.675013333333336,spair,1.8087904831786163,-8.675013333333336,synthetic
snapshots/synthetic_steps100_pretrainedTrue_freezeTrue_2025_12_12_23_46,synthetic_steps100_pretrainedTrue_freezeTrue_2025_12_12_23_46,synthetic,steps,100,True,True,2025_12_12_23_46,pfwillow,5000,99716.6,19.94332,3,0.37303527910389916,0.1254768631715489,0.8745231368284511,5.0,,,,,,,,,,0.22166907499491065,0.10703003507019515,0.8929699649298048,5.0,,,,,,,,,,,,,,,,,,,,,,,-0.5839380433073343,1.2823247573403067,,,,,,,,,,,,,,,,,,,,,,,,,,,,,0.8804279402564409,-0.4261936890318544,1.9415573669395858,-0.9775518501067236,-1.1449009614718952,2.1214434497504775,,,,32.30222,-12.358899999999998,spair,0.7649803433804648,-12.358899999999998,synthetic
snapshots/synthetic_steps100_pretrainedTrue_freezeTrue_2025_12_12_23_46,synthetic_steps100_pretrainedTrue_freezeTrue_2025_12_12_23_46,synthetic,steps,100,True,True,2025_12_12_23_46,pointodyssey,5000,92424.55,18.48491,3,0.4912138413772169,0.010175694422755902,0.9898243055772441,5.0,,,,,,,,,,0.11988614315060553,0.35932962604398555,0.6406703739560144,5.0,,,,,,,,,,,,,,,,,,,,,,,-0.0017835520249656826,0.16795789234932176,,,,,,,,,,,,,,,,,,,,,,,,,,,,,0.8698457429746613,-0.64740723413836,4.577525481328662,-0.5803171243769296,-1.0637573816032972,0.5782749418414258,,,,24.515383333333332,-6.030473333333333,spair,0.26466902600167114,-6.030473333333333,synthetic
snapshots/synthetic_steps100_pretrainedTrue_freezeTrue_2025_12_12_23_46,synthetic_steps100_pretrainedTrue_freezeTrue_2025_12_12_23_46,synthetic,steps,100,True,True,2025_12_12_23_46,spair,5000,44432.3,8.886460000000001,3,0.23179232479557202,0.21434965011751103,0.7856503498824889,5.0,,,,,,,,,,0.242875389943555,0.13177144685476078,0.8682285531452392,5.0,,,,,,,,,,,,,,,,,,,,,,,-0.5501497485131047,1.3241159494593626,,,,,,,,,,,,,,,,,,,,,,,,,,,,,0.8257415447030831,-0.13166549241384098,1.2989032852300704,-1.08862139507788,-1.0382003825361787,1.8853860314256172,,,,19.357693333333334,-10.471233333333332,spair,1.6753686836074726,-10.471233333333332,synthetic
snapshots/synthetic_steps100_pretrainedTrue_freezeTrue_2025_12_12_23_46,synthetic_steps100_pretrainedTrue_freezeTrue_2025_12_12_23_46,synthetic,steps,100,True,True,2025_12_12_23_46,tss,5000,127698.5,25.5397,3,0.39963213325564284,0.17775061762759545,0.8222493823724045,5.0,,,,,,,,,,0.21397587673841392,0.25681081725856736,0.7431891827414326,5.0,,,,,,,,,,,,,,,,,,,,,,,-0.521584926845106,1.0180496472147358,,,,,,,,,,,,,,,,,,,,,,,,,,,,,0.843217499482616,-0.4722702551117996,1.531662190550104,-0.9615283254193653,-1.042766352970618,1.062610938207489,,,,43.74900333333333,-18.209303333333327,spair,0.72029329802256,-18.209303333333327,synthetic
snapshots/synthetic_large_zoom_steps100_pretrainedFalse_freezeFalse_2025_12_11_12_20,synthetic_large_zoom_steps100_pretrainedFalse_freezeFalse_2025_12_11_12_20,synthetic_large_zoom,steps,100,False,False,2025_12_11_12_20,flyingthings,5000,126923.20000000001,25.38464,3,0.20659285899151372,0.37963798359159584,0.6203620164084042,5.0,,,,,,,,,,0.21592363273473322,0.19322001896564828,0.8067799810343517,5.0,,,,,,,,,,,,,,,,,,,,,,,-0.4106240958858629,0.8970450205716973,,,,,,,,,,,,,,,,,,,,,,,,,,,,,0.17069269938886644,0.5034187880714226,0.4910850811918129,-0.5950008451877575,-1.1326935201022015,1.4292214587288596,,,,2.08833,23.296310000000002,spair,4.873366980692078,23.296310000000002,synthetic_large_zoom
snapshots/synthetic_large_zoom_steps100_pretrainedFalse_freezeFalse_2025_12_11_12_20,synthetic_large_zoom_steps100_pretrainedFalse_freezeFalse_2025_12_11_12_20,synthetic_large_zoom,steps,100,False,False,2025_12_11_12_20,kitti2012,5000,147357.05,29.47141,3,0.4742671555013057,0.12316693701702178,0.8768330629829783,5.0,,,,,,,,,,0.20128883758531005,0.10909099150570065,0.8909090084942993,5.0,,,,,,,,,,,,,,,,,,,,,,,-0.6213753547197091,0.6236707609463512,,,,,,,,,,,,,,,,,,,,,,,,,,,,,0.633507740677719,0.9021067107259456,1.9627759774630316,-0.7990527294537388,-1.1588501332369119,2.100059980907531,,,,4.8632566666666674,24.60815333333333,spair,6.458627169968995,24.60815333333333,synthetic_large_zoom
snapshots/synthetic_large_zoom_steps100_pretrainedFalse_freezeFalse_2025_12_11_12_20,synthetic_large_zoom_steps100_pretrainedFalse_freezeFalse_2025_12_11_12_20,synthetic_large_zoom,steps,100,False,False,2025_12_11_12_20,middlebury,5000,81788.75,16.35775,3,0.28564048524862923,0.09131103776479063,0.9086889622352093,5.0,,,,,,,,,,0.19740591117217046,0.29906407479814556,0.7009359252018544,5.0,,,,,,,,,,,,,,,,,,,,,,,-0.5945885249024923,0.4688101858907378,,,,,,,,,,,,,,,,,,,,,,,,,,,,,0.3467623858084274,0.5617585504056716,2.2977311840077257,-0.5367957540323004,-1.0721060534741695,0.8517586305932118,,,,1.9837666666666667,14.373983333333333,spair,6.410971482978626,14.373983333333333,synthetic_large_zoom
snapshots/synthetic_large_zoom_steps100_pretrainedFalse_freezeFalse_2025_12_11_12_20,synthetic_large_zoom_steps100_pretrainedFalse_freezeFalse_2025_12_11_12_20,synthetic_large_zoom,steps,100,False,False,2025_12_11_12_20,pfpascal,5000,13303.599999999999,2.6607199999999995,3,0.13637813353483727,0.2953150401976631,0.7046849598023369,5.0,,,,,,,,,,0.2273607857581464,0.13853890764499688,0.8614610923550031,5.0,,,,,,,,,,,,,,,,,,,,,,,-0.3786355066069365,1.2230901337688138,,,,,,,,,,,,,,,,,,,,,,,,,,,,,0.07799436399246194,0.6920753669588993,0.8697081180309101,-0.6583200097379553,-1.0923689891248713,1.8274786844717297,,,,1.9410966666666667,0.7196233333333328,spair,5.105429998278458,0.7196233333333328,synthetic_large_zoom
snapshots/synthetic_large_zoom_steps100_pretrainedFalse_freezeFalse_2025_12_11_12_20,synthetic_large_zoom_steps100_pretrainedFalse_freezeFalse_2025_12_11_12_20,synthetic_large_zoom,steps,100,False,False,2025_12_11_12_20,pfwillow,5000,18927.75,3.78555,3,0.1360106716465961,0.16183213783508718,0.8381678621649128,5.0,,,,,,,,,,0.2317025354531666,0.10764632892020927,0.8923536710797907,5.0,,,,,,,,,,,,,,,,,,,,,,,-0.3915559715602244,1.2338366871746655,,,,,,,,,,,,,,,,,,,,,,,,,,,,,0.017498109764831744,0.5300292015573412,1.6446587814509401,-0.8022220580685666,-1.1274768862300015,2.115011425006032,,,,3.3644433333333335,0.42110666666666674,spair,3.7129420587150346,0.42110666666666674,synthetic_large_zoom
snapshots/synthetic_large_zoom_steps100_pretrainedFalse_freezeFalse_2025_12_11_12_20,synthetic_large_zoom_steps100_pretrainedFalse_freezeFalse_2025_12_11_12_20,synthetic_large_zoom,steps,100,False,False,2025_12_11_12_20,pointodyssey,5000,40333.7,8.06674,3,0.4390874723360302,0.05233240560701565,0.9476675943929843,5.0,,,,,,,,,,0.13145580298810197,0.35897691603259574,0.6410230839674043,5.0,,,,,,,,,,,,,,,,,,,,,,,-0.8163225168730441,0.13325851813743206,,,,,,,,,,,,,,,,,,,,,,,,,,,,,0.5714231363297244,0.47277074253942036,2.8963880126722974,-0.347037165770405,-1.0729868829600895,0.5798073830258472,,,,2.2678866666666666,5.798853333333333,spair,7.84769410409369,5.798853333333333,synthetic_large_zoom
snapshots/synthetic_large_zoom_steps100_pretrainedFalse_freezeFalse_2025_12_11_12_20,synthetic_large_zoom_steps100_pretrainedFalse_freezeFalse_2025_12_11_12_20,synthetic_large_zoom,steps,100,False,False,2025_12_11_12_20,spair,5000,6369.9,1.27398,3,0.048510170264011956,0.22227239662955522,0.7777276033704448,5.0,,,,,,,,,,0.2605665024025259,0.1319112667807044,0.8680887332192956,5.0,,,,,,,,,,,,,,,,,,,,,,,-0.09877616552594552,1.3191922792488002,,,,,,,,,,,,,,,,,,,,,,,,,,,,,-0.041149780548405915,0.38118791718753675,1.252472697114787,-0.8078048279628576,-1.0350546504159002,1.8841644614606872,,,,2.0635033333333332,-0.7895233333333334,spair,2.606954299772869,-0.7895233333333334,synthetic_large_zoom
snapshots/synthetic_large_zoom_steps100_pretrainedFalse_freezeFalse_2025_12_11_12_20,synthetic_large_zoom_steps100_pretrainedFalse_freezeFalse_2025_12_11_12_20,synthetic_large_zoom,steps,100,False,False,2025_12_11_12_20,tss,5000,30908.7,6.1817400000000005,3,0.16923211159058624,0.25606465413585217,0.7439353458641478,5.0,,,,,,,,,,0.23138486099582722,0.2569072426205107,0.7430927573794893,5.0,,,,,,,,,,,,,,,,,,,,,,,-0.46165507462696725,0.9708849872879264,,,,,,,,,,,,,,,,,,,,,,,,,,,,,0.06189073879333506,0.7680667943431329,1.0665241625257393,-0.677884145625603,-1.0409193748010401,1.0621057825298232,,,,3.624926666666667,2.5568133333333334,spair,5.819580282514468,2.5568133333333334,synthetic_large_zoom
snapshots/synthetic_large_zoom_steps100_pretrainedFalse_freezeFalse_2025_12_13_11_44,synthetic_large_zoom_steps100_pretrainedFalse_freezeFalse_2025_12_13_11_44,synthetic_large_zoom,steps,100,False,False,2025_12_13_11_44,flyingthings,5000,304625.6,60.92511999999999,5,0.20659285899151372,0.37963798359159584,0.6203620164084042,5.0,,,,,,,,,,0.21592363273473322,0.19322001896564828,0.8067799810343517,5.0,,,,,,,,,,,,,,,,,,,,,,,-0.4106240958858629,0.8970450205716973,,,,,,,,,,,,,,,,,,,,,,,,,,,,,0.17069269938886644,0.5034187880714226,0.4910850811918129,-0.5950008451877575,-1.1326935201022015,1.4292214587288596,,,,2.08833,58.83678999999999,spair,4.873366980692078,58.83678999999999,synthetic_large_zoom
snapshots/synthetic_large_zoom_steps100_pretrainedFalse_freezeFalse_2025_12_13_11_44,synthetic_large_zoom_steps100_pretrainedFalse_freezeFalse_2025_12_13_11_44,synthetic_large_zoom,steps,100,False,False,2025_12_13_11_44,kitti2012,5000,348636.4,69.72728000000001,5,0.4742671555013057,0.12316693701702178,0.8768330629829783,5.0,,,,,,,,,,0.20128883758531005,0.10909099150570065,0.8909090084942993,5.0,,,,,,,,,,,,,,,,,,,,,,,-0.6213753547197091,0.6236707609463512,,,,,,,,,,,,,,,,,,,,,,,,,,,,,0.633507740677719,0.9021067107259456,1.9627759774630316,-0.7990527294537388,-1.1588501332369119,2.100059980907531,,,,4.8632566666666674,64.86402333333334,spair,6.458627169968995,64.86402333333334,synthetic_large_zoom
snapshots/synthetic_large_zoom_steps100_pretrainedFalse_freezeFalse_2025_12_13_11_44,synthetic_large_zoom_steps100_pretrainedFalse_freezeFalse_2025_12_13_11_44,synthetic_large_zoom,steps,100,False,False,2025_12_13_11_44,middlebury,5000,194938.5,38.9877,5,0.28564048524862923,0.09131103776479063,0.9086889622352093,5.0,,,,,,,,,,0.19740591117217046,0.29906407479814556,0.7009359252018544,5.0,,,,,,,,,,,,,,,,,,,,,,,-0.5945885249024923,0.4688101858907378,,,,,,,,,,,,,,,,,,,,,,,,,,,,,0.3467623858084274,0.5617585504056716,2.2977311840077257,-0.5367957540323004,-1.0721060534741695,0.8517586305932118,,,,1.9837666666666667,37.00393333333333,spair,6.410971482978626,37.00393333333333,synthetic_large_zoom
snapshots/synthetic_large_zoom_steps100_pretrainedFalse_freezeFalse_2025_12_13_11_44,synthetic_large_zoom_steps100_pretrainedFalse_freezeFalse_2025_12_13_11_44,synthetic_large_zoom,steps,100,False,False,2025_12_13_11_44,pfpascal,5000,66945.05,13.38901,5,0.13637813353483727,0.2953150401976631,0.7046849598023369,5.0,,,,,,,,,,0.2273607857581464,0.13853890764499688,0.8614610923550031,5.0,,,,,,,,,,,,,,,,,,,,,,,-0.3786355066069365,1.2230901337688138,,,,,,,,,,,,,,,,,,,,,,,,,,,,,0.07799436399246194,0.6920753669588993,0.8697081180309101,-0.6583200097379553,-1.0923689891248713,1.8274786844717297,,,,1.9410966666666667,11.447913333333334,spair,5.105429998278458,11.447913333333334,synthetic_large_zoom
snapshots/synthetic_large_zoom_steps100_pretrainedFalse_freezeFalse_2025_12_13_11_44,synthetic_large_zoom_steps100_pretrainedFalse_freezeFalse_2025_12_13_11_44,synthetic_large_zoom,steps,100,False,False,2025_12_13_11_44,pfwillow,5000,74711.04999999999,14.942209999999998,5,0.1360106716465961,0.16183213783508718,0.8381678621649128,5.0,,,,,,,,,,0.2317025354531666,0.10764632892020927,0.8923536710797907,5.0,,,,,,,,,,,,,,,,,,,,,,,-0.3915559715602244,1.2338366871746655,,,,,,,,,,,,,,,,,,,,,,,,,,,,,0.017498109764831744,0.5300292015573412,1.6446587814509401,-0.8022220580685666,-1.1274768862300015,2.115011425006032,,,,3.3644433333333335,11.577766666666664,spair,3.7129420587150346,11.577766666666664,synthetic_large_zoom
snapshots/synthetic_large_zoom_steps100_pretrainedFalse_freezeFalse_2025_12_13_11_44,synthetic_large_zoom_steps100_pretrainedFalse_freezeFalse_2025_12_13_11_44,synthetic_large_zoom,steps,100,False,False,2025_12_13_11_44,pointodyssey,5000,165779.09999999998,33.15582,5,0.4390874723360302,0.05233240560701565,0.9476675943929843,5.0,,,,,,,,,,0.13145580298810197,0.35897691603259574,0.6410230839674043,5.0,,,,,,,,,,,,,,,,,,,,,,,-0.8163225168730441,0.13325851813743206,,,,,,,,,,,,,,,,,,,,,,,,,,,,,0.5714231363297244,0.47277074253942036,2.8963880126722974,-0.347037165770405,-1.0729868829600895,0.5798073830258472,,,,2.2678866666666666,30.887933333333333,spair,7.84769410409369,30.887933333333333,synthetic_large_zoom
snapshots/synthetic_large_zoom_steps100_pretrainedFalse_freezeFalse_2025_12_13_11_44,synthetic_large_zoom_steps100_pretrainedFalse_freezeFalse_2025_12_13_11_44,synthetic_large_zoom,steps,100,False,False,2025_12_13_11_44,spair,5000,16201.95,3.24039,5,0.048510170264011956,0.22227239662955522,0.7777276033704448,5.0,,,,,,,,,,0.2605665024025259,0.1319112667807044,0.8680887332192956,5.0,,,,,,,,,,,,,,,,,,,,,,,-0.09877616552594552,1.3191922792488002,,,,,,,,,,,,,,,,,,,,,,,,,,,,,-0.041149780548405915,0.38118791718753675,1.252472697114787,-0.8078048279628576,-1.0350546504159002,1.8841644614606872,,,,2.0635033333333332,1.1768866666666669,spair,2.606954299772869,1.1768866666666669,synthetic_large_zoom
snapshots/synthetic_large_zoom_steps100_pretrainedFalse_freezeFalse_2025_12_13_11_44,synthetic_large_zoom_steps100_pretrainedFalse_freezeFalse_2025_12_13_11_44,synthetic_large_zoom,steps,100,False,False,2025_12_13_11_44,tss,5000,133519.2,26.703840000000003,5,0.16923211159058624,0.25606465413585217,0.7439353458641478,5.0,,,,,,,,,,0.23138486099582722,0.2569072426205107,0.7430927573794893,5.0,,,,,,,,,,,,,,,,,,,,,,,-0.46165507462696725,0.9708849872879264,,,,,,,,,,,,,,,,,,,,,,,,,,,,,0.06189073879333506,0.7680667943431329,1.0665241625257393,-0.677884145625603,-1.0409193748010401,1.0621057825298232,,,,3.624926666666667,23.078913333333336,spair,5.819580282514468,23.078913333333336,synthetic_large_zoom
snapshots/synthetic_large_zoom_steps100_pretrainedTrue_freezeFalse_2025_12_11_12_20,synthetic_large_zoom_steps100_pretrainedTrue_freezeFalse_2025_12_11_12_20,synthetic_large_zoom,steps,100,True,False,2025_12_11_12_20,flyingthings,5000,175084.25000000003,35.016850000000005,3,0.20659285899151372,0.37963798359159584,0.6203620164084042,5.0,,,,,,,,,,0.21592363273473322,0.19322001896564828,0.8067799810343517,5.0,,,,,,,,,,,,,,,,,,,,,,,-0.4106240958858629,0.8970450205716973,,,,,,,,,,,,,,,,,,,,,,,,,,,,,0.17069269938886644,0.5034187880714226,0.4910850811918129,-0.5950008451877575,-1.1326935201022015,1.4292214587288596,,,,48.23252,-13.215669999999996,spair,4.873366980692078,-13.215669999999996,synthetic_large_zoom
snapshots/synthetic_large_zoom_steps100_pretrainedTrue_freezeFalse_2025_12_11_12_20,synthetic_large_zoom_steps100_pretrainedTrue_freezeFalse_2025_12_11_12_20,synthetic_large_zoom,steps,100,True,False,2025_12_11_12_20,kitti2012,5000,195250.45,39.050090000000004,3,0.4742671555013057,0.12316693701702178,0.8768330629829783,5.0,,,,,,,,,,0.20128883758531005,0.10909099150570065,0.8909090084942993,5.0,,,,,,,,,,,,,,,,,,,,,,,-0.6213753547197091,0.6236707609463512,,,,,,,,,,,,,,,,,,,,,,,,,,,,,0.633507740677719,0.9021067107259456,1.9627759774630316,-0.7990527294537388,-1.1588501332369119,2.100059980907531,,,,59.49418666666667,-20.444096666666667,spair,6.458627169968995,-20.444096666666667,synthetic_large_zoom
snapshots/synthetic_large_zoom_steps100_pretrainedTrue_freezeFalse_2025_12_11_12_20,synthetic_large_zoom_steps100_pretrainedTrue_freezeFalse_2025_12_11_12_20,synthetic_large_zoom,steps,100,True,False,2025_12_11_12_20,middlebury,5000,104762.45,20.95249,3,0.28564048524862923,0.09131103776479063,0.9086889622352093,5.0,,,,,,,,,,0.19740591117217046,0.29906407479814556,0.7009359252018544,5.0,,,,,,,,,,,,,,,,,,,,,,,-0.5945885249024923,0.4688101858907378,,,,,,,,,,,,,,,,,,,,,,,,,,,,,0.3467623858084274,0.5617585504056716,2.2977311840077257,-0.5367957540323004,-1.0721060534741695,0.8517586305932118,,,,34.53024666666666,-13.577756666666662,spair,6.410971482978626,-13.577756666666662,synthetic_large_zoom
snapshots/synthetic_large_zoom_steps100_pretrainedTrue_freezeFalse_2025_12_11_12_20,synthetic_large_zoom_steps100_pretrainedTrue_freezeFalse_2025_12_11_12_20,synthetic_large_zoom,steps,100,True,False,2025_12_11_12_20,pfpascal,5000,72673.5,14.5347,3,0.13637813353483727,0.2953150401976631,0.7046849598023369,5.0,,,,,,,,,,0.2273607857581464,0.13853890764499688,0.8614610923550031,5.0,,,,,,,,,,,,,,,,,,,,,,,-0.3786355066069365,1.2230901337688138,,,,,,,,,,,,,,,,,,,,,,,,,,,,,0.07799436399246194,0.6920753669588993,0.8697081180309101,-0.6583200097379553,-1.0923689891248713,1.8274786844717297,,,,23.19225,-8.65755,spair,5.105429998278458,-8.65755,synthetic_large_zoom
snapshots/synthetic_large_zoom_steps100_pretrainedTrue_freezeFalse_2025_12_11_12_20,synthetic_large_zoom_steps100_pretrainedTrue_freezeFalse_2025_12_11_12_20,synthetic_large_zoom,steps,100,True,False,2025_12_11_12_20,pfwillow,5000,70261.15,14.052229999999998,3,0.1360106716465961,0.16183213783508718,0.8381678621649128,5.0,,,,,,,,,,0.2317025354531666,0.10764632892020927,0.8923536710797907,5.0,,,,,,,,,,,,,,,,,,,,,,,-0.3915559715602244,1.2338366871746655,,,,,,,,,,,,,,,,,,,,,,,,,,,,,0.017498109764831744,0.5300292015573412,1.6446587814509401,-0.8022220580685666,-1.1274768862300015,2.115011425006032,,,,27.67815333333333,-13.625923333333333,spair,3.7129420587150346,-13.625923333333333,synthetic_large_zoom
snapshots/synthetic_large_zoom_steps100_pretrainedTrue_freezeFalse_2025_12_11_12_20,synthetic_large_zoom_steps100_pretrainedTrue_freezeFalse_2025_12_11_12_20,synthetic_large_zoom,steps,100,True,False,2025_12_11_12_20,pointodyssey,5000,88276.65,17.65533,3,0.4390874723360302,0.05233240560701565,0.9476675943929843,5.0,,,,,,,,,,0.13145580298810197,0.35897691603259574,0.6410230839674043,5.0,,,,,,,,,,,,,,,,,,,,,,,-0.8163225168730441,0.13325851813743206,,,,,,,,,,,,,,,,,,,,,,,,,,,,,0.5714231363297244,0.47277074253942036,2.8963880126722974,-0.347037165770405,-1.0729868829600895,0.5798073830258472,,,,24.839123333333333,-7.183793333333334,spair,7.84769410409369,-7.183793333333334,synthetic_large_zoom
snapshots/synthetic_large_zoom_steps100_pretrainedTrue_freezeFalse_2025_12_11_12_20,synthetic_large_zoom_steps100_pretrainedTrue_freezeFalse_2025_12_11_12_20,synthetic_large_zoom,steps,100,True,False,2025_12_11_12_20,spair,5000,40643.100000000006,8.128620000000002,3,0.048510170264011956,0.22227239662955522,0.7777276033704448,5.0,,,,,,,,,,0.2605665024025259,0.1319112667807044,0.8680887332192956,5.0,,,,,,,,,,,,,,,,,,,,,,,-0.09877616552594552,1.3191922792488002,,,,,,,,,,,,,,,,,,,,,,,,,,,,,-0.041149780548405915,0.38118791718753675,1.252472697114787,-0.8078048279628576,-1.0350546504159002,1.8841644614606872,,,,16.234553333333334,-8.105933333333333,spair,2.606954299772869,-8.105933333333333,synthetic_large_zoom
snapshots/synthetic_large_zoom_steps100_pretrainedTrue_freezeFalse_2025_12_11_12_20,synthetic_large_zoom_steps100_pretrainedTrue_freezeFalse_2025_12_11_12_20,synthetic_large_zoom,steps,100,True,False,2025_12_11_12_20,tss,5000,134995.05,26.99901,3,0.16923211159058624,0.25606465413585217,0.7439353458641478,5.0,,,,,,,,,,0.23138486099582722,0.2569072426205107,0.7430927573794893,5.0,,,,,,,,,,,,,,,,,,,,,,,-0.46165507462696725,0.9708849872879264,,,,,,,,,,,,,,,,,,,,,,,,,,,,,0.06189073879333506,0.7680667943431329,1.0665241625257393,-0.677884145625603,-1.0409193748010401,1.0621057825298232,,,,39.87302333333333,-12.87401333333333,spair,5.819580282514468,-12.87401333333333,synthetic_large_zoom
snapshots/synthetic_large_zoom_steps100_pretrainedTrue_freezeFalse_2025_12_13_11_44,synthetic_large_zoom_steps100_pretrainedTrue_freezeFalse_2025_12_13_11_44,synthetic_large_zoom,steps,100,True,False,2025_12_13_11_44,flyingthings,5000,353783.55000000005,70.75671000000001,5,0.20659285899151372,0.37963798359159584,0.6203620164084042,5.0,,,,,,,,,,0.21592363273473322,0.19322001896564828,0.8067799810343517,5.0,,,,,,,,,,,,,,,,,,,,,,,-0.4106240958858629,0.8970450205716973,,,,,,,,,,,,,,,,,,,,,,,,,,,,,0.17069269938886644,0.5034187880714226,0.4910850811918129,-0.5950008451877575,-1.1326935201022015,1.4292214587288596,,,,48.23252,22.52419000000001,spair,4.873366980692078,22.52419000000001,synthetic_large_zoom
snapshots/synthetic_large_zoom_steps100_pretrainedTrue_freezeFalse_2025_12_13_11_44,synthetic_large_zoom_steps100_pretrainedTrue_freezeFalse_2025_12_13_11_44,synthetic_large_zoom,steps,100,True,False,2025_12_13_11_44,kitti2012,5000,393104.1,78.62082,5,0.4742671555013057,0.12316693701702178,0.8768330629829783,5.0,,,,,,,,,,0.20128883758531005,0.10909099150570065,0.8909090084942993,5.0,,,,,,,,,,,,,,,,,,,,,,,-0.6213753547197091,0.6236707609463512,,,,,,,,,,,,,,,,,,,,,,,,,,,,,0.633507740677719,0.9021067107259456,1.9627759774630316,-0.7990527294537388,-1.1588501332369119,2.100059980907531,,,,59.49418666666667,19.126633333333324,spair,6.458627169968995,19.126633333333324,synthetic_large_zoom
snapshots/synthetic_large_zoom_steps100_pretrainedTrue_freezeFalse_2025_12_13_11_44,synthetic_large_zoom_steps100_pretrainedTrue_freezeFalse_2025_12_13_11_44,synthetic_large_zoom,steps,100,True,False,2025_12_13_11_44,middlebury,5000,214377.1,42.87542,5,0.28564048524862923,0.09131103776479063,0.9086889622352093,5.0,,,,,,,,,,0.19740591117217046,0.29906407479814556,0.7009359252018544,5.0,,,,,,,,,,,,,,,,,,,,,,,-0.5945885249024923,0.4688101858907378,,,,,,,,,,,,,,,,,,,,,,,,,,,,,0.3467623858084274,0.5617585504056716,2.2977311840077257,-0.5367957540323004,-1.0721060534741695,0.8517586305932118,,,,34.53024666666666,8.345173333333335,spair,6.410971482978626,8.345173333333335,synthetic_large_zoom
snapshots/synthetic_large_zoom_steps100_pretrainedTrue_freezeFalse_2025_12_13_11_44,synthetic_large_zoom_steps100_pretrainedTrue_freezeFalse_2025_12_13_11_44,synthetic_large_zoom,steps,100,True,False,2025_12_13_11_44,pfpascal,5000,156726.2,31.345240000000004,5,0.13637813353483727,0.2953150401976631,0.7046849598023369,5.0,,,,,,,,,,0.2273607857581464,0.13853890764499688,0.8614610923550031,5.0,,,,,,,,,,,,,,,,,,,,,,,-0.3786355066069365,1.2230901337688138,,,,,,,,,,,,,,,,,,,,,,,,,,,,,0.07799436399246194,0.6920753669588993,0.8697081180309101,-0.6583200097379553,-1.0923689891248713,1.8274786844717297,,,,23.19225,8.152990000000003,spair,5.105429998278458,8.152990000000003,synthetic_large_zoom
snapshots/synthetic_large_zoom_steps100_pretrainedTrue_freezeFalse_2025_12_13_11_44,synthetic_large_zoom_steps100_pretrainedTrue_freezeFalse_2025_12_13_11_44,synthetic_large_zoom,steps,100,True,False,2025_12_13_11_44,pfwillow,5000,190201.35,38.04027,5,0.1360106716465961,0.16183213783508718,0.8381678621649128,5.0,,,,,,,,,,0.2317025354531666,0.10764632892020927,0.8923536710797907,5.0,,,,,,,,,,,,,,,,,,,,,,,-0.3915559715602244,1.2338366871746655,,,,,,,,,,,,,,,,,,,,,,,,,,,,,0.017498109764831744,0.5300292015573412,1.6446587814509401,-0.8022220580685666,-1.1274768862300015,2.115011425006032,,,,27.67815333333333,10.362116666666669,spair,3.7129420587150346,10.362116666666669,synthetic_large_zoom
snapshots/synthetic_large_zoom_steps100_pretrainedTrue_freezeFalse_2025_12_13_11_44,synthetic_large_zoom_steps100_pretrainedTrue_freezeFalse_2025_12_13_11_44,synthetic_large_zoom,steps,100,True,False,2025_12_13_11_44,pointodyssey,5000,151558.7,30.311740000000004,5,0.4390874723360302,0.05233240560701565,0.9476675943929843,5.0,,,,,,,,,,0.13145580298810197,0.35897691603259574,0.6410230839674043,5.0,,,,,,,,,,,,,,,,,,,,,,,-0.8163225168730441,0.13325851813743206,,,,,,,,,,,,,,,,,,,,,,,,,,,,,0.5714231363297244,0.47277074253942036,2.8963880126722974,-0.347037165770405,-1.0729868829600895,0.5798073830258472,,,,24.839123333333333,5.472616666666671,spair,7.84769410409369,5.472616666666671,synthetic_large_zoom
snapshots/synthetic_large_zoom_steps100_pretrainedTrue_freezeFalse_2025_12_13_11_44,synthetic_large_zoom_steps100_pretrainedTrue_freezeFalse_2025_12_13_11_44,synthetic_large_zoom,steps,100,True,False,2025_12_13_11_44,spair,5000,61541.6,12.30832,5,0.048510170264011956,0.22227239662955522,0.7777276033704448,5.0,,,,,,,,,,0.2605665024025259,0.1319112667807044,0.8680887332192956,5.0,,,,,,,,,,,,,,,,,,,,,,,-0.09877616552594552,1.3191922792488002,,,,,,,,,,,,,,,,,,,,,,,,,,,,,-0.041149780548405915,0.38118791718753675,1.252472697114787,-0.8078048279628576,-1.0350546504159002,1.8841644614606872,,,,16.234553333333334,-3.926233333333334,spair,2.606954299772869,-3.926233333333334,synthetic_large_zoom
snapshots/synthetic_large_zoom_steps100_pretrainedTrue_freezeFalse_2025_12_13_11_44,synthetic_large_zoom_steps100_pretrainedTrue_freezeFalse_2025_12_13_11_44,synthetic_large_zoom,steps,100,True,False,2025_12_13_11_44,tss,5000,262833.25,52.56665,5,0.16923211159058624,0.25606465413585217,0.7439353458641478,5.0,,,,,,,,,,0.23138486099582722,0.2569072426205107,0.7430927573794893,5.0,,,,,,,,,,,,,,,,,,,,,,,-0.46165507462696725,0.9708849872879264,,,,,,,,,,,,,,,,,,,,,,,,,,,,,0.06189073879333506,0.7680667943431329,1.0665241625257393,-0.677884145625603,-1.0409193748010401,1.0621057825298232,,,,39.87302333333333,12.693626666666674,spair,5.819580282514468,12.693626666666674,synthetic_large_zoom
snapshots/synthetic_large_zoom_steps100_pretrainedTrue_freezeTrue_2025_12_11_10_14,synthetic_large_zoom_steps100_pretrainedTrue_freezeTrue_2025_12_11_10_14,synthetic_large_zoom,steps,100,True,True,2025_12_11_10_14,flyingthings,5000,349863.1,69.97261999999999,5,0.20659285899151372,0.37963798359159584,0.6203620164084042,5.0,,,,,,,,,,0.21592363273473322,0.19322001896564828,0.8067799810343517,5.0,,,,,,,,,,,,,,,,,,,,,,,-0.4106240958858629,0.8970450205716973,,,,,,,,,,,,,,,,,,,,,,,,,,,,,0.17069269938886644,0.5034187880714226,0.4910850811918129,-0.5950008451877575,-1.1326935201022015,1.4292214587288596,,,,53.90556,16.06705999999999,spair,4.873366980692078,16.06705999999999,synthetic_large_zoom
snapshots/synthetic_large_zoom_steps100_pretrainedTrue_freezeTrue_2025_12_11_10_14,synthetic_large_zoom_steps100_pretrainedTrue_freezeTrue_2025_12_11_10_14,synthetic_large_zoom,steps,100,True,True,2025_12_11_10_14,kitti2012,5000,390365.94999999995,78.07319,5,0.4742671555013057,0.12316693701702178,0.8768330629829783,5.0,,,,,,,,,,0.20128883758531005,0.10909099150570065,0.8909090084942993,5.0,,,,,,,,,,,,,,,,,,,,,,,-0.6213753547197091,0.6236707609463512,,,,,,,,,,,,,,,,,,,,,,,,,,,,,0.633507740677719,0.9021067107259456,1.9627759774630316,-0.7990527294537388,-1.1588501332369119,2.100059980907531,,,,64.06846666666667,14.004723333333331,spair,6.458627169968995,14.004723333333331,synthetic_large_zoom
snapshots/synthetic_large_zoom_steps100_pretrainedTrue_freezeTrue_2025_12_11_10_14,synthetic_large_zoom_steps100_pretrainedTrue_freezeTrue_2025_12_11_10_14,synthetic_large_zoom,steps,100,True,True,2025_12_11_10_14,middlebury,5000,210028.75,42.00575,5,0.28564048524862923,0.09131103776479063,0.9086889622352093,5.0,,,,,,,,,,0.19740591117217046,0.29906407479814556,0.7009359252018544,5.0,,,,,,,,,,,,,,,,,,,,,,,-0.5945885249024923,0.4688101858907378,,,,,,,,,,,,,,,,,,,,,,,,,,,,,0.3467623858084274,0.5617585504056716,2.2977311840077257,-0.5367957540323004,-1.0721060534741695,0.8517586305932118,,,,37.7005,4.305250000000001,spair,6.410971482978626,4.305250000000001,synthetic_large_zoom
snapshots/synthetic_large_zoom_steps100_pretrainedTrue_freezeTrue_2025_12_11_10_14,synthetic_large_zoom_steps100_pretrainedTrue_freezeTrue_2025_12_11_10_14,synthetic_large_zoom,steps,100,True,True,2025_12_11_10_14,pfpascal,5000,131633.74999999997,26.326749999999993,5,0.13637813353483727,0.2953150401976631,0.7046849598023369,5.0,,,,,,,,,,0.2273607857581464,0.13853890764499688,0.8614610923550031,5.0,,,,,,,,,,,,,,,,,,,,,,,-0.3786355066069365,1.2230901337688138,,,,,,,,,,,,,,,,,,,,,,,,,,,,,0.07799436399246194,0.6920753669588993,0.8697081180309101,-0.6583200097379553,-1.0923689891248713,1.8274786844717297,,,,27.819223333333337,-1.4924733333333435,spair,5.105429998278458,-1.4924733333333435,synthetic_large_zoom
snapshots/synthetic_large_zoom_steps100_pretrainedTrue_freezeTrue_2025_12_11_10_14,synthetic_large_zoom_steps100_pretrainedTrue_freezeTrue_2025_12_11_10_14,synthetic_large_zoom,steps,100,True,True,2025_12_11_10_14,pfwillow,5000,122961.0,24.5922,5,0.1360106716465961,0.16183213783508718,0.8381678621649128,5.0,,,,,,,,,,0.2317025354531666,0.10764632892020927,0.8923536710797907,5.0,,,,,,,,,,,,,,,,,,,,,,,-0.3915559715602244,1.2338366871746655,,,,,,,,,,,,,,,,,,,,,,,,,,,,,0.017498109764831744,0.5300292015573412,1.6446587814509401,-0.8022220580685666,-1.1274768862300015,2.115011425006032,,,,32.30222,-7.71002,spair,3.7129420587150346,-7.71002,synthetic_large_zoom
snapshots/synthetic_large_zoom_steps100_pretrainedTrue_freezeTrue_2025_12_11_10_14,synthetic_large_zoom_steps100_pretrainedTrue_freezeTrue_2025_12_11_10_14,synthetic_large_zoom,steps,100,True,True,2025_12_11_10_14,pointodyssey,5000,191011.40000000002,38.20228,5,0.4390874723360302,0.05233240560701565,0.9476675943929843,5.0,,,,,,,,,,0.13145580298810197,0.35897691603259574,0.6410230839674043,5.0,,,,,,,,,,,,,,,,,,,,,,,-0.8163225168730441,0.13325851813743206,,,,,,,,,,,,,,,,,,,,,,,,,,,,,0.5714231363297244,0.47277074253942036,2.8963880126722974,-0.347037165770405,-1.0729868829600895,0.5798073830258472,,,,24.515383333333332,13.68689666666667,spair,7.84769410409369,13.68689666666667,synthetic_large_zoom
snapshots/synthetic_large_zoom_steps100_pretrainedTrue_freezeTrue_2025_12_11_10_14,synthetic_large_zoom_steps100_pretrainedTrue_freezeTrue_2025_12_11_10_14,synthetic_large_zoom,steps,100,True,True,2025_12_11_10_14,spair,5000,83692.65,16.738529999999997,5,0.048510170264011956,0.22227239662955522,0.7777276033704448,5.0,,,,,,,,,,0.2605665024025259,0.1319112667807044,0.8680887332192956,5.0,,,,,,,,,,,,,,,,,,,,,,,-0.09877616552594552,1.3191922792488002,,,,,,,,,,,,,,,,,,,,,,,,,,,,,-0.041149780548405915,0.38118791718753675,1.252472697114787,-0.8078048279628576,-1.0350546504159002,1.8841644614606872,,,,19.357693333333334,-2.6191633333333364,spair,2.606954299772869,-2.6191633333333364,synthetic_large_zoom
snapshots/synthetic_large_zoom_steps100_pretrainedTrue_freezeTrue_2025_12_11_10_14,synthetic_large_zoom_steps100_pretrainedTrue_freezeTrue_2025_12_11_10_14,synthetic_large_zoom,steps,100,True,True,2025_12_11_10_14,tss,5000,257381.40000000002,51.47628,5,0.16923211159058624,0.25606465413585217,0.7439353458641478,5.0,,,,,,,,,,0.23138486099582722,0.2569072426205107,0.7430927573794893,5.0,,,,,,,,,,,,,,,,,,,,,,,-0.46165507462696725,0.9708849872879264,,,,,,,,,,,,,,,,,,,,,,,,,,,,,0.06189073879333506,0.7680667943431329,1.0665241625257393,-0.677884145625603,-1.0409193748010401,1.0621057825298232,,,,43.74900333333333,7.7272766666666755,spair,5.819580282514468,7.7272766666666755,synthetic_large_zoom
snapshots/synthetic_large_zoom_steps100_pretrainedTrue_freezeTrue_2025_12_13_11_43,synthetic_large_zoom_steps100_pretrainedTrue_freezeTrue_2025_12_13_11_43,synthetic_large_zoom,steps,100,True,True,2025_12_13_11_43,flyingthings,5000,176673.45,35.33469,3,0.20659285899151372,0.37963798359159584,0.6203620164084042,5.0,,,,,,,,,,0.21592363273473322,0.19322001896564828,0.8067799810343517,5.0,,,,,,,,,,,,,,,,,,,,,,,-0.4106240958858629,0.8970450205716973,,,,,,,,,,,,,,,,,,,,,,,,,,,,,0.17069269938886644,0.5034187880714226,0.4910850811918129,-0.5950008451877575,-1.1326935201022015,1.4292214587288596,,,,53.90556,-18.57087,spair,4.873366980692078,-18.57087,synthetic_large_zoom
snapshots/synthetic_large_zoom_steps100_pretrainedTrue_freezeTrue_2025_12_13_11_43,synthetic_large_zoom_steps100_pretrainedTrue_freezeTrue_2025_12_13_11_43,synthetic_large_zoom,steps,100,True,True,2025_12_13_11_43,kitti2012,5000,195608.7,39.12174,3,0.4742671555013057,0.12316693701702178,0.8768330629829783,5.0,,,,,,,,,,0.20128883758531005,0.10909099150570065,0.8909090084942993,5.0,,,,,,,,,,,,,,,,,,,,,,,-0.6213753547197091,0.6236707609463512,,,,,,,,,,,,,,,,,,,,,,,,,,,,,0.633507740677719,0.9021067107259456,1.9627759774630316,-0.7990527294537388,-1.1588501332369119,2.100059980907531,,,,64.06846666666667,-24.946726666666663,spair,6.458627169968995,-24.946726666666663,synthetic_large_zoom
snapshots/synthetic_large_zoom_steps100_pretrainedTrue_freezeTrue_2025_12_13_11_43,synthetic_large_zoom_steps100_pretrainedTrue_freezeTrue_2025_12_13_11_43,synthetic_large_zoom,steps,100,True,True,2025_12_13_11_43,middlebury,5000,105260.95,21.05219,3,0.28564048524862923,0.09131103776479063,0.9086889622352093,5.0,,,,,,,,,,0.19740591117217046,0.29906407479814556,0.7009359252018544,5.0,,,,,,,,,,,,,,,,,,,,,,,-0.5945885249024923,0.4688101858907378,,,,,,,,,,,,,,,,,,,,,,,,,,,,,0.3467623858084274,0.5617585504056716,2.2977311840077257,-0.5367957540323004,-1.0721060534741695,0.8517586305932118,,,,37.7005,-16.64831,spair,6.410971482978626,-16.64831,synthetic_large_zoom
snapshots/synthetic_large_zoom_steps100_pretrainedTrue_freezeTrue_2025_12_13_11_43,synthetic_large_zoom_steps100_pretrainedTrue_freezeTrue_2025_12_13_11_43,synthetic_large_zoom,steps,100,True,True,2025_12_13_11_43,pfpascal,5000,94660.65000000001,18.93213,3,0.13637813353483727,0.2953150401976631,0.7046849598023369,5.0,,,,,,,,,,0.2273607857581464,0.13853890764499688,0.8614610923550031,5.0,,,,,,,,,,,,,,,,,,,,,,,-0.3786355066069365,1.2230901337688138,,,,,,,,,,,,,,,,,,,,,,,,,,,,,0.07799436399246194,0.6920753669588993,0.8697081180309101,-0.6583200097379553,-1.0923689891248713,1.8274786844717297,,,,27.819223333333337,-8.887093333333336,spair,5.105429998278458,-8.887093333333336,synthetic_large_zoom
snapshots/synthetic_large_zoom_steps100_pretrainedTrue_freezeTrue_2025_12_13_11_43,synthetic_large_zoom_steps100_pretrainedTrue_freezeTrue_2025_12_13_11_43,synthetic_large_zoom,steps,100,True,True,2025_12_13_11_43,pfwillow,5000,105583.25,21.11665,3,0.1360106716465961,0.16183213783508718,0.8381678621649128,5.0,,,,,,,,,,0.2317025354531666,0.10764632892020927,0.8923536710797907,5.0,,,,,,,,,,,,,,,,,,,,,,,-0.3915559715602244,1.2338366871746655,,,,,,,,,,,,,,,,,,,,,,,,,,,,,0.017498109764831744,0.5300292015573412,1.6446587814509401,-0.8022220580685666,-1.1274768862300015,2.115011425006032,,,,32.30222,-11.185569999999998,spair,3.7129420587150346,-11.185569999999998,synthetic_large_zoom
snapshots/synthetic_large_zoom_steps100_pretrainedTrue_freezeTrue_2025_12_13_11_43,synthetic_large_zoom_steps100_pretrainedTrue_freezeTrue_2025_12_13_11_43,synthetic_large_zoom,steps,100,True,True,2025_12_13_11_43,pointodyssey,5000,80376.1,16.07522,3,0.4390874723360302,0.05233240560701565,0.9476675943929843,5.0,,,,,,,,,,0.13145580298810197,0.35897691603259574,0.6410230839674043,5.0,,,,,,,,,,,,,,,,,,,,,,,-0.8163225168730441,0.13325851813743206,,,,,,,,,,,,,,,,,,,,,,,,,,,,,0.5714231363297244,0.47277074253942036,2.8963880126722974,-0.347037165770405,-1.0729868829600895,0.5798073830258472,,,,24.515383333333332,-8.44016333333333,spair,7.84769410409369,-8.44016333333333,synthetic_large_zoom
snapshots/synthetic_large_zoom_steps100_pretrainedTrue_freezeTrue_2025_12_13_11_43,synthetic_large_zoom_steps100_pretrainedTrue_freezeTrue_2025_12_13_11_43,synthetic_large_zoom,steps,100,True,True,2025_12_13_11_43,spair,5000,41481.25,8.29625,3,0.048510170264011956,0.22227239662955522,0.7777276033704448,5.0,,,,,,,,,,0.2605665024025259,0.1319112667807044,0.8680887332192956,5.0,,,,,,,,,,,,,,,,,,,,,,,-0.09877616552594552,1.3191922792488002,,,,,,,,,,,,,,,,,,,,,,,,,,,,,-0.041149780548405915,0.38118791718753675,1.252472697114787,-0.8078048279628576,-1.0350546504159002,1.8841644614606872,,,,19.357693333333334,-11.061443333333333,spair,2.606954299772869,-11.061443333333333,synthetic_large_zoom
snapshots/synthetic_large_zoom_steps100_pretrainedTrue_freezeTrue_2025_12_13_11_43,synthetic_large_zoom_steps100_pretrainedTrue_freezeTrue_2025_12_13_11_43,synthetic_large_zoom,steps,100,True,True,2025_12_13_11_43,tss,5000,134958.7,26.991740000000004,3,0.16923211159058624,0.25606465413585217,0.7439353458641478,5.0,,,,,,,,,,0.23138486099582722,0.2569072426205107,0.7430927573794893,5.0,,,,,,,,,,,,,,,,,,,,,,,-0.46165507462696725,0.9708849872879264,,,,,,,,,,,,,,,,,,,,,,,,,,,,,0.06189073879333506,0.7680667943431329,1.0665241625257393,-0.677884145625603,-1.0409193748010401,1.0621057825298232,,,,43.74900333333333,-16.757263333333324,spair,5.819580282514468,-16.757263333333324,synthetic_large_zoom
snapshots/synthetic_random_flipping_steps100_pretrainedFalse_freezeFalse_2025_12_13_11_45,synthetic_random_flipping_steps100_pretrainedFalse_freezeFalse_2025_12_13_11_45,synthetic_random_flipping,steps,100,False,False,2025_12_13_11_45,flyingthings,5000,94152.85,18.83057,3,0.40398276182990045,0.15793268703610383,0.8420673129638961,5.0,,,,,,,,,,0.22151779265237462,0.19280372232096657,0.8071962776790335,5.0,,,,,,,,,,,,,,,,,,,,,,,-0.2102783179866519,0.9803569297913163,,,,,,,,,,,,,,,,,,,,,,,,,,,,,0.9460766168098571,-1.3171447403138155,1.6736910443518733,-0.5127292217226085,-1.1417724804227012,1.4318941689960543,,,,2.08833,16.742240000000002,spair,0.32701470672482064,16.742240000000002,synthetic_random_flipping
snapshots/synthetic_random_flipping_steps100_pretrainedFalse_freezeFalse_2025_12_13_11_45,synthetic_random_flipping_steps100_pretrainedFalse_freezeFalse_2025_12_13_11_45,synthetic_random_flipping,steps,100,False,False,2025_12_13_11_45,kitti2012,5000,112030.9,22.40618,3,0.48880166969697203,0.018942888738088373,0.9810571112619116,5.0,,,,,,,,,,0.2083977226094689,0.10965569201774669,0.8903443079822533,5.0,,,,,,,,,,,,,,,,,,,,,,,0.009368942150964298,0.6544686475458648,,,,,,,,,,,,,,,,,,,,,,,,,,,,,0.6945885098169178,-1.1035267823890644,3.9472020786448887,-0.6852947545230483,-1.1434324147301176,2.0942628665122927,,,,4.8632566666666674,17.54292333333333,spair,-0.48947895926458657,17.54292333333333,synthetic_random_flipping
snapshots/synthetic_random_flipping_steps100_pretrainedFalse_freezeFalse_2025_12_13_11_45,synthetic_random_flipping_steps100_pretrainedFalse_freezeFalse_2025_12_13_11_45,synthetic_random_flipping,steps,100,False,False,2025_12_13_11_45,middlebury,5000,60716.45,12.143289999999999,3,0.45774469963815034,0.02382180312906991,0.9761781968709301,5.0,,,,,,,,,,0.20253178603949856,0.298644136846839,0.701355863153161,5.0,,,,,,,,,,,,,,,,,,,,,,,0.06981818346710626,0.5524682346098909,,,,,,,,,,,,,,,,,,,,,,,,,,,,,0.9510008711720301,-1.0001720326403862,3.713043889332856,-0.4534172204235541,-1.0809207856785787,0.8537627221444509,,,,1.9837666666666667,10.159523333333333,spair,1.5025868837924827,10.159523333333333,synthetic_random_flipping
snapshots/synthetic_random_flipping_steps100_pretrainedFalse_freezeFalse_2025_12_13_11_45,synthetic_random_flipping_steps100_pretrainedFalse_freezeFalse_2025_12_13_11_45,synthetic_random_flipping,steps,100,False,False,2025_12_13_11_45,pfpascal,5000,8706.350000000002,1.7412700000000005,3,0.40124957238307457,0.1559776654784037,0.8440223345215963,5.0,,,,,,,,,,0.23402546623913856,0.13885427680026663,0.8611457231997334,5.0,,,,,,,,,,,,,,,,,,,,,,,-0.26938782337354494,1.3207916052676405,,,,,,,,,,,,,,,,,,,,,,,,,,,,,0.930727295220711,-1.599910342823309,1.6884661299596386,-0.5559309262006012,-1.084400260540839,1.8248387240221366,,,,1.9410966666666667,-0.19982666666666615,spair,-0.7268599536642186,-0.19982666666666615,synthetic_random_flipping
snapshots/synthetic_random_flipping_steps100_pretrainedFalse_freezeFalse_2025_12_13_11_45,synthetic_random_flipping_steps100_pretrainedFalse_freezeFalse_2025_12_13_11_45,synthetic_random_flipping,steps,100,False,False,2025_12_13_11_45,pfwillow,5000,15844.449999999999,3.1688899999999998,3,0.41437032853536976,0.09162744988257311,0.9083725501174269,5.0,,,,,,,,,,0.24097444451526517,0.10764646955701548,0.8923535304429845,5.0,,,,,,,,,,,,,,,,,,,,,,,-0.32019461904819957,1.331137955986584,,,,,,,,,,,,,,,,,,,,,,,,,,,,,0.9928946810625379,-1.561061836684381,2.2939236939436825,-0.6448575926184561,-1.127472920121977,2.1150099609337873,,,,3.3644433333333335,-0.1955533333333337,spair,-0.9436834324807722,-0.1955533333333337,synthetic_random_flipping
snapshots/synthetic_random_flipping_steps100_pretrainedFalse_freezeFalse_2025_12_13_11_45,synthetic_random_flipping_steps100_pretrainedFalse_freezeFalse_2025_12_13_11_45,synthetic_random_flipping,steps,100,False,False,2025_12_13_11_45,pointodyssey,5000,18305.9,3.6611800000000003,3,0.4982493805558036,0.006035616655138001,0.993964383344862,5.0,,,,,,,,,,0.13770506225983042,0.35949402558235105,0.6405059744176489,5.0,,,,,,,,,,,,,,,,,,,,,,,1.0786026464103518,0.18376228150925059,,,,,,,,,,,,,,,,,,,,,,,,,,,,,0.9098963064017931,-0.9982240607863969,5.104023345232653,-0.2282183600994074,-1.0594568341652781,0.5775608906966444,,,,2.2678866666666666,1.3932933333333337,spair,0.6551109415454259,1.3932933333333337,synthetic_random_flipping
snapshots/synthetic_random_flipping_steps100_pretrainedFalse_freezeFalse_2025_12_13_11_45,synthetic_random_flipping_steps100_pretrainedFalse_freezeFalse_2025_12_13_11_45,synthetic_random_flipping,steps,100,False,False,2025_12_13_11_45,spair,5000,6350.650000000001,1.2701300000000002,3,0.3351693664686225,0.2123643528352911,0.7876356471647089,5.0,,,,,,,,,,0.265993674475232,0.13245490335863416,0.8675450966413658,5.0,,,,,,,,,,,,,,,,,,,,,,,-0.7480769104962237,1.3584320092410487,,,,,,,,,,,,,,,,,,,,,,,,,,,,,1.07601433366216,-0.2623224508402026,1.310732161293906,-0.7241720333471257,-1.0228504705620398,1.8794252595877818,,,,2.0635033333333332,-0.793373333333333,spair,4.416810520219652,-0.793373333333333,synthetic_random_flipping
snapshots/synthetic_random_flipping_steps100_pretrainedFalse_freezeFalse_2025_12_13_11_45,synthetic_random_flipping_steps100_pretrainedFalse_freezeFalse_2025_12_13_11_45,synthetic_random_flipping,steps,100,False,False,2025_12_13_11_45,tss,5000,21523.45,4.30469,3,0.44872855099748143,0.12552309109294732,0.8744769089070527,5.0,,,,,,,,,,0.2371964396880959,0.2574043468048496,0.7425956531951504,5.0,,,,,,,,,,,,,,,,,,,,,,,-0.21974362063743857,1.0555256850108257,,,,,,,,,,,,,,,,,,,,,,,,,,,,,0.9759738555877864,-1.564173513979519,1.941136154781277,-0.5865572576465298,-1.0314047866932436,1.059503505858407,,,,3.624926666666667,0.6797633333333328,spair,-0.4861864886751615,0.6797633333333328,synthetic_random_flipping
snapshots/synthetic_random_flipping_steps100_pretrainedTrue_freezeFalse_2025_12_13_11_45,synthetic_random_flipping_steps100_pretrainedTrue_freezeFalse_2025_12_13_11_45,synthetic_random_flipping,steps,100,True,False,2025_12_13_11_45,flyingthings,5000,177062.65,35.41253,3,0.40398276182990045,0.15793268703610383,0.8420673129638961,5.0,,,,,,,,,,0.22151779265237462,0.19280372232096657,0.8071962776790335,5.0,,,,,,,,,,,,,,,,,,,,,,,-0.2102783179866519,0.9803569297913163,,,,,,,,,,,,,,,,,,,,,,,,,,,,,0.9460766168098571,-1.3171447403138155,1.6736910443518733,-0.5127292217226085,-1.1417724804227012,1.4318941689960543,,,,48.23252,-12.819990000000004,spair,0.32701470672482064,-12.819990000000004,synthetic_random_flipping
snapshots/synthetic_random_flipping_steps100_pretrainedTrue_freezeFalse_2025_12_13_11_45,synthetic_random_flipping_steps100_pretrainedTrue_freezeFalse_2025_12_13_11_45,synthetic_random_flipping,steps,100,True,False,2025_12_13_11_45,kitti2012,5000,192384.34999999998,38.47687,3,0.48880166969697203,0.018942888738088373,0.9810571112619116,5.0,,,,,,,,,,0.2083977226094689,0.10965569201774669,0.8903443079822533,5.0,,,,,,,,,,,,,,,,,,,,,,,0.009368942150964298,0.6544686475458648,,,,,,,,,,,,,,,,,,,,,,,,,,,,,0.6945885098169178,-1.1035267823890644,3.9472020786448887,-0.6852947545230483,-1.1434324147301176,2.0942628665122927,,,,59.49418666666667,-21.017316666666673,spair,-0.48947895926458657,-21.017316666666673,synthetic_random_flipping
snapshots/synthetic_random_flipping_steps100_pretrainedTrue_freezeFalse_2025_12_13_11_45,synthetic_random_flipping_steps100_pretrainedTrue_freezeFalse_2025_12_13_11_45,synthetic_random_flipping,steps,100,True,False,2025_12_13_11_45,middlebury,5000,105815.30000000002,21.163060000000005,3,0.45774469963815034,0.02382180312906991,0.9761781968709301,5.0,,,,,,,,,,0.20253178603949856,0.298644136846839,0.701355863153161,5.0,,,,,,,,,,,,,,,,,,,,,,,0.06981818346710626,0.5524682346098909,,,,,,,,,,,,,,,,,,,,,,,,,,,,,0.9510008711720301,-1.0001720326403862,3.713043889332856,-0.4534172204235541,-1.0809207856785787,0.8537627221444509,,,,34.53024666666666,-13.367186666666658,spair,1.5025868837924827,-13.367186666666658,synthetic_random_flipping
snapshots/synthetic_random_flipping_steps100_pretrainedTrue_freezeFalse_2025_12_13_11_45,synthetic_random_flipping_steps100_pretrainedTrue_freezeFalse_2025_12_13_11_45,synthetic_random_flipping,steps,100,True,False,2025_12_13_11_45,pfpascal,5000,79090.34999999999,15.818069999999999,3,0.40124957238307457,0.1559776654784037,0.8440223345215963,5.0,,,,,,,,,,0.23402546623913856,0.13885427680026663,0.8611457231997334,5.0,,,,,,,,,,,,,,,,,,,,,,,-0.26938782337354494,1.3207916052676405,,,,,,,,,,,,,,,,,,,,,,,,,,,,,0.930727295220711,-1.599910342823309,1.6884661299596386,-0.5559309262006012,-1.084400260540839,1.8248387240221366,,,,23.19225,-7.374180000000003,spair,-0.7268599536642186,-7.374180000000003,synthetic_random_flipping
snapshots/synthetic_random_flipping_steps100_pretrainedTrue_freezeFalse_2025_12_13_11_45,synthetic_random_flipping_steps100_pretrainedTrue_freezeFalse_2025_12_13_11_45,synthetic_random_flipping,steps,100,True,False,2025_12_13_11_45,pfwillow,5000,79838.9,15.96778,3,0.41437032853536976,0.09162744988257311,0.9083725501174269,5.0,,,,,,,,,,0.24097444451526517,0.10764646955701548,0.8923535304429845,5.0,,,,,,,,,,,,,,,,,,,,,,,-0.32019461904819957,1.331137955986584,,,,,,,,,,,,,,,,,,,,,,,,,,,,,0.9928946810625379,-1.561061836684381,2.2939236939436825,-0.6448575926184561,-1.127472920121977,2.1150099609337873,,,,27.67815333333333,-11.710373333333331,spair,-0.9436834324807722,-11.710373333333331,synthetic_random_flipping
snapshots/synthetic_random_flipping_steps100_pretrainedTrue_freezeFalse_2025_12_13_11_45,synthetic_random_flipping_steps100_pretrainedTrue_freezeFalse_2025_12_13_11_45,synthetic_random_flipping,steps,100,True,False,2025_12_13_11_45,pointodyssey,5000,93530.4,18.70608,3,0.4982493805558036,0.006035616655138001,0.993964383344862,5.0,,,,,,,,,,0.13770506225983042,0.35949402558235105,0.6405059744176489,5.0,,,,,,,,,,,,,,,,,,,,,,,1.0786026464103518,0.18376228150925059,,,,,,,,,,,,,,,,,,,,,,,,,,,,,0.9098963064017931,-0.9982240607863969,5.104023345232653,-0.2282183600994074,-1.0594568341652781,0.5775608906966444,,,,24.839123333333333,-6.133043333333333,spair,0.6551109415454259,-6.133043333333333,synthetic_random_flipping
snapshots/synthetic_random_flipping_steps100_pretrainedTrue_freezeFalse_2025_12_13_11_45,synthetic_random_flipping_steps100_pretrainedTrue_freezeFalse_2025_12_13_11_45,synthetic_random_flipping,steps,100,True,False,2025_12_13_11_45,spair,5000,46392.25,9.27845,3,0.3351693664686225,0.2123643528352911,0.7876356471647089,5.0,,,,,,,,,,0.265993674475232,0.13245490335863416,0.8675450966413658,5.0,,,,,,,,,,,,,,,,,,,,,,,-0.7480769104962237,1.3584320092410487,,,,,,,,,,,,,,,,,,,,,,,,,,,,,1.07601433366216,-0.2623224508402026,1.310732161293906,-0.7241720333471257,-1.0228504705620398,1.8794252595877818,,,,16.234553333333334,-6.956103333333335,spair,4.416810520219652,-6.956103333333335,synthetic_random_flipping
snapshots/synthetic_random_flipping_steps100_pretrainedTrue_freezeFalse_2025_12_13_11_45,synthetic_random_flipping_steps100_pretrainedTrue_freezeFalse_2025_12_13_11_45,synthetic_random_flipping,steps,100,True,False,2025_12_13_11_45,tss,5000,134630.8,26.92616,3,0.44872855099748143,0.12552309109294732,0.8744769089070527,5.0,,,,,,,,,,0.2371964396880959,0.2574043468048496,0.7425956531951504,5.0,,,,,,,,,,,,,,,,,,,,,,,-0.21974362063743857,1.0555256850108257,,,,,,,,,,,,,,,,,,,,,,,,,,,,,0.9759738555877864,-1.564173513979519,1.941136154781277,-0.5865572576465298,-1.0314047866932436,1.059503505858407,,,,39.87302333333333,-12.94686333333333,spair,-0.4861864886751615,-12.94686333333333,synthetic_random_flipping
snapshots/synthetic_random_flipping_steps100_pretrainedTrue_freezeTrue_2025_12_13_11_45,synthetic_random_flipping_steps100_pretrainedTrue_freezeTrue_2025_12_13_11_45,synthetic_random_flipping,steps,100,True,True,2025_12_13_11_45,flyingthings,5000,174849.2,34.969840000000005,3,0.40398276182990045,0.15793268703610383,0.8420673129638961,5.0,,,,,,,,,,0.22151779265237462,0.19280372232096657,0.8071962776790335,5.0,,,,,,,,,,,,,,,,,,,,,,,-0.2102783179866519,0.9803569297913163,,,,,,,,,,,,,,,,,,,,,,,,,,,,,0.9460766168098571,-1.3171447403138155,1.6736910443518733,-0.5127292217226085,-1.1417724804227012,1.4318941689960543,,,,53.90556,-18.935719999999996,spair,0.32701470672482064,-18.935719999999996,synthetic_random_flipping
snapshots/synthetic_random_flipping_steps100_pretrainedTrue_freezeTrue_2025_12_13_11_45,synthetic_random_flipping_steps100_pretrainedTrue_freezeTrue_2025_12_13_11_45,synthetic_random_flipping,steps,100,True,True,2025_12_13_11_45,kitti2012,5000,189772.2,37.954440000000005,3,0.48880166969697203,0.018942888738088373,0.9810571112619116,5.0,,,,,,,,,,0.2083977226094689,0.10965569201774669,0.8903443079822533,5.0,,,,,,,,,,,,,,,,,,,,,,,0.009368942150964298,0.6544686475458648,,,,,,,,,,,,,,,,,,,,,,,,,,,,,0.6945885098169178,-1.1035267823890644,3.9472020786448887,-0.6852947545230483,-1.1434324147301176,2.0942628665122927,,,,64.06846666666667,-26.11402666666666,spair,-0.48947895926458657,-26.11402666666666,synthetic_random_flipping
snapshots/synthetic_random_flipping_steps100_pretrainedTrue_freezeTrue_2025_12_13_11_45,synthetic_random_flipping_steps100_pretrainedTrue_freezeTrue_2025_12_13_11_45,synthetic_random_flipping,steps,100,True,True,2025_12_13_11_45,middlebury,5000,105898.2,21.17964,3,0.45774469963815034,0.02382180312906991,0.9761781968709301,5.0,,,,,,,,,,0.20253178603949856,0.298644136846839,0.701355863153161,5.0,,,,,,,,,,,,,,,,,,,,,,,0.06981818346710626,0.5524682346098909,,,,,,,,,,,,,,,,,,,,,,,,,,,,,0.9510008711720301,-1.0001720326403862,3.713043889332856,-0.4534172204235541,-1.0809207856785787,0.8537627221444509,,,,37.7005,-16.52086,spair,1.5025868837924827,-16.52086,synthetic_random_flipping
snapshots/synthetic_random_flipping_steps100_pretrainedTrue_freezeTrue_2025_12_13_11_45,synthetic_random_flipping_steps100_pretrainedTrue_freezeTrue_2025_12_13_11_45,synthetic_random_flipping,steps,100,True,True,2025_12_13_11_45,pfpascal,5000,68606.79999999999,13.721359999999997,3,0.40124957238307457,0.1559776654784037,0.8440223345215963,5.0,,,,,,,,,,0.23402546623913856,0.13885427680026663,0.8611457231997334,5.0,,,,,,,,,,,,,,,,,,,,,,,-0.26938782337354494,1.3207916052676405,,,,,,,,,,,,,,,,,,,,,,,,,,,,,0.930727295220711,-1.599910342823309,1.6884661299596386,-0.5559309262006012,-1.084400260540839,1.8248387240221366,,,,27.819223333333337,-14.09786333333334,spair,-0.7268599536642186,-14.09786333333334,synthetic_random_flipping
snapshots/synthetic_random_flipping_steps100_pretrainedTrue_freezeTrue_2025_12_13_11_45,synthetic_random_flipping_steps100_pretrainedTrue_freezeTrue_2025_12_13_11_45,synthetic_random_flipping,steps,100,True,True,2025_12_13_11_45,pfwillow,5000,60855.55,12.17111,3,0.41437032853536976,0.09162744988257311,0.9083725501174269,5.0,,,,,,,,,,0.24097444451526517,0.10764646955701548,0.8923535304429845,5.0,,,,,,,,,,,,,,,,,,,,,,,-0.32019461904819957,1.331137955986584,,,,,,,,,,,,,,,,,,,,,,,,,,,,,0.9928946810625379,-1.561061836684381,2.2939236939436825,-0.6448575926184561,-1.127472920121977,2.1150099609337873,,,,32.30222,-20.13111,spair,-0.9436834324807722,-20.13111,synthetic_random_flipping
snapshots/synthetic_random_flipping_steps100_pretrainedTrue_freezeTrue_2025_12_13_11_45,synthetic_random_flipping_steps100_pretrainedTrue_freezeTrue_2025_12_13_11_45,synthetic_random_flipping,steps,100,True,True,2025_12_13_11_45,pointodyssey,5000,88395.45,17.67909,3,0.4982493805558036,0.006035616655138001,0.993964383344862,5.0,,,,,,,,,,0.13770506225983042,0.35949402558235105,0.6405059744176489,5.0,,,,,,,,,,,,,,,,,,,,,,,1.0786026464103518,0.18376228150925059,,,,,,,,,,,,,,,,,,,,,,,,,,,,,0.9098963064017931,-0.9982240607863969,5.104023345232653,-0.2282183600994074,-1.0594568341652781,0.5775608906966444,,,,24.515383333333332,-6.836293333333334,spair,0.6551109415454259,-6.836293333333334,synthetic_random_flipping
snapshots/synthetic_random_flipping_steps100_pretrainedTrue_freezeTrue_2025_12_13_11_45,synthetic_random_flipping_steps100_pretrainedTrue_freezeTrue_2025_12_13_11_45,synthetic_random_flipping,steps,100,True,True,2025_12_13_11_45,spair,5000,45347.100000000006,9.069420000000001,3,0.3351693664686225,0.2123643528352911,0.7876356471647089,5.0,,,,,,,,,,0.265993674475232,0.13245490335863416,0.8675450966413658,5.0,,,,,,,,,,,,,,,,,,,,,,,-0.7480769104962237,1.3584320092410487,,,,,,,,,,,,,,,,,,,,,,,,,,,,,1.07601433366216,-0.2623224508402026,1.310732161293906,-0.7241720333471257,-1.0228504705620398,1.8794252595877818,,,,19.357693333333334,-10.288273333333333,spair,4.416810520219652,-10.288273333333333,synthetic_random_flipping
snapshots/synthetic_random_flipping_steps100_pretrainedTrue_freezeTrue_2025_12_13_11_45,synthetic_random_flipping_steps100_pretrainedTrue_freezeTrue_2025_12_13_11_45,synthetic_random_flipping,steps,100,True,True,2025_12_13_11_45,tss,5000,128032.4,25.606479999999998,3,0.44872855099748143,0.12552309109294732,0.8744769089070527,5.0,,,,,,,,,,0.2371964396880959,0.2574043468048496,0.7425956531951504,5.0,,,,,,,,,,,,,,,,,,,,,,,-0.21974362063743857,1.0555256850108257,,,,,,,,,,,,,,,,,,,,,,,,,,,,,0.9759738555877864,-1.564173513979519,1.941136154781277,-0.5865572576465298,-1.0314047866932436,1.059503505858407,,,,43.74900333333333,-18.14252333333333,spair,-0.4861864886751615,-18.14252333333333,synthetic_random_flipping
snapshots/synthetic_small_zoom_steps100_pretrainedFalse_freezeFalse_2025_12_11_08_43,synthetic_small_zoom_steps100_pretrainedFalse_freezeFalse_2025_12_11_08_43,synthetic_small_zoom,steps,100,False,False,2025_12_11_08_43,flyingthings,5000,278624.8,55.724959999999996,5,0.14891402076191668,0.43635916613402526,0.5636408338659747,5.0,,,,,,,,,,0.20976999893321135,0.19126411398789323,0.8087358860121068,5.0,,,,,,,,,,,,,,,,,,,,,,,-0.3597222997153889,1.1069119079055683,,,,,,,,,,,,,,,,,,,,,,,,,,,,,-0.15152244143745688,0.8653952582208019,0.255951549486951,-0.6873051653340845,-1.1754798855755826,1.4418171254417567,,,,2.08833,53.63663,spair,3.4292617951713438,53.63663,synthetic_small_zoom
snapshots/synthetic_small_zoom_steps100_pretrainedFalse_freezeFalse_2025_12_11_08_43,synthetic_small_zoom_steps100_pretrainedFalse_freezeFalse_2025_12_11_08_43,synthetic_small_zoom,steps,100,False,False,2025_12_11_08_43,kitti2012,5000,302616.3,60.52326,5,0.43410468272321173,0.1713652836963844,0.8286347163036156,5.0,,,,,,,,,,0.19461840436070219,0.10892970187831044,0.8910702981216896,5.0,,,,,,,,,,,,,,,,,,,,,,,-0.5932571149120879,0.7230705736423916,,,,,,,,,,,,,,,,,,,,,,,,,,,,,0.46344618882114685,1.2930343362870984,1.575981986188119,-0.9085602960826831,-1.1632665939286746,2.10172058509102,,,,4.8632566666666674,55.660003333333336,spair,5.235344467990491,55.660003333333336,synthetic_small_zoom
snapshots/synthetic_small_zoom_steps100_pretrainedFalse_freezeFalse_2025_12_11_08_43,synthetic_small_zoom_steps100_pretrainedFalse_freezeFalse_2025_12_11_08_43,synthetic_small_zoom,steps,100,False,False,2025_12_11_08_43,middlebury,5000,180360.4,36.07208,5,0.21462014056310136,0.12143142856729035,0.8785685714327096,5.0,,,,,,,,,,0.19105894541068152,0.29705829174324333,0.7029417082567566,5.0,,,,,,,,,,,,,,,,,,,,,,,-0.6067183041240914,0.6628266556824552,,,,,,,,,,,,,,,,,,,,,,,,,,,,,0.038956854019634064,0.9135699139175604,1.9789442301822293,-0.6423321800329471,-1.1142729930557012,0.8613455817787153,,,,1.9837666666666667,34.08831333333333,spair,5.18577679774751,34.08831333333333,synthetic_small_zoom
snapshots/synthetic_small_zoom_steps100_pretrainedFalse_freezeFalse_2025_12_11_08_43,synthetic_small_zoom_steps100_pretrainedFalse_freezeFalse_2025_12_11_08_43,synthetic_small_zoom,steps,100,False,False,2025_12_11_08_43,pfpascal,5000,24819.65,4.96393,5,0.07583647755483881,0.3102850436666433,0.6897149563333567,5.0,,,,,,,,,,0.21987290682878544,0.1368897494798624,0.8631102505201376,5.0,,,,,,,,,,,,,,,,,,,,,,,-0.2593162250128706,1.4922577380777913,,,,,,,,,,,,,,,,,,,,,,,,,,,,,-0.3081878403022113,0.8906079089020692,0.7987870347751191,-0.7759167213544637,-1.1342896498220216,1.841366582032081,,,,1.9410966666666667,3.0228333333333337,spair,2.5034225501700034,3.0228333333333337,synthetic_small_zoom
snapshots/synthetic_small_zoom_steps100_pretrainedFalse_freezeFalse_2025_12_11_08_43,synthetic_small_zoom_steps100_pretrainedFalse_freezeFalse_2025_12_11_08_43,synthetic_small_zoom,steps,100,False,False,2025_12_11_08_43,pfwillow,5000,39555.55,7.911110000000001,5,0.07707898382720144,0.16634064717926905,0.833659352820731,5.0,,,,,,,,,,0.22724602636690783,0.10629044916971317,0.8937095508302868,5.0,,,,,,,,,,,,,,,,,,,,,,,-0.23134126728013293,1.5259529252865875,,,,,,,,,,,,,,,,,,,,,,,,,,,,,-0.3939000934459758,0.6358992309472826,1.6117870919307835,-0.8794213815545487,-1.1659277517869289,2.129205401746493,,,,3.3644433333333335,4.546666666666667,spair,0.9302135238961602,4.546666666666667,synthetic_small_zoom
snapshots/synthetic_small_zoom_steps100_pretrainedFalse_freezeFalse_2025_12_11_08_43,synthetic_small_zoom_steps100_pretrainedFalse_freezeFalse_2025_12_11_08_43,synthetic_small_zoom,steps,100,False,False,2025_12_11_08_43,pointodyssey,5000,80523.85,16.104770000000002,5,0.3840252955944229,0.08282191559930063,0.9171780844006994,5.0,,,,,,,,,,0.12547033116376127,0.3580170568856405,0.6419829431143595,5.0,,,,,,,,,,,,,,,,,,,,,,,-0.949419046034739,0.23814160416448554,,,,,,,,,,,,,,,,,,,,,,,,,,,,,0.24751075023337651,0.8004536873406781,2.404608949153439,-0.4654232032223274,-1.0981241417336314,0.5839811047816476,,,,2.2678866666666666,13.836883333333336,spair,7.10748330808916,13.836883333333336,synthetic_small_zoom
snapshots/synthetic_small_zoom_steps100_pretrainedFalse_freezeFalse_2025_12_11_08_43,synthetic_small_zoom_steps100_pretrainedFalse_freezeFalse_2025_12_11_08_43,synthetic_small_zoom,steps,100,False,False,2025_12_11_08_43,spair,5000,12848.949999999999,2.56979,5,0.021419903822824143,0.21905209141419607,0.780947908585804,5.0,,,,,,,,,,0.2524893330975576,0.131081355238176,0.868918644761824,5.0,,,,,,,,,,,,,,,,,,,,,,,0.0652978386320349,1.5051784874598073,,,,,,,,,,,,,,,,,,,,,,,,,,,,,-0.45339065271411494,0.1743460286474198,1.2711988873905977,-0.9343947851652802,-1.0537679864052343,1.891431338713476,,,,2.0635033333333332,0.5062866666666666,spair,-1.1096925444271712,0.5062866666666666,synthetic_small_zoom
snapshots/synthetic_small_zoom_steps100_pretrainedFalse_freezeFalse_2025_12_11_08_43,synthetic_small_zoom_steps100_pretrainedFalse_freezeFalse_2025_12_11_08_43,synthetic_small_zoom,steps,100,False,False,2025_12_11_08_43,tss,5000,59369.100000000006,11.873820000000002,5,0.10613708895974322,0.2748918932853621,0.7251081067146379,5.0,,,,,,,,,,0.22327767941787793,0.2553611986806156,0.7446388013193844,5.0,,,,,,,,,,,,,,,,,,,,,,,-0.34285187536259804,1.2126487143747797,,,,,,,,,,,,,,,,,,,,,,,,,,,,,-0.2942627277518014,1.0256105152591257,0.969942851397796,-0.8080088525412246,-1.0705879842366761,1.0702202620357137,,,,3.624926666666667,8.248893333333335,spair,3.4897265058229436,8.248893333333335,synthetic_small_zoom
snapshots/synthetic_small_zoom_steps100_pretrainedFalse_freezeFalse_2025_12_13_11_43,synthetic_small_zoom_steps100_pretrainedFalse_freezeFalse_2025_12_13_11_43,synthetic_small_zoom,steps,100,False,False,2025_12_13_11_43,flyingthings,5000,157669.05,31.53381,3,0.14891402076191668,0.43635916613402526,0.5636408338659747,5.0,,,,,,,,,,0.20976999893321135,0.19126411398789323,0.8087358860121068,5.0,,,,,,,,,,,,,,,,,,,,,,,-0.3597222997153889,1.1069119079055683,,,,,,,,,,,,,,,,,,,,,,,,,,,,,-0.15152244143745688,0.8653952582208019,0.255951549486951,-0.6873051653340845,-1.1754798855755826,1.4418171254417567,,,,2.08833,29.44548,spair,3.4292617951713438,29.44548,synthetic_small_zoom
snapshots/synthetic_small_zoom_steps100_pretrainedFalse_freezeFalse_2025_12_13_11_43,synthetic_small_zoom_steps100_pretrainedFalse_freezeFalse_2025_12_13_11_43,synthetic_small_zoom,steps,100,False,False,2025_12_13_11_43,kitti2012,5000,172722.0,34.5444,3,0.43410468272321173,0.1713652836963844,0.8286347163036156,5.0,,,,,,,,,,0.19461840436070219,0.10892970187831044,0.8910702981216896,5.0,,,,,,,,,,,,,,,,,,,,,,,-0.5932571149120879,0.7230705736423916,,,,,,,,,,,,,,,,,,,,,,,,,,,,,0.46344618882114685,1.2930343362870984,1.575981986188119,-0.9085602960826831,-1.1632665939286746,2.10172058509102,,,,4.8632566666666674,29.681143333333335,spair,5.235344467990491,29.681143333333335,synthetic_small_zoom
snapshots/synthetic_small_zoom_steps100_pretrainedFalse_freezeFalse_2025_12_13_11_43,synthetic_small_zoom_steps100_pretrainedFalse_freezeFalse_2025_12_13_11_43,synthetic_small_zoom,steps,100,False,False,2025_12_13_11_43,middlebury,5000,103180.6,20.636120000000002,3,0.21462014056310136,0.12143142856729035,0.8785685714327096,5.0,,,,,,,,,,0.19105894541068152,0.29705829174324333,0.7029417082567566,5.0,,,,,,,,,,,,,,,,,,,,,,,-0.6067183041240914,0.6628266556824552,,,,,,,,,,,,,,,,,,,,,,,,,,,,,0.038956854019634064,0.9135699139175604,1.9789442301822293,-0.6423321800329471,-1.1142729930557012,0.8613455817787153,,,,1.9837666666666667,18.652353333333334,spair,5.18577679774751,18.652353333333334,synthetic_small_zoom
snapshots/synthetic_small_zoom_steps100_pretrainedFalse_freezeFalse_2025_12_13_11_43,synthetic_small_zoom_steps100_pretrainedFalse_freezeFalse_2025_12_13_11_43,synthetic_small_zoom,steps,100,False,False,2025_12_13_11_43,pfpascal,5000,33015.25,6.60305,3,0.07583647755483881,0.3102850436666433,0.6897149563333567,5.0,,,,,,,,,,0.21987290682878544,0.1368897494798624,0.8631102505201376,5.0,,,,,,,,,,,,,,,,,,,,,,,-0.2593162250128706,1.4922577380777913,,,,,,,,,,,,,,,,,,,,,,,,,,,,,-0.3081878403022113,0.8906079089020692,0.7987870347751191,-0.7759167213544637,-1.1342896498220216,1.841366582032081,,,,1.9410966666666667,4.661953333333333,spair,2.5034225501700034,4.661953333333333,synthetic_small_zoom
snapshots/synthetic_small_zoom_steps100_pretrainedFalse_freezeFalse_2025_12_13_11_43,synthetic_small_zoom_steps100_pretrainedFalse_freezeFalse_2025_12_13_11_43,synthetic_small_zoom,steps,100,False,False,2025_12_13_11_43,pfwillow,5000,38800.0,7.76,3,0.07707898382720144,0.16634064717926905,0.833659352820731,5.0,,,,,,,,,,0.22724602636690783,0.10629044916971317,0.8937095508302868,5.0,,,,,,,,,,,,,,,,,,,,,,,-0.23134126728013293,1.5259529252865875,,,,,,,,,,,,,,,,,,,,,,,,,,,,,-0.3939000934459758,0.6358992309472826,1.6117870919307835,-0.8794213815545487,-1.1659277517869289,2.129205401746493,,,,3.3644433333333335,4.395556666666666,spair,0.9302135238961602,4.395556666666666,synthetic_small_zoom
snapshots/synthetic_small_zoom_steps100_pretrainedFalse_freezeFalse_2025_12_13_11_43,synthetic_small_zoom_steps100_pretrainedFalse_freezeFalse_2025_12_13_11_43,synthetic_small_zoom,steps,100,False,False,2025_12_13_11_43,pointodyssey,5000,78498.7,15.69974,3,0.3840252955944229,0.08282191559930063,0.9171780844006994,5.0,,,,,,,,,,0.12547033116376127,0.3580170568856405,0.6419829431143595,5.0,,,,,,,,,,,,,,,,,,,,,,,-0.949419046034739,0.23814160416448554,,,,,,,,,,,,,,,,,,,,,,,,,,,,,0.24751075023337651,0.8004536873406781,2.404608949153439,-0.4654232032223274,-1.0981241417336314,0.5839811047816476,,,,2.2678866666666666,13.431853333333333,spair,7.10748330808916,13.431853333333333,synthetic_small_zoom
snapshots/synthetic_small_zoom_steps100_pretrainedFalse_freezeFalse_2025_12_13_11_43,synthetic_small_zoom_steps100_pretrainedFalse_freezeFalse_2025_12_13_11_43,synthetic_small_zoom,steps,100,False,False,2025_12_13_11_43,spair,5000,7235.25,1.44705,3,0.021419903822824143,0.21905209141419607,0.780947908585804,5.0,,,,,,,,,,0.2524893330975576,0.131081355238176,0.868918644761824,5.0,,,,,,,,,,,,,,,,,,,,,,,0.0652978386320349,1.5051784874598073,,,,,,,,,,,,,,,,,,,,,,,,,,,,,-0.45339065271411494,0.1743460286474198,1.2711988873905977,-0.9343947851652802,-1.0537679864052343,1.891431338713476,,,,2.0635033333333332,-0.6164533333333333,spair,-1.1096925444271712,-0.6164533333333333,synthetic_small_zoom
snapshots/synthetic_small_zoom_steps100_pretrainedFalse_freezeFalse_2025_12_13_11_43,synthetic_small_zoom_steps100_pretrainedFalse_freezeFalse_2025_12_13_11_43,synthetic_small_zoom,steps,100,False,False,2025_12_13_11_43,tss,5000,70378.3,14.075660000000001,3,0.10613708895974322,0.2748918932853621,0.7251081067146379,5.0,,,,,,,,,,0.22327767941787793,0.2553611986806156,0.7446388013193844,5.0,,,,,,,,,,,,,,,,,,,,,,,-0.34285187536259804,1.2126487143747797,,,,,,,,,,,,,,,,,,,,,,,,,,,,,-0.2942627277518014,1.0256105152591257,0.969942851397796,-0.8080088525412246,-1.0705879842366761,1.0702202620357137,,,,3.624926666666667,10.450733333333334,spair,3.4897265058229436,10.450733333333334,synthetic_small_zoom
snapshots/synthetic_small_zoom_steps100_pretrainedTrue_freezeFalse_2025_12_11_07_44,synthetic_small_zoom_steps100_pretrainedTrue_freezeFalse_2025_12_11_07_44,synthetic_small_zoom,steps,100,True,False,2025_12_11_07_44,flyingthings,5000,351473.0,70.2946,5,0.14891402076191668,0.43635916613402526,0.5636408338659747,5.0,,,,,,,,,,0.20976999893321135,0.19126411398789323,0.8087358860121068,5.0,,,,,,,,,,,,,,,,,,,,,,,-0.3597222997153889,1.1069119079055683,,,,,,,,,,,,,,,,,,,,,,,,,,,,,-0.15152244143745688,0.8653952582208019,0.255951549486951,-0.6873051653340845,-1.1754798855755826,1.4418171254417567,,,,48.23252,22.06208,spair,3.4292617951713438,22.06208,synthetic_small_zoom
snapshots/synthetic_small_zoom_steps100_pretrainedTrue_freezeFalse_2025_12_11_07_44,synthetic_small_zoom_steps100_pretrainedTrue_freezeFalse_2025_12_11_07_44,synthetic_small_zoom,steps,100,True,False,2025_12_11_07_44,kitti2012,5000,392485.0,78.497,5,0.43410468272321173,0.1713652836963844,0.8286347163036156,5.0,,,,,,,,,,0.19461840436070219,0.10892970187831044,0.8910702981216896,5.0,,,,,,,,,,,,,,,,,,,,,,,-0.5932571149120879,0.7230705736423916,,,,,,,,,,,,,,,,,,,,,,,,,,,,,0.46344618882114685,1.2930343362870984,1.575981986188119,-0.9085602960826831,-1.1632665939286746,2.10172058509102,,,,59.49418666666667,19.00281333333333,spair,5.235344467990491,19.00281333333333,synthetic_small_zoom
snapshots/synthetic_small_zoom_steps100_pretrainedTrue_freezeFalse_2025_12_11_07_44,synthetic_small_zoom_steps100_pretrainedTrue_freezeFalse_2025_12_11_07_44,synthetic_small_zoom,steps,100,True,False,2025_12_11_07_44,middlebury,5000,212445.84999999998,42.489169999999994,5,0.21462014056310136,0.12143142856729035,0.8785685714327096,5.0,,,,,,,,,,0.19105894541068152,0.29705829174324333,0.7029417082567566,5.0,,,,,,,,,,,,,,,,,,,,,,,-0.6067183041240914,0.6628266556824552,,,,,,,,,,,,,,,,,,,,,,,,,,,,,0.038956854019634064,0.9135699139175604,1.9789442301822293,-0.6423321800329471,-1.1142729930557012,0.8613455817787153,,,,34.53024666666666,7.958923333333331,spair,5.18577679774751,7.958923333333331,synthetic_small_zoom
snapshots/synthetic_small_zoom_steps100_pretrainedTrue_freezeFalse_2025_12_11_07_44,synthetic_small_zoom_steps100_pretrainedTrue_freezeFalse_2025_12_11_07_44,synthetic_small_zoom,steps,100,True,False,2025_12_11_07_44,pfpascal,5000,119886.5,23.9773,5,0.07583647755483881,0.3102850436666433,0.6897149563333567,5.0,,,,,,,,,,0.21987290682878544,0.1368897494798624,0.8631102505201376,5.0,,,,,,,,,,,,,,,,,,,,,,,-0.2593162250128706,1.4922577380777913,,,,,,,,,,,,,,,,,,,,,,,,,,,,,-0.3081878403022113,0.8906079089020692,0.7987870347751191,-0.7759167213544637,-1.1342896498220216,1.841366582032081,,,,23.19225,0.7850499999999982,spair,2.5034225501700034,0.7850499999999982,synthetic_small_zoom
snapshots/synthetic_small_zoom_steps100_pretrainedTrue_freezeFalse_2025_12_11_07_44,synthetic_small_zoom_steps100_pretrainedTrue_freezeFalse_2025_12_11_07_44,synthetic_small_zoom,steps,100,True,False,2025_12_11_07_44,pfwillow,5000,131438.8,26.28776,5,0.07707898382720144,0.16634064717926905,0.833659352820731,5.0,,,,,,,,,,0.22724602636690783,0.10629044916971317,0.8937095508302868,5.0,,,,,,,,,,,,,,,,,,,,,,,-0.23134126728013293,1.5259529252865875,,,,,,,,,,,,,,,,,,,,,,,,,,,,,-0.3939000934459758,0.6358992309472826,1.6117870919307835,-0.8794213815545487,-1.1659277517869289,2.129205401746493,,,,27.67815333333333,-1.390393333333332,spair,0.9302135238961602,-1.390393333333332,synthetic_small_zoom
snapshots/synthetic_small_zoom_steps100_pretrainedTrue_freezeFalse_2025_12_11_07_44,synthetic_small_zoom_steps100_pretrainedTrue_freezeFalse_2025_12_11_07_44,synthetic_small_zoom,steps,100,True,False,2025_12_11_07_44,pointodyssey,5000,165877.80000000002,33.175560000000004,5,0.3840252955944229,0.08282191559930063,0.9171780844006994,5.0,,,,,,,,,,0.12547033116376127,0.3580170568856405,0.6419829431143595,5.0,,,,,,,,,,,,,,,,,,,,,,,-0.949419046034739,0.23814160416448554,,,,,,,,,,,,,,,,,,,,,,,,,,,,,0.24751075023337651,0.8004536873406781,2.404608949153439,-0.4654232032223274,-1.0981241417336314,0.5839811047816476,,,,24.839123333333333,8.336436666666671,spair,7.10748330808916,8.336436666666671,synthetic_small_zoom
snapshots/synthetic_small_zoom_steps100_pretrainedTrue_freezeFalse_2025_12_11_07_44,synthetic_small_zoom_steps100_pretrainedTrue_freezeFalse_2025_12_11_07_44,synthetic_small_zoom,steps,100,True,False,2025_12_11_07_44,spair,5000,65043.549999999996,13.008709999999999,5,0.021419903822824143,0.21905209141419607,0.780947908585804,5.0,,,,,,,,,,0.2524893330975576,0.131081355238176,0.868918644761824,5.0,,,,,,,,,,,,,,,,,,,,,,,0.0652978386320349,1.5051784874598073,,,,,,,,,,,,,,,,,,,,,,,,,,,,,-0.45339065271411494,0.1743460286474198,1.2711988873905977,-0.9343947851652802,-1.0537679864052343,1.891431338713476,,,,16.234553333333334,-3.2258433333333354,spair,-1.1096925444271712,-3.2258433333333354,synthetic_small_zoom
snapshots/synthetic_small_zoom_steps100_pretrainedTrue_freezeFalse_2025_12_11_07_44,synthetic_small_zoom_steps100_pretrainedTrue_freezeFalse_2025_12_11_07_44,synthetic_small_zoom,steps,100,True,False,2025_12_11_07_44,tss,5000,251240.75000000003,50.24815,5,0.10613708895974322,0.2748918932853621,0.7251081067146379,5.0,,,,,,,,,,0.22327767941787793,0.2553611986806156,0.7446388013193844,5.0,,,,,,,,,,,,,,,,,,,,,,,-0.34285187536259804,1.2126487143747797,,,,,,,,,,,,,,,,,,,,,,,,,,,,,-0.2942627277518014,1.0256105152591257,0.969942851397796,-0.8080088525412246,-1.0705879842366761,1.0702202620357137,,,,39.87302333333333,10.375126666666674,spair,3.4897265058229436,10.375126666666674,synthetic_small_zoom
snapshots/synthetic_small_zoom_steps100_pretrainedTrue_freezeFalse_2025_12_13_11_38,synthetic_small_zoom_steps100_pretrainedTrue_freezeFalse_2025_12_13_11_38,synthetic_small_zoom,steps,100,True,False,2025_12_13_11_38,flyingthings,5000,354648.80000000005,70.92976000000002,5,0.14891402076191668,0.43635916613402526,0.5636408338659747,5.0,,,,,,,,,,0.20976999893321135,0.19126411398789323,0.8087358860121068,5.0,,,,,,,,,,,,,,,,,,,,,,,-0.3597222997153889,1.1069119079055683,,,,,,,,,,,,,,,,,,,,,,,,,,,,,-0.15152244143745688,0.8653952582208019,0.255951549486951,-0.6873051653340845,-1.1754798855755826,1.4418171254417567,,,,48.23252,22.697240000000015,spair,3.4292617951713438,22.697240000000015,synthetic_small_zoom
snapshots/synthetic_small_zoom_steps100_pretrainedTrue_freezeFalse_2025_12_13_11_38,synthetic_small_zoom_steps100_pretrainedTrue_freezeFalse_2025_12_13_11_38,synthetic_small_zoom,steps,100,True,False,2025_12_13_11_38,kitti2012,5000,394272.39999999997,78.85448,5,0.43410468272321173,0.1713652836963844,0.8286347163036156,5.0,,,,,,,,,,0.19461840436070219,0.10892970187831044,0.8910702981216896,5.0,,,,,,,,,,,,,,,,,,,,,,,-0.5932571149120879,0.7230705736423916,,,,,,,,,,,,,,,,,,,,,,,,,,,,,0.46344618882114685,1.2930343362870984,1.575981986188119,-0.9085602960826831,-1.1632665939286746,2.10172058509102,,,,59.49418666666667,19.360293333333324,spair,5.235344467990491,19.360293333333324,synthetic_small_zoom
snapshots/synthetic_small_zoom_steps100_pretrainedTrue_freezeFalse_2025_12_13_11_38,synthetic_small_zoom_steps100_pretrainedTrue_freezeFalse_2025_12_13_11_38,synthetic_small_zoom,steps,100,True,False,2025_12_13_11_38,middlebury,5000,216281.40000000002,43.256280000000004,5,0.21462014056310136,0.12143142856729035,0.8785685714327096,5.0,,,,,,,,,,0.19105894541068152,0.29705829174324333,0.7029417082567566,5.0,,,,,,,,,,,,,,,,,,,,,,,-0.6067183041240914,0.6628266556824552,,,,,,,,,,,,,,,,,,,,,,,,,,,,,0.038956854019634064,0.9135699139175604,1.9789442301822293,-0.6423321800329471,-1.1142729930557012,0.8613455817787153,,,,34.53024666666666,8.72603333333334,spair,5.18577679774751,8.72603333333334,synthetic_small_zoom
snapshots/synthetic_small_zoom_steps100_pretrainedTrue_freezeFalse_2025_12_13_11_38,synthetic_small_zoom_steps100_pretrainedTrue_freezeFalse_2025_12_13_11_38,synthetic_small_zoom,steps,100,True,False,2025_12_13_11_38,pfpascal,5000,160376.8,32.075359999999996,5,0.07583647755483881,0.3102850436666433,0.6897149563333567,5.0,,,,,,,,,,0.21987290682878544,0.1368897494798624,0.8631102505201376,5.0,,,,,,,,,,,,,,,,,,,,,,,-0.2593162250128706,1.4922577380777913,,,,,,,,,,,,,,,,,,,,,,,,,,,,,-0.3081878403022113,0.8906079089020692,0.7987870347751191,-0.7759167213544637,-1.1342896498220216,1.841366582032081,,,,23.19225,8.883109999999995,spair,2.5034225501700034,8.883109999999995,synthetic_small_zoom
snapshots/synthetic_small_zoom_steps100_pretrainedTrue_freezeFalse_2025_12_13_11_38,synthetic_small_zoom_steps100_pretrainedTrue_freezeFalse_2025_12_13_11_38,synthetic_small_zoom,steps,100,True,False,2025_12_13_11_38,pfwillow,5000,178666.69999999998,35.73334,5,0.07707898382720144,0.16634064717926905,0.833659352820731,5.0,,,,,,,,,,0.22724602636690783,0.10629044916971317,0.8937095508302868,5.0,,,,,,,,,,,,,,,,,,,,,,,-0.23134126728013293,1.5259529252865875,,,,,,,,,,,,,,,,,,,,,,,,,,,,,-0.3939000934459758,0.6358992309472826,1.6117870919307835,-0.8794213815545487,-1.1659277517869289,2.129205401746493,,,,27.67815333333333,8.055186666666668,spair,0.9302135238961602,8.055186666666668,synthetic_small_zoom
snapshots/synthetic_small_zoom_steps100_pretrainedTrue_freezeFalse_2025_12_13_11_38,synthetic_small_zoom_steps100_pretrainedTrue_freezeFalse_2025_12_13_11_38,synthetic_small_zoom,steps,100,True,False,2025_12_13_11_38,pointodyssey,5000,165420.1,33.08402,5,0.3840252955944229,0.08282191559930063,0.9171780844006994,5.0,,,,,,,,,,0.12547033116376127,0.3580170568856405,0.6419829431143595,5.0,,,,,,,,,,,,,,,,,,,,,,,-0.949419046034739,0.23814160416448554,,,,,,,,,,,,,,,,,,,,,,,,,,,,,0.24751075023337651,0.8004536873406781,2.404608949153439,-0.4654232032223274,-1.0981241417336314,0.5839811047816476,,,,24.839123333333333,8.24489666666667,spair,7.10748330808916,8.24489666666667,synthetic_small_zoom
snapshots/synthetic_small_zoom_steps100_pretrainedTrue_freezeFalse_2025_12_13_11_38,synthetic_small_zoom_steps100_pretrainedTrue_freezeFalse_2025_12_13_11_38,synthetic_small_zoom,steps,100,True,False,2025_12_13_11_38,spair,5000,55795.799999999996,11.15916,5,0.021419903822824143,0.21905209141419607,0.780947908585804,5.0,,,,,,,,,,0.2524893330975576,0.131081355238176,0.868918644761824,5.0,,,,,,,,,,,,,,,,,,,,,,,0.0652978386320349,1.5051784874598073,,,,,,,,,,,,,,,,,,,,,,,,,,,,,-0.45339065271411494,0.1743460286474198,1.2711988873905977,-0.9343947851652802,-1.0537679864052343,1.891431338713476,,,,16.234553333333334,-5.075393333333334,spair,-1.1096925444271712,-5.075393333333334,synthetic_small_zoom
snapshots/synthetic_small_zoom_steps100_pretrainedTrue_freezeFalse_2025_12_13_11_38,synthetic_small_zoom_steps100_pretrainedTrue_freezeFalse_2025_12_13_11_38,synthetic_small_zoom,steps,100,True,False,2025_12_13_11_38,tss,5000,254252.45,50.85049,5,0.10613708895974322,0.2748918932853621,0.7251081067146379,5.0,,,,,,,,,,0.22327767941787793,0.2553611986806156,0.7446388013193844,5.0,,,,,,,,,,,,,,,,,,,,,,,-0.34285187536259804,1.2126487143747797,,,,,,,,,,,,,,,,,,,,,,,,,,,,,-0.2942627277518014,1.0256105152591257,0.969942851397796,-0.8080088525412246,-1.0705879842366761,1.0702202620357137,,,,39.87302333333333,10.977466666666672,spair,3.4897265058229436,10.977466666666672,synthetic_small_zoom
snapshots/synthetic_small_zoom_steps100_pretrainedTrue_freezeTrue_2025_12_11_07_40,synthetic_small_zoom_steps100_pretrainedTrue_freezeTrue_2025_12_11_07_40,synthetic_small_zoom,steps,100,True,True,2025_12_11_07_40,flyingthings,5000,350592.25000000006,70.11845000000001,5,0.14891402076191668,0.43635916613402526,0.5636408338659747,5.0,,,,,,,,,,0.20976999893321135,0.19126411398789323,0.8087358860121068,5.0,,,,,,,,,,,,,,,,,,,,,,,-0.3597222997153889,1.1069119079055683,,,,,,,,,,,,,,,,,,,,,,,,,,,,,-0.15152244143745688,0.8653952582208019,0.255951549486951,-0.6873051653340845,-1.1754798855755826,1.4418171254417567,,,,53.90556,16.21289000000001,spair,3.4292617951713438,16.21289000000001,synthetic_small_zoom
snapshots/synthetic_small_zoom_steps100_pretrainedTrue_freezeTrue_2025_12_11_07_40,synthetic_small_zoom_steps100_pretrainedTrue_freezeTrue_2025_12_11_07_40,synthetic_small_zoom,steps,100,True,True,2025_12_11_07_40,kitti2012,5000,391953.0,78.3906,5,0.43410468272321173,0.1713652836963844,0.8286347163036156,5.0,,,,,,,,,,0.19461840436070219,0.10892970187831044,0.8910702981216896,5.0,,,,,,,,,,,,,,,,,,,,,,,-0.5932571149120879,0.7230705736423916,,,,,,,,,,,,,,,,,,,,,,,,,,,,,0.46344618882114685,1.2930343362870984,1.575981986188119,-0.9085602960826831,-1.1632665939286746,2.10172058509102,,,,64.06846666666667,14.32213333333334,spair,5.235344467990491,14.32213333333334,synthetic_small_zoom
snapshots/synthetic_small_zoom_steps100_pretrainedTrue_freezeTrue_2025_12_11_07_40,synthetic_small_zoom_steps100_pretrainedTrue_freezeTrue_2025_12_11_07_40,synthetic_small_zoom,steps,100,True,True,2025_12_11_07_40,middlebury,5000,211763.95,42.35279,5,0.21462014056310136,0.12143142856729035,0.8785685714327096,5.0,,,,,,,,,,0.19105894541068152,0.29705829174324333,0.7029417082567566,5.0,,,,,,,,,,,,,,,,,,,,,,,-0.6067183041240914,0.6628266556824552,,,,,,,,,,,,,,,,,,,,,,,,,,,,,0.038956854019634064,0.9135699139175604,1.9789442301822293,-0.6423321800329471,-1.1142729930557012,0.8613455817787153,,,,37.7005,4.652290000000001,spair,5.18577679774751,4.652290000000001,synthetic_small_zoom
snapshots/synthetic_small_zoom_steps100_pretrainedTrue_freezeTrue_2025_12_11_07_40,synthetic_small_zoom_steps100_pretrainedTrue_freezeTrue_2025_12_11_07_40,synthetic_small_zoom,steps,100,True,True,2025_12_11_07_40,pfpascal,5000,142769.0,28.5538,5,0.07583647755483881,0.3102850436666433,0.6897149563333567,5.0,,,,,,,,,,0.21987290682878544,0.1368897494798624,0.8631102505201376,5.0,,,,,,,,,,,,,,,,,,,,,,,-0.2593162250128706,1.4922577380777913,,,,,,,,,,,,,,,,,,,,,,,,,,,,,-0.3081878403022113,0.8906079089020692,0.7987870347751191,-0.7759167213544637,-1.1342896498220216,1.841366582032081,,,,27.819223333333337,0.734576666666662,spair,2.5034225501700034,0.734576666666662,synthetic_small_zoom
snapshots/synthetic_small_zoom_steps100_pretrainedTrue_freezeTrue_2025_12_11_07_40,synthetic_small_zoom_steps100_pretrainedTrue_freezeTrue_2025_12_11_07_40,synthetic_small_zoom,steps,100,True,True,2025_12_11_07_40,pfwillow,5000,138288.85,27.657770000000003,5,0.07707898382720144,0.16634064717926905,0.833659352820731,5.0,,,,,,,,,,0.22724602636690783,0.10629044916971317,0.8937095508302868,5.0,,,,,,,,,,,,,,,,,,,,,,,-0.23134126728013293,1.5259529252865875,,,,,,,,,,,,,,,,,,,,,,,,,,,,,-0.3939000934459758,0.6358992309472826,1.6117870919307835,-0.8794213815545487,-1.1659277517869289,2.129205401746493,,,,32.30222,-4.6444499999999955,spair,0.9302135238961602,-4.6444499999999955,synthetic_small_zoom
snapshots/synthetic_small_zoom_steps100_pretrainedTrue_freezeTrue_2025_12_11_07_40,synthetic_small_zoom_steps100_pretrainedTrue_freezeTrue_2025_12_11_07_40,synthetic_small_zoom,steps,100,True,True,2025_12_11_07_40,pointodyssey,5000,216133.05000000002,43.22661,5,0.3840252955944229,0.08282191559930063,0.9171780844006994,5.0,,,,,,,,,,0.12547033116376127,0.3580170568856405,0.6419829431143595,5.0,,,,,,,,,,,,,,,,,,,,,,,-0.949419046034739,0.23814160416448554,,,,,,,,,,,,,,,,,,,,,,,,,,,,,0.24751075023337651,0.8004536873406781,2.404608949153439,-0.4654232032223274,-1.0981241417336314,0.5839811047816476,,,,24.515383333333332,18.71122666666667,spair,7.10748330808916,18.71122666666667,synthetic_small_zoom
snapshots/synthetic_small_zoom_steps100_pretrainedTrue_freezeTrue_2025_12_11_07_40,synthetic_small_zoom_steps100_pretrainedTrue_freezeTrue_2025_12_11_07_40,synthetic_small_zoom,steps,100,True,True,2025_12_11_07_40,spair,5000,86295.84999999999,17.259169999999997,5,0.021419903822824143,0.21905209141419607,0.780947908585804,5.0,,,,,,,,,,0.2524893330975576,0.131081355238176,0.868918644761824,5.0,,,,,,,,,,,,,,,,,,,,,,,0.0652978386320349,1.5051784874598073,,,,,,,,,,,,,,,,,,,,,,,,,,,,,-0.45339065271411494,0.1743460286474198,1.2711988873905977,-0.9343947851652802,-1.0537679864052343,1.891431338713476,,,,19.357693333333334,-2.098523333333336,spair,-1.1096925444271712,-2.098523333333336,synthetic_small_zoom
snapshots/synthetic_small_zoom_steps100_pretrainedTrue_freezeTrue_2025_12_11_07_40,synthetic_small_zoom_steps100_pretrainedTrue_freezeTrue_2025_12_11_07_40,synthetic_small_zoom,steps,100,True,True,2025_12_11_07_40,tss,5000,266840.9,53.36818,5,0.10613708895974322,0.2748918932853621,0.7251081067146379,5.0,,,,,,,,,,0.22327767941787793,0.2553611986806156,0.7446388013193844,5.0,,,,,,,,,,,,,,,,,,,,,,,-0.34285187536259804,1.2126487143747797,,,,,,,,,,,,,,,,,,,,,,,,,,,,,-0.2942627277518014,1.0256105152591257,0.969942851397796,-0.8080088525412246,-1.0705879842366761,1.0702202620357137,,,,43.74900333333333,9.619176666666675,spair,3.4897265058229436,9.619176666666675,synthetic_small_zoom
snapshots/synthetic_small_zoom_steps100_pretrainedTrue_freezeTrue_2025_12_13_11_36,synthetic_small_zoom_steps100_pretrainedTrue_freezeTrue_2025_12_13_11_36,synthetic_small_zoom,steps,100,True,True,2025_12_13_11_36,flyingthings,5000,176604.2,35.320840000000004,3,0.14891402076191668,0.43635916613402526,0.5636408338659747,5.0,,,,,,,,,,0.20976999893321135,0.19126411398789323,0.8087358860121068,5.0,,,,,,,,,,,,,,,,,,,,,,,-0.3597222997153889,1.1069119079055683,,,,,,,,,,,,,,,,,,,,,,,,,,,,,-0.15152244143745688,0.8653952582208019,0.255951549486951,-0.6873051653340845,-1.1754798855755826,1.4418171254417567,,,,53.90556,-18.584719999999997,spair,3.4292617951713438,-18.584719999999997,synthetic_small_zoom
snapshots/synthetic_small_zoom_steps100_pretrainedTrue_freezeTrue_2025_12_13_11_36,synthetic_small_zoom_steps100_pretrainedTrue_freezeTrue_2025_12_13_11_36,synthetic_small_zoom,steps,100,True,True,2025_12_13_11_36,kitti2012,5000,196477.40000000002,39.295480000000005,3,0.43410468272321173,0.1713652836963844,0.8286347163036156,5.0,,,,,,,,,,0.19461840436070219,0.10892970187831044,0.8910702981216896,5.0,,,,,,,,,,,,,,,,,,,,,,,-0.5932571149120879,0.7230705736423916,,,,,,,,,,,,,,,,,,,,,,,,,,,,,0.46344618882114685,1.2930343362870984,1.575981986188119,-0.9085602960826831,-1.1632665939286746,2.10172058509102,,,,64.06846666666667,-24.77298666666666,spair,5.235344467990491,-24.77298666666666,synthetic_small_zoom
snapshots/synthetic_small_zoom_steps100_pretrainedTrue_freezeTrue_2025_12_13_11_36,synthetic_small_zoom_steps100_pretrainedTrue_freezeTrue_2025_12_13_11_36,synthetic_small_zoom,steps,100,True,True,2025_12_13_11_36,middlebury,5000,106335.59999999999,21.26712,3,0.21462014056310136,0.12143142856729035,0.8785685714327096,5.0,,,,,,,,,,0.19105894541068152,0.29705829174324333,0.7029417082567566,5.0,,,,,,,,,,,,,,,,,,,,,,,-0.6067183041240914,0.6628266556824552,,,,,,,,,,,,,,,,,,,,,,,,,,,,,0.038956854019634064,0.9135699139175604,1.9789442301822293,-0.6423321800329471,-1.1142729930557012,0.8613455817787153,,,,37.7005,-16.43338,spair,5.18577679774751,-16.43338,synthetic_small_zoom
snapshots/synthetic_small_zoom_steps100_pretrainedTrue_freezeTrue_2025_12_13_11_36,synthetic_small_zoom_steps100_pretrainedTrue_freezeTrue_2025_12_13_11_36,synthetic_small_zoom,steps,100,True,True,2025_12_13_11_36,pfpascal,5000,86540.70000000001,17.30814,3,0.07583647755483881,0.3102850436666433,0.6897149563333567,5.0,,,,,,,,,,0.21987290682878544,0.1368897494798624,0.8631102505201376,5.0,,,,,,,,,,,,,,,,,,,,,,,-0.2593162250128706,1.4922577380777913,,,,,,,,,,,,,,,,,,,,,,,,,,,,,-0.3081878403022113,0.8906079089020692,0.7987870347751191,-0.7759167213544637,-1.1342896498220216,1.841366582032081,,,,27.819223333333337,-10.511083333333335,spair,2.5034225501700034,-10.511083333333335,synthetic_small_zoom
snapshots/synthetic_small_zoom_steps100_pretrainedTrue_freezeTrue_2025_12_13_11_36,synthetic_small_zoom_steps100_pretrainedTrue_freezeTrue_2025_12_13_11_36,synthetic_small_zoom,steps,100,True,True,2025_12_13_11_36,pfwillow,5000,94283.3,18.85666,3,0.07707898382720144,0.16634064717926905,0.833659352820731,5.0,,,,,,,,,,0.22724602636690783,0.10629044916971317,0.8937095508302868,5.0,,,,,,,,,,,,,,,,,,,,,,,-0.23134126728013293,1.5259529252865875,,,,,,,,,,,,,,,,,,,,,,,,,,,,,-0.3939000934459758,0.6358992309472826,1.6117870919307835,-0.8794213815545487,-1.1659277517869289,2.129205401746493,,,,32.30222,-13.445559999999997,spair,0.9302135238961602,-13.445559999999997,synthetic_small_zoom
snapshots/synthetic_small_zoom_steps100_pretrainedTrue_freezeTrue_2025_12_13_11_36,synthetic_small_zoom_steps100_pretrainedTrue_freezeTrue_2025_12_13_11_36,synthetic_small_zoom,steps,100,True,True,2025_12_13_11_36,pointodyssey,5000,79209.8,15.84196,3,0.3840252955944229,0.08282191559930063,0.9171780844006994,5.0,,,,,,,,,,0.12547033116376127,0.3580170568856405,0.6419829431143595,5.0,,,,,,,,,,,,,,,,,,,,,,,-0.949419046034739,0.23814160416448554,,,,,,,,,,,,,,,,,,,,,,,,,,,,,0.24751075023337651,0.8004536873406781,2.404608949153439,-0.4654232032223274,-1.0981241417336314,0.5839811047816476,,,,24.515383333333332,-8.673423333333332,spair,7.10748330808916,-8.673423333333332,synthetic_small_zoom
snapshots/synthetic_small_zoom_steps100_pretrainedTrue_freezeTrue_2025_12_13_11_36,synthetic_small_zoom_steps100_pretrainedTrue_freezeTrue_2025_12_13_11_36,synthetic_small_zoom,steps,100,True,True,2025_12_13_11_36,spair,5000,33553.3,6.710660000000001,3,0.021419903822824143,0.21905209141419607,0.780947908585804,5.0,,,,,,,,,,0.2524893330975576,0.131081355238176,0.868918644761824,5.0,,,,,,,,,,,,,,,,,,,,,,,0.0652978386320349,1.5051784874598073,,,,,,,,,,,,,,,,,,,,,,,,,,,,,-0.45339065271411494,0.1743460286474198,1.2711988873905977,-0.9343947851652802,-1.0537679864052343,1.891431338713476,,,,19.357693333333334,-12.647033333333333,spair,-1.1096925444271712,-12.647033333333333,synthetic_small_zoom
snapshots/synthetic_small_zoom_steps100_pretrainedTrue_freezeTrue_2025_12_13_11_36,synthetic_small_zoom_steps100_pretrainedTrue_freezeTrue_2025_12_13_11_36,synthetic_small_zoom,steps,100,True,True,2025_12_13_11_36,tss,5000,127521.3,25.504260000000002,3,0.10613708895974322,0.2748918932853621,0.7251081067146379,5.0,,,,,,,,,,0.22327767941787793,0.2553611986806156,0.7446388013193844,5.0,,,,,,,,,,,,,,,,,,,,,,,-0.34285187536259804,1.2126487143747797,,,,,,,,,,,,,,,,,,,,,,,,,,,,,-0.2942627277518014,1.0256105152591257,0.969942851397796,-0.8080088525412246,-1.0705879842366761,1.0702202620357137,,,,43.74900333333333,-18.244743333333325,spair,3.4897265058229436,-18.244743333333325,synthetic_small_zoom
