run_id,run_name,train_dataset,step_tag,logsteps,pretrained,freeze,timestamp,benchmark,auc_steps,auc,auc_normalized,auc_points,flow_recall,flow_precision,flow_outside,resnet_recall,resnet_precision,resnet_outside,dino_recall,dino_precision,dino_outside,flow_mmd,feature_mmd,dino_mmd,flow_recall_logit,flow_precision_logit,flow_outside_logit,resnet_recall_logit,resnet_precision_logit,resnet_outside_logit,dino_recall_logit,dino_precision_logit,dino_outside_logit,baseline_value,auc_delta,baseline_train_dataset
snapshots/flyingthings_logsteps100_pretrainedTrue_freezeFalse_2025_12_10_01_43,flyingthings_logsteps100_pretrainedTrue_freezeFalse_2025_12_10_01_43,flyingthings,logsteps,100,True,False,2025_12_10_01_43,flyingthings,5000,360156.05,72.03121,5,0.2922647872483768,0.3599964011268182,0.6400035988731818,0.4057849136901841,0.37436925073848204,0.625630749261518,0.12737671537441497,0.14758204222145818,0.8524179577785418,0.120961382985115,0.0060516977682709,0.0001790069800335,-0.884409833438566,-0.5753797650470166,0.5753797650470166,-0.3814181019971683,-0.5135177278632456,0.5135177278632457,-1.9243549859528395,-1.7536927277183598,1.7536927277183598,48.23252,23.79869,spair
snapshots/flyingthings_logsteps100_pretrainedTrue_freezeFalse_2025_12_10_01_43,flyingthings_logsteps100_pretrainedTrue_freezeFalse_2025_12_10_01_43,flyingthings,logsteps,100,True,False,2025_12_10_01_43,kitti2012,5000,386865.65,77.37313,5,0.4061777735434162,0.062277533608699816,0.9377224663913002,0.37591873432511413,0.2106714357042166,0.7893285642957835,0.0946537763232718,0.09148756519612072,0.9085124348038793,0.3795063495635986,0.0222196206450462,0.0002735433517955,-0.3797890628722786,-2.711853282655035,2.711853282655035,-0.5069076054272054,-1.3208829224035434,1.3208829224035439,-2.2580916635157178,-2.295605511373138,2.2956055113731386,59.49418666666667,17.878943333333332,spair
snapshots/flyingthings_logsteps100_pretrainedTrue_freezeFalse_2025_12_10_01_43,flyingthings_logsteps100_pretrainedTrue_freezeFalse_2025_12_10_01_43,flyingthings,logsteps,100,True,False,2025_12_10_01_43,kitti2015,5000,379206.35,75.84127,5,,,,,,,,,,0.493736207485199,0.0265788324177265,0.0003328847233206,,,,,,,,,,62.48625333333334,13.355016666666657,spair
snapshots/flyingthings_logsteps100_pretrainedTrue_freezeFalse_2025_12_10_01_43,flyingthings_logsteps100_pretrainedTrue_freezeFalse_2025_12_10_01_43,flyingthings,logsteps,100,True,False,2025_12_10_01_43,middlebury,5000,208389.55,41.67791,5,0.2939051270163976,0.06509054533850193,0.9349094546614981,0.34331084808352363,0.41708274420570207,0.5829172557942979,0.08808511052792434,0.08037156123835107,0.9196284387616489,0.0860338509082794,0.0204798858612775,0.0002459011448081,-0.8764925914239373,-2.6646703788934816,2.664670378893482,-0.6485744745827918,-0.3347606184995471,0.334760618499547,-2.3372431506067426,-2.4373093198822384,2.437309319882238,34.53024666666666,7.147663333333334,spair
snapshots/flyingthings_logsteps100_pretrainedTrue_freezeFalse_2025_12_10_01_43,flyingthings_logsteps100_pretrainedTrue_freezeFalse_2025_12_10_01_43,flyingthings,logsteps,100,True,False,2025_12_10_01_43,pfpascal,5000,167096.84999999998,33.419369999999994,5,0.24264278032587078,0.16238122991347065,0.8376187700865294,0.359136189177216,0.2024012012866136,0.7975987987133863,0.09026680299790843,0.06082428466367857,0.9391757153363214,0.203537255525589,0.0530802756547927,0.0001394387218169,-1.1382447087775276,-1.6406162269758933,1.6406162269758937,-0.5791152971418884,-1.3713538399136087,1.3713538399136085,-2.310381603729249,-2.7370134639490327,2.7370134639490318,23.19225,10.227119999999992,spair
snapshots/flyingthings_logsteps100_pretrainedTrue_freezeFalse_2025_12_10_01_43,flyingthings_logsteps100_pretrainedTrue_freezeFalse_2025_12_10_01_43,flyingthings,logsteps,100,True,False,2025_12_10_01_43,pfwillow,5000,183633.3,36.726659999999995,5,0.18920094189643627,0.09290600954962061,0.9070939904503794,0.3231465107329058,0.36291376886619464,0.6370862311338054,0.06958807652430113,0.0,1.0,0.3096532523632049,0.1238195747137069,0.0002291563287144,-1.4552106179730495,-2.278657740487488,2.2786577404874886,-0.7393490237936415,-0.5627397623948225,0.5627397623948226,-2.593034178193553,-13.815509557963773,13.815509557935018,27.67815333333333,9.048506666666665,spair
snapshots/flyingthings_logsteps100_pretrainedTrue_freezeFalse_2025_12_10_01_43,flyingthings_logsteps100_pretrainedTrue_freezeFalse_2025_12_10_01_43,flyingthings,logsteps,100,True,False,2025_12_10_01_43,pointodyssey,5000,174928.44999999998,34.98569,5,0.40821553999407034,0.01608808594308474,0.9839119140569152,0.25145673986796657,0.36726840198275523,0.6327315980172448,0.09677305506021487,1.344932524977046e-06,0.999998655067475,0.2475492507219314,0.0285462290048599,0.0018444653833284,-0.3713471615497896,-4.113457380292875,4.113457380292874,-1.0908580316897827,-0.5439533951456732,0.5439533951456732,-2.233605246422328,-13.519165368538776,13.519165368509897,24.839123333333333,10.146566666666665,spair
snapshots/flyingthings_logsteps100_pretrainedTrue_freezeFalse_2025_12_10_01_43,flyingthings_logsteps100_pretrainedTrue_freezeFalse_2025_12_10_01_43,flyingthings,logsteps,100,True,False,2025_12_10_01_43,spair,5000,59588.5,11.9177,5,0.07241743541234077,0.11414317314361418,0.8858568268563858,0.3639400558766407,0.2765998229205412,0.7234001770794588,0.0765587459115823,0.0,1.0,0.3054104149341583,0.0825123786926269,0.0004732325032819,-2.5501347179315546,-2.0491017774026505,2.04910177740265,-0.5583036382473445,-0.9613907852757672,0.9613907852757672,-2.490048818822038,-13.815509557963773,13.815509557935018,16.234553333333334,-4.316853333333334,spair
snapshots/flyingthings_logsteps100_pretrainedTrue_freezeFalse_2025_12_10_01_43,flyingthings_logsteps100_pretrainedTrue_freezeFalse_2025_12_10_01_43,flyingthings,logsteps,100,True,False,2025_12_10_01_43,synthetic,5000,149679.2,29.935840000000002,5,,,,,,,,,,0.0599939003586769,0.0553954653441906,0.0003223882522433,,,,,,,,,,25.490916666666667,4.444923333333335,spair
snapshots/flyingthings_logsteps100_pretrainedTrue_freezeFalse_2025_12_10_01_43,flyingthings_logsteps100_pretrainedTrue_freezeFalse_2025_12_10_01_43,flyingthings,logsteps,100,True,False,2025_12_10_01_43,tss,5000,255616.45,51.123290000000004,5,0.2824930841835783,0.1899262150412935,0.8100737849587065,0.35936281164093814,0.3934301028196687,0.6065698971803313,0.07126981309162128,0.016555393424538448,0.9834446065754615,0.1674795448780059,0.0387242063879966,0.0002132682420779,-0.9321285168351131,-1.450489681211105,1.4504896812111052,-0.5781307923344422,-0.43291654588689243,0.4329165458868923,-2.5673454037603363,-4.084349378080414,4.084349378080411,39.87302333333333,11.250266666666676,spair
snapshots/flyingthings_steps100_pretrainedTrue_freezeFalse_2025_12_10_18_38,flyingthings_steps100_pretrainedTrue_freezeFalse_2025_12_10_18_38,flyingthings,steps,100,True,False,2025_12_10_18_38,flyingthings,5000,359820.25,71.96405,5,0.2922647872483768,0.3599964011268182,0.6400035988731818,0.4057849136901841,0.37436925073848204,0.625630749261518,0.12737671537441497,0.14758204222145818,0.8524179577785418,0.120961382985115,0.0060516977682709,0.0001790069800335,-0.884409833438566,-0.5753797650470166,0.5753797650470166,-0.3814181019971683,-0.5135177278632456,0.5135177278632457,-1.9243549859528395,-1.7536927277183598,1.7536927277183598,48.23252,23.73153,spair
snapshots/flyingthings_steps100_pretrainedTrue_freezeFalse_2025_12_10_18_38,flyingthings_steps100_pretrainedTrue_freezeFalse_2025_12_10_18_38,flyingthings,steps,100,True,False,2025_12_10_18_38,kitti2012,5000,384327.14999999997,76.86542999999999,5,0.4061777735434162,0.062277533608699816,0.9377224663913002,0.37591873432511413,0.2106714357042166,0.7893285642957835,0.0946537763232718,0.09148756519612072,0.9085124348038793,0.3795063495635986,0.0222196206450462,0.0002735433517955,-0.3797890628722786,-2.711853282655035,2.711853282655035,-0.5069076054272054,-1.3208829224035434,1.3208829224035439,-2.2580916635157178,-2.295605511373138,2.2956055113731386,59.49418666666667,17.371243333333318,spair
snapshots/flyingthings_steps100_pretrainedTrue_freezeFalse_2025_12_10_18_38,flyingthings_steps100_pretrainedTrue_freezeFalse_2025_12_10_18_38,flyingthings,steps,100,True,False,2025_12_10_18_38,kitti2015,5000,378512.20000000007,75.70244000000001,5,,,,,,,,,,0.493736207485199,0.0265788324177265,0.0003328847233206,,,,,,,,,,62.48625333333334,13.216186666666673,spair
snapshots/flyingthings_steps100_pretrainedTrue_freezeFalse_2025_12_10_18_38,flyingthings_steps100_pretrainedTrue_freezeFalse_2025_12_10_18_38,flyingthings,steps,100,True,False,2025_12_10_18_38,middlebury,5000,207869.7,41.57394,5,0.2939051270163976,0.06509054533850193,0.9349094546614981,0.34331084808352363,0.41708274420570207,0.5829172557942979,0.08808511052792434,0.08037156123835107,0.9196284387616489,0.0860338509082794,0.0204798858612775,0.0002459011448081,-0.8764925914239373,-2.6646703788934816,2.664670378893482,-0.6485744745827918,-0.3347606184995471,0.334760618499547,-2.3372431506067426,-2.4373093198822384,2.437309319882238,34.53024666666666,7.043693333333337,spair
snapshots/flyingthings_steps100_pretrainedTrue_freezeFalse_2025_12_10_18_38,flyingthings_steps100_pretrainedTrue_freezeFalse_2025_12_10_18_38,flyingthings,steps,100,True,False,2025_12_10_18_38,pfpascal,5000,179224.94999999998,35.844989999999996,5,0.24264278032587078,0.16238122991347065,0.8376187700865294,0.359136189177216,0.2024012012866136,0.7975987987133863,0.09026680299790843,0.06082428466367857,0.9391757153363214,0.203537255525589,0.0530802756547927,0.0001394387218169,-1.1382447087775276,-1.6406162269758933,1.6406162269758937,-0.5791152971418884,-1.3713538399136087,1.3713538399136085,-2.310381603729249,-2.7370134639490327,2.7370134639490318,23.19225,12.652739999999994,spair
snapshots/flyingthings_steps100_pretrainedTrue_freezeFalse_2025_12_10_18_38,flyingthings_steps100_pretrainedTrue_freezeFalse_2025_12_10_18_38,flyingthings,steps,100,True,False,2025_12_10_18_38,pfwillow,5000,189577.75,37.91555,5,0.18920094189643627,0.09290600954962061,0.9070939904503794,0.3231465107329058,0.36291376886619464,0.6370862311338054,0.06958807652430113,0.0,1.0,0.3096532523632049,0.1238195747137069,0.0002291563287144,-1.4552106179730495,-2.278657740487488,2.2786577404874886,-0.7393490237936415,-0.5627397623948225,0.5627397623948226,-2.593034178193553,-13.815509557963773,13.815509557935018,27.67815333333333,10.237396666666672,spair
snapshots/flyingthings_steps100_pretrainedTrue_freezeFalse_2025_12_10_18_38,flyingthings_steps100_pretrainedTrue_freezeFalse_2025_12_10_18_38,flyingthings,steps,100,True,False,2025_12_10_18_38,pointodyssey,5000,171590.8,34.31816,5,0.40821553999407034,0.01608808594308474,0.9839119140569152,0.25145673986796657,0.36726840198275523,0.6327315980172448,0.09677305506021487,1.344932524977046e-06,0.999998655067475,0.2475492507219314,0.0285462290048599,0.0018444653833284,-0.3713471615497896,-4.113457380292875,4.113457380292874,-1.0908580316897827,-0.5439533951456732,0.5439533951456732,-2.233605246422328,-13.519165368538776,13.519165368509897,24.839123333333333,9.479036666666666,spair
snapshots/flyingthings_steps100_pretrainedTrue_freezeFalse_2025_12_10_18_38,flyingthings_steps100_pretrainedTrue_freezeFalse_2025_12_10_18_38,flyingthings,steps,100,True,False,2025_12_10_18_38,spair,5000,63285.850000000006,12.65717,5,0.07241743541234077,0.11414317314361418,0.8858568268563858,0.3639400558766407,0.2765998229205412,0.7234001770794588,0.0765587459115823,0.0,1.0,0.3054104149341583,0.0825123786926269,0.0004732325032819,-2.5501347179315546,-2.0491017774026505,2.04910177740265,-0.5583036382473445,-0.9613907852757672,0.9613907852757672,-2.490048818822038,-13.815509557963773,13.815509557935018,16.234553333333334,-3.5773833333333336,spair
snapshots/flyingthings_steps100_pretrainedTrue_freezeFalse_2025_12_10_18_38,flyingthings_steps100_pretrainedTrue_freezeFalse_2025_12_10_18_38,flyingthings,steps,100,True,False,2025_12_10_18_38,synthetic,5000,148498.1,29.69962,5,,,,,,,,,,0.0599939003586769,0.0553954653441906,0.0003223882522433,,,,,,,,,,25.490916666666667,4.208703333333332,spair
snapshots/flyingthings_steps100_pretrainedTrue_freezeFalse_2025_12_10_18_38,flyingthings_steps100_pretrainedTrue_freezeFalse_2025_12_10_18_38,flyingthings,steps,100,True,False,2025_12_10_18_38,tss,5000,259868.75,51.97375,5,0.2824930841835783,0.1899262150412935,0.8100737849587065,0.35936281164093814,0.3934301028196687,0.6065698971803313,0.07126981309162128,0.016555393424538448,0.9834446065754615,0.1674795448780059,0.0387242063879966,0.0002132682420779,-0.9321285168351131,-1.450489681211105,1.4504896812111052,-0.5781307923344422,-0.43291654588689243,0.4329165458868923,-2.5673454037603363,-4.084349378080414,4.084349378080411,39.87302333333333,12.100726666666674,spair
snapshots/flyingthings_steps100_pretrainedTrue_freezeFalse_2025_12_12_11_46,flyingthings_steps100_pretrainedTrue_freezeFalse_2025_12_12_11_46,flyingthings,steps,100,True,False,2025_12_12_11_46,flyingthings,5000,360656.7,72.13134000000001,5,0.2922647872483768,0.3599964011268182,0.6400035988731818,0.4057849136901841,0.37436925073848204,0.625630749261518,0.12737671537441497,0.14758204222145818,0.8524179577785418,0.120961382985115,0.0060516977682709,0.0001790069800335,-0.884409833438566,-0.5753797650470166,0.5753797650470166,-0.3814181019971683,-0.5135177278632456,0.5135177278632457,-1.9243549859528395,-1.7536927277183598,1.7536927277183598,48.23252,23.898820000000008,spair
snapshots/flyingthings_steps100_pretrainedTrue_freezeFalse_2025_12_12_11_46,flyingthings_steps100_pretrainedTrue_freezeFalse_2025_12_12_11_46,flyingthings,steps,100,True,False,2025_12_12_11_46,kitti2012,5000,385018.15,77.00363,5,0.4061777735434162,0.062277533608699816,0.9377224663913002,0.37591873432511413,0.2106714357042166,0.7893285642957835,0.0946537763232718,0.09148756519612072,0.9085124348038793,0.3795063495635986,0.0222196206450462,0.0002735433517955,-0.3797890628722786,-2.711853282655035,2.711853282655035,-0.5069076054272054,-1.3208829224035434,1.3208829224035439,-2.2580916635157178,-2.295605511373138,2.2956055113731386,59.49418666666667,17.50944333333333,spair
snapshots/flyingthings_steps100_pretrainedTrue_freezeFalse_2025_12_12_11_46,flyingthings_steps100_pretrainedTrue_freezeFalse_2025_12_12_11_46,flyingthings,steps,100,True,False,2025_12_12_11_46,kitti2015,5000,378512.50000000006,75.70250000000001,5,,,,,,,,,,0.493736207485199,0.0265788324177265,0.0003328847233206,,,,,,,,,,62.48625333333334,13.216246666666677,spair
snapshots/flyingthings_steps100_pretrainedTrue_freezeFalse_2025_12_12_11_46,flyingthings_steps100_pretrainedTrue_freezeFalse_2025_12_12_11_46,flyingthings,steps,100,True,False,2025_12_12_11_46,middlebury,5000,209132.80000000002,41.82656,5,0.2939051270163976,0.06509054533850193,0.9349094546614981,0.34331084808352363,0.41708274420570207,0.5829172557942979,0.08808511052792434,0.08037156123835107,0.9196284387616489,0.0860338509082794,0.0204798858612775,0.0002459011448081,-0.8764925914239373,-2.6646703788934816,2.664670378893482,-0.6485744745827918,-0.3347606184995471,0.334760618499547,-2.3372431506067426,-2.4373093198822384,2.437309319882238,34.53024666666666,7.296313333333337,spair
snapshots/flyingthings_steps100_pretrainedTrue_freezeFalse_2025_12_12_11_46,flyingthings_steps100_pretrainedTrue_freezeFalse_2025_12_12_11_46,flyingthings,steps,100,True,False,2025_12_12_11_46,pfpascal,5000,173037.8,34.60756,5,0.24264278032587078,0.16238122991347065,0.8376187700865294,0.359136189177216,0.2024012012866136,0.7975987987133863,0.09026680299790843,0.06082428466367857,0.9391757153363214,0.203537255525589,0.0530802756547927,0.0001394387218169,-1.1382447087775276,-1.6406162269758933,1.6406162269758937,-0.5791152971418884,-1.3713538399136087,1.3713538399136085,-2.310381603729249,-2.7370134639490327,2.7370134639490318,23.19225,11.415309999999998,spair
snapshots/flyingthings_steps100_pretrainedTrue_freezeFalse_2025_12_12_11_46,flyingthings_steps100_pretrainedTrue_freezeFalse_2025_12_12_11_46,flyingthings,steps,100,True,False,2025_12_12_11_46,pfwillow,5000,184444.40000000002,36.88888000000001,5,0.18920094189643627,0.09290600954962061,0.9070939904503794,0.3231465107329058,0.36291376886619464,0.6370862311338054,0.06958807652430113,0.0,1.0,0.3096532523632049,0.1238195747137069,0.0002291563287144,-1.4552106179730495,-2.278657740487488,2.2786577404874886,-0.7393490237936415,-0.5627397623948225,0.5627397623948226,-2.593034178193553,-13.815509557963773,13.815509557935018,27.67815333333333,9.210726666666677,spair
snapshots/flyingthings_steps100_pretrainedTrue_freezeFalse_2025_12_12_11_46,flyingthings_steps100_pretrainedTrue_freezeFalse_2025_12_12_11_46,flyingthings,steps,100,True,False,2025_12_12_11_46,pointodyssey,5000,171724.7,34.34494,5,0.40821553999407034,0.01608808594308474,0.9839119140569152,0.25145673986796657,0.36726840198275523,0.6327315980172448,0.09677305506021487,1.344932524977046e-06,0.999998655067475,0.2475492507219314,0.0285462290048599,0.0018444653833284,-0.3713471615497896,-4.113457380292875,4.113457380292874,-1.0908580316897827,-0.5439533951456732,0.5439533951456732,-2.233605246422328,-13.519165368538776,13.519165368509897,24.839123333333333,9.505816666666668,spair
snapshots/flyingthings_steps100_pretrainedTrue_freezeFalse_2025_12_12_11_46,flyingthings_steps100_pretrainedTrue_freezeFalse_2025_12_12_11_46,flyingthings,steps,100,True,False,2025_12_12_11_46,spair,5000,59818.45,11.96369,5,0.07241743541234077,0.11414317314361418,0.8858568268563858,0.3639400558766407,0.2765998229205412,0.7234001770794588,0.0765587459115823,0.0,1.0,0.3054104149341583,0.0825123786926269,0.0004732325032819,-2.5501347179315546,-2.0491017774026505,2.04910177740265,-0.5583036382473445,-0.9613907852757672,0.9613907852757672,-2.490048818822038,-13.815509557963773,13.815509557935018,16.234553333333334,-4.270863333333335,spair
snapshots/flyingthings_steps100_pretrainedTrue_freezeFalse_2025_12_12_11_46,flyingthings_steps100_pretrainedTrue_freezeFalse_2025_12_12_11_46,flyingthings,steps,100,True,False,2025_12_12_11_46,synthetic,5000,146447.59999999998,29.289519999999996,5,,,,,,,,,,0.0599939003586769,0.0553954653441906,0.0003223882522433,,,,,,,,,,25.490916666666667,3.798603333333329,spair
snapshots/flyingthings_steps100_pretrainedTrue_freezeFalse_2025_12_12_11_46,flyingthings_steps100_pretrainedTrue_freezeFalse_2025_12_12_11_46,flyingthings,steps,100,True,False,2025_12_12_11_46,tss,5000,258596.05,51.71921,5,0.2824930841835783,0.1899262150412935,0.8100737849587065,0.35936281164093814,0.3934301028196687,0.6065698971803313,0.07126981309162128,0.016555393424538448,0.9834446065754615,0.1674795448780059,0.0387242063879966,0.0002132682420779,-0.9321285168351131,-1.450489681211105,1.4504896812111052,-0.5781307923344422,-0.43291654588689243,0.4329165458868923,-2.5673454037603363,-4.084349378080414,4.084349378080411,39.87302333333333,11.846186666666668,spair
snapshots/pointodyssey_logsteps100_pretrainedTrue_freezeFalse_2025_12_10_11_14,pointodyssey_logsteps100_pretrainedTrue_freezeFalse_2025_12_10_11_14,pointodyssey,logsteps,100,True,False,2025_12_10_11_14,flyingthings,5000,332832.95,66.56659,5,0.010053296932050197,0.5088436144750872,0.4911563855249128,0.3950082247167559,0.2794855929302831,0.7205144070697169,0.033390817959972605,0.11491543480254499,0.885084565197455,0.5806678533554077,0.0284111928194761,0.0016727743204683,-4.589750472746763,0.035378147418594554,-0.03537814741859453,-0.42630827661320203,-0.9470146657726355,0.9470146657726354,-3.365513307873559,-2.041486686020306,2.041486686020306,48.23252,18.334070000000004,spair
snapshots/pointodyssey_logsteps100_pretrainedTrue_freezeFalse_2025_12_10_11_14,pointodyssey_logsteps100_pretrainedTrue_freezeFalse_2025_12_10_11_14,pointodyssey,logsteps,100,True,False,2025_12_10_11_14,kitti2012,5000,377759.75,75.55195,5,0.0435035504011905,0.12741498164456927,0.8725850183554307,0.3816639411454963,0.14707171947490544,0.8529282805250946,0.029405838007069623,0.0847696987641634,0.9152303012358366,0.9307700991630554,0.053868368268013,0.0017896406352519,-3.0904345238237863,-1.9240107600200127,1.9240107600200123,-0.48249160802343133,-1.7577551094691022,1.7577551094691024,-3.4967151958086324,-2.379237575897827,2.379237575897827,59.49418666666667,16.057763333333334,spair
snapshots/pointodyssey_logsteps100_pretrainedTrue_freezeFalse_2025_12_10_11_14,pointodyssey_logsteps100_pretrainedTrue_freezeFalse_2025_12_10_11_14,pointodyssey,logsteps,100,True,False,2025_12_10_11_14,kitti2015,5000,374908.75000000006,74.98175,5,,,,,,,,,,0.8946569561958313,0.0623247697949409,0.0018274903995916,,,,,,,,,,62.48625333333334,12.495496666666668,spair
snapshots/pointodyssey_logsteps100_pretrainedTrue_freezeFalse_2025_12_10_11_14,pointodyssey_logsteps100_pretrainedTrue_freezeFalse_2025_12_10_11_14,pointodyssey,logsteps,100,True,False,2025_12_10_11_14,middlebury,5000,213891.55,42.77831,5,0.01640671057541398,0.22927905864845727,0.7707209413515428,0.36770262317897073,0.35509226882697453,0.6449077311730255,0.02507401955997992,0.06587972637872966,0.9341202736212704,0.4707968235015869,0.0374895259737968,0.0017147951293736,-4.093522055289,-1.212386505887496,1.2123865058874963,-0.5420852941243304,-0.5967295862251187,0.5967295862251186,-3.660529317834894,-2.651774450579656,2.6517744505796563,34.53024666666666,8.248063333333334,spair
snapshots/pointodyssey_logsteps100_pretrainedTrue_freezeFalse_2025_12_10_11_14,pointodyssey_logsteps100_pretrainedTrue_freezeFalse_2025_12_10_11_14,pointodyssey,logsteps,100,True,False,2025_12_10_11_14,pfpascal,5000,96804.85,19.360970000000002,5,0.0033581181410623964,0.22711475112463822,0.7728852488753618,0.41915466822997605,0.17621831318750086,0.8237816868124992,0.0375784640062466,0.06415250701901505,0.9358474929809849,0.7308903932571411,0.0300277210772037,0.0015947729116305,-5.69301076969875,-1.2246751871903825,1.2246751871903827,-0.32624452263797765,-1.5421819094210212,1.5421819094210214,-3.243021421281919,-2.680189357477865,2.680189357477864,23.19225,-3.8312799999999996,spair
snapshots/pointodyssey_logsteps100_pretrainedTrue_freezeFalse_2025_12_10_11_14,pointodyssey_logsteps100_pretrainedTrue_freezeFalse_2025_12_10_11_14,pointodyssey,logsteps,100,True,False,2025_12_10_11_14,pfwillow,5000,123716.65,24.74333,5,0.003258420112872361,0.15724606437926597,0.8427539356207341,0.38011184849167895,0.3265369296798365,0.6734630703201635,0.023703992896532706,0.0,1.0,0.6815898418426514,0.1024791523814201,0.0016700546257197,-5.723249088703045,-1.6788631566049002,1.6788631566049006,-0.48907351342446853,-0.7238901117916602,0.7238901117916602,-3.718122315800429,-13.815509557963773,13.815509557935018,27.67815333333333,-2.9348233333333305,spair
snapshots/pointodyssey_logsteps100_pretrainedTrue_freezeFalse_2025_12_10_11_14,pointodyssey_logsteps100_pretrainedTrue_freezeFalse_2025_12_10_11_14,pointodyssey,logsteps,100,True,False,2025_12_10_11_14,pointodyssey,5000,130670.2,26.13404,5,0.09559769850839704,0.14730774826650345,0.8526922517334965,0.2975566426125626,0.32459599663343575,0.6754040033665643,0.058874787533355136,3.071611607032183e-05,0.9999692838839297,0.1970680356025695,0.0461983606219291,0.0029795211739838,-2.247125539584742,-1.7558747749326584,1.755874774932658,-0.8589601657045158,-0.7327297135606865,0.7327297135606865,-2.7716632503736314,-10.390692371092474,10.390692371092982,24.839123333333333,1.2949166666666656,spair
snapshots/pointodyssey_logsteps100_pretrainedTrue_freezeFalse_2025_12_10_11_14,pointodyssey_logsteps100_pretrainedTrue_freezeFalse_2025_12_10_11_14,pointodyssey,logsteps,100,True,False,2025_12_10_11_14,spair,5000,45531.200000000004,9.106240000000001,5,0.0006379930779751116,0.1271820081967209,0.8728179918032791,0.4296341672615527,0.253888317954017,0.746111682045983,0.02503889056451512,0.0,1.0,0.8958064317703247,0.0372311100363731,0.0019985870458185,-7.356544927564969,-1.9261078522890949,1.926107852289095,-0.2833438940134807,-1.0779808196043372,1.0779808196043372,-3.6619673437224467,-13.815509557963773,13.815509557935018,16.234553333333334,-7.128313333333333,spair
snapshots/pointodyssey_logsteps100_pretrainedTrue_freezeFalse_2025_12_10_11_14,pointodyssey_logsteps100_pretrainedTrue_freezeFalse_2025_12_10_11_14,pointodyssey,logsteps,100,True,False,2025_12_10_11_14,synthetic,5000,119591.09999999999,23.918219999999998,5,,,,,,,,,,0.5767019391059875,0.0903046876192092,0.001776477205567,,,,,,,,,,25.490916666666667,-1.572696666666669,spair
snapshots/pointodyssey_logsteps100_pretrainedTrue_freezeFalse_2025_12_10_11_14,pointodyssey_logsteps100_pretrainedTrue_freezeFalse_2025_12_10_11_14,pointodyssey,logsteps,100,True,False,2025_12_10_11_14,tss,5000,201117.19999999998,40.22344,5,0.0035377141427533655,0.27217284173144773,0.7278271582685523,0.4141483238151876,0.3527509206069136,0.6472490793930864,0.021002950952295665,0.0160659960753883,0.9839340039246117,0.5973126888275146,0.0187124498188495,0.0016833532135933,-5.6407304961396365,-0.9836262880205411,0.9836262880205411,-0.34684246547917147,-0.6069689957653173,0.6069689957653173,-3.8418656788853034,-4.114853832149693,4.114853832149694,39.87302333333333,0.3504166666666677,spair
snapshots/pointodyssey_steps100_pretrainedTrue_freezeFalse_2025_12_11_00_21,pointodyssey_steps100_pretrainedTrue_freezeFalse_2025_12_11_00_21,pointodyssey,steps,100,True,False,2025_12_11_00_21,flyingthings,5000,336081.4,67.21628,5,0.010053296932050197,0.5088436144750872,0.4911563855249128,0.3950082247167559,0.2794855929302831,0.7205144070697169,0.033390817959972605,0.11491543480254499,0.885084565197455,0.5806678533554077,0.0284111928194761,0.0016727743204683,-4.589750472746763,0.035378147418594554,-0.03537814741859453,-0.42630827661320203,-0.9470146657726355,0.9470146657726354,-3.365513307873559,-2.041486686020306,2.041486686020306,48.23252,18.983759999999997,spair
snapshots/pointodyssey_steps100_pretrainedTrue_freezeFalse_2025_12_11_00_21,pointodyssey_steps100_pretrainedTrue_freezeFalse_2025_12_11_00_21,pointodyssey,steps,100,True,False,2025_12_11_00_21,kitti2012,5000,378099.1,75.61981999999999,5,0.0435035504011905,0.12741498164456927,0.8725850183554307,0.3816639411454963,0.14707171947490544,0.8529282805250946,0.029405838007069623,0.0847696987641634,0.9152303012358366,0.9307700991630554,0.053868368268013,0.0017896406352519,-3.0904345238237863,-1.9240107600200127,1.9240107600200123,-0.48249160802343133,-1.7577551094691022,1.7577551094691024,-3.4967151958086324,-2.379237575897827,2.379237575897827,59.49418666666667,16.12563333333332,spair
snapshots/pointodyssey_steps100_pretrainedTrue_freezeFalse_2025_12_11_00_21,pointodyssey_steps100_pretrainedTrue_freezeFalse_2025_12_11_00_21,pointodyssey,steps,100,True,False,2025_12_11_00_21,kitti2015,5000,377239.04999999993,75.44780999999999,5,,,,,,,,,,0.8946569561958313,0.0623247697949409,0.0018274903995916,,,,,,,,,,62.48625333333334,12.961556666666652,spair
snapshots/pointodyssey_steps100_pretrainedTrue_freezeFalse_2025_12_11_00_21,pointodyssey_steps100_pretrainedTrue_freezeFalse_2025_12_11_00_21,pointodyssey,steps,100,True,False,2025_12_11_00_21,middlebury,5000,214391.19999999998,42.87824,5,0.01640671057541398,0.22927905864845727,0.7707209413515428,0.36770262317897073,0.35509226882697453,0.6449077311730255,0.02507401955997992,0.06587972637872966,0.9341202736212704,0.4707968235015869,0.0374895259737968,0.0017147951293736,-4.093522055289,-1.212386505887496,1.2123865058874963,-0.5420852941243304,-0.5967295862251187,0.5967295862251186,-3.660529317834894,-2.651774450579656,2.6517744505796563,34.53024666666666,8.347993333333335,spair
snapshots/pointodyssey_steps100_pretrainedTrue_freezeFalse_2025_12_11_00_21,pointodyssey_steps100_pretrainedTrue_freezeFalse_2025_12_11_00_21,pointodyssey,steps,100,True,False,2025_12_11_00_21,pfpascal,5000,126848.65,25.36973,5,0.0033581181410623964,0.22711475112463822,0.7728852488753618,0.41915466822997605,0.17621831318750086,0.8237816868124992,0.0375784640062466,0.06415250701901505,0.9358474929809849,0.7308903932571411,0.0300277210772037,0.0015947729116305,-5.69301076969875,-1.2246751871903825,1.2246751871903827,-0.32624452263797765,-1.5421819094210212,1.5421819094210214,-3.243021421281919,-2.680189357477865,2.680189357477864,23.19225,2.177479999999999,spair
snapshots/pointodyssey_steps100_pretrainedTrue_freezeFalse_2025_12_11_00_21,pointodyssey_steps100_pretrainedTrue_freezeFalse_2025_12_11_00_21,pointodyssey,steps,100,True,False,2025_12_11_00_21,pfwillow,5000,142144.4,28.42888,5,0.003258420112872361,0.15724606437926597,0.8427539356207341,0.38011184849167895,0.3265369296798365,0.6734630703201635,0.023703992896532706,0.0,1.0,0.6815898418426514,0.1024791523814201,0.0016700546257197,-5.723249088703045,-1.6788631566049002,1.6788631566049006,-0.48907351342446853,-0.7238901117916602,0.7238901117916602,-3.718122315800429,-13.815509557963773,13.815509557935018,27.67815333333333,0.7507266666666688,spair
snapshots/pointodyssey_steps100_pretrainedTrue_freezeFalse_2025_12_11_00_21,pointodyssey_steps100_pretrainedTrue_freezeFalse_2025_12_11_00_21,pointodyssey,steps,100,True,False,2025_12_11_00_21,pointodyssey,5000,130346.1,26.06922,5,0.09559769850839704,0.14730774826650345,0.8526922517334965,0.2975566426125626,0.32459599663343575,0.6754040033665643,0.058874787533355136,3.071611607032183e-05,0.9999692838839297,0.1970680356025695,0.0461983606219291,0.0029795211739838,-2.247125539584742,-1.7558747749326584,1.755874774932658,-0.8589601657045158,-0.7327297135606865,0.7327297135606865,-2.7716632503736314,-10.390692371092474,10.390692371092982,24.839123333333333,1.2300966666666682,spair
snapshots/pointodyssey_steps100_pretrainedTrue_freezeFalse_2025_12_11_00_21,pointodyssey_steps100_pretrainedTrue_freezeFalse_2025_12_11_00_21,pointodyssey,steps,100,True,False,2025_12_11_00_21,spair,5000,58347.1,11.66942,5,0.0006379930779751116,0.1271820081967209,0.8728179918032791,0.4296341672615527,0.253888317954017,0.746111682045983,0.02503889056451512,0.0,1.0,0.8958064317703247,0.0372311100363731,0.0019985870458185,-7.356544927564969,-1.9261078522890949,1.926107852289095,-0.2833438940134807,-1.0779808196043372,1.0779808196043372,-3.6619673437224467,-13.815509557963773,13.815509557935018,16.234553333333334,-4.565133333333334,spair
snapshots/pointodyssey_steps100_pretrainedTrue_freezeFalse_2025_12_11_00_21,pointodyssey_steps100_pretrainedTrue_freezeFalse_2025_12_11_00_21,pointodyssey,steps,100,True,False,2025_12_11_00_21,synthetic,5000,134361.2,26.87224,5,,,,,,,,,,0.5767019391059875,0.0903046876192092,0.001776477205567,,,,,,,,,,25.490916666666667,1.3813233333333343,spair
snapshots/pointodyssey_steps100_pretrainedTrue_freezeFalse_2025_12_11_00_21,pointodyssey_steps100_pretrainedTrue_freezeFalse_2025_12_11_00_21,pointodyssey,steps,100,True,False,2025_12_11_00_21,tss,5000,224271.75,44.85435,5,0.0035377141427533655,0.27217284173144773,0.7278271582685523,0.4141483238151876,0.3527509206069136,0.6472490793930864,0.021002950952295665,0.0160659960753883,0.9839340039246117,0.5973126888275146,0.0187124498188495,0.0016833532135933,-5.6407304961396365,-0.9836262880205411,0.9836262880205411,-0.34684246547917147,-0.6069689957653173,0.6069689957653173,-3.8418656788853034,-4.114853832149693,4.114853832149694,39.87302333333333,4.981326666666668,spair
snapshots/pointodyssey_steps100_pretrainedTrue_freezeFalse_2025_12_12_23_45,pointodyssey_steps100_pretrainedTrue_freezeFalse_2025_12_12_23_45,pointodyssey,steps,100,True,False,2025_12_12_23_45,flyingthings,5000,304056.2,60.811240000000005,5,0.010053296932050197,0.5088436144750872,0.4911563855249128,0.3950082247167559,0.2794855929302831,0.7205144070697169,0.033390817959972605,0.11491543480254499,0.885084565197455,0.5806678533554077,0.0284111928194761,0.0016727743204683,-4.589750472746763,0.035378147418594554,-0.03537814741859453,-0.42630827661320203,-0.9470146657726355,0.9470146657726354,-3.365513307873559,-2.041486686020306,2.041486686020306,48.23252,12.578720000000004,spair
snapshots/pointodyssey_steps100_pretrainedTrue_freezeFalse_2025_12_12_23_45,pointodyssey_steps100_pretrainedTrue_freezeFalse_2025_12_12_23_45,pointodyssey,steps,100,True,False,2025_12_12_23_45,kitti2012,5000,332594.3,66.51886,5,0.0435035504011905,0.12741498164456927,0.8725850183554307,0.3816639411454963,0.14707171947490544,0.8529282805250946,0.029405838007069623,0.0847696987641634,0.9152303012358366,0.9307700991630554,0.053868368268013,0.0017896406352519,-3.0904345238237863,-1.9240107600200127,1.9240107600200123,-0.48249160802343133,-1.7577551094691022,1.7577551094691024,-3.4967151958086324,-2.379237575897827,2.379237575897827,59.49418666666667,7.024673333333332,spair
snapshots/pointodyssey_steps100_pretrainedTrue_freezeFalse_2025_12_12_23_45,pointodyssey_steps100_pretrainedTrue_freezeFalse_2025_12_12_23_45,pointodyssey,steps,100,True,False,2025_12_12_23_45,kitti2015,5000,357477.8,71.49556,5,,,,,,,,,,0.8946569561958313,0.0623247697949409,0.0018274903995916,,,,,,,,,,62.48625333333334,9.00930666666666,spair
snapshots/pointodyssey_steps100_pretrainedTrue_freezeFalse_2025_12_12_23_45,pointodyssey_steps100_pretrainedTrue_freezeFalse_2025_12_12_23_45,pointodyssey,steps,100,True,False,2025_12_12_23_45,middlebury,5000,206192.45,41.238490000000006,5,0.01640671057541398,0.22927905864845727,0.7707209413515428,0.36770262317897073,0.35509226882697453,0.6449077311730255,0.02507401955997992,0.06587972637872966,0.9341202736212704,0.4707968235015869,0.0374895259737968,0.0017147951293736,-4.093522055289,-1.212386505887496,1.2123865058874963,-0.5420852941243304,-0.5967295862251187,0.5967295862251186,-3.660529317834894,-2.651774450579656,2.6517744505796563,34.53024666666666,6.708243333333343,spair
snapshots/pointodyssey_steps100_pretrainedTrue_freezeFalse_2025_12_12_23_45,pointodyssey_steps100_pretrainedTrue_freezeFalse_2025_12_12_23_45,pointodyssey,steps,100,True,False,2025_12_12_23_45,pfpascal,5000,90199.65000000001,18.039930000000002,5,0.0033581181410623964,0.22711475112463822,0.7728852488753618,0.41915466822997605,0.17621831318750086,0.8237816868124992,0.0375784640062466,0.06415250701901505,0.9358474929809849,0.7308903932571411,0.0300277210772037,0.0015947729116305,-5.69301076969875,-1.2246751871903825,1.2246751871903827,-0.32624452263797765,-1.5421819094210212,1.5421819094210214,-3.243021421281919,-2.680189357477865,2.680189357477864,23.19225,-5.15232,spair
snapshots/pointodyssey_steps100_pretrainedTrue_freezeFalse_2025_12_12_23_45,pointodyssey_steps100_pretrainedTrue_freezeFalse_2025_12_12_23_45,pointodyssey,steps,100,True,False,2025_12_12_23_45,pfwillow,5000,109877.8,21.97556,5,0.003258420112872361,0.15724606437926597,0.8427539356207341,0.38011184849167895,0.3265369296798365,0.6734630703201635,0.023703992896532706,0.0,1.0,0.6815898418426514,0.1024791523814201,0.0016700546257197,-5.723249088703045,-1.6788631566049002,1.6788631566049006,-0.48907351342446853,-0.7238901117916602,0.7238901117916602,-3.718122315800429,-13.815509557963773,13.815509557935018,27.67815333333333,-5.702593333333329,spair
snapshots/pointodyssey_steps100_pretrainedTrue_freezeFalse_2025_12_12_23_45,pointodyssey_steps100_pretrainedTrue_freezeFalse_2025_12_12_23_45,pointodyssey,steps,100,True,False,2025_12_12_23_45,pointodyssey,5000,115114.75,23.02295,5,0.09559769850839704,0.14730774826650345,0.8526922517334965,0.2975566426125626,0.32459599663343575,0.6754040033665643,0.058874787533355136,3.071611607032183e-05,0.9999692838839297,0.1970680356025695,0.0461983606219291,0.0029795211739838,-2.247125539584742,-1.7558747749326584,1.755874774932658,-0.8589601657045158,-0.7327297135606865,0.7327297135606865,-2.7716632503736314,-10.390692371092474,10.390692371092982,24.839123333333333,-1.8161733333333316,spair
snapshots/pointodyssey_steps100_pretrainedTrue_freezeFalse_2025_12_12_23_45,pointodyssey_steps100_pretrainedTrue_freezeFalse_2025_12_12_23_45,pointodyssey,steps,100,True,False,2025_12_12_23_45,spair,5000,43150.65,8.63013,5,0.0006379930779751116,0.1271820081967209,0.8728179918032791,0.4296341672615527,0.253888317954017,0.746111682045983,0.02503889056451512,0.0,1.0,0.8958064317703247,0.0372311100363731,0.0019985870458185,-7.356544927564969,-1.9261078522890949,1.926107852289095,-0.2833438940134807,-1.0779808196043372,1.0779808196043372,-3.6619673437224467,-13.815509557963773,13.815509557935018,16.234553333333334,-7.604423333333335,spair
snapshots/pointodyssey_steps100_pretrainedTrue_freezeFalse_2025_12_12_23_45,pointodyssey_steps100_pretrainedTrue_freezeFalse_2025_12_12_23_45,pointodyssey,steps,100,True,False,2025_12_12_23_45,synthetic,5000,96783.05000000002,19.356610000000003,5,,,,,,,,,,0.5767019391059875,0.0903046876192092,0.001776477205567,,,,,,,,,,25.490916666666667,-6.134306666666664,spair
snapshots/pointodyssey_steps100_pretrainedTrue_freezeFalse_2025_12_12_23_45,pointodyssey_steps100_pretrainedTrue_freezeFalse_2025_12_12_23_45,pointodyssey,steps,100,True,False,2025_12_12_23_45,tss,5000,177075.75,35.41515,5,0.0035377141427533655,0.27217284173144773,0.7278271582685523,0.4141483238151876,0.3527509206069136,0.6472490793930864,0.021002950952295665,0.0160659960753883,0.9839340039246117,0.5973126888275146,0.0187124498188495,0.0016833532135933,-5.6407304961396365,-0.9836262880205411,0.9836262880205411,-0.34684246547917147,-0.6069689957653173,0.6069689957653173,-3.8418656788853034,-4.114853832149693,4.114853832149694,39.87302333333333,-4.457873333333332,spair
snapshots/sintel_logsteps100_pretrainedTrue_freezeFalse_2025_12_10_01_43,sintel_logsteps100_pretrainedTrue_freezeFalse_2025_12_10_01_43,sintel,logsteps,100,True,False,2025_12_10_01_43,flyingthings,5000,357374.75,71.47495,5,0.10989059759040178,0.4852367801604809,0.5147632198395191,0.3725248745587929,0.3225590445824691,0.6774409554175309,0.06552152454905705,0.11451383514646171,0.8854861648535383,0.1390412896871566,0.018274150788784,0.000195553569938,-2.0918590757052304,-0.05907004931652785,0.05907004931652783,-0.5214002165599321,-0.7420361948261344,0.7420361948261345,-2.657609885677674,-2.0454411863258692,2.0454411863258692,48.23252,23.242430000000006,spair
snapshots/sintel_logsteps100_pretrainedTrue_freezeFalse_2025_12_10_01_43,sintel_logsteps100_pretrainedTrue_freezeFalse_2025_12_10_01_43,sintel,logsteps,100,True,False,2025_12_10_01_43,kitti2012,5000,391073.35,78.21467,5,0.3551050345401612,0.20149055109055272,0.7985094489094473,0.38719408509935777,0.19648523014528918,0.8035147698547108,0.07999150516374366,0.11252545873465444,0.8874745412653455,0.3250104188919067,0.0135165369138121,0.0002408786967862,-0.5966738416288365,-1.3770043134729675,1.3770043134729677,-0.45912219143343314,-1.4084083030769141,1.4084083030769141,-2.4424624599355242,-2.0652003391338023,2.065200339133802,59.49418666666667,18.720483333333327,spair
snapshots/sintel_logsteps100_pretrainedTrue_freezeFalse_2025_12_10_01_43,sintel_logsteps100_pretrainedTrue_freezeFalse_2025_12_10_01_43,sintel,logsteps,100,True,False,2025_12_10_01_43,kitti2015,5000,383884.65,76.77693000000001,5,,,,,,,,,,0.462210088968277,0.0200000964105129,0.0003074161650147,,,,,,,,,,62.48625333333334,14.29067666666667,spair
snapshots/sintel_logsteps100_pretrainedTrue_freezeFalse_2025_12_10_01_43,sintel_logsteps100_pretrainedTrue_freezeFalse_2025_12_10_01_43,sintel,logsteps,100,True,False,2025_12_10_01_43,middlebury,5000,212547.4,42.509479999999996,5,0.11984491270223879,0.16684411733910104,0.8331558826608989,0.33184669997834976,0.38874618593677057,0.6112538140632294,0.05747486940355197,0.07918546754916396,0.920814532450836,0.0531929060816764,0.0288142971694469,0.0002511442289687,-1.9938996147377608,-1.6081608113128076,1.6081608113128072,-0.6998445230326505,-0.45258562819566817,0.45258562819566805,-2.797214784313341,-2.4534658482584306,2.45346584825843,34.53024666666666,7.979233333333333,spair
snapshots/sintel_logsteps100_pretrainedTrue_freezeFalse_2025_12_10_01_43,sintel_logsteps100_pretrainedTrue_freezeFalse_2025_12_10_01_43,sintel,logsteps,100,True,False,2025_12_10_01_43,pfpascal,5000,166520.15,33.30403,5,0.05503091183244263,0.20249251950306188,0.7975074804969381,0.37423417313126783,0.18774258286105036,0.8122574171389496,0.07388402647464164,0.07067094447817787,0.9293290555218221,0.2253512740135193,0.0534295104444026,0.0001226943131769,-2.843257155356888,-1.3707882694098248,1.3707882694098248,-0.5140944897877366,-1.4647455216402838,1.4647455216402836,-2.528502814148069,-2.576428360864391,2.5764283608643908,23.19225,10.111779999999996,spair
snapshots/sintel_logsteps100_pretrainedTrue_freezeFalse_2025_12_10_01_43,sintel_logsteps100_pretrainedTrue_freezeFalse_2025_12_10_01_43,sintel,logsteps,100,True,False,2025_12_10_01_43,pfwillow,5000,182922.25,36.58445,5,0.03413554403548297,0.11160669244543285,0.8883933075545671,0.333279956984099,0.3485331913668394,0.6514668086331605,0.04622911995589625,0.0,1.0,0.3923173248767853,0.11776864528656,0.0002168267965316,-3.342684321126392,-2.0744335425493237,2.0744335425493237,-0.6933873837485317,-0.6254929828772969,0.6254929828772967,-3.0268135733283135,-13.815509557963773,13.815509557935018,27.67815333333333,8.906296666666666,spair
snapshots/sintel_logsteps100_pretrainedTrue_freezeFalse_2025_12_10_01_43,sintel_logsteps100_pretrainedTrue_freezeFalse_2025_12_10_01_43,sintel,logsteps,100,True,False,2025_12_10_01_43,pointodyssey,5000,232146.69999999995,46.42933999999999,5,0.3588826914772057,0.1336452884702793,0.8663547115297208,0.25651209243955897,0.3501068496322744,0.6498931503677257,0.06998280795262025,2.5784068409332037e-06,0.9999974215931591,0.2010148614645004,0.0429595969617366,0.0018246027175337,-0.5802168783909238,-1.8691052330937052,1.8691052330937055,-1.0641766940452655,-0.6185695727702718,0.6185695727702719,-2.5869534608411673,-12.868336274868664,12.86833627487179,24.839123333333333,21.590216666666656,spair
snapshots/sintel_logsteps100_pretrainedTrue_freezeFalse_2025_12_10_01_43,sintel_logsteps100_pretrainedTrue_freezeFalse_2025_12_10_01_43,sintel,logsteps,100,True,False,2025_12_10_01_43,spair,5000,66678.45,13.33569,5,0.01162186475376507,0.12945127419485128,0.8705487258051487,0.3512253384115164,0.25650266867928134,0.7434973313207187,0.054336141314379874,0.0,1.0,0.3481242060661316,0.0865340828895568,0.0004474713932722,-4.443177136010857,-1.9058191828530342,1.9058191828530344,-0.6136574405118218,-1.0642261077826296,1.0642261077826296,-2.8566975853865593,-13.815509557963773,13.815509557935018,16.234553333333334,-2.8988633333333347,spair
snapshots/sintel_logsteps100_pretrainedTrue_freezeFalse_2025_12_10_01_43,sintel_logsteps100_pretrainedTrue_freezeFalse_2025_12_10_01_43,sintel,logsteps,100,True,False,2025_12_10_01_43,synthetic,5000,156531.1,31.30622,5,,,,,,,,,,0.1029448211193084,0.0748398900032043,0.0003136793966405,,,,,,,,,,25.490916666666667,5.815303333333333,spair
snapshots/sintel_logsteps100_pretrainedTrue_freezeFalse_2025_12_10_01_43,sintel_logsteps100_pretrainedTrue_freezeFalse_2025_12_10_01_43,sintel,logsteps,100,True,False,2025_12_10_01_43,tss,5000,254948.4,50.98968,5,0.06828503304385677,0.24723648026077236,0.7527635197392276,0.3599667493838461,0.3681758873011539,0.6318241126988461,0.04685671989072855,0.018471009426726956,0.981528990573273,0.1550674140453338,0.0444810017943382,0.0002017388469539,-2.613336331422846,-1.11340583909847,1.11340583909847,-0.5755084647300933,-0.5400502741140747,0.5400502741140747,-3.0126708061770655,-3.9729091053383527,3.9729091053383523,39.87302333333333,11.116656666666671,spair
snapshots/sintel_steps100_pretrainedTrue_freezeFalse_2025_12_10_12_22,sintel_steps100_pretrainedTrue_freezeFalse_2025_12_10_12_22,sintel,steps,100,True,False,2025_12_10_12_22,flyingthings,5000,357616.30000000005,71.52326000000001,5,0.10989059759040178,0.4852367801604809,0.5147632198395191,0.3725248745587929,0.3225590445824691,0.6774409554175309,0.06552152454905705,0.11451383514646171,0.8854861648535383,0.1390412896871566,0.018274150788784,0.000195553569938,-2.0918590757052304,-0.05907004931652785,0.05907004931652783,-0.5214002165599321,-0.7420361948261344,0.7420361948261345,-2.657609885677674,-2.0454411863258692,2.0454411863258692,48.23252,23.290740000000007,spair
snapshots/sintel_steps100_pretrainedTrue_freezeFalse_2025_12_10_12_22,sintel_steps100_pretrainedTrue_freezeFalse_2025_12_10_12_22,sintel,steps,100,True,False,2025_12_10_12_22,kitti2012,5000,390102.9,78.02058000000001,5,0.3551050345401612,0.20149055109055272,0.7985094489094473,0.38719408509935777,0.19648523014528918,0.8035147698547108,0.07999150516374366,0.11252545873465444,0.8874745412653455,0.3250104188919067,0.0135165369138121,0.0002408786967862,-0.5966738416288365,-1.3770043134729675,1.3770043134729677,-0.45912219143343314,-1.4084083030769141,1.4084083030769141,-2.4424624599355242,-2.0652003391338023,2.065200339133802,59.49418666666667,18.52639333333334,spair
snapshots/sintel_steps100_pretrainedTrue_freezeFalse_2025_12_10_12_22,sintel_steps100_pretrainedTrue_freezeFalse_2025_12_10_12_22,sintel,steps,100,True,False,2025_12_10_12_22,kitti2015,5000,382861.0,76.5722,5,,,,,,,,,,0.462210088968277,0.0200000964105129,0.0003074161650147,,,,,,,,,,62.48625333333334,14.085946666666658,spair
snapshots/sintel_steps100_pretrainedTrue_freezeFalse_2025_12_10_12_22,sintel_steps100_pretrainedTrue_freezeFalse_2025_12_10_12_22,sintel,steps,100,True,False,2025_12_10_12_22,middlebury,5000,210225.6,42.045120000000004,5,0.11984491270223879,0.16684411733910104,0.8331558826608989,0.33184669997834976,0.38874618593677057,0.6112538140632294,0.05747486940355197,0.07918546754916396,0.920814532450836,0.0531929060816764,0.0288142971694469,0.0002511442289687,-1.9938996147377608,-1.6081608113128076,1.6081608113128072,-0.6998445230326505,-0.45258562819566817,0.45258562819566805,-2.797214784313341,-2.4534658482584306,2.45346584825843,34.53024666666666,7.514873333333341,spair
snapshots/sintel_steps100_pretrainedTrue_freezeFalse_2025_12_10_12_22,sintel_steps100_pretrainedTrue_freezeFalse_2025_12_10_12_22,sintel,steps,100,True,False,2025_12_10_12_22,pfpascal,5000,173631.35,34.72627,5,0.05503091183244263,0.20249251950306188,0.7975074804969381,0.37423417313126783,0.18774258286105036,0.8122574171389496,0.07388402647464164,0.07067094447817787,0.9293290555218221,0.2253512740135193,0.0534295104444026,0.0001226943131769,-2.843257155356888,-1.3707882694098248,1.3707882694098248,-0.5140944897877366,-1.4647455216402838,1.4647455216402836,-2.528502814148069,-2.576428360864391,2.5764283608643908,23.19225,11.534019999999998,spair
snapshots/sintel_steps100_pretrainedTrue_freezeFalse_2025_12_10_12_22,sintel_steps100_pretrainedTrue_freezeFalse_2025_12_10_12_22,sintel,steps,100,True,False,2025_12_10_12_22,pfwillow,5000,185794.4,37.158879999999996,5,0.03413554403548297,0.11160669244543285,0.8883933075545671,0.333279956984099,0.3485331913668394,0.6514668086331605,0.04622911995589625,0.0,1.0,0.3923173248767853,0.11776864528656,0.0002168267965316,-3.342684321126392,-2.0744335425493237,2.0744335425493237,-0.6933873837485317,-0.6254929828772969,0.6254929828772967,-3.0268135733283135,-13.815509557963773,13.815509557935018,27.67815333333333,9.480726666666666,spair
snapshots/sintel_steps100_pretrainedTrue_freezeFalse_2025_12_10_12_22,sintel_steps100_pretrainedTrue_freezeFalse_2025_12_10_12_22,sintel,steps,100,True,False,2025_12_10_12_22,pointodyssey,5000,210332.2,42.06644,5,0.3588826914772057,0.1336452884702793,0.8663547115297208,0.25651209243955897,0.3501068496322744,0.6498931503677257,0.06998280795262025,2.5784068409332037e-06,0.9999974215931591,0.2010148614645004,0.0429595969617366,0.0018246027175337,-0.5802168783909238,-1.8691052330937052,1.8691052330937055,-1.0641766940452655,-0.6185695727702718,0.6185695727702719,-2.5869534608411673,-12.868336274868664,12.86833627487179,24.839123333333333,17.227316666666667,spair
snapshots/sintel_steps100_pretrainedTrue_freezeFalse_2025_12_10_12_22,sintel_steps100_pretrainedTrue_freezeFalse_2025_12_10_12_22,sintel,steps,100,True,False,2025_12_10_12_22,spair,5000,67833.85,13.566770000000002,5,0.01162186475376507,0.12945127419485128,0.8705487258051487,0.3512253384115164,0.25650266867928134,0.7434973313207187,0.054336141314379874,0.0,1.0,0.3481242060661316,0.0865340828895568,0.0004474713932722,-4.443177136010857,-1.9058191828530342,1.9058191828530344,-0.6136574405118218,-1.0642261077826296,1.0642261077826296,-2.8566975853865593,-13.815509557963773,13.815509557935018,16.234553333333334,-2.6677833333333325,spair
snapshots/sintel_steps100_pretrainedTrue_freezeFalse_2025_12_10_12_22,sintel_steps100_pretrainedTrue_freezeFalse_2025_12_10_12_22,sintel,steps,100,True,False,2025_12_10_12_22,synthetic,5000,160079.40000000002,32.01588,5,,,,,,,,,,0.1029448211193084,0.0748398900032043,0.0003136793966405,,,,,,,,,,25.490916666666667,6.524963333333336,spair
snapshots/sintel_steps100_pretrainedTrue_freezeFalse_2025_12_10_12_22,sintel_steps100_pretrainedTrue_freezeFalse_2025_12_10_12_22,sintel,steps,100,True,False,2025_12_10_12_22,tss,5000,256703.4,51.34068,5,0.06828503304385677,0.24723648026077236,0.7527635197392276,0.3599667493838461,0.3681758873011539,0.6318241126988461,0.04685671989072855,0.018471009426726956,0.981528990573273,0.1550674140453338,0.0444810017943382,0.0002017388469539,-2.613336331422846,-1.11340583909847,1.11340583909847,-0.5755084647300933,-0.5400502741140747,0.5400502741140747,-3.0126708061770655,-3.9729091053383527,3.9729091053383523,39.87302333333333,11.46765666666667,spair
snapshots/sintel_steps100_pretrainedTrue_freezeFalse_2025_12_12_11_44,sintel_steps100_pretrainedTrue_freezeFalse_2025_12_12_11_44,sintel,steps,100,True,False,2025_12_12_11_44,flyingthings,5000,356941.9,71.38838,5,0.10989059759040178,0.4852367801604809,0.5147632198395191,0.3725248745587929,0.3225590445824691,0.6774409554175309,0.06552152454905705,0.11451383514646171,0.8854861648535383,0.1390412896871566,0.018274150788784,0.000195553569938,-2.0918590757052304,-0.05907004931652785,0.05907004931652783,-0.5214002165599321,-0.7420361948261344,0.7420361948261345,-2.657609885677674,-2.0454411863258692,2.0454411863258692,48.23252,23.155859999999997,spair
snapshots/sintel_steps100_pretrainedTrue_freezeFalse_2025_12_12_11_44,sintel_steps100_pretrainedTrue_freezeFalse_2025_12_12_11_44,sintel,steps,100,True,False,2025_12_12_11_44,kitti2012,5000,390317.25,78.06345,5,0.3551050345401612,0.20149055109055272,0.7985094489094473,0.38719408509935777,0.19648523014528918,0.8035147698547108,0.07999150516374366,0.11252545873465444,0.8874745412653455,0.3250104188919067,0.0135165369138121,0.0002408786967862,-0.5966738416288365,-1.3770043134729675,1.3770043134729677,-0.45912219143343314,-1.4084083030769141,1.4084083030769141,-2.4424624599355242,-2.0652003391338023,2.065200339133802,59.49418666666667,18.569263333333332,spair
snapshots/sintel_steps100_pretrainedTrue_freezeFalse_2025_12_12_11_44,sintel_steps100_pretrainedTrue_freezeFalse_2025_12_12_11_44,sintel,steps,100,True,False,2025_12_12_11_44,kitti2015,5000,383035.75,76.60715,5,,,,,,,,,,0.462210088968277,0.0200000964105129,0.0003074161650147,,,,,,,,,,62.48625333333334,14.120896666666667,spair
snapshots/sintel_steps100_pretrainedTrue_freezeFalse_2025_12_12_11_44,sintel_steps100_pretrainedTrue_freezeFalse_2025_12_12_11_44,sintel,steps,100,True,False,2025_12_12_11_44,middlebury,5000,210712.0,42.1424,5,0.11984491270223879,0.16684411733910104,0.8331558826608989,0.33184669997834976,0.38874618593677057,0.6112538140632294,0.05747486940355197,0.07918546754916396,0.920814532450836,0.0531929060816764,0.0288142971694469,0.0002511442289687,-1.9938996147377608,-1.6081608113128076,1.6081608113128072,-0.6998445230326505,-0.45258562819566817,0.45258562819566805,-2.797214784313341,-2.4534658482584306,2.45346584825843,34.53024666666666,7.612153333333339,spair
snapshots/sintel_steps100_pretrainedTrue_freezeFalse_2025_12_12_11_44,sintel_steps100_pretrainedTrue_freezeFalse_2025_12_12_11_44,sintel,steps,100,True,False,2025_12_12_11_44,pfpascal,5000,159892.09999999998,31.978419999999996,5,0.05503091183244263,0.20249251950306188,0.7975074804969381,0.37423417313126783,0.18774258286105036,0.8122574171389496,0.07388402647464164,0.07067094447817787,0.9293290555218221,0.2253512740135193,0.0534295104444026,0.0001226943131769,-2.843257155356888,-1.3707882694098248,1.3707882694098248,-0.5140944897877366,-1.4647455216402838,1.4647455216402836,-2.528502814148069,-2.576428360864391,2.5764283608643908,23.19225,8.786169999999995,spair
snapshots/sintel_steps100_pretrainedTrue_freezeFalse_2025_12_12_11_44,sintel_steps100_pretrainedTrue_freezeFalse_2025_12_12_11_44,sintel,steps,100,True,False,2025_12_12_11_44,pfwillow,5000,181627.75,36.32555,5,0.03413554403548297,0.11160669244543285,0.8883933075545671,0.333279956984099,0.3485331913668394,0.6514668086331605,0.04622911995589625,0.0,1.0,0.3923173248767853,0.11776864528656,0.0002168267965316,-3.342684321126392,-2.0744335425493237,2.0744335425493237,-0.6933873837485317,-0.6254929828772969,0.6254929828772967,-3.0268135733283135,-13.815509557963773,13.815509557935018,27.67815333333333,8.647396666666669,spair
snapshots/sintel_steps100_pretrainedTrue_freezeFalse_2025_12_12_11_44,sintel_steps100_pretrainedTrue_freezeFalse_2025_12_12_11_44,sintel,steps,100,True,False,2025_12_12_11_44,pointodyssey,5000,236177.64999999997,47.23552999999999,5,0.3588826914772057,0.1336452884702793,0.8663547115297208,0.25651209243955897,0.3501068496322744,0.6498931503677257,0.06998280795262025,2.5784068409332037e-06,0.9999974215931591,0.2010148614645004,0.0429595969617366,0.0018246027175337,-0.5802168783909238,-1.8691052330937052,1.8691052330937055,-1.0641766940452655,-0.6185695727702718,0.6185695727702719,-2.5869534608411673,-12.868336274868664,12.86833627487179,24.839123333333333,22.396406666666657,spair
snapshots/sintel_steps100_pretrainedTrue_freezeFalse_2025_12_12_11_44,sintel_steps100_pretrainedTrue_freezeFalse_2025_12_12_11_44,sintel,steps,100,True,False,2025_12_12_11_44,spair,5000,63951.600000000006,12.790320000000001,5,0.01162186475376507,0.12945127419485128,0.8705487258051487,0.3512253384115164,0.25650266867928134,0.7434973313207187,0.054336141314379874,0.0,1.0,0.3481242060661316,0.0865340828895568,0.0004474713932722,-4.443177136010857,-1.9058191828530342,1.9058191828530344,-0.6136574405118218,-1.0642261077826296,1.0642261077826296,-2.8566975853865593,-13.815509557963773,13.815509557935018,16.234553333333334,-3.444233333333333,spair
snapshots/sintel_steps100_pretrainedTrue_freezeFalse_2025_12_12_11_44,sintel_steps100_pretrainedTrue_freezeFalse_2025_12_12_11_44,sintel,steps,100,True,False,2025_12_12_11_44,synthetic,5000,160651.9,32.13038,5,,,,,,,,,,0.1029448211193084,0.0748398900032043,0.0003136793966405,,,,,,,,,,25.490916666666667,6.639463333333335,spair
snapshots/sintel_steps100_pretrainedTrue_freezeFalse_2025_12_12_11_44,sintel_steps100_pretrainedTrue_freezeFalse_2025_12_12_11_44,sintel,steps,100,True,False,2025_12_12_11_44,tss,5000,253754.05000000002,50.75081,5,0.06828503304385677,0.24723648026077236,0.7527635197392276,0.3599667493838461,0.3681758873011539,0.6318241126988461,0.04685671989072855,0.018471009426726956,0.981528990573273,0.1550674140453338,0.0444810017943382,0.0002017388469539,-2.613336331422846,-1.11340583909847,1.11340583909847,-0.5755084647300933,-0.5400502741140747,0.5400502741140747,-3.0126708061770655,-3.9729091053383527,3.9729091053383523,39.87302333333333,10.877786666666672,spair
snapshots/spair_logsteps100_pretrainedTrue_freezeFalse_2025_12_10_06_42,spair_logsteps100_pretrainedTrue_freezeFalse_2025_12_10_06_42,spair,logsteps,100,True,False,2025_12_10_06_42,flyingthings,5000,259531.60000000003,51.90632000000001,5,0.0434540871647352,0.12945123390313623,0.8705487660968638,0.43194517155020795,0.29943663506574203,0.700563364934258,0.0,0.08471980500854748,0.9152801949914525,0.2729391753673553,0.0475737750530242,0.0008071243064478,-3.09162387538231,-1.9058195403862521,1.9058195403862526,-0.2739192805419079,-0.8499819922998267,0.8499819922998267,-13.815509557963773,-2.3798808427412093,2.3798808427412093,48.23252,3.673800000000007,spair
snapshots/spair_logsteps100_pretrainedTrue_freezeFalse_2025_12_10_06_42,spair_logsteps100_pretrainedTrue_freezeFalse_2025_12_10_06_42,spair,logsteps,100,True,False,2025_12_10_06_42,kitti2012,5000,315192.8,63.03856,5,0.09770735635926313,0.013012994204690815,0.9869870057953092,0.42765313481242195,0.17331896835905788,0.8266810316409421,0.0,0.09245725017958781,0.9075427498204122,0.5936060547828674,0.054964892566204,0.0007955079781822,-2.2229620544691846,-4.328708461545666,4.328708461545666,-0.29143278093711983,-1.5622852827034868,1.5622852827034865,-13.815509557963773,-2.283994294800862,2.2839942948008614,59.49418666666667,3.5443733333333256,spair
snapshots/spair_logsteps100_pretrainedTrue_freezeFalse_2025_12_10_06_42,spair_logsteps100_pretrainedTrue_freezeFalse_2025_12_10_06_42,spair,logsteps,100,True,False,2025_12_10_06_42,kitti2015,5000,323860.20000000007,64.77204000000002,5,,,,,,,,,,0.6790229082107544,0.0575176663696765,0.0008667244692333,,,,,,,,,,62.48625333333334,2.285786666666681,spair
snapshots/spair_logsteps100_pretrainedTrue_freezeFalse_2025_12_10_06_42,spair_logsteps100_pretrainedTrue_freezeFalse_2025_12_10_06_42,spair,logsteps,100,True,False,2025_12_10_06_42,middlebury,5000,183598.05,36.719609999999996,5,0.04675323249926931,0.009866631584044017,0.990133368415956,0.41510762158036985,0.3930738229145934,0.6069261770854066,0.0,0.05722758942651468,0.9427724105734854,0.3155189752578735,0.0458586290478706,0.0008302803034894,-3.0149904099882745,-4.608681132642611,4.608681132642614,-0.34289004607407897,-0.43440972556903107,0.4344097255690311,-13.815509557963773,-2.801788792615161,2.8017887926151617,34.53024666666666,2.1893633333333327,spair
snapshots/spair_logsteps100_pretrainedTrue_freezeFalse_2025_12_10_06_42,spair_logsteps100_pretrainedTrue_freezeFalse_2025_12_10_06_42,spair,logsteps,100,True,False,2025_12_10_06_42,pfpascal,5000,128382.04999999999,25.676409999999997,5,0.05901589654048942,0.07679011678746606,0.9232098832125339,0.4686413844176667,0.21208215724649174,0.7879178427535083,0.0,0.0918370336004027,0.9081629663995973,0.3852902948856354,0.0381798967719078,0.0006233595777302,-2.7691194056960864,-2.48678065687327,2.48678065687327,-0.12559931500920307,-1.312420090175687,1.312420090175687,-13.815509557963773,-2.291408208508195,2.2914082085081944,23.19225,2.4841599999999957,spair
snapshots/spair_logsteps100_pretrainedTrue_freezeFalse_2025_12_10_06_42,spair_logsteps100_pretrainedTrue_freezeFalse_2025_12_10_06_42,spair,logsteps,100,True,False,2025_12_10_06_42,pfwillow,5000,151894.5,30.3789,5,0.08165361186880803,0.08589184066211397,0.914108159337886,0.43619967193500125,0.3718319068954487,0.6281680931045512,0.0,0.0,1.0,0.4819046854972839,0.1109323427081108,0.0007143704569898,-2.4200885941378654,-2.364860062701467,2.364860062701467,-0.2566000588921267,-0.5243659058638189,0.5243659058638188,-13.815509557963773,-13.815509557963773,13.815509557935018,27.67815333333333,2.700746666666671,spair
snapshots/spair_logsteps100_pretrainedTrue_freezeFalse_2025_12_10_06_42,spair_logsteps100_pretrainedTrue_freezeFalse_2025_12_10_06_42,spair,logsteps,100,True,False,2025_12_10_06_42,pointodyssey,5000,126174.45,25.23489,5,0.05985881815527258,0.0018224568699184297,0.9981775431300816,0.3462573550986866,0.3612608396094352,0.6387391603905648,0.0,2.8459941365834184e-07,0.9999997154005863,0.5127560496330261,0.0322001613676548,0.0024716437328606,-2.7540412986885765,-6.305745640136298,6.305745640136291,-0.6355314652486692,-0.5698959265238378,0.5698959265238379,-13.815509557963773,-13.815509557963773,13.815509557935018,24.839123333333333,0.3957666666666668,spair
snapshots/spair_logsteps100_pretrainedTrue_freezeFalse_2025_12_10_06_42,spair_logsteps100_pretrainedTrue_freezeFalse_2025_12_10_06_42,spair,logsteps,100,True,False,2025_12_10_06_42,spair,5000,87388.85,17.47777,5,0.058115331077323674,0.1545354760332826,0.8454645239667173,0.4990134088037602,0.3087549760879852,0.6912450239120148,0.0,0.0,1.0,0.3035252392292022,0.0673716217279434,0.0006386968307197,-2.7854533319258867,-1.699462520496663,1.6994625204966625,-0.003946369906627482,-0.8059463494335304,0.8059463494335304,-13.815509557963773,-13.815509557963773,13.815509557935018,16.234553333333334,1.2432166666666653,spair
snapshots/spair_logsteps100_pretrainedTrue_freezeFalse_2025_12_10_06_42,spair_logsteps100_pretrainedTrue_freezeFalse_2025_12_10_06_42,spair,logsteps,100,True,False,2025_12_10_06_42,synthetic,5000,134665.7,26.93314,5,,,,,,,,,,0.1878239065408706,0.0904327034950256,0.0009247596608474,,,,,,,,,,25.490916666666667,1.4422233333333345,spair
snapshots/spair_logsteps100_pretrainedTrue_freezeFalse_2025_12_10_06_42,spair_logsteps100_pretrainedTrue_freezeFalse_2025_12_10_06_42,spair,logsteps,100,True,False,2025_12_10_06_42,tss,5000,213611.15000000002,42.72223,5,0.08746883633507463,0.10769247750341582,0.8923075224965842,0.46505151901629843,0.38896549216036236,0.6110345078396376,0.0,0.025221625095817962,0.9747783749041821,0.3337436318397522,0.0193899981677532,0.0006722325924783,-2.344939663080723,-2.1145310943693465,2.1145310943693465,-0.14002225199876672,-0.4516628046351722,0.4516628046351722,-13.815509557963773,-3.654508372119145,3.654508372119146,39.87302333333333,2.8492066666666744,spair
snapshots/spair_steps100_pretrainedTrue_freezeFalse_2025_12_10_20_45,spair_steps100_pretrainedTrue_freezeFalse_2025_12_10_20_45,spair,steps,100,True,False,2025_12_10_20_45,flyingthings,5000,209353.55,41.870709999999995,5,0.0434540871647352,0.12945123390313623,0.8705487660968638,0.43194517155020795,0.29943663506574203,0.700563364934258,0.0,0.08471980500854748,0.9152801949914525,0.2729391753673553,0.0475737750530242,0.0008071243064478,-3.09162387538231,-1.9058195403862521,1.9058195403862526,-0.2739192805419079,-0.8499819922998267,0.8499819922998267,-13.815509557963773,-2.3798808427412093,2.3798808427412093,48.23252,-6.3618100000000055,spair
snapshots/spair_steps100_pretrainedTrue_freezeFalse_2025_12_10_20_45,spair_steps100_pretrainedTrue_freezeFalse_2025_12_10_20_45,spair,steps,100,True,False,2025_12_10_20_45,kitti2012,5000,267564.55,53.51291,5,0.09770735635926313,0.013012994204690815,0.9869870057953092,0.42765313481242195,0.17331896835905788,0.8266810316409421,0.0,0.09245725017958781,0.9075427498204122,0.5936060547828674,0.054964892566204,0.0007955079781822,-2.2229620544691846,-4.328708461545666,4.328708461545666,-0.29143278093711983,-1.5622852827034868,1.5622852827034865,-13.815509557963773,-2.283994294800862,2.2839942948008614,59.49418666666667,-5.981276666666673,spair
snapshots/spair_steps100_pretrainedTrue_freezeFalse_2025_12_10_20_45,spair_steps100_pretrainedTrue_freezeFalse_2025_12_10_20_45,spair,steps,100,True,False,2025_12_10_20_45,kitti2015,5000,288685.8,57.737159999999996,5,,,,,,,,,,0.6790229082107544,0.0575176663696765,0.0008667244692333,,,,,,,,,,62.48625333333334,-4.749093333333342,spair
snapshots/spair_steps100_pretrainedTrue_freezeFalse_2025_12_10_20_45,spair_steps100_pretrainedTrue_freezeFalse_2025_12_10_20_45,spair,steps,100,True,False,2025_12_10_20_45,middlebury,5000,155220.59999999998,31.044119999999996,5,0.04675323249926931,0.009866631584044017,0.990133368415956,0.41510762158036985,0.3930738229145934,0.6069261770854066,0.0,0.05722758942651468,0.9427724105734854,0.3155189752578735,0.0458586290478706,0.0008302803034894,-3.0149904099882745,-4.608681132642611,4.608681132642614,-0.34289004607407897,-0.43440972556903107,0.4344097255690311,-13.815509557963773,-2.801788792615161,2.8017887926151617,34.53024666666666,-3.4861266666666673,spair
snapshots/spair_steps100_pretrainedTrue_freezeFalse_2025_12_10_20_45,spair_steps100_pretrainedTrue_freezeFalse_2025_12_10_20_45,spair,steps,100,True,False,2025_12_10_20_45,pfpascal,5000,94579.95,18.91599,5,0.05901589654048942,0.07679011678746606,0.9232098832125339,0.4686413844176667,0.21208215724649174,0.7879178427535083,0.0,0.0918370336004027,0.9081629663995973,0.3852902948856354,0.0381798967719078,0.0006233595777302,-2.7691194056960864,-2.48678065687327,2.48678065687327,-0.12559931500920307,-1.312420090175687,1.312420090175687,-13.815509557963773,-2.291408208508195,2.2914082085081944,23.19225,-4.276260000000001,spair
snapshots/spair_steps100_pretrainedTrue_freezeFalse_2025_12_10_20_45,spair_steps100_pretrainedTrue_freezeFalse_2025_12_10_20_45,spair,steps,100,True,False,2025_12_10_20_45,pfwillow,5000,120405.6,24.081120000000002,5,0.08165361186880803,0.08589184066211397,0.914108159337886,0.43619967193500125,0.3718319068954487,0.6281680931045512,0.0,0.0,1.0,0.4819046854972839,0.1109323427081108,0.0007143704569898,-2.4200885941378654,-2.364860062701467,2.364860062701467,-0.2566000588921267,-0.5243659058638189,0.5243659058638188,-13.815509557963773,-13.815509557963773,13.815509557935018,27.67815333333333,-3.5970333333333286,spair
snapshots/spair_steps100_pretrainedTrue_freezeFalse_2025_12_10_20_45,spair_steps100_pretrainedTrue_freezeFalse_2025_12_10_20_45,spair,steps,100,True,False,2025_12_10_20_45,pointodyssey,5000,128408.84999999999,25.681769999999997,5,0.05985881815527258,0.0018224568699184297,0.9981775431300816,0.3462573550986866,0.3612608396094352,0.6387391603905648,0.0,2.8459941365834184e-07,0.9999997154005863,0.5127560496330261,0.0322001613676548,0.0024716437328606,-2.7540412986885765,-6.305745640136298,6.305745640136291,-0.6355314652486692,-0.5698959265238378,0.5698959265238379,-13.815509557963773,-13.815509557963773,13.815509557935018,24.839123333333333,0.8426466666666634,spair
snapshots/spair_steps100_pretrainedTrue_freezeFalse_2025_12_10_20_45,spair_steps100_pretrainedTrue_freezeFalse_2025_12_10_20_45,spair,steps,100,True,False,2025_12_10_20_45,spair,5000,65488.149999999994,13.097629999999999,5,0.058115331077323674,0.1545354760332826,0.8454645239667173,0.4990134088037602,0.3087549760879852,0.6912450239120148,0.0,0.0,1.0,0.3035252392292022,0.0673716217279434,0.0006386968307197,-2.7854533319258867,-1.699462520496663,1.6994625204966625,-0.003946369906627482,-0.8059463494335304,0.8059463494335304,-13.815509557963773,-13.815509557963773,13.815509557935018,16.234553333333334,-3.1369233333333355,spair
snapshots/spair_steps100_pretrainedTrue_freezeFalse_2025_12_10_20_45,spair_steps100_pretrainedTrue_freezeFalse_2025_12_10_20_45,spair,steps,100,True,False,2025_12_10_20_45,synthetic,5000,113548.45000000001,22.709690000000002,5,,,,,,,,,,0.1878239065408706,0.0904327034950256,0.0009247596608474,,,,,,,,,,25.490916666666667,-2.781226666666665,spair
snapshots/spair_steps100_pretrainedTrue_freezeFalse_2025_12_10_20_45,spair_steps100_pretrainedTrue_freezeFalse_2025_12_10_20_45,spair,steps,100,True,False,2025_12_10_20_45,tss,5000,176153.0,35.2306,5,0.08746883633507463,0.10769247750341582,0.8923075224965842,0.46505151901629843,0.38896549216036236,0.6110345078396376,0.0,0.025221625095817962,0.9747783749041821,0.3337436318397522,0.0193899981677532,0.0006722325924783,-2.344939663080723,-2.1145310943693465,2.1145310943693465,-0.14002225199876672,-0.4516628046351722,0.4516628046351722,-13.815509557963773,-3.654508372119145,3.654508372119146,39.87302333333333,-4.642423333333326,spair
snapshots/spair_steps100_pretrainedTrue_freezeFalse_2025_12_12_23_44,spair_steps100_pretrainedTrue_freezeFalse_2025_12_12_23_44,spair,steps,100,True,False,2025_12_12_23_44,flyingthings,5000,254602.65000000002,50.92053000000001,5,0.0434540871647352,0.12945123390313623,0.8705487660968638,0.43194517155020795,0.29943663506574203,0.700563364934258,0.0,0.08471980500854748,0.9152801949914525,0.2729391753673553,0.0475737750530242,0.0008071243064478,-3.09162387538231,-1.9058195403862521,1.9058195403862526,-0.2739192805419079,-0.8499819922998267,0.8499819922998267,-13.815509557963773,-2.3798808427412093,2.3798808427412093,48.23252,2.6880100000000056,spair
snapshots/spair_steps100_pretrainedTrue_freezeFalse_2025_12_12_23_44,spair_steps100_pretrainedTrue_freezeFalse_2025_12_12_23_44,spair,steps,100,True,False,2025_12_12_23_44,kitti2012,5000,309655.45,61.931090000000005,5,0.09770735635926313,0.013012994204690815,0.9869870057953092,0.42765313481242195,0.17331896835905788,0.8266810316409421,0.0,0.09245725017958781,0.9075427498204122,0.5936060547828674,0.054964892566204,0.0007955079781822,-2.2229620544691846,-4.328708461545666,4.328708461545666,-0.29143278093711983,-1.5622852827034868,1.5622852827034865,-13.815509557963773,-2.283994294800862,2.2839942948008614,59.49418666666667,2.4369033333333334,spair
snapshots/spair_steps100_pretrainedTrue_freezeFalse_2025_12_12_23_44,spair_steps100_pretrainedTrue_freezeFalse_2025_12_12_23_44,spair,steps,100,True,False,2025_12_12_23_44,kitti2015,5000,324747.80000000005,64.94956,5,,,,,,,,,,0.6790229082107544,0.0575176663696765,0.0008667244692333,,,,,,,,,,62.48625333333334,2.463306666666668,spair
snapshots/spair_steps100_pretrainedTrue_freezeFalse_2025_12_12_23_44,spair_steps100_pretrainedTrue_freezeFalse_2025_12_12_23_44,spair,steps,100,True,False,2025_12_12_23_44,middlebury,5000,179135.05,35.827009999999994,5,0.04675323249926931,0.009866631584044017,0.990133368415956,0.41510762158036985,0.3930738229145934,0.6069261770854066,0.0,0.05722758942651468,0.9427724105734854,0.3155189752578735,0.0458586290478706,0.0008302803034894,-3.0149904099882745,-4.608681132642611,4.608681132642614,-0.34289004607407897,-0.43440972556903107,0.4344097255690311,-13.815509557963773,-2.801788792615161,2.8017887926151617,34.53024666666666,1.296763333333331,spair
snapshots/spair_steps100_pretrainedTrue_freezeFalse_2025_12_12_23_44,spair_steps100_pretrainedTrue_freezeFalse_2025_12_12_23_44,spair,steps,100,True,False,2025_12_12_23_44,pfpascal,5000,124921.75,24.98435,5,0.05901589654048942,0.07679011678746606,0.9232098832125339,0.4686413844176667,0.21208215724649174,0.7879178427535083,0.0,0.0918370336004027,0.9081629663995973,0.3852902948856354,0.0381798967719078,0.0006233595777302,-2.7691194056960864,-2.48678065687327,2.48678065687327,-0.12559931500920307,-1.312420090175687,1.312420090175687,-13.815509557963773,-2.291408208508195,2.2914082085081944,23.19225,1.7920999999999978,spair
snapshots/spair_steps100_pretrainedTrue_freezeFalse_2025_12_12_23_44,spair_steps100_pretrainedTrue_freezeFalse_2025_12_12_23_44,spair,steps,100,True,False,2025_12_12_23_44,pfwillow,5000,142872.19999999998,28.574439999999996,5,0.08165361186880803,0.08589184066211397,0.914108159337886,0.43619967193500125,0.3718319068954487,0.6281680931045512,0.0,0.0,1.0,0.4819046854972839,0.1109323427081108,0.0007143704569898,-2.4200885941378654,-2.364860062701467,2.364860062701467,-0.2566000588921267,-0.5243659058638189,0.5243659058638188,-13.815509557963773,-13.815509557963773,13.815509557935018,27.67815333333333,0.8962866666666649,spair
snapshots/spair_steps100_pretrainedTrue_freezeFalse_2025_12_12_23_44,spair_steps100_pretrainedTrue_freezeFalse_2025_12_12_23_44,spair,steps,100,True,False,2025_12_12_23_44,pointodyssey,5000,118003.55,23.60071,5,0.05985881815527258,0.0018224568699184297,0.9981775431300816,0.3462573550986866,0.3612608396094352,0.6387391603905648,0.0,2.8459941365834184e-07,0.9999997154005863,0.5127560496330261,0.0322001613676548,0.0024716437328606,-2.7540412986885765,-6.305745640136298,6.305745640136291,-0.6355314652486692,-0.5698959265238378,0.5698959265238379,-13.815509557963773,-13.815509557963773,13.815509557935018,24.839123333333333,-1.2384133333333338,spair
snapshots/spair_steps100_pretrainedTrue_freezeFalse_2025_12_12_23_44,spair_steps100_pretrainedTrue_freezeFalse_2025_12_12_23_44,spair,steps,100,True,False,2025_12_12_23_44,spair,5000,90641.29999999999,18.128259999999997,5,0.058115331077323674,0.1545354760332826,0.8454645239667173,0.4990134088037602,0.3087549760879852,0.6912450239120148,0.0,0.0,1.0,0.3035252392292022,0.0673716217279434,0.0006386968307197,-2.7854533319258867,-1.699462520496663,1.6994625204966625,-0.003946369906627482,-0.8059463494335304,0.8059463494335304,-13.815509557963773,-13.815509557963773,13.815509557935018,16.234553333333334,1.893706666666663,spair
snapshots/spair_steps100_pretrainedTrue_freezeFalse_2025_12_12_23_44,spair_steps100_pretrainedTrue_freezeFalse_2025_12_12_23_44,spair,steps,100,True,False,2025_12_12_23_44,synthetic,5000,134149.6,26.82992,5,,,,,,,,,,0.1878239065408706,0.0904327034950256,0.0009247596608474,,,,,,,,,,25.490916666666667,1.3390033333333342,spair
snapshots/spair_steps100_pretrainedTrue_freezeFalse_2025_12_12_23_44,spair_steps100_pretrainedTrue_freezeFalse_2025_12_12_23_44,spair,steps,100,True,False,2025_12_12_23_44,tss,5000,208331.19999999998,41.666239999999995,5,0.08746883633507463,0.10769247750341582,0.8923075224965842,0.46505151901629843,0.38896549216036236,0.6110345078396376,0.0,0.025221625095817962,0.9747783749041821,0.3337436318397522,0.0193899981677532,0.0006722325924783,-2.344939663080723,-2.1145310943693465,2.1145310943693465,-0.14002225199876672,-0.4516628046351722,0.4516628046351722,-13.815509557963773,-3.654508372119145,3.654508372119146,39.87302333333333,1.793216666666666,spair
snapshots/spair_synthetic_70_30_steps100_pretrainedTrue_freezeFalse_2025_12_16_11_38,spair_synthetic_70_30_steps100_pretrainedTrue_freezeFalse_2025_12_16_11_38,spair_synthetic_70_30,steps,100,True,False,2025_12_16_11_38,flyingthings,5000,,,1,0.1841945418237104,0.25851878047381693,0.7414812195261831,0.23215171013150432,0.35369370158516267,0.6463062984148373,0.08246420547989229,0.11107016052735251,0.8889298394726475,0.0835268273949623,0.0282015278935432,0.0001603288837941,-1.4881834258533828,-1.0536814905327436,1.0536814905327436,-1.1962010934680352,-0.6028422487341241,0.6028422487341242,-2.4093272660491474,-2.079856233212409,2.0798562332124084,48.23252,,spair
snapshots/spair_synthetic_70_30_steps100_pretrainedTrue_freezeFalse_2025_12_16_11_38,spair_synthetic_70_30_steps100_pretrainedTrue_freezeFalse_2025_12_16_11_38,spair_synthetic_70_30,steps,100,True,False,2025_12_16_11_38,kitti2012,5000,,,1,0.27715501407755117,0.029480079831426847,0.9705199201685731,0.25977569639618103,0.2310575959038936,0.7689424040961064,0.09574622793612317,0.1056616656851597,0.8943383343148403,0.4469072520732879,0.0269870143383741,0.000188718055142,-0.958617827922643,-3.4941171527709773,3.4941171527709765,-1.0471347007450298,-1.202349057195712,1.2023490571957118,-2.245408809945161,-2.135841997407496,2.135841997407496,59.49418666666667,,spair
snapshots/spair_synthetic_70_30_steps100_pretrainedTrue_freezeFalse_2025_12_16_11_38,spair_synthetic_70_30_steps100_pretrainedTrue_freezeFalse_2025_12_16_11_38,spair_synthetic_70_30,steps,100,True,False,2025_12_16_11_38,kitti2015,5000,,,1,,,,,,,,,,0.5537649393081665,0.0360987596213817,0.0002963060396723,,,,,,,,,,62.48625333333334,,spair
snapshots/spair_synthetic_70_30_steps100_pretrainedTrue_freezeFalse_2025_12_16_11_38,spair_synthetic_70_30_steps100_pretrainedTrue_freezeFalse_2025_12_16_11_38,spair_synthetic_70_30,steps,100,True,False,2025_12_16_11_38,middlebury,5000,,,1,0.19464777250897308,0.03047827236415319,0.9695217276358468,0.21573767187304554,0.4317521702636955,0.5682478297363045,0.08561928178789488,0.08474796523960372,0.9152520347603963,0.1392526775598526,0.0279408656060695,0.0001889389241114,-1.4200881009795738,-3.459788837362401,3.4597888373623995,-1.290680379052391,-0.27470589983790017,0.27470589983790017,-2.3683365131254273,-2.3795177381721913,2.3795177381721913,34.53024666666666,,spair
snapshots/spair_synthetic_70_30_steps100_pretrainedTrue_freezeFalse_2025_12_16_11_38,spair_synthetic_70_30_steps100_pretrainedTrue_freezeFalse_2025_12_16_11_38,spair_synthetic_70_30,steps,100,True,False,2025_12_16_11_38,pfpascal,5000,,,1,0.16158741967892126,0.13198208059210187,0.8680179194078981,0.2797860057141694,0.25818411350221293,0.7418158864977871,0.1127285161777195,0.0799186259436293,0.9200813740563707,0.2753211259841919,0.0369174256920814,5.444293492473662e-05,-1.646464024073045,-1.8835461986454523,1.8835461986454518,-0.9455233364734663,-1.0554281323302555,1.0554281323302555,-2.0631685888293014,-2.443453174897915,2.443453174897915,23.19225,,spair
snapshots/spair_synthetic_70_30_steps100_pretrainedTrue_freezeFalse_2025_12_16_11_38,spair_synthetic_70_30_steps100_pretrainedTrue_freezeFalse_2025_12_16_11_38,spair_synthetic_70_30,steps,100,True,False,2025_12_16_11_38,pfwillow,5000,,,1,0.14445048350407144,0.09536045705387067,0.9046395429461294,0.2656473683110775,0.4138924304944335,0.5861075695055664,0.07354904548011752,0.0,1.0,0.3217064440250397,0.1022386401891708,0.0001447728427592,-1.7788071977257383,-2.249872573035976,2.249872573035976,-1.0168195916463527,-0.3478972280999142,0.3478972280999141,-2.5334086388995907,-13.815509557963773,13.815509557935018,27.67815333333333,,spair
snapshots/spair_synthetic_70_30_steps100_pretrainedTrue_freezeFalse_2025_12_16_11_38,spair_synthetic_70_30_steps100_pretrainedTrue_freezeFalse_2025_12_16_11_38,spair_synthetic_70_30,steps,100,True,False,2025_12_16_11_38,pointodyssey,5000,,,1,0.2961302348076347,0.007918043875705286,0.9920819561242947,0.1378931598136922,0.39361450967781386,0.6063854903221861,0.08197624884320348,2.6848536679909545e-06,0.999997315146332,0.3152723312377929,0.0167509280145168,0.0017897048965096,-0.8657940064019294,-4.830661531003379,4.830661531003381,-1.8329000264571695,-0.4321438779554656,0.4321438779554657,-2.4157937059511396,-12.827881646448493,12.827881646465725,24.839123333333333,,spair
snapshots/spair_synthetic_70_30_steps100_pretrainedTrue_freezeFalse_2025_12_16_11_38,spair_synthetic_70_30_steps100_pretrainedTrue_freezeFalse_2025_12_16_11_38,spair_synthetic_70_30,steps,100,True,False,2025_12_16_11_38,spair,5000,,,1,0.05597708070987236,0.1135503538443651,0.8864496461556349,0.2798155606641637,0.3167019016540466,0.6832980983459533,0.07634690394222304,0.0,1.0,0.271806538105011,0.0725450739264488,0.0003488749498501,-2.825208110837719,-2.05497793842874,2.05497793842874,-0.9453766707399393,-0.7689702606209312,0.7689702606209311,-2.493049083993135,-13.815509557963773,13.815509557935018,16.234553333333334,,spair
snapshots/spair_synthetic_70_30_steps100_pretrainedTrue_freezeFalse_2025_12_16_11_38,spair_synthetic_70_30_steps100_pretrainedTrue_freezeFalse_2025_12_16_11_38,spair_synthetic_70_30,steps,100,True,False,2025_12_16_11_38,synthetic,5000,,,1,,,,,,,,,,0.0477337129414081,0.0131479017436504,7.681943679926917e-05,,,,,,,,,,25.490916666666667,,spair
snapshots/spair_synthetic_70_30_steps100_pretrainedTrue_freezeFalse_2025_12_16_11_38,spair_synthetic_70_30_steps100_pretrainedTrue_freezeFalse_2025_12_16_11_38,spair_synthetic_70_30,steps,100,True,False,2025_12_16_11_38,tss,5000,,,1,0.19077339806906718,0.1645650664115198,0.8354349335884802,0.2618612033036381,0.43841706603412023,0.5615829339658798,0.0819948492857173,0.024532196662532094,0.9754678033374679,0.2300544083118438,0.0306596495211124,0.0001170697942143,-1.4449926529360002,-1.6246464352943235,1.6246464352943235,-1.036317273315061,-0.24758880113880802,0.24758880113880793,-2.4155465697020384,-3.6829307499231816,3.6829307499231794,39.87302333333333,,spair
snapshots/spair_synthetic_70_30_steps100_pretrainedTrue_freezeFalse_2025_12_17_03_25,spair_synthetic_70_30_steps100_pretrainedTrue_freezeFalse_2025_12_17_03_25,spair_synthetic_70_30,steps,100,True,False,2025_12_17_03_25,flyingthings,5000,346451.15,69.29023000000001,5,0.1841945418237104,0.25851878047381693,0.7414812195261831,0.23215171013150432,0.35369370158516267,0.6463062984148373,0.08246420547989229,0.11107016052735251,0.8889298394726475,0.0835268273949623,0.0282015278935432,0.0001603288837941,-1.4881834258533828,-1.0536814905327436,1.0536814905327436,-1.1962010934680352,-0.6028422487341241,0.6028422487341242,-2.4093272660491474,-2.079856233212409,2.0798562332124084,48.23252,21.057710000000007,spair
snapshots/spair_synthetic_70_30_steps100_pretrainedTrue_freezeFalse_2025_12_17_03_25,spair_synthetic_70_30_steps100_pretrainedTrue_freezeFalse_2025_12_17_03_25,spair_synthetic_70_30,steps,100,True,False,2025_12_17_03_25,kitti2012,5000,374041.25000000006,74.80825000000002,5,0.27715501407755117,0.029480079831426847,0.9705199201685731,0.25977569639618103,0.2310575959038936,0.7689424040961064,0.09574622793612317,0.1056616656851597,0.8943383343148403,0.4469072520732879,0.0269870143383741,0.000188718055142,-0.958617827922643,-3.4941171527709773,3.4941171527709765,-1.0471347007450298,-1.202349057195712,1.2023490571957118,-2.245408809945161,-2.135841997407496,2.135841997407496,59.49418666666667,15.314063333333344,spair
snapshots/spair_synthetic_70_30_steps100_pretrainedTrue_freezeFalse_2025_12_17_03_25,spair_synthetic_70_30_steps100_pretrainedTrue_freezeFalse_2025_12_17_03_25,spair_synthetic_70_30,steps,100,True,False,2025_12_17_03_25,kitti2015,5000,376077.9000000001,75.21558000000002,5,,,,,,,,,,0.5537649393081665,0.0360987596213817,0.0002963060396723,,,,,,,,,,62.48625333333334,12.72932666666668,spair
snapshots/spair_synthetic_70_30_steps100_pretrainedTrue_freezeFalse_2025_12_17_03_25,spair_synthetic_70_30_steps100_pretrainedTrue_freezeFalse_2025_12_17_03_25,spair_synthetic_70_30,steps,100,True,False,2025_12_17_03_25,middlebury,5000,211015.5,42.2031,5,0.19464777250897308,0.03047827236415319,0.9695217276358468,0.21573767187304554,0.4317521702636955,0.5682478297363045,0.08561928178789488,0.08474796523960372,0.9152520347603963,0.1392526775598526,0.0279408656060695,0.0001889389241114,-1.4200881009795738,-3.459788837362401,3.4597888373623995,-1.290680379052391,-0.27470589983790017,0.27470589983790017,-2.3683365131254273,-2.3795177381721913,2.3795177381721913,34.53024666666666,7.672853333333336,spair
snapshots/spair_synthetic_70_30_steps100_pretrainedTrue_freezeFalse_2025_12_17_03_25,spair_synthetic_70_30_steps100_pretrainedTrue_freezeFalse_2025_12_17_03_25,spair_synthetic_70_30,steps,100,True,False,2025_12_17_03_25,pfpascal,5000,173619.35,34.72387,5,0.16158741967892126,0.13198208059210187,0.8680179194078981,0.2797860057141694,0.25818411350221293,0.7418158864977871,0.1127285161777195,0.0799186259436293,0.9200813740563707,0.2753211259841919,0.0369174256920814,5.444293492473662e-05,-1.646464024073045,-1.8835461986454523,1.8835461986454518,-0.9455233364734663,-1.0554281323302555,1.0554281323302555,-2.0631685888293014,-2.443453174897915,2.443453174897915,23.19225,11.531619999999997,spair
snapshots/spair_synthetic_70_30_steps100_pretrainedTrue_freezeFalse_2025_12_17_03_25,spair_synthetic_70_30_steps100_pretrainedTrue_freezeFalse_2025_12_17_03_25,spair_synthetic_70_30,steps,100,True,False,2025_12_17_03_25,pfwillow,5000,190605.5,38.1211,5,0.14445048350407144,0.09536045705387067,0.9046395429461294,0.2656473683110775,0.4138924304944335,0.5861075695055664,0.07354904548011752,0.0,1.0,0.3217064440250397,0.1022386401891708,0.0001447728427592,-1.7788071977257383,-2.249872573035976,2.249872573035976,-1.0168195916463527,-0.3478972280999142,0.3478972280999141,-2.5334086388995907,-13.815509557963773,13.815509557935018,27.67815333333333,10.442946666666668,spair
snapshots/spair_synthetic_70_30_steps100_pretrainedTrue_freezeFalse_2025_12_17_03_25,spair_synthetic_70_30_steps100_pretrainedTrue_freezeFalse_2025_12_17_03_25,spair_synthetic_70_30,steps,100,True,False,2025_12_17_03_25,pointodyssey,5000,191502.3,38.30046,5,0.2961302348076347,0.007918043875705286,0.9920819561242947,0.1378931598136922,0.39361450967781386,0.6063854903221861,0.08197624884320348,2.6848536679909545e-06,0.999997315146332,0.3152723312377929,0.0167509280145168,0.0017897048965096,-0.8657940064019294,-4.830661531003379,4.830661531003381,-1.8329000264571695,-0.4321438779554656,0.4321438779554657,-2.4157937059511396,-12.827881646448493,12.827881646465725,24.839123333333333,13.461336666666668,spair
snapshots/spair_synthetic_70_30_steps100_pretrainedTrue_freezeFalse_2025_12_17_03_25,spair_synthetic_70_30_steps100_pretrainedTrue_freezeFalse_2025_12_17_03_25,spair_synthetic_70_30,steps,100,True,False,2025_12_17_03_25,spair,5000,85958.7,17.19174,5,0.05597708070987236,0.1135503538443651,0.8864496461556349,0.2798155606641637,0.3167019016540466,0.6832980983459533,0.07634690394222304,0.0,1.0,0.271806538105011,0.0725450739264488,0.0003488749498501,-2.825208110837719,-2.05497793842874,2.05497793842874,-0.9453766707399393,-0.7689702606209312,0.7689702606209311,-2.493049083993135,-13.815509557963773,13.815509557935018,16.234553333333334,0.9571866666666651,spair
snapshots/spair_synthetic_70_30_steps100_pretrainedTrue_freezeFalse_2025_12_17_03_25,spair_synthetic_70_30_steps100_pretrainedTrue_freezeFalse_2025_12_17_03_25,spair_synthetic_70_30,steps,100,True,False,2025_12_17_03_25,synthetic,5000,178028.5,35.6057,5,,,,,,,,,,0.0477337129414081,0.0131479017436504,7.681943679926917e-05,,,,,,,,,,25.490916666666667,10.114783333333332,spair
snapshots/spair_synthetic_70_30_steps100_pretrainedTrue_freezeFalse_2025_12_17_03_25,spair_synthetic_70_30_steps100_pretrainedTrue_freezeFalse_2025_12_17_03_25,spair_synthetic_70_30,steps,100,True,False,2025_12_17_03_25,tss,5000,255648.3,51.12966,5,0.19077339806906718,0.1645650664115198,0.8354349335884802,0.2618612033036381,0.43841706603412023,0.5615829339658798,0.0819948492857173,0.024532196662532094,0.9754678033374679,0.2300544083118438,0.0306596495211124,0.0001170697942143,-1.4449926529360002,-1.6246464352943235,1.6246464352943235,-1.036317273315061,-0.24758880113880802,0.24758880113880793,-2.4155465697020384,-3.6829307499231816,3.6829307499231794,39.87302333333333,11.256636666666672,spair
snapshots/spair_synthetic_steps100_pretrainedTrue_freezeFalse_2025_12_16_11_38,spair_synthetic_steps100_pretrainedTrue_freezeFalse_2025_12_16_11_38,spair_synthetic_50_50,steps,100,True,False,2025_12_16_11_38,flyingthings,5000,,,1,0.25696510232777514,0.25735228871141136,0.7426477112885886,0.2754375575262704,0.34318796939137186,0.6568120306086281,0.07196034059471082,0.11103802385216133,0.8889619761478387,0.1142432168126106,0.035851165652275,0.000187041965546,-1.061802725150799,-1.0597758692142878,1.0597758692142878,-0.9672069935797729,-0.6491195621966254,0.6491195621966254,-2.5569593261184065,-2.0801817632322512,2.0801817632322512,48.23252,,spair
snapshots/spair_synthetic_steps100_pretrainedTrue_freezeFalse_2025_12_16_11_38,spair_synthetic_steps100_pretrainedTrue_freezeFalse_2025_12_16_11_38,spair_synthetic_50_50,steps,100,True,False,2025_12_16_11_38,kitti2012,5000,,,1,0.36184189334640104,0.035504011525595125,0.9644959884744049,0.29876790366475525,0.2168942235712415,0.7831057764287586,0.09101429029196928,0.10435379461754765,0.8956462053824523,0.3953698873519897,0.0354292653501033,0.0002288708055857,-0.5673787110076263,-3.3019599823425194,3.30195998234252,-0.8531718954032186,-1.2838579923731432,1.2838579923731435,-2.3013128427972016,-2.149758477743655,2.149758477743655,59.49418666666667,,spair
snapshots/spair_synthetic_steps100_pretrainedTrue_freezeFalse_2025_12_16_11_38,spair_synthetic_steps100_pretrainedTrue_freezeFalse_2025_12_16_11_38,spair_synthetic,steps,100,True,False,2025_12_16_11_38,kitti2015,5000,,,1,,,,,,,,,,0.5495493412017822,0.02986865863204,0.0002562253503128,,,,,,,,,,62.48625333333334,,spair
snapshots/spair_synthetic_steps100_pretrainedTrue_freezeFalse_2025_12_16_11_38,spair_synthetic_steps100_pretrainedTrue_freezeFalse_2025_12_16_11_38,spair_synthetic_50_50,steps,100,True,False,2025_12_16_11_38,middlebury,5000,,,1,0.31186486603666663,0.03925895291638824,0.9607410470836117,0.2566748316278735,0.4255898253393061,0.5744101746606939,0.07149808201702862,0.07755796802472294,0.9224420319752771,0.1173606067895889,0.0342331901192665,0.0002162081364076,-0.7914152619828507,-3.1975253927289677,3.1975253927289673,-1.0633235542621695,-0.29986770000881124,0.2998677000088112,-2.5639018220661445,-2.475998904694785,2.475998904694785,34.53024666666666,,spair
snapshots/spair_synthetic_steps100_pretrainedTrue_freezeFalse_2025_12_16_11_38,spair_synthetic_steps100_pretrainedTrue_freezeFalse_2025_12_16_11_38,spair_synthetic_50_50,steps,100,True,False,2025_12_16_11_38,pfpascal,5000,,,1,0.254803049753259,0.1307937411820289,0.8692062588179711,0.3223116150894453,0.2455761239067268,0.7544238760932732,0.10421209222623948,0.07927549247039814,0.9207245075296019,0.2820472717285156,0.0515388920903205,9.251516894437371e-05,-1.0731576533584979,-1.893958861433358,1.893958861433358,-0.743168746708722,-1.1223474037508632,1.1223474037508636,-2.1512755040580966,-2.452231835722612,2.4522318357226123,23.19225,,spair
snapshots/spair_synthetic_steps100_pretrainedTrue_freezeFalse_2025_12_16_11_38,spair_synthetic_steps100_pretrainedTrue_freezeFalse_2025_12_16_11_38,spair_synthetic_50_50,steps,100,True,False,2025_12_16_11_38,pfwillow,5000,,,1,0.23076256333070255,0.09533068423663729,0.9046693157633627,0.29969491275177895,0.3988699972902844,0.6011300027097156,0.06538501477558563,0.0,1.0,0.3669242858886719,0.1132879182696342,0.0001800755562726,-1.2040103646094695,-2.250217745941559,2.2502177459415593,-0.8487510793092267,-0.410175679337559,0.4101756793375589,-2.6598415636385084,-13.815509557963773,13.815509557935018,27.67815333333333,,spair
snapshots/spair_synthetic_steps100_pretrainedTrue_freezeFalse_2025_12_16_11_38,spair_synthetic_steps100_pretrainedTrue_freezeFalse_2025_12_16_11_38,spair_synthetic_50_50,steps,100,True,False,2025_12_16_11_38,pointodyssey,5000,,,1,0.35964444443606414,0.0075343641637150936,0.9924656358362849,0.17062533021097082,0.3824502699451825,0.6175497300548175,0.07293749695773549,2.578294854991344e-06,0.999997421705145,0.3411234021186828,0.027011290192604,0.0018156683072447,-0.5769076886045446,-4.880717943979055,4.880717943979052,-1.5812019057022975,-0.4791609681622015,0.4791609681622015,-2.542418120029242,-12.868379708147229,12.868379708163616,24.839123333333333,,spair
snapshots/spair_synthetic_steps100_pretrainedTrue_freezeFalse_2025_12_16_11_38,spair_synthetic_steps100_pretrainedTrue_freezeFalse_2025_12_16_11_38,spair_synthetic_50_50,steps,100,True,False,2025_12_16_11_38,spair,5000,,,1,0.11261295842019234,0.1194424129943029,0.8805575870056971,0.31920437322478035,0.3080873337529009,0.6919126662470991,0.06368819799899057,0.0,1.0,0.2613356709480285,0.0845907628536224,0.0003898984286934,-2.0643244434113286,-1.9977209728248675,1.9977209728248675,-0.757430587522175,-0.8090764488816073,0.8090764488816075,-2.6879492721292846,-13.815509557963773,13.815509557935018,16.234553333333334,,spair
snapshots/spair_synthetic_steps100_pretrainedTrue_freezeFalse_2025_12_16_11_38,spair_synthetic_steps100_pretrainedTrue_freezeFalse_2025_12_16_11_38,spair_synthetic,steps,100,True,False,2025_12_16_11_38,synthetic,5000,,,1,,,,,,,,,,0.0713929235935211,0.0309294685721397,0.0001402127963956,,,,,,,,,,25.490916666666667,,spair
snapshots/spair_synthetic_steps100_pretrainedTrue_freezeFalse_2025_12_16_11_38,spair_synthetic_steps100_pretrainedTrue_freezeFalse_2025_12_16_11_38,spair_synthetic_50_50,steps,100,True,False,2025_12_16_11_38,tss,5000,,,1,0.2887271694037664,0.16349565733613536,0.8365043426638646,0.3033871081201548,0.42663095083904823,0.5733690491609518,0.06650098882825228,0.023776321994866435,0.9762236780051335,0.173820286989212,0.0421675592660903,0.0001616525987628,-0.901573892471838,-1.632445282533148,1.632445282533148,-0.8312202899747062,-0.29561021847652375,0.2956102184765238,-2.641723086562494,-3.7150015271433374,3.7150015271433365,39.87302333333333,,spair
snapshots/spair_synthetic_steps100_pretrainedTrue_freezeFalse_2025_12_16_15_25,spair_synthetic_steps100_pretrainedTrue_freezeFalse_2025_12_16_15_25,spair_synthetic_50_50,steps,100,True,False,2025_12_16_15_25,flyingthings,5000,355394.85,71.07897,5,0.25696510232777514,0.25735228871141136,0.7426477112885886,0.2754375575262704,0.34318796939137186,0.6568120306086281,0.07196034059471082,0.11103802385216133,0.8889619761478387,0.1142432168126106,0.035851165652275,0.000187041965546,-1.061802725150799,-1.0597758692142878,1.0597758692142878,-0.9672069935797729,-0.6491195621966254,0.6491195621966254,-2.5569593261184065,-2.0801817632322512,2.0801817632322512,48.23252,22.846449999999997,spair
snapshots/spair_synthetic_steps100_pretrainedTrue_freezeFalse_2025_12_16_15_25,spair_synthetic_steps100_pretrainedTrue_freezeFalse_2025_12_16_15_25,spair_synthetic_50_50,steps,100,True,False,2025_12_16_15_25,kitti2012,5000,384946.8,76.98935999999999,5,0.36184189334640104,0.035504011525595125,0.9644959884744049,0.29876790366475525,0.2168942235712415,0.7831057764287586,0.09101429029196928,0.10435379461754765,0.8956462053824523,0.3953698873519897,0.0354292653501033,0.0002288708055857,-0.5673787110076263,-3.3019599823425194,3.30195998234252,-0.8531718954032186,-1.2838579923731432,1.2838579923731435,-2.3013128427972016,-2.149758477743655,2.149758477743655,59.49418666666667,17.49517333333332,spair
snapshots/spair_synthetic_steps100_pretrainedTrue_freezeFalse_2025_12_16_15_25,spair_synthetic_steps100_pretrainedTrue_freezeFalse_2025_12_16_15_25,spair_synthetic,steps,100,True,False,2025_12_16_15_25,kitti2015,5000,382502.9,76.50058,5,,,,,,,,,,0.5495493412017822,0.02986865863204,0.0002562253503128,,,,,,,,,,62.48625333333334,14.014326666666662,spair
snapshots/spair_synthetic_steps100_pretrainedTrue_freezeFalse_2025_12_16_15_25,spair_synthetic_steps100_pretrainedTrue_freezeFalse_2025_12_16_15_25,spair_synthetic_50_50,steps,100,True,False,2025_12_16_15_25,middlebury,5000,214412.45,42.882490000000004,5,0.31186486603666663,0.03925895291638824,0.9607410470836117,0.2566748316278735,0.4255898253393061,0.5744101746606939,0.07149808201702862,0.07755796802472294,0.9224420319752771,0.1173606067895889,0.0342331901192665,0.0002162081364076,-0.7914152619828507,-3.1975253927289677,3.1975253927289673,-1.0633235542621695,-0.29986770000881124,0.2998677000088112,-2.5639018220661445,-2.475998904694785,2.475998904694785,34.53024666666666,8.352243333333341,spair
snapshots/spair_synthetic_steps100_pretrainedTrue_freezeFalse_2025_12_16_15_25,spair_synthetic_steps100_pretrainedTrue_freezeFalse_2025_12_16_15_25,spair_synthetic_50_50,steps,100,True,False,2025_12_16_15_25,pfpascal,5000,192068.75,38.41375,5,0.254803049753259,0.1307937411820289,0.8692062588179711,0.3223116150894453,0.2455761239067268,0.7544238760932732,0.10421209222623948,0.07927549247039814,0.9207245075296019,0.2820472717285156,0.0515388920903205,9.251516894437371e-05,-1.0731576533584979,-1.893958861433358,1.893958861433358,-0.743168746708722,-1.1223474037508632,1.1223474037508636,-2.1512755040580966,-2.452231835722612,2.4522318357226123,23.19225,15.221499999999999,spair
snapshots/spair_synthetic_steps100_pretrainedTrue_freezeFalse_2025_12_16_15_25,spair_synthetic_steps100_pretrainedTrue_freezeFalse_2025_12_16_15_25,spair_synthetic_50_50,steps,100,True,False,2025_12_16_15_25,pfwillow,5000,204977.75,40.99555,5,0.23076256333070255,0.09533068423663729,0.9046693157633627,0.29969491275177895,0.3988699972902844,0.6011300027097156,0.06538501477558563,0.0,1.0,0.3669242858886719,0.1132879182696342,0.0001800755562726,-1.2040103646094695,-2.250217745941559,2.2502177459415593,-0.8487510793092267,-0.410175679337559,0.4101756793375589,-2.6598415636385084,-13.815509557963773,13.815509557935018,27.67815333333333,13.31739666666667,spair
snapshots/spair_synthetic_steps100_pretrainedTrue_freezeFalse_2025_12_16_15_25,spair_synthetic_steps100_pretrainedTrue_freezeFalse_2025_12_16_15_25,spair_synthetic_50_50,steps,100,True,False,2025_12_16_15_25,pointodyssey,5000,175975.2,35.195040000000006,5,0.35964444443606414,0.0075343641637150936,0.9924656358362849,0.17062533021097082,0.3824502699451825,0.6175497300548175,0.07293749695773549,2.578294854991344e-06,0.999997421705145,0.3411234021186828,0.027011290192604,0.0018156683072447,-0.5769076886045446,-4.880717943979055,4.880717943979052,-1.5812019057022975,-0.4791609681622015,0.4791609681622015,-2.542418120029242,-12.868379708147229,12.868379708163616,24.839123333333333,10.355916666666673,spair
snapshots/spair_synthetic_steps100_pretrainedTrue_freezeFalse_2025_12_16_15_25,spair_synthetic_steps100_pretrainedTrue_freezeFalse_2025_12_16_15_25,spair_synthetic_50_50,steps,100,True,False,2025_12_16_15_25,spair,5000,92423.09999999999,18.48462,5,0.11261295842019234,0.1194424129943029,0.8805575870056971,0.31920437322478035,0.3080873337529009,0.6919126662470991,0.06368819799899057,0.0,1.0,0.2613356709480285,0.0845907628536224,0.0003898984286934,-2.0643244434113286,-1.9977209728248675,1.9977209728248675,-0.757430587522175,-0.8090764488816073,0.8090764488816075,-2.6879492721292846,-13.815509557963773,13.815509557935018,16.234553333333334,2.2500666666666653,spair
snapshots/spair_synthetic_steps100_pretrainedTrue_freezeFalse_2025_12_16_15_25,spair_synthetic_steps100_pretrainedTrue_freezeFalse_2025_12_16_15_25,spair_synthetic,steps,100,True,False,2025_12_16_15_25,synthetic,5000,198295.50000000003,39.65910000000001,5,,,,,,,,,,0.0713929235935211,0.0309294685721397,0.0001402127963956,,,,,,,,,,25.490916666666667,14.168183333333342,spair
snapshots/spair_synthetic_steps100_pretrainedTrue_freezeFalse_2025_12_16_15_25,spair_synthetic_steps100_pretrainedTrue_freezeFalse_2025_12_16_15_25,spair_synthetic_50_50,steps,100,True,False,2025_12_16_15_25,tss,5000,262968.19999999995,52.59363999999999,5,0.2887271694037664,0.16349565733613536,0.8365043426638646,0.3033871081201548,0.42663095083904823,0.5733690491609518,0.06650098882825228,0.023776321994866435,0.9762236780051335,0.173820286989212,0.0421675592660903,0.0001616525987628,-0.901573892471838,-1.632445282533148,1.632445282533148,-0.8312202899747062,-0.29561021847652375,0.2956102184765238,-2.641723086562494,-3.7150015271433374,3.7150015271433365,39.87302333333333,12.720616666666665,spair
snapshots/synthetic_large_zoom_steps100_pretrainedTrue_freezeFalse_2025_12_11_12_20,synthetic_large_zoom_steps100_pretrainedTrue_freezeFalse_2025_12_11_12_20,synthetic_large_zoom,steps,100,True,False,2025_12_11_12_20,flyingthings,5000,175084.25000000003,35.016850000000005,3,0.19165938266666147,0.3834709257501919,0.6165290742498081,0.18399995896799728,0.2647010957717415,0.7352989042282585,0.0692162341479459,0.10968336223441601,0.890316637765584,0.1245257034897804,0.0699124634265899,0.0003265382838435,-1.4392637778680986,-0.47484167664407195,0.47484167664407195,-1.4894788706394768,-1.0216758400648052,1.0216758400648052,-2.598791557582451,-2.093979482494732,2.093979482494732,48.23252,-13.215669999999996,spair
snapshots/synthetic_large_zoom_steps100_pretrainedTrue_freezeFalse_2025_12_11_12_20,synthetic_large_zoom_steps100_pretrainedTrue_freezeFalse_2025_12_11_12_20,synthetic_large_zoom,steps,100,True,False,2025_12_11_12_20,kitti2012,5000,195250.45,39.050090000000004,3,0.44460882593478024,0.12653572279913258,0.8734642772008674,0.1755977219986397,0.1353376462102548,0.8646623537897452,0.06539767356640153,0.0890720149857312,0.9109279850142689,0.3107616901397705,0.0687143802642822,0.0003963660565204,-0.22247783087598907,-1.9319425706029592,1.931942570602959,-1.5464629037918975,-1.854566349314325,1.8545663493143252,-2.6596344340411555,-2.3250186439729714,2.325018643972972,59.49418666666667,-20.444096666666667,spair
snapshots/synthetic_large_zoom_steps100_pretrainedTrue_freezeFalse_2025_12_11_12_20,synthetic_large_zoom_steps100_pretrainedTrue_freezeFalse_2025_12_11_12_20,synthetic_large_zoom,steps,100,True,False,2025_12_11_12_20,kitti2015,5000,193635.2,38.72704,3,,,,,,,,,,0.4713374674320221,0.061919555068016,0.0004966087290085,,,,,,,,,,62.48625333333334,-23.759213333333335,spair
snapshots/synthetic_large_zoom_steps100_pretrainedTrue_freezeFalse_2025_12_11_12_20,synthetic_large_zoom_steps100_pretrainedTrue_freezeFalse_2025_12_11_12_20,synthetic_large_zoom,steps,100,True,False,2025_12_11_12_20,middlebury,5000,104762.45,20.95249,3,0.25760874781331744,0.09417153482828793,0.9058284651717121,0.16702781484821438,0.34864473684073227,0.6513552631592677,0.057003318326666635,0.06769816041015364,0.9323018395898464,0.0461737550795078,0.0650183260440826,0.0003553308197297,-1.058434445692617,-2.263731998203673,2.2637319982036734,-1.6068398959098382,-0.6250017547682749,0.6250017547682749,-2.8059532813257007,-2.6225976175966523,2.6225976175966523,34.53024666666666,-13.577756666666662,spair
snapshots/synthetic_large_zoom_steps100_pretrainedTrue_freezeFalse_2025_12_11_12_20,synthetic_large_zoom_steps100_pretrainedTrue_freezeFalse_2025_12_11_12_20,synthetic_large_zoom,steps,100,True,False,2025_12_11_12_20,pfpascal,5000,72673.5,14.5347,3,0.14224646281896092,0.1890219782953273,0.8109780217046727,0.1997424989996467,0.15839635146503325,0.8416036485349667,0.082989465764834,0.06842801680872064,0.9315719831912793,0.1723730862140655,0.1000214964151382,0.0002534402883611,-1.7967555987705237,-1.456377657931682,1.456377657931682,-1.3879045201277234,-1.6702087317757626,1.6702087317757623,-2.4024052786602508,-2.6110911204661686,2.611091120466168,23.19225,-8.65755,spair
snapshots/synthetic_large_zoom_steps100_pretrainedTrue_freezeFalse_2025_12_11_12_20,synthetic_large_zoom_steps100_pretrainedTrue_freezeFalse_2025_12_11_12_20,synthetic_large_zoom,steps,100,True,False,2025_12_11_12_20,pfwillow,5000,70261.15,14.052229999999998,3,0.10392952121893524,0.11747469945382359,0.8825253005461764,0.17429314409320593,0.3042736539386703,0.6957263460613297,0.051829997428434235,0.0,1.0,0.328212559223175,0.1613987684249878,0.000346717715729,-2.1543060804103846,-2.016564470969166,2.0165644709691657,-1.5555011967275334,-0.8270289281528239,0.8270289281528236,-2.9065647311986633,-13.815509557963773,13.815509557935018,27.67815333333333,-13.625923333333333,spair
snapshots/synthetic_large_zoom_steps100_pretrainedTrue_freezeFalse_2025_12_11_12_20,synthetic_large_zoom_steps100_pretrainedTrue_freezeFalse_2025_12_11_12_20,synthetic_large_zoom,steps,100,True,False,2025_12_11_12_20,pointodyssey,5000,88276.65,17.65533,3,0.3876361061318196,0.03391076613892578,0.9660892338610743,0.11699813665190827,0.3174477583984624,0.6825522416015376,0.07427528996218265,3.3811291819211767e-06,0.999996618870818,0.2218646109104156,0.0575177446007728,0.001996605657041,-0.4572596748799027,-3.34952365535769,3.349523655357691,-2.021169302229854,-0.7655258042836605,0.7655258042836606,-2.5227985758297375,-12.597297445634435,12.597297445620757,24.839123333333333,-7.183793333333334,spair
snapshots/synthetic_large_zoom_steps100_pretrainedTrue_freezeFalse_2025_12_11_12_20,synthetic_large_zoom_steps100_pretrainedTrue_freezeFalse_2025_12_11_12_20,synthetic_large_zoom,steps,100,True,False,2025_12_11_12_20,spair,5000,40643.100000000006,8.128620000000002,3,0.035316549035008055,0.1313973584150656,0.8686026415849344,0.21078890406748707,0.22873539099629248,0.7712646090037075,0.0618770496993251,0.0,1.0,0.3225688338279724,0.1388348639011383,0.0005701572517864,-3.307448352165608,-1.8886597588321739,1.8886597588321739,-1.3201766557407015,-1.2154656794031926,1.2154656794031924,-2.7187316707020615,-13.815509557963773,13.815509557935018,16.234553333333334,-8.105933333333333,spair
snapshots/synthetic_large_zoom_steps100_pretrainedTrue_freezeFalse_2025_12_11_12_20,synthetic_large_zoom_steps100_pretrainedTrue_freezeFalse_2025_12_11_12_20,synthetic_large_zoom,steps,100,True,False,2025_12_11_12_20,synthetic,5000,196064.75,39.21295,3,,,,,,,,,,0.0284963101148605,0.0018829659093171,1.3129262697475497e-05,,,,,,,,,,25.490916666666667,13.722033333333332,spair
snapshots/synthetic_large_zoom_steps100_pretrainedTrue_freezeFalse_2025_12_11_12_20,synthetic_large_zoom_steps100_pretrainedTrue_freezeFalse_2025_12_11_12_20,synthetic_large_zoom,steps,100,True,False,2025_12_11_12_20,tss,5000,134995.05,26.99901,3,0.1706890014809945,0.23730712353378713,0.7626928764662129,0.1928748852405142,0.338913314611434,0.661086685388566,0.05082468969454316,0.01847708691021671,0.9815229130897833,0.1073323190212249,0.0855816900730133,0.0003384025767445,-1.5807520379204743,-1.1675002471401175,1.1675002471401175,-1.4314369774406064,-0.6681406084793547,0.6681406084793545,-2.9272112590418677,-3.9725739393564417,3.9725739393564448,39.87302333333333,-12.87401333333333,spair
snapshots/synthetic_large_zoom_steps100_pretrainedTrue_freezeFalse_2025_12_13_11_44,synthetic_large_zoom_steps100_pretrainedTrue_freezeFalse_2025_12_13_11_44,synthetic_large_zoom,steps,100,True,False,2025_12_13_11_44,flyingthings,5000,353783.55000000005,70.75671000000001,5,0.19165938266666147,0.3834709257501919,0.6165290742498081,0.18399995896799728,0.2647010957717415,0.7352989042282585,0.0692162341479459,0.10968336223441601,0.890316637765584,0.1245257034897804,0.0699124634265899,0.0003265382838435,-1.4392637778680986,-0.47484167664407195,0.47484167664407195,-1.4894788706394768,-1.0216758400648052,1.0216758400648052,-2.598791557582451,-2.093979482494732,2.093979482494732,48.23252,22.52419000000001,spair
snapshots/synthetic_large_zoom_steps100_pretrainedTrue_freezeFalse_2025_12_13_11_44,synthetic_large_zoom_steps100_pretrainedTrue_freezeFalse_2025_12_13_11_44,synthetic_large_zoom,steps,100,True,False,2025_12_13_11_44,kitti2012,5000,393104.1,78.62082,5,0.44460882593478024,0.12653572279913258,0.8734642772008674,0.1755977219986397,0.1353376462102548,0.8646623537897452,0.06539767356640153,0.0890720149857312,0.9109279850142689,0.3107616901397705,0.0687143802642822,0.0003963660565204,-0.22247783087598907,-1.9319425706029592,1.931942570602959,-1.5464629037918975,-1.854566349314325,1.8545663493143252,-2.6596344340411555,-2.3250186439729714,2.325018643972972,59.49418666666667,19.126633333333324,spair
snapshots/synthetic_large_zoom_steps100_pretrainedTrue_freezeFalse_2025_12_13_11_44,synthetic_large_zoom_steps100_pretrainedTrue_freezeFalse_2025_12_13_11_44,synthetic_large_zoom,steps,100,True,False,2025_12_13_11_44,kitti2015,5000,389347.0,77.8694,5,,,,,,,,,,0.4713374674320221,0.061919555068016,0.0004966087290085,,,,,,,,,,62.48625333333334,15.383146666666661,spair
snapshots/synthetic_large_zoom_steps100_pretrainedTrue_freezeFalse_2025_12_13_11_44,synthetic_large_zoom_steps100_pretrainedTrue_freezeFalse_2025_12_13_11_44,synthetic_large_zoom,steps,100,True,False,2025_12_13_11_44,middlebury,5000,214377.1,42.87542,5,0.25760874781331744,0.09417153482828793,0.9058284651717121,0.16702781484821438,0.34864473684073227,0.6513552631592677,0.057003318326666635,0.06769816041015364,0.9323018395898464,0.0461737550795078,0.0650183260440826,0.0003553308197297,-1.058434445692617,-2.263731998203673,2.2637319982036734,-1.6068398959098382,-0.6250017547682749,0.6250017547682749,-2.8059532813257007,-2.6225976175966523,2.6225976175966523,34.53024666666666,8.345173333333335,spair
snapshots/synthetic_large_zoom_steps100_pretrainedTrue_freezeFalse_2025_12_13_11_44,synthetic_large_zoom_steps100_pretrainedTrue_freezeFalse_2025_12_13_11_44,synthetic_large_zoom,steps,100,True,False,2025_12_13_11_44,pfpascal,5000,156726.2,31.345240000000004,5,0.14224646281896092,0.1890219782953273,0.8109780217046727,0.1997424989996467,0.15839635146503325,0.8416036485349667,0.082989465764834,0.06842801680872064,0.9315719831912793,0.1723730862140655,0.1000214964151382,0.0002534402883611,-1.7967555987705237,-1.456377657931682,1.456377657931682,-1.3879045201277234,-1.6702087317757626,1.6702087317757623,-2.4024052786602508,-2.6110911204661686,2.611091120466168,23.19225,8.152990000000003,spair
snapshots/synthetic_large_zoom_steps100_pretrainedTrue_freezeFalse_2025_12_13_11_44,synthetic_large_zoom_steps100_pretrainedTrue_freezeFalse_2025_12_13_11_44,synthetic_large_zoom,steps,100,True,False,2025_12_13_11_44,pfwillow,5000,190201.35,38.04027,5,0.10392952121893524,0.11747469945382359,0.8825253005461764,0.17429314409320593,0.3042736539386703,0.6957263460613297,0.051829997428434235,0.0,1.0,0.328212559223175,0.1613987684249878,0.000346717715729,-2.1543060804103846,-2.016564470969166,2.0165644709691657,-1.5555011967275334,-0.8270289281528239,0.8270289281528236,-2.9065647311986633,-13.815509557963773,13.815509557935018,27.67815333333333,10.362116666666669,spair
snapshots/synthetic_large_zoom_steps100_pretrainedTrue_freezeFalse_2025_12_13_11_44,synthetic_large_zoom_steps100_pretrainedTrue_freezeFalse_2025_12_13_11_44,synthetic_large_zoom,steps,100,True,False,2025_12_13_11_44,pointodyssey,5000,151558.7,30.311740000000004,5,0.3876361061318196,0.03391076613892578,0.9660892338610743,0.11699813665190827,0.3174477583984624,0.6825522416015376,0.07427528996218265,3.3811291819211767e-06,0.999996618870818,0.2218646109104156,0.0575177446007728,0.001996605657041,-0.4572596748799027,-3.34952365535769,3.349523655357691,-2.021169302229854,-0.7655258042836605,0.7655258042836606,-2.5227985758297375,-12.597297445634435,12.597297445620757,24.839123333333333,5.472616666666671,spair
snapshots/synthetic_large_zoom_steps100_pretrainedTrue_freezeFalse_2025_12_13_11_44,synthetic_large_zoom_steps100_pretrainedTrue_freezeFalse_2025_12_13_11_44,synthetic_large_zoom,steps,100,True,False,2025_12_13_11_44,spair,5000,61541.6,12.30832,5,0.035316549035008055,0.1313973584150656,0.8686026415849344,0.21078890406748707,0.22873539099629248,0.7712646090037075,0.0618770496993251,0.0,1.0,0.3225688338279724,0.1388348639011383,0.0005701572517864,-3.307448352165608,-1.8886597588321739,1.8886597588321739,-1.3201766557407015,-1.2154656794031926,1.2154656794031924,-2.7187316707020615,-13.815509557963773,13.815509557935018,16.234553333333334,-3.926233333333334,spair
snapshots/synthetic_large_zoom_steps100_pretrainedTrue_freezeFalse_2025_12_13_11_44,synthetic_large_zoom_steps100_pretrainedTrue_freezeFalse_2025_12_13_11_44,synthetic_large_zoom,steps,100,True,False,2025_12_13_11_44,synthetic,5000,234810.55000000002,46.96211,5,,,,,,,,,,0.0284963101148605,0.0018829659093171,1.3129262697475497e-05,,,,,,,,,,25.490916666666667,21.471193333333336,spair
snapshots/synthetic_large_zoom_steps100_pretrainedTrue_freezeFalse_2025_12_13_11_44,synthetic_large_zoom_steps100_pretrainedTrue_freezeFalse_2025_12_13_11_44,synthetic_large_zoom,steps,100,True,False,2025_12_13_11_44,tss,5000,262833.25,52.56665,5,0.1706890014809945,0.23730712353378713,0.7626928764662129,0.1928748852405142,0.338913314611434,0.661086685388566,0.05082468969454316,0.01847708691021671,0.9815229130897833,0.1073323190212249,0.0855816900730133,0.0003384025767445,-1.5807520379204743,-1.1675002471401175,1.1675002471401175,-1.4314369774406064,-0.6681406084793547,0.6681406084793545,-2.9272112590418677,-3.9725739393564417,3.9725739393564448,39.87302333333333,12.693626666666674,spair
snapshots/synthetic_logsteps100_pretrainedTrue_freezeFalse_2025_12_10_12_17,synthetic_logsteps100_pretrainedTrue_freezeFalse_2025_12_10_12_17,synthetic,logsteps,100,True,False,2025_12_10_12_17,flyingthings,5000,355529.05,71.10580999999999,5,0.30541512260719766,0.2655283388264625,0.7344716611735376,0.22364680580949392,0.26415440680550395,0.735845593194496,0.06775370454213989,0.11039495168831101,0.889605048311689,0.0987161844968795,0.0655120611190795,0.0003423189336899,-0.8216424594590136,-1.0174298398344757,1.017429839834476,-1.2445395161058372,-1.024486498426884,1.024486498426884,-2.62171790743262,-2.0867131929545057,2.0867131929545057,48.23252,22.87328999999999,spair
snapshots/synthetic_logsteps100_pretrainedTrue_freezeFalse_2025_12_10_12_17,synthetic_logsteps100_pretrainedTrue_freezeFalse_2025_12_10_12_17,synthetic,logsteps,100,True,False,2025_12_10_12_17,kitti2012,5000,387121.55000000005,77.42431,5,0.42349010747254373,0.03220106708251028,0.9677989329174898,0.2128626836913587,0.1342526283034775,0.8657473716965225,0.06466596271039621,0.09004305749215445,0.9099569425078455,0.3724488019943237,0.0641089379787445,0.0004135617637075,-0.30846234435257086,-3.403024760563173,3.403024760563174,-1.3077554335843773,-1.863869836532181,1.863869836532181,-2.671668740205846,-2.313109309960983,2.313109309960983,59.49418666666667,17.930123333333334,spair
snapshots/synthetic_logsteps100_pretrainedTrue_freezeFalse_2025_12_10_12_17,synthetic_logsteps100_pretrainedTrue_freezeFalse_2025_12_10_12_17,synthetic,logsteps,100,True,False,2025_12_10_12_17,kitti2015,5000,384017.2,76.80344000000001,5,,,,,,,,,,0.4713374674320221,0.061919555068016,0.0004966087290085,,,,,,,,,,62.48625333333334,14.317186666666672,spair
snapshots/synthetic_logsteps100_pretrainedTrue_freezeFalse_2025_12_10_12_17,synthetic_logsteps100_pretrainedTrue_freezeFalse_2025_12_10_12_17,synthetic,logsteps,100,True,False,2025_12_10_12_17,middlebury,5000,211818.5,42.3637,5,0.3623232658377352,0.03741508057885187,0.9625849194211481,0.20130866036082515,0.3462849219668558,0.6537150780331442,0.0554576193513201,0.06838311963409219,0.9316168803659078,0.1159882694482803,0.0616263709962368,0.0003763309214264,-0.5652946557792432,-3.24754844305911,3.247548443059109,-1.3781352089131305,-0.6354096859480465,0.6354096859480466,-2.835081443165242,-2.6117956524074986,2.611795652407499,34.53024666666666,7.833453333333338,spair
snapshots/synthetic_logsteps100_pretrainedTrue_freezeFalse_2025_12_10_12_17,synthetic_logsteps100_pretrainedTrue_freezeFalse_2025_12_10_12_17,synthetic,logsteps,100,True,False,2025_12_10_12_17,pfpascal,5000,140310.90000000002,28.062180000000005,5,0.3084570447393952,0.13636063886612623,0.8636393611338737,0.23735163439225532,0.15535490073168357,0.8446450992683164,0.08254600673416804,0.06953972740593399,0.930460272594066,0.210835576057434,0.0921831429004669,0.0002734811569098,-0.807342673578733,-1.845852143168906,1.8458521431689057,-1.1672543364257024,-1.6932043565347479,1.6932043565347479,-2.408246639800625,-2.593781173872857,2.593781173872858,23.19225,4.869930000000004,spair
snapshots/synthetic_logsteps100_pretrainedTrue_freezeFalse_2025_12_10_12_17,synthetic_logsteps100_pretrainedTrue_freezeFalse_2025_12_10_12_17,synthetic,logsteps,100,True,False,2025_12_10_12_17,pfwillow,5000,140016.65,28.00333,5,0.28864869034425006,0.09987977981380612,0.9001202201861939,0.2055971294097254,0.300643816903302,0.699356183096698,0.04983283033252549,0.0,1.0,0.2679981589317322,0.1517357230186462,0.0003630809078458,-0.9019560698593857,-2.198561071486431,2.198561071486431,-1.3516721547884194,-0.8442339418802766,0.8442339418802766,-2.9479639267350533,-13.815509557963773,13.815509557935018,27.67815333333333,0.32517666666666756,spair
snapshots/synthetic_logsteps100_pretrainedTrue_freezeFalse_2025_12_10_12_17,synthetic_logsteps100_pretrainedTrue_freezeFalse_2025_12_10_12_17,synthetic,logsteps,100,True,False,2025_12_10_12_17,pointodyssey,5000,175419.95,35.08399,5,0.3791478679198268,0.0065476065409997425,0.9934523934590003,0.14758529732057166,0.31646453590305246,0.6835354640969475,0.07138313232977568,2.685361535878814e-06,0.9999973146384641,0.3447523117065429,0.0551739558577537,0.0020180339924991,-0.49316665917249464,-5.0220865735561935,5.022086573556196,-1.753666853088225,-0.7700673563944729,0.7700673563944729,-2.5656346404891157,-12.827692503468638,12.827692503455317,24.839123333333333,10.244866666666667,spair
snapshots/synthetic_logsteps100_pretrainedTrue_freezeFalse_2025_12_10_12_17,synthetic_logsteps100_pretrainedTrue_freezeFalse_2025_12_10_12_17,synthetic,logsteps,100,True,False,2025_12_10_12_17,spair,5000,82364.4,16.47288,5,0.130659196507588,0.12002022657810037,0.8799797734218996,0.24981701189308467,0.2264773945380536,0.7735226054619464,0.05822688107003639,0.0,1.0,0.2416630536317825,0.1291054487228393,0.0005775227909907,-1.8951428474125906,-1.9922386390644755,1.9922386390644753,-1.099588463487,-1.2283097579100044,1.2283097579100042,-2.7834172730124185,-13.815509557963773,13.815509557935018,16.234553333333334,0.2383266666666657,spair
snapshots/synthetic_logsteps100_pretrainedTrue_freezeFalse_2025_12_10_12_17,synthetic_logsteps100_pretrainedTrue_freezeFalse_2025_12_10_12_17,synthetic,logsteps,100,True,False,2025_12_10_12_17,synthetic,5000,309537.75,61.90755,5,,,,,,,,,,0.0284963101148605,0.0018829659093171,1.3129262697475497e-05,,,,,,,,,,25.490916666666667,36.41663333333334,spair
snapshots/synthetic_logsteps100_pretrainedTrue_freezeFalse_2025_12_10_12_17,synthetic_logsteps100_pretrainedTrue_freezeFalse_2025_12_10_12_17,synthetic,logsteps,100,True,False,2025_12_10_12_17,tss,5000,250983.40000000002,50.19668000000001,5,0.3495591863573936,0.17762807248006965,0.8223719275199304,0.23149990085233685,0.3367490918377315,0.6632509081622685,0.04887546388957982,0.018925150521315416,0.9810748494786846,0.1551232635974884,0.0803383141756057,0.0003567747771739,-0.6209774147305013,-1.5325008754601563,1.5325008754601563,-1.1998612467506131,-0.6778152438350924,0.6778152438350924,-2.96836949716193,-3.948157002955457,3.9481570029554587,39.87302333333333,10.323656666666679,spair
snapshots/synthetic_random_flipping_steps100_pretrainedTrue_freezeFalse_2025_12_13_11_45,synthetic_random_flipping_steps100_pretrainedTrue_freezeFalse_2025_12_13_11_45,synthetic_random_flipping,steps,100,True,False,2025_12_13_11_45,flyingthings,5000,177062.65,35.41253,3,0.3419614527093241,0.17364218424166206,0.826357815758338,0.22563581972283014,0.26219558332621073,0.7378044166737893,0.06704887130202539,0.11207750742762985,0.8879224925723701,0.1039771884679794,0.071447916328907,0.0003462678869254,-0.6545654927840997,-1.560031101220492,1.5600311012204922,-1.233119997697623,-1.0345880449070752,1.0345880449070752,-2.632931042748656,-2.069693793487383,2.0696937934873825,48.23252,-12.819990000000004,spair
snapshots/synthetic_random_flipping_steps100_pretrainedTrue_freezeFalse_2025_12_13_11_45,synthetic_random_flipping_steps100_pretrainedTrue_freezeFalse_2025_12_13_11_45,synthetic_random_flipping,steps,100,True,False,2025_12_13_11_45,kitti2012,5000,192384.34999999998,38.47687,3,0.46555551226260744,0.02404321136904276,0.9759567886309573,0.21667302990312337,0.13389966007422852,0.8661003399257715,0.06318794070172684,0.09103423878449665,0.9089657612155033,0.4307942390441894,0.0686514154076576,0.0004105509724467,-0.1379965241811535,-3.703565626341099,3.7035656263410996,-1.2851607525825526,-1.8669100537756889,1.866910053775689,-2.6963692137994726,-2.301071740906982,2.3010717409069814,59.49418666666667,-21.017316666666673,spair
snapshots/synthetic_random_flipping_steps100_pretrainedTrue_freezeFalse_2025_12_13_11_45,synthetic_random_flipping_steps100_pretrainedTrue_freezeFalse_2025_12_13_11_45,synthetic_random_flipping,steps,100,True,False,2025_12_13_11_45,kitti2015,5000,191204.25,38.24085,3,,,,,,,,,,0.4713374674320221,0.061919555068016,0.0004966087290085,,,,,,,,,,62.48625333333334,-24.245403333333336,spair
snapshots/synthetic_random_flipping_steps100_pretrainedTrue_freezeFalse_2025_12_13_11_45,synthetic_random_flipping_steps100_pretrainedTrue_freezeFalse_2025_12_13_11_45,synthetic_random_flipping,steps,100,True,False,2025_12_13_11_45,middlebury,5000,105815.30000000002,21.163060000000005,3,0.4056276733771084,0.02481031586604296,0.975189684133957,0.20500753794824356,0.3455851483234298,0.6544148516765702,0.05479334529414982,0.06928737405208367,0.9307126259479164,0.1260363757610321,0.0669085681438446,0.0003800657577812,-0.382070257297353,-3.6713724708825444,3.6713724708825435,-1.355285883971849,-0.6385024177304687,0.6385024177304687,-2.8478348354728316,-2.59768786019056,2.597687860190561,34.53024666666666,-13.367186666666658,spair
snapshots/synthetic_random_flipping_steps100_pretrainedTrue_freezeFalse_2025_12_13_11_45,synthetic_random_flipping_steps100_pretrainedTrue_freezeFalse_2025_12_13_11_45,synthetic_random_flipping,steps,100,True,False,2025_12_13_11_45,pfpascal,5000,79090.34999999999,15.818069999999999,3,0.3340367906415601,0.0914475567179684,0.9085524432820316,0.2388604088579183,0.15362945263133676,0.8463705473686632,0.07905313201491904,0.07073934674722475,0.9292606532527753,0.2533465027809143,0.1000061184167862,0.0002731423010118,-0.6899832892791004,-2.296086953957191,2.296086953957191,-1.1589374542946957,-1.7064137117322562,1.7064137117322562,-2.455282161554346,-2.575387324292922,2.575387324292923,23.19225,-7.374180000000003,spair
snapshots/synthetic_random_flipping_steps100_pretrainedTrue_freezeFalse_2025_12_13_11_45,synthetic_random_flipping_steps100_pretrainedTrue_freezeFalse_2025_12_13_11_45,synthetic_random_flipping,steps,100,True,False,2025_12_13_11_45,pfwillow,5000,79838.9,15.96778,3,0.30884632925122624,0.07110232739983043,0.9288976726001695,0.20647228113678415,0.29979147240718573,0.7002085275928143,0.04903212779547044,0.0,1.0,0.331891655921936,0.1609171777963638,0.0003667553537525,-0.8055183511143451,-2.5698785143980527,2.5698785143980523,-1.3463223001530826,-0.8482910462504751,0.8482910462504751,-2.9650045262551434,-13.815509557963773,13.815509557935018,27.67815333333333,-11.710373333333331,spair
snapshots/synthetic_random_flipping_steps100_pretrainedTrue_freezeFalse_2025_12_13_11_45,synthetic_random_flipping_steps100_pretrainedTrue_freezeFalse_2025_12_13_11_45,synthetic_random_flipping,steps,100,True,False,2025_12_13_11_45,pointodyssey,5000,93530.4,18.70608,3,0.45407137359387606,0.0044145800020472525,0.9955854199979528,0.1487578125976634,0.3148991334088628,0.6851008665911372,0.07121405334419004,2.813924333012258e-06,0.999997186075667,0.3321483135223388,0.0582637824118137,0.0020097543019801,-0.18423385008802146,-5.418418226191956,5.418418226191968,-1.744377114915505,-0.7773137017733653,0.7773137017733655,-2.568188122252007,-12.780927675182122,12.780927675190233,24.839123333333333,-6.133043333333333,spair
snapshots/synthetic_random_flipping_steps100_pretrainedTrue_freezeFalse_2025_12_13_11_45,synthetic_random_flipping_steps100_pretrainedTrue_freezeFalse_2025_12_13_11_45,synthetic_random_flipping,steps,100,True,False,2025_12_13_11_45,spair,5000,46392.25,9.27845,3,0.22900209115480769,0.12275811249039645,0.8772418875096035,0.24743413077910364,0.2243249642967557,0.7756750357032443,0.059723468840592826,0.0,1.0,0.1951907873153686,0.1401875615119934,0.0005809437134303,-1.2139545261036775,-1.9665669127569985,1.9665669127569982,-1.1123441183191103,-1.240637930026034,1.2406379300260335,-2.7564489580277862,-13.815509557963773,13.815509557935018,16.234553333333334,-6.956103333333335,spair
snapshots/synthetic_random_flipping_steps100_pretrainedTrue_freezeFalse_2025_12_13_11_45,synthetic_random_flipping_steps100_pretrainedTrue_freezeFalse_2025_12_13_11_45,synthetic_random_flipping,steps,100,True,False,2025_12_13_11_45,synthetic,5000,150066.7,30.013340000000003,3,,,,,,,,,,0.0284963101148605,0.0018829659093171,1.3129262697475497e-05,,,,,,,,,,25.490916666666667,4.522423333333336,spair
snapshots/synthetic_random_flipping_steps100_pretrainedTrue_freezeFalse_2025_12_13_11_45,synthetic_random_flipping_steps100_pretrainedTrue_freezeFalse_2025_12_13_11_45,synthetic_random_flipping,steps,100,True,False,2025_12_13_11_45,tss,5000,134630.8,26.92616,3,0.37226878325850576,0.11749350361138636,0.8825064963886137,0.23249109503563928,0.3345230946006758,0.6654769053993241,0.04789135174032361,0.019497100312699744,0.9805028996873002,0.1897538602352142,0.0865283459424972,0.0003557886520866,-0.5224959470202033,-2.0163831064852085,2.016383106485209,-1.1942981585815404,-0.6877980152629288,0.6877980152629286,-2.9897442147052775,-3.917799850388123,3.9177998503881204,39.87302333333333,-12.94686333333333,spair
snapshots/synthetic_small_zoom_steps100_pretrainedTrue_freezeFalse_2025_12_11_07_44,synthetic_small_zoom_steps100_pretrainedTrue_freezeFalse_2025_12_11_07_44,synthetic_small_zoom,steps,100,True,False,2025_12_11_07_44,flyingthings,5000,351473.0,70.2946,5,0.14130861771935394,0.44609347201491056,0.5539065279850894,0.1985866969235261,0.26020077574357386,0.7397992242564262,0.06593923327691954,0.10877650851736323,0.8912234914826368,0.1420890390872955,0.0695071220397949,0.000352237955667,-1.8044633052095391,-0.21646744189321826,0.21646744189321823,-1.3951510327649683,-1.0449252834025198,1.04492528340252,-2.6508078868547544,-2.103299831462676,2.1032998314626763,48.23252,22.06208,spair
snapshots/synthetic_small_zoom_steps100_pretrainedTrue_freezeFalse_2025_12_11_07_44,synthetic_small_zoom_steps100_pretrainedTrue_freezeFalse_2025_12_11_07_44,synthetic_small_zoom,steps,100,True,False,2025_12_11_07_44,kitti2012,5000,392485.0,78.497,5,0.4316722180317747,0.18543290964579778,0.8145670903542022,0.1894319744527396,0.13336506232447065,0.8666349376755293,0.06259211857528095,0.08923605209126516,0.9107639479087348,0.2713901996612549,0.0672902390360832,0.0004194449575152,-0.2750317875158532,-1.4799636510770857,1.4799636510770855,-1.453705281790262,-1.8715276267332548,1.8715276267332548,-2.7064791243766484,-2.32299862116416,2.3229986211641593,59.49418666666667,19.00281333333333,spair
snapshots/synthetic_small_zoom_steps100_pretrainedTrue_freezeFalse_2025_12_11_07_44,synthetic_small_zoom_steps100_pretrainedTrue_freezeFalse_2025_12_11_07_44,synthetic_small_zoom,steps,100,True,False,2025_12_11_07_44,kitti2015,5000,388385.7,77.67714000000001,5,,,,,,,,,,0.4713374674320221,0.061919555068016,0.0004966087290085,,,,,,,,,,62.48625333333334,15.190886666666671,spair
snapshots/synthetic_small_zoom_steps100_pretrainedTrue_freezeFalse_2025_12_11_07_44,synthetic_small_zoom_steps100_pretrainedTrue_freezeFalse_2025_12_11_07_44,synthetic_small_zoom,steps,100,True,False,2025_12_11_07_44,middlebury,5000,212445.84999999998,42.489169999999994,5,0.20080142019282626,0.1380347683928066,0.8619652316071934,0.18052723142310426,0.34615402132386314,0.6538459786761368,0.05419014463703219,0.06767328333392851,0.9323267166660715,0.0445285886526107,0.0643457248806953,0.0003841306897811,-1.3812929898487134,-1.8317093369879776,1.8317093369879776,-1.5127795353137263,-0.6359879927662881,0.635987992766288,-2.8595424916428906,-2.6229918387652704,2.6229918387652704,34.53024666666666,7.958923333333331,spair
snapshots/synthetic_small_zoom_steps100_pretrainedTrue_freezeFalse_2025_12_11_07_44,synthetic_small_zoom_steps100_pretrainedTrue_freezeFalse_2025_12_11_07_44,synthetic_small_zoom,steps,100,True,False,2025_12_11_07_44,pfpascal,5000,119886.5,23.9773,5,0.08598066404529359,0.2055213653880527,0.7944786346119472,0.21322635876619334,0.14974398795440622,0.8502560120455938,0.07711840861593391,0.06885112364714677,0.9311488763528533,0.1910277009010315,0.0960041508078575,0.0002828914730343,-2.3637292922505555,-1.3521360976431824,1.3521360976431822,-1.3055862660883102,-1.7366104058037888,1.7366104058037886,-2.482158924659708,-2.604472629384755,2.6044726293847553,23.19225,0.7850499999999982,spair
snapshots/synthetic_small_zoom_steps100_pretrainedTrue_freezeFalse_2025_12_11_07_44,synthetic_small_zoom_steps100_pretrainedTrue_freezeFalse_2025_12_11_07_44,synthetic_small_zoom,steps,100,True,False,2025_12_11_07_44,pfwillow,5000,131438.8,26.28776,5,0.05118308453990632,0.11819844013381778,0.8818015598661822,0.18348732078181001,0.2984448559703923,0.7015551440296077,0.048273489442878785,0.0,1.0,0.3511411547660827,0.1539370119571685,0.0003779902181122,-2.919806758973938,-2.009602133831653,2.0096021338316534,-1.492896872481921,-0.8547143265418293,0.8547143265418294,-2.981395177537889,-13.815509557963773,13.815509557935018,27.67815333333333,-1.390393333333332,spair
snapshots/synthetic_small_zoom_steps100_pretrainedTrue_freezeFalse_2025_12_11_07_44,synthetic_small_zoom_steps100_pretrainedTrue_freezeFalse_2025_12_11_07_44,synthetic_small_zoom,steps,100,True,False,2025_12_11_07_44,pointodyssey,5000,165877.80000000002,33.175560000000004,5,0.36692773391441613,0.05557639452783267,0.9444236054721673,0.12754158712339786,0.3150384468169212,0.6849615531830788,0.07098710123529928,2.8312498634718645e-06,0.9999971687501366,0.220725268125534,0.0587944574654102,0.0020176118705421,-0.545419661709869,-2.8328162478506016,2.832816247850601,-1.9228725036834815,-0.776668025182254,0.7766680251822541,-2.571624435491996,-12.774789464683055,12.774789464692832,24.839123333333333,8.336436666666671,spair
snapshots/synthetic_small_zoom_steps100_pretrainedTrue_freezeFalse_2025_12_11_07_44,synthetic_small_zoom_steps100_pretrainedTrue_freezeFalse_2025_12_11_07_44,synthetic_small_zoom,steps,100,True,False,2025_12_11_07_44,spair,5000,65043.549999999996,13.008709999999999,5,0.018783541945354497,0.13608167041102393,0.8639183295889761,0.2229993374002422,0.2224335050720839,0.7775664949279161,0.05861715220903921,0.0,1.0,0.3693644106388092,0.1327691376209259,0.0005896715447306,-3.955812027652069,-1.8482230151719603,1.84822301517196,-1.248272402977683,-1.2515409610874173,1.2515409610874173,-2.776322555338489,-13.815509557963773,13.815509557935018,16.234553333333334,-3.2258433333333354,spair
snapshots/synthetic_small_zoom_steps100_pretrainedTrue_freezeFalse_2025_12_11_07_44,synthetic_small_zoom_steps100_pretrainedTrue_freezeFalse_2025_12_11_07_44,synthetic_small_zoom,steps,100,True,False,2025_12_11_07_44,synthetic,5000,398031.15,79.60623000000001,5,,,,,,,,,,0.0284963101148605,0.0018829659093171,1.3129262697475497e-05,,,,,,,,,,25.490916666666667,54.11531333333335,spair
snapshots/synthetic_small_zoom_steps100_pretrainedTrue_freezeFalse_2025_12_11_07_44,synthetic_small_zoom_steps100_pretrainedTrue_freezeFalse_2025_12_11_07_44,synthetic_small_zoom,steps,100,True,False,2025_12_11_07_44,tss,5000,251240.75000000003,50.24815,5,0.10217885735558188,0.2498118804717358,0.7501881195282643,0.20960221905037998,0.3344358102421152,0.6655641897578848,0.04742770338095707,0.01905225606438759,0.9809477439356125,0.1142255663871765,0.0850886106491088,0.0003663244715426,-2.1732460942848824,-1.0996158446210198,1.09961584462102,-1.3273247994634378,-0.6881901230925294,0.6881901230925294,-2.9999594885977463,-3.9413336668497716,3.9413336668497743,39.87302333333333,10.375126666666674,spair
snapshots/synthetic_small_zoom_steps100_pretrainedTrue_freezeFalse_2025_12_13_11_38,synthetic_small_zoom_steps100_pretrainedTrue_freezeFalse_2025_12_13_11_38,synthetic_small_zoom,steps,100,True,False,2025_12_13_11_38,flyingthings,5000,354648.80000000005,70.92976000000002,5,0.14130861771935394,0.44609347201491056,0.5539065279850894,0.1985866969235261,0.26020077574357386,0.7397992242564262,0.06593923327691954,0.10877650851736323,0.8912234914826368,0.1420890390872955,0.0695071220397949,0.000352237955667,-1.8044633052095391,-0.21646744189321826,0.21646744189321823,-1.3951510327649683,-1.0449252834025198,1.04492528340252,-2.6508078868547544,-2.103299831462676,2.1032998314626763,48.23252,22.697240000000015,spair
snapshots/synthetic_small_zoom_steps100_pretrainedTrue_freezeFalse_2025_12_13_11_38,synthetic_small_zoom_steps100_pretrainedTrue_freezeFalse_2025_12_13_11_38,synthetic_small_zoom,steps,100,True,False,2025_12_13_11_38,kitti2012,5000,394272.39999999997,78.85448,5,0.4316722180317747,0.18543290964579778,0.8145670903542022,0.1894319744527396,0.13336506232447065,0.8666349376755293,0.06259211857528095,0.08923605209126516,0.9107639479087348,0.2713901996612549,0.0672902390360832,0.0004194449575152,-0.2750317875158532,-1.4799636510770857,1.4799636510770855,-1.453705281790262,-1.8715276267332548,1.8715276267332548,-2.7064791243766484,-2.32299862116416,2.3229986211641593,59.49418666666667,19.360293333333324,spair
snapshots/synthetic_small_zoom_steps100_pretrainedTrue_freezeFalse_2025_12_13_11_38,synthetic_small_zoom_steps100_pretrainedTrue_freezeFalse_2025_12_13_11_38,synthetic_small_zoom,steps,100,True,False,2025_12_13_11_38,kitti2015,5000,390422.19999999995,78.08443999999999,5,,,,,,,,,,0.4713374674320221,0.061919555068016,0.0004966087290085,,,,,,,,,,62.48625333333334,15.598186666666649,spair
snapshots/synthetic_small_zoom_steps100_pretrainedTrue_freezeFalse_2025_12_13_11_38,synthetic_small_zoom_steps100_pretrainedTrue_freezeFalse_2025_12_13_11_38,synthetic_small_zoom,steps,100,True,False,2025_12_13_11_38,middlebury,5000,216281.40000000002,43.256280000000004,5,0.20080142019282626,0.1380347683928066,0.8619652316071934,0.18052723142310426,0.34615402132386314,0.6538459786761368,0.05419014463703219,0.06767328333392851,0.9323267166660715,0.0445285886526107,0.0643457248806953,0.0003841306897811,-1.3812929898487134,-1.8317093369879776,1.8317093369879776,-1.5127795353137263,-0.6359879927662881,0.635987992766288,-2.8595424916428906,-2.6229918387652704,2.6229918387652704,34.53024666666666,8.72603333333334,spair
snapshots/synthetic_small_zoom_steps100_pretrainedTrue_freezeFalse_2025_12_13_11_38,synthetic_small_zoom_steps100_pretrainedTrue_freezeFalse_2025_12_13_11_38,synthetic_small_zoom,steps,100,True,False,2025_12_13_11_38,pfpascal,5000,160376.8,32.075359999999996,5,0.08598066404529359,0.2055213653880527,0.7944786346119472,0.21322635876619334,0.14974398795440622,0.8502560120455938,0.07711840861593391,0.06885112364714677,0.9311488763528533,0.1910277009010315,0.0960041508078575,0.0002828914730343,-2.3637292922505555,-1.3521360976431824,1.3521360976431822,-1.3055862660883102,-1.7366104058037888,1.7366104058037886,-2.482158924659708,-2.604472629384755,2.6044726293847553,23.19225,8.883109999999995,spair
snapshots/synthetic_small_zoom_steps100_pretrainedTrue_freezeFalse_2025_12_13_11_38,synthetic_small_zoom_steps100_pretrainedTrue_freezeFalse_2025_12_13_11_38,synthetic_small_zoom,steps,100,True,False,2025_12_13_11_38,pfwillow,5000,178666.69999999998,35.73334,5,0.05118308453990632,0.11819844013381778,0.8818015598661822,0.18348732078181001,0.2984448559703923,0.7015551440296077,0.048273489442878785,0.0,1.0,0.3511411547660827,0.1539370119571685,0.0003779902181122,-2.919806758973938,-2.009602133831653,2.0096021338316534,-1.492896872481921,-0.8547143265418293,0.8547143265418294,-2.981395177537889,-13.815509557963773,13.815509557935018,27.67815333333333,8.055186666666668,spair
snapshots/synthetic_small_zoom_steps100_pretrainedTrue_freezeFalse_2025_12_13_11_38,synthetic_small_zoom_steps100_pretrainedTrue_freezeFalse_2025_12_13_11_38,synthetic_small_zoom,steps,100,True,False,2025_12_13_11_38,pointodyssey,5000,165420.1,33.08402,5,0.36692773391441613,0.05557639452783267,0.9444236054721673,0.12754158712339786,0.3150384468169212,0.6849615531830788,0.07098710123529928,2.8312498634718645e-06,0.9999971687501366,0.220725268125534,0.0587944574654102,0.0020176118705421,-0.545419661709869,-2.8328162478506016,2.832816247850601,-1.9228725036834815,-0.776668025182254,0.7766680251822541,-2.571624435491996,-12.774789464683055,12.774789464692832,24.839123333333333,8.24489666666667,spair
snapshots/synthetic_small_zoom_steps100_pretrainedTrue_freezeFalse_2025_12_13_11_38,synthetic_small_zoom_steps100_pretrainedTrue_freezeFalse_2025_12_13_11_38,synthetic_small_zoom,steps,100,True,False,2025_12_13_11_38,spair,5000,55795.799999999996,11.15916,5,0.018783541945354497,0.13608167041102393,0.8639183295889761,0.2229993374002422,0.2224335050720839,0.7775664949279161,0.05861715220903921,0.0,1.0,0.3693644106388092,0.1327691376209259,0.0005896715447306,-3.955812027652069,-1.8482230151719603,1.84822301517196,-1.248272402977683,-1.2515409610874173,1.2515409610874173,-2.776322555338489,-13.815509557963773,13.815509557935018,16.234553333333334,-5.075393333333334,spair
snapshots/synthetic_small_zoom_steps100_pretrainedTrue_freezeFalse_2025_12_13_11_38,synthetic_small_zoom_steps100_pretrainedTrue_freezeFalse_2025_12_13_11_38,synthetic_small_zoom,steps,100,True,False,2025_12_13_11_38,synthetic,5000,241339.0,48.2678,5,,,,,,,,,,0.0284963101148605,0.0018829659093171,1.3129262697475497e-05,,,,,,,,,,25.490916666666667,22.776883333333334,spair
snapshots/synthetic_small_zoom_steps100_pretrainedTrue_freezeFalse_2025_12_13_11_38,synthetic_small_zoom_steps100_pretrainedTrue_freezeFalse_2025_12_13_11_38,synthetic_small_zoom,steps,100,True,False,2025_12_13_11_38,tss,5000,254252.45,50.85049,5,0.10217885735558188,0.2498118804717358,0.7501881195282643,0.20960221905037998,0.3344358102421152,0.6655641897578848,0.04742770338095707,0.01905225606438759,0.9809477439356125,0.1142255663871765,0.0850886106491088,0.0003663244715426,-2.1732460942848824,-1.0996158446210198,1.09961584462102,-1.3273247994634378,-0.6881901230925294,0.6881901230925294,-2.9999594885977463,-3.9413336668497716,3.9413336668497743,39.87302333333333,10.977466666666672,spair
snapshots/synthetic_steps100_pretrainedTrue_freezeFalse_2025_12_11_05_11,synthetic_steps100_pretrainedTrue_freezeFalse_2025_12_11_05_11,synthetic,steps,100,True,False,2025_12_11_05_11,flyingthings,5000,176812.80000000002,35.36256,3,0.30541512260719766,0.2655283388264625,0.7344716611735376,0.22364680580949392,0.26415440680550395,0.735845593194496,0.06775370454213989,0.11039495168831101,0.889605048311689,0.0987161844968795,0.0655120611190795,0.0003423189336899,-0.8216424594590136,-1.0174298398344757,1.017429839834476,-1.2445395161058372,-1.024486498426884,1.024486498426884,-2.62171790743262,-2.0867131929545057,2.0867131929545057,48.23252,-12.869959999999999,spair
snapshots/synthetic_steps100_pretrainedTrue_freezeFalse_2025_12_11_05_11,synthetic_steps100_pretrainedTrue_freezeFalse_2025_12_11_05_11,synthetic,steps,100,True,False,2025_12_11_05_11,kitti2012,5000,191825.5,38.3651,3,0.42349010747254373,0.03220106708251028,0.9677989329174898,0.2128626836913587,0.1342526283034775,0.8657473716965225,0.06466596271039621,0.09004305749215445,0.9099569425078455,0.3724488019943237,0.0641089379787445,0.0004135617637075,-0.30846234435257086,-3.403024760563173,3.403024760563174,-1.3077554335843773,-1.863869836532181,1.863869836532181,-2.671668740205846,-2.313109309960983,2.313109309960983,59.49418666666667,-21.129086666666673,spair
snapshots/synthetic_steps100_pretrainedTrue_freezeFalse_2025_12_11_05_11,synthetic_steps100_pretrainedTrue_freezeFalse_2025_12_11_05_11,synthetic,steps,100,True,False,2025_12_11_05_11,kitti2015,5000,191020.8,38.204159999999995,3,,,,,,,,,,0.4713374674320221,0.061919555068016,0.0004966087290085,,,,,,,,,,62.48625333333334,-24.282093333333343,spair
snapshots/synthetic_steps100_pretrainedTrue_freezeFalse_2025_12_11_05_11,synthetic_steps100_pretrainedTrue_freezeFalse_2025_12_11_05_11,synthetic,steps,100,True,False,2025_12_11_05_11,middlebury,5000,105052.65,21.01053,3,0.3623232658377352,0.03741508057885187,0.9625849194211481,0.20130866036082515,0.3462849219668558,0.6537150780331442,0.0554576193513201,0.06838311963409219,0.9316168803659078,0.1159882694482803,0.0616263709962368,0.0003763309214264,-0.5652946557792432,-3.24754844305911,3.247548443059109,-1.3781352089131305,-0.6354096859480465,0.6354096859480466,-2.835081443165242,-2.6117956524074986,2.611795652407499,34.53024666666666,-13.519716666666664,spair
snapshots/synthetic_steps100_pretrainedTrue_freezeFalse_2025_12_11_05_11,synthetic_steps100_pretrainedTrue_freezeFalse_2025_12_11_05_11,synthetic,steps,100,True,False,2025_12_11_05_11,pfpascal,5000,68090.04999999999,13.618009999999998,3,0.3084570447393952,0.13636063886612623,0.8636393611338737,0.23735163439225532,0.15535490073168357,0.8446450992683164,0.08254600673416804,0.06953972740593399,0.930460272594066,0.210835576057434,0.0921831429004669,0.0002734811569098,-0.807342673578733,-1.845852143168906,1.8458521431689057,-1.1672543364257024,-1.6932043565347479,1.6932043565347479,-2.408246639800625,-2.593781173872857,2.593781173872858,23.19225,-9.574240000000003,spair
snapshots/synthetic_steps100_pretrainedTrue_freezeFalse_2025_12_11_05_11,synthetic_steps100_pretrainedTrue_freezeFalse_2025_12_11_05_11,synthetic,steps,100,True,False,2025_12_11_05_11,pfwillow,5000,67900.05000000002,13.580010000000003,3,0.28864869034425006,0.09987977981380612,0.9001202201861939,0.2055971294097254,0.300643816903302,0.699356183096698,0.04983283033252549,0.0,1.0,0.2679981589317322,0.1517357230186462,0.0003630809078458,-0.9019560698593857,-2.198561071486431,2.198561071486431,-1.3516721547884194,-0.8442339418802766,0.8442339418802766,-2.9479639267350533,-13.815509557963773,13.815509557935018,27.67815333333333,-14.098143333333327,spair
snapshots/synthetic_steps100_pretrainedTrue_freezeFalse_2025_12_11_05_11,synthetic_steps100_pretrainedTrue_freezeFalse_2025_12_11_05_11,synthetic,steps,100,True,False,2025_12_11_05_11,pointodyssey,5000,86512.35,17.30247,3,0.3791478679198268,0.0065476065409997425,0.9934523934590003,0.14758529732057166,0.31646453590305246,0.6835354640969475,0.07138313232977568,2.685361535878814e-06,0.9999973146384641,0.3447523117065429,0.0551739558577537,0.0020180339924991,-0.49316665917249464,-5.0220865735561935,5.022086573556196,-1.753666853088225,-0.7700673563944729,0.7700673563944729,-2.5656346404891157,-12.827692503468638,12.827692503455317,24.839123333333333,-7.536653333333334,spair
snapshots/synthetic_steps100_pretrainedTrue_freezeFalse_2025_12_11_05_11,synthetic_steps100_pretrainedTrue_freezeFalse_2025_12_11_05_11,synthetic,steps,100,True,False,2025_12_11_05_11,spair,5000,43538.7,8.70774,3,0.130659196507588,0.12002022657810037,0.8799797734218996,0.24981701189308467,0.2264773945380536,0.7735226054619464,0.05822688107003639,0.0,1.0,0.2416630536317825,0.1291054487228393,0.0005775227909907,-1.8951428474125906,-1.9922386390644755,1.9922386390644753,-1.099588463487,-1.2283097579100044,1.2283097579100042,-2.7834172730124185,-13.815509557963773,13.815509557935018,16.234553333333334,-7.526813333333335,spair
snapshots/synthetic_steps100_pretrainedTrue_freezeFalse_2025_12_11_05_11,synthetic_steps100_pretrainedTrue_freezeFalse_2025_12_11_05_11,synthetic,steps,100,True,False,2025_12_11_05_11,synthetic,5000,147840.65000000002,29.568130000000004,3,,,,,,,,,,0.0284963101148605,0.0018829659093171,1.3129262697475497e-05,,,,,,,,,,25.490916666666667,4.0772133333333365,spair
snapshots/synthetic_steps100_pretrainedTrue_freezeFalse_2025_12_11_05_11,synthetic_steps100_pretrainedTrue_freezeFalse_2025_12_11_05_11,synthetic,steps,100,True,False,2025_12_11_05_11,tss,5000,123737.95,24.74759,3,0.3495591863573936,0.17762807248006965,0.8223719275199304,0.23149990085233685,0.3367490918377315,0.6632509081622685,0.04887546388957982,0.018925150521315416,0.9810748494786846,0.1551232635974884,0.0803383141756057,0.0003567747771739,-0.6209774147305013,-1.5325008754601563,1.5325008754601563,-1.1998612467506131,-0.6778152438350924,0.6778152438350924,-2.96836949716193,-3.948157002955457,3.9481570029554587,39.87302333333333,-15.12543333333333,spair
snapshots/synthetic_steps100_pretrainedTrue_freezeFalse_2025_12_12_23_46,synthetic_steps100_pretrainedTrue_freezeFalse_2025_12_12_23_46,synthetic,steps,100,True,False,2025_12_12_23_46,flyingthings,5000,178833.5,35.7667,3,0.30541512260719766,0.2655283388264625,0.7344716611735376,0.22364680580949392,0.26415440680550395,0.735845593194496,0.06775370454213989,0.11039495168831101,0.889605048311689,0.0987161844968795,0.0655120611190795,0.0003423189336899,-0.8216424594590136,-1.0174298398344757,1.017429839834476,-1.2445395161058372,-1.024486498426884,1.024486498426884,-2.62171790743262,-2.0867131929545057,2.0867131929545057,48.23252,-12.46582,spair
snapshots/synthetic_steps100_pretrainedTrue_freezeFalse_2025_12_12_23_46,synthetic_steps100_pretrainedTrue_freezeFalse_2025_12_12_23_46,synthetic,steps,100,True,False,2025_12_12_23_46,kitti2012,5000,194521.8,38.90436,3,0.42349010747254373,0.03220106708251028,0.9677989329174898,0.2128626836913587,0.1342526283034775,0.8657473716965225,0.06466596271039621,0.09004305749215445,0.9099569425078455,0.3724488019943237,0.0641089379787445,0.0004135617637075,-0.30846234435257086,-3.403024760563173,3.403024760563174,-1.3077554335843773,-1.863869836532181,1.863869836532181,-2.671668740205846,-2.313109309960983,2.313109309960983,59.49418666666667,-20.589826666666674,spair
snapshots/synthetic_steps100_pretrainedTrue_freezeFalse_2025_12_12_23_46,synthetic_steps100_pretrainedTrue_freezeFalse_2025_12_12_23_46,synthetic,steps,100,True,False,2025_12_12_23_46,kitti2015,5000,192609.8,38.52196,3,,,,,,,,,,0.4713374674320221,0.061919555068016,0.0004966087290085,,,,,,,,,,62.48625333333334,-23.964293333333337,spair
snapshots/synthetic_steps100_pretrainedTrue_freezeFalse_2025_12_12_23_46,synthetic_steps100_pretrainedTrue_freezeFalse_2025_12_12_23_46,synthetic,steps,100,True,False,2025_12_12_23_46,middlebury,5000,107176.70000000001,21.435340000000004,3,0.3623232658377352,0.03741508057885187,0.9625849194211481,0.20130866036082515,0.3462849219668558,0.6537150780331442,0.0554576193513201,0.06838311963409219,0.9316168803659078,0.1159882694482803,0.0616263709962368,0.0003763309214264,-0.5652946557792432,-3.24754844305911,3.247548443059109,-1.3781352089131305,-0.6354096859480465,0.6354096859480466,-2.835081443165242,-2.6117956524074986,2.611795652407499,34.53024666666666,-13.09490666666666,spair
snapshots/synthetic_steps100_pretrainedTrue_freezeFalse_2025_12_12_23_46,synthetic_steps100_pretrainedTrue_freezeFalse_2025_12_12_23_46,synthetic,steps,100,True,False,2025_12_12_23_46,pfpascal,5000,91229.09999999999,18.24582,3,0.3084570447393952,0.13636063886612623,0.8636393611338737,0.23735163439225532,0.15535490073168357,0.8446450992683164,0.08254600673416804,0.06953972740593399,0.930460272594066,0.210835576057434,0.0921831429004669,0.0002734811569098,-0.807342673578733,-1.845852143168906,1.8458521431689057,-1.1672543364257024,-1.6932043565347479,1.6932043565347479,-2.408246639800625,-2.593781173872857,2.593781173872858,23.19225,-4.946430000000003,spair
snapshots/synthetic_steps100_pretrainedTrue_freezeFalse_2025_12_12_23_46,synthetic_steps100_pretrainedTrue_freezeFalse_2025_12_12_23_46,synthetic,steps,100,True,False,2025_12_12_23_46,pfwillow,5000,99761.15,19.95223,3,0.28864869034425006,0.09987977981380612,0.9001202201861939,0.2055971294097254,0.300643816903302,0.699356183096698,0.04983283033252549,0.0,1.0,0.2679981589317322,0.1517357230186462,0.0003630809078458,-0.9019560698593857,-2.198561071486431,2.198561071486431,-1.3516721547884194,-0.8442339418802766,0.8442339418802766,-2.9479639267350533,-13.815509557963773,13.815509557935018,27.67815333333333,-7.725923333333331,spair
snapshots/synthetic_steps100_pretrainedTrue_freezeFalse_2025_12_12_23_46,synthetic_steps100_pretrainedTrue_freezeFalse_2025_12_12_23_46,synthetic,steps,100,True,False,2025_12_12_23_46,pointodyssey,5000,89910.5,17.9821,3,0.3791478679198268,0.0065476065409997425,0.9934523934590003,0.14758529732057166,0.31646453590305246,0.6835354640969475,0.07138313232977568,2.685361535878814e-06,0.9999973146384641,0.3447523117065429,0.0551739558577537,0.0020180339924991,-0.49316665917249464,-5.0220865735561935,5.022086573556196,-1.753666853088225,-0.7700673563944729,0.7700673563944729,-2.5656346404891157,-12.827692503468638,12.827692503455317,24.839123333333333,-6.857023333333334,spair
snapshots/synthetic_steps100_pretrainedTrue_freezeFalse_2025_12_12_23_46,synthetic_steps100_pretrainedTrue_freezeFalse_2025_12_12_23_46,synthetic,steps,100,True,False,2025_12_12_23_46,spair,5000,41273.95,8.25479,3,0.130659196507588,0.12002022657810037,0.8799797734218996,0.24981701189308467,0.2264773945380536,0.7735226054619464,0.05822688107003639,0.0,1.0,0.2416630536317825,0.1291054487228393,0.0005775227909907,-1.8951428474125906,-1.9922386390644755,1.9922386390644753,-1.099588463487,-1.2283097579100044,1.2283097579100042,-2.7834172730124185,-13.815509557963773,13.815509557935018,16.234553333333334,-7.979763333333334,spair
snapshots/synthetic_steps100_pretrainedTrue_freezeFalse_2025_12_12_23_46,synthetic_steps100_pretrainedTrue_freezeFalse_2025_12_12_23_46,synthetic,steps,100,True,False,2025_12_12_23_46,synthetic,5000,101790.1,20.35802,3,,,,,,,,,,0.0284963101148605,0.0018829659093171,1.3129262697475497e-05,,,,,,,,,,25.490916666666667,-5.132896666666667,spair
snapshots/synthetic_steps100_pretrainedTrue_freezeFalse_2025_12_12_23_46,synthetic_steps100_pretrainedTrue_freezeFalse_2025_12_12_23_46,synthetic,steps,100,True,False,2025_12_12_23_46,tss,5000,130985.95000000001,26.197190000000003,3,0.3495591863573936,0.17762807248006965,0.8223719275199304,0.23149990085233685,0.3367490918377315,0.6632509081622685,0.04887546388957982,0.018925150521315416,0.9810748494786846,0.1551232635974884,0.0803383141756057,0.0003567747771739,-0.6209774147305013,-1.5325008754601563,1.5325008754601563,-1.1998612467506131,-0.6778152438350924,0.6778152438350924,-2.96836949716193,-3.948157002955457,3.9481570029554587,39.87302333333333,-13.675833333333326,spair
