run_id,run_name,train_dataset,step_tag,logsteps,pretrained,freeze,timestamp,benchmark,auc_steps,auc,auc_normalized,auc_points,flow_recall,flow_precision,flow_outside,resnet_recall,resnet_precision,resnet_outside,dino_recall,dino_precision,dino_outside,flow_mmd,feature_mmd,dino_mmd,flow_recall_logit,flow_precision_logit,flow_outside_logit,resnet_recall_logit,resnet_precision_logit,resnet_outside_logit,dino_recall_logit,dino_precision_logit,dino_outside_logit,flow_recall_logit_z,flow_precision_logit_z,resnet_recall_logit_z,resnet_precision_logit_z,flow_mmd_z,feature_mmd_z,prediction,target,fold
snapshots/flyingthings_logsteps100_pretrainedFalse_freezeFalse_2025_12_10_06_22,flyingthings_logsteps100_pretrainedFalse_freezeFalse_2025_12_10_06_22,flyingthings,logsteps,100,False,False,2025_12_10_06_22,flyingthings,5000,325530.0,65.106,5,0.29802204216020833,0.3442046172428665,0.6557953827571334,0.4057849136901841,0.37436925073848204,0.625630749261518,,,,0.120961382985115,0.0060516977682709,,-0.8567345536936865,-0.6446125256532295,0.6446125256532292,-0.3814181019971683,-0.5135177278632456,0.5135177278632457,,,,0.7369050528514273,1.4939655736310296,1.041671087985686,0.9235191057987645,-0.9794889816409366,-1.597814376285698,45.239696823428204,65.106,flyingthings
snapshots/flyingthings_steps100_pretrainedFalse_freezeFalse_2025_12_10_19_41,flyingthings_steps100_pretrainedFalse_freezeFalse_2025_12_10_19_41,flyingthings,steps,100,False,False,2025_12_10_19_41,flyingthings,5000,332435.94999999995,66.48718999999998,5,0.29802204216020833,0.3442046172428665,0.6557953827571334,0.4057849136901841,0.37436925073848204,0.625630749261518,,,,0.120961382985115,0.0060516977682709,,-0.8567345536936865,-0.6446125256532295,0.6446125256532292,-0.3814181019971683,-0.5135177278632456,0.5135177278632457,,,,0.7369050528514273,1.4939655736310296,1.041671087985686,0.9235191057987645,-0.9794889816409366,-1.597814376285698,45.239696823428204,66.48718999999998,flyingthings
snapshots/flyingthings_steps100_pretrainedFalse_freezeFalse_2025_12_12_11_46,flyingthings_steps100_pretrainedFalse_freezeFalse_2025_12_12_11_46,flyingthings,steps,100,False,False,2025_12_12_11_46,flyingthings,5000,329197.19999999995,65.83944,5,0.29802204216020833,0.3442046172428665,0.6557953827571334,0.4057849136901841,0.37436925073848204,0.625630749261518,,,,0.120961382985115,0.0060516977682709,,-0.8567345536936865,-0.6446125256532295,0.6446125256532292,-0.3814181019971683,-0.5135177278632456,0.5135177278632457,,,,0.7369050528514273,1.4939655736310296,1.041671087985686,0.9235191057987645,-0.9794889816409366,-1.597814376285698,45.239696823428204,65.83944,flyingthings
snapshots/pointodyssey_logsteps100_pretrainedFalse_freezeFalse_2025_12_10_11_40,pointodyssey_logsteps100_pretrainedFalse_freezeFalse_2025_12_10_11_40,pointodyssey,logsteps,100,False,False,2025_12_10_11_40,flyingthings,5000,302083.5,60.4167,5,0.011720746075177535,0.4954926200048128,0.5045073799951871,0.3950082247167559,0.2794855929302831,0.7205144070697169,,,,0.6785438060760498,0.0284111928194761,,-4.43460486306964,-0.018030008399606005,0.018030008399605797,-0.42630827661320203,-0.9470146657726355,0.9470146657726354,,,,-1.520203736403252,2.043846233397964,0.9500873800110634,-0.025886390773793597,1.6082442047884598,-1.0113015212173433,32.22020552425688,60.4167,flyingthings
snapshots/pointodyssey_steps100_pretrainedFalse_freezeFalse_2025_12_11_00_21,pointodyssey_steps100_pretrainedFalse_freezeFalse_2025_12_11_00_21,pointodyssey,steps,100,False,False,2025_12_11_00_21,flyingthings,5000,296529.65,59.305930000000004,5,0.011720746075177535,0.4954926200048128,0.5045073799951871,0.3950082247167559,0.2794855929302831,0.7205144070697169,,,,0.6785438060760498,0.0284111928194761,,-4.43460486306964,-0.018030008399606005,0.018030008399605797,-0.42630827661320203,-0.9470146657726355,0.9470146657726354,,,,-1.520203736403252,2.043846233397964,0.9500873800110634,-0.025886390773793597,1.6082442047884598,-1.0113015212173433,32.22020552425688,59.305930000000004,flyingthings
snapshots/pointodyssey_steps100_pretrainedFalse_freezeFalse_2025_12_12_23_46,pointodyssey_steps100_pretrainedFalse_freezeFalse_2025_12_12_23_46,pointodyssey,steps,100,False,False,2025_12_12_23_46,flyingthings,5000,300564.85,60.11297,5,0.011720746075177535,0.4954926200048128,0.5045073799951871,0.3950082247167559,0.2794855929302831,0.7205144070697169,,,,0.6785438060760498,0.0284111928194761,,-4.43460486306964,-0.018030008399606005,0.018030008399605797,-0.42630827661320203,-0.9470146657726355,0.9470146657726354,,,,-1.520203736403252,2.043846233397964,0.9500873800110634,-0.025886390773793597,1.6082442047884598,-1.0113015212173433,32.22020552425688,60.11297,flyingthings
snapshots/sintel_logsteps100_pretrainedFalse_freezeFalse_2025_12_10_01_43,sintel_logsteps100_pretrainedFalse_freezeFalse_2025_12_10_01_43,sintel,logsteps,100,False,False,2025_12_10_01_43,flyingthings,5000,325180.0,65.036,5,0.10812714299753373,0.468138018718825,0.531861981281175,0.3725248745587929,0.3225590445824691,0.6774409554175309,,,,0.1390412896871566,0.018274150788784,,-2.110015800741889,-0.12762085776883011,0.12762085776883025,-0.5214002165599321,-0.7420361948261344,0.7420361948261345,,,,-0.053730681123501656,1.947670730736795,0.7560834017839198,0.42303878026472413,-0.8955803563993727,-1.2772066970611362,39.540864942253044,65.036,flyingthings
snapshots/sintel_steps100_pretrainedFalse_freezeFalse_2025_12_10_17_12,sintel_steps100_pretrainedFalse_freezeFalse_2025_12_10_17_12,sintel,steps,100,False,False,2025_12_10_17_12,flyingthings,5000,316365.0,63.273,5,0.10812714299753373,0.468138018718825,0.531861981281175,0.3725248745587929,0.3225590445824691,0.6774409554175309,,,,0.1390412896871566,0.018274150788784,,-2.110015800741889,-0.12762085776883011,0.12762085776883025,-0.5214002165599321,-0.7420361948261344,0.7420361948261345,,,,-0.053730681123501656,1.947670730736795,0.7560834017839198,0.42303878026472413,-0.8955803563993727,-1.2772066970611362,39.540864942253044,63.273,flyingthings
snapshots/sintel_steps100_pretrainedFalse_freezeFalse_2025_12_12_11_45,sintel_steps100_pretrainedFalse_freezeFalse_2025_12_12_11_45,sintel,steps,100,False,False,2025_12_12_11_45,flyingthings,5000,318218.6,63.643719999999995,5,0.10812714299753373,0.468138018718825,0.531861981281175,0.3725248745587929,0.3225590445824691,0.6774409554175309,,,,0.1390412896871566,0.018274150788784,,-2.110015800741889,-0.12762085776883011,0.12762085776883025,-0.5214002165599321,-0.7420361948261344,0.7420361948261345,,,,-0.053730681123501656,1.947670730736795,0.7560834017839198,0.42303878026472413,-0.8955803563993727,-1.2772066970611362,39.540864942253044,63.643719999999995,flyingthings
snapshots/spair_logsteps100_pretrainedFalse_freezeFalse_2025_12_10_06_41,spair_logsteps100_pretrainedFalse_freezeFalse_2025_12_10_06_41,spair,logsteps,100,False,False,2025_12_10_06_41,flyingthings,5000,9423.75,1.88475,5,0.04930994753527558,0.12119766650200803,0.878802333497992,0.43194517155020795,0.29943663506574203,0.700563364934258,,,,0.2729391753673553,0.0475737750530242,,-2.959062255672246,-1.9811371756639835,1.9811371756639835,-0.2739192805419079,-0.8499819922998267,0.8499819922998267,,,,-0.5893538452406742,0.3210489407764214,1.2609872469444046,0.1866257298111749,-0.2741619113081238,-0.5086470207225021,13.086919816614119,1.88475,flyingthings
snapshots/spair_steps100_pretrainedFalse_freezeFalse_2025_12_10_22_16,spair_steps100_pretrainedFalse_freezeFalse_2025_12_10_22_16,spair,steps,100,False,False,2025_12_10_22_16,flyingthings,5000,10822.150000000001,2.1644300000000003,5,0.04930994753527558,0.12119766650200803,0.878802333497992,0.43194517155020795,0.29943663506574203,0.700563364934258,,,,0.2729391753673553,0.0475737750530242,,-2.959062255672246,-1.9811371756639835,1.9811371756639835,-0.2739192805419079,-0.8499819922998267,0.8499819922998267,,,,-0.5893538452406742,0.3210489407764214,1.2609872469444046,0.1866257298111749,-0.2741619113081238,-0.5086470207225021,13.086919816614119,2.1644300000000003,flyingthings
snapshots/spair_steps100_pretrainedFalse_freezeFalse_2025_12_12_23_44,spair_steps100_pretrainedFalse_freezeFalse_2025_12_12_23_44,spair,steps,100,False,False,2025_12_12_23_44,flyingthings,5000,11079.05,2.21581,5,0.04930994753527558,0.12119766650200803,0.878802333497992,0.43194517155020795,0.29943663506574203,0.700563364934258,,,,0.2729391753673553,0.0475737750530242,,-2.959062255672246,-1.9811371756639835,1.9811371756639835,-0.2739192805419079,-0.8499819922998267,0.8499819922998267,,,,-0.5893538452406742,0.3210489407764214,1.2609872469444046,0.1866257298111749,-0.2741619113081238,-0.5086470207225021,13.086919816614119,2.21581,flyingthings
snapshots/spair_synthetic_70_30_steps100_pretrainedFalse_freezeFalse_2025_12_17_03_25,spair_synthetic_70_30_steps100_pretrainedFalse_freezeFalse_2025_12_17_03_25,spair_synthetic_70_30,steps,100,False,False,2025_12_17_03_25,flyingthings,5000,207742.25,41.54845,5,0.17276058804329186,0.23116375543553885,0.7688362445644612,0.23215171013150432,0.35369370158516267,0.6463062984148373,,,,0.1362178474664688,0.0282015278935432,,-1.5661873957316026,-1.201751643517805,1.2017516435178053,-1.1962010934680352,-0.6028422487341241,0.6028422487341242,,,,0.28934488245363815,1.0050275370957162,-0.6206269135664074,0.7278886787362132,-0.9086839171141052,-1.0168012507074318,37.740062789674084,41.54845,flyingthings
snapshots/spair_synthetic_steps100_pretrainedFalse_freezeFalse_2025_12_16_15_25,spair_synthetic_steps100_pretrainedFalse_freezeFalse_2025_12_16_15_25,spair_synthetic_50_50,steps,100,False,False,2025_12_16_15_25,flyingthings,5000,237635.7,47.52714,5,0.23041522716510526,0.25223960176634524,0.7477603982336547,0.2754375575262704,0.34318796939137186,0.6568120306086281,,,,0.1104783117771148,0.035851165652275,,-1.2059680965741055,-1.0867031669961114,1.0867031669961111,-0.9672069935797729,-0.6491195621966254,0.6491195621966254,,,,0.516590164110971,1.1059925822939412,-0.15343940646797355,0.6265363232160145,-1.028140786535117,-0.8161432809349595,36.21370722810583,47.52714,flyingthings
snapshots/synthetic_large_zoom_steps100_pretrainedFalse_freezeFalse_2025_12_11_12_20,synthetic_large_zoom_steps100_pretrainedFalse_freezeFalse_2025_12_11_12_20,synthetic_large_zoom,steps,100,False,False,2025_12_11_12_20,flyingthings,5000,126923.20000000001,25.38464,3,0.20201529260535273,0.3720430639889017,0.6279569360110984,0.18399995896799728,0.2647010957717415,0.7352989042282585,,,,0.1182552427053451,0.0699124634265899,,-1.3737460330975826,-0.5234619799021061,0.5234619799021062,-1.4894788706394768,-1.0216758400648052,1.0216758400648052,,,,0.4107470165329905,1.6002857153431649,-1.218964223003431,-0.18940249216864097,-0.9920481454866589,0.0773200535096177,31.61143464300655,25.38464,flyingthings
snapshots/synthetic_large_zoom_steps100_pretrainedFalse_freezeFalse_2025_12_13_11_44,synthetic_large_zoom_steps100_pretrainedFalse_freezeFalse_2025_12_13_11_44,synthetic_large_zoom,steps,100,False,False,2025_12_13_11_44,flyingthings,5000,304625.6,60.92511999999999,5,0.20201529260535273,0.3720430639889017,0.6279569360110984,0.18399995896799728,0.2647010957717415,0.7352989042282585,,,,0.1182552427053451,0.0699124634265899,,-1.3737460330975826,-0.5234619799021061,0.5234619799021062,-1.4894788706394768,-1.0216758400648052,1.0216758400648052,,,,0.4107470165329905,1.6002857153431649,-1.218964223003431,-0.18940249216864097,-0.9920481454866589,0.0773200535096177,31.61143464300655,60.92511999999999,flyingthings
snapshots/synthetic_logsteps100_pretrainedFalse_freezeFalse_2025_12_10_12_22,synthetic_logsteps100_pretrainedFalse_freezeFalse_2025_12_10_12_22,synthetic,logsteps,100,False,False,2025_12_10_12_22,flyingthings,5000,108065.15,21.61303,3,0.30249777253740917,0.22973769517055903,0.770262304829441,0.22364680580949392,0.26415440680550395,0.735845593194496,,,,0.1074327677488327,0.0655120611190795,,-0.8354317932540869,-1.2097929101319673,1.2097929101319675,-1.2445395161058372,-1.024486498426884,1.024486498426884,,,,0.7503439546745605,0.9979706262030564,-0.7192456429583206,-0.19555814002814909,-1.042275119014662,-0.03810708448776662,26.807415050386687,21.61303,flyingthings
snapshots/synthetic_random_flipping_steps100_pretrainedFalse_freezeFalse_2025_12_13_11_45,synthetic_random_flipping_steps100_pretrainedFalse_freezeFalse_2025_12_13_11_45,synthetic_random_flipping,steps,100,False,False,2025_12_13_11_45,flyingthings,5000,94152.85,18.83057,3,0.3299784458153623,0.15130841350540658,0.8486915864945934,0.22563581972283014,0.26219558332621073,0.7378044166737893,,,,0.0879511833190918,0.071447916328907,,-0.7082825456760485,-1.724375626175741,1.724375626175741,-1.233119997697623,-1.0345880449070752,1.0345880449070752,,,,0.8305563881726227,0.5463795338708757,-0.6959478534519468,-0.21768162675547945,-1.1326889133979274,0.11759658316731468,21.316709050701007,18.83057,flyingthings
snapshots/synthetic_small_zoom_steps100_pretrainedFalse_freezeFalse_2025_12_11_08_43,synthetic_small_zoom_steps100_pretrainedFalse_freezeFalse_2025_12_11_08_43,synthetic_small_zoom,steps,100,False,False,2025_12_11_08_43,flyingthings,5000,278624.8,55.724959999999996,5,0.1420828126550647,0.43015732452243727,0.5698426754775627,0.1985866969235261,0.26020077574357386,0.7397992242564262,,,,0.1359754502773285,0.0695071220397949,,-1.7980975012586633,-0.2812093020417419,0.281209302041742,-1.3951510327649683,-1.0449252834025198,1.04492528340252,,,,0.14304378927807038,1.8128835115856092,-1.0265191449508513,-0.24032130466021212,-0.9098088794957355,0.06668752654503006,31.205853384065154,55.724959999999996,flyingthings
snapshots/synthetic_small_zoom_steps100_pretrainedFalse_freezeFalse_2025_12_13_11_43,synthetic_small_zoom_steps100_pretrainedFalse_freezeFalse_2025_12_13_11_43,synthetic_small_zoom,steps,100,False,False,2025_12_13_11_43,flyingthings,5000,157669.05,31.53381,3,0.1420828126550647,0.43015732452243727,0.5698426754775627,0.1985866969235261,0.26020077574357386,0.7397992242564262,,,,0.1359754502773285,0.0695071220397949,,-1.7980975012586633,-0.2812093020417419,0.281209302041742,-1.3951510327649683,-1.0449252834025198,1.04492528340252,,,,0.14304378927807038,1.8128835115856092,-1.0265191449508513,-0.24032130466021212,-0.9098088794957355,0.06668752654503006,31.205853384065154,31.53381,flyingthings
snapshots/synthetic_steps100_pretrainedFalse_freezeFalse_2025_12_11_06_37,synthetic_steps100_pretrainedFalse_freezeFalse_2025_12_11_06_37,synthetic,steps,100,False,False,2025_12_11_06_37,flyingthings,5000,99427.45000000001,19.88549,3,0.30249777253740917,0.22973769517055903,0.770262304829441,0.22364680580949392,0.26415440680550395,0.735845593194496,,,,0.1074327677488327,0.0655120611190795,,-0.8354317932540869,-1.2097929101319673,1.2097929101319675,-1.2445395161058372,-1.024486498426884,1.024486498426884,,,,0.7503439546745605,0.9979706262030564,-0.7192456429583206,-0.19555814002814909,-1.042275119014662,-0.03810708448776662,26.807415050386687,19.88549,flyingthings
snapshots/synthetic_steps100_pretrainedFalse_freezeFalse_2025_12_13_02_37,synthetic_steps100_pretrainedFalse_freezeFalse_2025_12_13_02_37,synthetic,steps,100,False,False,2025_12_13_02_37,flyingthings,5000,253939.5,50.7879,5,0.30249777253740917,0.22973769517055903,0.770262304829441,0.22364680580949392,0.26415440680550395,0.735845593194496,,,,0.1074327677488327,0.0655120611190795,,-0.8354317932540869,-1.2097929101319673,1.2097929101319675,-1.2445395161058372,-1.024486498426884,1.024486498426884,,,,0.7503439546745605,0.9979706262030564,-0.7192456429583206,-0.19555814002814909,-1.042275119014662,-0.03810708448776662,26.807415050386687,50.7879,flyingthings
snapshots/flyingthings_logsteps100_pretrainedFalse_freezeFalse_2025_12_10_06_22,flyingthings_logsteps100_pretrainedFalse_freezeFalse_2025_12_10_06_22,flyingthings,logsteps,100,False,False,2025_12_10_06_22,kitti2012,5000,356232.15,71.24643,5,0.40695717243439034,0.05555629512221702,0.944443704877783,0.37591873432511413,0.2106714357042166,0.7893285642957835,,,,0.3795063495635986,0.0222196206450462,,-0.376558665782417,-2.833199248874027,2.8331992488740263,-0.5069076054272054,-1.3208829224035434,1.3208829224035439,,,,1.1458716014426888,-0.6436561960491419,0.7772488940331019,-1.382771435139876,0.4131192487073937,-1.1333581970377549,18.248532587869654,71.24643,kitti2012
snapshots/flyingthings_steps100_pretrainedFalse_freezeFalse_2025_12_10_19_41,flyingthings_steps100_pretrainedFalse_freezeFalse_2025_12_10_19_41,flyingthings,steps,100,False,False,2025_12_10_19_41,kitti2012,5000,356160.25,71.23205,5,0.40695717243439034,0.05555629512221702,0.944443704877783,0.37591873432511413,0.2106714357042166,0.7893285642957835,,,,0.3795063495635986,0.0222196206450462,,-0.376558665782417,-2.833199248874027,2.8331992488740263,-0.5069076054272054,-1.3208829224035434,1.3208829224035439,,,,1.1458716014426888,-0.6436561960491419,0.7772488940331019,-1.382771435139876,0.4131192487073937,-1.1333581970377549,18.248532587869654,71.23205,kitti2012
snapshots/flyingthings_steps100_pretrainedFalse_freezeFalse_2025_12_12_11_46,flyingthings_steps100_pretrainedFalse_freezeFalse_2025_12_12_11_46,flyingthings,steps,100,False,False,2025_12_12_11_46,kitti2012,5000,345523.6,69.10472,5,0.40695717243439034,0.05555629512221702,0.944443704877783,0.37591873432511413,0.2106714357042166,0.7893285642957835,,,,0.3795063495635986,0.0222196206450462,,-0.376558665782417,-2.833199248874027,2.8331992488740263,-0.5069076054272054,-1.3208829224035434,1.3208829224035439,,,,1.1458716014426888,-0.6436561960491419,0.7772488940331019,-1.382771435139876,0.4131192487073937,-1.1333581970377549,18.248532587869654,69.10472,kitti2012
snapshots/pointodyssey_logsteps100_pretrainedFalse_freezeFalse_2025_12_10_11_40,pointodyssey_logsteps100_pretrainedFalse_freezeFalse_2025_12_10_11_40,pointodyssey,logsteps,100,False,False,2025_12_10_11_40,kitti2012,5000,336456.95,67.29139,5,0.04645995012679681,0.11872465304052665,0.8812753469594734,0.3816639411454963,0.14707171947490544,0.8529282805250946,,,,1.0156478881835938,0.053868368268013,,-3.021590773295423,-2.004563144168358,2.0045631441683582,-0.48249160802343133,-1.7577551094691022,1.7577551094691024,,,,-0.5537655392711887,0.047169015778456926,0.8270500125787457,-2.6022045002918346,3.5393806414671225,-0.3178390429909611,14.422727511172212,67.29139,kitti2012
snapshots/pointodyssey_steps100_pretrainedFalse_freezeFalse_2025_12_11_00_21,pointodyssey_steps100_pretrainedFalse_freezeFalse_2025_12_11_00_21,pointodyssey,steps,100,False,False,2025_12_11_00_21,kitti2012,5000,299172.04999999993,59.834409999999984,5,0.04645995012679681,0.11872465304052665,0.8812753469594734,0.3816639411454963,0.14707171947490544,0.8529282805250946,,,,1.0156478881835938,0.053868368268013,,-3.021590773295423,-2.004563144168358,2.0045631441683582,-0.48249160802343133,-1.7577551094691022,1.7577551094691024,,,,-0.5537655392711887,0.047169015778456926,0.8270500125787457,-2.6022045002918346,3.5393806414671225,-0.3178390429909611,14.422727511172212,59.834409999999984,kitti2012
snapshots/pointodyssey_steps100_pretrainedFalse_freezeFalse_2025_12_12_23_46,pointodyssey_steps100_pretrainedFalse_freezeFalse_2025_12_12_23_46,pointodyssey,steps,100,False,False,2025_12_12_23_46,kitti2012,5000,328431.4,65.68628000000001,5,0.04645995012679681,0.11872465304052665,0.8812753469594734,0.3816639411454963,0.14707171947490544,0.8529282805250946,,,,1.0156478881835938,0.053868368268013,,-3.021590773295423,-2.004563144168358,2.0045631441683582,-0.48249160802343133,-1.7577551094691022,1.7577551094691024,,,,-0.5537655392711887,0.047169015778456926,0.8270500125787457,-2.6022045002918346,3.5393806414671225,-0.3178390429909611,14.422727511172212,65.68628000000001,kitti2012
snapshots/sintel_logsteps100_pretrainedFalse_freezeFalse_2025_12_10_01_43,sintel_logsteps100_pretrainedFalse_freezeFalse_2025_12_10_01_43,sintel,logsteps,100,False,False,2025_12_10_01_43,kitti2012,5000,363928.55000000005,72.78571000000001,5,0.3548005013013994,0.188870355862029,0.811129644137971,0.38719408509935777,0.19648523014528918,0.8035147698547108,,,,0.3250104188919067,0.0135165369138121,,-0.5980039059331498,-1.4573670666066108,1.4573670666066105,-0.45912219143343314,-1.4084083030769141,1.4084083030769141,,,,1.00357595454849,0.5033606348089797,0.8747164284410417,-1.6270793732350606,0.14530381176704274,-1.3576176706399243,31.035032989626874,72.78571000000001,kitti2012
snapshots/sintel_steps100_pretrainedFalse_freezeFalse_2025_12_10_17_12,sintel_steps100_pretrainedFalse_freezeFalse_2025_12_10_17_12,sintel,steps,100,False,False,2025_12_10_17_12,kitti2012,5000,351642.9,70.32858,5,0.3548005013013994,0.188870355862029,0.811129644137971,0.38719408509935777,0.19648523014528918,0.8035147698547108,,,,0.3250104188919067,0.0135165369138121,,-0.5980039059331498,-1.4573670666066108,1.4573670666066105,-0.45912219143343314,-1.4084083030769141,1.4084083030769141,,,,1.00357595454849,0.5033606348089797,0.8747164284410417,-1.6270793732350606,0.14530381176704274,-1.3576176706399243,31.035032989626874,70.32858,kitti2012
snapshots/sintel_steps100_pretrainedFalse_freezeFalse_2025_12_12_11_45,sintel_steps100_pretrainedFalse_freezeFalse_2025_12_12_11_45,sintel,steps,100,False,False,2025_12_12_11_45,kitti2012,5000,356875.8,71.37516,5,0.3548005013013994,0.188870355862029,0.811129644137971,0.38719408509935777,0.19648523014528918,0.8035147698547108,,,,0.3250104188919067,0.0135165369138121,,-0.5980039059331498,-1.4573670666066108,1.4573670666066105,-0.45912219143343314,-1.4084083030769141,1.4084083030769141,,,,1.00357595454849,0.5033606348089797,0.8747164284410417,-1.6270793732350606,0.14530381176704274,-1.3576176706399243,31.035032989626874,71.37516,kitti2012
snapshots/spair_logsteps100_pretrainedFalse_freezeFalse_2025_12_10_06_41,spair_logsteps100_pretrainedFalse_freezeFalse_2025_12_10_06_41,spair,logsteps,100,False,False,2025_12_10_06_41,kitti2012,5000,20808.600000000002,4.161720000000001,5,0.11033844533360074,0.011585125619621342,0.9884148743803787,0.42765313481242195,0.17331896835905788,0.8266810316409421,,,,0.5936060547828674,0.054964892566204,,-2.08728869678298,-4.446380521824637,4.446380521824638,-0.29143278093711983,-1.5622852827034868,1.5622852827034865,,,,0.04659560771683101,-1.9885484693568127,1.2167512047752314,-2.0565932733593515,1.4652933357513622,-0.28958400494947,-11.94658724130801,4.161720000000001,kitti2012
snapshots/spair_steps100_pretrainedFalse_freezeFalse_2025_12_10_22_16,spair_steps100_pretrainedFalse_freezeFalse_2025_12_10_22_16,spair,steps,100,False,False,2025_12_10_22_16,kitti2012,5000,24668.0,4.9336,5,0.11033844533360074,0.011585125619621342,0.9884148743803787,0.42765313481242195,0.17331896835905788,0.8266810316409421,,,,0.5936060547828674,0.054964892566204,,-2.08728869678298,-4.446380521824637,4.446380521824638,-0.29143278093711983,-1.5622852827034868,1.5622852827034865,,,,0.04659560771683101,-1.9885484693568127,1.2167512047752314,-2.0565932733593515,1.4652933357513622,-0.28958400494947,-11.94658724130801,4.9336,kitti2012
snapshots/spair_steps100_pretrainedFalse_freezeFalse_2025_12_12_23_44,spair_steps100_pretrainedFalse_freezeFalse_2025_12_12_23_44,spair,steps,100,False,False,2025_12_12_23_44,kitti2012,5000,27472.25,5.49445,5,0.11033844533360074,0.011585125619621342,0.9884148743803787,0.42765313481242195,0.17331896835905788,0.8266810316409421,,,,0.5936060547828674,0.054964892566204,,-2.08728869678298,-4.446380521824637,4.446380521824638,-0.29143278093711983,-1.5622852827034868,1.5622852827034865,,,,0.04659560771683101,-1.9885484693568127,1.2167512047752314,-2.0565932733593515,1.4652933357513622,-0.28958400494947,-11.94658724130801,5.49445,kitti2012
snapshots/spair_synthetic_70_30_steps100_pretrainedFalse_freezeFalse_2025_12_17_03_25,spair_synthetic_70_30_steps100_pretrainedFalse_freezeFalse_2025_12_17_03_25,spair_synthetic_70_30,steps,100,False,False,2025_12_17_03_25,kitti2012,5000,278466.45,55.693290000000005,5,0.2616963317464847,0.02539030563907018,0.9746096943609298,0.25977569639618103,0.2310575959038936,0.7689424040961064,,,,0.3880236148834228,0.0269870143383741,,-1.0371704221460496,-3.6476696439573746,3.6476696439573746,-1.0471347007450298,-1.202349057195712,1.2023490571957118,,,,0.7213775949167827,-1.3226716046410916,-0.32464807829099956,-1.0519101011978185,0.45497659667907486,-1.0105128662174787,13.51767030891616,55.693290000000005,kitti2012
snapshots/spair_synthetic_steps100_pretrainedFalse_freezeFalse_2025_12_16_15_25,spair_synthetic_steps100_pretrainedFalse_freezeFalse_2025_12_16_15_25,spair_synthetic_50_50,steps,100,False,False,2025_12_16_15_25,kitti2012,5000,318412.75,63.68255,5,0.30771727439386476,0.0335470127077994,0.9664529872922006,0.29876790366475525,0.2168942235712415,0.7831057764287586,,,,0.4121509492397308,0.0354292653501033,,-0.8108130140644382,-3.360684835795655,3.360684835795656,-0.8531718954032186,-1.2838579923731432,1.2838579923731435,,,,0.86682968858266,-1.0834153861831193,0.07097633559348308,-1.279424448879951,0.5735482498868822,-0.7929744825393855,12.562197933699622,63.68255,kitti2012
snapshots/synthetic_large_zoom_steps100_pretrainedFalse_freezeFalse_2025_12_11_12_20,synthetic_large_zoom_steps100_pretrainedFalse_freezeFalse_2025_12_11_12_20,synthetic_large_zoom,steps,100,False,False,2025_12_11_12_20,kitti2012,5000,147357.05,29.47141,3,0.4608056459165639,0.11904885805132762,0.8809511419486724,0.1755977219986397,0.1353376462102548,0.8646623537897452,,,,0.2798783183097839,0.0687143802642822,,-0.15709972690004817,-2.0014681861955,2.0014681861955004,-1.5464629037918975,-1.854566349314325,1.8545663493143252,,,,1.286890896568314,0.049749249713540514,-1.3431239005925102,-2.8724318812990526,-0.07649390942896865,0.06471028529209778,17.507340671597674,29.47141,kitti2012
snapshots/synthetic_large_zoom_steps100_pretrainedFalse_freezeFalse_2025_12_13_11_44,synthetic_large_zoom_steps100_pretrainedFalse_freezeFalse_2025_12_13_11_44,synthetic_large_zoom,steps,100,False,False,2025_12_13_11_44,kitti2012,5000,348636.4,69.72728000000001,5,0.4608056459165639,0.11904885805132762,0.8809511419486724,0.1755977219986397,0.1353376462102548,0.8646623537897452,,,,0.2798783183097839,0.0687143802642822,,-0.15709972690004817,-2.0014681861955,2.0014681861955004,-1.5464629037918975,-1.854566349314325,1.8545663493143252,,,,1.286890896568314,0.049749249713540514,-1.3431239005925102,-2.8724318812990526,-0.07649390942896865,0.06471028529209778,17.507340671597674,69.72728000000001,kitti2012
snapshots/synthetic_logsteps100_pretrainedFalse_freezeFalse_2025_12_10_12_22,synthetic_logsteps100_pretrainedFalse_freezeFalse_2025_12_10_12_22,synthetic,logsteps,100,False,False,2025_12_10_12_22,kitti2012,5000,124711.95,24.94239,3,0.3944051355547829,0.02497130984819927,0.9750286901518007,0.2128626836913587,0.1342526283034775,0.8657473716965225,,,,0.3847016096115112,0.0641089379787445,,-0.42883257814977505,-3.6647393365695455,3.6647393365695446,-1.3077554335843773,-1.863869836532181,1.863869836532181,,,,1.1122815808536675,-1.336902427975568,-0.8562341444649195,-2.8984005290421737,0.43865089524688866,-0.053961911202259225,0.9095650729314207,24.94239,kitti2012
snapshots/synthetic_random_flipping_steps100_pretrainedFalse_freezeFalse_2025_12_13_11_45,synthetic_random_flipping_steps100_pretrainedFalse_freezeFalse_2025_12_13_11_45,synthetic_random_flipping,steps,100,False,False,2025_12_13_11_45,kitti2012,5000,112030.9,22.40618,3,0.4400901488697764,0.018588566815879184,0.9814114331841208,0.21667302990312337,0.13389966007422852,0.8661003399257715,,,,0.4162845015525818,0.0686514154076576,,-0.24079620092446838,-3.96644506905655,3.966445069056551,-1.2851607525825526,-1.8669100537756889,1.866910053775689,,,,1.233109456488763,-1.588431326331944,-0.8101479507098798,-2.9068866298783944,0.593862227557091,0.06308781835530465,-2.4374388730085075,22.40618,kitti2012
snapshots/synthetic_small_zoom_steps100_pretrainedFalse_freezeFalse_2025_12_11_08_43,synthetic_small_zoom_steps100_pretrainedFalse_freezeFalse_2025_12_11_08_43,synthetic_small_zoom,steps,100,False,False,2025_12_11_08_43,kitti2012,5000,302616.3,60.52326,5,0.4147984015395766,0.15534185856601412,0.8446581414339859,0.1894319744527396,0.13336506232447065,0.8666349376755293,,,,0.2799808979034424,0.0672902390360832,,-0.3441637778404387,-1.693303751724129,1.693303751724129,-1.453705281790262,-1.8715276267332548,1.8715276267332548,,,,1.1666878155669174,0.306662700035663,-1.1539269059777655,-2.9197755738577063,-0.07598979107814496,0.028013273975883757,19.32813642411064,60.52326,kitti2012
snapshots/synthetic_small_zoom_steps100_pretrainedFalse_freezeFalse_2025_12_13_11_43,synthetic_small_zoom_steps100_pretrainedFalse_freezeFalse_2025_12_13_11_43,synthetic_small_zoom,steps,100,False,False,2025_12_13_11_43,kitti2012,5000,172722.0,34.5444,3,0.4147984015395766,0.15534185856601412,0.8446581414339859,0.1894319744527396,0.13336506232447065,0.8666349376755293,,,,0.2799808979034424,0.0672902390360832,,-0.3441637778404387,-1.693303751724129,1.693303751724129,-1.453705281790262,-1.8715276267332548,1.8715276267332548,,,,1.1666878155669174,0.306662700035663,-1.1539269059777655,-2.9197755738577063,-0.07598979107814496,0.028013273975883757,19.32813642411064,34.5444,kitti2012
snapshots/synthetic_steps100_pretrainedFalse_freezeFalse_2025_12_11_06_37,synthetic_steps100_pretrainedFalse_freezeFalse_2025_12_11_06_37,synthetic,steps,100,False,False,2025_12_11_06_37,kitti2012,5000,122342.6,24.46852,3,0.3944051355547829,0.02497130984819927,0.9750286901518007,0.2128626836913587,0.1342526283034775,0.8657473716965225,,,,0.3847016096115112,0.0641089379787445,,-0.42883257814977505,-3.6647393365695455,3.6647393365695446,-1.3077554335843773,-1.863869836532181,1.863869836532181,,,,1.1122815808536675,-1.336902427975568,-0.8562341444649195,-2.8984005290421737,0.43865089524688866,-0.053961911202259225,0.9095650729314207,24.46852,kitti2012
snapshots/synthetic_steps100_pretrainedFalse_freezeFalse_2025_12_13_02_37,synthetic_steps100_pretrainedFalse_freezeFalse_2025_12_13_02_37,synthetic,steps,100,False,False,2025_12_13_02_37,kitti2012,5000,312750.15,62.55003000000001,5,0.3944051355547829,0.02497130984819927,0.9750286901518007,0.2128626836913587,0.1342526283034775,0.8657473716965225,,,,0.3847016096115112,0.0641089379787445,,-0.42883257814977505,-3.6647393365695455,3.6647393365695446,-1.3077554335843773,-1.863869836532181,1.863869836532181,,,,1.1122815808536675,-1.336902427975568,-0.8562341444649195,-2.8984005290421737,0.43865089524688866,-0.053961911202259225,0.9095650729314207,62.55003000000001,kitti2012
snapshots/flyingthings_logsteps100_pretrainedFalse_freezeFalse_2025_12_10_06_22,flyingthings_logsteps100_pretrainedFalse_freezeFalse_2025_12_10_06_22,flyingthings,logsteps,100,False,False,2025_12_10_06_22,middlebury,5000,209433.2,41.88664,5,0.29838550036559086,0.06671639320341378,0.9332836067965862,0.34331084808352363,0.41708274420570207,0.5829172557942979,,,,0.0860338509082794,0.0204798858612775,,-0.8549978314892076,-2.638258429756175,2.6382584297561746,-0.6485744745827918,-0.3347606184995471,0.334760618499547,,,,0.757022953802365,-0.46405148490522957,0.45422765419108,1.5171518552291279,-1.184679639806159,-1.1861261374633258,32.131292137115295,41.88664,middlebury
snapshots/flyingthings_steps100_pretrainedFalse_freezeFalse_2025_12_10_19_41,flyingthings_steps100_pretrainedFalse_freezeFalse_2025_12_10_19_41,flyingthings,steps,100,False,False,2025_12_10_19_41,middlebury,5000,209441.59999999998,41.88831999999999,5,0.29838550036559086,0.06671639320341378,0.9332836067965862,0.34331084808352363,0.41708274420570207,0.5829172557942979,,,,0.0860338509082794,0.0204798858612775,,-0.8549978314892076,-2.638258429756175,2.6382584297561746,-0.6485744745827918,-0.3347606184995471,0.334760618499547,,,,0.757022953802365,-0.46405148490522957,0.45422765419108,1.5171518552291279,-1.184679639806159,-1.1861261374633258,32.131292137115295,41.88831999999999,middlebury
snapshots/flyingthings_steps100_pretrainedFalse_freezeFalse_2025_12_12_11_46,flyingthings_steps100_pretrainedFalse_freezeFalse_2025_12_12_11_46,flyingthings,steps,100,False,False,2025_12_12_11_46,middlebury,5000,204758.95,40.95179,5,0.29838550036559086,0.06671639320341378,0.9332836067965862,0.34331084808352363,0.41708274420570207,0.5829172557942979,,,,0.0860338509082794,0.0204798858612775,,-0.8549978314892076,-2.638258429756175,2.6382584297561746,-0.6485744745827918,-0.3347606184995471,0.334760618499547,,,,0.757022953802365,-0.46405148490522957,0.45422765419108,1.5171518552291279,-1.184679639806159,-1.1861261374633258,32.131292137115295,40.95179,middlebury
snapshots/pointodyssey_logsteps100_pretrainedFalse_freezeFalse_2025_12_10_11_40,pointodyssey_logsteps100_pretrainedFalse_freezeFalse_2025_12_10_11_40,pointodyssey,logsteps,100,False,False,2025_12_10_11_40,middlebury,5000,210366.74999999997,42.07334999999999,5,0.018953212297502166,0.23519000750179145,0.7648099924982086,0.36770262317897073,0.35509226882697453,0.6449077311730255,,,,0.5650716423988342,0.0374895259737968,,-3.946646720771826,-1.1792336971462953,1.1792336971462956,-0.5420852941243304,-0.5967295862251187,0.5967295862251186,,,,-1.1897090778942807,0.7506465247095526,0.6706896869659359,0.905212523893465,1.0647037305265308,-0.7485069612280761,34.369817448195796,42.07334999999999,middlebury
snapshots/pointodyssey_steps100_pretrainedFalse_freezeFalse_2025_12_11_00_21,pointodyssey_steps100_pretrainedFalse_freezeFalse_2025_12_11_00_21,pointodyssey,steps,100,False,False,2025_12_11_00_21,middlebury,5000,209022.35,41.80447,5,0.018953212297502166,0.23519000750179145,0.7648099924982086,0.36770262317897073,0.35509226882697453,0.6449077311730255,,,,0.5650716423988342,0.0374895259737968,,-3.946646720771826,-1.1792336971462953,1.1792336971462956,-0.5420852941243304,-0.5967295862251187,0.5967295862251186,,,,-1.1897090778942807,0.7506465247095526,0.6706896869659359,0.905212523893465,1.0647037305265308,-0.7485069612280761,34.369817448195796,41.80447,middlebury
snapshots/pointodyssey_steps100_pretrainedFalse_freezeFalse_2025_12_12_23_46,pointodyssey_steps100_pretrainedFalse_freezeFalse_2025_12_12_23_46,pointodyssey,steps,100,False,False,2025_12_12_23_46,middlebury,5000,207275.25,41.45505,5,0.018953212297502166,0.23519000750179145,0.7648099924982086,0.36770262317897073,0.35509226882697453,0.6449077311730255,,,,0.5650716423988342,0.0374895259737968,,-3.946646720771826,-1.1792336971462953,1.1792336971462956,-0.5420852941243304,-0.5967295862251187,0.5967295862251186,,,,-1.1897090778942807,0.7506465247095526,0.6706896869659359,0.905212523893465,1.0647037305265308,-0.7485069612280761,34.369817448195796,41.45505,middlebury
snapshots/sintel_logsteps100_pretrainedFalse_freezeFalse_2025_12_10_01_43,sintel_logsteps100_pretrainedFalse_freezeFalse_2025_12_10_01_43,sintel,logsteps,100,False,False,2025_12_10_01_43,middlebury,5000,208538.30000000002,41.707660000000004,5,0.11823366064867638,0.17187568083169086,0.8281243191683092,0.33184669997834976,0.38874618593677057,0.6112538140632294,,,,0.0531929060816764,0.0288142971694469,,-2.009264258046278,-1.5723918574223126,1.572391857422313,-0.6998445230326505,-0.45258562819566817,0.45258562819566805,,,,0.030210981886603823,0.4233262099285818,0.35001031624048135,1.241921707650758,-1.3388885069794931,-0.9717007770818097,33.876809208868934,41.707660000000004,middlebury
snapshots/sintel_steps100_pretrainedFalse_freezeFalse_2025_12_10_17_12,sintel_steps100_pretrainedFalse_freezeFalse_2025_12_10_17_12,sintel,steps,100,False,False,2025_12_10_17_12,middlebury,5000,200376.09999999998,40.075219999999995,5,0.11823366064867638,0.17187568083169086,0.8281243191683092,0.33184669997834976,0.38874618593677057,0.6112538140632294,,,,0.0531929060816764,0.0288142971694469,,-2.009264258046278,-1.5723918574223126,1.572391857422313,-0.6998445230326505,-0.45258562819566817,0.45258562819566805,,,,0.030210981886603823,0.4233262099285818,0.35001031624048135,1.241921707650758,-1.3388885069794931,-0.9717007770818097,33.876809208868934,40.075219999999995,middlebury
snapshots/sintel_steps100_pretrainedFalse_freezeFalse_2025_12_12_11_45,sintel_steps100_pretrainedFalse_freezeFalse_2025_12_12_11_45,sintel,steps,100,False,False,2025_12_12_11_45,middlebury,5000,201216.9,40.24338,5,0.11823366064867638,0.17187568083169086,0.8281243191683092,0.33184669997834976,0.38874618593677057,0.6112538140632294,,,,0.0531929060816764,0.0288142971694469,,-2.009264258046278,-1.5723918574223126,1.572391857422313,-0.6998445230326505,-0.45258562819566817,0.45258562819566805,,,,0.030210981886603823,0.4233262099285818,0.35001031624048135,1.241921707650758,-1.3388885069794931,-0.9717007770818097,33.876809208868934,40.24338,middlebury
snapshots/spair_logsteps100_pretrainedFalse_freezeFalse_2025_12_10_06_41,spair_logsteps100_pretrainedFalse_freezeFalse_2025_12_10_06_41,spair,logsteps,100,False,False,2025_12_10_06_41,middlebury,5000,8700.55,1.7401099999999998,5,0.05346264804107831,0.010323181094407358,0.9896768189055927,0.41510762158036985,0.3930738229145934,0.6069261770854066,,,,0.3155189752578735,0.0458586290478706,,-2.873827190500029,-4.5629864861461655,4.562986486146168,-0.34289004607407897,-0.43440972556903107,0.4344097255690311,,,,-0.5141821281653717,-2.066466637227246,1.0755966279942624,1.284379216249326,-0.10710281471993983,-0.5331890609740644,-3.6158370560007,1.7401099999999998,middlebury
snapshots/spair_steps100_pretrainedFalse_freezeFalse_2025_12_10_22_16,spair_steps100_pretrainedFalse_freezeFalse_2025_12_10_22_16,spair,steps,100,False,False,2025_12_10_22_16,middlebury,5000,10472.4,2.09448,5,0.05346264804107831,0.010323181094407358,0.9896768189055927,0.41510762158036985,0.3930738229145934,0.6069261770854066,,,,0.3155189752578735,0.0458586290478706,,-2.873827190500029,-4.5629864861461655,4.562986486146168,-0.34289004607407897,-0.43440972556903107,0.4344097255690311,,,,-0.5141821281653717,-2.066466637227246,1.0755966279942624,1.284379216249326,-0.10710281471993983,-0.5331890609740644,-3.6158370560007,2.09448,middlebury
snapshots/spair_steps100_pretrainedFalse_freezeFalse_2025_12_12_23_44,spair_steps100_pretrainedFalse_freezeFalse_2025_12_12_23_44,spair,steps,100,False,False,2025_12_12_23_44,middlebury,5000,10583.55,2.11671,5,0.05346264804107831,0.010323181094407358,0.9896768189055927,0.41510762158036985,0.3930738229145934,0.6069261770854066,,,,0.3155189752578735,0.0458586290478706,,-2.873827190500029,-4.5629864861461655,4.562986486146168,-0.34289004607407897,-0.43440972556903107,0.4344097255690311,,,,-0.5141821281653717,-2.066466637227246,1.0755966279942624,1.284379216249326,-0.10710281471993983,-0.5331890609740644,-3.6158370560007,2.11671,middlebury
snapshots/spair_synthetic_70_30_steps100_pretrainedFalse_freezeFalse_2025_12_17_03_25,spair_synthetic_70_30_steps100_pretrainedFalse_freezeFalse_2025_12_17_03_25,spair_synthetic_70_30,steps,100,False,False,2025_12_17_03_25,middlebury,5000,137988.0,27.5976,5,0.1999671234740537,0.029940312414094915,0.9700596875859051,0.21573767187304554,0.4317521702636955,0.5682478297363045,,,,0.120305985212326,0.0279408656060695,,-1.386499852074957,-3.478151789588481,3.4781517895884817,-1.290680379052391,-0.27470589983790017,0.27470589983790017,,,,0.4223497598402083,-1.1632971999878154,-0.8509899157050814,1.6574350525117056,-1.0237504389398617,-0.9941721755790512,27.210650246562047,27.5976,middlebury
snapshots/spair_synthetic_steps100_pretrainedFalse_freezeFalse_2025_12_16_15_25,spair_synthetic_steps100_pretrainedFalse_freezeFalse_2025_12_16_15_25,spair_synthetic_50_50,steps,100,False,False,2025_12_16_15_25,middlebury,5000,156926.0,31.3852,5,0.26969706120447506,0.03634674041779431,0.9636532595822057,0.2566748316278735,0.4255898253393061,0.5744101746606939,,,,0.1236079633235931,0.0342331901192665,,-0.9961600991603395,-3.277627012855748,3.2776270128557483,-1.0633235542621695,-0.29986770000881124,0.2998677000088112,,,,0.6681366934333572,-0.9963520881390309,-0.38883854739283114,1.5986590253147794,-1.008245577351435,-0.8322850426441559,26.815741800553546,31.3852,middlebury
snapshots/synthetic_large_zoom_steps100_pretrainedFalse_freezeFalse_2025_12_11_12_20,synthetic_large_zoom_steps100_pretrainedFalse_freezeFalse_2025_12_11_12_20,synthetic_large_zoom,steps,100,False,False,2025_12_11_12_20,middlebury,5000,81788.75,16.35775,3,0.26850162792678267,0.10338996132354866,0.8966100386764513,0.16702781484821438,0.34864473684073227,0.6513552631592677,,,,0.0393068566918373,0.0650183260440826,,-1.0022380180213246,-2.160113156525615,2.1601131565256146,-1.6068398959098382,-0.6250017547682749,0.6250017547682749,,,,0.6643095837723122,-0.06597590831034346,-1.4936517467516126,0.8391709157445493,-1.40409223230549,-0.04025383360096587,29.248663351578283,16.35775,middlebury
snapshots/synthetic_large_zoom_steps100_pretrainedFalse_freezeFalse_2025_12_13_11_44,synthetic_large_zoom_steps100_pretrainedFalse_freezeFalse_2025_12_13_11_44,synthetic_large_zoom,steps,100,False,False,2025_12_13_11_44,middlebury,5000,194938.5,38.9877,5,0.26850162792678267,0.10338996132354866,0.8966100386764513,0.16702781484821438,0.34864473684073227,0.6513552631592677,,,,0.0393068566918373,0.0650183260440826,,-1.0022380180213246,-2.160113156525615,2.1601131565256146,-1.6068398959098382,-0.6250017547682749,0.6250017547682749,,,,0.6643095837723122,-0.06597590831034346,-1.4936517467516126,0.8391709157445493,-1.40409223230549,-0.04025383360096587,29.248663351578283,38.9877,middlebury
snapshots/synthetic_logsteps100_pretrainedFalse_freezeFalse_2025_12_10_12_22,synthetic_logsteps100_pretrainedFalse_freezeFalse_2025_12_10_12_22,synthetic,logsteps,100,False,False,2025_12_10_12_22,middlebury,5000,68361.59999999999,13.67232,3,0.35503550890400376,0.0305194343031971,0.9694805656968029,0.20130866036082515,0.3462849219668558,0.6537150780331442,,,,0.0808207094669342,0.0616263709962368,,-0.5969774531610359,-3.458396757822236,3.4583967578222348,-1.3781352089131305,-0.6354096859480465,0.6354096859480466,,,,0.9194917700586932,-1.1468503247361466,-1.028760560254451,0.8148587901442035,-1.2091586138530017,-0.12752108699645362,16.71176422503692,13.67232,middlebury
snapshots/synthetic_random_flipping_steps100_pretrainedFalse_freezeFalse_2025_12_13_11_45,synthetic_random_flipping_steps100_pretrainedFalse_freezeFalse_2025_12_13_11_45,synthetic_random_flipping,steps,100,False,False,2025_12_13_11_45,middlebury,5000,60716.45,12.143289999999999,3,0.38835881975121445,0.023723195984126293,0.9762768040158737,0.20500753794824356,0.3455851483234298,0.6544148516765702,,,,0.1243077963590622,0.0669085681438446,,-0.45421609834550447,-3.7172928538740186,3.7172928538740178,-1.355285883971849,-0.6385024177304687,0.6385024177304687,,,,1.0093849345998624,-1.3623919571309586,-0.9823144208154088,0.8076344069076419,-1.0049594216034814,0.008377776774741191,13.944314102686564,12.143289999999999,middlebury
snapshots/synthetic_small_zoom_steps100_pretrainedFalse_freezeFalse_2025_12_11_08_43,synthetic_small_zoom_steps100_pretrainedFalse_freezeFalse_2025_12_11_08_43,synthetic_small_zoom,steps,100,False,False,2025_12_11_08_43,middlebury,5000,180360.4,36.07208,5,0.20296123899860977,0.14689366865302028,0.8531063313469798,0.18052723142310426,0.34615402132386314,0.6538459786761368,,,,0.0393171161413192,0.0643457248806953,,-1.3678882913187747,-1.759175212919822,1.7591752129198222,-1.5127795353137263,-0.6359879927662881,0.635987992766288,,,,0.434068982423836,0.2678213955954169,-1.3024539483413562,0.8135079099589123,-1.4040440577450206,-0.05755832476652439,30.832591605292798,36.07208,middlebury
snapshots/synthetic_small_zoom_steps100_pretrainedFalse_freezeFalse_2025_12_13_11_43,synthetic_small_zoom_steps100_pretrainedFalse_freezeFalse_2025_12_13_11_43,synthetic_small_zoom,steps,100,False,False,2025_12_13_11_43,middlebury,5000,103180.6,20.636120000000002,3,0.20296123899860977,0.14689366865302028,0.8531063313469798,0.18052723142310426,0.34615402132386314,0.6538459786761368,,,,0.0393171161413192,0.0643457248806953,,-1.3678882913187747,-1.759175212919822,1.7591752129198222,-1.5127795353137263,-0.6359879927662881,0.635987992766288,,,,0.434068982423836,0.2678213955954169,-1.3024539483413562,0.8135079099589123,-1.4040440577450206,-0.05755832476652439,30.832591605292798,20.636120000000002,middlebury
snapshots/synthetic_steps100_pretrainedFalse_freezeFalse_2025_12_11_06_37,synthetic_steps100_pretrainedFalse_freezeFalse_2025_12_11_06_37,synthetic,steps,100,False,False,2025_12_11_06_37,middlebury,5000,64881.850000000006,12.976370000000001,3,0.35503550890400376,0.0305194343031971,0.9694805656968029,0.20130866036082515,0.3462849219668558,0.6537150780331442,,,,0.0808207094669342,0.0616263709962368,,-0.5969774531610359,-3.458396757822236,3.4583967578222348,-1.3781352089131305,-0.6354096859480465,0.6354096859480466,,,,0.9194917700586932,-1.1468503247361466,-1.028760560254451,0.8148587901442035,-1.2091586138530017,-0.12752108699645362,16.71176422503692,12.976370000000001,middlebury
snapshots/synthetic_steps100_pretrainedFalse_freezeFalse_2025_12_13_02_37,synthetic_steps100_pretrainedFalse_freezeFalse_2025_12_13_02_37,synthetic,steps,100,False,False,2025_12_13_02_37,middlebury,5000,163336.80000000002,32.66736,5,0.35503550890400376,0.0305194343031971,0.9694805656968029,0.20130866036082515,0.3462849219668558,0.6537150780331442,,,,0.0808207094669342,0.0616263709962368,,-0.5969774531610359,-3.458396757822236,3.4583967578222348,-1.3781352089131305,-0.6354096859480465,0.6354096859480466,,,,0.9194917700586932,-1.1468503247361466,-1.028760560254451,0.8148587901442035,-1.2091586138530017,-0.12752108699645362,16.71176422503692,32.66736,middlebury
snapshots/flyingthings_logsteps100_pretrainedFalse_freezeFalse_2025_12_10_06_22,flyingthings_logsteps100_pretrainedFalse_freezeFalse_2025_12_10_06_22,flyingthings,logsteps,100,False,False,2025_12_10_06_22,pfpascal,5000,56400.1,11.28002,5,0.24287120836394,0.17258085962646133,0.8274191403735387,0.359136189177216,0.2024012012866136,0.7975987987133863,,,,0.203537255525589,0.0530802756547927,,-1.1370020771233191,-1.567445508816546,1.5674455088165462,-0.5791152971418884,-1.3713538399136087,1.3713538399136085,,,,0.5432205597385269,0.5231606788628795,0.6544141070915502,-1.336926022568387,-0.526756307145313,-0.27857817984322325,21.009326571414316,11.28002,pfpascal
snapshots/flyingthings_steps100_pretrainedFalse_freezeFalse_2025_12_10_19_41,flyingthings_steps100_pretrainedFalse_freezeFalse_2025_12_10_19_41,flyingthings,steps,100,False,False,2025_12_10_19_41,pfpascal,5000,61360.0,12.272,5,0.24287120836394,0.17258085962646133,0.8274191403735387,0.359136189177216,0.2024012012866136,0.7975987987133863,,,,0.203537255525589,0.0530802756547927,,-1.1370020771233191,-1.567445508816546,1.5674455088165462,-0.5791152971418884,-1.3713538399136087,1.3713538399136085,,,,0.5432205597385269,0.5231606788628795,0.6544141070915502,-1.336926022568387,-0.526756307145313,-0.27857817984322325,21.009326571414316,12.272,pfpascal
snapshots/flyingthings_steps100_pretrainedFalse_freezeFalse_2025_12_12_11_46,flyingthings_steps100_pretrainedFalse_freezeFalse_2025_12_12_11_46,flyingthings,steps,100,False,False,2025_12_12_11_46,pfpascal,5000,56690.75,11.33815,5,0.24287120836394,0.17258085962646133,0.8274191403735387,0.359136189177216,0.2024012012866136,0.7975987987133863,,,,0.203537255525589,0.0530802756547927,,-1.1370020771233191,-1.567445508816546,1.5674455088165462,-0.5791152971418884,-1.3713538399136087,1.3713538399136085,,,,0.5432205597385269,0.5231606788628795,0.6544141070915502,-1.336926022568387,-0.526756307145313,-0.27857817984322325,21.009326571414316,11.33815,pfpascal
snapshots/pointodyssey_logsteps100_pretrainedFalse_freezeFalse_2025_12_10_11_40,pointodyssey_logsteps100_pretrainedFalse_freezeFalse_2025_12_10_11_40,pointodyssey,logsteps,100,False,False,2025_12_10_11_40,pfpascal,5000,29246.65,5.84933,5,0.0038986585003528812,0.2381245539543177,0.7618754460456822,0.41915466822997605,0.17621831318750086,0.8237816868124992,,,,0.8396538496017456,0.0300277210772037,,-5.543216481207803,-1.1629892129717019,1.1629892129717017,-0.32624452263797765,-1.5421819094210212,1.5421819094210214,,,,-2.305037508541268,0.8436740660541199,1.1690299281358711,-1.7691792570744815,2.420212475978809,-0.8712027944411038,22.590763963475425,5.84933,pfpascal
snapshots/pointodyssey_steps100_pretrainedFalse_freezeFalse_2025_12_11_00_21,pointodyssey_steps100_pretrainedFalse_freezeFalse_2025_12_11_00_21,pointodyssey,steps,100,False,False,2025_12_11_00_21,pfpascal,5000,33090.5,6.6181,5,0.0038986585003528812,0.2381245539543177,0.7618754460456822,0.41915466822997605,0.17621831318750086,0.8237816868124992,,,,0.8396538496017456,0.0300277210772037,,-5.543216481207803,-1.1629892129717019,1.1629892129717017,-0.32624452263797765,-1.5421819094210212,1.5421819094210214,,,,-2.305037508541268,0.8436740660541199,1.1690299281358711,-1.7691792570744815,2.420212475978809,-0.8712027944411038,22.590763963475425,6.6181,pfpascal
snapshots/pointodyssey_steps100_pretrainedFalse_freezeFalse_2025_12_12_23_46,pointodyssey_steps100_pretrainedFalse_freezeFalse_2025_12_12_23_46,pointodyssey,steps,100,False,False,2025_12_12_23_46,pfpascal,5000,31813.549999999996,6.362709999999999,5,0.0038986585003528812,0.2381245539543177,0.7618754460456822,0.41915466822997605,0.17621831318750086,0.8237816868124992,,,,0.8396538496017456,0.0300277210772037,,-5.543216481207803,-1.1629892129717019,1.1629892129717017,-0.32624452263797765,-1.5421819094210212,1.5421819094210214,,,,-2.305037508541268,0.8436740660541199,1.1690299281358711,-1.7691792570744815,2.420212475978809,-0.8712027944411038,22.590763963475425,6.362709999999999,pfpascal
snapshots/sintel_logsteps100_pretrainedFalse_freezeFalse_2025_12_10_01_43,sintel_logsteps100_pretrainedFalse_freezeFalse_2025_12_10_01_43,sintel,logsteps,100,False,False,2025_12_10_01_43,pfpascal,5000,50209.34999999999,10.041869999999998,5,0.05405219470489297,0.21534054772340172,0.7846594522765983,0.37423417313126783,0.18774258286105036,0.8122574171389496,,,,0.2253512740135193,0.0534295104444026,,-2.8622372450763245,-1.2930290869871848,1.2930290869871848,-0.5140944897877366,-1.4647455216402838,1.4647455216402836,,,,-0.5720031983807062,0.7406233262861487,0.7867375684609618,-1.5732388054659738,-0.42569742561780677,-0.2696002103127686,14.009135325355818,10.041869999999998,pfpascal
snapshots/sintel_steps100_pretrainedFalse_freezeFalse_2025_12_10_17_12,sintel_steps100_pretrainedFalse_freezeFalse_2025_12_10_17_12,sintel,steps,100,False,False,2025_12_10_17_12,pfpascal,5000,49278.45,9.85569,5,0.05405219470489297,0.21534054772340172,0.7846594522765983,0.37423417313126783,0.18774258286105036,0.8122574171389496,,,,0.2253512740135193,0.0534295104444026,,-2.8622372450763245,-1.2930290869871848,1.2930290869871848,-0.5140944897877366,-1.4647455216402838,1.4647455216402836,,,,-0.5720031983807062,0.7406233262861487,0.7867375684609618,-1.5732388054659738,-0.42569742561780677,-0.2696002103127686,14.009135325355818,9.85569,pfpascal
snapshots/sintel_steps100_pretrainedFalse_freezeFalse_2025_12_12_11_45,sintel_steps100_pretrainedFalse_freezeFalse_2025_12_12_11_45,sintel,steps,100,False,False,2025_12_12_11_45,pfpascal,5000,51481.1,10.29622,5,0.05405219470489297,0.21534054772340172,0.7846594522765983,0.37423417313126783,0.18774258286105036,0.8122574171389496,,,,0.2253512740135193,0.0534295104444026,,-2.8622372450763245,-1.2930290869871848,1.2930290869871848,-0.5140944897877366,-1.4647455216402838,1.4647455216402836,,,,-0.5720031983807062,0.7406233262861487,0.7867375684609618,-1.5732388054659738,-0.42569742561780677,-0.2696002103127686,14.009135325355818,10.29622,pfpascal
snapshots/spair_logsteps100_pretrainedFalse_freezeFalse_2025_12_10_06_41,spair_logsteps100_pretrainedFalse_freezeFalse_2025_12_10_06_41,spair,logsteps,100,False,False,2025_12_10_06_41,pfpascal,5000,8675.55,1.73511,5,0.06623230969278054,0.08200525268390527,0.9179947473160948,0.4686413844176667,0.21208215724649174,0.7879178427535083,,,,0.3852902948856354,0.0381798967719078,,-2.646059276006361,-2.415408366392749,2.415408366392749,-0.12559931500920307,-1.312420090175687,1.312420090175687,,,,-0.43226178134546345,-0.14881167139167711,1.577361806207029,-1.1878035509555822,0.3152599807804528,-0.6616303601606551,10.06915849252209,1.73511,pfpascal
snapshots/spair_steps100_pretrainedFalse_freezeFalse_2025_12_10_22_16,spair_steps100_pretrainedFalse_freezeFalse_2025_12_10_22_16,spair,steps,100,False,False,2025_12_10_22_16,pfpascal,5000,10532.4,2.10648,5,0.06623230969278054,0.08200525268390527,0.9179947473160948,0.4686413844176667,0.21208215724649174,0.7879178427535083,,,,0.3852902948856354,0.0381798967719078,,-2.646059276006361,-2.415408366392749,2.415408366392749,-0.12559931500920307,-1.312420090175687,1.312420090175687,,,,-0.43226178134546345,-0.14881167139167711,1.577361806207029,-1.1878035509555822,0.3152599807804528,-0.6616303601606551,10.06915849252209,2.10648,pfpascal
snapshots/spair_steps100_pretrainedFalse_freezeFalse_2025_12_12_23_44,spair_steps100_pretrainedFalse_freezeFalse_2025_12_12_23_44,spair,steps,100,False,False,2025_12_12_23_44,pfpascal,5000,9908.5,1.9817,5,0.06623230969278054,0.08200525268390527,0.9179947473160948,0.4686413844176667,0.21208215724649174,0.7879178427535083,,,,0.3852902948856354,0.0381798967719078,,-2.646059276006361,-2.415408366392749,2.415408366392749,-0.12559931500920307,-1.312420090175687,1.312420090175687,,,,-0.43226178134546345,-0.14881167139167711,1.577361806207029,-1.1878035509555822,0.3152599807804528,-0.6616303601606551,10.06915849252209,1.9817,pfpascal
snapshots/spair_synthetic_70_30_steps100_pretrainedFalse_freezeFalse_2025_12_17_03_25,spair_synthetic_70_30_steps100_pretrainedFalse_freezeFalse_2025_12_17_03_25,spair_synthetic_70_30,steps,100,False,False,2025_12_17_03_25,pfpascal,5000,46338.0,9.2676,5,0.17357905595125514,0.14071527173318715,0.8592847282668128,0.2797860057141694,0.25818411350221293,0.7418158864977871,,,,0.2742330431938171,0.0369174256920814,,-1.5604711116965873,-1.8093618325329903,1.8093618325329899,-0.9455233364734663,-1.0554281323302555,1.0554281323302555,,,,0.2694823836588774,0.3314528945415921,-0.09126073163894817,-0.5375263140760682,-0.199240437732705,-0.6940853939229626,32.366341561956375,9.2676,pfpascal
snapshots/spair_synthetic_steps100_pretrainedFalse_freezeFalse_2025_12_16_15_25,spair_synthetic_steps100_pretrainedFalse_freezeFalse_2025_12_16_15_25,spair_synthetic_50_50,steps,100,False,False,2025_12_16_15_25,pfpascal,5000,51177.700000000004,10.23554,5,0.22222655431921018,0.145657701618237,0.854342298381763,0.3223116150894453,0.2455761239067268,0.7544238760932732,,,,0.2536724805831909,0.0515388920903205,,-1.2527379043944402,-1.7690725716812055,1.7690725716812055,-0.743168746708722,-1.1223474037508632,1.1223474037508636,,,,0.46840679136891883,0.3633803180869799,0.32054989993034044,-0.7068548770327187,-0.2944923722699295,-0.3182033692237914,26.00528620866824,10.23554,pfpascal
snapshots/synthetic_large_zoom_steps100_pretrainedFalse_freezeFalse_2025_12_11_12_20,synthetic_large_zoom_steps100_pretrainedFalse_freezeFalse_2025_12_11_12_20,synthetic_large_zoom,steps,100,False,False,2025_12_11_12_20,pfpascal,5000,13303.599999999999,2.6607199999999995,3,0.1507173027974378,0.20220779037250158,0.7977922096274984,0.1997424989996467,0.15839635146503325,0.8416036485349667,,,,0.1723425090312957,0.1000214964151382,,-1.7289861923526948,-1.3725523407066518,1.3725523407066518,-1.3879045201277234,-1.6702087317757626,1.6702087317757623,,,,0.16055113472540494,0.6776047315159675,-0.9915480680755805,-2.0931307495074796,-0.6712737509162374,0.9281654271710774,9.56822012865099,2.6607199999999995,pfpascal
snapshots/synthetic_large_zoom_steps100_pretrainedFalse_freezeFalse_2025_12_13_11_44,synthetic_large_zoom_steps100_pretrainedFalse_freezeFalse_2025_12_13_11_44,synthetic_large_zoom,steps,100,False,False,2025_12_13_11_44,pfpascal,5000,66945.05,13.38901,5,0.1507173027974378,0.20220779037250158,0.7977922096274984,0.1997424989996467,0.15839635146503325,0.8416036485349667,,,,0.1723425090312957,0.1000214964151382,,-1.7289861923526948,-1.3725523407066518,1.3725523407066518,-1.3879045201277234,-1.6702087317757626,1.6702087317757623,,,,0.16055113472540494,0.6776047315159675,-0.9915480680755805,-2.0931307495074796,-0.6712737509162374,0.9281654271710774,9.56822012865099,13.38901,pfpascal
snapshots/synthetic_logsteps100_pretrainedFalse_freezeFalse_2025_12_10_12_22,synthetic_logsteps100_pretrainedFalse_freezeFalse_2025_12_10_12_22,synthetic,logsteps,100,False,False,2025_12_10_12_22,pfpascal,5000,10291.75,2.05835,3,0.30500847133349196,0.13877235572367702,0.8612276442763229,0.23735163439225532,0.15535490073168357,0.8446450992683164,,,,0.1981388181447982,0.0921831429004669,,-0.8235601054358476,-1.82552400271153,1.8255240027115298,-1.1672543364257024,-1.6932043565347479,1.6932043565347479,,,,0.7458352177925681,0.3186451030409939,-0.5425041812438118,-2.1513175171167016,-0.5517659147974223,0.7266605911200679,9.221363404263345,2.05835,pfpascal
snapshots/synthetic_random_flipping_steps100_pretrainedFalse_freezeFalse_2025_12_13_11_45,synthetic_random_flipping_steps100_pretrainedFalse_freezeFalse_2025_12_13_11_45,synthetic_random_flipping,steps,100,False,False,2025_12_13_11_45,pfpascal,5000,8706.350000000002,1.7412700000000005,3,0.32983345437240386,0.09223386065988523,0.9077661393401147,0.2388604088579183,0.15362945263133676,0.8463705473686632,,,,0.2623971402645111,0.1000061184167862,,-0.7089384137139574,-2.286659474216929,2.2866594742169286,-1.1589374542946957,-1.7064137117322562,1.7064137117322562,,,,0.8199287884422666,-0.04678397655212891,-0.5255785434955451,-2.1847416875491557,-0.2540732101797262,0.9277700965661341,3.9289284394243467,1.7412700000000005,pfpascal
snapshots/synthetic_small_zoom_steps100_pretrainedFalse_freezeFalse_2025_12_11_08_43,synthetic_small_zoom_steps100_pretrainedFalse_freezeFalse_2025_12_11_08_43,synthetic_small_zoom,steps,100,False,False,2025_12_11_08_43,pfpascal,5000,24819.65,4.96393,5,0.08673073811450145,0.21911677143306207,0.7808832285669379,0.21322635876619334,0.14974398795440622,0.8502560120455938,,,,0.1920190453529358,0.0960041508078575,,-2.3542224018863025,-1.270820832776909,1.270820832776909,-1.3055862660883102,-1.7366104058037888,1.7366104058037886,,,,-0.2436130559081631,0.7582223669085011,-0.8240226750263633,-2.2611496146623553,-0.5801172886577806,0.8248893288884283,7.415360136387873,4.96393,pfpascal
snapshots/synthetic_small_zoom_steps100_pretrainedFalse_freezeFalse_2025_12_13_11_43,synthetic_small_zoom_steps100_pretrainedFalse_freezeFalse_2025_12_13_11_43,synthetic_small_zoom,steps,100,False,False,2025_12_13_11_43,pfpascal,5000,33015.25,6.60305,3,0.08673073811450145,0.21911677143306207,0.7808832285669379,0.21322635876619334,0.14974398795440622,0.8502560120455938,,,,0.1920190453529358,0.0960041508078575,,-2.3542224018863025,-1.270820832776909,1.270820832776909,-1.3055862660883102,-1.7366104058037888,1.7366104058037886,,,,-0.2436130559081631,0.7582223669085011,-0.8240226750263633,-2.2611496146623553,-0.5801172886577806,0.8248893288884283,7.415360136387873,6.60305,pfpascal
snapshots/synthetic_steps100_pretrainedFalse_freezeFalse_2025_12_11_06_37,synthetic_steps100_pretrainedFalse_freezeFalse_2025_12_11_06_37,synthetic,steps,100,False,False,2025_12_11_06_37,pfpascal,5000,9964.849999999999,1.9929699999999997,3,0.30500847133349196,0.13877235572367702,0.8612276442763229,0.23735163439225532,0.15535490073168357,0.8446450992683164,,,,0.1981388181447982,0.0921831429004669,,-0.8235601054358476,-1.82552400271153,1.8255240027115298,-1.1672543364257024,-1.6932043565347479,1.6932043565347479,,,,0.7458352177925681,0.3186451030409939,-0.5425041812438118,-2.1513175171167016,-0.5517659147974223,0.7266605911200679,9.221363404263345,1.9929699999999997,pfpascal
snapshots/synthetic_steps100_pretrainedFalse_freezeFalse_2025_12_13_02_37,synthetic_steps100_pretrainedFalse_freezeFalse_2025_12_13_02_37,synthetic,steps,100,False,False,2025_12_13_02_37,pfpascal,5000,53181.149999999994,10.63623,5,0.30500847133349196,0.13877235572367702,0.8612276442763229,0.23735163439225532,0.15535490073168357,0.8446450992683164,,,,0.1981388181447982,0.0921831429004669,,-0.8235601054358476,-1.82552400271153,1.8255240027115298,-1.1672543364257024,-1.6932043565347479,1.6932043565347479,,,,0.7458352177925681,0.3186451030409939,-0.5425041812438118,-2.1513175171167016,-0.5517659147974223,0.7266605911200679,9.221363404263345,10.63623,pfpascal
snapshots/flyingthings_logsteps100_pretrainedFalse_freezeFalse_2025_12_10_06_22,flyingthings_logsteps100_pretrainedFalse_freezeFalse_2025_12_10_06_22,flyingthings,logsteps,100,False,False,2025_12_10_06_22,pfwillow,5000,62861.049999999996,12.572209999999998,5,0.18840606858816797,0.09377621517890769,0.9062237848210923,0.3231465107329058,0.36291376886619464,0.6370862311338054,,,,0.3096532523632049,0.1238195747137069,,-1.4604005577962051,-2.2683750243197687,2.268375024319769,-0.7393490237936415,-0.5627397623948225,0.5627397623948226,,,,0.3185151574988948,-0.08788805405692472,0.2808210674183319,0.8869961092292511,0.02591604386779439,2.361590166127653,1.433928712228191,12.572209999999998,pfwillow
snapshots/flyingthings_steps100_pretrainedFalse_freezeFalse_2025_12_10_19_41,flyingthings_steps100_pretrainedFalse_freezeFalse_2025_12_10_19_41,flyingthings,steps,100,False,False,2025_12_10_19_41,pfwillow,5000,68583.35,13.71667,5,0.18840606858816797,0.09377621517890769,0.9062237848210923,0.3231465107329058,0.36291376886619464,0.6370862311338054,,,,0.3096532523632049,0.1238195747137069,,-1.4604005577962051,-2.2683750243197687,2.268375024319769,-0.7393490237936415,-0.5627397623948225,0.5627397623948226,,,,0.3185151574988948,-0.08788805405692472,0.2808210674183319,0.8869961092292511,0.02591604386779439,2.361590166127653,1.433928712228191,13.71667,pfwillow
snapshots/flyingthings_steps100_pretrainedFalse_freezeFalse_2025_12_12_11_46,flyingthings_steps100_pretrainedFalse_freezeFalse_2025_12_12_11_46,flyingthings,steps,100,False,False,2025_12_12_11_46,pfwillow,5000,66288.95,13.25779,5,0.18840606858816797,0.09377621517890769,0.9062237848210923,0.3231465107329058,0.36291376886619464,0.6370862311338054,,,,0.3096532523632049,0.1238195747137069,,-1.4604005577962051,-2.2683750243197687,2.268375024319769,-0.7393490237936415,-0.5627397623948225,0.5627397623948226,,,,0.3185151574988948,-0.08788805405692472,0.2808210674183319,0.8869961092292511,0.02591604386779439,2.361590166127653,1.433928712228191,13.25779,pfwillow
snapshots/pointodyssey_logsteps100_pretrainedFalse_freezeFalse_2025_12_10_11_40,pointodyssey_logsteps100_pretrainedFalse_freezeFalse_2025_12_10_11_40,pointodyssey,logsteps,100,False,False,2025_12_10_11_40,pfwillow,5000,40911.1,8.18222,5,0.0032292982007029623,0.15228295424699248,0.8477170457530075,0.38011184849167895,0.3265369296798365,0.6734630703201635,,,,0.804984450340271,0.1024791523814201,,-5.732255917042604,-1.7168065762252145,1.7168065762252147,-0.48907351342446853,-0.7238901117916602,0.7238901117916602,,,,-2.463407729172579,0.34099370534333373,0.7885495942768451,0.527293227217873,2.2942838081124837,1.6342841940750628,-0.6457289956593915,8.18222,pfwillow
snapshots/pointodyssey_steps100_pretrainedFalse_freezeFalse_2025_12_11_00_21,pointodyssey_steps100_pretrainedFalse_freezeFalse_2025_12_11_00_21,pointodyssey,steps,100,False,False,2025_12_11_00_21,pfwillow,5000,41099.9,8.21998,5,0.0032292982007029623,0.15228295424699248,0.8477170457530075,0.38011184849167895,0.3265369296798365,0.6734630703201635,,,,0.804984450340271,0.1024791523814201,,-5.732255917042604,-1.7168065762252145,1.7168065762252147,-0.48907351342446853,-0.7238901117916602,0.7238901117916602,,,,-2.463407729172579,0.34099370534333373,0.7885495942768451,0.527293227217873,2.2942838081124837,1.6342841940750628,-0.6457289956593915,8.21998,pfwillow
snapshots/pointodyssey_steps100_pretrainedFalse_freezeFalse_2025_12_12_23_46,pointodyssey_steps100_pretrainedFalse_freezeFalse_2025_12_12_23_46,pointodyssey,steps,100,False,False,2025_12_12_23_46,pfwillow,5000,39622.24999999999,7.924449999999998,5,0.0032292982007029623,0.15228295424699248,0.8477170457530075,0.38011184849167895,0.3265369296798365,0.6734630703201635,,,,0.804984450340271,0.1024791523814201,,-5.732255917042604,-1.7168065762252145,1.7168065762252147,-0.48907351342446853,-0.7238901117916602,0.7238901117916602,,,,-2.463407729172579,0.34099370534333373,0.7885495942768451,0.527293227217873,2.2942838081124837,1.6342841940750628,-0.6457289956593915,7.924449999999998,pfwillow
snapshots/sintel_logsteps100_pretrainedFalse_freezeFalse_2025_12_10_01_43,sintel_logsteps100_pretrainedFalse_freezeFalse_2025_12_10_01_43,sintel,logsteps,100,False,False,2025_12_10_01_43,pfwillow,5000,66733.25,13.34665,5,0.03473077724219302,0.1123330881445904,0.8876669118554096,0.333279956984099,0.3485331913668394,0.6514668086331605,,,,0.3923173248767853,0.11776864528656,,-3.324780803675351,-2.067128114370155,2.067128114370155,-0.6933873837485317,-0.6254929828772969,0.6254929828772967,,,,-0.8956088329688794,0.06859502453690298,0.37406245471061095,0.7469249623311703,0.40447592080829964,2.15536757876234,-3.2704966922435155,13.34665,pfwillow
snapshots/sintel_steps100_pretrainedFalse_freezeFalse_2025_12_10_17_12,sintel_steps100_pretrainedFalse_freezeFalse_2025_12_10_17_12,sintel,steps,100,False,False,2025_12_10_17_12,pfwillow,5000,62316.65,12.463330000000001,5,0.03473077724219302,0.1123330881445904,0.8876669118554096,0.333279956984099,0.3485331913668394,0.6514668086331605,,,,0.3923173248767853,0.11776864528656,,-3.324780803675351,-2.067128114370155,2.067128114370155,-0.6933873837485317,-0.6254929828772969,0.6254929828772967,,,,-0.8956088329688794,0.06859502453690298,0.37406245471061095,0.7469249623311703,0.40447592080829964,2.15536757876234,-3.2704966922435155,12.463330000000001,pfwillow
snapshots/sintel_steps100_pretrainedFalse_freezeFalse_2025_12_12_11_45,sintel_steps100_pretrainedFalse_freezeFalse_2025_12_12_11_45,sintel,steps,100,False,False,2025_12_12_11_45,pfwillow,5000,67238.85,13.447770000000002,5,0.03473077724219302,0.1123330881445904,0.8876669118554096,0.333279956984099,0.3485331913668394,0.6514668086331605,,,,0.3923173248767853,0.11776864528656,,-3.324780803675351,-2.067128114370155,2.067128114370155,-0.6933873837485317,-0.6254929828772969,0.6254929828772967,,,,-0.8956088329688794,0.06859502453690298,0.37406245471061095,0.7469249623311703,0.40447592080829964,2.15536757876234,-3.2704966922435155,13.447770000000002,pfwillow
snapshots/spair_logsteps100_pretrainedFalse_freezeFalse_2025_12_10_06_41,spair_logsteps100_pretrainedFalse_freezeFalse_2025_12_10_06_41,spair,logsteps,100,False,False,2025_12_10_06_41,pfwillow,5000,15877.800000000001,3.1755600000000004,5,0.09213415031896738,0.08560674637319668,0.9143932536268033,0.43619967193500125,0.3718319068954487,0.6281680931045512,,,,0.4819046854972839,0.1109323427081108,,-2.287850954430863,-2.368496641716818,2.3684966417168183,-0.2566000588921267,-0.5243659058638189,0.5243659058638188,,,,-0.220338104702713,-0.16573938070838104,1.2601634746333705,0.9726502008260516,0.814740975271338,1.9223785772025084,-0.0810310738788047,3.1755600000000004,pfwillow
snapshots/spair_steps100_pretrainedFalse_freezeFalse_2025_12_10_22_16,spair_steps100_pretrainedFalse_freezeFalse_2025_12_10_22_16,spair,steps,100,False,False,2025_12_10_22_16,pfwillow,5000,16877.75,3.37555,5,0.09213415031896738,0.08560674637319668,0.9143932536268033,0.43619967193500125,0.3718319068954487,0.6281680931045512,,,,0.4819046854972839,0.1109323427081108,,-2.287850954430863,-2.368496641716818,2.3684966417168183,-0.2566000588921267,-0.5243659058638189,0.5243659058638188,,,,-0.220338104702713,-0.16573938070838104,1.2601634746333705,0.9726502008260516,0.814740975271338,1.9223785772025084,-0.0810310738788047,3.37555,pfwillow
snapshots/spair_steps100_pretrainedFalse_freezeFalse_2025_12_12_23_44,spair_steps100_pretrainedFalse_freezeFalse_2025_12_12_23_44,spair,steps,100,False,False,2025_12_12_23_44,pfwillow,5000,17711.1,3.54222,5,0.09213415031896738,0.08560674637319668,0.9143932536268033,0.43619967193500125,0.3718319068954487,0.6281680931045512,,,,0.4819046854972839,0.1109323427081108,,-2.287850954430863,-2.368496641716818,2.3684966417168183,-0.2566000588921267,-0.5243659058638189,0.5243659058638188,,,,-0.220338104702713,-0.16573938070838104,1.2601634746333705,0.9726502008260516,0.814740975271338,1.9223785772025084,-0.0810310738788047,3.54222,pfwillow
snapshots/spair_synthetic_70_30_steps100_pretrainedFalse_freezeFalse_2025_12_17_03_25,spair_synthetic_70_30_steps100_pretrainedFalse_freezeFalse_2025_12_17_03_25,spair_synthetic_70_30,steps,100,False,False,2025_12_17_03_25,pfwillow,5000,47733.299999999996,9.54666,5,0.15360161506268313,0.09544785052529256,0.9045521494747074,0.2656473683110775,0.4138924304944335,0.5861075695055664,,,,0.3708149492740631,0.1022386401891708,,-1.706627817557568,-2.248859928216821,2.2488599282168207,-1.0168195916463527,-0.3478972280999142,0.3478972280999141,,,,0.1581667393882741,-0.07271374744020093,-0.2820774856787939,1.3665450463165905,0.3060058549794262,1.6260872638058,13.84819520195083,9.54666,pfwillow
snapshots/spair_synthetic_steps100_pretrainedFalse_freezeFalse_2025_12_16_15_25,spair_synthetic_steps100_pretrainedFalse_freezeFalse_2025_12_16_15_25,spair_synthetic_50_50,steps,100,False,False,2025_12_16_15_25,pfwillow,5000,55450.0,11.09,5,0.21842730083653572,0.09922080329361137,0.9007791967063886,0.29969491275177895,0.3988699972902844,0.6011300027097156,,,,0.2627067863941192,0.1132879182696342,,-1.274854930807428,-2.205912459950575,2.205912459950575,-0.8487510793092267,-0.410175679337559,0.4101756793375589,,,,0.4393464082865961,-0.039319187226602936,0.058879478326029265,1.227533629455055,-0.18907515895649224,2.002659283312298,8.079323908139628,11.09,pfwillow
snapshots/synthetic_large_zoom_steps100_pretrainedFalse_freezeFalse_2025_12_11_12_20,synthetic_large_zoom_steps100_pretrainedFalse_freezeFalse_2025_12_11_12_20,synthetic_large_zoom,steps,100,False,False,2025_12_11_12_20,pfwillow,5000,18927.75,3.78555,3,0.10942838199324052,0.12030943734636018,0.8796905626536398,0.17429314409320593,0.3042736539386703,0.6957263460613297,,,,0.3164510726928711,0.1613987684249878,,-2.096593234432547,-1.9895031439509758,1.9895031439509752,-1.5555011967275334,-0.8270289281528239,0.8270289281528236,,,,-0.0957870176992005,0.12895368718662623,-1.3748892329816391,0.2970775954726719,0.05704664207343365,3.6423320176975102,-6.027271739503448,3.78555,pfwillow
snapshots/synthetic_large_zoom_steps100_pretrainedFalse_freezeFalse_2025_12_13_11_44,synthetic_large_zoom_steps100_pretrainedFalse_freezeFalse_2025_12_13_11_44,synthetic_large_zoom,steps,100,False,False,2025_12_13_11_44,pfwillow,5000,74711.04999999999,14.942209999999998,5,0.10942838199324052,0.12030943734636018,0.8796905626536398,0.17429314409320593,0.3042736539386703,0.6957263460613297,,,,0.3164510726928711,0.1613987684249878,,-2.096593234432547,-1.9895031439509758,1.9895031439509752,-1.5555011967275334,-0.8270289281528239,0.8270289281528236,,,,-0.0957870176992005,0.12895368718662623,-1.3748892329816391,0.2970775954726719,0.05704664207343365,3.6423320176975102,-6.027271739503448,14.942209999999998,pfwillow
snapshots/synthetic_logsteps100_pretrainedFalse_freezeFalse_2025_12_10_12_22,synthetic_logsteps100_pretrainedFalse_freezeFalse_2025_12_10_12_22,synthetic,logsteps,100,False,False,2025_12_10_12_22,pfwillow,5000,15783.3,3.15666,3,0.2841453865314071,0.09606580208764746,0.9039341979123525,0.2055971294097254,0.300643816903302,0.699356183096698,,,,0.2759363353252411,0.1517357230186462,,-0.9239910609486419,-2.2417231727476854,2.2417231727476854,-1.3516721547884194,-0.8442339418802766,0.8442339418802766,,,,0.6678364079663767,-0.06716443755384637,-0.961385654297196,0.2586743711174445,-0.1284904785377876,3.3130043913358405,-2.2971724493931305,3.15666,pfwillow
snapshots/synthetic_random_flipping_steps100_pretrainedFalse_freezeFalse_2025_12_13_11_45,synthetic_random_flipping_steps100_pretrainedFalse_freezeFalse_2025_12_13_11_45,synthetic_random_flipping,steps,100,False,False,2025_12_13_11_45,pfwillow,5000,15844.449999999999,3.1688899999999998,3,0.3108524698441598,0.06614550213704509,0.9338544978629549,0.20647228113678415,0.29979147240718573,0.7002085275928143,,,,0.3608250319957733,0.1609171777963638,,-0.7961369440977013,-2.647463748876265,2.6474637488762656,-1.3463223001530826,-0.8482910462504751,0.8482910462504751,,,,0.75109772276088,-0.3826551672198566,-0.9505325196501023,0.2496185289176384,0.26025705818631,3.625918858912322,-7.142577357400043,3.1688899999999998,pfwillow
snapshots/synthetic_small_zoom_steps100_pretrainedFalse_freezeFalse_2025_12_11_08_43,synthetic_small_zoom_steps100_pretrainedFalse_freezeFalse_2025_12_11_08_43,synthetic_small_zoom,steps,100,False,False,2025_12_11_08_43,pfwillow,5000,39555.55,7.911110000000001,5,0.05080388067003415,0.11884225355222786,0.8811577464477721,0.18348732078181001,0.2984448559703923,0.7015551440296077,,,,0.3465851545333862,0.1539370119571685,,-2.9276426933854114,-2.003439650440031,2.0034396504400305,-1.492896872481921,-0.8547143265418293,0.8547143265418294,,,,-0.6369840656780829,0.11811711115772613,-1.2478851914063724,0.2352811573797252,0.19504558123030163,3.388026833079101,-8.11170609801567,7.911110000000001,pfwillow
snapshots/synthetic_small_zoom_steps100_pretrainedFalse_freezeFalse_2025_12_13_11_43,synthetic_small_zoom_steps100_pretrainedFalse_freezeFalse_2025_12_13_11_43,synthetic_small_zoom,steps,100,False,False,2025_12_13_11_43,pfwillow,5000,38800.0,7.76,3,0.05080388067003415,0.11884225355222786,0.8811577464477721,0.18348732078181001,0.2984448559703923,0.7015551440296077,,,,0.3465851545333862,0.1539370119571685,,-2.9276426933854114,-2.003439650440031,2.0034396504400305,-1.492896872481921,-0.8547143265418293,0.8547143265418294,,,,-0.6369840656780829,0.11811711115772613,-1.2478851914063724,0.2352811573797252,0.19504558123030163,3.388026833079101,-8.11170609801567,7.76,pfwillow
snapshots/synthetic_steps100_pretrainedFalse_freezeFalse_2025_12_11_06_37,synthetic_steps100_pretrainedFalse_freezeFalse_2025_12_11_06_37,synthetic,steps,100,False,False,2025_12_11_06_37,pfwillow,5000,17099.949999999997,3.4199899999999994,3,0.2841453865314071,0.09606580208764746,0.9039341979123525,0.2055971294097254,0.300643816903302,0.699356183096698,,,,0.2759363353252411,0.1517357230186462,,-0.9239910609486419,-2.2417231727476854,2.2417231727476854,-1.3516721547884194,-0.8442339418802766,0.8442339418802766,,,,0.6678364079663767,-0.06716443755384637,-0.961385654297196,0.2586743711174445,-0.1284904785377876,3.3130043913358405,-2.2971724493931305,3.4199899999999994,pfwillow
snapshots/synthetic_steps100_pretrainedFalse_freezeFalse_2025_12_13_02_37,synthetic_steps100_pretrainedFalse_freezeFalse_2025_12_13_02_37,synthetic,steps,100,False,False,2025_12_13_02_37,pfwillow,5000,55755.65,11.15113,5,0.2841453865314071,0.09606580208764746,0.9039341979123525,0.2055971294097254,0.300643816903302,0.699356183096698,,,,0.2759363353252411,0.1517357230186462,,-0.9239910609486419,-2.2417231727476854,2.2417231727476854,-1.3516721547884194,-0.8442339418802766,0.8442339418802766,,,,0.6678364079663767,-0.06716443755384637,-0.961385654297196,0.2586743711174445,-0.1284904785377876,3.3130043913358405,-2.2971724493931305,11.15113,pfwillow
snapshots/flyingthings_logsteps100_pretrainedFalse_freezeFalse_2025_12_10_06_22,flyingthings_logsteps100_pretrainedFalse_freezeFalse_2025_12_10_06_22,flyingthings,logsteps,100,False,False,2025_12_10_06_22,pointodyssey,5000,168110.3,33.62206,5,0.4122196981863808,0.01612767000151461,0.9838723299984854,0.25145673986796657,0.36726840198275523,0.6327315980172448,,,,0.2527019083499908,0.0285462290048599,,-0.3547967864592523,-4.11095971223401,4.110959712234011,-1.0908580316897827,-0.5439533951456732,0.5439533951456732,,,,1.1584242362874784,-2.3514001832940123,-0.6051719595609201,0.9328967152079499,-0.2994985884564876,-0.9788956484659284,10.496013886579835,33.62206,pointodyssey
snapshots/flyingthings_steps100_pretrainedFalse_freezeFalse_2025_12_10_19_41,flyingthings_steps100_pretrainedFalse_freezeFalse_2025_12_10_19_41,flyingthings,steps,100,False,False,2025_12_10_19_41,pointodyssey,5000,130240.70000000001,26.048140000000004,5,0.4122196981863808,0.01612767000151461,0.9838723299984854,0.25145673986796657,0.36726840198275523,0.6327315980172448,,,,0.2527019083499908,0.0285462290048599,,-0.3547967864592523,-4.11095971223401,4.110959712234011,-1.0908580316897827,-0.5439533951456732,0.5439533951456732,,,,1.1584242362874784,-2.3514001832940123,-0.6051719595609201,0.9328967152079499,-0.2994985884564876,-0.9788956484659284,10.496013886579835,26.048140000000004,pointodyssey
snapshots/flyingthings_steps100_pretrainedFalse_freezeFalse_2025_12_12_11_46,flyingthings_steps100_pretrainedFalse_freezeFalse_2025_12_12_11_46,flyingthings,steps,100,False,False,2025_12_12_11_46,pointodyssey,5000,162446.65000000002,32.48933,5,0.4122196981863808,0.01612767000151461,0.9838723299984854,0.25145673986796657,0.36726840198275523,0.6327315980172448,,,,0.2527019083499908,0.0285462290048599,,-0.3547967864592523,-4.11095971223401,4.110959712234011,-1.0908580316897827,-0.5439533951456732,0.5439533951456732,,,,1.1584242362874784,-2.3514001832940123,-0.6051719595609201,0.9328967152079499,-0.2994985884564876,-0.9788956484659284,10.496013886579835,32.48933,pointodyssey
snapshots/pointodyssey_logsteps100_pretrainedFalse_freezeFalse_2025_12_10_11_40,pointodyssey_logsteps100_pretrainedFalse_freezeFalse_2025_12_10_11_40,pointodyssey,logsteps,100,False,False,2025_12_10_11_40,pointodyssey,5000,99204.9,19.84098,5,0.10896048940877356,0.15270063117932753,0.8472993688206725,0.2975566426125626,0.32459599663343575,0.6754040033665643,,,,0.2805671989917755,0.0461983606219291,,-2.1014034365573657,-1.7135747325980282,1.7135747325980282,-0.8589601657045158,-0.7327297135606865,0.7327297135606865,,,,0.0395627596671982,0.2199078526063785,-0.09269827189366943,0.511920012776065,-0.17706602838164787,-0.5262104493792542,28.89765719286184,19.84098,pointodyssey
snapshots/pointodyssey_steps100_pretrainedFalse_freezeFalse_2025_12_11_00_21,pointodyssey_steps100_pretrainedFalse_freezeFalse_2025_12_11_00_21,pointodyssey,steps,100,False,False,2025_12_11_00_21,pointodyssey,5000,177817.75,35.56355,5,0.10896048940877356,0.15270063117932753,0.8472993688206725,0.2975566426125626,0.32459599663343575,0.6754040033665643,,,,0.2805671989917755,0.0461983606219291,,-2.1014034365573657,-1.7135747325980282,1.7135747325980282,-0.8589601657045158,-0.7327297135606865,0.7327297135606865,,,,0.0395627596671982,0.2199078526063785,-0.09269827189366943,0.511920012776065,-0.17706602838164787,-0.5262104493792542,28.89765719286184,35.56355,pointodyssey
snapshots/pointodyssey_steps100_pretrainedFalse_freezeFalse_2025_12_12_23_46,pointodyssey_steps100_pretrainedFalse_freezeFalse_2025_12_12_23_46,pointodyssey,steps,100,False,False,2025_12_12_23_46,pointodyssey,5000,98539.5,19.7079,5,0.10896048940877356,0.15270063117932753,0.8472993688206725,0.2975566426125626,0.32459599663343575,0.6754040033665643,,,,0.2805671989917755,0.0461983606219291,,-2.1014034365573657,-1.7135747325980282,1.7135747325980282,-0.8589601657045158,-0.7327297135606865,0.7327297135606865,,,,0.0395627596671982,0.2199078526063785,-0.09269827189366943,0.511920012776065,-0.17706602838164787,-0.5262104493792542,28.89765719286184,19.7079,pointodyssey
snapshots/sintel_logsteps100_pretrainedFalse_freezeFalse_2025_12_10_01_43,sintel_logsteps100_pretrainedFalse_freezeFalse_2025_12_10_01_43,sintel,logsteps,100,False,False,2025_12_10_01_43,pointodyssey,5000,135520.8,27.104159999999997,5,0.35565003409432544,0.13344766619938758,0.8665523338006125,0.25651209243955897,0.3501068496322744,0.6498931503677257,,,,0.205006256699562,0.0429595969617366,,-0.594294806777311,-1.8708131166059687,1.8708131166059692,-1.0641766940452655,-0.6185695727702718,0.6185695727702719,,,,1.0050038261191991,0.051262297642987044,-0.546208573086939,0.7665004602740093,-0.509060398202813,-0.6092678616008582,37.85131708029302,27.104159999999997,pointodyssey
snapshots/sintel_steps100_pretrainedFalse_freezeFalse_2025_12_10_17_12,sintel_steps100_pretrainedFalse_freezeFalse_2025_12_10_17_12,sintel,steps,100,False,False,2025_12_10_17_12,pointodyssey,5000,115307.35,23.06147,5,0.35565003409432544,0.13344766619938758,0.8665523338006125,0.25651209243955897,0.3501068496322744,0.6498931503677257,,,,0.205006256699562,0.0429595969617366,,-0.594294806777311,-1.8708131166059687,1.8708131166059692,-1.0641766940452655,-0.6185695727702718,0.6185695727702719,,,,1.0050038261191991,0.051262297642987044,-0.546208573086939,0.7665004602740093,-0.509060398202813,-0.6092678616008582,37.85131708029302,23.06147,pointodyssey
snapshots/sintel_steps100_pretrainedFalse_freezeFalse_2025_12_12_11_45,sintel_steps100_pretrainedFalse_freezeFalse_2025_12_12_11_45,sintel,steps,100,False,False,2025_12_12_11_45,pointodyssey,5000,145125.1,29.02502,5,0.35565003409432544,0.13344766619938758,0.8665523338006125,0.25651209243955897,0.3501068496322744,0.6498931503677257,,,,0.205006256699562,0.0429595969617366,,-0.594294806777311,-1.8708131166059687,1.8708131166059692,-1.0641766940452655,-0.6185695727702718,0.6185695727702719,,,,1.0050038261191991,0.051262297642987044,-0.546208573086939,0.7665004602740093,-0.509060398202813,-0.6092678616008582,37.85131708029302,29.02502,pointodyssey
snapshots/spair_logsteps100_pretrainedFalse_freezeFalse_2025_12_10_06_41,spair_logsteps100_pretrainedFalse_freezeFalse_2025_12_10_06_41,spair,logsteps,100,False,False,2025_12_10_06_41,pointodyssey,5000,9361.5,1.8723,5,0.06179973008051197,0.0020345553986227108,0.9979654446013773,0.3462573550986866,0.3612608396094352,0.6387391603905648,,,,0.5145089626312256,0.0322001613676548,,-2.7200644367687707,-6.195441333374467,6.195441333374453,-0.6355314652486692,-0.5698959265238378,0.5698959265238379,,,,-0.3567462548353109,-4.587104664907546,0.4010593121480218,0.8750441126992717,0.8508108884250755,-0.8851913222699015,-32.304508335090404,1.8723,pointodyssey
snapshots/spair_steps100_pretrainedFalse_freezeFalse_2025_12_10_22_16,spair_steps100_pretrainedFalse_freezeFalse_2025_12_10_22_16,spair,steps,100,False,False,2025_12_10_22_16,pointodyssey,5000,12226.45,2.44529,5,0.06179973008051197,0.0020345553986227108,0.9979654446013773,0.3462573550986866,0.3612608396094352,0.6387391603905648,,,,0.5145089626312256,0.0322001613676548,,-2.7200644367687707,-6.195441333374467,6.195441333374453,-0.6355314652486692,-0.5698959265238378,0.5698959265238379,,,,-0.3567462548353109,-4.587104664907546,0.4010593121480218,0.8750441126992717,0.8508108884250755,-0.8851913222699015,-32.304508335090404,2.44529,pointodyssey
snapshots/spair_steps100_pretrainedFalse_freezeFalse_2025_12_12_23_44,spair_steps100_pretrainedFalse_freezeFalse_2025_12_12_23_44,spair,steps,100,False,False,2025_12_12_23_44,pointodyssey,5000,12430.349999999999,2.48607,5,0.06179973008051197,0.0020345553986227108,0.9979654446013773,0.3462573550986866,0.3612608396094352,0.6387391603905648,,,,0.5145089626312256,0.0322001613676548,,-2.7200644367687707,-6.195441333374467,6.195441333374453,-0.6355314652486692,-0.5698959265238378,0.5698959265238379,,,,-0.3567462548353109,-4.587104664907546,0.4010593121480218,0.8750441126992717,0.8508108884250755,-0.8851913222699015,-32.304508335090404,2.48607,pointodyssey
snapshots/spair_synthetic_70_30_steps100_pretrainedFalse_freezeFalse_2025_12_17_03_25,spair_synthetic_70_30_steps100_pretrainedFalse_freezeFalse_2025_12_17_03_25,spair_synthetic_70_30,steps,100,False,False,2025_12_17_03_25,pointodyssey,5000,103307.35,20.66147,5,0.23104183374112514,0.006581416580988646,0.9934185834190113,0.1378931598136922,0.39361450967781386,0.6063854903221861,,,,0.3946229219436645,0.0167509280145168,,-1.2024377752705042,-5.016902101351642,5.016902101351641,-1.8329000264571695,-0.4321438779554656,0.4321438779554657,,,,0.6154325739507084,-3.3230659628780117,-2.245018863053191,1.1822352034380041,0.3240640094025926,-1.2813836591454704,3.4841666972642567,20.66147,pointodyssey
snapshots/spair_synthetic_steps100_pretrainedFalse_freezeFalse_2025_12_16_15_25,spair_synthetic_steps100_pretrainedFalse_freezeFalse_2025_12_16_15_25,spair_synthetic_50_50,steps,100,False,False,2025_12_16_15_25,pointodyssey,5000,165306.05000000002,33.06121,5,0.31263284459879,0.008631925925862394,0.9913680740741376,0.17062533021097082,0.3824502699451825,0.6175497300548175,,,,0.274597555398941,0.027011290192604,,-0.7878391008003387,-4.74361823561963,4.743618235619633,-1.5812019057022975,-0.4791609681622015,0.4791609681622015,,,,0.8810209851115399,-3.0299561761697698,-1.6887883709176519,1.0773857193535639,-0.20329502980139708,-1.0182588311616674,3.271704934367822,33.06121,pointodyssey
snapshots/synthetic_large_zoom_steps100_pretrainedFalse_freezeFalse_2025_12_11_12_20,synthetic_large_zoom_steps100_pretrainedFalse_freezeFalse_2025_12_11_12_20,synthetic_large_zoom,steps,100,False,False,2025_12_11_12_20,pointodyssey,5000,40333.7,8.06674,3,0.4290203352236338,0.03996324692071573,0.9600367530792843,0.11699813665190827,0.3174477583984624,0.6825522416015376,,,,0.236817866563797,0.0575177446007728,,-0.28584927641217167,-3.17901136343507,3.1790113634350696,-2.021169302229854,-0.7655258042836605,0.7655258042836606,,,,1.2025914292248434,-1.3518417900172381,-2.6610772412523245,0.4387837728009746,-0.36928877744892796,-0.23592723026669854,20.74834732675011,8.06674,pointodyssey
snapshots/synthetic_large_zoom_steps100_pretrainedFalse_freezeFalse_2025_12_13_11_44,synthetic_large_zoom_steps100_pretrainedFalse_freezeFalse_2025_12_13_11_44,synthetic_large_zoom,steps,100,False,False,2025_12_13_11_44,pointodyssey,5000,165779.09999999998,33.15582,5,0.4290203352236338,0.03996324692071573,0.9600367530792843,0.11699813665190827,0.3174477583984624,0.6825522416015376,,,,0.236817866563797,0.0575177446007728,,-0.28584927641217167,-3.17901136343507,3.1790113634350696,-2.021169302229854,-0.7655258042836605,0.7655258042836606,,,,1.2025914292248434,-1.3518417900172381,-2.6610772412523245,0.4387837728009746,-0.36928877744892796,-0.23592723026669854,20.74834732675011,33.15582,pointodyssey
snapshots/synthetic_logsteps100_pretrainedFalse_freezeFalse_2025_12_10_12_22,synthetic_logsteps100_pretrainedFalse_freezeFalse_2025_12_10_12_22,synthetic,logsteps,100,False,False,2025_12_10_12_22,pointodyssey,5000,68571.9,13.714379999999998,3,0.41480264937105116,0.006668188234359309,0.9933318117656407,0.14758529732057166,0.31646453590305246,0.6835354640969475,,,,0.2769270837306976,0.0551739558577537,,-0.3441462784043824,-5.003716565052514,5.00371656505251,-1.753666853088225,-0.7700673563944729,0.7700673563944729,,,,1.1652468618445027,-3.308923855652183,-2.0699205870537845,0.4286559789781858,-0.19305971156659818,-0.2960331991529008,-7.390553860006733,13.714379999999998,pointodyssey
snapshots/synthetic_random_flipping_steps100_pretrainedFalse_freezeFalse_2025_12_13_11_45,synthetic_random_flipping_steps100_pretrainedFalse_freezeFalse_2025_12_13_11_45,synthetic_random_flipping,steps,100,False,False,2025_12_13_11_45,pointodyssey,5000,18305.9,3.6611800000000003,3,0.45907160373919265,0.0047363856615730395,0.9952636143384269,0.1487578125976634,0.3148991334088628,0.6851008665911372,,,,0.3494367301464081,0.0582637824118137,,-0.16408071834491894,-5.347733314915751,5.347733314915741,-1.744377114915505,-0.7773137017733653,0.7773137017733655,,,,1.2805953396516103,-3.6778979840969144,-2.049391090766227,0.41249641718621227,0.1255280883928524,-0.216795247662928,-10.357065527447897,3.6611800000000003,pointodyssey
snapshots/synthetic_small_zoom_steps100_pretrainedFalse_freezeFalse_2025_12_11_08_43,synthetic_small_zoom_steps100_pretrainedFalse_freezeFalse_2025_12_11_08_43,synthetic_small_zoom,steps,100,False,False,2025_12_11_08_43,pointodyssey,5000,80523.85,16.104770000000002,5,0.37280662818538174,0.06346206552600847,0.9365379344739915,0.12754158712339786,0.3150384468169212,0.6849615531830788,,,,0.2174844741821289,0.0587944574654102,,-0.5201950389621375,-2.6917476936128133,2.6917476936128124,-1.9228725036834815,-0.776668025182254,0.7766680251822541,,,,1.0524715118916355,-0.8292286092144935,-2.443850046759104,0.41393629483848193,-0.4542344812152326,-0.20318619763435436,25.244010234578916,16.104770000000002,pointodyssey
snapshots/synthetic_small_zoom_steps100_pretrainedFalse_freezeFalse_2025_12_13_11_43,synthetic_small_zoom_steps100_pretrainedFalse_freezeFalse_2025_12_13_11_43,synthetic_small_zoom,steps,100,False,False,2025_12_13_11_43,pointodyssey,5000,78498.7,15.69974,3,0.37280662818538174,0.06346206552600847,0.9365379344739915,0.12754158712339786,0.3150384468169212,0.6849615531830788,,,,0.2174844741821289,0.0587944574654102,,-0.5201950389621375,-2.6917476936128133,2.6917476936128124,-1.9228725036834815,-0.776668025182254,0.7766680251822541,,,,1.0524715118916355,-0.8292286092144935,-2.443850046759104,0.41393629483848193,-0.4542344812152326,-0.20318619763435436,25.244010234578916,15.69974,pointodyssey
snapshots/synthetic_steps100_pretrainedFalse_freezeFalse_2025_12_11_06_37,synthetic_steps100_pretrainedFalse_freezeFalse_2025_12_11_06_37,synthetic,steps,100,False,False,2025_12_11_06_37,pointodyssey,5000,32623.85,6.524769999999999,3,0.41480264937105116,0.006668188234359309,0.9933318117656407,0.14758529732057166,0.31646453590305246,0.6835354640969475,,,,0.2769270837306976,0.0551739558577537,,-0.3441462784043824,-5.003716565052514,5.00371656505251,-1.753666853088225,-0.7700673563944729,0.7700673563944729,,,,1.1652468618445027,-3.308923855652183,-2.0699205870537845,0.4286559789781858,-0.19305971156659818,-0.2960331991529008,-7.390553860006733,6.524769999999999,pointodyssey
snapshots/synthetic_steps100_pretrainedFalse_freezeFalse_2025_12_13_02_37,synthetic_steps100_pretrainedFalse_freezeFalse_2025_12_13_02_37,synthetic,steps,100,False,False,2025_12_13_02_37,pointodyssey,5000,152970.65000000002,30.594130000000003,5,0.41480264937105116,0.006668188234359309,0.9933318117656407,0.14758529732057166,0.31646453590305246,0.6835354640969475,,,,0.2769270837306976,0.0551739558577537,,-0.3441462784043824,-5.003716565052514,5.00371656505251,-1.753666853088225,-0.7700673563944729,0.7700673563944729,,,,1.1652468618445027,-3.308923855652183,-2.0699205870537845,0.4286559789781858,-0.19305971156659818,-0.2960331991529008,-7.390553860006733,30.594130000000003,pointodyssey
snapshots/flyingthings_logsteps100_pretrainedFalse_freezeFalse_2025_12_10_06_22,flyingthings_logsteps100_pretrainedFalse_freezeFalse_2025_12_10_06_22,flyingthings,logsteps,100,False,False,2025_12_10_06_22,spair,5000,13290.550000000001,2.65811,5,0.07275440486615477,0.11119906435353334,0.8888009356464667,0.3639400558766407,0.2765998229205412,0.7234001770794588,,,,0.3054104149341583,0.0825123786926269,,-2.5451290136891025,-2.078551323338259,2.078551323338259,-0.5583036382473445,-0.9613907852757672,0.9613907852757672,,,,-0.5331619857260631,0.08010082564799334,0.7092384089314409,-0.12180527912055863,-0.004073073160567792,0.6347556888371882,6.907616339803971,2.65811,spair
snapshots/flyingthings_steps100_pretrainedFalse_freezeFalse_2025_12_10_19_41,flyingthings_steps100_pretrainedFalse_freezeFalse_2025_12_10_19_41,flyingthings,steps,100,False,False,2025_12_10_19_41,spair,5000,13430.75,2.68615,5,0.07275440486615477,0.11119906435353334,0.8888009356464667,0.3639400558766407,0.2765998229205412,0.7234001770794588,,,,0.3054104149341583,0.0825123786926269,,-2.5451290136891025,-2.078551323338259,2.078551323338259,-0.5583036382473445,-0.9613907852757672,0.9613907852757672,,,,-0.5331619857260631,0.08010082564799334,0.7092384089314409,-0.12180527912055863,-0.004073073160567792,0.6347556888371882,6.907616339803971,2.68615,spair
snapshots/flyingthings_steps100_pretrainedFalse_freezeFalse_2025_12_12_11_46,flyingthings_steps100_pretrainedFalse_freezeFalse_2025_12_12_11_46,flyingthings,steps,100,False,False,2025_12_12_11_46,spair,5000,13688.099999999999,2.7376199999999997,5,0.07275440486615477,0.11119906435353334,0.8888009356464667,0.3639400558766407,0.2765998229205412,0.7234001770794588,,,,0.3054104149341583,0.0825123786926269,,-2.5451290136891025,-2.078551323338259,2.078551323338259,-0.5583036382473445,-0.9613907852757672,0.9613907852757672,,,,-0.5331619857260631,0.08010082564799334,0.7092384089314409,-0.12180527912055863,-0.004073073160567792,0.6347556888371882,6.907616339803971,2.7376199999999997,spair
snapshots/pointodyssey_logsteps100_pretrainedFalse_freezeFalse_2025_12_10_11_40,pointodyssey_logsteps100_pretrainedFalse_freezeFalse_2025_12_10_11_40,pointodyssey,logsteps,100,False,False,2025_12_10_11_40,spair,5000,9329.6,1.86592,5,0.0006376658773013244,0.12041113348616866,0.8795888665138314,0.4296341672615527,0.253888317954017,0.746111682045983,,,,0.9863914251327516,0.0372311100363731,,-7.357058245816752,-1.9885426017433765,1.988542601743377,-0.2833438940134807,-1.0779808196043372,1.0779808196043372,,,,-4.0118037986889,0.15010029450585566,1.2709078837610441,-0.377607924853296,3.2367593169629942,-0.6187021608932601,13.586261854999565,1.86592,spair
snapshots/pointodyssey_steps100_pretrainedFalse_freezeFalse_2025_12_11_00_21,pointodyssey_steps100_pretrainedFalse_freezeFalse_2025_12_11_00_21,pointodyssey,steps,100,False,False,2025_12_11_00_21,spair,5000,10794.85,2.15897,5,0.0006376658773013244,0.12041113348616866,0.8795888665138314,0.4296341672615527,0.253888317954017,0.746111682045983,,,,0.9863914251327516,0.0372311100363731,,-7.357058245816752,-1.9885426017433765,1.988542601743377,-0.2833438940134807,-1.0779808196043372,1.0779808196043372,,,,-4.0118037986889,0.15010029450585566,1.2709078837610441,-0.377607924853296,3.2367593169629942,-0.6187021608932601,13.586261854999565,2.15897,spair
snapshots/pointodyssey_steps100_pretrainedFalse_freezeFalse_2025_12_12_23_46,pointodyssey_steps100_pretrainedFalse_freezeFalse_2025_12_12_23_46,pointodyssey,steps,100,False,False,2025_12_12_23_46,spair,5000,10729.45,2.14589,5,0.0006376658773013244,0.12041113348616866,0.8795888665138314,0.4296341672615527,0.253888317954017,0.746111682045983,,,,0.9863914251327516,0.0372311100363731,,-7.357058245816752,-1.9885426017433765,1.988542601743377,-0.2833438940134807,-1.0779808196043372,1.0779808196043372,,,,-4.0118037986889,0.15010029450585566,1.2709078837610441,-0.377607924853296,3.2367593169629942,-0.6187021608932601,13.586261854999565,2.14589,spair
snapshots/sintel_logsteps100_pretrainedFalse_freezeFalse_2025_12_10_01_43,sintel_logsteps100_pretrainedFalse_freezeFalse_2025_12_10_01_43,sintel,logsteps,100,False,False,2025_12_10_01_43,spair,5000,12916.6,2.58332,5,0.011343485210581416,0.1260945933108505,0.8739054066891495,0.3512253384115164,0.25650266867928134,0.7434973313207187,,,,0.3481242060661316,0.0865340828895568,,-4.467703376851496,-1.9359397736163793,1.9359397736163793,-0.6136574405118218,-1.0642261077826296,1.0642261077826296,,,,-1.9230302164502184,0.19100933047554974,0.5961653438748086,-0.34742960219007013,0.19920460379712293,0.7460828853696877,-2.2489794426939227,2.58332,spair
snapshots/sintel_steps100_pretrainedFalse_freezeFalse_2025_12_10_17_12,sintel_steps100_pretrainedFalse_freezeFalse_2025_12_10_17_12,sintel,steps,100,False,False,2025_12_10_17_12,spair,5000,13447.55,2.68951,5,0.011343485210581416,0.1260945933108505,0.8739054066891495,0.3512253384115164,0.25650266867928134,0.7434973313207187,,,,0.3481242060661316,0.0865340828895568,,-4.467703376851496,-1.9359397736163793,1.9359397736163793,-0.6136574405118218,-1.0642261077826296,1.0642261077826296,,,,-1.9230302164502184,0.19100933047554974,0.5961653438748086,-0.34742960219007013,0.19920460379712293,0.7460828853696877,-2.2489794426939227,2.68951,spair
snapshots/sintel_steps100_pretrainedFalse_freezeFalse_2025_12_12_11_45,sintel_steps100_pretrainedFalse_freezeFalse_2025_12_12_11_45,sintel,steps,100,False,False,2025_12_12_11_45,spair,5000,13439.25,2.68785,5,0.011343485210581416,0.1260945933108505,0.8739054066891495,0.3512253384115164,0.25650266867928134,0.7434973313207187,,,,0.3481242060661316,0.0865340828895568,,-4.467703376851496,-1.9359397736163793,1.9359397736163793,-0.6136574405118218,-1.0642261077826296,1.0642261077826296,,,,-1.9230302164502184,0.19100933047554974,0.5961653438748086,-0.34742960219007013,0.19920460379712293,0.7460828853696877,-2.2489794426939227,2.68785,spair
snapshots/spair_logsteps100_pretrainedFalse_freezeFalse_2025_12_10_06_41,spair_logsteps100_pretrainedFalse_freezeFalse_2025_12_10_06_41,spair,logsteps,100,False,False,2025_12_10_06_41,spair,5000,9957.0,1.9914,5,0.0661358350979418,0.15008890706796316,0.8499110929320368,0.4990134088037602,0.3087549760879852,0.6912450239120148,,,,0.3035252392292022,0.0673716217279434,,-2.647620259359524,-1.7339039151659783,1.733903915165978,-0.003946369906627482,-0.8059463494335304,0.8059463494335304,,,,-0.6072549982066583,0.3481319129450958,1.841642560108115,0.21924529335648432,-0.013044745489454125,0.21563534986624414,11.577962182499324,1.9914,spair
snapshots/spair_steps100_pretrainedFalse_freezeFalse_2025_12_10_22_16,spair_steps100_pretrainedFalse_freezeFalse_2025_12_10_22_16,spair,steps,100,False,False,2025_12_10_22_16,spair,5000,10239.050000000001,2.04781,5,0.0661358350979418,0.15008890706796316,0.8499110929320368,0.4990134088037602,0.3087549760879852,0.6912450239120148,,,,0.3035252392292022,0.0673716217279434,,-2.647620259359524,-1.7339039151659783,1.733903915165978,-0.003946369906627482,-0.8059463494335304,0.8059463494335304,,,,-0.6072549982066583,0.3481319129450958,1.841642560108115,0.21924529335648432,-0.013044745489454125,0.21563534986624414,11.577962182499324,2.04781,spair
snapshots/spair_steps100_pretrainedFalse_freezeFalse_2025_12_12_23_44,spair_steps100_pretrainedFalse_freezeFalse_2025_12_12_23_44,spair,steps,100,False,False,2025_12_12_23_44,spair,5000,10756.5,2.1513,5,0.0661358350979418,0.15008890706796316,0.8499110929320368,0.4990134088037602,0.3087549760879852,0.6912450239120148,,,,0.3035252392292022,0.0673716217279434,,-2.647620259359524,-1.7339039151659783,1.733903915165978,-0.003946369906627482,-0.8059463494335304,0.8059463494335304,,,,-0.6072549982066583,0.3481319129450958,1.841642560108115,0.21924529335648432,-0.013044745489454125,0.21563534986624414,11.577962182499324,2.1513,spair
snapshots/spair_synthetic_70_30_steps100_pretrainedFalse_freezeFalse_2025_12_17_03_25,spair_synthetic_70_30_steps100_pretrainedFalse_freezeFalse_2025_12_17_03_25,spair_synthetic_70_30,steps,100,False,False,2025_12_17_03_25,spair,5000,13942.25,2.78845,5,0.07042671771884033,0.11463599350578561,0.8853640064942144,0.2798155606641637,0.3167019016540466,0.6832980983459533,,,,0.2784315347671509,0.0725450739264488,,-2.580152940374075,-2.0442370327924806,2.044237032792481,-0.9453766707399393,-0.7689702606209312,0.7689702606209311,,,,-0.5584814968707895,0.10678692972632763,-0.08144863322664508,0.3003721358141826,-0.13246729764709447,0.35884477091072764,16.13555115222021,2.78845,spair
snapshots/spair_synthetic_steps100_pretrainedFalse_freezeFalse_2025_12_16_15_25,spair_synthetic_steps100_pretrainedFalse_freezeFalse_2025_12_16_15_25,spair_synthetic_50_50,steps,100,False,False,2025_12_16_15_25,spair,5000,14989.5,2.9979,5,0.09420785884293656,0.11717323829238444,0.8828267617076155,0.31920437322478035,0.3080873337529009,0.6919126662470991,,,,0.2671886682510376,0.0845907628536224,,-2.2633062496397813,-2.019475479645307,2.0194754796453065,-0.757430587522175,-0.8090764488816073,0.8090764488816075,,,,-0.329426559959369,0.12604390324717402,0.30247512314482106,0.2123777448148294,-0.18597282190926112,0.6922886824715315,10.593446946975444,2.9979,spair
snapshots/synthetic_large_zoom_steps100_pretrainedFalse_freezeFalse_2025_12_11_12_20,synthetic_large_zoom_steps100_pretrainedFalse_freezeFalse_2025_12_11_12_20,synthetic_large_zoom,steps,100,False,False,2025_12_11_12_20,spair,5000,6369.9,1.27398,3,0.03835315777659012,0.12823207532570147,0.8717679246742985,0.21078890406748707,0.22873539099629248,0.7712646090037075,,,,0.3250285983085632,0.1388348639011383,,-3.2218104099856224,-1.9166815363177518,1.9166815363177518,-1.3201766557407015,-1.2154656794031926,1.2154656794031924,,,,-1.0223487724923206,0.20598639445508346,-0.847065110388012,-0.6792545543210394,0.08929112226187623,2.1938520502238172,-11.130147402744978,1.27398,spair
snapshots/synthetic_large_zoom_steps100_pretrainedFalse_freezeFalse_2025_12_13_11_44,synthetic_large_zoom_steps100_pretrainedFalse_freezeFalse_2025_12_13_11_44,synthetic_large_zoom,steps,100,False,False,2025_12_13_11_44,spair,5000,16201.95,3.24039,5,0.03835315777659012,0.12823207532570147,0.8717679246742985,0.21078890406748707,0.22873539099629248,0.7712646090037075,,,,0.3250285983085632,0.1388348639011383,,-3.2218104099856224,-1.9166815363177518,1.9166815363177518,-1.3201766557407015,-1.2154656794031926,1.2154656794031924,,,,-1.0223487724923206,0.20598639445508346,-0.847065110388012,-0.6792545543210394,0.08929112226187623,2.1938520502238172,-11.130147402744978,3.24039,spair
snapshots/synthetic_logsteps100_pretrainedFalse_freezeFalse_2025_12_10_12_22,synthetic_logsteps100_pretrainedFalse_freezeFalse_2025_12_10_12_22,synthetic,logsteps,100,False,False,2025_12_10_12_22,spair,5000,6568.549999999999,1.31371,3,0.14244068812095634,0.11434228946449532,0.8856577105355047,0.24981701189308467,0.2264773945380536,0.7735226054619464,,,,0.2742626965045929,0.1291054487228393,,-1.7951646556691507,-2.047134055797286,2.047134055797286,-1.099588463487,-1.2283097579100044,1.2283097579100042,,,,0.00900254915977077,0.10453392503953596,-0.3964622250748499,-0.7074349153867393,-0.15230706684498196,1.924526296100072,-4.943271491427588,1.31371,spair
snapshots/synthetic_random_flipping_steps100_pretrainedFalse_freezeFalse_2025_12_13_11_45,synthetic_random_flipping_steps100_pretrainedFalse_freezeFalse_2025_12_13_11_45,synthetic_random_flipping,steps,100,False,False,2025_12_13_11_45,spair,5000,6350.650000000001,1.2701300000000002,3,0.23701714762183734,0.11432154574560408,0.885678454254396,0.24743413077910364,0.2243249642967557,0.7756750357032443,,,,0.1852936893701553,0.1401875615119934,,-1.169103065732004,-2.0473389115376084,2.047338911537609,-1.1123441183191103,-1.240637930026034,1.2406379300260335,,,,0.4615952451837714,0.10437460944476967,-0.42251862824260045,-0.7344833596426318,-0.5757162893052873,2.2312968809221236,-8.257438259914043,1.2701300000000002,spair
snapshots/synthetic_small_zoom_steps100_pretrainedFalse_freezeFalse_2025_12_11_08_43,synthetic_small_zoom_steps100_pretrainedFalse_freezeFalse_2025_12_11_08_43,synthetic_small_zoom,steps,100,False,False,2025_12_11_08_43,spair,5000,12848.949999999999,2.56979,5,0.018249873417671952,0.13332366203414936,0.8666763379658506,0.2229993374002422,0.2224335050720839,0.7775664949279161,,,,0.3653904795646667,0.1327691376209259,,-3.985178678407039,-1.8718858734053458,1.8718858734053458,-1.248272402977683,-1.2515409610874173,1.2515409610874173,,,,-1.5742032676685986,0.24082382526670545,-0.7001838860111468,-0.7584049941808646,0.2813759089770808,2.025943057258832,-12.20853665451201,2.56979,spair
snapshots/synthetic_small_zoom_steps100_pretrainedFalse_freezeFalse_2025_12_13_11_43,synthetic_small_zoom_steps100_pretrainedFalse_freezeFalse_2025_12_13_11_43,synthetic_small_zoom,steps,100,False,False,2025_12_13_11_43,spair,5000,7235.25,1.44705,3,0.018249873417671952,0.13332366203414936,0.8666763379658506,0.2229993374002422,0.2224335050720839,0.7775664949279161,,,,0.3653904795646667,0.1327691376209259,,-3.985178678407039,-1.8718858734053458,1.8718858734053458,-1.248272402977683,-1.2515409610874173,1.2515409610874173,,,,-1.5742032676685986,0.24082382526670545,-0.7001838860111468,-0.7584049941808646,0.2813759089770808,2.025943057258832,-12.20853665451201,1.44705,spair
snapshots/synthetic_steps100_pretrainedFalse_freezeFalse_2025_12_11_06_37,synthetic_steps100_pretrainedFalse_freezeFalse_2025_12_11_06_37,synthetic,steps,100,False,False,2025_12_11_06_37,spair,5000,6814.1,1.3628200000000001,3,0.14244068812095634,0.11434228946449532,0.8856577105355047,0.24981701189308467,0.2264773945380536,0.7735226054619464,,,,0.2742626965045929,0.1291054487228393,,-1.7951646556691507,-2.047134055797286,2.047134055797286,-1.099588463487,-1.2283097579100044,1.2283097579100042,,,,0.00900254915977077,0.10453392503953596,-0.3964622250748499,-0.7074349153867393,-0.15230706684498196,1.924526296100072,-4.943271491427588,1.3628200000000001,spair
snapshots/synthetic_steps100_pretrainedFalse_freezeFalse_2025_12_13_02_37,synthetic_steps100_pretrainedFalse_freezeFalse_2025_12_13_02_37,synthetic,steps,100,False,False,2025_12_13_02_37,spair,5000,15078.15,3.01563,5,0.14244068812095634,0.11434228946449532,0.8856577105355047,0.24981701189308467,0.2264773945380536,0.7735226054619464,,,,0.2742626965045929,0.1291054487228393,,-1.7951646556691507,-2.047134055797286,2.047134055797286,-1.099588463487,-1.2283097579100044,1.2283097579100042,,,,0.00900254915977077,0.10453392503953596,-0.3964622250748499,-0.7074349153867393,-0.15230706684498196,1.924526296100072,-4.943271491427588,3.01563,spair
snapshots/flyingthings_logsteps100_pretrainedFalse_freezeFalse_2025_12_10_06_22,flyingthings_logsteps100_pretrainedFalse_freezeFalse_2025_12_10_06_22,flyingthings,logsteps,100,False,False,2025_12_10_06_22,tss,5000,111742.95,22.348589999999998,5,0.2826338847295449,0.19022310193219988,0.8097768980678002,0.35936281164093814,0.3934301028196687,0.6065698971803313,,,,0.1674795448780059,0.0387242063879966,,-0.9314339647316844,-1.4485611712448945,1.448561171244895,-0.5781307923344422,-0.43291654588689243,0.4329165458868923,,,,0.6961543563828827,0.6461800830498217,0.6462125954719895,1.2537129733551124,-0.7362364332194028,-0.7011745016349684,45.81688583731762,22.348589999999998,tss
snapshots/flyingthings_steps100_pretrainedFalse_freezeFalse_2025_12_10_19_41,flyingthings_steps100_pretrainedFalse_freezeFalse_2025_12_10_19_41,flyingthings,steps,100,False,False,2025_12_10_19_41,tss,5000,125589.8,25.11796,5,0.2826338847295449,0.19022310193219988,0.8097768980678002,0.35936281164093814,0.3934301028196687,0.6065698971803313,,,,0.1674795448780059,0.0387242063879966,,-0.9314339647316844,-1.4485611712448945,1.448561171244895,-0.5781307923344422,-0.43291654588689243,0.4329165458868923,,,,0.6961543563828827,0.6461800830498217,0.6462125954719895,1.2537129733551124,-0.7362364332194028,-0.7011745016349684,45.81688583731762,25.11796,tss
snapshots/flyingthings_steps100_pretrainedFalse_freezeFalse_2025_12_12_11_46,flyingthings_steps100_pretrainedFalse_freezeFalse_2025_12_12_11_46,flyingthings,steps,100,False,False,2025_12_12_11_46,tss,5000,111590.70000000001,22.318140000000003,5,0.2826338847295449,0.19022310193219988,0.8097768980678002,0.35936281164093814,0.3934301028196687,0.6065698971803313,,,,0.1674795448780059,0.0387242063879966,,-0.9314339647316844,-1.4485611712448945,1.448561171244895,-0.5781307923344422,-0.43291654588689243,0.4329165458868923,,,,0.6961543563828827,0.6461800830498217,0.6462125954719895,1.2537129733551124,-0.7362364332194028,-0.7011745016349684,45.81688583731762,22.318140000000003,tss
snapshots/pointodyssey_logsteps100_pretrainedFalse_freezeFalse_2025_12_10_11_40,pointodyssey_logsteps100_pretrainedFalse_freezeFalse_2025_12_10_11_40,pointodyssey,logsteps,100,False,False,2025_12_10_11_40,tss,5000,69043.80000000002,13.808760000000003,5,0.00408117935157362,0.26365794011573784,0.7363420598842622,0.4141483238151876,0.3527509206069136,0.6472490793930864,,,,0.6731200218200684,0.0187124498188495,,-5.4972797454843345,-1.0270421843954707,1.0270421843954707,-0.34684246547917147,-0.6069689957653173,0.6069689957653173,,,,-2.2573188180314623,0.9838822202709234,1.1164894936538832,0.8533235724388304,1.5812368840157893,-1.2212151375797227,39.86535183229561,13.808760000000003,tss
snapshots/pointodyssey_steps100_pretrainedFalse_freezeFalse_2025_12_11_00_21,pointodyssey_steps100_pretrainedFalse_freezeFalse_2025_12_11_00_21,pointodyssey,steps,100,False,False,2025_12_11_00_21,tss,5000,72371.6,14.47432,5,0.00408117935157362,0.26365794011573784,0.7363420598842622,0.4141483238151876,0.3527509206069136,0.6472490793930864,,,,0.6731200218200684,0.0187124498188495,,-5.4972797454843345,-1.0270421843954707,1.0270421843954707,-0.34684246547917147,-0.6069689957653173,0.6069689957653173,,,,-2.2573188180314623,0.9838822202709234,1.1164894936538832,0.8533235724388304,1.5812368840157893,-1.2212151375797227,39.86535183229561,14.47432,tss
snapshots/pointodyssey_steps100_pretrainedFalse_freezeFalse_2025_12_12_23_46,pointodyssey_steps100_pretrainedFalse_freezeFalse_2025_12_12_23_46,pointodyssey,steps,100,False,False,2025_12_12_23_46,tss,5000,76301.75,15.26035,5,0.00408117935157362,0.26365794011573784,0.7363420598842622,0.4141483238151876,0.3527509206069136,0.6472490793930864,,,,0.6731200218200684,0.0187124498188495,,-5.4972797454843345,-1.0270421843954707,1.0270421843954707,-0.34684246547917147,-0.6069689957653173,0.6069689957653173,,,,-2.2573188180314623,0.9838822202709234,1.1164894936538832,0.8533235724388304,1.5812368840157893,-1.2212151375797227,39.86535183229561,15.26035,tss
snapshots/sintel_logsteps100_pretrainedFalse_freezeFalse_2025_12_10_01_43,sintel_logsteps100_pretrainedFalse_freezeFalse_2025_12_10_01_43,sintel,logsteps,100,False,False,2025_12_10_01_43,tss,5000,110623.1,22.12462,5,0.06753539249013626,0.24880842167155007,0.75119157832845,0.3599667493838461,0.3681758873011539,0.6318241126988461,,,,0.1550674140453338,0.0444810017943382,,-2.625179402733594,-1.1049775074190094,1.1049775074190094,-0.5755084647300933,-0.5400502741140747,0.5400502741140747,,,,-0.39946559129758785,0.9214439293014406,0.6515445554051065,1.0072630710827142,-0.7931242484289548,-0.5515740638236603,34.85020781399607,22.12462,tss
snapshots/sintel_steps100_pretrainedFalse_freezeFalse_2025_12_10_17_12,sintel_steps100_pretrainedFalse_freezeFalse_2025_12_10_17_12,sintel,steps,100,False,False,2025_12_10_17_12,tss,5000,106085.1,21.21702,5,0.06753539249013626,0.24880842167155007,0.75119157832845,0.3599667493838461,0.3681758873011539,0.6318241126988461,,,,0.1550674140453338,0.0444810017943382,,-2.625179402733594,-1.1049775074190094,1.1049775074190094,-0.5755084647300933,-0.5400502741140747,0.5400502741140747,,,,-0.39946559129758785,0.9214439293014406,0.6515445554051065,1.0072630710827142,-0.7931242484289548,-0.5515740638236603,34.85020781399607,21.21702,tss
snapshots/sintel_steps100_pretrainedFalse_freezeFalse_2025_12_12_11_45,sintel_steps100_pretrainedFalse_freezeFalse_2025_12_12_11_45,sintel,steps,100,False,False,2025_12_12_11_45,tss,5000,109381.45000000001,21.87629,5,0.06753539249013626,0.24880842167155007,0.75119157832845,0.3599667493838461,0.3681758873011539,0.6318241126988461,,,,0.1550674140453338,0.0444810017943382,,-2.625179402733594,-1.1049775074190094,1.1049775074190094,-0.5755084647300933,-0.5400502741140747,0.5400502741140747,,,,-0.39946559129758785,0.9214439293014406,0.6515445554051065,1.0072630710827142,-0.7931242484289548,-0.5515740638236603,34.85020781399607,21.87629,tss
snapshots/spair_logsteps100_pretrainedFalse_freezeFalse_2025_12_10_06_41,spair_logsteps100_pretrainedFalse_freezeFalse_2025_12_10_06_41,spair,logsteps,100,False,False,2025_12_10_06_41,tss,5000,17564.9,3.51298,5,0.09820331590552803,0.10936093150247439,0.8906390684975256,0.46505151901629843,0.38896549216036236,0.6110345078396376,,,,0.3337436318397522,0.0193899981677532,,-2.217349107345649,-2.097285549398385,2.097285549398385,-0.14002225199876672,-0.4516628046351722,0.4516628046351722,,,,-0.1356555777795188,0.12645116026200254,1.5370155521857705,1.210589171794789,0.025792325788489567,-1.203607853929749,36.25597142414392,3.51298,tss
snapshots/spair_steps100_pretrainedFalse_freezeFalse_2025_12_10_22_16,spair_steps100_pretrainedFalse_freezeFalse_2025_12_10_22_16,spair,steps,100,False,False,2025_12_10_22_16,tss,5000,17549.600000000002,3.5099200000000006,5,0.09820331590552803,0.10936093150247439,0.8906390684975256,0.46505151901629843,0.38896549216036236,0.6110345078396376,,,,0.3337436318397522,0.0193899981677532,,-2.217349107345649,-2.097285549398385,2.097285549398385,-0.14002225199876672,-0.4516628046351722,0.4516628046351722,,,,-0.1356555777795188,0.12645116026200254,1.5370155521857705,1.210589171794789,0.025792325788489567,-1.203607853929749,36.25597142414392,3.5099200000000006,tss
snapshots/spair_steps100_pretrainedFalse_freezeFalse_2025_12_12_23_44,spair_steps100_pretrainedFalse_freezeFalse_2025_12_12_23_44,spair,steps,100,False,False,2025_12_12_23_44,tss,5000,19259.400000000005,3.851880000000001,5,0.09820331590552803,0.10936093150247439,0.8906390684975256,0.46505151901629843,0.38896549216036236,0.6110345078396376,,,,0.3337436318397522,0.0193899981677532,,-2.217349107345649,-2.097285549398385,2.097285549398385,-0.14002225199876672,-0.4516628046351722,0.4516628046351722,,,,-0.1356555777795188,0.12645116026200254,1.5370155521857705,1.210589171794789,0.025792325788489567,-1.203607853929749,36.25597142414392,3.851880000000001,tss
snapshots/spair_synthetic_70_30_steps100_pretrainedFalse_freezeFalse_2025_12_17_03_25,spair_synthetic_70_30_steps100_pretrainedFalse_freezeFalse_2025_12_17_03_25,spair_synthetic_70_30,steps,100,False,False,2025_12_17_03_25,tss,5000,95388.6,19.077720000000003,5,0.20164135962828172,0.15738156185552976,0.8426184381444702,0.2618612033036381,0.43841706603412023,0.5615829339658798,,,,0.1871063709259033,0.0306596495211124,,-1.376067248472054,-1.6778410445842615,1.6778410445842613,-1.036317273315061,-0.24758880113880802,0.24758880113880793,,,,0.40853787982233,0.4624913153688846,-0.28541469412865,1.6800400072157788,-0.6462819146589146,-0.9107461735257302,52.01377879110045,19.077720000000003,tss
snapshots/spair_synthetic_steps100_pretrainedFalse_freezeFalse_2025_12_16_15_25,spair_synthetic_steps100_pretrainedFalse_freezeFalse_2025_12_16_15_25,spair_synthetic_50_50,steps,100,False,False,2025_12_16_15_25,tss,5000,108058.95000000001,21.611790000000003,5,0.2587634396990833,0.16801685404374367,0.8319831459562563,0.3033871081201548,0.42663095083904823,0.5733690491609518,,,,0.1759923994541168,0.0421675592660903,,-1.0524055349222319,-1.5997478872915871,1.5997478872915871,-0.8312202899747062,-0.29561021847652375,0.2956102184765238,,,,0.6179024169655011,0.5250560560871967,0.13160753290367624,1.569571774608717,-0.6972199497033866,-0.6116929304236327,48.63398158412435,21.611790000000003,tss
snapshots/synthetic_large_zoom_steps100_pretrainedFalse_freezeFalse_2025_12_11_12_20,synthetic_large_zoom_steps100_pretrainedFalse_freezeFalse_2025_12_11_12_20,synthetic_large_zoom,steps,100,False,False,2025_12_11_12_20,tss,5000,30908.7,6.1817400000000005,3,0.17894210476578426,0.2380835282593386,0.7619164717406615,0.1928748852405142,0.338913314611434,0.661086685388566,,,,0.0972432792186737,0.0855816900730133,,-1.523531308451775,-1.1632153613674128,1.1632153613674132,-1.4314369774406064,-0.6681406084793547,0.6681406084793545,,,,0.3131489494348171,0.8747863685292808,-1.0888087581229984,0.7126046949696295,-1.058146325702942,0.5164994956539961,34.95925428903666,6.1817400000000005,tss
snapshots/synthetic_large_zoom_steps100_pretrainedFalse_freezeFalse_2025_12_13_11_44,synthetic_large_zoom_steps100_pretrainedFalse_freezeFalse_2025_12_13_11_44,synthetic_large_zoom,steps,100,False,False,2025_12_13_11_44,tss,5000,133519.2,26.703840000000003,5,0.17894210476578426,0.2380835282593386,0.7619164717406615,0.1928748852405142,0.338913314611434,0.661086685388566,,,,0.0972432792186737,0.0855816900730133,,-1.523531308451775,-1.1632153613674128,1.1632153613674132,-1.4314369774406064,-0.6681406084793547,0.6681406084793545,,,,0.3131489494348171,0.8747863685292808,-1.0888087581229984,0.7126046949696295,-1.058146325702942,0.5164994956539961,34.95925428903666,26.703840000000003,tss
snapshots/synthetic_logsteps100_pretrainedFalse_freezeFalse_2025_12_10_12_22,synthetic_logsteps100_pretrainedFalse_freezeFalse_2025_12_10_12_22,synthetic,logsteps,100,False,False,2025_12_10_12_22,tss,5000,24440.2,4.88804,3,0.3447417122523325,0.166306697202445,0.833693302797555,0.23149990085233685,0.3367490918377315,0.6632509081622685,,,,0.1433193981647491,0.0803383141756057,,-0.6422340138385951,-1.6120319350752836,1.612031935075284,-1.1998612467506131,-0.6778152438350924,0.6778152438350924,,,,0.8832268809533217,0.515214627065727,-0.6179474837827544,0.6903492113101177,-0.8469682632482628,0.3802411653688271,35.67572987521179,4.88804,tss
snapshots/synthetic_random_flipping_steps100_pretrainedFalse_freezeFalse_2025_12_13_11_45,synthetic_random_flipping_steps100_pretrainedFalse_freezeFalse_2025_12_13_11_45,synthetic_random_flipping,steps,100,False,False,2025_12_13_11_45,tss,5000,21523.45,4.30469,3,0.3711281366111789,0.10904925256895834,0.8909507474310416,0.23249109503563928,0.3345230946006758,0.6654769053993241,,,,0.1888346523046493,0.0865283459424972,,-0.5273801364664193,-2.1004895094850844,2.1004895094850844,-1.1942981585815404,-0.6877980152629288,0.6877980152629286,,,,0.9575215159640289,0.12388429090948141,-0.606636096459256,0.6673848929436282,-0.6383607806465811,0.5411000107904952,30.74820645684032,4.30469,tss
snapshots/synthetic_small_zoom_steps100_pretrainedFalse_freezeFalse_2025_12_11_08_43,synthetic_small_zoom_steps100_pretrainedFalse_freezeFalse_2025_12_11_08_43,synthetic_small_zoom,steps,100,False,False,2025_12_11_08_43,tss,5000,59369.100000000006,11.873820000000002,5,0.10347353870307549,0.2557837820268021,0.7442162179731979,0.20960221905037998,0.3344358102421152,0.6655641897578848,,,,0.1177047789096832,0.0850886106491088,,-2.1592118935228974,-1.0679991220229577,1.0679991220229579,-1.3273247994634378,-0.6881901230925294,0.6881901230925294,,,,-0.09804881011677433,0.9510693558393277,-0.877118212440155,0.6664828900180848,-0.9643662947779968,0.5036859609554027,31.46517112962882,11.873820000000002,tss
snapshots/synthetic_small_zoom_steps100_pretrainedFalse_freezeFalse_2025_12_13_11_43,synthetic_small_zoom_steps100_pretrainedFalse_freezeFalse_2025_12_13_11_43,synthetic_small_zoom,steps,100,False,False,2025_12_13_11_43,tss,5000,70378.3,14.075660000000001,3,0.10347353870307549,0.2557837820268021,0.7442162179731979,0.20960221905037998,0.3344358102421152,0.6655641897578848,,,,0.1177047789096832,0.0850886106491088,,-2.1592118935228974,-1.0679991220229577,1.0679991220229579,-1.3273247994634378,-0.6881901230925294,0.6881901230925294,,,,-0.09804881011677433,0.9510693558393277,-0.877118212440155,0.6664828900180848,-0.9643662947779968,0.5036859609554027,31.46517112962882,14.075660000000001,tss
snapshots/synthetic_steps100_pretrainedFalse_freezeFalse_2025_12_11_06_37,synthetic_steps100_pretrainedFalse_freezeFalse_2025_12_11_06_37,synthetic,steps,100,False,False,2025_12_11_06_37,tss,5000,25617.800000000003,5.12356,3,0.3447417122523325,0.166306697202445,0.833693302797555,0.23149990085233685,0.3367490918377315,0.6632509081622685,,,,0.1433193981647491,0.0803383141756057,,-0.6422340138385951,-1.6120319350752836,1.612031935075284,-1.1998612467506131,-0.6778152438350924,0.6778152438350924,,,,0.8832268809533217,0.515214627065727,-0.6179474837827544,0.6903492113101177,-0.8469682632482628,0.3802411653688271,35.67572987521179,5.12356,tss
snapshots/synthetic_steps100_pretrainedFalse_freezeFalse_2025_12_13_02_37,synthetic_steps100_pretrainedFalse_freezeFalse_2025_12_13_02_37,synthetic,steps,100,False,False,2025_12_13_02_37,tss,5000,110802.35,22.16047,5,0.3447417122523325,0.166306697202445,0.833693302797555,0.23149990085233685,0.3367490918377315,0.6632509081622685,,,,0.1433193981647491,0.0803383141756057,,-0.6422340138385951,-1.6120319350752836,1.612031935075284,-1.1998612467506131,-0.6778152438350924,0.6778152438350924,,,,0.8832268809533217,0.515214627065727,-0.6179474837827544,0.6903492113101177,-0.8469682632482628,0.3802411653688271,35.67572987521179,22.16047,tss
