run_id,run_name,train_dataset,step_tag,logsteps,pretrained,freeze,timestamp,benchmark,auc_steps,auc,auc_normalized,auc_points,flow_recall,flow_precision,flow_outside,resnet_recall,resnet_precision,resnet_outside,dino_recall,dino_precision,dino_outside,flow_mmd,feature_mmd,dino_mmd,flow_recall_logit,flow_precision_logit,flow_outside_logit,resnet_recall_logit,resnet_precision_logit,resnet_outside_logit,dino_recall_logit,dino_precision_logit,dino_outside_logit,flow_recall_logit_z,flow_precision_logit_z,resnet_recall_logit_z,resnet_precision_logit_z,flow_mmd_z,feature_mmd_z,prediction,target,fold
snapshots/flyingthings_logsteps100_pretrainedFalse_freezeFalse_2025_12_10_06_22,flyingthings_logsteps100_pretrainedFalse_freezeFalse_2025_12_10_06_22,flyingthings,logsteps,100,False,False,2025_12_10_06_22,flyingthings,5000,325530.0,65.106,5,0.29802204216020833,0.3442046172428665,0.6557953827571334,0.4057849136901841,0.37436925073848204,0.625630749261518,,,,0.120961382985115,0.0060516977682709,,-0.8567345536936865,-0.6446125256532295,0.6446125256532292,-0.3814181019971683,-0.5135177278632456,0.5135177278632457,,,,0.8263328386353612,1.2132182235629614,1.0609088328958463,1.006098672537145,-0.9338821676060277,-1.629623605930048,53.109817436401414,65.106,flyingthings
snapshots/flyingthings_logsteps100_pretrainedFalse_freezeFalse_2025_12_10_06_22,flyingthings_logsteps100_pretrainedFalse_freezeFalse_2025_12_10_06_22,flyingthings,logsteps,100,False,False,2025_12_10_06_22,kitti2012,5000,356232.15,71.24643,5,0.40695717243439034,0.05555629512221702,0.944443704877783,0.37591873432511413,0.2106714357042166,0.7893285642957835,,,,0.3795063495635986,0.0222196206450462,,-0.376558665782417,-2.833199248874027,2.8331992488740263,-0.5069076054272054,-1.3208829224035434,1.3208829224035439,,,,1.128701562367098,-0.5550144855446317,0.8136817749174355,-0.8507951898326618,0.210578835080802,-1.1932824070580825,41.18645354865747,71.24643,flyingthings
snapshots/flyingthings_logsteps100_pretrainedFalse_freezeFalse_2025_12_10_06_22,flyingthings_logsteps100_pretrainedFalse_freezeFalse_2025_12_10_06_22,flyingthings,logsteps,100,False,False,2025_12_10_06_22,middlebury,5000,209433.2,41.88664,5,0.29838550036559086,0.06671639320341378,0.9332836067965862,0.34331084808352363,0.41708274420570207,0.5829172557942979,,,,0.0860338509082794,0.0204798858612775,,-0.8549978314892076,-2.638258429756175,2.6382584297561746,-0.6485744745827918,-0.3347606184995471,0.334760618499547,,,,0.8274264597222697,-0.39751525142831595,0.5345836645812619,1.4172298204700426,-1.0884904700264015,-1.240234508886781,33.98787689432284,41.88664,flyingthings
snapshots/flyingthings_logsteps100_pretrainedFalse_freezeFalse_2025_12_10_06_22,flyingthings_logsteps100_pretrainedFalse_freezeFalse_2025_12_10_06_22,flyingthings,logsteps,100,False,False,2025_12_10_06_22,pfpascal,5000,56400.1,11.28002,5,0.24287120836394,0.17258085962646133,0.8274191403735387,0.359136189177216,0.2024012012866136,0.7975987987133863,,,,0.203537255525589,0.0530802756547927,,-1.1370020771233191,-1.567445508816546,1.5674455088165462,-0.5791152971418884,-1.3713538399136087,1.3713538399136085,,,,0.64984723097292,0.46763046660566526,0.6714252937131264,-0.9668754191841084,-0.5683563283833061,-0.36041257538229804,10.490281510055883,11.28002,flyingthings
snapshots/flyingthings_logsteps100_pretrainedFalse_freezeFalse_2025_12_10_06_22,flyingthings_logsteps100_pretrainedFalse_freezeFalse_2025_12_10_06_22,flyingthings,logsteps,100,False,False,2025_12_10_06_22,pfwillow,5000,62861.049999999996,12.572209999999998,5,0.18840606858816797,0.09377621517890769,0.9062237848210923,0.3231465107329058,0.36291376886619464,0.6370862311338054,,,,0.3096532523632049,0.1238195747137069,,-1.4604005577962051,-2.2683750243197687,2.268375024319769,-0.7393490237936415,-0.5627397623948225,0.5627397623948226,,,,0.44620188284183515,-0.0986740270393404,0.35574858971600304,0.8928908027489486,-0.09862906295219019,1.548705299188207,6.9425718004958625,12.572209999999998,flyingthings
snapshots/flyingthings_logsteps100_pretrainedFalse_freezeFalse_2025_12_10_06_22,flyingthings_logsteps100_pretrainedFalse_freezeFalse_2025_12_10_06_22,flyingthings,logsteps,100,False,False,2025_12_10_06_22,pointodyssey,5000,168110.3,33.62206,5,0.4122196981863808,0.01612767000151461,0.9838723299984854,0.25145673986796657,0.36726840198275523,0.6327315980172448,,,,0.2527019083499908,0.0285462290048599,,-0.3547967864592523,-4.11095971223401,4.110959712234011,-1.0908580316897827,-0.5439533951456732,0.5439533951456732,,,,1.1424051069277636,-1.5873600726514652,-0.33675983130522513,0.9360983750806158,-0.35072676625031285,-1.0225393934035605,18.82007587808624,33.62206,flyingthings
snapshots/flyingthings_logsteps100_pretrainedFalse_freezeFalse_2025_12_10_06_22,flyingthings_logsteps100_pretrainedFalse_freezeFalse_2025_12_10_06_22,flyingthings,logsteps,100,False,False,2025_12_10_06_22,spair,5000,13290.550000000001,2.65811,5,0.07275440486615477,0.11119906435353334,0.8888009356464667,0.3639400558766407,0.2765998229205412,0.7234001770794588,,,,0.3054104149341583,0.0825123786926269,,-2.5451290136891025,-2.078551323338259,2.078551323338259,-0.5583036382473445,-0.9613907852757672,0.9613907852757672,,,,-0.23685606959004718,0.054690915495542225,0.7124263739589882,-0.02398379454721153,-0.11741017496741808,0.4339033811404495,3.4607097408648126,2.65811,flyingthings
snapshots/flyingthings_logsteps100_pretrainedFalse_freezeFalse_2025_12_10_06_22,flyingthings_logsteps100_pretrainedFalse_freezeFalse_2025_12_10_06_22,flyingthings,logsteps,100,False,False,2025_12_10_06_22,tss,5000,111742.95,22.348589999999998,5,0.2826338847295449,0.19022310193219988,0.8097768980678002,0.35936281164093814,0.3934301028196687,0.6065698971803313,,,,0.1674795448780059,0.0387242063879966,,-0.9314339647316844,-1.4485611712448945,1.448561171244895,-0.5781307923344422,-0.43291654588689243,0.4329165458868923,,,,0.7792943134871646,0.5636811152111832,0.6733648681034755,1.1914767903006445,-0.7279674174268735,-0.7478553237616232,15.24515164513949,22.348589999999998,flyingthings
snapshots/flyingthings_steps100_pretrainedFalse_freezeFalse_2025_12_10_19_41,flyingthings_steps100_pretrainedFalse_freezeFalse_2025_12_10_19_41,flyingthings,steps,100,False,False,2025_12_10_19_41,flyingthings,5000,332435.94999999995,66.48718999999998,5,0.29802204216020833,0.3442046172428665,0.6557953827571334,0.4057849136901841,0.37436925073848204,0.625630749261518,,,,0.120961382985115,0.0060516977682709,,-0.8567345536936865,-0.6446125256532295,0.6446125256532292,-0.3814181019971683,-0.5135177278632456,0.5135177278632457,,,,0.8263328386353612,1.2132182235629614,1.0609088328958463,1.006098672537145,-0.9338821676060277,-1.629623605930048,53.109817436401414,66.48718999999998,flyingthings
snapshots/flyingthings_steps100_pretrainedFalse_freezeFalse_2025_12_10_19_41,flyingthings_steps100_pretrainedFalse_freezeFalse_2025_12_10_19_41,flyingthings,steps,100,False,False,2025_12_10_19_41,kitti2012,5000,356160.25,71.23205,5,0.40695717243439034,0.05555629512221702,0.944443704877783,0.37591873432511413,0.2106714357042166,0.7893285642957835,,,,0.3795063495635986,0.0222196206450462,,-0.376558665782417,-2.833199248874027,2.8331992488740263,-0.5069076054272054,-1.3208829224035434,1.3208829224035439,,,,1.128701562367098,-0.5550144855446317,0.8136817749174355,-0.8507951898326618,0.210578835080802,-1.1932824070580825,41.18645354865747,71.23205,flyingthings
snapshots/flyingthings_steps100_pretrainedFalse_freezeFalse_2025_12_10_19_41,flyingthings_steps100_pretrainedFalse_freezeFalse_2025_12_10_19_41,flyingthings,steps,100,False,False,2025_12_10_19_41,middlebury,5000,209441.59999999998,41.88831999999999,5,0.29838550036559086,0.06671639320341378,0.9332836067965862,0.34331084808352363,0.41708274420570207,0.5829172557942979,,,,0.0860338509082794,0.0204798858612775,,-0.8549978314892076,-2.638258429756175,2.6382584297561746,-0.6485744745827918,-0.3347606184995471,0.334760618499547,,,,0.8274264597222697,-0.39751525142831595,0.5345836645812619,1.4172298204700426,-1.0884904700264015,-1.240234508886781,33.98787689432284,41.88831999999999,flyingthings
snapshots/flyingthings_steps100_pretrainedFalse_freezeFalse_2025_12_10_19_41,flyingthings_steps100_pretrainedFalse_freezeFalse_2025_12_10_19_41,flyingthings,steps,100,False,False,2025_12_10_19_41,pfpascal,5000,61360.0,12.272,5,0.24287120836394,0.17258085962646133,0.8274191403735387,0.359136189177216,0.2024012012866136,0.7975987987133863,,,,0.203537255525589,0.0530802756547927,,-1.1370020771233191,-1.567445508816546,1.5674455088165462,-0.5791152971418884,-1.3713538399136087,1.3713538399136085,,,,0.64984723097292,0.46763046660566526,0.6714252937131264,-0.9668754191841084,-0.5683563283833061,-0.36041257538229804,10.490281510055883,12.272,flyingthings
snapshots/flyingthings_steps100_pretrainedFalse_freezeFalse_2025_12_10_19_41,flyingthings_steps100_pretrainedFalse_freezeFalse_2025_12_10_19_41,flyingthings,steps,100,False,False,2025_12_10_19_41,pfwillow,5000,68583.35,13.71667,5,0.18840606858816797,0.09377621517890769,0.9062237848210923,0.3231465107329058,0.36291376886619464,0.6370862311338054,,,,0.3096532523632049,0.1238195747137069,,-1.4604005577962051,-2.2683750243197687,2.268375024319769,-0.7393490237936415,-0.5627397623948225,0.5627397623948226,,,,0.44620188284183515,-0.0986740270393404,0.35574858971600304,0.8928908027489486,-0.09862906295219019,1.548705299188207,6.9425718004958625,13.71667,flyingthings
snapshots/flyingthings_steps100_pretrainedFalse_freezeFalse_2025_12_10_19_41,flyingthings_steps100_pretrainedFalse_freezeFalse_2025_12_10_19_41,flyingthings,steps,100,False,False,2025_12_10_19_41,pointodyssey,5000,130240.70000000001,26.048140000000004,5,0.4122196981863808,0.01612767000151461,0.9838723299984854,0.25145673986796657,0.36726840198275523,0.6327315980172448,,,,0.2527019083499908,0.0285462290048599,,-0.3547967864592523,-4.11095971223401,4.110959712234011,-1.0908580316897827,-0.5439533951456732,0.5439533951456732,,,,1.1424051069277636,-1.5873600726514652,-0.33675983130522513,0.9360983750806158,-0.35072676625031285,-1.0225393934035605,18.82007587808624,26.048140000000004,flyingthings
snapshots/flyingthings_steps100_pretrainedFalse_freezeFalse_2025_12_10_19_41,flyingthings_steps100_pretrainedFalse_freezeFalse_2025_12_10_19_41,flyingthings,steps,100,False,False,2025_12_10_19_41,spair,5000,13430.75,2.68615,5,0.07275440486615477,0.11119906435353334,0.8888009356464667,0.3639400558766407,0.2765998229205412,0.7234001770794588,,,,0.3054104149341583,0.0825123786926269,,-2.5451290136891025,-2.078551323338259,2.078551323338259,-0.5583036382473445,-0.9613907852757672,0.9613907852757672,,,,-0.23685606959004718,0.054690915495542225,0.7124263739589882,-0.02398379454721153,-0.11741017496741808,0.4339033811404495,3.4607097408648126,2.68615,flyingthings
snapshots/flyingthings_steps100_pretrainedFalse_freezeFalse_2025_12_10_19_41,flyingthings_steps100_pretrainedFalse_freezeFalse_2025_12_10_19_41,flyingthings,steps,100,False,False,2025_12_10_19_41,tss,5000,125589.8,25.11796,5,0.2826338847295449,0.19022310193219988,0.8097768980678002,0.35936281164093814,0.3934301028196687,0.6065698971803313,,,,0.1674795448780059,0.0387242063879966,,-0.9314339647316844,-1.4485611712448945,1.448561171244895,-0.5781307923344422,-0.43291654588689243,0.4329165458868923,,,,0.7792943134871646,0.5636811152111832,0.6733648681034755,1.1914767903006445,-0.7279674174268735,-0.7478553237616232,15.24515164513949,25.11796,flyingthings
snapshots/flyingthings_steps100_pretrainedFalse_freezeFalse_2025_12_12_11_46,flyingthings_steps100_pretrainedFalse_freezeFalse_2025_12_12_11_46,flyingthings,steps,100,False,False,2025_12_12_11_46,flyingthings,5000,329197.19999999995,65.83944,5,0.29802204216020833,0.3442046172428665,0.6557953827571334,0.4057849136901841,0.37436925073848204,0.625630749261518,,,,0.120961382985115,0.0060516977682709,,-0.8567345536936865,-0.6446125256532295,0.6446125256532292,-0.3814181019971683,-0.5135177278632456,0.5135177278632457,,,,0.8263328386353612,1.2132182235629614,1.0609088328958463,1.006098672537145,-0.9338821676060277,-1.629623605930048,53.109817436401414,65.83944,flyingthings
snapshots/flyingthings_steps100_pretrainedFalse_freezeFalse_2025_12_12_11_46,flyingthings_steps100_pretrainedFalse_freezeFalse_2025_12_12_11_46,flyingthings,steps,100,False,False,2025_12_12_11_46,kitti2012,5000,345523.6,69.10472,5,0.40695717243439034,0.05555629512221702,0.944443704877783,0.37591873432511413,0.2106714357042166,0.7893285642957835,,,,0.3795063495635986,0.0222196206450462,,-0.376558665782417,-2.833199248874027,2.8331992488740263,-0.5069076054272054,-1.3208829224035434,1.3208829224035439,,,,1.128701562367098,-0.5550144855446317,0.8136817749174355,-0.8507951898326618,0.210578835080802,-1.1932824070580825,41.18645354865747,69.10472,flyingthings
snapshots/flyingthings_steps100_pretrainedFalse_freezeFalse_2025_12_12_11_46,flyingthings_steps100_pretrainedFalse_freezeFalse_2025_12_12_11_46,flyingthings,steps,100,False,False,2025_12_12_11_46,middlebury,5000,204758.95,40.95179,5,0.29838550036559086,0.06671639320341378,0.9332836067965862,0.34331084808352363,0.41708274420570207,0.5829172557942979,,,,0.0860338509082794,0.0204798858612775,,-0.8549978314892076,-2.638258429756175,2.6382584297561746,-0.6485744745827918,-0.3347606184995471,0.334760618499547,,,,0.8274264597222697,-0.39751525142831595,0.5345836645812619,1.4172298204700426,-1.0884904700264015,-1.240234508886781,33.98787689432284,40.95179,flyingthings
snapshots/flyingthings_steps100_pretrainedFalse_freezeFalse_2025_12_12_11_46,flyingthings_steps100_pretrainedFalse_freezeFalse_2025_12_12_11_46,flyingthings,steps,100,False,False,2025_12_12_11_46,pfpascal,5000,56690.75,11.33815,5,0.24287120836394,0.17258085962646133,0.8274191403735387,0.359136189177216,0.2024012012866136,0.7975987987133863,,,,0.203537255525589,0.0530802756547927,,-1.1370020771233191,-1.567445508816546,1.5674455088165462,-0.5791152971418884,-1.3713538399136087,1.3713538399136085,,,,0.64984723097292,0.46763046660566526,0.6714252937131264,-0.9668754191841084,-0.5683563283833061,-0.36041257538229804,10.490281510055883,11.33815,flyingthings
snapshots/flyingthings_steps100_pretrainedFalse_freezeFalse_2025_12_12_11_46,flyingthings_steps100_pretrainedFalse_freezeFalse_2025_12_12_11_46,flyingthings,steps,100,False,False,2025_12_12_11_46,pfwillow,5000,66288.95,13.25779,5,0.18840606858816797,0.09377621517890769,0.9062237848210923,0.3231465107329058,0.36291376886619464,0.6370862311338054,,,,0.3096532523632049,0.1238195747137069,,-1.4604005577962051,-2.2683750243197687,2.268375024319769,-0.7393490237936415,-0.5627397623948225,0.5627397623948226,,,,0.44620188284183515,-0.0986740270393404,0.35574858971600304,0.8928908027489486,-0.09862906295219019,1.548705299188207,6.9425718004958625,13.25779,flyingthings
snapshots/flyingthings_steps100_pretrainedFalse_freezeFalse_2025_12_12_11_46,flyingthings_steps100_pretrainedFalse_freezeFalse_2025_12_12_11_46,flyingthings,steps,100,False,False,2025_12_12_11_46,pointodyssey,5000,162446.65000000002,32.48933,5,0.4122196981863808,0.01612767000151461,0.9838723299984854,0.25145673986796657,0.36726840198275523,0.6327315980172448,,,,0.2527019083499908,0.0285462290048599,,-0.3547967864592523,-4.11095971223401,4.110959712234011,-1.0908580316897827,-0.5439533951456732,0.5439533951456732,,,,1.1424051069277636,-1.5873600726514652,-0.33675983130522513,0.9360983750806158,-0.35072676625031285,-1.0225393934035605,18.82007587808624,32.48933,flyingthings
snapshots/flyingthings_steps100_pretrainedFalse_freezeFalse_2025_12_12_11_46,flyingthings_steps100_pretrainedFalse_freezeFalse_2025_12_12_11_46,flyingthings,steps,100,False,False,2025_12_12_11_46,spair,5000,13688.099999999999,2.7376199999999997,5,0.07275440486615477,0.11119906435353334,0.8888009356464667,0.3639400558766407,0.2765998229205412,0.7234001770794588,,,,0.3054104149341583,0.0825123786926269,,-2.5451290136891025,-2.078551323338259,2.078551323338259,-0.5583036382473445,-0.9613907852757672,0.9613907852757672,,,,-0.23685606959004718,0.054690915495542225,0.7124263739589882,-0.02398379454721153,-0.11741017496741808,0.4339033811404495,3.4607097408648126,2.7376199999999997,flyingthings
snapshots/flyingthings_steps100_pretrainedFalse_freezeFalse_2025_12_12_11_46,flyingthings_steps100_pretrainedFalse_freezeFalse_2025_12_12_11_46,flyingthings,steps,100,False,False,2025_12_12_11_46,tss,5000,111590.70000000001,22.318140000000003,5,0.2826338847295449,0.19022310193219988,0.8097768980678002,0.35936281164093814,0.3934301028196687,0.6065698971803313,,,,0.1674795448780059,0.0387242063879966,,-0.9314339647316844,-1.4485611712448945,1.448561171244895,-0.5781307923344422,-0.43291654588689243,0.4329165458868923,,,,0.7792943134871646,0.5636811152111832,0.6733648681034755,1.1914767903006445,-0.7279674174268735,-0.7478553237616232,15.24515164513949,22.318140000000003,flyingthings
snapshots/pointodyssey_logsteps100_pretrainedFalse_freezeFalse_2025_12_10_11_40,pointodyssey_logsteps100_pretrainedFalse_freezeFalse_2025_12_10_11_40,pointodyssey,logsteps,100,False,False,2025_12_10_11_40,flyingthings,5000,302083.5,60.4167,5,0.011720746075177535,0.4954926200048128,0.5045073799951871,0.3950082247167559,0.2794855929302831,0.7205144070697169,,,,0.6785438060760498,0.0284111928194761,,-4.43460486306964,-0.018030008399606005,0.018030008399605797,-0.42630827661320203,-0.9470146657726355,0.9470146657726354,,,,-2.7735219871567227,1.8435045739978315,1.0625547842868057,-0.07900718555930741,3.4905147745088367,-1.0017810878205093,9.632496783937441,60.4167,pointodyssey
snapshots/pointodyssey_logsteps100_pretrainedFalse_freezeFalse_2025_12_10_11_40,pointodyssey_logsteps100_pretrainedFalse_freezeFalse_2025_12_10_11_40,pointodyssey,logsteps,100,False,False,2025_12_10_11_40,kitti2012,5000,336456.95,67.29139,5,0.04645995012679681,0.11872465304052665,0.8812753469594734,0.3816639411454963,0.14707171947490544,0.8529282805250946,,,,1.0156478881835938,0.053868368268013,,-3.021590773295423,-2.004563144168358,2.0045631441683582,-0.48249160802343133,-1.7577551094691022,1.7577551094691024,,,,-1.3937253516285892,0.22451190059170206,0.947709525545199,-1.9402358567185862,6.253125486752488,-0.338316191073536,6.280025746719325,67.29139,pointodyssey
snapshots/pointodyssey_logsteps100_pretrainedFalse_freezeFalse_2025_12_10_11_40,pointodyssey_logsteps100_pretrainedFalse_freezeFalse_2025_12_10_11_40,pointodyssey,logsteps,100,False,False,2025_12_10_11_40,middlebury,5000,210366.74999999997,42.07334999999999,5,0.018953212297502166,0.23519000750179145,0.7648099924982086,0.36770262317897073,0.35509226882697453,0.6449077311730255,,,,0.5650716423988342,0.0374895259737968,,-3.946646720771826,-1.1792336971462953,1.1792336971462956,-0.5420852941243304,-0.5967295862251187,0.5967295862251186,,,,-2.297034875036939,0.8971421748196553,0.8258931054819035,0.7251473847500463,2.560595999997725,-0.7651815726448311,14.178699997848595,42.07334999999999,pointodyssey
snapshots/pointodyssey_logsteps100_pretrainedFalse_freezeFalse_2025_12_10_11_40,pointodyssey_logsteps100_pretrainedFalse_freezeFalse_2025_12_10_11_40,pointodyssey,logsteps,100,False,False,2025_12_10_11_40,pfpascal,5000,29246.65,5.84933,5,0.0038986585003528812,0.2381245539543177,0.7618754460456822,0.41915466822997605,0.17621831318750086,0.8237816868124992,,,,0.8396538496017456,0.0300277210772037,,-5.543216481207803,-1.1629892129717019,1.1629892129717017,-0.32624452263797765,-1.5421819094210212,1.5421819094210214,,,,-3.8560721130785796,0.9103811691200202,1.2670967263092896,-1.4453413145964713,4.810832016921037,-0.9596511289894543,-17.4105697216047,5.84933,pointodyssey
snapshots/pointodyssey_logsteps100_pretrainedFalse_freezeFalse_2025_12_10_11_40,pointodyssey_logsteps100_pretrainedFalse_freezeFalse_2025_12_10_11_40,pointodyssey,logsteps,100,False,False,2025_12_10_11_40,pfwillow,5000,40911.1,8.18222,5,0.0032292982007029623,0.15228295424699248,0.8477170457530075,0.38011184849167895,0.3265369296798365,0.6734630703201635,,,,0.804984450340271,0.1024791523814201,,-5.732255917042604,-1.7168065762252145,1.7168065762252147,-0.48907351342446853,-0.7238901117916602,0.7238901117916602,,,,-4.040667567175342,0.4590288924485516,0.934255345990135,0.4332231100154085,4.526711892394491,0.9285780457906184,-14.761329999868902,8.18222,pointodyssey
snapshots/pointodyssey_logsteps100_pretrainedFalse_freezeFalse_2025_12_10_11_40,pointodyssey_logsteps100_pretrainedFalse_freezeFalse_2025_12_10_11_40,pointodyssey,logsteps,100,False,False,2025_12_10_11_40,pointodyssey,5000,99204.9,19.84098,5,0.10896048940877356,0.15270063117932753,0.8472993688206725,0.2975566426125626,0.32459599663343575,0.6754040033665643,,,,0.2805671989917755,0.0461983606219291,,-2.1014034365573657,-1.7135747325980282,1.7135747325980282,-0.8589601657045158,-0.7327297135606865,0.7327297135606865,,,,-0.4951699865581365,0.46166279321758363,0.17816404239694067,0.4129299072005484,0.2290459988128865,-0.5382119273952974,27.566177018233883,19.84098,pointodyssey
snapshots/pointodyssey_logsteps100_pretrainedFalse_freezeFalse_2025_12_10_11_40,pointodyssey_logsteps100_pretrainedFalse_freezeFalse_2025_12_10_11_40,pointodyssey,logsteps,100,False,False,2025_12_10_11_40,spair,5000,9329.6,1.86592,5,0.0006376658773013244,0.12041113348616866,0.8795888665138314,0.4296341672615527,0.253888317954017,0.746111682045983,,,,0.9863914251327516,0.0372311100363731,,-7.357058245816752,-1.9885426017433765,1.988542601743377,-0.2833438940134807,-1.0779808196043372,1.0779808196043372,,,,-5.627273675964445,0.23756838595458005,1.3547905969091538,-0.3796680966539074,6.013365061066416,-0.771916408706561,-30.118986394499686,1.86592,pointodyssey
snapshots/pointodyssey_logsteps100_pretrainedFalse_freezeFalse_2025_12_10_11_40,pointodyssey_logsteps100_pretrainedFalse_freezeFalse_2025_12_10_11_40,pointodyssey,logsteps,100,False,False,2025_12_10_11_40,tss,5000,69043.80000000002,13.808760000000003,5,0.00408117935157362,0.26365794011573784,0.7363420598842622,0.4141483238151876,0.3527509206069136,0.6472490793930864,,,,0.6731200218200684,0.0187124498188495,,-5.4972797454843345,-1.0270421843954707,1.0270421843954707,-0.34684246547917147,-0.6069689957653173,0.6069689957653173,,,,-3.8112152685098786,1.0211758189918325,1.2249921373544412,0.7016406228015891,3.4460661745607277,-1.2545497241719543,-8.476362479462905,13.808760000000003,pointodyssey
snapshots/pointodyssey_steps100_pretrainedFalse_freezeFalse_2025_12_11_00_21,pointodyssey_steps100_pretrainedFalse_freezeFalse_2025_12_11_00_21,pointodyssey,steps,100,False,False,2025_12_11_00_21,flyingthings,5000,296529.65,59.305930000000004,5,0.011720746075177535,0.4954926200048128,0.5045073799951871,0.3950082247167559,0.2794855929302831,0.7205144070697169,,,,0.6785438060760498,0.0284111928194761,,-4.43460486306964,-0.018030008399606005,0.018030008399605797,-0.42630827661320203,-0.9470146657726355,0.9470146657726354,,,,-2.7735219871567227,1.8435045739978315,1.0625547842868057,-0.07900718555930741,3.4905147745088367,-1.0017810878205093,9.632496783937441,59.305930000000004,pointodyssey
snapshots/pointodyssey_steps100_pretrainedFalse_freezeFalse_2025_12_11_00_21,pointodyssey_steps100_pretrainedFalse_freezeFalse_2025_12_11_00_21,pointodyssey,steps,100,False,False,2025_12_11_00_21,kitti2012,5000,299172.04999999993,59.834409999999984,5,0.04645995012679681,0.11872465304052665,0.8812753469594734,0.3816639411454963,0.14707171947490544,0.8529282805250946,,,,1.0156478881835938,0.053868368268013,,-3.021590773295423,-2.004563144168358,2.0045631441683582,-0.48249160802343133,-1.7577551094691022,1.7577551094691024,,,,-1.3937253516285892,0.22451190059170206,0.947709525545199,-1.9402358567185862,6.253125486752488,-0.338316191073536,6.280025746719325,59.834409999999984,pointodyssey
snapshots/pointodyssey_steps100_pretrainedFalse_freezeFalse_2025_12_11_00_21,pointodyssey_steps100_pretrainedFalse_freezeFalse_2025_12_11_00_21,pointodyssey,steps,100,False,False,2025_12_11_00_21,middlebury,5000,209022.35,41.80447,5,0.018953212297502166,0.23519000750179145,0.7648099924982086,0.36770262317897073,0.35509226882697453,0.6449077311730255,,,,0.5650716423988342,0.0374895259737968,,-3.946646720771826,-1.1792336971462953,1.1792336971462956,-0.5420852941243304,-0.5967295862251187,0.5967295862251186,,,,-2.297034875036939,0.8971421748196553,0.8258931054819035,0.7251473847500463,2.560595999997725,-0.7651815726448311,14.178699997848595,41.80447,pointodyssey
snapshots/pointodyssey_steps100_pretrainedFalse_freezeFalse_2025_12_11_00_21,pointodyssey_steps100_pretrainedFalse_freezeFalse_2025_12_11_00_21,pointodyssey,steps,100,False,False,2025_12_11_00_21,pfpascal,5000,33090.5,6.6181,5,0.0038986585003528812,0.2381245539543177,0.7618754460456822,0.41915466822997605,0.17621831318750086,0.8237816868124992,,,,0.8396538496017456,0.0300277210772037,,-5.543216481207803,-1.1629892129717019,1.1629892129717017,-0.32624452263797765,-1.5421819094210212,1.5421819094210214,,,,-3.8560721130785796,0.9103811691200202,1.2670967263092896,-1.4453413145964713,4.810832016921037,-0.9596511289894543,-17.4105697216047,6.6181,pointodyssey
snapshots/pointodyssey_steps100_pretrainedFalse_freezeFalse_2025_12_11_00_21,pointodyssey_steps100_pretrainedFalse_freezeFalse_2025_12_11_00_21,pointodyssey,steps,100,False,False,2025_12_11_00_21,pfwillow,5000,41099.9,8.21998,5,0.0032292982007029623,0.15228295424699248,0.8477170457530075,0.38011184849167895,0.3265369296798365,0.6734630703201635,,,,0.804984450340271,0.1024791523814201,,-5.732255917042604,-1.7168065762252145,1.7168065762252147,-0.48907351342446853,-0.7238901117916602,0.7238901117916602,,,,-4.040667567175342,0.4590288924485516,0.934255345990135,0.4332231100154085,4.526711892394491,0.9285780457906184,-14.761329999868902,8.21998,pointodyssey
snapshots/pointodyssey_steps100_pretrainedFalse_freezeFalse_2025_12_11_00_21,pointodyssey_steps100_pretrainedFalse_freezeFalse_2025_12_11_00_21,pointodyssey,steps,100,False,False,2025_12_11_00_21,pointodyssey,5000,177817.75,35.56355,5,0.10896048940877356,0.15270063117932753,0.8472993688206725,0.2975566426125626,0.32459599663343575,0.6754040033665643,,,,0.2805671989917755,0.0461983606219291,,-2.1014034365573657,-1.7135747325980282,1.7135747325980282,-0.8589601657045158,-0.7327297135606865,0.7327297135606865,,,,-0.4951699865581365,0.46166279321758363,0.17816404239694067,0.4129299072005484,0.2290459988128865,-0.5382119273952974,27.566177018233883,35.56355,pointodyssey
snapshots/pointodyssey_steps100_pretrainedFalse_freezeFalse_2025_12_11_00_21,pointodyssey_steps100_pretrainedFalse_freezeFalse_2025_12_11_00_21,pointodyssey,steps,100,False,False,2025_12_11_00_21,spair,5000,10794.85,2.15897,5,0.0006376658773013244,0.12041113348616866,0.8795888665138314,0.4296341672615527,0.253888317954017,0.746111682045983,,,,0.9863914251327516,0.0372311100363731,,-7.357058245816752,-1.9885426017433765,1.988542601743377,-0.2833438940134807,-1.0779808196043372,1.0779808196043372,,,,-5.627273675964445,0.23756838595458005,1.3547905969091538,-0.3796680966539074,6.013365061066416,-0.771916408706561,-30.118986394499686,2.15897,pointodyssey
snapshots/pointodyssey_steps100_pretrainedFalse_freezeFalse_2025_12_11_00_21,pointodyssey_steps100_pretrainedFalse_freezeFalse_2025_12_11_00_21,pointodyssey,steps,100,False,False,2025_12_11_00_21,tss,5000,72371.6,14.47432,5,0.00408117935157362,0.26365794011573784,0.7363420598842622,0.4141483238151876,0.3527509206069136,0.6472490793930864,,,,0.6731200218200684,0.0187124498188495,,-5.4972797454843345,-1.0270421843954707,1.0270421843954707,-0.34684246547917147,-0.6069689957653173,0.6069689957653173,,,,-3.8112152685098786,1.0211758189918325,1.2249921373544412,0.7016406228015891,3.4460661745607277,-1.2545497241719543,-8.476362479462905,14.47432,pointodyssey
snapshots/pointodyssey_steps100_pretrainedFalse_freezeFalse_2025_12_12_23_46,pointodyssey_steps100_pretrainedFalse_freezeFalse_2025_12_12_23_46,pointodyssey,steps,100,False,False,2025_12_12_23_46,flyingthings,5000,300564.85,60.11297,5,0.011720746075177535,0.4954926200048128,0.5045073799951871,0.3950082247167559,0.2794855929302831,0.7205144070697169,,,,0.6785438060760498,0.0284111928194761,,-4.43460486306964,-0.018030008399606005,0.018030008399605797,-0.42630827661320203,-0.9470146657726355,0.9470146657726354,,,,-2.7735219871567227,1.8435045739978315,1.0625547842868057,-0.07900718555930741,3.4905147745088367,-1.0017810878205093,9.632496783937441,60.11297,pointodyssey
snapshots/pointodyssey_steps100_pretrainedFalse_freezeFalse_2025_12_12_23_46,pointodyssey_steps100_pretrainedFalse_freezeFalse_2025_12_12_23_46,pointodyssey,steps,100,False,False,2025_12_12_23_46,kitti2012,5000,328431.4,65.68628000000001,5,0.04645995012679681,0.11872465304052665,0.8812753469594734,0.3816639411454963,0.14707171947490544,0.8529282805250946,,,,1.0156478881835938,0.053868368268013,,-3.021590773295423,-2.004563144168358,2.0045631441683582,-0.48249160802343133,-1.7577551094691022,1.7577551094691024,,,,-1.3937253516285892,0.22451190059170206,0.947709525545199,-1.9402358567185862,6.253125486752488,-0.338316191073536,6.280025746719325,65.68628000000001,pointodyssey
snapshots/pointodyssey_steps100_pretrainedFalse_freezeFalse_2025_12_12_23_46,pointodyssey_steps100_pretrainedFalse_freezeFalse_2025_12_12_23_46,pointodyssey,steps,100,False,False,2025_12_12_23_46,middlebury,5000,207275.25,41.45505,5,0.018953212297502166,0.23519000750179145,0.7648099924982086,0.36770262317897073,0.35509226882697453,0.6449077311730255,,,,0.5650716423988342,0.0374895259737968,,-3.946646720771826,-1.1792336971462953,1.1792336971462956,-0.5420852941243304,-0.5967295862251187,0.5967295862251186,,,,-2.297034875036939,0.8971421748196553,0.8258931054819035,0.7251473847500463,2.560595999997725,-0.7651815726448311,14.178699997848595,41.45505,pointodyssey
snapshots/pointodyssey_steps100_pretrainedFalse_freezeFalse_2025_12_12_23_46,pointodyssey_steps100_pretrainedFalse_freezeFalse_2025_12_12_23_46,pointodyssey,steps,100,False,False,2025_12_12_23_46,pfpascal,5000,31813.549999999996,6.362709999999999,5,0.0038986585003528812,0.2381245539543177,0.7618754460456822,0.41915466822997605,0.17621831318750086,0.8237816868124992,,,,0.8396538496017456,0.0300277210772037,,-5.543216481207803,-1.1629892129717019,1.1629892129717017,-0.32624452263797765,-1.5421819094210212,1.5421819094210214,,,,-3.8560721130785796,0.9103811691200202,1.2670967263092896,-1.4453413145964713,4.810832016921037,-0.9596511289894543,-17.4105697216047,6.362709999999999,pointodyssey
snapshots/pointodyssey_steps100_pretrainedFalse_freezeFalse_2025_12_12_23_46,pointodyssey_steps100_pretrainedFalse_freezeFalse_2025_12_12_23_46,pointodyssey,steps,100,False,False,2025_12_12_23_46,pfwillow,5000,39622.24999999999,7.924449999999998,5,0.0032292982007029623,0.15228295424699248,0.8477170457530075,0.38011184849167895,0.3265369296798365,0.6734630703201635,,,,0.804984450340271,0.1024791523814201,,-5.732255917042604,-1.7168065762252145,1.7168065762252147,-0.48907351342446853,-0.7238901117916602,0.7238901117916602,,,,-4.040667567175342,0.4590288924485516,0.934255345990135,0.4332231100154085,4.526711892394491,0.9285780457906184,-14.761329999868902,7.924449999999998,pointodyssey
snapshots/pointodyssey_steps100_pretrainedFalse_freezeFalse_2025_12_12_23_46,pointodyssey_steps100_pretrainedFalse_freezeFalse_2025_12_12_23_46,pointodyssey,steps,100,False,False,2025_12_12_23_46,pointodyssey,5000,98539.5,19.7079,5,0.10896048940877356,0.15270063117932753,0.8472993688206725,0.2975566426125626,0.32459599663343575,0.6754040033665643,,,,0.2805671989917755,0.0461983606219291,,-2.1014034365573657,-1.7135747325980282,1.7135747325980282,-0.8589601657045158,-0.7327297135606865,0.7327297135606865,,,,-0.4951699865581365,0.46166279321758363,0.17816404239694067,0.4129299072005484,0.2290459988128865,-0.5382119273952974,27.566177018233883,19.7079,pointodyssey
snapshots/pointodyssey_steps100_pretrainedFalse_freezeFalse_2025_12_12_23_46,pointodyssey_steps100_pretrainedFalse_freezeFalse_2025_12_12_23_46,pointodyssey,steps,100,False,False,2025_12_12_23_46,spair,5000,10729.45,2.14589,5,0.0006376658773013244,0.12041113348616866,0.8795888665138314,0.4296341672615527,0.253888317954017,0.746111682045983,,,,0.9863914251327516,0.0372311100363731,,-7.357058245816752,-1.9885426017433765,1.988542601743377,-0.2833438940134807,-1.0779808196043372,1.0779808196043372,,,,-5.627273675964445,0.23756838595458005,1.3547905969091538,-0.3796680966539074,6.013365061066416,-0.771916408706561,-30.118986394499686,2.14589,pointodyssey
snapshots/pointodyssey_steps100_pretrainedFalse_freezeFalse_2025_12_12_23_46,pointodyssey_steps100_pretrainedFalse_freezeFalse_2025_12_12_23_46,pointodyssey,steps,100,False,False,2025_12_12_23_46,tss,5000,76301.75,15.26035,5,0.00408117935157362,0.26365794011573784,0.7363420598842622,0.4141483238151876,0.3527509206069136,0.6472490793930864,,,,0.6731200218200684,0.0187124498188495,,-5.4972797454843345,-1.0270421843954707,1.0270421843954707,-0.34684246547917147,-0.6069689957653173,0.6069689957653173,,,,-3.8112152685098786,1.0211758189918325,1.2249921373544412,0.7016406228015891,3.4460661745607277,-1.2545497241719543,-8.476362479462905,15.26035,pointodyssey
snapshots/sintel_logsteps100_pretrainedFalse_freezeFalse_2025_12_10_01_43,sintel_logsteps100_pretrainedFalse_freezeFalse_2025_12_10_01_43,sintel,logsteps,100,False,False,2025_12_10_01_43,flyingthings,5000,325180.0,65.036,5,0.10812714299753373,0.468138018718825,0.531861981281175,0.3725248745587929,0.3225590445824691,0.6774409554175309,,,,0.1390412896871566,0.018274150788784,,-2.110015800741889,-0.12762085776883011,0.12762085776883025,-0.5214002165599321,-0.7420361948261344,0.7420361948261345,,,,-0.08845223558281773,1.7279957199181128,0.7801434914675112,0.4342697448770275,-0.8555035924625797,-1.2580727799879712,54.62469215002011,65.036,sintel
snapshots/sintel_logsteps100_pretrainedFalse_freezeFalse_2025_12_10_01_43,sintel_logsteps100_pretrainedFalse_freezeFalse_2025_12_10_01_43,sintel,logsteps,100,False,False,2025_12_10_01_43,kitti2012,5000,363928.55000000005,72.78571000000001,5,0.3548005013013994,0.188870355862029,0.811129644137971,0.38719408509935777,0.19648523014528918,0.8035147698547108,,,,0.3250104188919067,0.0135165369138121,,-0.5980039059331498,-1.4573670666066108,1.4573670666066105,-0.45912219143343314,-1.4084083030769141,1.4084083030769141,,,,0.867776334913432,0.6543674910854403,0.9024127393003493,-1.0755812375157063,-0.029201970120803288,-1.3839181429696117,50.72690453024977,72.78571000000001,sintel
snapshots/sintel_logsteps100_pretrainedFalse_freezeFalse_2025_12_10_01_43,sintel_logsteps100_pretrainedFalse_freezeFalse_2025_12_10_01_43,sintel,logsteps,100,False,False,2025_12_10_01_43,middlebury,5000,208538.30000000002,41.707660000000004,5,0.11823366064867638,0.17187568083169086,0.8281243191683092,0.33184669997834976,0.38874618593677057,0.6112538140632294,,,,0.0531929060816764,0.0288142971694469,,-2.009264258046278,-1.5723918574223126,1.572391857422313,-0.6998445230326505,-0.45258562819566817,0.45258562819566805,,,,-0.02473481115124436,0.5614972413982868,0.42980721975442193,1.0901003490845402,-1.2369467865667307,-0.9792715611391671,34.311359847972,41.707660000000004,sintel
snapshots/sintel_logsteps100_pretrainedFalse_freezeFalse_2025_12_10_01_43,sintel_logsteps100_pretrainedFalse_freezeFalse_2025_12_10_01_43,sintel,logsteps,100,False,False,2025_12_10_01_43,pfpascal,5000,50209.34999999999,10.041869999999998,5,0.05405219470489297,0.21534054772340172,0.7846594522765983,0.37423417313126783,0.18774258286105036,0.8122574171389496,,,,0.2253512740135193,0.0534295104444026,,-2.8622372450763245,-1.2930290869871848,1.2930290869871848,-0.5140944897877366,-1.4647455216402838,1.4647455216402836,,,,-0.5641731203735608,0.7870528808358301,0.7944866841987219,-1.2032288442207075,-0.4720094051308408,-0.3281656641782475,0.08522806460570731,10.041869999999998,sintel
snapshots/sintel_logsteps100_pretrainedFalse_freezeFalse_2025_12_10_01_43,sintel_logsteps100_pretrainedFalse_freezeFalse_2025_12_10_01_43,sintel,logsteps,100,False,False,2025_12_10_01_43,pfwillow,5000,66733.25,13.34665,5,0.03473077724219302,0.1123330881445904,0.8876669118554096,0.333279956984099,0.3485331913668394,0.6514668086331605,,,,0.3923173248767853,0.11776864528656,,-3.324780803675351,-2.067128114370155,2.067128114370155,-0.6933873837485317,-0.6254929828772969,0.6254929828772967,,,,-0.8566955319696306,0.1620504839975173,0.4424843970062284,0.698330741538574,0.26985737294294887,1.3736920298078654,2.6883002004291017,13.34665,sintel
snapshots/sintel_logsteps100_pretrainedFalse_freezeFalse_2025_12_10_01_43,sintel_logsteps100_pretrainedFalse_freezeFalse_2025_12_10_01_43,sintel,logsteps,100,False,False,2025_12_10_01_43,pointodyssey,5000,135520.8,27.104159999999997,5,0.35565003409432544,0.13344766619938758,0.8665523338006125,0.25651209243955897,0.3501068496322744,0.6498931503677257,,,,0.205006256699562,0.0429595969617366,,-0.594294806777311,-1.8708131166059687,1.8708131166059692,-1.0641766940452655,-0.6185695727702718,0.6185695727702719,,,,0.8701220483273236,0.32055390513309556,-0.28547911793105224,0.7140176489318614,-0.5624067785281511,-0.6051091272751252,38.823128708299826,27.104159999999997,sintel
snapshots/sintel_logsteps100_pretrainedFalse_freezeFalse_2025_12_10_01_43,sintel_logsteps100_pretrainedFalse_freezeFalse_2025_12_10_01_43,sintel,logsteps,100,False,False,2025_12_10_01_43,spair,5000,12916.6,2.58332,5,0.011343485210581416,0.1260945933108505,0.8739054066891495,0.3512253384115164,0.25650266867928134,0.7434973313207187,,,,0.3481242060661316,0.0865340828895568,,-4.467703376851496,-1.9359397736163793,1.9359397736163793,-0.6136574405118218,-1.0642261077826296,1.0642261077826296,,,,-1.5795041435211723,0.2679710762059179,0.5990166597025202,-0.2957409361992607,0.07349765493092682,0.5474953384156319,-13.105181947743759,2.58332,sintel
snapshots/sintel_logsteps100_pretrainedFalse_freezeFalse_2025_12_10_01_43,sintel_logsteps100_pretrainedFalse_freezeFalse_2025_12_10_01_43,sintel,logsteps,100,False,False,2025_12_10_01_43,tss,5000,110623.1,22.12462,5,0.06753539249013626,0.24880842167155007,0.75119157832845,0.3599667493838461,0.3681758873011539,0.6318241126988461,,,,0.1550674140453338,0.0444810017943382,,-2.625179402733594,-1.1049775074190094,1.1049775074190094,-0.5755084647300933,-0.5400502741140747,0.5400502741140747,,,,-0.41425268490173,0.9388844731796264,0.6739138094588056,0.8919249153750003,-0.784296007560501,-0.5648658985406578,5.3007243894637135,22.12462,sintel
snapshots/sintel_steps100_pretrainedFalse_freezeFalse_2025_12_10_17_12,sintel_steps100_pretrainedFalse_freezeFalse_2025_12_10_17_12,sintel,steps,100,False,False,2025_12_10_17_12,flyingthings,5000,316365.0,63.273,5,0.10812714299753373,0.468138018718825,0.531861981281175,0.3725248745587929,0.3225590445824691,0.6774409554175309,,,,0.1390412896871566,0.018274150788784,,-2.110015800741889,-0.12762085776883011,0.12762085776883025,-0.5214002165599321,-0.7420361948261344,0.7420361948261345,,,,-0.08845223558281773,1.7279957199181128,0.7801434914675112,0.4342697448770275,-0.8555035924625797,-1.2580727799879712,54.62469215002011,63.273,sintel
snapshots/sintel_steps100_pretrainedFalse_freezeFalse_2025_12_10_17_12,sintel_steps100_pretrainedFalse_freezeFalse_2025_12_10_17_12,sintel,steps,100,False,False,2025_12_10_17_12,kitti2012,5000,351642.9,70.32858,5,0.3548005013013994,0.188870355862029,0.811129644137971,0.38719408509935777,0.19648523014528918,0.8035147698547108,,,,0.3250104188919067,0.0135165369138121,,-0.5980039059331498,-1.4573670666066108,1.4573670666066105,-0.45912219143343314,-1.4084083030769141,1.4084083030769141,,,,0.867776334913432,0.6543674910854403,0.9024127393003493,-1.0755812375157063,-0.029201970120803288,-1.3839181429696117,50.72690453024977,70.32858,sintel
snapshots/sintel_steps100_pretrainedFalse_freezeFalse_2025_12_10_17_12,sintel_steps100_pretrainedFalse_freezeFalse_2025_12_10_17_12,sintel,steps,100,False,False,2025_12_10_17_12,middlebury,5000,200376.09999999998,40.075219999999995,5,0.11823366064867638,0.17187568083169086,0.8281243191683092,0.33184669997834976,0.38874618593677057,0.6112538140632294,,,,0.0531929060816764,0.0288142971694469,,-2.009264258046278,-1.5723918574223126,1.572391857422313,-0.6998445230326505,-0.45258562819566817,0.45258562819566805,,,,-0.02473481115124436,0.5614972413982868,0.42980721975442193,1.0901003490845402,-1.2369467865667307,-0.9792715611391671,34.311359847972,40.075219999999995,sintel
snapshots/sintel_steps100_pretrainedFalse_freezeFalse_2025_12_10_17_12,sintel_steps100_pretrainedFalse_freezeFalse_2025_12_10_17_12,sintel,steps,100,False,False,2025_12_10_17_12,pfpascal,5000,49278.45,9.85569,5,0.05405219470489297,0.21534054772340172,0.7846594522765983,0.37423417313126783,0.18774258286105036,0.8122574171389496,,,,0.2253512740135193,0.0534295104444026,,-2.8622372450763245,-1.2930290869871848,1.2930290869871848,-0.5140944897877366,-1.4647455216402838,1.4647455216402836,,,,-0.5641731203735608,0.7870528808358301,0.7944866841987219,-1.2032288442207075,-0.4720094051308408,-0.3281656641782475,0.08522806460570731,9.85569,sintel
snapshots/sintel_steps100_pretrainedFalse_freezeFalse_2025_12_10_17_12,sintel_steps100_pretrainedFalse_freezeFalse_2025_12_10_17_12,sintel,steps,100,False,False,2025_12_10_17_12,pfwillow,5000,62316.65,12.463330000000001,5,0.03473077724219302,0.1123330881445904,0.8876669118554096,0.333279956984099,0.3485331913668394,0.6514668086331605,,,,0.3923173248767853,0.11776864528656,,-3.324780803675351,-2.067128114370155,2.067128114370155,-0.6933873837485317,-0.6254929828772969,0.6254929828772967,,,,-0.8566955319696306,0.1620504839975173,0.4424843970062284,0.698330741538574,0.26985737294294887,1.3736920298078654,2.6883002004291017,12.463330000000001,sintel
snapshots/sintel_steps100_pretrainedFalse_freezeFalse_2025_12_10_17_12,sintel_steps100_pretrainedFalse_freezeFalse_2025_12_10_17_12,sintel,steps,100,False,False,2025_12_10_17_12,pointodyssey,5000,115307.35,23.06147,5,0.35565003409432544,0.13344766619938758,0.8665523338006125,0.25651209243955897,0.3501068496322744,0.6498931503677257,,,,0.205006256699562,0.0429595969617366,,-0.594294806777311,-1.8708131166059687,1.8708131166059692,-1.0641766940452655,-0.6185695727702718,0.6185695727702719,,,,0.8701220483273236,0.32055390513309556,-0.28547911793105224,0.7140176489318614,-0.5624067785281511,-0.6051091272751252,38.823128708299826,23.06147,sintel
snapshots/sintel_steps100_pretrainedFalse_freezeFalse_2025_12_10_17_12,sintel_steps100_pretrainedFalse_freezeFalse_2025_12_10_17_12,sintel,steps,100,False,False,2025_12_10_17_12,spair,5000,13447.55,2.68951,5,0.011343485210581416,0.1260945933108505,0.8739054066891495,0.3512253384115164,0.25650266867928134,0.7434973313207187,,,,0.3481242060661316,0.0865340828895568,,-4.467703376851496,-1.9359397736163793,1.9359397736163793,-0.6136574405118218,-1.0642261077826296,1.0642261077826296,,,,-1.5795041435211723,0.2679710762059179,0.5990166597025202,-0.2957409361992607,0.07349765493092682,0.5474953384156319,-13.105181947743759,2.68951,sintel
snapshots/sintel_steps100_pretrainedFalse_freezeFalse_2025_12_10_17_12,sintel_steps100_pretrainedFalse_freezeFalse_2025_12_10_17_12,sintel,steps,100,False,False,2025_12_10_17_12,tss,5000,106085.1,21.21702,5,0.06753539249013626,0.24880842167155007,0.75119157832845,0.3599667493838461,0.3681758873011539,0.6318241126988461,,,,0.1550674140453338,0.0444810017943382,,-2.625179402733594,-1.1049775074190094,1.1049775074190094,-0.5755084647300933,-0.5400502741140747,0.5400502741140747,,,,-0.41425268490173,0.9388844731796264,0.6739138094588056,0.8919249153750003,-0.784296007560501,-0.5648658985406578,5.3007243894637135,21.21702,sintel
snapshots/sintel_steps100_pretrainedFalse_freezeFalse_2025_12_12_11_45,sintel_steps100_pretrainedFalse_freezeFalse_2025_12_12_11_45,sintel,steps,100,False,False,2025_12_12_11_45,flyingthings,5000,318218.6,63.643719999999995,5,0.10812714299753373,0.468138018718825,0.531861981281175,0.3725248745587929,0.3225590445824691,0.6774409554175309,,,,0.1390412896871566,0.018274150788784,,-2.110015800741889,-0.12762085776883011,0.12762085776883025,-0.5214002165599321,-0.7420361948261344,0.7420361948261345,,,,-0.08845223558281773,1.7279957199181128,0.7801434914675112,0.4342697448770275,-0.8555035924625797,-1.2580727799879712,54.62469215002011,63.643719999999995,sintel
snapshots/sintel_steps100_pretrainedFalse_freezeFalse_2025_12_12_11_45,sintel_steps100_pretrainedFalse_freezeFalse_2025_12_12_11_45,sintel,steps,100,False,False,2025_12_12_11_45,kitti2012,5000,356875.8,71.37516,5,0.3548005013013994,0.188870355862029,0.811129644137971,0.38719408509935777,0.19648523014528918,0.8035147698547108,,,,0.3250104188919067,0.0135165369138121,,-0.5980039059331498,-1.4573670666066108,1.4573670666066105,-0.45912219143343314,-1.4084083030769141,1.4084083030769141,,,,0.867776334913432,0.6543674910854403,0.9024127393003493,-1.0755812375157063,-0.029201970120803288,-1.3839181429696117,50.72690453024977,71.37516,sintel
snapshots/sintel_steps100_pretrainedFalse_freezeFalse_2025_12_12_11_45,sintel_steps100_pretrainedFalse_freezeFalse_2025_12_12_11_45,sintel,steps,100,False,False,2025_12_12_11_45,middlebury,5000,201216.9,40.24338,5,0.11823366064867638,0.17187568083169086,0.8281243191683092,0.33184669997834976,0.38874618593677057,0.6112538140632294,,,,0.0531929060816764,0.0288142971694469,,-2.009264258046278,-1.5723918574223126,1.572391857422313,-0.6998445230326505,-0.45258562819566817,0.45258562819566805,,,,-0.02473481115124436,0.5614972413982868,0.42980721975442193,1.0901003490845402,-1.2369467865667307,-0.9792715611391671,34.311359847972,40.24338,sintel
snapshots/sintel_steps100_pretrainedFalse_freezeFalse_2025_12_12_11_45,sintel_steps100_pretrainedFalse_freezeFalse_2025_12_12_11_45,sintel,steps,100,False,False,2025_12_12_11_45,pfpascal,5000,51481.1,10.29622,5,0.05405219470489297,0.21534054772340172,0.7846594522765983,0.37423417313126783,0.18774258286105036,0.8122574171389496,,,,0.2253512740135193,0.0534295104444026,,-2.8622372450763245,-1.2930290869871848,1.2930290869871848,-0.5140944897877366,-1.4647455216402838,1.4647455216402836,,,,-0.5641731203735608,0.7870528808358301,0.7944866841987219,-1.2032288442207075,-0.4720094051308408,-0.3281656641782475,0.08522806460570731,10.29622,sintel
snapshots/sintel_steps100_pretrainedFalse_freezeFalse_2025_12_12_11_45,sintel_steps100_pretrainedFalse_freezeFalse_2025_12_12_11_45,sintel,steps,100,False,False,2025_12_12_11_45,pfwillow,5000,67238.85,13.447770000000002,5,0.03473077724219302,0.1123330881445904,0.8876669118554096,0.333279956984099,0.3485331913668394,0.6514668086331605,,,,0.3923173248767853,0.11776864528656,,-3.324780803675351,-2.067128114370155,2.067128114370155,-0.6933873837485317,-0.6254929828772969,0.6254929828772967,,,,-0.8566955319696306,0.1620504839975173,0.4424843970062284,0.698330741538574,0.26985737294294887,1.3736920298078654,2.6883002004291017,13.447770000000002,sintel
snapshots/sintel_steps100_pretrainedFalse_freezeFalse_2025_12_12_11_45,sintel_steps100_pretrainedFalse_freezeFalse_2025_12_12_11_45,sintel,steps,100,False,False,2025_12_12_11_45,pointodyssey,5000,145125.1,29.02502,5,0.35565003409432544,0.13344766619938758,0.8665523338006125,0.25651209243955897,0.3501068496322744,0.6498931503677257,,,,0.205006256699562,0.0429595969617366,,-0.594294806777311,-1.8708131166059687,1.8708131166059692,-1.0641766940452655,-0.6185695727702718,0.6185695727702719,,,,0.8701220483273236,0.32055390513309556,-0.28547911793105224,0.7140176489318614,-0.5624067785281511,-0.6051091272751252,38.823128708299826,29.02502,sintel
snapshots/sintel_steps100_pretrainedFalse_freezeFalse_2025_12_12_11_45,sintel_steps100_pretrainedFalse_freezeFalse_2025_12_12_11_45,sintel,steps,100,False,False,2025_12_12_11_45,spair,5000,13439.25,2.68785,5,0.011343485210581416,0.1260945933108505,0.8739054066891495,0.3512253384115164,0.25650266867928134,0.7434973313207187,,,,0.3481242060661316,0.0865340828895568,,-4.467703376851496,-1.9359397736163793,1.9359397736163793,-0.6136574405118218,-1.0642261077826296,1.0642261077826296,,,,-1.5795041435211723,0.2679710762059179,0.5990166597025202,-0.2957409361992607,0.07349765493092682,0.5474953384156319,-13.105181947743759,2.68785,sintel
snapshots/sintel_steps100_pretrainedFalse_freezeFalse_2025_12_12_11_45,sintel_steps100_pretrainedFalse_freezeFalse_2025_12_12_11_45,sintel,steps,100,False,False,2025_12_12_11_45,tss,5000,109381.45000000001,21.87629,5,0.06753539249013626,0.24880842167155007,0.75119157832845,0.3599667493838461,0.3681758873011539,0.6318241126988461,,,,0.1550674140453338,0.0444810017943382,,-2.625179402733594,-1.1049775074190094,1.1049775074190094,-0.5755084647300933,-0.5400502741140747,0.5400502741140747,,,,-0.41425268490173,0.9388844731796264,0.6739138094588056,0.8919249153750003,-0.784296007560501,-0.5648658985406578,5.3007243894637135,21.87629,sintel
snapshots/spair_logsteps100_pretrainedFalse_freezeFalse_2025_12_10_06_41,spair_logsteps100_pretrainedFalse_freezeFalse_2025_12_10_06_41,spair,logsteps,100,False,False,2025_12_10_06_41,flyingthings,5000,9423.75,1.88475,5,0.04930994753527558,0.12119766650200803,0.878802333497992,0.43194517155020795,0.29943663506574203,0.700563364934258,,,,0.2729391753673553,0.0475737750530242,,-2.959062255672246,-1.9811371756639835,1.9811371756639835,-0.2739192805419079,-0.8499819922998267,0.8499819922998267,,,,-0.625261478267369,0.0028942445863140934,1.5808278589354134,0.2099968937963874,-0.14124707746826776,-0.4657674813404768,43.11286262660757,1.88475,spair
snapshots/spair_logsteps100_pretrainedFalse_freezeFalse_2025_12_10_06_41,spair_logsteps100_pretrainedFalse_freezeFalse_2025_12_10_06_41,spair,logsteps,100,False,False,2025_12_10_06_41,kitti2012,5000,20808.600000000002,4.161720000000001,5,0.11033844533360074,0.011585125619621342,0.9884148743803787,0.42765313481242195,0.17331896835905788,0.8266810316409421,,,,0.5936060547828674,0.054964892566204,,-2.08728869678298,-4.446380521824637,4.446380521824638,-0.29143278093711983,-1.5622852827034868,1.5622852827034865,,,,-0.09366480504767856,-2.339714169308187,1.5415830621628825,-1.420935983093156,1.2811758793209354,-0.2750561278177801,40.72840556680738,4.161720000000001,spair
snapshots/spair_logsteps100_pretrainedFalse_freezeFalse_2025_12_10_06_41,spair_logsteps100_pretrainedFalse_freezeFalse_2025_12_10_06_41,spair,logsteps,100,False,False,2025_12_10_06_41,middlebury,5000,8700.55,1.7401099999999998,5,0.05346264804107831,0.010323181094407358,0.9896768189055927,0.41510762158036985,0.3930738229145934,0.6069261770854066,,,,0.3155189752578735,0.0458586290478706,,-2.873827190500029,-4.5629864861461655,4.562986486146168,-0.34289004607407897,-0.43440972556903107,0.4344097255690311,,,,-0.573286195666524,-2.450519503619428,1.426276020897602,1.1615163963255348,0.04762956913196603,-0.5100230104331492,22.284521733984178,1.7401099999999998,spair
snapshots/spair_logsteps100_pretrainedFalse_freezeFalse_2025_12_10_06_41,spair_logsteps100_pretrainedFalse_freezeFalse_2025_12_10_06_41,spair,logsteps,100,False,False,2025_12_10_06_41,pfpascal,5000,8675.55,1.73511,5,0.06623230969278054,0.08200525268390527,0.9179947473160948,0.4686413844176667,0.21208215724649174,0.7879178427535083,,,,0.3852902948856354,0.0381798967719078,,-2.646059276006361,-2.415408366392749,2.415408366392749,-0.12559931500920307,-1.312420090175687,1.312420090175687,,,,-0.4343961543520218,-0.4097738787847782,1.9131878539842146,-0.8488294622135635,0.3571231063033161,-0.7081556234075655,11.387355483072698,1.73511,spair
snapshots/spair_logsteps100_pretrainedFalse_freezeFalse_2025_12_10_06_41,spair_logsteps100_pretrainedFalse_freezeFalse_2025_12_10_06_41,spair,logsteps,100,False,False,2025_12_10_06_41,pfwillow,5000,15877.800000000001,3.1755600000000004,5,0.09213415031896738,0.08560674637319668,0.9143932536268033,0.43619967193500125,0.3718319068954487,0.6281680931045512,,,,0.4819046854972839,0.1109323427081108,,-2.287850954430863,-2.368496641716818,2.3684966417168183,-0.2566000588921267,-0.5243659058638189,0.5243659058638188,,,,-0.21596517519756964,-0.36519580453207257,1.6196373098484877,0.9555472622519979,0.7856878754890175,1.169059481323048,16.122000426924266,3.1755600000000004,spair
snapshots/spair_logsteps100_pretrainedFalse_freezeFalse_2025_12_10_06_41,spair_logsteps100_pretrainedFalse_freezeFalse_2025_12_10_06_41,spair,logsteps,100,False,False,2025_12_10_06_41,pointodyssey,5000,9361.5,1.8723,5,0.06179973008051197,0.0020345553986227108,0.9979654446013773,0.3462573550986866,0.3612608396094352,0.6387391603905648,,,,0.5145089626312256,0.0322001613676548,,-2.7200644367687707,-6.195441333374467,6.195441333374453,-0.6355314652486692,-0.5698959265238378,0.5698959265238379,,,,-0.4795235809196616,-4.001766956077076,0.7705160206938907,0.8512989615909072,0.9303148240824259,-0.8624493997707634,9.30991373582349,1.8723,spair
snapshots/spair_logsteps100_pretrainedFalse_freezeFalse_2025_12_10_06_41,spair_logsteps100_pretrainedFalse_freezeFalse_2025_12_10_06_41,spair,logsteps,100,False,False,2025_12_10_06_41,spair,5000,9957.0,1.9914,5,0.0661358350979418,0.15008890706796316,0.8499110929320368,0.4990134088037602,0.3087549760879852,0.6912450239120148,,,,0.3035252392292022,0.0673716217279434,,-2.647620259359524,-1.7339039151659783,1.733903915165978,-0.003946369906627482,-0.8059463494335304,0.8059463494335304,,,,-0.4353480225854997,0.23782874593653283,2.185791559673781,0.3108235762969126,-0.005572574774968738,0.04507193224967392,16.523656281836345,1.9914,spair
snapshots/spair_logsteps100_pretrainedFalse_freezeFalse_2025_12_10_06_41,spair_logsteps100_pretrainedFalse_freezeFalse_2025_12_10_06_41,spair,logsteps,100,False,False,2025_12_10_06_41,tss,5000,17564.9,3.51298,5,0.09820331590552803,0.10936093150247439,0.8906390684975256,0.46505151901629843,0.38896549216036236,0.6110345078396376,,,,0.3337436318397522,0.0193899981677532,,-2.217349107345649,-2.097285549398385,2.097285549398385,-0.14002225199876672,-0.4516628046351722,0.4516628046351722,,,,-0.17297402573658474,-0.10747626224179366,1.8808684878811828,1.122012698595038,0.12847100167690043,-1.1929871781707757,20.11198199532745,3.51298,spair
snapshots/spair_steps100_pretrainedFalse_freezeFalse_2025_12_10_22_16,spair_steps100_pretrainedFalse_freezeFalse_2025_12_10_22_16,spair,steps,100,False,False,2025_12_10_22_16,flyingthings,5000,10822.150000000001,2.1644300000000003,5,0.04930994753527558,0.12119766650200803,0.878802333497992,0.43194517155020795,0.29943663506574203,0.700563364934258,,,,0.2729391753673553,0.0475737750530242,,-2.959062255672246,-1.9811371756639835,1.9811371756639835,-0.2739192805419079,-0.8499819922998267,0.8499819922998267,,,,-0.625261478267369,0.0028942445863140934,1.5808278589354134,0.2099968937963874,-0.14124707746826776,-0.4657674813404768,43.11286262660757,2.1644300000000003,spair
snapshots/spair_steps100_pretrainedFalse_freezeFalse_2025_12_10_22_16,spair_steps100_pretrainedFalse_freezeFalse_2025_12_10_22_16,spair,steps,100,False,False,2025_12_10_22_16,kitti2012,5000,24668.0,4.9336,5,0.11033844533360074,0.011585125619621342,0.9884148743803787,0.42765313481242195,0.17331896835905788,0.8266810316409421,,,,0.5936060547828674,0.054964892566204,,-2.08728869678298,-4.446380521824637,4.446380521824638,-0.29143278093711983,-1.5622852827034868,1.5622852827034865,,,,-0.09366480504767856,-2.339714169308187,1.5415830621628825,-1.420935983093156,1.2811758793209354,-0.2750561278177801,40.72840556680738,4.9336,spair
snapshots/spair_steps100_pretrainedFalse_freezeFalse_2025_12_10_22_16,spair_steps100_pretrainedFalse_freezeFalse_2025_12_10_22_16,spair,steps,100,False,False,2025_12_10_22_16,middlebury,5000,10472.4,2.09448,5,0.05346264804107831,0.010323181094407358,0.9896768189055927,0.41510762158036985,0.3930738229145934,0.6069261770854066,,,,0.3155189752578735,0.0458586290478706,,-2.873827190500029,-4.5629864861461655,4.562986486146168,-0.34289004607407897,-0.43440972556903107,0.4344097255690311,,,,-0.573286195666524,-2.450519503619428,1.426276020897602,1.1615163963255348,0.04762956913196603,-0.5100230104331492,22.284521733984178,2.09448,spair
snapshots/spair_steps100_pretrainedFalse_freezeFalse_2025_12_10_22_16,spair_steps100_pretrainedFalse_freezeFalse_2025_12_10_22_16,spair,steps,100,False,False,2025_12_10_22_16,pfpascal,5000,10532.4,2.10648,5,0.06623230969278054,0.08200525268390527,0.9179947473160948,0.4686413844176667,0.21208215724649174,0.7879178427535083,,,,0.3852902948856354,0.0381798967719078,,-2.646059276006361,-2.415408366392749,2.415408366392749,-0.12559931500920307,-1.312420090175687,1.312420090175687,,,,-0.4343961543520218,-0.4097738787847782,1.9131878539842146,-0.8488294622135635,0.3571231063033161,-0.7081556234075655,11.387355483072698,2.10648,spair
snapshots/spair_steps100_pretrainedFalse_freezeFalse_2025_12_10_22_16,spair_steps100_pretrainedFalse_freezeFalse_2025_12_10_22_16,spair,steps,100,False,False,2025_12_10_22_16,pfwillow,5000,16877.75,3.37555,5,0.09213415031896738,0.08560674637319668,0.9143932536268033,0.43619967193500125,0.3718319068954487,0.6281680931045512,,,,0.4819046854972839,0.1109323427081108,,-2.287850954430863,-2.368496641716818,2.3684966417168183,-0.2566000588921267,-0.5243659058638189,0.5243659058638188,,,,-0.21596517519756964,-0.36519580453207257,1.6196373098484877,0.9555472622519979,0.7856878754890175,1.169059481323048,16.122000426924266,3.37555,spair
snapshots/spair_steps100_pretrainedFalse_freezeFalse_2025_12_10_22_16,spair_steps100_pretrainedFalse_freezeFalse_2025_12_10_22_16,spair,steps,100,False,False,2025_12_10_22_16,pointodyssey,5000,12226.45,2.44529,5,0.06179973008051197,0.0020345553986227108,0.9979654446013773,0.3462573550986866,0.3612608396094352,0.6387391603905648,,,,0.5145089626312256,0.0322001613676548,,-2.7200644367687707,-6.195441333374467,6.195441333374453,-0.6355314652486692,-0.5698959265238378,0.5698959265238379,,,,-0.4795235809196616,-4.001766956077076,0.7705160206938907,0.8512989615909072,0.9303148240824259,-0.8624493997707634,9.30991373582349,2.44529,spair
snapshots/spair_steps100_pretrainedFalse_freezeFalse_2025_12_10_22_16,spair_steps100_pretrainedFalse_freezeFalse_2025_12_10_22_16,spair,steps,100,False,False,2025_12_10_22_16,spair,5000,10239.050000000001,2.04781,5,0.0661358350979418,0.15008890706796316,0.8499110929320368,0.4990134088037602,0.3087549760879852,0.6912450239120148,,,,0.3035252392292022,0.0673716217279434,,-2.647620259359524,-1.7339039151659783,1.733903915165978,-0.003946369906627482,-0.8059463494335304,0.8059463494335304,,,,-0.4353480225854997,0.23782874593653283,2.185791559673781,0.3108235762969126,-0.005572574774968738,0.04507193224967392,16.523656281836345,2.04781,spair
snapshots/spair_steps100_pretrainedFalse_freezeFalse_2025_12_10_22_16,spair_steps100_pretrainedFalse_freezeFalse_2025_12_10_22_16,spair,steps,100,False,False,2025_12_10_22_16,tss,5000,17549.600000000002,3.5099200000000006,5,0.09820331590552803,0.10936093150247439,0.8906390684975256,0.46505151901629843,0.38896549216036236,0.6110345078396376,,,,0.3337436318397522,0.0193899981677532,,-2.217349107345649,-2.097285549398385,2.097285549398385,-0.14002225199876672,-0.4516628046351722,0.4516628046351722,,,,-0.17297402573658474,-0.10747626224179366,1.8808684878811828,1.122012698595038,0.12847100167690043,-1.1929871781707757,20.11198199532745,3.5099200000000006,spair
snapshots/spair_steps100_pretrainedFalse_freezeFalse_2025_12_12_23_44,spair_steps100_pretrainedFalse_freezeFalse_2025_12_12_23_44,spair,steps,100,False,False,2025_12_12_23_44,flyingthings,5000,11079.05,2.21581,5,0.04930994753527558,0.12119766650200803,0.878802333497992,0.43194517155020795,0.29943663506574203,0.700563364934258,,,,0.2729391753673553,0.0475737750530242,,-2.959062255672246,-1.9811371756639835,1.9811371756639835,-0.2739192805419079,-0.8499819922998267,0.8499819922998267,,,,-0.625261478267369,0.0028942445863140934,1.5808278589354134,0.2099968937963874,-0.14124707746826776,-0.4657674813404768,43.11286262660757,2.21581,spair
snapshots/spair_steps100_pretrainedFalse_freezeFalse_2025_12_12_23_44,spair_steps100_pretrainedFalse_freezeFalse_2025_12_12_23_44,spair,steps,100,False,False,2025_12_12_23_44,kitti2012,5000,27472.25,5.49445,5,0.11033844533360074,0.011585125619621342,0.9884148743803787,0.42765313481242195,0.17331896835905788,0.8266810316409421,,,,0.5936060547828674,0.054964892566204,,-2.08728869678298,-4.446380521824637,4.446380521824638,-0.29143278093711983,-1.5622852827034868,1.5622852827034865,,,,-0.09366480504767856,-2.339714169308187,1.5415830621628825,-1.420935983093156,1.2811758793209354,-0.2750561278177801,40.72840556680738,5.49445,spair
snapshots/spair_steps100_pretrainedFalse_freezeFalse_2025_12_12_23_44,spair_steps100_pretrainedFalse_freezeFalse_2025_12_12_23_44,spair,steps,100,False,False,2025_12_12_23_44,middlebury,5000,10583.55,2.11671,5,0.05346264804107831,0.010323181094407358,0.9896768189055927,0.41510762158036985,0.3930738229145934,0.6069261770854066,,,,0.3155189752578735,0.0458586290478706,,-2.873827190500029,-4.5629864861461655,4.562986486146168,-0.34289004607407897,-0.43440972556903107,0.4344097255690311,,,,-0.573286195666524,-2.450519503619428,1.426276020897602,1.1615163963255348,0.04762956913196603,-0.5100230104331492,22.284521733984178,2.11671,spair
snapshots/spair_steps100_pretrainedFalse_freezeFalse_2025_12_12_23_44,spair_steps100_pretrainedFalse_freezeFalse_2025_12_12_23_44,spair,steps,100,False,False,2025_12_12_23_44,pfpascal,5000,9908.5,1.9817,5,0.06623230969278054,0.08200525268390527,0.9179947473160948,0.4686413844176667,0.21208215724649174,0.7879178427535083,,,,0.3852902948856354,0.0381798967719078,,-2.646059276006361,-2.415408366392749,2.415408366392749,-0.12559931500920307,-1.312420090175687,1.312420090175687,,,,-0.4343961543520218,-0.4097738787847782,1.9131878539842146,-0.8488294622135635,0.3571231063033161,-0.7081556234075655,11.387355483072698,1.9817,spair
snapshots/spair_steps100_pretrainedFalse_freezeFalse_2025_12_12_23_44,spair_steps100_pretrainedFalse_freezeFalse_2025_12_12_23_44,spair,steps,100,False,False,2025_12_12_23_44,pfwillow,5000,17711.1,3.54222,5,0.09213415031896738,0.08560674637319668,0.9143932536268033,0.43619967193500125,0.3718319068954487,0.6281680931045512,,,,0.4819046854972839,0.1109323427081108,,-2.287850954430863,-2.368496641716818,2.3684966417168183,-0.2566000588921267,-0.5243659058638189,0.5243659058638188,,,,-0.21596517519756964,-0.36519580453207257,1.6196373098484877,0.9555472622519979,0.7856878754890175,1.169059481323048,16.122000426924266,3.54222,spair
snapshots/spair_steps100_pretrainedFalse_freezeFalse_2025_12_12_23_44,spair_steps100_pretrainedFalse_freezeFalse_2025_12_12_23_44,spair,steps,100,False,False,2025_12_12_23_44,pointodyssey,5000,12430.349999999999,2.48607,5,0.06179973008051197,0.0020345553986227108,0.9979654446013773,0.3462573550986866,0.3612608396094352,0.6387391603905648,,,,0.5145089626312256,0.0322001613676548,,-2.7200644367687707,-6.195441333374467,6.195441333374453,-0.6355314652486692,-0.5698959265238378,0.5698959265238379,,,,-0.4795235809196616,-4.001766956077076,0.7705160206938907,0.8512989615909072,0.9303148240824259,-0.8624493997707634,9.30991373582349,2.48607,spair
snapshots/spair_steps100_pretrainedFalse_freezeFalse_2025_12_12_23_44,spair_steps100_pretrainedFalse_freezeFalse_2025_12_12_23_44,spair,steps,100,False,False,2025_12_12_23_44,spair,5000,10756.5,2.1513,5,0.0661358350979418,0.15008890706796316,0.8499110929320368,0.4990134088037602,0.3087549760879852,0.6912450239120148,,,,0.3035252392292022,0.0673716217279434,,-2.647620259359524,-1.7339039151659783,1.733903915165978,-0.003946369906627482,-0.8059463494335304,0.8059463494335304,,,,-0.4353480225854997,0.23782874593653283,2.185791559673781,0.3108235762969126,-0.005572574774968738,0.04507193224967392,16.523656281836345,2.1513,spair
snapshots/spair_steps100_pretrainedFalse_freezeFalse_2025_12_12_23_44,spair_steps100_pretrainedFalse_freezeFalse_2025_12_12_23_44,spair,steps,100,False,False,2025_12_12_23_44,tss,5000,19259.400000000005,3.851880000000001,5,0.09820331590552803,0.10936093150247439,0.8906390684975256,0.46505151901629843,0.38896549216036236,0.6110345078396376,,,,0.3337436318397522,0.0193899981677532,,-2.217349107345649,-2.097285549398385,2.097285549398385,-0.14002225199876672,-0.4516628046351722,0.4516628046351722,,,,-0.17297402573658474,-0.10747626224179366,1.8808684878811828,1.122012698595038,0.12847100167690043,-1.1929871781707757,20.11198199532745,3.851880000000001,spair
snapshots/spair_synthetic_steps100_pretrainedFalse_freezeFalse_2025_12_16_15_25,spair_synthetic_steps100_pretrainedFalse_freezeFalse_2025_12_16_15_25,spair_synthetic_50_50,steps,100,False,False,2025_12_16_15_25,flyingthings,5000,237635.7,47.52714,5,0.23041522716510526,0.25223960176634524,0.7477603982336547,0.2754375575262704,0.34318796939137186,0.6568120306086281,,,,0.1104783117771148,0.035851165652275,,-1.2059680965741055,-1.0867031669961114,1.0867031669961111,-0.9672069935797729,-0.6491195621966254,0.6491195621966254,,,,0.5436038650862436,0.869744484119743,-0.181007519633996,0.6636610272792243,-0.9636595367759834,-0.7507429630679986,49.13663194405888,47.52714,spair_synthetic_50_50
snapshots/spair_synthetic_steps100_pretrainedFalse_freezeFalse_2025_12_16_15_25,spair_synthetic_steps100_pretrainedFalse_freezeFalse_2025_12_16_15_25,spair_synthetic_50_50,steps,100,False,False,2025_12_16_15_25,kitti2012,5000,318412.75,63.68255,5,0.30771727439386476,0.0335470127077994,0.9664529872922006,0.29876790366475525,0.2168942235712415,0.7831057764287586,,,,0.4121509492397308,0.0354292653501033,,-0.8108130140644382,-3.360684835795655,3.360684835795656,-0.8531718954032186,-1.2838579923731432,1.2838579923731435,,,,0.7959814565659491,-1.0141792924815276,0.04925269732433735,-0.8024835367140458,0.41251415101600786,-0.7618815323646646,39.12003022676655,63.68255,spair_synthetic_50_50
snapshots/spair_synthetic_steps100_pretrainedFalse_freezeFalse_2025_12_16_15_25,spair_synthetic_steps100_pretrainedFalse_freezeFalse_2025_12_16_15_25,spair_synthetic_50_50,steps,100,False,False,2025_12_16_15_25,middlebury,5000,156926.0,31.3852,5,0.26969706120447506,0.03634674041779431,0.9636532595822057,0.2566748316278735,0.4255898253393061,0.5744101746606939,,,,0.1236079633235931,0.0342331901192665,,-0.9961600991603395,-3.277627012855748,3.2776270128557483,-1.0633235542621695,-0.29986770000881124,0.2998677000088112,,,,0.6776040068133111,-0.9453684442604716,-0.3750865397770046,1.4703771403540078,-0.9037645421880837,-0.7934590561875314,31.156497318310166,31.3852,spair_synthetic_50_50
snapshots/spair_synthetic_steps100_pretrainedFalse_freezeFalse_2025_12_16_15_25,spair_synthetic_steps100_pretrainedFalse_freezeFalse_2025_12_16_15_25,spair_synthetic_50_50,steps,100,False,False,2025_12_16_15_25,pfpascal,5000,51177.700000000004,10.23554,5,0.22222655431921018,0.145657701618237,0.854342298381763,0.3223116150894453,0.2455761239067268,0.7544238760932732,,,,0.2536724805831909,0.0515388920903205,,-1.2527379043944402,-1.7690725716812055,1.7690725716812055,-0.743168746708722,-1.1223474037508632,1.1223474037508636,,,,0.5137329309287005,0.3044224485247297,0.27137158255806193,-0.42941983003087425,-0.31043473981180114,-0.33657206264945083,16.68465143487201,10.23554,spair_synthetic_50_50
snapshots/spair_synthetic_steps100_pretrainedFalse_freezeFalse_2025_12_16_15_25,spair_synthetic_steps100_pretrainedFalse_freezeFalse_2025_12_16_15_25,spair_synthetic_50_50,steps,100,False,False,2025_12_16_15_25,pfwillow,5000,55450.0,11.09,5,0.21842730083653572,0.09922080329361137,0.9007791967063886,0.29969491275177895,0.3988699972902844,0.6011300027097156,,,,0.2627067863941192,0.1132879182696342,,-1.274854930807428,-2.205912459950575,2.205912459950575,-0.8487510793092267,-0.410175679337559,0.4101756793375589,,,,0.49960723166816695,-0.05748594474431682,0.058179230376112806,1.2155832968286524,-0.2692219402385999,1.2936609652947269,18.105206488793538,11.09,spair_synthetic_50_50
snapshots/spair_synthetic_steps100_pretrainedFalse_freezeFalse_2025_12_16_15_25,spair_synthetic_steps100_pretrainedFalse_freezeFalse_2025_12_16_15_25,spair_synthetic_50_50,steps,100,False,False,2025_12_16_15_25,pointodyssey,5000,165306.05000000002,33.06121,5,0.31263284459879,0.008631925925862394,0.9913680740741376,0.17062533021097082,0.3824502699451825,0.6175497300548175,,,,0.274597555398941,0.027011290192604,,-0.7878391008003387,-4.74361823561963,4.743618235619633,-1.5812019057022975,-0.4791609681622015,0.4791609681622015,,,,0.8106544321977764,-2.1598970214902242,-1.4207889898771007,1.0562382794210439,-0.2149784941982671,-0.984124083855563,16.75085720745282,33.06121,spair_synthetic_50_50
snapshots/spair_synthetic_steps100_pretrainedFalse_freezeFalse_2025_12_16_15_25,spair_synthetic_steps100_pretrainedFalse_freezeFalse_2025_12_16_15_25,spair_synthetic_50_50,steps,100,False,False,2025_12_16_15_25,spair,5000,14989.5,2.9979,5,0.09420785884293656,0.11717323829238444,0.8828267617076155,0.31920437322478035,0.3080873337529009,0.6919126662470991,,,,0.2671886682510376,0.0845907628536224,,-2.2633062496397813,-2.019475479645307,2.0194754796453065,-0.757430587522175,-0.8090764488816073,0.8090764488816075,,,,-0.13169671501900432,0.09697135139574252,0.24257400521177375,0.294186124331793,-0.24877644032464852,0.5360287650495643,9.284626076239284,2.9979,spair_synthetic_50_50
snapshots/spair_synthetic_steps100_pretrainedFalse_freezeFalse_2025_12_16_15_25,spair_synthetic_steps100_pretrainedFalse_freezeFalse_2025_12_16_15_25,spair_synthetic_50_50,steps,100,False,False,2025_12_16_15_25,tss,5000,108058.95000000001,21.611790000000003,5,0.2587634396990833,0.16801685404374367,0.8319831459562563,0.3033871081201548,0.42663095083904823,0.5733690491609518,,,,0.1759923994541168,0.0421675592660903,,-1.0524055349222319,-1.5997478872915871,1.5997478872915871,-0.8312202899747062,-0.29561021847652375,0.2956102184765238,,,,0.6416811799597161,0.44470273453754894,0.09357748424851095,1.4802112438336554,-0.6647966223296562,-0.5839841633934054,19.61926875534049,21.611790000000003,spair_synthetic_50_50
snapshots/spair_synthetic_70_30_steps100_pretrainedFalse_freezeFalse_2025_12_17_03_25,spair_synthetic_70_30_steps100_pretrainedFalse_freezeFalse_2025_12_17_03_25,spair_synthetic_70_30,steps,100,False,False,2025_12_17_03_25,flyingthings,5000,207742.25,41.54845,5,0.17276058804329186,0.23116375543553885,0.7688362445644612,0.23215171013150432,0.35369370158516267,0.6463062984148373,,,,0.1362178474664688,0.0282015278935432,,-1.5661873957316026,-1.201751643517805,1.2017516435178053,-1.1962010934680352,-0.6028422487341241,0.6028422487341242,,,,0.30164662686853055,0.7730847060803288,-0.669203399946837,0.778549302253827,-0.8380542661753946,-0.970213208723658,58.76253840528249,41.54845,spair_synthetic_70_30
snapshots/spair_synthetic_70_30_steps100_pretrainedFalse_freezeFalse_2025_12_17_03_25,spair_synthetic_70_30_steps100_pretrainedFalse_freezeFalse_2025_12_17_03_25,spair_synthetic_70_30,steps,100,False,False,2025_12_17_03_25,kitti2012,5000,278466.45,55.693290000000005,5,0.2616963317464847,0.02539030563907018,0.9746096943609298,0.25977569639618103,0.2310575959038936,0.7689424040961064,,,,0.3880236148834228,0.0269870143383741,,-1.0371704221460496,-3.6476696439573746,3.6476696439573746,-1.0471347007450298,-1.202349057195712,1.2023490571957118,,,,0.6380070636594712,-1.2635338178212772,-0.3655797659131612,-0.6102431870218674,0.30944187721894306,-1.0024318368478582,48.51612673289233,55.693290000000005,spair_synthetic_70_30
snapshots/spair_synthetic_70_30_steps100_pretrainedFalse_freezeFalse_2025_12_17_03_25,spair_synthetic_70_30_steps100_pretrainedFalse_freezeFalse_2025_12_17_03_25,spair_synthetic_70_30,steps,100,False,False,2025_12_17_03_25,middlebury,5000,137988.0,27.5976,5,0.1999671234740537,0.029940312414094915,0.9700596875859051,0.21573767187304554,0.4317521702636955,0.5682478297363045,,,,0.120305985212326,0.0279408656060695,,-1.386499852074957,-3.478151789588481,3.4781517895884817,-1.290680379052391,-0.27470589983790017,0.27470589983790017,,,,0.4158958545645606,-1.1223830505928998,-0.8616421080017914,1.5386962937030881,-0.9105657132250441,-0.977128060575558,39.20400023455294,27.5976,spair_synthetic_70_30
snapshots/spair_synthetic_70_30_steps100_pretrainedFalse_freezeFalse_2025_12_17_03_25,spair_synthetic_70_30_steps100_pretrainedFalse_freezeFalse_2025_12_17_03_25,spair_synthetic_70_30,steps,100,False,False,2025_12_17_03_25,pfpascal,5000,46338.0,9.2676,5,0.17357905595125514,0.14071527173318715,0.8592847282668128,0.2797860057141694,0.25818411350221293,0.7418158864977871,,,,0.2742330431938171,0.0369174256920814,,-1.5604711116965873,-1.8093618325329903,1.8093618325329899,-0.9455233364734663,-1.0554281323302555,1.0554281323302555,,,,0.3052811639265894,0.26715189637972153,-0.15861419093892773,-0.26989229510425156,-0.20910955830972525,-0.7389977819839063,31.092773422345317,9.2676,spair_synthetic_70_30
snapshots/spair_synthetic_70_30_steps100_pretrainedFalse_freezeFalse_2025_12_17_03_25,spair_synthetic_70_30_steps100_pretrainedFalse_freezeFalse_2025_12_17_03_25,spair_synthetic_70_30,steps,100,False,False,2025_12_17_03_25,pfwillow,5000,47733.299999999996,9.54666,5,0.15360161506268313,0.09544785052529256,0.9045521494747074,0.2656473683110775,0.4138924304944335,0.5861075695055664,,,,0.3708149492740631,0.1022386401891708,,-1.706627817557568,-2.248859928216821,2.2488599282168207,-1.0168195916463527,-0.3478972280999142,0.3478972280999141,,,,0.21235156832189542,-0.09880066733186187,-0.30383289311017314,1.369144312748547,0.23102080838375216,0.9938440702503464,30.40598346029609,9.54666,spair_synthetic_70_30
snapshots/spair_synthetic_70_30_steps100_pretrainedFalse_freezeFalse_2025_12_17_03_25,spair_synthetic_70_30_steps100_pretrainedFalse_freezeFalse_2025_12_17_03_25,spair_synthetic_70_30,steps,100,False,False,2025_12_17_03_25,pointodyssey,5000,103307.35,20.66147,5,0.23104183374112514,0.006581416580988646,0.9934185834190113,0.1378931598136922,0.39361450967781386,0.6063854903221861,,,,0.3946229219436645,0.0167509280145168,,-1.2024377752705042,-5.016902101351642,5.016902101351641,-1.8329000264571695,-0.4321438779554656,0.4321438779554657,,,,0.5329265050765353,-2.4036391630353546,-1.9660540199168623,1.1739820344980814,0.3395153718746993,-1.2739748404742366,33.98865455871277,20.66147,spair_synthetic_70_30
snapshots/spair_synthetic_70_30_steps100_pretrainedFalse_freezeFalse_2025_12_17_03_25,spair_synthetic_70_30_steps100_pretrainedFalse_freezeFalse_2025_12_17_03_25,spair_synthetic_70_30,steps,100,False,False,2025_12_17_03_25,spair,5000,13942.25,2.78845,5,0.07042671771884033,0.11463599350578561,0.8853640064942144,0.2798155606641637,0.3167019016540466,0.6832980983459533,,,,0.2784315347671509,0.0725450739264488,,-2.580152940374075,-2.0442370327924806,2.044237032792481,-0.9453766707399393,-0.7689702606209312,0.7689702606209311,,,,-0.34305460299049595,0.07158066972060623,-0.15831545705137434,0.39370407295818055,-0.18997674440361384,0.20613283802228627,21.778877217294543,2.78845,spair_synthetic_70_30
snapshots/spair_synthetic_70_30_steps100_pretrainedFalse_freezeFalse_2025_12_17_03_25,spair_synthetic_70_30_steps100_pretrainedFalse_freezeFalse_2025_12_17_03_25,spair_synthetic_70_30,steps,100,False,False,2025_12_17_03_25,tss,5000,95388.6,19.077720000000003,5,0.20164135962828172,0.15738156185552976,0.8426184381444702,0.2618612033036381,0.43841706603412023,0.5615829339658798,,,,0.1871063709259033,0.0306596495211124,,-1.376067248472054,-1.6778410445842615,1.6778410445842613,-1.036317273315061,-0.24758880113880802,0.24758880113880793,,,,0.4225291296388086,0.37666401942161337,-0.34354645198380485,1.601514634500397,-0.6061517763645052,-0.905004132821925,29.945387296437087,19.077720000000003,spair_synthetic_70_30
snapshots/synthetic_logsteps100_pretrainedFalse_freezeFalse_2025_12_10_12_22,synthetic_logsteps100_pretrainedFalse_freezeFalse_2025_12_10_12_22,synthetic,logsteps,100,False,False,2025_12_10_12_22,flyingthings,5000,108065.15,21.61303,3,0.30249777253740917,0.22973769517055903,0.770262304829441,0.22364680580949392,0.26415440680550395,0.735845593194496,,,,0.1074327677488327,0.0655120611190795,,-0.8354317932540869,-1.2097929101319673,1.2097929101319675,-1.2445395161058372,-1.024486498426884,1.024486498426884,,,,0.8777095285862136,0.7302170794674483,-0.8899861592024371,-0.29709538447213263,-1.0051927410965293,0.1485575278322034,41.05884276802219,21.61303,synthetic
snapshots/synthetic_logsteps100_pretrainedFalse_freezeFalse_2025_12_10_12_22,synthetic_logsteps100_pretrainedFalse_freezeFalse_2025_12_10_12_22,synthetic,logsteps,100,False,False,2025_12_10_12_22,kitti2012,5000,124711.95,24.94239,3,0.3944051355547829,0.02497130984819927,0.9750286901518007,0.2128626836913587,0.1342526283034775,0.8657473716965225,,,,0.3847016096115112,0.0641089379787445,,-0.42883257814977505,-3.6647393365695455,3.6647393365695446,-1.3077554335843773,-1.863869836532181,1.863869836532181,,,,1.1371551087596483,-1.3352720365028976,-1.0203453128847497,-2.264847302654666,0.22718818167672533,0.11051272759429635,18.80753155267156,24.94239,synthetic
snapshots/synthetic_logsteps100_pretrainedFalse_freezeFalse_2025_12_10_12_22,synthetic_logsteps100_pretrainedFalse_freezeFalse_2025_12_10_12_22,synthetic,logsteps,100,False,False,2025_12_10_12_22,middlebury,5000,68361.59999999999,13.67232,3,0.35503550890400376,0.0305194343031971,0.9694805656968029,0.20130866036082515,0.3462849219668558,0.6537150780331442,,,,0.0808207094669342,0.0616263709962368,,-0.5969774531610359,-3.458396757822236,3.4583967578222348,-1.3781352089131305,-0.6354096859480465,0.6354096859480466,,,,1.0298640884380903,-1.1616640318743459,-1.1654772403193565,0.6150106930725425,-1.1234757501862578,0.04319948742908933,21.936220948247673,13.67232,synthetic
snapshots/synthetic_logsteps100_pretrainedFalse_freezeFalse_2025_12_10_12_22,synthetic_logsteps100_pretrainedFalse_freezeFalse_2025_12_10_12_22,synthetic,logsteps,100,False,False,2025_12_10_12_22,pfpascal,5000,10291.75,2.05835,3,0.30500847133349196,0.13877235572367702,0.8612276442763229,0.23735163439225532,0.15535490073168357,0.8446450992683164,,,,0.1981388181447982,0.0921831429004669,,-0.8235601054358476,-1.82552400271153,1.8255240027115298,-1.1672543364257024,-1.6932043565347479,1.6932043565347479,,,,0.8852846955300326,0.21216672350382346,-0.730614421558861,-1.864759154144904,-0.602030217182428,0.8717271124058736,1.3395784913837447,2.05835,synthetic
snapshots/synthetic_logsteps100_pretrainedFalse_freezeFalse_2025_12_10_12_22,synthetic_logsteps100_pretrainedFalse_freezeFalse_2025_12_10_12_22,synthetic,logsteps,100,False,False,2025_12_10_12_22,pfwillow,5000,15783.3,3.15666,3,0.2841453865314071,0.09606580208764746,0.9039341979123525,0.2055971294097254,0.300643816903302,0.699356183096698,,,,0.2759363353252411,0.1517357230186462,,-0.9239910609486419,-2.2417231727476854,2.2417231727476854,-1.3516721547884194,-0.8442339418802766,0.8442339418802766,,,,0.8212010314390811,-0.1380058287473605,-1.110907102336029,0.12546758264909189,-0.25624244179370814,2.4864578150205796,6.562485796386997,3.15666,synthetic
snapshots/synthetic_logsteps100_pretrainedFalse_freezeFalse_2025_12_10_12_22,synthetic_logsteps100_pretrainedFalse_freezeFalse_2025_12_10_12_22,synthetic,logsteps,100,False,False,2025_12_10_12_22,pointodyssey,5000,68571.9,13.714379999999998,3,0.41480264937105116,0.006668188234359309,0.9933318117656407,0.14758529732057166,0.31646453590305246,0.6835354640969475,,,,0.2769270837306976,0.0551739558577537,,-0.3441462784043824,-5.003716565052514,5.00371656505251,-1.753666853088225,-0.7700673563944729,0.7700673563944729,,,,1.1911923162947098,-2.4618314034121744,-1.9398706093978186,0.29933503298967906,-0.25183884770087706,-0.1317536852033766,8.755348240625413,13.714379999999998,synthetic
snapshots/synthetic_logsteps100_pretrainedFalse_freezeFalse_2025_12_10_12_22,synthetic_logsteps100_pretrainedFalse_freezeFalse_2025_12_10_12_22,synthetic,logsteps,100,False,False,2025_12_10_12_22,spair,5000,6568.549999999999,1.31371,3,0.14244068812095634,0.11434228946449532,0.8856577105355047,0.24981701189308467,0.2264773945380536,0.7735226054619464,,,,0.2742626965045929,0.1291054487228393,,-1.7951646556691507,-2.047134055797286,2.047134055797286,-1.099588463487,-1.2283097579100044,1.2283097579100042,,,,0.2653166855825506,0.025713305331898022,-0.5910789013718989,-0.7749147449605742,-0.26368128901622107,1.8728521804449436,-6.554548520558659,1.31371,synthetic
snapshots/synthetic_logsteps100_pretrainedFalse_freezeFalse_2025_12_10_12_22,synthetic_logsteps100_pretrainedFalse_freezeFalse_2025_12_10_12_22,synthetic,logsteps,100,False,False,2025_12_10_12_22,tss,5000,24440.2,4.88804,3,0.3447417122523325,0.166306697202445,0.833693302797555,0.23149990085233685,0.3367490918377315,0.6632509081622685,,,,0.1433193981647491,0.0803383141756057,,-0.6422340138385951,-1.6120319350752836,1.612031935075284,-1.1998612467506131,-0.6778152438350924,0.6778152438350924,,,,1.0009864757780873,0.39179000868017894,-0.7978539619102825,0.515600073292802,-0.8456869040537455,0.5505620416181612,8.765830925248157,4.88804,synthetic
snapshots/synthetic_steps100_pretrainedFalse_freezeFalse_2025_12_11_06_37,synthetic_steps100_pretrainedFalse_freezeFalse_2025_12_11_06_37,synthetic,steps,100,False,False,2025_12_11_06_37,flyingthings,5000,99427.45000000001,19.88549,3,0.30249777253740917,0.22973769517055903,0.770262304829441,0.22364680580949392,0.26415440680550395,0.735845593194496,,,,0.1074327677488327,0.0655120611190795,,-0.8354317932540869,-1.2097929101319673,1.2097929101319675,-1.2445395161058372,-1.024486498426884,1.024486498426884,,,,0.8777095285862136,0.7302170794674483,-0.8899861592024371,-0.29709538447213263,-1.0051927410965293,0.1485575278322034,41.05884276802219,19.88549,synthetic
snapshots/synthetic_steps100_pretrainedFalse_freezeFalse_2025_12_11_06_37,synthetic_steps100_pretrainedFalse_freezeFalse_2025_12_11_06_37,synthetic,steps,100,False,False,2025_12_11_06_37,kitti2012,5000,122342.6,24.46852,3,0.3944051355547829,0.02497130984819927,0.9750286901518007,0.2128626836913587,0.1342526283034775,0.8657473716965225,,,,0.3847016096115112,0.0641089379787445,,-0.42883257814977505,-3.6647393365695455,3.6647393365695446,-1.3077554335843773,-1.863869836532181,1.863869836532181,,,,1.1371551087596483,-1.3352720365028976,-1.0203453128847497,-2.264847302654666,0.22718818167672533,0.11051272759429635,18.80753155267156,24.46852,synthetic
snapshots/synthetic_steps100_pretrainedFalse_freezeFalse_2025_12_11_06_37,synthetic_steps100_pretrainedFalse_freezeFalse_2025_12_11_06_37,synthetic,steps,100,False,False,2025_12_11_06_37,middlebury,5000,64881.850000000006,12.976370000000001,3,0.35503550890400376,0.0305194343031971,0.9694805656968029,0.20130866036082515,0.3462849219668558,0.6537150780331442,,,,0.0808207094669342,0.0616263709962368,,-0.5969774531610359,-3.458396757822236,3.4583967578222348,-1.3781352089131305,-0.6354096859480465,0.6354096859480466,,,,1.0298640884380903,-1.1616640318743459,-1.1654772403193565,0.6150106930725425,-1.1234757501862578,0.04319948742908933,21.936220948247673,12.976370000000001,synthetic
snapshots/synthetic_steps100_pretrainedFalse_freezeFalse_2025_12_11_06_37,synthetic_steps100_pretrainedFalse_freezeFalse_2025_12_11_06_37,synthetic,steps,100,False,False,2025_12_11_06_37,pfpascal,5000,9964.849999999999,1.9929699999999997,3,0.30500847133349196,0.13877235572367702,0.8612276442763229,0.23735163439225532,0.15535490073168357,0.8446450992683164,,,,0.1981388181447982,0.0921831429004669,,-0.8235601054358476,-1.82552400271153,1.8255240027115298,-1.1672543364257024,-1.6932043565347479,1.6932043565347479,,,,0.8852846955300326,0.21216672350382346,-0.730614421558861,-1.864759154144904,-0.602030217182428,0.8717271124058736,1.3395784913837447,1.9929699999999997,synthetic
snapshots/synthetic_steps100_pretrainedFalse_freezeFalse_2025_12_11_06_37,synthetic_steps100_pretrainedFalse_freezeFalse_2025_12_11_06_37,synthetic,steps,100,False,False,2025_12_11_06_37,pfwillow,5000,17099.949999999997,3.4199899999999994,3,0.2841453865314071,0.09606580208764746,0.9039341979123525,0.2055971294097254,0.300643816903302,0.699356183096698,,,,0.2759363353252411,0.1517357230186462,,-0.9239910609486419,-2.2417231727476854,2.2417231727476854,-1.3516721547884194,-0.8442339418802766,0.8442339418802766,,,,0.8212010314390811,-0.1380058287473605,-1.110907102336029,0.12546758264909189,-0.25624244179370814,2.4864578150205796,6.562485796386997,3.4199899999999994,synthetic
snapshots/synthetic_steps100_pretrainedFalse_freezeFalse_2025_12_11_06_37,synthetic_steps100_pretrainedFalse_freezeFalse_2025_12_11_06_37,synthetic,steps,100,False,False,2025_12_11_06_37,pointodyssey,5000,32623.85,6.524769999999999,3,0.41480264937105116,0.006668188234359309,0.9933318117656407,0.14758529732057166,0.31646453590305246,0.6835354640969475,,,,0.2769270837306976,0.0551739558577537,,-0.3441462784043824,-5.003716565052514,5.00371656505251,-1.753666853088225,-0.7700673563944729,0.7700673563944729,,,,1.1911923162947098,-2.4618314034121744,-1.9398706093978186,0.29933503298967906,-0.25183884770087706,-0.1317536852033766,8.755348240625413,6.524769999999999,synthetic
snapshots/synthetic_steps100_pretrainedFalse_freezeFalse_2025_12_11_06_37,synthetic_steps100_pretrainedFalse_freezeFalse_2025_12_11_06_37,synthetic,steps,100,False,False,2025_12_11_06_37,spair,5000,6814.1,1.3628200000000001,3,0.14244068812095634,0.11434228946449532,0.8856577105355047,0.24981701189308467,0.2264773945380536,0.7735226054619464,,,,0.2742626965045929,0.1291054487228393,,-1.7951646556691507,-2.047134055797286,2.047134055797286,-1.099588463487,-1.2283097579100044,1.2283097579100042,,,,0.2653166855825506,0.025713305331898022,-0.5910789013718989,-0.7749147449605742,-0.26368128901622107,1.8728521804449436,-6.554548520558659,1.3628200000000001,synthetic
snapshots/synthetic_steps100_pretrainedFalse_freezeFalse_2025_12_11_06_37,synthetic_steps100_pretrainedFalse_freezeFalse_2025_12_11_06_37,synthetic,steps,100,False,False,2025_12_11_06_37,tss,5000,25617.800000000003,5.12356,3,0.3447417122523325,0.166306697202445,0.833693302797555,0.23149990085233685,0.3367490918377315,0.6632509081622685,,,,0.1433193981647491,0.0803383141756057,,-0.6422340138385951,-1.6120319350752836,1.612031935075284,-1.1998612467506131,-0.6778152438350924,0.6778152438350924,,,,1.0009864757780873,0.39179000868017894,-0.7978539619102825,0.515600073292802,-0.8456869040537455,0.5505620416181612,8.765830925248157,5.12356,synthetic
snapshots/synthetic_steps100_pretrainedFalse_freezeFalse_2025_12_13_02_37,synthetic_steps100_pretrainedFalse_freezeFalse_2025_12_13_02_37,synthetic,steps,100,False,False,2025_12_13_02_37,flyingthings,5000,253939.5,50.7879,5,0.30249777253740917,0.22973769517055903,0.770262304829441,0.22364680580949392,0.26415440680550395,0.735845593194496,,,,0.1074327677488327,0.0655120611190795,,-0.8354317932540869,-1.2097929101319673,1.2097929101319675,-1.2445395161058372,-1.024486498426884,1.024486498426884,,,,0.8777095285862136,0.7302170794674483,-0.8899861592024371,-0.29709538447213263,-1.0051927410965293,0.1485575278322034,41.05884276802219,50.7879,synthetic
snapshots/synthetic_steps100_pretrainedFalse_freezeFalse_2025_12_13_02_37,synthetic_steps100_pretrainedFalse_freezeFalse_2025_12_13_02_37,synthetic,steps,100,False,False,2025_12_13_02_37,kitti2012,5000,312750.15,62.55003000000001,5,0.3944051355547829,0.02497130984819927,0.9750286901518007,0.2128626836913587,0.1342526283034775,0.8657473716965225,,,,0.3847016096115112,0.0641089379787445,,-0.42883257814977505,-3.6647393365695455,3.6647393365695446,-1.3077554335843773,-1.863869836532181,1.863869836532181,,,,1.1371551087596483,-1.3352720365028976,-1.0203453128847497,-2.264847302654666,0.22718818167672533,0.11051272759429635,18.80753155267156,62.55003000000001,synthetic
snapshots/synthetic_steps100_pretrainedFalse_freezeFalse_2025_12_13_02_37,synthetic_steps100_pretrainedFalse_freezeFalse_2025_12_13_02_37,synthetic,steps,100,False,False,2025_12_13_02_37,middlebury,5000,163336.80000000002,32.66736,5,0.35503550890400376,0.0305194343031971,0.9694805656968029,0.20130866036082515,0.3462849219668558,0.6537150780331442,,,,0.0808207094669342,0.0616263709962368,,-0.5969774531610359,-3.458396757822236,3.4583967578222348,-1.3781352089131305,-0.6354096859480465,0.6354096859480466,,,,1.0298640884380903,-1.1616640318743459,-1.1654772403193565,0.6150106930725425,-1.1234757501862578,0.04319948742908933,21.936220948247673,32.66736,synthetic
snapshots/synthetic_steps100_pretrainedFalse_freezeFalse_2025_12_13_02_37,synthetic_steps100_pretrainedFalse_freezeFalse_2025_12_13_02_37,synthetic,steps,100,False,False,2025_12_13_02_37,pfpascal,5000,53181.149999999994,10.63623,5,0.30500847133349196,0.13877235572367702,0.8612276442763229,0.23735163439225532,0.15535490073168357,0.8446450992683164,,,,0.1981388181447982,0.0921831429004669,,-0.8235601054358476,-1.82552400271153,1.8255240027115298,-1.1672543364257024,-1.6932043565347479,1.6932043565347479,,,,0.8852846955300326,0.21216672350382346,-0.730614421558861,-1.864759154144904,-0.602030217182428,0.8717271124058736,1.3395784913837447,10.63623,synthetic
snapshots/synthetic_steps100_pretrainedFalse_freezeFalse_2025_12_13_02_37,synthetic_steps100_pretrainedFalse_freezeFalse_2025_12_13_02_37,synthetic,steps,100,False,False,2025_12_13_02_37,pfwillow,5000,55755.65,11.15113,5,0.2841453865314071,0.09606580208764746,0.9039341979123525,0.2055971294097254,0.300643816903302,0.699356183096698,,,,0.2759363353252411,0.1517357230186462,,-0.9239910609486419,-2.2417231727476854,2.2417231727476854,-1.3516721547884194,-0.8442339418802766,0.8442339418802766,,,,0.8212010314390811,-0.1380058287473605,-1.110907102336029,0.12546758264909189,-0.25624244179370814,2.4864578150205796,6.562485796386997,11.15113,synthetic
snapshots/synthetic_steps100_pretrainedFalse_freezeFalse_2025_12_13_02_37,synthetic_steps100_pretrainedFalse_freezeFalse_2025_12_13_02_37,synthetic,steps,100,False,False,2025_12_13_02_37,pointodyssey,5000,152970.65000000002,30.594130000000003,5,0.41480264937105116,0.006668188234359309,0.9933318117656407,0.14758529732057166,0.31646453590305246,0.6835354640969475,,,,0.2769270837306976,0.0551739558577537,,-0.3441462784043824,-5.003716565052514,5.00371656505251,-1.753666853088225,-0.7700673563944729,0.7700673563944729,,,,1.1911923162947098,-2.4618314034121744,-1.9398706093978186,0.29933503298967906,-0.25183884770087706,-0.1317536852033766,8.755348240625413,30.594130000000003,synthetic
snapshots/synthetic_steps100_pretrainedFalse_freezeFalse_2025_12_13_02_37,synthetic_steps100_pretrainedFalse_freezeFalse_2025_12_13_02_37,synthetic,steps,100,False,False,2025_12_13_02_37,spair,5000,15078.15,3.01563,5,0.14244068812095634,0.11434228946449532,0.8856577105355047,0.24981701189308467,0.2264773945380536,0.7735226054619464,,,,0.2742626965045929,0.1291054487228393,,-1.7951646556691507,-2.047134055797286,2.047134055797286,-1.099588463487,-1.2283097579100044,1.2283097579100042,,,,0.2653166855825506,0.025713305331898022,-0.5910789013718989,-0.7749147449605742,-0.26368128901622107,1.8728521804449436,-6.554548520558659,3.01563,synthetic
snapshots/synthetic_steps100_pretrainedFalse_freezeFalse_2025_12_13_02_37,synthetic_steps100_pretrainedFalse_freezeFalse_2025_12_13_02_37,synthetic,steps,100,False,False,2025_12_13_02_37,tss,5000,110802.35,22.16047,5,0.3447417122523325,0.166306697202445,0.833693302797555,0.23149990085233685,0.3367490918377315,0.6632509081622685,,,,0.1433193981647491,0.0803383141756057,,-0.6422340138385951,-1.6120319350752836,1.612031935075284,-1.1998612467506131,-0.6778152438350924,0.6778152438350924,,,,1.0009864757780873,0.39179000868017894,-0.7978539619102825,0.515600073292802,-0.8456869040537455,0.5505620416181612,8.765830925248157,22.16047,synthetic
snapshots/synthetic_large_zoom_steps100_pretrainedFalse_freezeFalse_2025_12_11_12_20,synthetic_large_zoom_steps100_pretrainedFalse_freezeFalse_2025_12_11_12_20,synthetic_large_zoom,steps,100,False,False,2025_12_11_12_20,flyingthings,5000,126923.20000000001,25.38464,3,0.20201529260535273,0.3720430639889017,0.6279569360110984,0.18399995896799728,0.2647010957717415,0.7352989042282585,,,,0.1182552427053451,0.0699124634265899,,-1.3737460330975826,-0.5234619799021061,0.5234619799021062,-1.4894788706394768,-1.0216758400648052,1.0216758400648052,,,,0.4459052880614241,1.3471471234177834,-1.477278995804568,-0.263049069830927,-0.9588719289792779,0.24941849288950946,45.173234533852366,25.38464,synthetic_large_zoom
snapshots/synthetic_large_zoom_steps100_pretrainedFalse_freezeFalse_2025_12_11_12_20,synthetic_large_zoom_steps100_pretrainedFalse_freezeFalse_2025_12_11_12_20,synthetic_large_zoom,steps,100,False,False,2025_12_11_12_20,kitti2012,5000,147357.05,29.47141,3,0.4608056459165639,0.11904885805132762,0.8809511419486724,0.1755977219986397,0.1353376462102548,0.8646623537897452,,,,0.2798783183097839,0.0687143802642822,,-0.15709972690004817,-2.0014681861955,2.0014681861955004,-1.5464629037918975,-1.854566349314325,1.8545663493143252,,,,1.21638734999325,0.15234117076264797,-1.6020401932632002,-2.2005716916712066,-0.22609132945580906,0.21657176118386587,46.096700374945556,29.47141,synthetic_large_zoom
snapshots/synthetic_large_zoom_steps100_pretrainedFalse_freezeFalse_2025_12_11_12_20,synthetic_large_zoom_steps100_pretrainedFalse_freezeFalse_2025_12_11_12_20,synthetic_large_zoom,steps,100,False,False,2025_12_11_12_20,middlebury,5000,81788.75,16.35775,3,0.26850162792678267,0.10338996132354866,0.8966100386764513,0.16702781484821438,0.34864473684073227,0.6513552631592677,,,,0.0393068566918373,0.0650183260440826,,-1.0022380180213246,-2.160113156525615,2.1601131565256146,-1.6068398959098382,-0.6250017547682749,0.6250017547682749,,,,0.6811751935566052,0.024094107859860655,-1.734229956234807,0.6597192955480319,-1.3168149109330234,0.11524048038482186,34.46615431560578,16.35775,synthetic_large_zoom
snapshots/synthetic_large_zoom_steps100_pretrainedFalse_freezeFalse_2025_12_11_12_20,synthetic_large_zoom_steps100_pretrainedFalse_freezeFalse_2025_12_11_12_20,synthetic_large_zoom,steps,100,False,False,2025_12_11_12_20,pfpascal,5000,13303.599999999999,2.6607199999999995,3,0.1507173027974378,0.20220779037250158,0.7977922096274984,0.1997424989996467,0.15839635146503325,0.8416036485349667,,,,0.1723425090312957,0.1000214964151382,,-1.7289861923526948,-1.3725523407066518,1.3725523407066518,-1.3879045201277234,-1.6702087317757626,1.6702087317757623,,,,0.2209375476510651,0.6607506704721837,-1.254891479515001,-1.7717073325234511,-0.7136464294849031,1.0748898454676392,1.0681569924596364,2.6607199999999995,synthetic_large_zoom
snapshots/synthetic_large_zoom_steps100_pretrainedFalse_freezeFalse_2025_12_11_12_20,synthetic_large_zoom_steps100_pretrainedFalse_freezeFalse_2025_12_11_12_20,synthetic_large_zoom,steps,100,False,False,2025_12_11_12_20,pfwillow,5000,18927.75,3.78555,3,0.10942838199324052,0.12030943734636018,0.8796905626536398,0.17429314409320593,0.3042736539386703,0.6957263460613297,,,,0.3164510726928711,0.1613987684249878,,-2.096593234432547,-1.9895031439509758,1.9895031439509752,-1.5555011967275334,-0.8270289281528239,0.8270289281528236,,,,-0.011861935912532035,0.162013595436276,-1.6218286881669506,0.18975089716669585,-0.06027463043039343,2.7576134242287496,3.5302695481528046,3.78555,synthetic_large_zoom
snapshots/synthetic_large_zoom_steps100_pretrainedFalse_freezeFalse_2025_12_11_12_20,synthetic_large_zoom_steps100_pretrainedFalse_freezeFalse_2025_12_11_12_20,synthetic_large_zoom,steps,100,False,False,2025_12_11_12_20,pointodyssey,5000,40333.7,8.06674,3,0.4290203352236338,0.03996324692071573,0.9600367530792843,0.11699813665190827,0.3174477583984624,0.6825522416015376,,,,0.236817866563797,0.0575177446007728,,-0.28584927641217167,-3.17901136343507,3.1790113634350696,-2.021169302229854,-0.7655258042836605,0.7655258042836606,,,,1.1348523813868614,-0.7995733690298824,-2.641365341625011,0.33282335685617187,-0.4213225087176216,-0.09039598464167851,30.012698648849963,8.06674,synthetic_large_zoom
snapshots/synthetic_large_zoom_steps100_pretrainedFalse_freezeFalse_2025_12_11_12_20,synthetic_large_zoom_steps100_pretrainedFalse_freezeFalse_2025_12_11_12_20,synthetic_large_zoom,steps,100,False,False,2025_12_11_12_20,spair,5000,6369.9,1.27398,3,0.03835315777659012,0.12823207532570147,0.8717679246742985,0.21078890406748707,0.22873539099629248,0.7712646090037075,,,,0.3250285983085632,0.1388348639011383,,-3.2218104099856224,-1.9166815363177518,1.9166815363177518,-1.3201766557407015,-1.2154656794031926,1.2154656794031924,,,,-0.7244434356672187,0.22088188023211203,-1.1066076709674528,-0.713855260357987,-0.021385107139313738,2.1389998409286815,-10.405468505374646,1.27398,synthetic_large_zoom
snapshots/synthetic_large_zoom_steps100_pretrainedFalse_freezeFalse_2025_12_11_12_20,synthetic_large_zoom_steps100_pretrainedFalse_freezeFalse_2025_12_11_12_20,synthetic_large_zoom,steps,100,False,False,2025_12_11_12_20,tss,5000,30908.7,6.1817400000000005,3,0.17894210476578426,0.2380835282593386,0.7619164717406615,0.1928748852405142,0.338913314611434,0.661086685388566,,,,0.0972432792186737,0.0855816900730133,,-1.523531308451775,-1.1632153613674128,1.1632153613674132,-1.4314369774406064,-0.6681406084793547,0.6681406084793545,,,,0.35104874083479976,0.8299766642199515,-1.3502017129648662,0.5593669634980627,-1.0541377760332702,0.6790071056688014,8.158834406564974,6.1817400000000005,synthetic_large_zoom
snapshots/synthetic_large_zoom_steps100_pretrainedFalse_freezeFalse_2025_12_13_11_44,synthetic_large_zoom_steps100_pretrainedFalse_freezeFalse_2025_12_13_11_44,synthetic_large_zoom,steps,100,False,False,2025_12_13_11_44,flyingthings,5000,304625.6,60.92511999999999,5,0.20201529260535273,0.3720430639889017,0.6279569360110984,0.18399995896799728,0.2647010957717415,0.7352989042282585,,,,0.1182552427053451,0.0699124634265899,,-1.3737460330975826,-0.5234619799021061,0.5234619799021062,-1.4894788706394768,-1.0216758400648052,1.0216758400648052,,,,0.4459052880614241,1.3471471234177834,-1.477278995804568,-0.263049069830927,-0.9588719289792779,0.24941849288950946,45.173234533852366,60.92511999999999,synthetic_large_zoom
snapshots/synthetic_large_zoom_steps100_pretrainedFalse_freezeFalse_2025_12_13_11_44,synthetic_large_zoom_steps100_pretrainedFalse_freezeFalse_2025_12_13_11_44,synthetic_large_zoom,steps,100,False,False,2025_12_13_11_44,kitti2012,5000,348636.4,69.72728000000001,5,0.4608056459165639,0.11904885805132762,0.8809511419486724,0.1755977219986397,0.1353376462102548,0.8646623537897452,,,,0.2798783183097839,0.0687143802642822,,-0.15709972690004817,-2.0014681861955,2.0014681861955004,-1.5464629037918975,-1.854566349314325,1.8545663493143252,,,,1.21638734999325,0.15234117076264797,-1.6020401932632002,-2.2005716916712066,-0.22609132945580906,0.21657176118386587,46.096700374945556,69.72728000000001,synthetic_large_zoom
snapshots/synthetic_large_zoom_steps100_pretrainedFalse_freezeFalse_2025_12_13_11_44,synthetic_large_zoom_steps100_pretrainedFalse_freezeFalse_2025_12_13_11_44,synthetic_large_zoom,steps,100,False,False,2025_12_13_11_44,middlebury,5000,194938.5,38.9877,5,0.26850162792678267,0.10338996132354866,0.8966100386764513,0.16702781484821438,0.34864473684073227,0.6513552631592677,,,,0.0393068566918373,0.0650183260440826,,-1.0022380180213246,-2.160113156525615,2.1601131565256146,-1.6068398959098382,-0.6250017547682749,0.6250017547682749,,,,0.6811751935566052,0.024094107859860655,-1.734229956234807,0.6597192955480319,-1.3168149109330234,0.11524048038482186,34.46615431560578,38.9877,synthetic_large_zoom
snapshots/synthetic_large_zoom_steps100_pretrainedFalse_freezeFalse_2025_12_13_11_44,synthetic_large_zoom_steps100_pretrainedFalse_freezeFalse_2025_12_13_11_44,synthetic_large_zoom,steps,100,False,False,2025_12_13_11_44,pfpascal,5000,66945.05,13.38901,5,0.1507173027974378,0.20220779037250158,0.7977922096274984,0.1997424989996467,0.15839635146503325,0.8416036485349667,,,,0.1723425090312957,0.1000214964151382,,-1.7289861923526948,-1.3725523407066518,1.3725523407066518,-1.3879045201277234,-1.6702087317757626,1.6702087317757623,,,,0.2209375476510651,0.6607506704721837,-1.254891479515001,-1.7717073325234511,-0.7136464294849031,1.0748898454676392,1.0681569924596364,13.38901,synthetic_large_zoom
snapshots/synthetic_large_zoom_steps100_pretrainedFalse_freezeFalse_2025_12_13_11_44,synthetic_large_zoom_steps100_pretrainedFalse_freezeFalse_2025_12_13_11_44,synthetic_large_zoom,steps,100,False,False,2025_12_13_11_44,pfwillow,5000,74711.04999999999,14.942209999999998,5,0.10942838199324052,0.12030943734636018,0.8796905626536398,0.17429314409320593,0.3042736539386703,0.6957263460613297,,,,0.3164510726928711,0.1613987684249878,,-2.096593234432547,-1.9895031439509758,1.9895031439509752,-1.5555011967275334,-0.8270289281528239,0.8270289281528236,,,,-0.011861935912532035,0.162013595436276,-1.6218286881669506,0.18975089716669585,-0.06027463043039343,2.7576134242287496,3.5302695481528046,14.942209999999998,synthetic_large_zoom
snapshots/synthetic_large_zoom_steps100_pretrainedFalse_freezeFalse_2025_12_13_11_44,synthetic_large_zoom_steps100_pretrainedFalse_freezeFalse_2025_12_13_11_44,synthetic_large_zoom,steps,100,False,False,2025_12_13_11_44,pointodyssey,5000,165779.09999999998,33.15582,5,0.4290203352236338,0.03996324692071573,0.9600367530792843,0.11699813665190827,0.3174477583984624,0.6825522416015376,,,,0.236817866563797,0.0575177446007728,,-0.28584927641217167,-3.17901136343507,3.1790113634350696,-2.021169302229854,-0.7655258042836605,0.7655258042836606,,,,1.1348523813868614,-0.7995733690298824,-2.641365341625011,0.33282335685617187,-0.4213225087176216,-0.09039598464167851,30.012698648849963,33.15582,synthetic_large_zoom
snapshots/synthetic_large_zoom_steps100_pretrainedFalse_freezeFalse_2025_12_13_11_44,synthetic_large_zoom_steps100_pretrainedFalse_freezeFalse_2025_12_13_11_44,synthetic_large_zoom,steps,100,False,False,2025_12_13_11_44,spair,5000,16201.95,3.24039,5,0.03835315777659012,0.12823207532570147,0.8717679246742985,0.21078890406748707,0.22873539099629248,0.7712646090037075,,,,0.3250285983085632,0.1388348639011383,,-3.2218104099856224,-1.9166815363177518,1.9166815363177518,-1.3201766557407015,-1.2154656794031926,1.2154656794031924,,,,-0.7244434356672187,0.22088188023211203,-1.1066076709674528,-0.713855260357987,-0.021385107139313738,2.1389998409286815,-10.405468505374646,3.24039,synthetic_large_zoom
snapshots/synthetic_large_zoom_steps100_pretrainedFalse_freezeFalse_2025_12_13_11_44,synthetic_large_zoom_steps100_pretrainedFalse_freezeFalse_2025_12_13_11_44,synthetic_large_zoom,steps,100,False,False,2025_12_13_11_44,tss,5000,133519.2,26.703840000000003,5,0.17894210476578426,0.2380835282593386,0.7619164717406615,0.1928748852405142,0.338913314611434,0.661086685388566,,,,0.0972432792186737,0.0855816900730133,,-1.523531308451775,-1.1632153613674128,1.1632153613674132,-1.4314369774406064,-0.6681406084793547,0.6681406084793545,,,,0.35104874083479976,0.8299766642199515,-1.3502017129648662,0.5593669634980627,-1.0541377760332702,0.6790071056688014,8.158834406564974,26.703840000000003,synthetic_large_zoom
snapshots/synthetic_random_flipping_steps100_pretrainedFalse_freezeFalse_2025_12_13_11_45,synthetic_random_flipping_steps100_pretrainedFalse_freezeFalse_2025_12_13_11_45,synthetic_random_flipping,steps,100,False,False,2025_12_13_11_45,flyingthings,5000,94152.85,18.83057,3,0.3299784458153623,0.15130841350540658,0.8486915864945934,0.22563581972283014,0.26219558332621073,0.7378044166737893,,,,0.0879511833190918,0.071447916328907,,-0.7082825456760485,-1.724375626175741,1.724375626175741,-1.233119997697623,-1.0345880449070752,1.0345880449070752,,,,0.8915732903919951,0.3265708507015974,-0.7625820239508704,-0.2752973237924608,-1.0650414172139107,0.24599067108839073,33.40098333282516,18.83057,synthetic_random_flipping
snapshots/synthetic_random_flipping_steps100_pretrainedFalse_freezeFalse_2025_12_13_11_45,synthetic_random_flipping_steps100_pretrainedFalse_freezeFalse_2025_12_13_11_45,synthetic_random_flipping,steps,100,False,False,2025_12_13_11_45,kitti2012,5000,112030.9,22.40618,3,0.4400901488697764,0.018588566815879184,0.9814114331841208,0.21667302990312337,0.13389966007422852,0.8661003399257715,,,,0.4162845015525818,0.0686514154076576,,-0.24079620092446838,-3.96644506905655,3.966445069056551,-1.2851607525825526,-1.8669100537756889,1.866910053775689,,,,1.1940743316040459,-1.5523989765123634,-0.8692258999820793,-2.20579707644765,0.4344360193223389,0.1705424860440339,21.623243268989015,22.40618,synthetic_random_flipping
snapshots/synthetic_random_flipping_steps100_pretrainedFalse_freezeFalse_2025_12_13_11_45,synthetic_random_flipping_steps100_pretrainedFalse_freezeFalse_2025_12_13_11_45,synthetic_random_flipping,steps,100,False,False,2025_12_13_11_45,middlebury,5000,60716.45,12.143289999999999,3,0.38835881975121445,0.023723195984126293,0.9762768040158737,0.20500753794824356,0.3455851483234298,0.6544148516765702,,,,0.1243077963590622,0.0669085681438446,,-0.45421609834550447,-3.7172928538740186,3.7172928538740178,-1.355285883971849,-0.6385024177304687,0.6385024177304687,,,,1.0559745947667287,-1.343596570236322,-1.0129289618436594,0.6433894310298756,-0.8990030717434491,0.12352134549477024,19.540042892166383,12.143289999999999,synthetic_random_flipping
snapshots/synthetic_random_flipping_steps100_pretrainedFalse_freezeFalse_2025_12_13_11_45,synthetic_random_flipping_steps100_pretrainedFalse_freezeFalse_2025_12_13_11_45,synthetic_random_flipping,steps,100,False,False,2025_12_13_11_45,pfpascal,5000,8706.350000000002,1.7412700000000005,3,0.32983345437240386,0.09223386065988523,0.9077661393401147,0.2388604088579183,0.15362945263133676,0.8463705473686632,,,,0.2623971402645111,0.1000061184167862,,-0.7089384137139574,-2.286659474216929,2.2866594742169286,-1.1589374542946957,-1.7064137117322562,1.7064137117322562,,,,0.8911488913339422,-0.14465201358294905,-0.610564360490102,-1.8335395303110575,-0.2683577978298655,1.0164765662612052,-3.5870177510191184,1.7412700000000005,synthetic_random_flipping
snapshots/synthetic_random_flipping_steps100_pretrainedFalse_freezeFalse_2025_12_13_11_45,synthetic_random_flipping_steps100_pretrainedFalse_freezeFalse_2025_12_13_11_45,synthetic_random_flipping,steps,100,False,False,2025_12_13_11_45,pfwillow,5000,15844.449999999999,3.1688899999999998,3,0.3108524698441598,0.06614550213704509,0.9338544978629549,0.20647228113678415,0.29979147240718573,0.7002085275928143,,,,0.3608250319957733,0.1609171777963638,,-0.7961369440977013,-2.647463748876265,2.6474637488762656,-1.3463223001530826,-0.8482910462504751,0.8482910462504751,,,,0.834724470536667,-0.4470246041230678,-0.9945604480955876,0.156802639917309,0.18115613992988253,2.6598262409915003,3.5667895987329388,3.1688899999999998,synthetic_random_flipping
snapshots/synthetic_random_flipping_steps100_pretrainedFalse_freezeFalse_2025_12_13_11_45,synthetic_random_flipping_steps100_pretrainedFalse_freezeFalse_2025_12_13_11_45,synthetic_random_flipping,steps,100,False,False,2025_12_13_11_45,pointodyssey,5000,18305.9,3.6611800000000003,3,0.45907160373919265,0.0047363856615730395,0.9952636143384269,0.1487578125976634,0.3148991334088628,0.6851008665911372,,,,0.3494367301464081,0.0582637824118137,,-0.16408071834491894,-5.347733314915751,5.347733314915741,-1.744377114915505,-0.7773137017733653,0.7773137017733655,,,,1.243715382338331,-2.7099897660821726,-1.8102693749359768,0.32142852328598037,0.12914648780117755,-0.10971061542576556,5.80120083987828,3.6611800000000003,synthetic_random_flipping
snapshots/synthetic_random_flipping_steps100_pretrainedFalse_freezeFalse_2025_12_13_11_45,synthetic_random_flipping_steps100_pretrainedFalse_freezeFalse_2025_12_13_11_45,synthetic_random_flipping,steps,100,False,False,2025_12_13_11_45,spair,5000,6350.650000000001,1.2701300000000002,3,0.23701714762183734,0.11432154574560408,0.885678454254396,0.24743413077910364,0.2243249642967557,0.7756750357032443,,,,0.1852936893701553,0.1401875615119934,,-1.169103065732004,-2.0473389115376084,2.047338911537609,-1.1123441183191103,-1.240637930026034,1.2406379300260335,,,,0.5933855706996026,0.05591096083078162,-0.515083540570256,-0.7532124191742189,-0.6204843670041496,2.100551644141759,-6.704286227698608,1.2701300000000002,synthetic_random_flipping
snapshots/synthetic_random_flipping_steps100_pretrainedFalse_freezeFalse_2025_12_13_11_45,synthetic_random_flipping_steps100_pretrainedFalse_freezeFalse_2025_12_13_11_45,synthetic_random_flipping,steps,100,False,False,2025_12_13_11_45,tss,5000,21523.45,4.30469,3,0.3711281366111789,0.10904925256895834,0.8909507474310416,0.23249109503563928,0.3345230946006758,0.6654769053993241,,,,0.1888346523046493,0.0865283459424972,,-0.5273801364664193,-2.1004895094850844,2.1004895094850844,-1.1942981585815404,-0.6877980152629288,0.6877980152629286,,,,1.008631612539909,0.011368018524156188,-0.6830268482591745,0.5290525063428024,-0.6043130139034293,0.6528530595070637,3.4347573686446964,4.30469,synthetic_random_flipping
snapshots/synthetic_small_zoom_steps100_pretrainedFalse_freezeFalse_2025_12_11_08_43,synthetic_small_zoom_steps100_pretrainedFalse_freezeFalse_2025_12_11_08_43,synthetic_small_zoom,steps,100,False,False,2025_12_11_08_43,flyingthings,5000,278624.8,55.724959999999996,5,0.1420828126550647,0.43015732452243727,0.5698426754775627,0.1985866969235261,0.26020077574357386,0.7397992242564262,,,,0.1359754502773285,0.0695071220397949,,-1.7980975012586633,-0.2812093020417419,0.281209302041742,-1.3951510327649683,-1.0449252834025198,1.04492528340252,,,,0.14511358825423537,1.5660532205720539,-1.2167783650966524,-0.3249177078631547,-0.8704877229627701,0.22880610730350207,46.01040351000406,55.724959999999996,synthetic_small_zoom
snapshots/synthetic_small_zoom_steps100_pretrainedFalse_freezeFalse_2025_12_11_08_43,synthetic_small_zoom_steps100_pretrainedFalse_freezeFalse_2025_12_11_08_43,synthetic_small_zoom,steps,100,False,False,2025_12_11_08_43,kitti2012,5000,302616.3,60.52326,5,0.4147984015395766,0.15534185856601412,0.8446581414339859,0.1894319744527396,0.13336506232447065,0.8666349376755293,,,,0.2799808979034424,0.0672902390360832,,-0.3441637778404387,-1.693303751724129,1.693303751724129,-1.453705281790262,-1.8715276267332548,1.8715276267332548,,,,1.0667272783204442,0.41996868288273936,-1.3414117547248887,-2.257350270141061,-0.21897391287952683,0.16878805488201917,46.12772097774251,60.52326,synthetic_small_zoom
snapshots/synthetic_small_zoom_steps100_pretrainedFalse_freezeFalse_2025_12_11_08_43,synthetic_small_zoom_steps100_pretrainedFalse_freezeFalse_2025_12_11_08_43,synthetic_small_zoom,steps,100,False,False,2025_12_11_08_43,middlebury,5000,180360.4,36.07208,5,0.20296123899860977,0.14689366865302028,0.8531063313469798,0.18052723142310426,0.34615402132386314,0.6538459786761368,,,,0.0393171161413192,0.0643457248806953,,-1.3678882913187747,-1.759175212919822,1.7591752129198222,-1.5127795353137263,-0.6359879927662881,0.635987992766288,,,,0.41781288058581545,0.36650606700151,-1.4671519798827026,0.6310966837376812,-1.3077922873897543,0.08907071994012913,36.34117457986711,36.07208,synthetic_small_zoom
snapshots/synthetic_small_zoom_steps100_pretrainedFalse_freezeFalse_2025_12_11_08_43,synthetic_small_zoom_steps100_pretrainedFalse_freezeFalse_2025_12_11_08_43,synthetic_small_zoom,steps,100,False,False,2025_12_11_08_43,pfpascal,5000,24819.65,4.96393,5,0.08673073811450145,0.21911677143306207,0.7808832285669379,0.21322635876619334,0.14974398795440622,0.8502560120455938,,,,0.1920190453529358,0.0960041508078575,,-2.3542224018863025,-1.270820832776909,1.270820832776909,-1.3055862660883102,-1.7366104058037888,1.7366104058037886,,,,-0.20740063818530932,0.7628644013328507,-1.0261387335072862,-1.9419405292424372,-0.6169335917796792,0.9461646954439231,-0.49165325417752115,4.96393,synthetic_small_zoom
snapshots/synthetic_small_zoom_steps100_pretrainedFalse_freezeFalse_2025_12_11_08_43,synthetic_small_zoom_steps100_pretrainedFalse_freezeFalse_2025_12_11_08_43,synthetic_small_zoom,steps,100,False,False,2025_12_11_08_43,pfwillow,5000,39555.55,7.911110000000001,5,0.05080388067003415,0.11884225355222786,0.8811577464477721,0.18348732078181001,0.2984448559703923,0.7015551440296077,,,,0.3465851545333862,0.1539370119571685,,-2.9276426933854114,-2.003439650440031,2.0034396504400305,-1.492896872481921,-0.8547143265418293,0.8547143265418294,,,,-0.5708779977755991,0.16825608803427028,-1.4248315043439792,0.11975783619414848,0.08235908333740116,2.514590945978709,1.991577052106606,7.911110000000001,synthetic_small_zoom
snapshots/synthetic_small_zoom_steps100_pretrainedFalse_freezeFalse_2025_12_11_08_43,synthetic_small_zoom_steps100_pretrainedFalse_freezeFalse_2025_12_11_08_43,synthetic_small_zoom,steps,100,False,False,2025_12_11_08_43,pointodyssey,5000,80523.85,16.104770000000002,5,0.37280662818538174,0.06346206552600847,0.9365379344739915,0.12754158712339786,0.3150384468169212,0.6849615531830788,,,,0.2174844741821289,0.0587944574654102,,-0.5201950389621375,-2.6917476936128133,2.6917476936128124,-1.9228725036834815,-0.776668025182254,0.7766680251822541,,,,0.9551452869845773,-0.390388700651747,-2.340039559544925,0.3022146309630607,-0.5017221269676866,-0.06121969149719891,32.96218080972116,16.104770000000002,synthetic_small_zoom
snapshots/synthetic_small_zoom_steps100_pretrainedFalse_freezeFalse_2025_12_11_08_43,synthetic_small_zoom_steps100_pretrainedFalse_freezeFalse_2025_12_11_08_43,synthetic_small_zoom,steps,100,False,False,2025_12_11_08_43,spair,5000,12848.949999999999,2.56979,5,0.018249873417671952,0.13332366203414936,0.8666763379658506,0.2229993374002422,0.2224335050720839,0.7775664949279161,,,,0.3653904795646667,0.1327691376209259,,-3.985178678407039,-1.8718858734053458,1.8718858734053458,-1.248272402977683,-1.2515409610874173,1.2515409610874173,,,,-1.2412246757811065,0.2750278055833282,-0.9041455195036273,-0.8079442400969966,0.1674387047194578,1.941509466515488,-11.525350306635538,2.56979,synthetic_small_zoom
snapshots/synthetic_small_zoom_steps100_pretrainedFalse_freezeFalse_2025_12_11_08_43,synthetic_small_zoom_steps100_pretrainedFalse_freezeFalse_2025_12_11_08_43,synthetic_small_zoom,steps,100,False,False,2025_12_11_08_43,tss,5000,59369.100000000006,11.873820000000002,5,0.10347353870307549,0.2557837820268021,0.7442162179731979,0.20960221905037998,0.3344358102421152,0.6655641897578848,,,,0.1177047789096832,0.0850886106491088,,-2.1592118935228974,-1.0679991220229577,1.0679991220229579,-1.3273247994634378,-0.6881901230925294,0.6881901230925294,,,,-0.08378815756139901,0.9274786214759027,-1.0724094507513642,0.5090584421616575,-0.953148448037693,0.650646411276601,5.525783168319627,11.873820000000002,synthetic_small_zoom
snapshots/synthetic_small_zoom_steps100_pretrainedFalse_freezeFalse_2025_12_13_11_43,synthetic_small_zoom_steps100_pretrainedFalse_freezeFalse_2025_12_13_11_43,synthetic_small_zoom,steps,100,False,False,2025_12_13_11_43,flyingthings,5000,157669.05,31.53381,3,0.1420828126550647,0.43015732452243727,0.5698426754775627,0.1985866969235261,0.26020077574357386,0.7397992242564262,,,,0.1359754502773285,0.0695071220397949,,-1.7980975012586633,-0.2812093020417419,0.281209302041742,-1.3951510327649683,-1.0449252834025198,1.04492528340252,,,,0.14511358825423537,1.5660532205720539,-1.2167783650966524,-0.3249177078631547,-0.8704877229627701,0.22880610730350207,46.01040351000406,31.53381,synthetic_small_zoom
snapshots/synthetic_small_zoom_steps100_pretrainedFalse_freezeFalse_2025_12_13_11_43,synthetic_small_zoom_steps100_pretrainedFalse_freezeFalse_2025_12_13_11_43,synthetic_small_zoom,steps,100,False,False,2025_12_13_11_43,kitti2012,5000,172722.0,34.5444,3,0.4147984015395766,0.15534185856601412,0.8446581414339859,0.1894319744527396,0.13336506232447065,0.8666349376755293,,,,0.2799808979034424,0.0672902390360832,,-0.3441637778404387,-1.693303751724129,1.693303751724129,-1.453705281790262,-1.8715276267332548,1.8715276267332548,,,,1.0667272783204442,0.41996868288273936,-1.3414117547248887,-2.257350270141061,-0.21897391287952683,0.16878805488201917,46.12772097774251,34.5444,synthetic_small_zoom
snapshots/synthetic_small_zoom_steps100_pretrainedFalse_freezeFalse_2025_12_13_11_43,synthetic_small_zoom_steps100_pretrainedFalse_freezeFalse_2025_12_13_11_43,synthetic_small_zoom,steps,100,False,False,2025_12_13_11_43,middlebury,5000,103180.6,20.636120000000002,3,0.20296123899860977,0.14689366865302028,0.8531063313469798,0.18052723142310426,0.34615402132386314,0.6538459786761368,,,,0.0393171161413192,0.0643457248806953,,-1.3678882913187747,-1.759175212919822,1.7591752129198222,-1.5127795353137263,-0.6359879927662881,0.635987992766288,,,,0.41781288058581545,0.36650606700151,-1.4671519798827026,0.6310966837376812,-1.3077922873897543,0.08907071994012913,36.34117457986711,20.636120000000002,synthetic_small_zoom
snapshots/synthetic_small_zoom_steps100_pretrainedFalse_freezeFalse_2025_12_13_11_43,synthetic_small_zoom_steps100_pretrainedFalse_freezeFalse_2025_12_13_11_43,synthetic_small_zoom,steps,100,False,False,2025_12_13_11_43,pfpascal,5000,33015.25,6.60305,3,0.08673073811450145,0.21911677143306207,0.7808832285669379,0.21322635876619334,0.14974398795440622,0.8502560120455938,,,,0.1920190453529358,0.0960041508078575,,-2.3542224018863025,-1.270820832776909,1.270820832776909,-1.3055862660883102,-1.7366104058037888,1.7366104058037886,,,,-0.20740063818530932,0.7628644013328507,-1.0261387335072862,-1.9419405292424372,-0.6169335917796792,0.9461646954439231,-0.49165325417752115,6.60305,synthetic_small_zoom
snapshots/synthetic_small_zoom_steps100_pretrainedFalse_freezeFalse_2025_12_13_11_43,synthetic_small_zoom_steps100_pretrainedFalse_freezeFalse_2025_12_13_11_43,synthetic_small_zoom,steps,100,False,False,2025_12_13_11_43,pfwillow,5000,38800.0,7.76,3,0.05080388067003415,0.11884225355222786,0.8811577464477721,0.18348732078181001,0.2984448559703923,0.7015551440296077,,,,0.3465851545333862,0.1539370119571685,,-2.9276426933854114,-2.003439650440031,2.0034396504400305,-1.492896872481921,-0.8547143265418293,0.8547143265418294,,,,-0.5708779977755991,0.16825608803427028,-1.4248315043439792,0.11975783619414848,0.08235908333740116,2.514590945978709,1.991577052106606,7.76,synthetic_small_zoom
snapshots/synthetic_small_zoom_steps100_pretrainedFalse_freezeFalse_2025_12_13_11_43,synthetic_small_zoom_steps100_pretrainedFalse_freezeFalse_2025_12_13_11_43,synthetic_small_zoom,steps,100,False,False,2025_12_13_11_43,pointodyssey,5000,78498.7,15.69974,3,0.37280662818538174,0.06346206552600847,0.9365379344739915,0.12754158712339786,0.3150384468169212,0.6849615531830788,,,,0.2174844741821289,0.0587944574654102,,-0.5201950389621375,-2.6917476936128133,2.6917476936128124,-1.9228725036834815,-0.776668025182254,0.7766680251822541,,,,0.9551452869845773,-0.390388700651747,-2.340039559544925,0.3022146309630607,-0.5017221269676866,-0.06121969149719891,32.96218080972116,15.69974,synthetic_small_zoom
snapshots/synthetic_small_zoom_steps100_pretrainedFalse_freezeFalse_2025_12_13_11_43,synthetic_small_zoom_steps100_pretrainedFalse_freezeFalse_2025_12_13_11_43,synthetic_small_zoom,steps,100,False,False,2025_12_13_11_43,spair,5000,7235.25,1.44705,3,0.018249873417671952,0.13332366203414936,0.8666763379658506,0.2229993374002422,0.2224335050720839,0.7775664949279161,,,,0.3653904795646667,0.1327691376209259,,-3.985178678407039,-1.8718858734053458,1.8718858734053458,-1.248272402977683,-1.2515409610874173,1.2515409610874173,,,,-1.2412246757811065,0.2750278055833282,-0.9041455195036273,-0.8079442400969966,0.1674387047194578,1.941509466515488,-11.525350306635538,1.44705,synthetic_small_zoom
snapshots/synthetic_small_zoom_steps100_pretrainedFalse_freezeFalse_2025_12_13_11_43,synthetic_small_zoom_steps100_pretrainedFalse_freezeFalse_2025_12_13_11_43,synthetic_small_zoom,steps,100,False,False,2025_12_13_11_43,tss,5000,70378.3,14.075660000000001,3,0.10347353870307549,0.2557837820268021,0.7442162179731979,0.20960221905037998,0.3344358102421152,0.6655641897578848,,,,0.1177047789096832,0.0850886106491088,,-2.1592118935228974,-1.0679991220229577,1.0679991220229579,-1.3273247994634378,-0.6881901230925294,0.6881901230925294,,,,-0.08378815756139901,0.9274786214759027,-1.0724094507513642,0.5090584421616575,-0.953148448037693,0.650646411276601,5.525783168319627,14.075660000000001,synthetic_small_zoom
