space,train_dataset,train_split,eval_dataset,eval_split,train_n_vectors,eval_n_vectors,distance_metric,flow_normalized,mean_nn_eval_to_train_k1,median_nn_eval_to_train_k1,p90_nn_eval_to_train_k1,p95_nn_eval_to_train_k1,mean_nn_train_to_eval_k1,median_nn_train_to_eval_k1,p90_nn_train_to_eval_k1,p95_nn_train_to_eval_k1,eval_covered_by_train_eps0p5px,train_covered_by_eval_eps0p5px,eval_covered_by_train_eps0p75px,train_covered_by_eval_eps0p75px,eval_covered_by_train_eps1px,train_covered_by_eval_eps1px,eval_covered_by_train_eps1p5px,train_covered_by_eval_eps1p5px,eval_covered_by_train_eps2px,train_covered_by_eval_eps2px,eval_covered_by_train_eps3px,train_covered_by_eval_eps3px,eval_covered_by_train_eps4px,train_covered_by_eval_eps4px,eval_covered_by_train_eps6px,train_covered_by_eval_eps6px,eval_covered_by_train_eps8px,train_covered_by_eval_eps8px,eval_covered_by_train_eps12px,train_covered_by_eval_eps12px,eval_covered_by_train_eps16px,train_covered_by_eval_eps16px,eval_covered_by_train_eps24px,train_covered_by_eval_eps24px,eval_covered_by_train_eps32px,train_covered_by_eval_eps32px,eval_covered_by_train_eps48px,train_covered_by_eval_eps48px,eval_covered_by_train_eps64px,train_covered_by_eval_eps64px
flow,flyingthings,train,flyingthings,test,11962368,14319616,sqL2,True,5.473157580127008e-05,1.0218954571428185e-09,5.3894352092243025e-08,1.838619709815248e-07,3.775605000555515e-05,8.612168755917082e-10,4.708958556420839e-08,1.5331996721101863e-07,0.9917668183280892,0.9923371359249272,0.9946992293648098,0.9949973951645694,0.9960116947270095,0.9962984753520373,0.9972122855808424,0.9975536616161617,0.9977939352563644,0.998160648460238,0.9983628052595824,0.9987796730546995,0.9986186780427632,0.9990740127707156,0.9988755285057923,0.9993356666506163,0.9990238565056493,0.9994589699965759,0.9991920174395738,0.9995867874989299,0.9993015175825944,0.9996509052388289,0.999440348121067,0.9997168620794813,0.9995362305804848,0.9997600809471837,0.9996823937178204,0.9998347317186698,0.9997800918683853,0.999885474180363
flow,flyingthings,train,kitti2015,val,11962368,408402,sqL2,True,1.2743860189345924e-08,7.257228151758e-10,2.3239515378747923e-08,5.082302045877893e-08,0.00687691755592823,7.785590128150943e-08,0.0008305299328640113,0.006381351524032655,0.9998996087188603,0.7544511253959082,0.9999877571608367,0.7783692158609399,0.9999951028643347,0.7921213425301746,1.0,0.8102817101095703,1.0,0.8239078583772043,1.0,0.845490040099084,1.0,0.862317979182717,1.0,0.8876558554292929,1.0,0.904796107259031,1.0,0.9271528011845146,1.0,0.9402054843990755,1.0,0.9560538515451121,1.0,0.9663884274417908,1.0,0.9785867647609571,1.0,0.9854249593391543
flow,flyingthings,train,kitti2012,val,11962368,397312,sqL2,True,4.164751210566919e-09,5.954366999461058e-10,8.754494018603512e-09,1.7507045502185258e-08,0.00908330176025629,1.0713962694808288e-07,0.0044346961658448,0.01867283843457708,0.9999924492590206,0.6507332829085345,0.9999974830863402,0.6744625311643982,1.0,0.6910161934493237,1.0,0.7143146741514723,1.0,0.7315972055031245,1.0,0.757751140911231,1.0,0.7781769462367317,1.0,0.810881507741611,1.0,0.8352030300355248,1.0,0.8705541411198853,1.0,0.8947359753520373,1.0,0.9258796418903014,1.0,0.9446519284476117,1.0,0.9665612193171118,1.0,0.9783836277232066
flow,flyingthings,train,spair,test,11962368,88328,sqL2,True,0.0005049440660513937,8.623694611742394e-07,9.281525999540467e-05,0.0003882880526361986,0.0002611155796330422,3.50363552570343e-06,1.2442692241165798e-05,1.650676131248474e-05,0.6657684992301423,0.5309511461275894,0.7439543519608731,0.8077299578143725,0.7911647495697853,0.938026233601909,0.8464133683543157,0.9932982332595018,0.8798229327053709,0.996677413702705,0.9165609999094285,0.9981446817218799,0.9371999818856988,0.9986181665703646,0.9582352142016122,0.9990103130082606,0.9692736165202427,0.9991886221858415,0.9799723756906077,0.9993472864235576,0.9855198804456118,0.9994176738251156,0.9917127071823204,0.9994669115680106,0.9940562449053528,0.9994863893168978,0.9967620686532017,0.99952893942069,0.9980527126166108,0.9995821897470467
flow,flyingthings,train,pfpascal,test,11962368,2414,sqL2,True,7.187267101471662e-07,4.012028398392431e-08,8.873809690612707e-07,2.378979775130573e-06,0.002041412517428398,2.776971086859703e-05,0.00012233667075634003,0.00020873546600341797,0.9685169842584921,0.09404442331150488,0.9871582435791217,0.19824427738721964,0.9933719966859983,0.3237626530131827,0.9983429991714996,0.5704003588587142,0.9991714995857498,0.7514633390312019,0.9991714995857498,0.9152590858264852,1.0,0.9572753488272556,1.0,0.9780917958718541,1.0,0.9850909117659647,1.0,0.9904530607986646,1.0,0.9928245812200394,1.0,0.9949778338201934,1.0,0.9959377608179251,1.0,0.9969189210698083,1.0,0.9975375276868259
flow,flyingthings,train,pfwillow,test,11962368,9000,sqL2,True,3.062268433495774e-06,4.2127474841890944e-08,1.3374320815273677e-06,4.473692638384755e-06,0.0020432567689567804,6.671762093901634e-06,3.5200268030166626e-05,6.614625453948975e-05,0.9446666666666667,0.3390556953272128,0.9658888888888889,0.5787512974019859,0.977,0.7475976328432632,0.9847777777777778,0.8972612278772899,0.9921111111111112,0.945568552982152,0.996,0.9748031493430064,0.9978888888888889,0.9835286792715289,0.9993333333333333,0.9896558106221109,0.9995555555555555,0.9920300060991268,1.0,0.994199643415083,1.0,0.9952450885978429,1.0,0.9963593328678737,1.0,0.996892839277307,1.0,0.9975165452191406,1.0,0.9978671446991098
flow,flyingthings,train,pointodyssey,test,11962368,16000000,sqL2,True,1.4348932708685425e-08,1.8604995322135665e-10,3.5065457204552786e-09,1.3064055615075176e-08,0.00270734541118145,1.1368310737225329e-08,2.495777209787779e-07,1.0370443135343532e-06,0.9994386875,0.9732377402199965,0.9997945625,0.9807815643190378,0.999912,0.9841668472329225,0.9999795625,0.9872294515600925,0.999993625,0.9887242224950779,0.9999995625,0.9903107812767505,1.0,0.9911572691961993,1.0,0.9921489624796695,1.0,0.9927052904575415,1.0,0.9934312336821606,1.0,0.9939808740209296,1.0,0.994838062162943,1.0,0.9955068260732324,1.0,0.9964675890258518,1.0,0.9970981497977658
flow,flyingthings,train,tss,val,11962368,819200,sqL2,True,3.3584205084480345e-05,2.055537251521855e-08,1.1263840747233187e-06,1.9387536394788008e-05,0.002150590531527996,5.505694389285054e-08,3.7439554603224687e-07,1.044595137500437e-06,0.92497314453125,0.9744517975036381,0.93764404296875,0.9816942598656052,0.94636962890625,0.9850267940260657,0.958505859375,0.9881809354134566,0.96689208984375,0.9896904191544684,0.976990966796875,0.9910611343840952,0.98264892578125,0.9916542443770331,0.989085693359375,0.9922944186301575,0.992796630859375,0.9927153219161958,0.99611572265625,0.9933885163873909,0.99787353515625,0.9939397450404468,0.99948486328125,0.9947938401493751,0.9999267578125,0.9954427919288221,1.0,0.9964673382393854,1.0,0.9971353497902756
flow,flyingthings,train,middlebury,val,11962368,98304,sqL2,True,1.8894811049108284e-08,4.396799813122243e-09,3.932553696017745e-08,7.714568361905086e-08,0.029893500730395317,0.003400552086532116,0.055914163216948656,0.11415086649358273,1.0,0.0054103000342407125,1.0,0.008346257195899674,1.0,0.011475737914098613,1.0,0.01833399540960452,1.0,0.026084634747902756,1.0,0.044150372233992465,1.0,0.06769997378445472,1.0,0.1363290278312789,1.0,0.22886605728899162,1.0,0.40319023791944875,1.0,0.5303501781587057,1.0,0.6832028574944359,1.0,0.7678529033716401,1.0,0.8588530297680191,1.0,0.9088087743162557
flow,imagenet2dwarp,train,flyingthings,test,10240000,14319616,sqL2,True,0.0016697427490726113,1.0449419107771973e-08,3.957373628793448e-08,5.861337015744539e-08,4.3479545297486766e-07,5.500028876781471e-08,8.359460707652032e-07,1.7260784318295882e-06,0.9933336899536971,0.980695703125,0.9939700198664545,0.99411728515625,0.9943290378736414,0.9976791015625,0.9947109615229905,0.9994197265625,0.9949244449013158,0.99978349609375,0.9951799685131222,0.999953515625,0.9953370257973398,0.9999912109375,0.9955428972397025,0.99999736328125,0.9957089631453805,0.99999931640625,0.9959908841130936,1.0,0.996214004621353,1.0,0.9966007468356693,1.0,0.9969578793174342,1.0,0.9974749322886871,1.0,0.9978267573655606,1.0
flow,imagenet2dwarp,train,kitti2015,val,10240000,408402,sqL2,True,1.4768975376000526e-08,9.394920397198803e-09,3.324145438909909e-08,4.4585840619504315e-08,0.013370123691856861,8.739672921365127e-05,0.04326710887253284,0.07928220517933361,0.9999975514321673,0.3362998046875,0.9999975514321673,0.387426171875,0.9999975514321673,0.418440234375,0.9999975514321673,0.4576296875,0.9999975514321673,0.48389775390625,1.0,0.51999912109375,1.0,0.54592802734375,1.0,0.58305849609375,1.0,0.61167685546875,1.0,0.65734677734375,1.0,0.69481650390625,1.0,0.75614296875,1.0,0.8056443359375,1.0,0.88094287109375,1.0,0.93173896484375
flow,imagenet2dwarp,train,kitti2012,val,10240000,397312,sqL2,True,1.3613184357552655e-08,9.244487841897353e-09,3.140754394337364e-08,4.115295908491126e-08,0.021463992074131966,0.0011782635701820254,0.07109937891364097,0.11911258846521328,1.0,0.2079466796875,1.0,0.24352783203125,1.0,0.26914345703125,1.0,0.30582998046875,1.0,0.3331080078125,1.0,0.37276669921875,1.0,0.40275126953125,1.0,0.4510921875,1.0,0.487539453125,1.0,0.5442173828125,1.0,0.58920400390625,1.0,0.6652736328125,1.0,0.72676904296875,1.0,0.82128955078125,1.0,0.88629521484375
flow,imagenet2dwarp,train,spair,test,10240000,88328,sqL2,True,0.02946232073009014,1.1908056762877095e-07,0.06755665019154551,0.19392708912491796,7.382949661405291e-06,4.649162292480469e-06,1.7017126083374023e-05,2.3305416107177734e-05,0.6841205506747577,0.4337291015625,0.7055859976451408,0.71065341796875,0.7193528665881713,0.87616728515625,0.7350330585997645,0.9824388671875,0.7442260664794855,0.99760244140625,0.7550380400326058,0.9999330078125,0.7620573317634273,0.999998046875,0.7711597681369441,1.0,0.7781337741146636,1.0,0.7911534281315098,1.0,0.8027239380490897,1.0,0.8225138121546961,1.0,0.8400167557286478,1.0,0.8702223530477312,1.0,0.8962276967665972,1.0
flow,imagenet2dwarp,train,pfpascal,test,10240000,2414,sqL2,True,0.00021096256386954337,1.7731082380123553e-08,9.707894221833166e-08,2.5085165447080655e-07,0.0003173185687046498,8.516432717442513e-05,0.0006615668535232544,0.0011977851390838623,0.9792874896437448,0.03947265625,0.9846727423363711,0.0853064453125,0.9859154929577465,0.1438904296875,0.9896437448218725,0.2798009765625,0.9908864954432477,0.41383544921875,0.992129246064623,0.62220732421875,0.9925434962717481,0.748357421875,0.9942004971002486,0.87873564453125,0.9946147473073736,0.935725,0.9950289975144988,0.97666455078125,0.995857497928749,0.99016220703125,0.9971002485501242,0.9974884765625,0.9975144987572494,0.9992263671875,0.9975144987572494,0.999924609375,0.9979287489643744,0.99999658203125
flow,imagenet2dwarp,train,pfwillow,test,10240000,9000,sqL2,True,0.000802345690317452,1.8666959533675254e-08,1.570834058384209e-07,1.3069064209503148e-06,9.743066766532138e-05,2.7999281883239746e-05,0.00018867850303649902,0.0003426671028137207,0.9588888888888889,0.1123259765625,0.9636666666666667,0.2239423828125,0.9677777777777777,0.34346484375,0.9706666666666667,0.5558875,0.973,0.70600576171875,0.9751111111111112,0.8596083984375,0.9761111111111112,0.92519091796875,0.978,0.97261904296875,0.9786666666666667,0.9870888671875,0.9797777777777777,0.9962021484375,0.9817777777777777,0.9984123046875,0.9853333333333333,0.99974580078125,0.9871111111111112,0.9999423828125,0.9921111111111112,0.99999970703125,0.9957777777777778,1.0
flow,imagenet2dwarp,train,pointodyssey,test,10240000,16000000,sqL2,True,2.1447100095883798e-08,9.243782628232111e-09,3.413228810700275e-08,4.391128172187564e-08,4.188452294329181e-05,3.002074606683891e-07,9.492081699136178e-06,3.53125808032927e-05,0.9997794375,0.8356771484375,0.9998713125,0.8943138671875,0.9999174375,0.922706640625,0.999960375,0.94929326171875,0.99997825,0.96222158203125,0.999991375,0.9758001953125,0.999997125,0.98274150390625,0.99999975,0.98971904296875,1.0,0.99277861328125,1.0,0.9959234375,1.0,0.9977048828125,1.0,0.9990935546875,1.0,0.99968388671875,1.0,0.999969140625,1.0,0.9999984375
flow,imagenet2dwarp,train,tss,val,10240000,819200,sqL2,True,0.008748423308134079,1.5233563743777268e-08,1.3856760858743644e-07,0.005095158587209869,7.083405944285914e-05,3.535257064868347e-07,7.5175486472289754e-06,2.3687398424954154e-05,0.929500732421875,0.84939287109375,0.9326025390625,0.90778203125,0.934691162109375,0.93496591796875,0.9373046875,0.95989384765625,0.93885498046875,0.97102021484375,0.94072021484375,0.98021044921875,0.941846923828125,0.98416494140625,0.94349853515625,0.98809267578125,0.944775390625,0.99037646484375,0.94691650390625,0.99342822265625,0.9488818359375,0.99549853515625,0.952547607421875,0.9979255859375,0.95585693359375,0.99908466796875,0.9623291015625,0.9998111328125,0.968450927734375,0.99997275390625
flow,imagenet2dwarp,train,middlebury,val,10240000,98304,sqL2,True,1.5338326164737737e-08,1.0153563323456183e-08,3.478319037242272e-08,4.7771752598180226e-08,0.09880267083644867,0.06187056750059128,0.24938482344150542,0.31605971306562414,1.0,0.00235673828125,1.0,0.0035708984375,1.0,0.0047740234375,1.0,0.007233203125,1.0,0.00970361328125,1.0,0.01482470703125,1.0,0.02002392578125,1.0,0.03088203125,1.0,0.04233037109375,1.0,0.0669640625,1.0,0.093825,1.0,0.153394921875,1.0,0.21887109375,1.0,0.3618982421875,1.0,0.50271220703125
flow,synthetic_2d_warp,train,flyingthings,test,16000000,14319616,sqL2,True,0.00010926307004410774,3.996284476670553e-07,1.0611683478600753e-06,1.4468229210251593e-06,9.133682760875672e-05,4.010909293583609e-08,1.695736841611506e-06,5.720622993976576e-06,0.995866718772347,0.9365424375,0.9981029519227331,0.960948125,0.9984208375420123,0.972738375,0.9987086944230906,0.984047625,0.9988454997675915,0.9891329375,0.9989845398088887,0.9937241875,0.9990538852438501,0.9956474375,0.9991435524528032,0.997183625,0.9992012355638586,0.9978256875,0.9992849668594465,0.998411125,0.9993642287614416,0.9987635,0.9994920953187572,0.999221875,0.9995677258384582,0.999446875,0.9996584405615346,0.9995893125,0.9997129112959454,0.99970125
flow,synthetic_2d_warp,train,kitti2015,val,16000000,408402,sqL2,True,5.8623680843084e-07,4.102082584722666e-07,1.185550070204045e-06,1.7933433582584232e-06,0.0315924696624279,3.610641579143703e-05,0.07295709103345871,0.1644809991121292,0.9991454498263965,0.391924,1.0,0.43887775,1.0,0.4665566875,1.0,0.49788475,1.0,0.519971125,1.0,0.54955175,1.0,0.570737125,1.0,0.602580125,1.0,0.6272058125,1.0,0.666806625,1.0,0.6984215625,1.0,0.748919125,1.0,0.7879633125,1.0,0.8470180625,1.0,0.8892916875
flow,synthetic_2d_warp,train,kitti2012,val,16000000,397312,sqL2,True,4.940364988215151e-07,3.8617298514509457e-07,1.00094690651531e-06,1.3439809947612955e-06,0.04130042344331741,0.0007339344592764974,0.10737646371126175,0.2121129184961319,0.9995670908505154,0.2678175625,1.0,0.3015483125,1.0,0.32628525,1.0,0.3592990625,1.0,0.3832856875,1.0,0.418017875,1.0,0.4435613125,1.0,0.48447675,1.0,0.5155729375,1.0,0.5638836875,1.0,0.6020448125,1.0,0.665782,1.0,0.7167128125,1.0,0.7952165625,1.0,0.851519125
flow,synthetic_2d_warp,train,spair,test,16000000,88328,sqL2,True,0.00015545531641691923,8.703026992407104e-07,6.430381608879543e-06,3.516213946568288e-05,1.945134499692358e-05,4.764646291732788e-06,2.0034611225128174e-05,3.1948089599609375e-05,0.8457114391812336,0.430048875,0.9131306041119464,0.69270775,0.931573227062766,0.8483874375,0.949585635359116,0.9550095,0.9583031428312653,0.97939625,0.9674169006430577,0.992237625,0.9723756906077348,0.9957895625,0.9780816954985961,0.9979960625,0.9822819490988135,0.998790875,0.9878068109772665,0.9994038125,0.99148627841681,0.999647125,0.9953468888687619,0.9998043125,0.9976904265917942,0.9998703125,0.9993773208948464,0.9999360625,0.9997735712344896,0.9999779375
flow,synthetic_2d_warp,train,pfpascal,test,16000000,2414,sqL2,True,6.701507118123118e-07,4.805211233360751e-07,1.3592933783002081e-06,1.819087009380382e-06,0.004829670302569866,7.647648453712463e-05,0.0014469325542449951,0.006028890609741211,0.9896437448218725,0.045362875,0.9991714995857498,0.0976105,0.9995857497928748,0.1640228125,1.0,0.30938825,1.0,0.4447360625,1.0,0.6342134375,1.0,0.7344613125,1.0,0.8322516875,1.0,0.8773155625,1.0,0.9182718125,1.0,0.938634625,1.0,0.958288625,1.0,0.9681305,1.0,0.978690375,1.0,0.9849661875
flow,synthetic_2d_warp,train,pfwillow,test,16000000,9000,sqL2,True,2.556057552283164e-06,4.848795924772276e-07,1.515040855792905e-06,2.3206764581118478e-06,0.0030473016668111086,2.5153160095214844e-05,0.00041177868843078613,0.0017873942852020264,0.9795555555555555,0.1317745,0.9933333333333333,0.2510061875,0.9953333333333333,0.37621425,0.9966666666666667,0.575399,0.998,0.6998048125,0.9988888888888889,0.8172330625,0.9993333333333333,0.868397375,0.9997777777777778,0.9136294375,0.9997777777777778,0.934101625,0.9997777777777778,0.9545910625,0.9997777777777778,0.9643256875,1.0,0.974839375,1.0,0.9803575,1.0,0.9868015625,1.0,0.9904128125
flow,synthetic_2d_warp,train,pointodyssey,test,16000000,16000000,sqL2,True,5.608571882476099e-07,4.128155808302836e-07,1.1920928955078125e-06,1.8013849967246642e-06,0.005164943169802427,8.120558447899384e-08,4.9194321036338806e-05,0.0026865005493164062,0.9990394375,0.7990599375,0.9999948125,0.846462375,1.0,0.8678125625,1.0,0.8918909375,1.0,0.904179375,1.0,0.9178131875,1.0,0.9256115,1.0,0.935000125,1.0,0.9405470625,1.0,0.9480176875,1.0,0.9537799375,1.0,0.961831375,1.0,0.967993625,1.0,0.9770183125,1.0,0.983622875
flow,synthetic_2d_warp,train,tss,val,16000000,819200,sqL2,True,3.391259451746009e-05,4.6367574668693123e-07,1.5533207715634487e-06,3.121824192930944e-06,0.0035833173897117376,2.79242016176795e-07,2.7788124498329125e-05,0.0014592153020203114,0.957686767578125,0.81005125,0.9712744140625,0.856503,0.97660400390625,0.8805933125,0.982301025390625,0.9058563125,0.9852587890625,0.9186791875,0.988358154296875,0.931177125,0.990142822265625,0.9370495625,0.99255859375,0.943180125,0.9943505859375,0.9470764375,0.996534423828125,0.9531871875,0.997855224609375,0.958228,0.9991455078125,0.96641325,0.999617919921875,0.9727120625,0.999949951171875,0.9817124375,0.99998291015625,0.987632125
flow,synthetic_2d_warp,train,middlebury,val,16000000,98304,sqL2,True,3.860091339902283e-07,2.5327503294647613e-07,8.748356776777654e-07,1.2401524656979647e-06,0.13499046862125397,0.05198509618639946,0.35045674443244934,0.537260890007019,1.0,0.00285275,1.0,0.0028786875,1.0,0.0082104375,1.0,0.00861525,1.0,0.0139558125,1.0,0.0200524375,1.0,0.02652425,1.0,0.0400484375,1.0,0.0546351875,1.0,0.0864106875,1.0,0.1211403125,1.0,0.19402675,1.0,0.269345125,1.0,0.41580325,1.0,0.543055375
flow,synthetic,train,flyingthings,test,16000000,14319616,sqL2,True,0.00016326835611835122,2.706637587834848e-06,6.659967311861692e-06,8.3062980138493e-06,5.0272323278477415e-05,4.058578895183018e-08,1.7795875919546233e-06,6.0504962675622664e-06,0.6792675166708381,0.934607125,0.9553431460731908,0.959546,0.9955162903809711,0.9716216875,0.9987967554437214,0.9833594375,0.9989277645434067,0.9887433125,0.9990487873417835,0.9936235625,0.999109473326659,0.99569375,0.9991934839593464,0.99740025,0.9992420886146668,0.9980954375,0.9993087105129076,0.9987230625,0.9993565469912042,0.999012125,0.9994193280043264,0.99937375,0.9994707260306421,0.999539625,0.9995612312508939,0.999686875,0.9996303671830306,0.999767625
flow,synthetic,train,kitti2015,val,16000000,408402,sqL2,True,3.6210819871485e-06,2.8059789656253997e-06,7.570573689008598e-06,1.0501874066903835e-05,0.03257714956998825,4.108772918698378e-05,0.0767168179154396,0.17334839701652527,0.6518087570579968,0.387818,0.9243343568346873,0.4343586875,0.9957076605893213,0.4619026875,1.0,0.493146125,1.0,0.5151150625,1.0,0.5444878125,1.0,0.565434375,1.0,0.5970163125,1.0,0.6213346875,1.0,0.6609136875,1.0,0.69247075,1.0,0.7432949375,1.0,0.782982625,1.0,0.8429626875,1.0,0.885628375
flow,synthetic,train,kitti2012,val,16000000,397312,sqL2,True,3.313579327368643e-06,2.7484588827064727e-06,6.8704919158335585e-06,8.503400022163986e-06,0.042315948754549026,0.0007847708184272051,0.10935512259602508,0.22132478654384613,0.6667883174935567,0.265849,0.9514965568621134,0.2993921875,0.996252315560567,0.3241236875,1.0,0.3568950625,1.0,0.380853375,1.0,0.415169625,1.0,0.44046,1.0,0.4810789375,1.0,0.5120615,1.0,0.5602756875,1.0,0.5983580625,1.0,0.6616421875,1.0,0.7126396875,1.0,0.7922370625,1.0,0.8493329375
flow,synthetic,train,spair,test,16000000,88328,sqL2,True,0.00035605093580670655,2.79840742223314e-06,7.977576933626554e-06,2.2844466275273587e-05,1.7096164810936898e-05,4.76837158203125e-06,2.0034611225128174e-05,3.193318843841553e-05,0.6689724662621139,0.4304453125,0.9071868490172992,0.6921031875,0.9399737342632007,0.847991,0.9570804274975093,0.955141625,0.9640657549135042,0.9794889375,0.9709265465084684,0.992174,0.9746173353862875,0.995780375,0.9796666968571688,0.998061125,0.9833461642967123,0.998869,0.9871954533103886,0.9994609375,0.9896182411013495,0.9996743125,0.9925391721764333,0.9998179375,0.9945317453129245,0.9998753125,0.9970564260483652,0.99997975,0.9985508559007337,0.9999940625
flow,synthetic,train,pfpascal,test,16000000,2414,sqL2,True,3.11142366626882e-06,2.63718493442866e-06,6.091421846576857e-06,7.718628103248191e-06,0.004711034242063761,7.646344602108002e-05,0.0014615952968597412,0.006237983703613281,0.700082850041425,0.0452976875,0.9623032311516155,0.0976584375,0.9975144987572494,0.1642661875,0.9995857497928748,0.3097340625,0.9995857497928748,0.44492425,1.0,0.63391325,1.0,0.734070375,1.0,0.8320799375,1.0,0.877073,1.0,0.9175120625,1.0,0.937604125,1.0,0.9575588125,1.0,0.96746575,1.0,0.977934,1.0,0.9841649375
flow,synthetic,train,pfwillow,test,16000000,9000,sqL2,True,3.377707571416977e-06,2.597841103124665e-06,5.937532068855945e-06,7.407735461129049e-06,0.002968427026644349,2.5257468223571777e-05,0.0004126131534576416,0.0017899870872497559,0.7116666666666667,0.131416,0.9671111111111111,0.2503913125,0.9945555555555555,0.3754406875,0.9984444444444445,0.57468925,0.9988888888888889,0.699375375,0.9991111111111111,0.81724075,0.9993333333333333,0.86832625,1.0,0.9135319375,1.0,0.9340235625,1.0,0.954570625,1.0,0.9642358125,1.0,0.9747195,1.0,0.980061625,1.0,0.986563,1.0,0.99025175
flow,synthetic,train,pointodyssey,test,16000000,16000000,sqL2,True,4.003934918728191e-06,3.624691771619837e-06,8.58306884765625e-06,9.979704373108689e-06,0.005259504076093435,7.543712854385376e-08,5.373442763811909e-05,0.0030831927433609962,0.573340125,0.796653875,0.90459125,0.844152375,0.9826720625,0.86558925,1.0,0.8897468125,1.0,0.9021671875,1.0,0.91598825,1.0,0.923880375,1.0,0.933235375,1.0,0.93885925,1.0,0.9465453125,1.0,0.952352625,1.0,0.960551375,1.0,0.967133,1.0,0.9764648125,1.0,0.9825980625
flow,synthetic,train,tss,val,16000000,819200,sqL2,True,0.00011406670091673732,2.7183068596059456e-06,6.715358176734298e-06,9.107830419452501e-06,0.0035939570516347885,2.81577342775563e-07,2.6769603209686466e-05,0.0013399786548689008,0.684700927734375,0.8103801875,0.94326904296875,0.8573881875,0.97713623046875,0.8816285625,0.98401611328125,0.907008625,0.986448974609375,0.9197656875,0.9891015625,0.9320959375,0.990703125,0.93785375,0.992646484375,0.94394275,0.99386962890625,0.947772875,0.99517822265625,0.953776375,0.996168212890625,0.9586494375,0.997371826171875,0.966600875,0.998079833984375,0.973042,0.9990478515625,0.98194625,0.999554443359375,0.9873754375
flow,synthetic,train,middlebury,val,16000000,98304,sqL2,True,1.8095765881298576e-06,1.0445218094901065e-06,4.204466176815913e-06,6.718769054714356e-06,0.1360110640525818,0.05153202638030052,0.34932607412338257,0.5457483530044556,0.888397216796875,0.002685125,0.975128173828125,0.002685125,1.0,0.008131125,1.0,0.008331375,1.0,0.0138038125,1.0,0.019844125,1.0,0.026167375,1.0,0.039756125,1.0,0.0545211875,1.0,0.0861075625,1.0,0.1202586875,1.0,0.1938175,1.0,0.270086375,1.0,0.4170254375,1.0,0.544409375
flow,synthetic_small_zoom,train,flyingthings,test,16000000,14319616,sqL2,True,inf,3.1536717415292514e-06,3.4028234663852886e+38,3.4028234663852886e+38,3.0184003207978094e-07,7.556285597232204e-10,9.201113648771297e-09,1.621813261465377e-08,0.600724488701373,0.9987313125,0.7981889318819723,0.99899825,0.81753847309872,0.9991694375,0.8286042726285398,0.9993821875,0.8338135603636299,0.9995153125,0.8390943583962028,0.999674375,0.8419459711768807,0.9997683125,0.8455064716819222,0.9998765625,0.8478920803462886,0.9999293125,0.8514421057100973,0.9999745625,0.8539999256963315,0.999994875,0.8575326321599686,0.999999125,0.8598753625795552,0.9999991875,0.8627668507311927,0.99999975,0.8646288420024671,0.9999999375
flow,synthetic_small_zoom,train,kitti2015,val,16000000,408402,sqL2,True,inf,3.352683506818721e-06,3.4028234663852886e+38,3.4028234663852886e+38,0.0010849287500604987,4.638724959704632e-08,1.2921777852170635e-05,0.00022913722204975784,0.5656558978653385,0.872531375,0.7483533381325262,0.89310825,0.7629859795005901,0.90310925,0.7658067296438313,0.9135913125,0.7665657856719604,0.924531,0.7673174959965916,0.93986775,0.7677753781813017,0.951254125,0.7683899687073031,0.969363125,0.7687988795353597,0.9803683125,0.7693791901117036,0.99221875,0.7698542122712425,0.9959786875,0.770370860083937,0.9973214375,0.7707552852336669,0.9975788125,0.7710564590770859,0.9979640625,0.7711690931973888,0.9982405625
flow,synthetic_small_zoom,train,kitti2012,val,16000000,397312,sqL2,True,inf,3.073681455134647e-06,3.4028234663852886e+38,3.4028234663852886e+38,0.001469271956011653,5.521362922422668e-08,0.0007207917515188456,0.0022443439811468124,0.6157830621778351,0.752429625,0.8082413820876289,0.7657601875,0.8181756403028351,0.78222625,0.8190515262564433,0.8005241875,0.8192201594716495,0.8160224375,0.8194139618234536,0.8398288125,0.8195498751610825,0.858580125,0.8197159914626289,0.889771375,0.8198795908505154,0.913509,0.8200708762886598,0.9489430625,0.8201765866623711,0.971755125,0.8202898477770618,0.99198925,0.8203502537048969,0.9965075,0.8203905243234536,0.997592375,0.8204081427190721,0.998011625
flow,synthetic_small_zoom,train,spair,test,16000000,88328,sqL2,True,inf,5.8282828831579536e-05,0.08256781846284868,0.19218889996409388,7.741960871499032e-06,3.0017399694770575e-06,1.2077274732291698e-05,1.516309566795826e-05,0.21122407390634906,0.5720490625,0.3238950276243094,0.81800025,0.3826306493976995,0.9505745625,0.45626528394167193,0.99886475,0.5034643601123087,0.9992539375,0.5588828004709718,0.9995309375,0.5922470790689249,0.9996616875,0.6326872565890771,0.9997760625,0.657050991757993,0.999821625,0.6917512000724572,0.9998675,0.7175640793406395,0.9998903125,0.7580155782990671,0.999918375,0.7898854270446517,0.9999509375,0.8411715424327506,0.99997275,0.8800833257857078,0.9999929375
flow,synthetic_small_zoom,train,pfpascal,test,16000000,2414,sqL2,True,inf,4.073437594342977e-06,0.004881596099585309,0.021481049619615073,0.0004675481759477407,2.3705477360635996e-05,8.396664634346962e-05,0.00011043203994631767,0.4734879867439934,0.10258925,0.6785418392709196,0.234794375,0.731980115990058,0.371606375,0.775890637945319,0.6381236875,0.7937033968516984,0.8267000625,0.8127589063794531,0.9732733125,0.8247721623860812,0.99613125,0.844241922120961,0.9978905,0.8583264291632146,0.998146625,0.8728251864125932,0.998427875,0.891880695940348,0.9985969375,0.9229494614747308,0.998755625,0.9420049710024855,0.9989003125,0.9618889809444905,0.999052375,0.9743164871582436,0.9991670625
flow,synthetic_small_zoom,train,pfwillow,test,16000000,9000,sqL2,True,inf,4.596082817442948e-06,0.005439603375270965,0.026558685861527844,0.0003209747083019465,5.6399148888885975e-06,2.0934268832206726e-05,2.9232818633317947e-05,0.44455555555555554,0.3797478125,0.6213333333333333,0.630911625,0.677,0.815332125,0.7262222222222222,0.9657378125,0.7543333333333333,0.9929349375,0.7871111111111111,0.997785125,0.8026666666666666,0.9981256875,0.8295555555555556,0.9984545625,0.8476666666666667,0.998625,0.8721111111111111,0.9988199375,0.8904444444444445,0.9989309375,0.9158888888888889,0.9990918125,0.9353333333333333,0.9991565,0.9598888888888889,0.9992869375,0.9721111111111111,0.9994051875
flow,synthetic_small_zoom,train,pointodyssey,test,16000000,16000000,sqL2,True,inf,4.76837158203125e-06,3.4028234663852886e+38,3.4028234663852886e+38,0.00046710734022781253,0.0,0.0,0.0,0.430824625,0.99791175,0.5938593125,0.998182125,0.6091505,0.9982988125,0.6119269375,0.998418375,0.6132165,0.9984695,0.614479,0.9985244375,0.615093125,0.998558375,0.615786,0.9986076875,0.61623925,0.9986430625,0.6168980625,0.99869325,0.6173718125,0.9987416875,0.6180418125,0.9988236875,0.6183960625,0.998896625,0.6187145625,0.9990171875,0.6188459375,0.9991371875
flow,synthetic_small_zoom,train,tss,val,16000000,819200,sqL2,True,inf,3.676224196169642e-06,0.0013282961794175202,0.011016298411413997,0.0002890335745178163,4.6811461373863494e-08,1.8553298275492125e-07,2.6319835910726397e-07,0.517899169921875,0.9979344375,0.725234375,0.9982415,0.77181396484375,0.9984015625,0.806820068359375,0.9985635625,0.826099853515625,0.998648875,0.84880859375,0.998746125,0.863245849609375,0.998790125,0.881461181640625,0.998831,0.8933447265625,0.998866,0.911798095703125,0.9989253125,0.924781494140625,0.998971625,0.944459228515625,0.9990554375,0.95719482421875,0.9991376875,0.96912841796875,0.9992900625,0.97379150390625,0.9994018125
flow,synthetic_small_zoom,train,middlebury,val,16000000,98304,sqL2,True,inf,1.1477802672743564e-06,5.891680666536557e-06,3.0240546220736497e-05,0.00843594130128622,0.0029907217249274254,0.015932098031044006,0.02242261730134487,0.8562215169270834,0.007269125,0.9208170572916666,0.007269125,0.93841552734375,0.0228588125,0.9504496256510416,0.024969875,0.9523518880208334,0.04059375,0.9644063313802084,0.063177875,0.967620849609375,0.0931126875,0.976043701171875,0.168876125,0.98004150390625,0.260628125,0.9812418619791666,0.4326058125,0.9812418619791666,0.5755549375,0.9812418619791666,0.777417875,0.9812418619791666,0.8972781875,0.9812418619791666,0.985282125,0.9812418619791666,0.99589125
flow,synthetic_large_zoom,train,flyingthings,test,16000000,14319616,sqL2,True,0.0002906591980718076,2.6261254788551014e-06,6.0781906086049275e-06,7.5940758961223764e-06,6.089674684517377e-07,3.6809235659518436e-09,1.1007601585788507e-07,2.66725947994928e-07,0.7066293537480335,0.9963041875,0.9661472765750143,0.9983455625,0.9916904894656393,0.998942125,0.9944210794479404,0.999355875,0.9951631384528747,0.9995135625,0.9960022670998999,0.999676875,0.9965025598451802,0.999761125,0.9970741533851187,0.9998615625,0.9974183665260298,0.9999235625,0.9978604174860555,0.9999695,0.9981329806609339,0.999986875,0.9985250302801416,0.999992625,0.9988178453947368,0.9999944375,0.9991628965469465,0.999996875,0.9993705138461814,0.9999988125
flow,synthetic_large_zoom,train,kitti2015,val,16000000,408402,sqL2,True,3.3726180390658556e-06,2.684417268028483e-06,6.750851434844665e-06,9.354237590741795e-06,0.003455812344327569,3.0252536475927627e-07,0.002254402032122016,0.011773998849093914,0.6875309131688875,0.6901873125,0.9409699266898791,0.7297714375,0.9986875676416864,0.7511108125,0.9999951028643347,0.7731826875,0.9999975514321673,0.790058625,0.9999975514321673,0.81244925,0.9999975514321673,0.8287145625,0.9999975514321673,0.8540103125,0.9999975514321673,0.872318625,0.9999975514321673,0.8991564375,0.9999975514321673,0.9173941875,1.0,0.941740125,1.0,0.9577555,1.0,0.9778691875,1.0,0.9886295
flow,synthetic_large_zoom,train,kitti2012,val,16000000,397312,sqL2,True,2.996523562615039e-06,2.6039110707642976e-06,5.944581516814651e-06,7.309990883186401e-06,0.005796752870082855,1.2778972404703381e-06,0.010190223343670368,0.029227862134575844,0.7111287854381443,0.5506925,0.9729683472938144,0.57990775,0.9986509342783505,0.603912875,1.0,0.632796375,1.0,0.6546438125,1.0,0.6858193125,1.0,0.7088358125,1.0,0.74570375,1.0,0.773371625,1.0,0.815857875,1.0,0.84757975,1.0,0.8922020625,1.0,0.92146125,1.0,0.9576505,1.0,0.978412
flow,synthetic_large_zoom,train,spair,test,16000000,88328,sqL2,True,0.006223555654287338,4.114102466701297e-06,0.0014431791845709108,0.013794783316552605,8.392629752052017e-06,3.4570693969726562e-06,1.32732093334198e-05,1.699291169643402e-05,0.4703604745946925,0.5294121875,0.6550244543066751,0.7935274375,0.6984874558463907,0.933772625,0.7443732451770673,0.995532625,0.7757562720768046,0.999042875,0.8164115569241917,0.9996150625,0.8409677565437913,0.999717875,0.8717847115297528,0.999799625,0.8891404764061226,0.9998479375,0.9110814237840775,0.9998985625,0.9238180418440358,0.9999243125,0.9410719137759261,0.9999459375,0.9524499592428222,0.9999628125,0.9666243999637714,0.9999795,0.9770288017389729,0.99998475
flow,synthetic_large_zoom,train,pfpascal,test,16000000,2414,sqL2,True,4.876216917182319e-05,2.729568677750649e-06,6.625026480833192e-06,9.317501871919373e-06,0.0004932871670462191,3.329664468765259e-05,0.00016762316226959229,0.00030243396759033203,0.6876553438276719,0.0798826875,0.9403479701739851,0.178440875,0.9772162386081193,0.28845,0.9842584921292461,0.512440875,0.9867439933719967,0.6889543125,0.9896437448218725,0.873165625,0.9913007456503728,0.935489875,0.9946147473073736,0.975104375,0.995857497928749,0.9875506875,0.996271748135874,0.9949715,0.9971002485501242,0.9972549375,0.9983429991714996,0.9984135,0.9987572493786246,0.99882925,1.0,0.9991520625,1.0,0.9992751875
flow,synthetic_large_zoom,train,pfwillow,test,16000000,9000,sqL2,True,5.677023727912456e-05,2.7502080683916574e-06,7.2039556471281685e-06,1.1996804096270337e-05,0.0002568464260548353,9.616371244192123e-06,5.391240119934082e-05,9.383261203765869e-05,0.6777777777777778,0.2684311875,0.9253333333333333,0.4664039375,0.9591111111111111,0.6355394375,0.9698888888888889,0.8314715,0.9768888888888889,0.91397825,0.9836666666666667,0.9686449375,0.9867777777777778,0.9845465625,0.9913333333333333,0.993815375,0.9936666666666667,0.996414375,0.9964444444444445,0.9981875,0.9973333333333333,0.998775625,0.9985555555555555,0.99925125,0.9991111111111111,0.9993536875,0.9996666666666667,0.999470625,1.0,0.9995466875
flow,synthetic_large_zoom,train,pointodyssey,test,16000000,16000000,sqL2,True,3.631153504102258e-06,3.2987304621201474e-06,7.62939453125e-06,8.892031473806128e-06,0.00043029102380387485,0.0,9.5367431640625e-07,2.7130874968861463e-06,0.6189975,0.9609845625,0.9368659375,0.9770770625,0.9988611875,0.98310275,0.9997491875,0.9890009375,0.99982125,0.991710125,0.9999014375,0.9944395625,0.9999393125,0.9957750625,0.999976125,0.9970400625,0.9999876875,0.9975890625,0.999994625,0.998155875,0.9999970625,0.9985053125,1.0,0.9988388125,1.0,0.9990238125,1.0,0.9991910625,1.0,0.9992805
flow,synthetic_large_zoom,train,tss,val,16000000,819200,sqL2,True,0.00011321986676193774,2.8704253054456785e-06,8.607710333308205e-06,4.197582202323239e-05,0.00018680148059502244,7.712362304346243e-08,7.739001830486814e-07,2.0463460259634303e-06,0.65018310546875,0.9681855,0.899615478515625,0.9820433125,0.93484619140625,0.987881125,0.9472802734375,0.9929350625,0.95522705078125,0.995014375,0.966876220703125,0.9966893125,0.974349365234375,0.9973816875,0.98293212890625,0.9979871875,0.987540283203125,0.998298875,0.9924609375,0.998649875,0.994813232421875,0.9988661875,0.99696533203125,0.9991485,0.998052978515625,0.9993385625,0.999375,0.9995266875,0.9999267578125,0.999617625
flow,synthetic_large_zoom,train,middlebury,val,16000000,98304,sqL2,True,1.9873327801178675e-06,1.0246139936498366e-06,4.404587070894194e-06,6.981457840993241e-06,0.033534519374370575,0.00882116798311472,0.09283447265625,0.1469886600971222,0.879974365234375,0.0053418125,0.961883544921875,0.0053418125,0.9769694010416666,0.0166003125,1.0,0.017739625,1.0,0.0290288125,1.0,0.0440101875,1.0,0.0623461875,1.0,0.1053655625,1.0,0.157077,1.0,0.259036375,1.0,0.3508775625,1.0,0.499041375,1.0,0.6107546875,1.0,0.7578235625,1.0,0.846736625
flow,synthetic_random_flipping,train,flyingthings,test,16000000,14319616,sqL2,True,0.00011072418419644237,2.6569348392513348e-06,6.241721393962507e-06,7.767151146254037e-06,0.0003819566045422107,2.9291700798239617e-07,0.00012500434240791947,0.00041541759856045246,0.6981812221780249,0.6795990625,0.9641049732059854,0.7287135625,0.9966573824326015,0.7641876875,0.9991195294622426,0.81740825,0.9992278424225901,0.8558725625,0.9993332921776673,0.9050595625,0.999376798930921,0.9317916875,0.9994225403809711,0.9576665,0.9994564798385654,0.970163625,0.9995083667048055,0.9817824375,0.9995535494806564,0.9871936875,0.9996101152433138,0.9919399375,0.9996501302828232,0.99466125,0.9996974080869208,0.9977144375,0.9997394483204018,0.9991985
flow,synthetic_random_flipping,train,kitti2015,val,16000000,408402,sqL2,True,3.4757279081532033e-06,2.7324731490807608e-06,7.079093393258519e-06,1.01394218745554e-05,0.24807710945606232,0.009843614883720875,0.9347776174545288,1.3705510914325665,0.6763066782239069,0.239594,0.9319714399047997,0.2705805625,0.9971498670427666,0.28929525,1.0,0.3108969375,1.0,0.32623025,1.0,0.3471706875,1.0,0.3622421875,1.0,0.38491775,1.0,0.402453875,1.0,0.4313860625,1.0,0.4549493125,1.0,0.4939815625,1.0,0.526411375,1.0,0.580490125,1.0,0.6245671875
flow,synthetic_random_flipping,train,kitti2012,val,16000000,397312,sqL2,True,3.1707907055533724e-06,2.684092123672599e-06,6.40639900666429e-06,8.010497640498211e-06,0.24409790337085724,0.01908799819648266,0.8978706002235413,1.3154945373535156,0.6897929083440721,0.160518625,0.959973522068299,0.1821926875,0.9973421391752577,0.1983934375,1.0,0.220478375,1.0,0.2368776875,1.0,0.26089125,1.0,0.2789,1.0,0.3082675625,1.0,0.3307568125,1.0,0.366546625,1.0,0.3953981875,1.0,0.4444740625,1.0,0.484499375,1.0,0.5516655,1.0,0.6047439375
flow,synthetic_random_flipping,train,spair,test,16000000,88328,sqL2,True,7.557305252703372e-06,2.5751264729478862e-06,5.666915831170627e-06,6.981766568969759e-06,6.502846372313797e-05,7.420778274536133e-06,7.402896881103516e-05,0.0001723766326904297,0.7283420885789331,0.3237525625,0.9713114754098361,0.5380043125,0.9906598134226973,0.684285375,0.9961280681097726,0.8243834375,0.9976904265917942,0.8841095,0.9987433203514174,0.939251625,0.9991395706910606,0.9634299375,0.9994339280862241,0.9831896875,0.9996150710986323,0.9906180625,0.9997622497962141,0.9966411875,0.9998641427406938,0.9984791875,0.9999320713703469,0.99952275,0.9999433928086224,0.99974725,0.9999660356851734,0.999875125,0.9999773571234489,0.9999466875
flow,synthetic_random_flipping,train,pfpascal,test,16000000,2414,sqL2,True,2.934073336291476e-06,2.5850920337688876e-06,5.625822313959363e-06,7.106280440893897e-06,0.07754696905612946,0.00027458369731903076,0.29042720794677734,0.5344305038452148,0.7178956089478045,0.0279630625,0.9763877381938691,0.060611,0.9991714995857498,0.1022466875,1.0,0.1942835,1.0,0.2819978125,1.0,0.41078975,1.0,0.4859956875,1.0,0.5687365,1.0,0.6126215625,1.0,0.659527125,1.0,0.6874755,1.0,0.722921,1.0,0.747413875,1.0,0.77890625,1.0,0.80448525
flow,synthetic_random_flipping,train,pfwillow,test,16000000,9000,sqL2,True,2.9131988412700593e-06,2.568021500337636e-06,5.649038484989433e-06,6.8570140001611435e-06,0.02219695784151554,7.231533527374268e-05,0.05150556564331055,0.15655303001403809,0.7265555555555555,0.08308725,0.9752222222222222,0.1598070625,0.9982222222222222,0.2426085625,1.0,0.3804899375,1.0,0.475333125,1.0,0.5799003125,1.0,0.636764125,1.0,0.7019008125,1.0,0.74180575,1.0,0.7868093125,1.0,0.8102456875,1.0,0.8393770625,1.0,0.85772125,1.0,0.8856106875,1.0,0.907824875
flow,synthetic_random_flipping,train,pointodyssey,test,16000000,16000000,sqL2,True,3.990104687545681e-06,3.5939656299888156e-06,8.58306884765625e-06,9.779098036233336e-06,0.09410643577575684,2.026986066994141e-06,0.36928653717041016,0.6495561599731445,0.578007125,0.5379185,0.9065190625,0.5829818125,0.979734,0.604529375,1.0,0.6302783125,1.0,0.64395725,1.0,0.6597465625,1.0,0.6691178125,1.0,0.6807606875,1.0,0.688256,1.0,0.6995323125,1.0,0.7090478125,1.0,0.725045125,1.0,0.7394626875,1.0,0.7653156875,1.0,0.7885024375
flow,synthetic_random_flipping,train,tss,val,16000000,819200,sqL2,True,3.2065631785371806e-06,2.5962649488064926e-06,5.809202002637903e-06,7.1228450906346535e-06,0.004970896523445845,1.1626983678070246e-06,0.00018790553440339863,0.007653708104044199,0.71963134765625,0.642202125,0.974476318359375,0.7321634375,0.998797607421875,0.7849825,0.999964599609375,0.84033875,0.9999658203125,0.8679916875,0.99997314453125,0.893596875,0.999974365234375,0.904315375,0.9999755859375,0.9145399375,0.999976806640625,0.921296625,0.999981689453125,0.931606625,0.999984130859375,0.9398523125,0.999990234375,0.9521703125,0.999993896484375,0.96144225,0.999998779296875,0.9744483125,1.0,0.982562625
flow,synthetic_random_flipping,train,middlebury,val,16000000,98304,sqL2,True,1.7032679124895367e-06,1.017818817672378e-06,3.5557937735575252e-06,5.2641568117905906e-06,0.47468888759613037,0.14085161685943604,1.5198795795440674,2.113943099975586,0.927734375,0.0018876875,0.9738260904947916,0.0018876875,0.992767333984375,0.005569375,1.0,0.00571675,1.0,0.0093889375,1.0,0.013455,1.0,0.0177183125,1.0,0.026659375,1.0,0.03621425,1.0,0.0567155,1.0,0.0787915625,1.0,0.1259011875,1.0,0.1745495,1.0,0.2697973125,1.0,0.357581375
flow,spair,train,flyingthings,test,371616,14319616,sqL2,True,0.0001218649122165516,1.0308333457942354e-06,3.6487994066192186e-06,4.902664500150422e-06,0.00019947545661125332,7.904471885922248e-07,6.027585732226726e-05,0.0001631609738979023,0.9097654573977403,0.665466503056919,0.9860524891170266,0.7434125548953758,0.995470548930921,0.794659002841643,0.9978400258777889,0.8604877077413243,0.9984464667208953,0.9008142814087661,0.9988686847468535,0.9434550719021786,0.9990432704340675,0.9629752217342633,0.999234616347254,0.9789406268836649,0.9993342000232408,0.985423124946181,0.9994469125429062,0.9912974683544303,0.9995152104637443,0.994182166537501,0.9995900029721467,0.9971153018169293,0.9996263167950873,0.998382739171618,0.9996784131641518,0.9991254413157669,0.9997248529569508,0.9994752647894601
flow,spair,train,kitti2015,val,371616,408402,sqL2,True,1.9361352769919904e-06,1.1021370482922066e-06,4.307262861402706e-06,7.091007364579122e-06,0.17406636476516724,0.03204578906297684,0.541757345199585,0.832633763551712,0.8766093212080254,0.1376474640489107,0.9603160611358417,0.16229387324550074,0.9988173417368181,0.17829695169206924,1.0,0.20034390338413846,1.0,0.2154670412468785,1.0,0.23619542753810385,1.0,0.25207472229398087,1.0,0.27487244897959184,1.0,0.2928157022302592,1.0,0.3224888056488418,1.0,0.34775951519848447,1.0,0.39299707224662017,1.0,0.4352073107724102,1.0,0.5095663265306123,1.0,0.5760462412813226
flow,spair,train,kitti2012,val,371616,397312,sqL2,True,1.5127344568099943e-06,9.83474706117704e-07,3.491597567517602e-06,4.614953854797931e-06,0.1857554167509079,0.045920103788375854,0.5637047588825226,0.851623922586441,0.918932727931701,0.07885021097046413,0.9911077440399485,0.0940083311805735,0.9995998107280928,0.10591040213553776,1.0,0.12329124687849824,1.0,0.13674868681649874,1.0,0.1574367088607595,1.0,0.17383266597778352,1.0,0.20190196331697235,1.0,0.22366636528028933,1.0,0.25926224920347885,1.0,0.2888573150779299,1.0,0.3394202617755963,1.0,0.38449905278567126,1.0,0.46725652286230945,1.0,0.5416020838715233
flow,spair,train,spair,test,371616,88328,sqL2,True,1.781434184522368e-05,1.7997606391872978e-06,1.7442399803258015e-05,3.487253943603715e-05,4.7659290430601686e-05,9.268522262573242e-06,6.443262100219727e-05,0.00012373924255371094,0.6695951453672675,0.31171962455868424,0.8044561181052441,0.47958107293550334,0.8699959242822208,0.6092902350813744,0.9492459922108505,0.82714414879876,0.969737795489539,0.8929540170498579,0.9864935241373064,0.9550988116765694,0.992969386830903,0.97607207439938,0.996920568789059,0.9906301128046155,0.9983583914500498,0.9951670541634375,0.9991622135676116,0.9981647722380091,0.9994792138393261,0.9991711874623267,0.9998754641789693,0.9997039955222595,0.999954714246898,0.999790105915784,0.9999773571234489,0.9999300353052614,0.9999773571234489,0.9999677086024283
flow,spair,train,pfpascal,test,371616,2414,sqL2,True,2.2796898520027753e-06,1.3472611044562655e-06,4.700887939179667e-06,6.587813004443888e-06,0.041262079030275345,0.000637352466583252,0.11225339770317078,0.2511807978153229,0.8475559237779619,0.01646861276156032,0.9693454846727423,0.03634396796693361,0.9908864954432477,0.061445147679324894,0.9979287489643744,0.12094204770515801,0.9995857497928748,0.1840232928614484,0.9995857497928748,0.2940965943339361,1.0,0.374588284680961,1.0,0.4818737621630931,1.0,0.5486066261947817,1.0,0.6273949453199001,1.0,0.6771855894256437,1.0,0.7377158141737707,1.0,0.7779212951003186,1.0,0.8265898131404461,1.0,0.8623767544992681
flow,spair,train,pfwillow,test,371616,9000,sqL2,True,2.1602525066555245e-06,1.3537062386603793e-06,4.686016836785711e-06,6.6315247750025976e-06,0.01547562051564455,0.00015356391668319702,0.02277684211730957,0.08448433876037598,0.8526666666666667,0.05026694221992595,0.9678888888888889,0.10144342547145441,0.9924444444444445,0.15893287694824765,0.9992222222222222,0.2696439335227762,0.9997777777777778,0.362519374838543,1.0,0.48437634547489883,1.0,0.561235253595109,1.0,0.6557952294841988,1.0,0.7131232239731335,1.0,0.779385171790235,1.0,0.8142114440712994,1.0,0.858805864117799,1.0,0.8843160681994316,1.0,0.9171833290278136,1.0,0.9393513734607767
flow,spair,train,pointodyssey,test,371616,16000000,sqL2,True,2.2798033114668215e-06,1.2433138181222603e-06,5.840232006448787e-06,8.75187834026292e-06,0.04927149415016174,8.597337000537664e-06,0.1483539491891861,0.31311333179473877,0.805533375,0.4385898346680444,0.9438805,0.4998762163093085,0.9984115,0.5355339920778438,0.9999784375,0.5747653491776458,0.9999978125,0.5966050977352967,1.0,0.6222283217084302,1.0,0.6377954662877809,1.0,0.6586772367174718,1.0,0.6725033367777491,1.0,0.6924648023766469,1.0,0.7096518987341772,1.0,0.7377104322741755,1.0,0.7622303668302765,1.0,0.8048388659261173,1.0,0.8408034099715835
flow,spair,train,tss,val,371616,819200,sqL2,True,3.006139195349533e-06,1.2495340797613608e-06,4.702654769062064e-06,7.217066126941059e-06,0.011918410658836365,3.298507181170862e-06,0.012527502607554197,0.058778831735253334,0.855416259765625,0.5182473305778007,0.961759033203125,0.617161263239473,0.9833642578125,0.6768842030483079,0.994364013671875,0.7414320158443124,0.997567138671875,0.7754967493326445,0.99929931640625,0.8066687117885128,0.99977294921875,0.8200400413329889,0.99993408203125,0.832811289072591,0.9999609375,0.841661822957031,0.99997314453125,0.8560799319727891,0.9999755859375,0.8681084775682425,0.999984130859375,0.8891490140359941,0.999990234375,0.9070169206923275,0.99999755859375,0.9334312839059674,1.0,0.952009601308878
flow,spair,train,middlebury,val,371616,98304,sqL2,True,9.447923616789922e-07,5.336331696526031e-07,2.3144244323702876e-06,3.1313017871070766e-06,0.42823997139930725,0.2345910668373108,1.1078373789787292,1.520734429359436,0.9731648763020834,0.0010790708688538707,0.9986470540364584,0.0014584947903211918,1.0,0.0017437354688710927,1.0,0.003167247911822957,1.0,0.004017588047877379,1.0,0.006116528890037027,1.0,0.008000193748385431,1.0,0.012647464048910704,1.0,0.017235533453887883,1.0,0.02755801687763713,1.0,0.0388169508309653,1.0,0.06466083268750539,1.0,0.09381189184534573,1.0,0.1577542409368811,1.0,0.22781850081804875
flow,pointodyssey,train,flyingthings,test,16000000,14319616,sqL2,True,0.0021741013042628765,1.2506231605868834e-08,2.2916884034884788e-07,1.0988044323312351e-06,2.0572359815673735e-08,1.4732527697791653e-10,3.5837068868005417e-09,1.3597151671262948e-08,0.9710071834328519,0.9992650625,0.9796229172625858,0.9996675625,0.9839180743394236,0.999815625,0.9880498890473041,0.99992175,0.9899954021113415,0.9999645625,0.9918154229834096,0.999992,0.9925783624365346,0.9999975625,0.9932671378897311,1.0,0.9936454301567863,1.0,0.9941488654444365,1.0,0.9945377026869995,1.0,0.9950547556582523,1.0,0.9955074214280606,1.0,0.9963419410129434,1.0,0.9970798099613845,1.0
flow,pointodyssey,train,kitti2015,val,16000000,408402,sqL2,True,1.4253801339236816e-07,9.40686550876535e-09,9.583347093666816e-08,2.0894374799240686e-07,0.0004884516238234937,3.313344487665404e-09,8.153675139510597e-07,9.26976281334646e-05,0.9971890441280895,0.9234181875,0.9987193990235111,0.9315626875,0.9992899153285243,0.9360505,0.9997208632670751,0.94205575,0.9998579830657048,0.94652825,0.9999706171860079,0.9535718125,0.9999804114573386,0.959053875,0.9999902057286693,0.9675315,0.9999951028643347,0.973661125,0.9999975514321673,0.981416875,0.9999975514321673,0.986474,0.9999975514321673,0.991214625,1.0,0.993785625,1.0,0.9968036875,1.0,0.9979925
flow,pointodyssey,train,kitti2012,val,16000000,397312,sqL2,True,2.8803002649624432e-08,8.264786188760809e-09,5.076847529039697e-08,8.259537658261686e-08,0.0009510699892416596,3.259459813165222e-09,1.262531513930296e-05,0.0008851346210576594,0.9998087145618557,0.8874354375,0.9999068741945877,0.896105125,0.9999496617268041,0.9019113125,0.9999798646907216,0.91014575,0.9999899323453608,0.91610725,0.9999924492590206,0.925512,0.9999974830863402,0.932525375,0.9999974830863402,0.943232625,1.0,0.9514428125,1.0,0.9634025,1.0,0.9706624375,1.0,0.9810731875,1.0,0.98788275,1.0,0.993634875,1.0,0.9968545625
flow,pointodyssey,train,spair,test,16000000,88328,sqL2,True,0.04560304805636406,7.713064405834302e-06,0.13213600814342505,0.2962118029594421,4.155638634983916e-06,2.9865877877455205e-06,9.184004738926888e-06,1.3576820492744446e-05,0.4416832714428041,0.619349625,0.508559007336292,0.88771475,0.5515578299067113,0.963878125,0.6006249433928086,0.999345625,0.6284417172357576,0.99990925,0.6592020650303414,0.99999625,0.6757087220360475,1.0,0.695000452857531,1.0,0.7070351417444072,1.0,0.7246173353862875,1.0,0.7393238837061861,1.0,0.7623516891585908,1.0,0.7828774567521057,1.0,0.8198759170365003,1.0,0.8521306946834526,1.0
flow,pointodyssey,train,pfpascal,test,16000000,2414,sqL2,True,0.0005384950200095773,1.560800484412539e-07,8.650586823932836e-06,3.382307895662953e-05,3.708120493683964e-05,1.51837903104024e-05,6.696031778119504e-05,9.688548743724823e-05,0.8579121789560895,0.1800351875,0.8993371996685998,0.3504434375,0.9254349627174814,0.5010639375,0.9498757249378624,0.744348375,0.9602319801159901,0.88261325,0.9689312344656172,0.976850625,0.9739022369511184,0.991695875,0.9788732394366197,0.9962961875,0.9838442419221209,0.99783875,0.9884009942004971,0.9990656875,0.992129246064623,0.999448,0.9946147473073736,0.999757875,0.9950289975144988,0.999899,0.9971002485501242,0.999998875,0.9975144987572494,1.0
flow,pointodyssey,train,pfwillow,test,16000000,9000,sqL2,True,0.0015246537514030933,1.8649029698281083e-07,1.4481671132671195e-05,8.941283886088058e-05,1.1687550795613788e-05,7.840950274839997e-06,1.9263332433183677e-05,2.2919848561286926e-05,0.825,0.2929560625,0.8756666666666667,0.52714975,0.9024444444444445,0.783670875,0.9285555555555556,0.9737958125,0.9414444444444444,0.9890360625,0.9553333333333334,0.9962553125,0.9597777777777777,0.997966625,0.9647777777777777,0.999236125,0.9681111111111111,0.999621125,0.9722222222222222,0.99992825,0.9737777777777777,0.9999853125,0.9784444444444444,0.9999994375,0.981,1.0,0.9863333333333333,1.0,0.9913333333333333,1.0
flow,pointodyssey,train,pointodyssey,test,16000000,16000000,sqL2,True,2.51241345949893e-07,0.0,3.552713678800501e-15,1.734942500775105e-08,1.3464136827678885e-06,0.0,3.552713678800501e-15,3.2714062569993985e-08,0.9961778125,0.99624275,0.99783475,0.9977428125,0.998598375,0.998394375,0.9992634375,0.9989345625,0.9995355625,0.9991738125,0.9997755,0.9994321875,0.99985175,0.99956625,0.999922875,0.999703125,0.999954375,0.9997714375,0.999979375,0.99985025,0.999995625,0.9998936875,1.0,0.99996425,1.0,0.9999915625,1.0,0.9999998125,1.0,1.0
flow,pointodyssey,train,tss,val,16000000,819200,sqL2,True,0.011963571421802044,8.286106378818658e-08,1.0623449361446541e-05,0.01877409210428595,5.380282800615532e-06,3.218193356246957e-08,1.4267595815908852e-07,2.2724641723925743e-07,0.870335693359375,0.9963605,0.894931640625,0.997824375,0.9072802734375,0.99841225,0.91932861328125,0.9988794375,0.925445556640625,0.999082625,0.93095947265625,0.999257125,0.933140869140625,0.9993343125,0.935704345703125,0.9994260625,0.937335205078125,0.9994916875,0.93970458984375,0.9996116875,0.941600341796875,0.9996918125,0.94521484375,0.9998113125,0.948656005859375,0.999882375,0.95518798828125,0.999978,0.96126220703125,0.999998375
flow,pointodyssey,train,middlebury,val,16000000,98304,sqL2,True,8.105004667413596e-08,4.279265830575696e-09,7.649180133739714e-08,2.1459171648530136e-07,0.005897062364965677,0.0007818010635674,0.00915375454351306,0.023186637088656425,0.9968973795572916,0.005393875,0.9982706705729166,0.007852625,0.99951171875,0.0106154375,1.0,0.01603725,1.0,0.0224364375,1.0,0.0381535625,1.0,0.0599844375,1.0,0.1662448125,1.0,0.62569225,1.0,0.7726031875,1.0,0.833488875,1.0,0.897436125,1.0,0.930941625,1.0,0.965982625,1.0,0.980981625
flow,sintel,train,flyingthings,test,2131968,14319616,sqL2,True,0.0013093850575387478,1.731154952722136e-08,1.5196368394754245e-06,9.207530183630297e-06,2.998379144969476e-08,1.6239835864961805e-10,4.620990301518191e-09,1.758741792201589e-08,0.9298551022597255,0.9990300042026897,0.9486333292736342,0.999526728356148,0.9586974957987701,0.9997424914445245,0.9700127433584811,0.9998986851585014,0.976579609397347,0.9999474663784822,0.9834177117598685,0.9999751403398175,0.9866039005515231,0.9999896808957733,0.9897738877914045,0.9999971856988472,0.9913520027352689,0.9999995309498079,0.9931406680179133,1.0,0.9942751956477045,1.0,0.9955954824486913,1.0,0.9963410331673699,1.0,0.997331562522347,1.0,0.9979065081074799,1.0
flow,sintel,train,kitti2015,val,2131968,408402,sqL2,True,1.0051206800198997e-06,9.313570359381629e-09,4.46464818537607e-07,1.3145640480161086e-06,0.0007896430906839669,4.163054789785292e-09,6.600295307634967e-07,5.183376670174741e-05,0.9799095009329043,0.9295195800312199,0.9917752606500458,0.9374549711815562,0.9952546755402765,0.9418241737211815,0.997575917845652,0.9472412343900096,0.998540653571726,0.9512727207913064,0.9993462323886758,0.9573431683777618,0.9996596490712583,0.9618155619596542,0.9998286002517127,0.9678986739012968,0.9998751230405336,0.9721735973523055,0.9999216458293544,0.9792923721181557,0.9999608229146772,0.9826306023354947,1.0,0.9869960524735831,1.0,0.9902254630463496,1.0,0.9941373416486552,1.0,0.9969600857048511
flow,sintel,train,kitti2012,val,2131968,397312,sqL2,True,2.3695164941273106e-07,6.5160534745700716e-09,1.4249727797732706e-07,3.149701512938914e-07,0.0016333817038685083,3.7479352954505885e-09,5.441554867502433e-06,0.0007251286297105165,0.9962925861791238,0.8961893424291547,0.9986056298324743,0.9048597352305475,0.9992851965206185,0.9108133893191642,0.9996728012242269,0.9188153855967819,0.9998187822164949,0.9239421041966859,0.9999320433311856,0.9317011324747838,0.9999672801224226,0.9375642598763209,0.9999748308634021,0.9467932914565321,0.9999798646907216,0.9532858842158982,0.9999798646907216,0.9623380838736791,0.9999848985180413,0.9686388351044669,0.9999974830863402,0.9770798623619116,1.0,0.9818088263988953,1.0,0.9886438257985111,1.0,0.9928906062379923
flow,sintel,train,spair,test,2131968,88328,sqL2,True,0.05410460755228996,0.00011748651741072536,0.1622236505150795,0.34002369642257685,4.36640266343602e-06,2.82436985798995e-06,9.946761201717892e-06,1.4141201972961426e-05,0.24955846390725478,0.6112174291546589,0.30668644144552126,0.8740665901176753,0.3479870482746128,0.9595411375780499,0.4076963137396975,0.9985431301032661,0.4522008876007608,0.9995426760626801,0.5108232949913957,0.9998733564481268,0.5485689702019745,0.9999432449267531,0.5936849017299157,0.9999887427953891,0.6206186033873743,0.9999971856988472,0.6552735259487366,1.0,0.6800335114572955,1.0,0.7165564713341183,1.0,0.7459016393442623,1.0,0.7945045738610633,1.0,0.8325446064668055,1.0
flow,sintel,train,pfpascal,test,2131968,2414,sqL2,True,0.0007207224844023585,9.198242310048954e-07,0.00012751815811498147,0.0005694832245353608,6.763715646229684e-05,2.0201909137540497e-05,7.722928785369731e-05,0.00010985329863615333,0.6586578293289147,0.11619358264289145,0.731980115990058,0.27389529298751203,0.7746478873239436,0.4088616714697406,0.8297431648715824,0.6969119611551393,0.8612261806130903,0.8544790540946205,0.9018227009113504,0.969089592339097,0.9217067108533554,0.9902962896253602,0.9490472245236122,0.9952550882564841,0.9627174813587407,0.9968817543227666,0.9743164871582436,0.998252788034342,0.9809444904722452,0.9991041141330451,0.9855012427506213,0.9995586237692123,0.9884009942004971,0.9996599386107109,0.9950289975144988,0.999786113112392,0.9966859983429992,0.999866320695245
flow,sintel,train,pfwillow,test,2131968,9000,sqL2,True,0.004453644622117281,1.2686313084486756e-06,0.00036946017935406464,0.007211023895069934,2.9313727281987667e-05,6.268963261391036e-06,1.9235023864894173e-05,2.4297740310430527e-05,0.6187777777777778,0.3600630966318444,0.6836666666666666,0.5937162283861671,0.7271111111111112,0.8053221249099424,0.7815555555555556,0.9705572503902498,0.8214444444444444,0.9868825423270894,0.8651111111111112,0.9946260919488472,0.8858888888888888,0.9965909432036504,0.9101111111111111,0.9980586012548031,0.9208888888888889,0.998683845160903,0.9335555555555556,0.9991983932216618,0.9421111111111111,0.9994465207732949,0.9525555555555556,0.9996805768191642,0.9614444444444444,0.9997668820545149,0.9702222222222222,0.9998714802473583,0.9778888888888889,0.9999249519692603
flow,sintel,train,pointodyssey,test,2131968,16000000,sqL2,True,7.3673122642503586e-06,5.446427753241778e-10,7.160237203152064e-08,2.719912785664744e-07,4.016864113509655e-05,3.023511219168995e-09,3.517420950061033e-08,8.7344848509474e-08,0.9871261875,0.9954422392831412,0.9911258125,0.9968930115273775,0.993200875,0.9975689128542267,0.995493625,0.9981772709534101,0.996743,0.9984676130223343,0.9980584375,0.9987518574387608,0.9986495625,0.99887099618756,0.9991448125,0.9989826301332853,0.999347875,0.999061430565562,0.9995724375,0.999180100264169,0.999658,0.99925983879683,0.9997774375,0.9994258825648416,0.9998551875,0.9995703500240154,0.99995575,0.9997603153518252,0.9999953125,0.9998405229346782
flow,sintel,train,tss,val,2131968,819200,sqL2,True,0.020302826538681984,4.17213072978484e-07,0.00033032629580702604,0.08851772248744945,0.0001206023371196352,3.552447225274591e-08,1.522440896906119e-07,2.4165060636960333e-07,0.736673583984375,0.9933817017891451,0.786890869140625,0.9949342579250721,0.813624267578125,0.9955970258465417,0.844375,0.9962166411503363,0.863330078125,0.9965496667867435,0.8847509765625,0.9968878519752642,0.895716552734375,0.9970665600984631,0.906011962890625,0.9973301663064361,0.91045654296875,0.9975234149855908,0.915535888671875,0.9979085051933237,0.919024658203125,0.9981735185518732,0.9243212890625,0.9985248371457733,0.9287646484375,0.9988391007744957,0.9368408203125,0.9992495196926032,0.944453125,0.9994643446805955
flow,sintel,train,middlebury,val,2131968,98304,sqL2,True,4.186741989542497e-06,1.1257277776621777e-07,4.449356174518469e-06,2.3721191519143625e-05,0.008280608803033829,0.0009047277271747589,0.012778354994952685,0.031138989049941248,0.892791748046875,0.0036365461395292988,0.9208780924479166,0.007018867074927954,0.9404703776041666,0.009070492615273776,0.9604695638020834,0.013840733069164265,0.9806416829427084,0.02164760446685879,0.995697021484375,0.040320492615273776,0.9997151692708334,0.06081188835854947,1.0,0.13496074987992315,1.0,0.5413115956712296,1.0,0.7327427053314121,1.0,0.8108677053314121,1.0,0.8729296124519692,1.0,0.9114100211635446,1.0,0.95531452629683,1.0,0.9744015857648896
flow,spair_synthetic_30_70,train,flyingthings,test,16000000,14319616,sqL2,True,0.00012308632722124457,2.428673269605497e-06,6.2736060044699116e-06,7.89792466093786e-06,3.718790321727283e-05,3.9643062166305754e-08,1.6268745639536064e-06,5.4794859352114145e-06,0.7159578161872497,0.9381216875,0.9623260847218249,0.9619928125,0.9964438990542763,0.97344,0.998799409146167,0.98455575,0.9989246918353117,0.9896345,0.9990614971798126,0.9942566875,0.9991452284754004,0.99615425,0.9992489323736056,0.99767875,0.9993115737181779,0.9983240625,0.9993825951757366,0.9989143125,0.9994394402754935,0.9991951875,0.9995073191906823,0.99952075,0.99954831191004,0.9996559375,0.9996082995521668,0.9998176875,0.9996809271980478,0.99988025
flow,spair_synthetic_30_70,train,kitti2015,val,16000000,408402,sqL2,True,3.375519781911862e-06,2.5044939775398234e-06,7.295573504961798e-06,1.0151040487471614e-05,0.031429022550582886,3.737043880391866e-05,0.0722113773226738,0.16315576434135437,0.6878467784193025,0.3900360625,0.928800544561486,0.437029375,0.9974020695295321,0.464884,1.0,0.496527375,1.0,0.51899825,1.0,0.5491355625,1.0,0.57054325,1.0,0.6024575625,1.0,0.62706375,1.0,0.666709875,1.0,0.6985519375,1.0,0.7492455625,1.0,0.7886588125,1.0,0.847871375,1.0,0.889827875
flow,spair_synthetic_30_70,train,kitti2012,val,16000000,397312,sqL2,True,3.0560775030608056e-06,2.439465106363059e-06,6.553164985234619e-06,8.240868100983785e-06,0.04125997796654701,0.0007420668262057006,0.1050354391336441,0.21172107756137848,0.7050303036404639,0.2676089375,0.9566662975193299,0.3011560625,0.9974528833762887,0.325953375,1.0,0.3587846875,1.0,0.382840875,1.0,0.41753425,1.0,0.4430954375,1.0,0.484082375,1.0,0.515121125,1.0,0.5636811875,1.0,0.6022464375,1.0,0.665965625,1.0,0.7170086875,1.0,0.79691475,1.0,0.8535844375
flow,spair_synthetic_30_70,train,spair,test,16000000,88328,sqL2,True,4.2905467125819996e-05,2.6332836569054052e-06,8.507593702233863e-06,3.730869975697701e-05,1.6551923181395978e-05,4.751607775688171e-06,1.990795135498047e-05,3.167986869812012e-05,0.6869282673670863,0.43139575,0.9007675935150802,0.6935365,0.9296825468707545,0.8491720625,0.9485440630377683,0.9555795,0.9580880355040304,0.979535125,0.9705302961688252,0.992038875,0.9786930531654742,0.9956599375,0.9884181686441446,0.9979594375,0.9933316728557195,0.9987666875,0.9971696404311203,0.999441125,0.9985055701476315,0.9997075625,0.9994226066479486,0.9998796875,0.9997509283579386,0.99993275,0.9998981070555203,0.9999796875,0.9999660356851734,0.999988625
flow,spair_synthetic_30_70,train,pfpascal,test,16000000,2414,sqL2,True,2.769305865513161e-06,2.314685843884945e-06,5.521753064385849e-06,6.772454003112211e-06,0.004590644035488367,7.575005292892456e-05,0.0013668239116668701,0.005484640598297119,0.7423363711681856,0.0454013125,0.9784589892294946,0.097866125,0.9983429991714996,0.1648425625,1.0,0.3107823125,1.0,0.4465916875,1.0,0.6368199375,1.0,0.7371734375,1.0,0.8353185,1.0,0.8804015,1.0,0.921178625,1.0,0.9410995,1.0,0.960118875,1.0,0.9693795625,1.0,0.9793983125,1.0,0.985416375
flow,spair_synthetic_30_70,train,pfwillow,test,16000000,9000,sqL2,True,3.032036374861491e-06,2.3844265797379194e-06,5.714039616577794e-06,7.27136196019273e-06,0.0030430920887738466,2.49519944190979e-05,0.0003991127014160156,0.0017406940460205078,0.7418888888888889,0.1323445625,0.9684444444444444,0.251831,0.9948888888888889,0.3777786875,0.9972222222222222,0.577687625,0.999,0.702427375,0.9993333333333333,0.8197734375,1.0,0.8704635625,1.0,0.9149990625,1.0,0.935062625,1.0,0.9552229375,1.0,0.964746375,1.0,0.9747930625,1.0,0.9800525,1.0,0.98631525,1.0,0.9899605
flow,spair_synthetic_30_70,train,pointodyssey,test,16000000,16000000,sqL2,True,3.787000423471909e-06,3.3227065614482854e-06,8.58306884765625e-06,9.80653476290172e-06,0.005163530353456736,7.119545841760555e-08,4.673004150390625e-05,0.0024608001112937927,0.601083,0.8010783125,0.9061138125,0.848116,0.99573925,0.8692403125,1.0,0.89302275,1.0,0.90529075,1.0,0.9188630625,1.0,0.9265626875,1.0,0.9358245,1.0,0.941278375,1.0,0.948869625,1.0,0.95459875,1.0,0.96233875,1.0,0.9681640625,1.0,0.97693425,1.0,0.9830160625
flow,spair_synthetic_30_70,train,tss,val,16000000,819200,sqL2,True,1.3360018783714622e-05,2.4621601824037498e-06,6.4545627083134605e-06,9.028064368976617e-06,0.0038973698392510414,2.7608550112745434e-07,2.6415389584144577e-05,0.00147348886821419,0.71720458984375,0.8120909375,0.945111083984375,0.85829775,0.973619384765625,0.88217525,0.980379638671875,0.907245,0.98404541015625,0.9196941875,0.988819580078125,0.93169575,0.9919677734375,0.937344375,0.996129150390625,0.943210375,0.998135986328125,0.947089,0.99948974609375,0.9530001875,0.9997705078125,0.95785,0.999906005859375,0.9657906875,0.99994384765625,0.9721134375,0.999974365234375,0.9805475625,0.999990234375,0.9862435625
flow,spair_synthetic_30_70,train,middlebury,val,16000000,98304,sqL2,True,1.5181168464550865e-06,8.108759175229352e-07,3.6103148431720906e-06,5.2528522019201555e-06,0.13451911509037018,0.05142068862915039,0.3442460000514984,0.5353114008903503,0.9151102701822916,0.0027921875,0.9831949869791666,0.0027926875,0.9987284342447916,0.0084961875,1.0,0.0086980625,1.0,0.01435875,1.0,0.02052325,1.0,0.0270658125,1.0,0.040895,1.0,0.056006625,1.0,0.0880800625,1.0,0.122647375,1.0,0.196278125,1.0,0.2710960625,1.0,0.416134375,1.0,0.5451826875
flow,spair_synthetic_50_50,train,flyingthings,test,16000000,14319616,sqL2,True,0.00015630702546332031,2.1302744244167116e-06,5.771090854977956e-06,7.391618851215753e-06,5.0291062507312745e-05,4.0017962277261176e-08,1.6375900031562196e-06,5.4658999033563305e-06,0.7590945874526245,0.9381313125,0.9691334600033967,0.9621841875,0.996359259913115,0.9736778125,0.9987028283440003,0.9847488125,0.9988400526941504,0.98978525,0.9990008111949371,0.9943735,0.9990962048144307,0.9962260625,0.9992073809800486,0.997682375,0.9992728156956164,0.99828575,0.9993807794845895,0.9988545625,0.9994380435899957,0.9991365,0.9995282694731479,0.999512625,0.9995812038535111,0.9996465,0.9996408423242634,0.999756875,0.9996916816763801,0.9998125625
flow,spair_synthetic_50_50,train,kitti2015,val,16000000,408402,sqL2,True,3.137591875201906e-06,2.1958771867502946e-06,6.8082389589108064e-06,1.0305496516593843e-05,0.031238365918397903,3.9976257539819926e-05,0.07268191874027252,0.16315913200378418,0.7332187403587641,0.3889708125,0.9336462603023492,0.43555575,0.994618047903781,0.463120375,1.0,0.4941978125,1.0,0.51622575,1.0,0.545349125,1.0,0.5661345625,1.0,0.5976871875,1.0,0.62226575,1.0,0.6621906875,1.0,0.6947046875,1.0,0.7462760625,1.0,0.7865800625,1.0,0.846564625,1.0,0.8891344375
flow,spair_synthetic_50_50,train,kitti2012,val,16000000,397312,sqL2,True,2.7787466478912393e-06,2.1364244275901e-06,6.008607033436421e-06,7.761229926472861e-06,0.0410446859896183,0.0007961674709804356,0.10582544654607773,0.21196557581424713,0.7496602166559279,0.265847625,0.9636029115657216,0.298891875,0.9973220038659794,0.3233,1.0,0.3558831875,1.0,0.3797865625,1.0,0.414273,1.0,0.4396826875,1.0,0.48033125,1.0,0.5112294375,1.0,0.5594716875,1.0,0.5979911875,1.0,0.6622360625,1.0,0.714428125,1.0,0.794829,1.0,0.852119375
flow,spair_synthetic_50_50,train,spair,test,16000000,88328,sqL2,True,2.705506449274253e-05,2.3779566618031822e-06,7.54644356675272e-06,2.1721455141232568e-05,1.883329969132319e-05,4.753470420837402e-06,1.989305019378662e-05,3.141164779663086e-05,0.7160470066117199,0.431398875,0.9109116022099447,0.693228625,0.9390000905715062,0.849256125,0.959039036319174,0.9561289375,0.9679829725568336,0.9801000625,0.9793270537089032,0.9927484375,0.9858142378407753,0.9962321875,0.9921882075898922,0.998332125,0.9954034960601394,0.999034,0.9976791051535187,0.999508375,0.9988678561724481,0.9996831875,0.9996603568517345,0.99977825,0.9999094284937958,0.999832,0.9999773571234489,0.999940375,1.0,0.9999804375
flow,spair_synthetic_50_50,train,pfpascal,test,16000000,2414,sqL2,True,2.550593080741237e-06,2.0611387299140915e-06,5.112547978569641e-06,6.459945620918006e-06,0.004444517660886049,7.604062557220459e-05,0.0013871192932128906,0.005627691745758057,0.7829328914664457,0.045324625,0.9788732394366197,0.097765,0.9991714995857498,0.164530375,1.0,0.3104366875,1.0,0.4459179375,1.0,0.635523625,1.0,0.736196,1.0,0.8342921875,1.0,0.8794228125,1.0,0.9204065,1.0,0.9403735625,1.0,0.959744875,1.0,0.969407875,1.0,0.97943075,1.0,0.9855779375
flow,spair_synthetic_50_50,train,pfwillow,test,16000000,9000,sqL2,True,2.6717632408690406e-06,2.145273356291e-06,5.314179361448623e-06,6.858868709969077e-06,0.0027105119079351425,2.504885196685791e-05,0.00039708614349365234,0.0016911625862121582,0.7831111111111111,0.132008625,0.9741111111111111,0.2514014375,0.9953333333333333,0.376906375,0.9991111111111111,0.576532625,0.9997777777777778,0.701198125,1.0,0.819115,1.0,0.8704179375,1.0,0.9154238125,1.0,0.9356679375,1.0,0.955859875,1.0,0.9655024375,1.0,0.9757705,1.0,0.981088,1.0,0.9871966875,1.0,0.9909086875
flow,spair_synthetic_50_50,train,pointodyssey,test,16000000,16000000,sqL2,True,3.926747467630776e-06,2.8697077141259797e-06,9.063216566573828e-06,1.239776611328125e-05,0.004818332381546497,7.534629276051419e-08,4.2995245166821405e-05,0.002403818303719163,0.62492975,0.801439375,0.8842179375,0.8491234375,0.963147375,0.870516625,1.0,0.89429575,1.0,0.9063525625,1.0,0.9197348125,1.0,0.9273068125,1.0,0.9363919375,1.0,0.941767,1.0,0.949152125,1.0,0.954732,1.0,0.9625489375,1.0,0.9686058125,1.0,0.977475625,1.0,0.9837020625
flow,spair_synthetic_50_50,train,tss,val,16000000,819200,sqL2,True,6.8725157689186744e-06,2.170874267903855e-06,5.970172742308932e-06,8.278424274976711e-06,0.0033721006475389004,2.7838717642225674e-07,2.528556069592014e-05,0.0011035088682547212,0.75621826171875,0.812438625,0.95321533203125,0.859153125,0.97776123046875,0.883334625,0.985540771484375,0.9085333125,0.989635009765625,0.9212618125,0.99421875,0.9334771875,0.99662109375,0.9392561875,0.99861572265625,0.9452735,0.9992578125,0.94911225,0.999764404296875,0.9550953125,0.999945068359375,0.960004875,0.99998046875,0.9679299375,0.999989013671875,0.97415175,0.99999755859375,0.9826029375,1.0,0.9879814375
flow,spair_synthetic_50_50,train,middlebury,val,16000000,98304,sqL2,True,1.1559590120668872e-06,5.764599109170376e-07,3.0123723036012957e-06,3.714160027357136e-06,0.13405631482601166,0.05133056640625,0.34785032272338867,0.5313342809677124,0.9557393391927084,0.0028046875,0.9947916666666666,0.002805875,0.9967854817708334,0.0084375625,1.0,0.00865075,1.0,0.0142644375,1.0,0.0204094375,1.0,0.0268705,1.0,0.04044175,1.0,0.0550866875,1.0,0.086856,1.0,0.121006875,1.0,0.194780125,1.0,0.27064075,1.0,0.416998625,1.0,0.5458338125
flow,spair_synthetic_70_30,train,flyingthings,test,16000000,14319616,sqL2,True,0.00012555929424706846,1.690662656983477e-06,5.0242231282027205e-06,6.544251618834096e-06,4.47489001089707e-05,3.9922003480796775e-08,1.6418224504377577e-06,5.455755399452755e-06,0.8190797853797197,0.938129375,0.9797262719894165,0.962188125,0.9979469421526387,0.97371675,0.998827482524671,0.98476725,0.9989553490819866,0.9898,0.9990915957522883,0.994328625,0.9991648519066433,0.9961708125,0.9992573823208667,0.9976015625,0.9993128307351259,0.998198375,0.9993787542906178,0.9987606875,0.9994399291154176,0.99905975,0.9995241492509296,0.9994073125,0.9995594853940217,0.9995785625,0.9996502001170982,0.9997173125,0.9997018774805134,0.999797
flow,spair_synthetic_70_30,train,kitti2015,val,16000000,408402,sqL2,True,2.7688854515872663e-06,1.7678216863714624e-06,6.279778972384524e-06,9.66936918302963e-06,0.03154711425304413,4.0643462853040546e-05,0.07304824888706207,0.16398471593856578,0.7803120454845961,0.38893225,0.9405610158618224,0.4352946875,0.9984378137227535,0.4626349375,1.0,0.493634,1.0,0.5155244375,1.0,0.5448805625,1.0,0.5658731875,1.0,0.5973249375,1.0,0.6217083125,1.0,0.66152025,1.0,0.6933668125,1.0,0.7443013125,1.0,0.784829375,1.0,0.845962125,1.0,0.8889350625
flow,spair_synthetic_70_30,train,kitti2012,val,16000000,397312,sqL2,True,2.306851911271224e-06,1.6763025314503466e-06,5.128563498146832e-06,6.73880674639804e-06,0.041383787989616394,0.0007966624689288437,0.1066870167851448,0.21281613409519196,0.815344112435567,0.2664035625,0.9770608489046392,0.299599,0.9990762926868557,0.3240570625,1.0,0.356608625,1.0,0.380357375,1.0,0.414542875,1.0,0.4397680625,1.0,0.4803980625,1.0,0.5110580625,1.0,0.559159125,1.0,0.59757825,1.0,0.661318875,1.0,0.712243875,1.0,0.792517625,1.0,0.8507960625
flow,spair_synthetic_70_30,train,spair,test,16000000,88328,sqL2,True,1.978759428311605e-05,2.019104613282252e-06,7.05329093761975e-06,1.796741389625815e-05,2.451950240356382e-05,4.753470420837402e-06,1.9883736968040466e-05,3.135204315185547e-05,0.7545172538719319,0.4314823125,0.9174553935331945,0.6933183125,0.9429852368444888,0.849050625,0.9654922561362196,0.9562794375,0.974368263744226,0.980200625,0.9852708088035504,0.99264275,0.9907843492437279,0.9961025625,0.9957544606466806,0.998222125,0.997509283579386,0.998919,0.9988904990489992,0.99937675,0.9993433565800199,0.999553,0.9996716782900099,0.999693625,0.9998528213024183,0.999768125,0.9999660356851734,0.99986275,1.0,0.9999254375
flow,spair_synthetic_70_30,train,pfpascal,test,16000000,2414,sqL2,True,2.240015646748361e-06,1.6671731373207876e-06,4.7009209993120755e-06,5.882195841877546e-06,0.004527152981609106,7.587671279907227e-05,0.0013692677021026611,0.005550175905227661,0.827671913835957,0.045415375,0.9867439933719967,0.0978748125,0.9983429991714996,0.1646430625,0.9991714995857498,0.31086975,0.9995857497928748,0.44629375,1.0,0.6361555625,1.0,0.7367641875,1.0,0.8351793125,1.0,0.880362625,1.0,0.9208629375,1.0,0.940676125,1.0,0.9602320625,1.0,0.96995475,1.0,0.980217625,1.0,0.986191375
flow,spair_synthetic_70_30,train,pfwillow,test,16000000,9000,sqL2,True,2.2340127543429844e-06,1.736839976729243e-06,4.590960770656238e-06,5.886856615688877e-06,0.0028206866700202227,2.5015324354171753e-05,0.00039336085319519043,0.001607060432434082,0.8355555555555556,0.13235175,0.9848888888888889,0.251963,0.9981111111111111,0.3772788125,0.9993333333333333,0.5768313125,0.9997777777777778,0.7015390625,1.0,0.8194751875,1.0,0.870753375,1.0,0.9160765625,1.0,0.9366373125,1.0,0.957015,1.0,0.9664574375,1.0,0.9764995625,1.0,0.981609375,1.0,0.987623125,1.0,0.991118375
flow,spair_synthetic_70_30,train,pointodyssey,test,16000000,16000000,sqL2,True,3.152608542222879e-06,2.0721504370158073e-06,8.20592867967207e-06,9.5367431640625e-06,0.004995143972337246,7.535405899261605e-08,4.415649164002389e-05,0.0023508071899414062,0.7019084375,0.800567625,0.9194100625,0.8482396875,0.9846185625,0.86972575,1.0,0.8937065,1.0,0.9059220625,1.0,0.919528625,1.0,0.927261875,1.0,0.9365344375,1.0,0.94199675,1.0,0.949346125,1.0,0.9550005,1.0,0.9629810625,1.0,0.9689821875,1.0,0.9777419375,1.0,0.98382425
flow,spair_synthetic_70_30,train,tss,val,16000000,819200,sqL2,True,4.303698005969636e-06,1.7471470528107602e-06,5.1500916015356776e-06,7.1314066417471575e-06,0.003594975685700774,2.7745619490815443e-07,2.4963255782495253e-05,0.0009921641321852803,0.81524169921875,0.8128995,0.964901123046875,0.8597054375,0.982860107421875,0.8837798125,0.990322265625,0.9090104375,0.993843994140625,0.9217859375,0.997135009765625,0.934182125,0.998646240234375,0.940029875,0.99966552734375,0.946054375,0.9998681640625,0.9498965,0.999945068359375,0.955660625,0.99996337890625,0.96036975,0.99998291015625,0.9679419375,0.999989013671875,0.97406975,0.99999755859375,0.9823620625,1.0,0.98762825
flow,spair_synthetic_70_30,train,middlebury,val,16000000,98304,sqL2,True,1.0747486385298544e-06,4.831873638977413e-07,2.8032819272993945e-06,3.5348698816051167e-06,0.1340421438217163,0.05229530110955238,0.34366053342819214,0.5295777916908264,0.9641927083333334,0.0027161875,0.988250732421875,0.0027189375,1.0,0.008218625,1.0,0.0084401875,1.0,0.013978625,1.0,0.0201210625,1.0,0.0266841875,1.0,0.040443875,1.0,0.0552295625,1.0,0.0871591875,1.0,0.12155725,1.0,0.1946874375,1.0,0.269887375,1.0,0.41472675,1.0,0.5427216875
flow,pointodyssey_synthetic_30_70,train,flyingthings,test,16000000,14319616,sqL2,True,0.0001620409166207537,2.8555051656553587e-08,8.558085653476155e-07,2.151431999664055e-06,3.5290671803522855e-05,1.4315037155654409e-08,9.320748404206824e-07,3.318083827252849e-06,0.9798920585579949,0.95400875,0.9970213586733052,0.97190325,0.9982993957379863,0.980395125,0.9986484274438644,0.98849325,0.9987888641706594,0.992174375,0.9989249711724113,0.9955643125,0.999003255394558,0.9969845,0.9991109398464316,0.9981089375,0.9991762348934496,0.9985671875,0.9992654830967534,0.9989785625,0.9993342000232408,0.9992230625,0.9994323870137299,0.9995355,0.9995046654882366,0.9996764375,0.9996119309344608,0.999794625,0.9996652144861985,0.999859125
flow,pointodyssey_synthetic_30_70,train,kitti2015,val,16000000,408402,sqL2,True,1.840230510197216e-07,1.9092667002951202e-08,3.6414090516245793e-07,9.337365355577274e-07,0.023016585037112236,2.195308525188011e-06,0.045043662562966234,0.11764916032552719,0.9934721181580893,0.5285749375,0.9995837434684453,0.5659573125,0.9999853085930039,0.5879268125,1.0,0.6128928125,1.0,0.630632875,1.0,0.654139125,1.0,0.6709309375,1.0,0.6963909375,1.0,0.715993,1.0,0.7469376875,1.0,0.7714675625,1.0,0.8103849375,1.0,0.8410661875,1.0,0.8861836875,1.0,0.9180549375
flow,pointodyssey_synthetic_30_70,train,kitti2012,val,16000000,397312,sqL2,True,8.17405378938929e-08,1.7455853651426878e-08,1.4722323982141464e-07,2.8924994239787274e-07,0.030480895191431046,3.231052323826589e-05,0.07189550995826721,0.15901805460453033,0.9987138571198454,0.428404625,0.9999194587628866,0.455552125,1.0,0.4754435625,1.0,0.50205875,1.0,0.52152625,1.0,0.549637,1.0,0.5702806875,1.0,0.603360625,1.0,0.6283576875,1.0,0.667219375,1.0,0.697249125,1.0,0.7460475,1.0,0.7851706875,1.0,0.8468334375,1.0,0.890076875
flow,pointodyssey_synthetic_30_70,train,spair,test,16000000,88328,sqL2,True,0.000376592535758391,2.039784249063814e-06,9.748043703439182e-06,5.3437060159921915e-05,1.4402648048417177e-05,4.059635102748871e-06,1.722155138850212e-05,2.6226043701171875e-05,0.7308101621229961,0.4792591875,0.8925029435739517,0.7424724375,0.92019518159587,0.878026,0.9417398786341817,0.9669205625,0.9521669232859342,0.984885625,0.961529752739788,0.994194125,0.9673602934516801,0.996859,0.9746852640159406,0.9985471875,0.9790326963137397,0.9991466875,0.9840933792228965,0.999598375,0.9875350964586541,0.9997519375,0.9919617788243819,0.999841125,0.9943053165474142,0.9999015,0.9970790689249163,0.9999765625,0.9986640702834888,0.999992375
flow,pointodyssey_synthetic_30_70,train,pfpascal,test,16000000,2414,sqL2,True,1.2571365459734807e-06,5.149717026142753e-07,3.5564367180995763e-06,4.606371362569916e-06,0.0034432883840054274,4.757195711135864e-05,0.0008030533790588379,0.0030782222747802734,0.9179784589892295,0.0784535625,0.9942004971002486,0.161138,0.9991714995857498,0.250368875,0.9995857497928748,0.4219998125,1.0,0.5579915625,1.0,0.7229423125,1.0,0.8017010625,1.0,0.8763258125,1.0,0.910254125,1.0,0.940747125,1.0,0.955592,1.0,0.9699845625,1.0,0.9772626875,1.0,0.9849310625,1.0,0.9892974375
flow,pointodyssey_synthetic_30_70,train,pfwillow,test,16000000,9000,sqL2,True,1.945783878909424e-06,5.72650378671824e-07,3.8304805457300976e-06,4.898319025414818e-06,0.002258025575429201,1.605600118637085e-05,0.00023177266120910645,0.0008928775787353516,0.899,0.1742225,0.9876666666666667,0.3227844375,0.9934444444444445,0.481452875,0.997,0.67785075,0.998,0.774602625,0.9988888888888889,0.8642049375,0.9991111111111111,0.9027831875,0.9995555555555555,0.936786,1.0,0.9519558125,1.0,0.9668908125,1.0,0.9739675,1.0,0.981558,1.0,0.9853794375,1.0,0.9899530625,1.0,0.992594375
flow,pointodyssey_synthetic_30_70,train,pointodyssey,test,16000000,16000000,sqL2,True,6.681742092951026e-08,0.0,1.8707879689827678e-08,1.8643626162881106e-07,0.003812842071056366,0.0,1.3709473023482133e-05,0.00037789344787597656,0.9961528125,0.8510758125,0.9998328125,0.886976125,0.999994125,0.903148125,1.0,0.921073125,1.0,0.93023,1.0,0.9403210625,1.0,0.946121125,1.0,0.95295775,1.0,0.9569491875,1.0,0.962389375,1.0,0.966502875,1.0,0.9722869375,1.0,0.9767355625,1.0,0.9833358125,1.0,0.9877204375
flow,pointodyssey_synthetic_30_70,train,tss,val,16000000,819200,sqL2,True,0.00010959780775010586,2.9696261094613874e-07,3.6477722233030355e-06,5.993648369440049e-06,0.002776335459202528,1.3605216508949525e-07,1.0314243809261825e-05,0.00014959042891860008,0.90733154296875,0.8587231875,0.96274658203125,0.893723625,0.9705712890625,0.9119050625,0.976446533203125,0.9307955625,0.97977783203125,0.9402455,0.9834619140625,0.949255875,0.98592529296875,0.9535009375,0.989710693359375,0.9578751875,0.99192626953125,0.9606644375,0.994549560546875,0.9649995,0.996099853515625,0.968591375,0.9978955078125,0.974479375,0.998626708984375,0.9793354375,0.999268798828125,0.9861250625,0.9996240234375,0.99036925
flow,pointodyssey_synthetic_30_70,train,middlebury,val,16000000,98304,sqL2,True,1.0908980385693212e-07,1.3602011961211247e-08,2.109510020886773e-07,4.722221888187016e-07,0.10129296779632568,0.0244140625,0.27742800116539,0.4497711658477783,0.998779296875,0.0031605625,0.9998881022135416,0.0036834375,1.0,0.008585125,1.0,0.0101329375,1.0,0.0161915625,1.0,0.02516125,1.0,0.0358875625,1.0,0.07366525,1.0,0.2035498125,1.0,0.26409025,1.0,0.3052708125,1.0,0.376301625,1.0,0.4414915,1.0,0.5570001875,1.0,0.6553478125
flow,pointodyssey_synthetic_50_50,train,flyingthings,test,16000000,14319616,sqL2,True,0.000168972386745736,1.9557143460247062e-08,4.6453260438283905e-07,1.4665496053112292e-06,2.9204726160969585e-05,3.432501172184743e-09,5.159680540600675e-07,1.9922019873774843e-06,0.9855803395845252,0.96565025,0.9971597003718535,0.9788495625,0.9980547662730621,0.985156625,0.9984176949996425,0.991196875,0.9985788725060784,0.994003,0.9987436115605335,0.9965805,0.9988409605397239,0.997636875,0.9989876125169836,0.998533125,0.9990793747541834,0.9989016875,0.9991936236278962,0.999258625,0.9992696033189716,0.999439125,0.9993819666672625,0.999632875,0.9994529182905464,0.999734625,0.9995858827499285,0.999822875,0.999638677461742,0.9998884375
flow,pointodyssey_synthetic_50_50,train,kitti2015,val,16000000,408402,sqL2,True,1.0599291044854908e-07,1.3936088727461993e-08,1.8707718822952313e-07,4.2972130529505904e-07,0.01754802092909813,2.728286290221149e-07,0.02547917142510414,0.0831579715013504,0.9976958976694531,0.630084625,0.9998726744727009,0.6599440625,1.0,0.6775055,1.0,0.6977883125,1.0,0.7122640625,1.0,0.73198525,1.0,0.746009,1.0,0.7670389375,1.0,0.78283125,1.0,0.8073928125,1.0,0.8264174375,1.0,0.85615775,1.0,0.8790525625,1.0,0.9137906875,1.0,0.938276
flow,pointodyssey_synthetic_50_50,train,kitti2012,val,16000000,397312,sqL2,True,4.547581511360477e-08,1.265173033004885e-08,8.786147560613246e-08,1.6103934754596576e-07,0.023151138797402382,8.816244303488929e-07,0.0466323159635067,0.11806333065032959,0.9996728012242269,0.5453790625,0.999987415431701,0.5683134375,1.0,0.58490575,1.0,0.6071559375,1.0,0.6233493125,1.0,0.646975625,1.0,0.664317625,1.0,0.6921514375,1.0,0.7130866875,1.0,0.74479925,1.0,0.7688590625,1.0,0.807472125,1.0,0.8372773125,1.0,0.8834176875,1.0,0.9167414375
flow,pointodyssey_synthetic_50_50,train,spair,test,16000000,88328,sqL2,True,0.0006268582656048238,1.868716935859993e-06,1.290364316446358e-05,9.815516277740211e-05,1.7240050510736182e-05,3.723427653312683e-06,1.523713581264019e-05,2.256035804748535e-05,0.7330178425867222,0.514995375,0.8785209673036862,0.7800278125,0.9069490988135133,0.9002729375,0.9313354768589802,0.97513325,0.942815415270356,0.988579,0.9543859251879359,0.9954880625,0.9608051806901549,0.9975005625,0.9683339371433747,0.9987904375,0.9727492980708269,0.9992391875,0.9785119101530658,0.999560625,0.9821460918395073,0.9996839375,0.9869916674214292,0.99977625,0.9901843130151254,0.9998194375,0.9946676025722307,0.999916375,0.9974753192645593,0.999960125
flow,pointodyssey_synthetic_50_50,train,pfpascal,test,16000000,2414,sqL2,True,1.0128111398444162e-06,3.1659720889365417e-07,2.96775572223851e-06,3.888968899445899e-06,0.0027037907857447863,3.383122384548187e-05,0.0004830986261367687,0.0017390251159667969,0.9444904722452361,0.1048156875,0.995857497928749,0.2092249375,0.9983429991714996,0.3145230625,0.9987572493786246,0.5031276875,1.0,0.6403464375,1.0,0.78790225,1.0,0.85034275,1.0,0.907081625,1.0,0.9325758125,1.0,0.955342125,1.0,0.9663915,1.0,0.9771899375,1.0,0.9826669375,1.0,0.988286125,1.0,0.9914338125
flow,pointodyssey_synthetic_50_50,train,pfwillow,test,16000000,9000,sqL2,True,2.447325641696807e-06,3.1895288543637434e-07,3.449734094829182e-06,4.526972838903018e-06,0.0018538139993324876,1.2665987014770508e-05,0.00014069676399230957,0.0004747062921524048,0.9196666666666666,0.204294,0.9891111111111112,0.3734206875,0.9928888888888889,0.5574961875,0.9958888888888889,0.753206125,0.9967777777777778,0.8292564375,0.9975555555555555,0.8985340625,0.9981111111111111,0.9281653125,0.9993333333333333,0.9536060625,0.9997777777777778,0.9646696875,1.0,0.9756075,1.0,0.9806891875,1.0,0.98600425,1.0,0.98876,1.0,0.992125375,1.0,0.994144
flow,pointodyssey_synthetic_50_50,train,pointodyssey,test,16000000,16000000,sqL2,True,4.4038653612687995e-08,0.0,4.238423834124205e-09,6.781476713513257e-08,0.0030476420652121305,0.0,4.76837158203125e-06,7.05718994140625e-05,0.99764,0.887826125,0.9999214375,0.91516275,0.9999976875,0.927431625,1.0,0.9412043125,1.0,0.948202,1.0,0.955844625,1.0,0.9601080625,1.0,0.965117875,1.0,0.9680955625,1.0,0.9720786875,1.0,0.97503025,1.0,0.97916025,1.0,0.9824478125,1.0,0.9870920625,1.0,0.9902738125
flow,pointodyssey_synthetic_50_50,train,tss,val,16000000,819200,sqL2,True,0.0002576444239821285,1.661899347027429e-07,3.1664323387303733e-06,5.75403091715997e-06,0.002290241653099656,8.46673913201812e-08,4.388552497402998e-06,3.6760511102328876e-05,0.921630859375,0.8945199375,0.961153564453125,0.921243375,0.96806396484375,0.9349436875,0.974752197265625,0.94905725,0.97859375,0.956122,0.9834375,0.9629338125,0.986343994140625,0.966191875,0.989425048828125,0.96956125,0.990863037109375,0.97164125,0.992349853515625,0.97484425,0.99322509765625,0.977447125,0.9947314453125,0.981636,0.9960205078125,0.984931875,0.99784423828125,0.9896519375,0.9990087890625,0.9925055
flow,pointodyssey_synthetic_50_50,train,middlebury,val,16000000,98304,sqL2,True,1.1352688744636907e-07,1.1597686366826565e-08,1.7060825427961374e-07,3.383727005257233e-07,0.07755621522665024,0.0080718994140625,0.2138020396232605,0.3689335584640503,0.9964396158854166,0.0033140625,0.9991455078125,0.0042050625,1.0,0.008434125,1.0,0.0109870625,1.0,0.01692,1.0,0.0273056875,1.0,0.0403376875,1.0,0.094689875,1.0,0.3105088125,1.0,0.39176125,1.0,0.438352375,1.0,0.5082921875,1.0,0.5643680625,1.0,0.659038,1.0,0.736209
flow,pointodyssey_synthetic_70_30,train,flyingthings,test,16000000,14319616,sqL2,True,0.0002841768437065184,1.567036456151527e-08,3.188811348309173e-07,1.119459170695336e-06,1.2521743883553427e-05,4.2075329331758837e-10,2.0446984194677498e-07,8.820488801575266e-07,0.9879093126519594,0.977439,0.996974499874857,0.9861588125,0.997744143418371,0.990334,0.9981521850865275,0.9942905625,0.9983214633688501,0.996089625,0.9984854342462814,0.9977225625,0.9985674196849972,0.9983813125,0.9986659558468607,0.9989055625,0.998734183933424,0.999131,0.9988336977751359,0.999406875,0.998914775368278,0.9995913125,0.9990291639105406,0.9997920625,0.999126582724006,0.999881,0.9992786817747068,0.999944375,0.9993845505354334,0.999968625
flow,pointodyssey_synthetic_70_30,train,kitti2015,val,16000000,408402,sqL2,True,8.604955326063646e-08,1.1541876787646288e-08,1.3769795259577222e-07,3.0941828015329463e-07,0.011463610455393791,2.3072150412417614e-08,0.007117941044270992,0.04465677589178085,0.9981219484723385,0.74026,0.9999289915328524,0.7619061875,0.9999975514321673,0.774442,1.0,0.789286125,1.0,0.7998828125,1.0,0.81501725,1.0,0.825827,1.0,0.8417979375,1.0,0.85358575,1.0,0.8715498125,1.0,0.885011375,1.0,0.905354375,1.0,0.9206579375,1.0,0.9433825625,1.0,0.9592919375
flow,pointodyssey_synthetic_70_30,train,kitti2012,val,16000000,397312,sqL2,True,3.4536391524397914e-08,1.0298260022523209e-08,6.385971289546436e-08,1.1181223271705674e-07,0.015151810832321644,1.969493013120882e-08,0.019063344225287437,0.0705743059515953,0.999657699742268,0.6743855,0.9999924492590206,0.69175125,1.0,0.7041938125,1.0,0.720970375,1.0,0.7331394375,1.0,0.7512636875,1.0,0.764776,1.0,0.786116125,1.0,0.802252125,1.0,0.826545625,1.0,0.8444525625,1.0,0.872111875,1.0,0.8924335,1.0,0.9240451875,1.0,0.945733375
flow,pointodyssey_synthetic_70_30,train,spair,test,16000000,88328,sqL2,True,0.0007715533720329404,1.7092569351007114e-06,1.7401842887920798e-05,0.0002463387354509902,8.611079465481453e-06,3.3598043955862522e-06,1.3105571269989014e-05,1.9004568457603455e-05,0.7313422697219455,0.55484475,0.8635993116565529,0.820673125,0.8940313377411466,0.923619,0.9209763608368807,0.9839911875,0.9323317634272258,0.99279775,0.9433588443075809,0.9973251875,0.9498347070011774,0.99858875,0.9578502853002445,0.9993806875,0.963578933067657,0.999658,0.9711982610270808,0.999843375,0.9762249796214111,0.999897375,0.9833688071732632,0.9999415,0.9882370256317362,0.999963125,0.9940222805905262,0.9999883125,0.996920568789059,0.9999948125
flow,pointodyssey_synthetic_70_30,train,pfpascal,test,16000000,2414,sqL2,True,9.076566129806451e-07,2.0971005199044157e-07,2.6983483849107885e-06,3.749551513010374e-06,0.0016402126057073474,2.452172338962555e-05,0.0002313554286956787,0.0007533133029937744,0.9523612261806131,0.13223525,0.9966859983429992,0.261694125,0.9987572493786246,0.384484375,0.9991714995857498,0.5955513125,0.9995857497928748,0.73353475,1.0,0.859247375,1.0,0.9032766875,1.0,0.9402359375,1.0,0.9566441875,1.0,0.9712860625,1.0,0.978547875,1.0,0.98566225,1.0,0.9891005625,1.0,0.99258975,1.0,0.9947668125
flow,pointodyssey_synthetic_70_30,train,pfwillow,test,16000000,9000,sqL2,True,3.769065870073973e-06,2.406183341463475e-07,3.1986991189114646e-06,4.377032132651944e-06,0.0010489921551197767,1.107989919546526e-05,7.078051567077637e-05,0.00021216273307800293,0.9305555555555556,0.235708875,0.9853333333333333,0.42909225,0.9912222222222222,0.6418221875,0.9946666666666667,0.8361051875,0.9966666666666667,0.889436,0.9982222222222222,0.934947125,0.9982222222222222,0.9538124375,0.9991111111111111,0.97002625,0.9993333333333333,0.977278625,0.9995555555555555,0.9843854375,0.9997777777777778,0.9877126875,1.0,0.991135625,1.0,0.99294675,1.0,0.99536075,1.0,0.996669625
flow,pointodyssey_synthetic_70_30,train,pointodyssey,test,16000000,16000000,sqL2,True,3.446839969001303e-08,0.0,1.4901843647940893e-10,4.9656975420475646e-08,0.0018865505699068308,0.0,1.2993031077712658e-06,1.239776611328125e-05,0.998173625,0.9277064375,0.9999504375,0.9451845625,0.9999986875,0.95298675,1.0,0.96170675,1.0,0.9661255,1.0,0.9710155,1.0,0.97377675,1.0,0.9770658125,1.0,0.979020375,1.0,0.981622125,1.0,0.983618625,1.0,0.9863439375,1.0,0.988443375,1.0,0.991627,1.0,0.9938290625
flow,pointodyssey_synthetic_70_30,train,tss,val,16000000,819200,sqL2,True,0.00015485324547626078,1.1655460951942587e-07,2.8021261414323808e-06,5.4440153235191114e-06,0.001158823841251433,5.503256517158661e-08,1.3836763628205517e-06,8.71872362040449e-06,0.92918212890625,0.9326123125,0.9610205078125,0.949728,0.967891845703125,0.9582750625,0.97432373046875,0.9670815,0.977191162109375,0.9714696875,0.98044921875,0.97566275,0.9825146484375,0.9776801875,0.9855810546875,0.979804375,0.987965087890625,0.981110375,0.99163330078125,0.9831289375,0.99377685546875,0.9848183125,0.996077880859375,0.987619625,0.997628173828125,0.98995875,0.9989306640625,0.9931205,0.999512939453125,0.995206125
flow,pointodyssey_synthetic_70_30,train,middlebury,val,16000000,98304,sqL2,True,6.243745787060107e-08,9.249071730721425e-09,1.0323294219460877e-07,2.293875304815169e-07,0.051315706223249435,0.001619382994249463,0.1369103491306305,0.27201247215270996,0.9997660319010416,0.00410875,1.0,0.0056505,1.0,0.00936225,1.0,0.013093875,1.0,0.0191009375,1.0,0.0316525625,1.0,0.047733625,1.0,0.1208123125,1.0,0.428128625,1.0,0.5315019375,1.0,0.5850285625,1.0,0.6529061875,1.0,0.7015995,1.0,0.7745995,1.0,0.828708875
flow,flyingthings_synthetic_30_70,train,flyingthings,test,16000000,14319616,sqL2,True,8.754788723308593e-05,2.631654894003077e-09,1.3441838575545262e-07,4.381822833465776e-07,3.8055026379879564e-05,1.584399456078245e-08,9.304779950980446e-07,3.3695425827318104e-06,0.9942251943068865,0.953498,0.9979378636969036,0.971205375,0.9983405281258939,0.979789375,0.998627966001323,0.9880975,0.9987636539974256,0.991974625,0.9989095377976616,0.995546,0.9989903360537042,0.997029625,0.9990956461402317,0.9981798125,0.9991649915751931,0.9986939375,0.9992659021024027,0.9991624375,0.9993543821286828,0.9993665,0.9994791759779034,0.999622875,0.9995700303695295,0.9997243125,0.9996777846556779,0.999806,0.9997382611377288,0.999866375
flow,flyingthings_synthetic_30_70,train,kitti2015,val,16000000,408402,sqL2,True,3.14673300749746e-08,1.86349513597861e-09,5.999446557325429e-08,1.3398626919069985e-07,0.023936571553349495,3.8192010833881795e-06,0.04441554471850395,0.11929704993963242,0.9997649374880633,0.4999508125,0.9999975514321673,0.5398868125,1.0,0.5633903125,1.0,0.5906595,1.0,0.6103178125,1.0,0.63771525,1.0,0.6578136875,1.0,0.688002,1.0,0.7104335,1.0,0.74514075,1.0,0.77133725,1.0,0.8112705625,1.0,0.8417651875,1.0,0.88694625,1.0,0.91825725
flow,flyingthings_synthetic_30_70,train,kitti2012,val,16000000,397312,sqL2,True,1.0900003566405303e-08,1.543081218358111e-09,2.2143913369632173e-08,4.4475343230487756e-08,0.0316556878387928,8.633862307760864e-05,0.07130385935306549,0.162648007273674,0.9999798646907216,0.3814893125,0.9999974830863402,0.4120473125,1.0,0.4342336875,1.0,0.464296375,1.0,0.4863921875,1.0,0.518609625,1.0,0.5427238125,1.0,0.5815390625,1.0,0.610540375,1.0,0.655450625,1.0,0.68998875,1.0,0.7442691875,1.0,0.78561325,1.0,0.8476001875,1.0,0.8906449375
flow,flyingthings_synthetic_30_70,train,spair,test,16000000,88328,sqL2,True,0.00048535599489696324,1.0082951575896004e-06,9.159232831734698e-06,6.523406373162275e-05,6.717632641084492e-05,4.32133674621582e-06,1.7344951629638672e-05,2.6404857635498047e-05,0.800742686350874,0.4600395,0.8971107689520876,0.72675225,0.9199234670772575,0.875123375,0.9391585907073635,0.966269625,0.9489742776922381,0.9841631875,0.96026175165293,0.993705125,0.9668847930441083,0.9965125,0.9746626211393895,0.9983490625,0.9794176252151073,0.9989654375,0.9847273797663255,0.999377,0.9882483470700117,0.999536375,0.9922561362195453,0.9996746875,0.9946902454487818,0.999729875,0.9965922470790689,0.999824875,0.9976564622769677,0.99988775
flow,flyingthings_synthetic_30_70,train,pfpascal,test,16000000,2414,sqL2,True,5.375346177061147e-07,8.243007698638394e-08,1.4826105257270695e-06,2.4573257064730557e-06,0.0037261079996824265,5.2647665143013e-05,0.0007851272821426392,0.0031522512435913086,0.9850869925434963,0.059738,0.9979287489643744,0.127576625,0.9991714995857498,0.21190075,0.9991714995857498,0.387978,0.9995857497928748,0.537610375,1.0,0.72005925,1.0,0.8033018125,1.0,0.87812575,1.0,0.911077875,1.0,0.9404704375,1.0,0.9549496875,1.0,0.96906,1.0,0.9762258125,1.0,0.9839909375,1.0,0.9887083125
flow,flyingthings_synthetic_30_70,train,pfwillow,test,16000000,9000,sqL2,True,3.1751669666846283e-06,1.0511901393783774e-07,1.8898745793194402e-06,3.2141774568117397e-06,0.002629282185807824,1.6032252460718155e-05,0.00022736191749572754,0.0009149312973022461,0.9657777777777777,0.193576875,0.992,0.3487715625,0.9938888888888889,0.48771275,0.9966666666666667,0.6730076875,0.9973333333333333,0.7751139375,0.9982222222222222,0.865953125,0.9988888888888889,0.9037691875,0.9991111111111111,0.9366554375,0.9993333333333333,0.9513821875,0.9995555555555555,0.9660323125,0.9997777777777778,0.9731104375,1.0,0.9806924375,1.0,0.984577875,1.0,0.9892400625,1.0,0.9920276875
flow,flyingthings_synthetic_30_70,train,pointodyssey,test,16000000,16000000,sqL2,True,1.9192036404547252e-08,4.732905733995096e-10,8.355423908312787e-09,3.127522081314258e-08,0.004311107564717531,1.688128037358183e-08,1.3360348020796664e-05,0.0004291534423828125,0.9994350625,0.8524505,0.99998725,0.887706125,0.99999975,0.9035060625,1.0,0.9209665625,1.0,0.9298508125,1.0,0.9397065625,1.0,0.945273875,1.0,0.9518238125,1.0,0.9557329375,1.0,0.9610930625,1.0,0.9650126875,1.0,0.970681625,1.0,0.9752365625,1.0,0.9821388125,1.0,0.986800875
flow,flyingthings_synthetic_30_70,train,tss,val,16000000,819200,sqL2,True,0.0003709593147505075,5.0442519494708904e-08,1.5213035794658907e-06,4.027807790407673e-06,0.0032759951427578926,1.49871283383618e-07,1.0047588148154318e-05,0.00015805345901753753,0.947779541015625,0.86075825,0.965386962890625,0.8948515625,0.970504150390625,0.9123075,0.975684814453125,0.930471375,0.97857421875,0.9397275,0.98208251953125,0.94879825,0.9844384765625,0.9530563125,0.9876904296875,0.9573561875,0.989549560546875,0.9601258125,0.99151611328125,0.9644265,0.99278076171875,0.968055875,0.994620361328125,0.9738301875,0.9959130859375,0.9784183125,0.997132568359375,0.9848168125,0.9980810546875,0.98907475
flow,flyingthings_synthetic_30_70,train,middlebury,val,16000000,98304,sqL2,True,3.969692485839005e-08,9.759006935894377e-09,9.05978495779891e-08,1.544456033286677e-07,0.10356327146291733,0.026566803455352783,0.27718597650527954,0.4566802978515625,1.0,0.00364075,1.0,0.004529875,1.0,0.009444625,1.0,0.0117354375,1.0,0.018213875,1.0,0.0283648125,1.0,0.0405454375,1.0,0.0712003125,1.0,0.1088296875,1.0,0.1813958125,1.0,0.2424880625,1.0,0.3405729375,1.0,0.418889,1.0,0.54960125,1.0,0.6544048125
flow,flyingthings_synthetic_70_30,train,flyingthings,test,16000000,14319616,sqL2,True,0.00010643856512615457,1.0973079112019946e-09,5.6540541137906075e-08,1.8888889741219828e-07,2.7116695491713472e-05,2.5058790598109226e-09,2.4496608830304467e-07,9.49264256178125e-07,0.995372920614631,0.976937375,0.9973987430947869,0.985618625,0.997907136615954,0.9898505,0.9983706965326444,0.993884125,0.9985961215719751,0.9957604375,0.9988213371084811,0.9975119375,0.9989299992402031,0.9982561875,0.9990691091157752,0.9988594375,0.9991475330064716,0.9991414375,0.9992562649724686,0.9994063125,0.9993307781437715,0.9995601875,0.9994440493376359,0.9997373125,0.9995312723469679,0.9997999375,0.9996427976839602,0.999856,0.9997122129531965,0.9999024375
flow,flyingthings_synthetic_70_30,train,kitti2015,val,16000000,408402,sqL2,True,1.3638010720740112e-08,7.851573835537806e-10,2.51525255734464e-08,5.529071351872957e-08,0.013710922561585903,2.9243153676361544e-07,0.009875872079282996,0.047735296189785004,0.9999461315076812,0.6474834375,1.0,0.6786725,1.0,0.69683425,1.0,0.7189938125,1.0,0.7352573125,1.0,0.759166125,1.0,0.7774141875,1.0,0.80458875,1.0,0.8238045,1.0,0.8513038125,1.0,0.8699636875,1.0,0.8961321875,1.0,0.9151464375,1.0,0.9407920625,1.0,0.9576066875
flow,flyingthings_synthetic_70_30,train,kitti2012,val,16000000,397312,sqL2,True,4.4870009929809385e-09,6.391402962435677e-10,9.205367668130311e-09,1.8640455046181513e-08,0.018225831910967827,1.3792407571600052e-06,0.02418629266321659,0.07719065994024277,0.9999974830863402,0.5374066875,1.0,0.564438375,1.0,0.583670875,1.0,0.60991725,1.0,0.6293620625,1.0,0.65826925,1.0,0.680301625,1.0,0.7158746875,1.0,0.7420871875,1.0,0.7818413125,1.0,0.810543,1.0,0.8508103125,1.0,0.8788860625,1.0,0.9173545,1.0,0.941838875
flow,flyingthings_synthetic_70_30,train,spair,test,16000000,88328,sqL2,True,0.0005812481394968927,6.318737177934963e-07,1.9838898151647306e-05,9.694841173768432e-05,0.00010750955698313192,3.8063153624534607e-06,1.4362216461449862e-05,1.9960368808824536e-05,0.7850511729010053,0.500978625,0.858232949913957,0.773375625,0.8879404039489177,0.911627125,0.920829182139299,0.982309375,0.9387623403677203,0.991744125,0.9566049270899375,0.996464875,0.9651186486731275,0.997851875,0.9735531201883887,0.998794375,0.9776967665972285,0.99914975,0.9820894846481297,0.9994195,0.9851915587356218,0.99953275,0.9891314192555022,0.9996404375,0.9919051716330043,0.999691875,0.995086495788425,0.9997596875,0.9970903903631917,0.9998176875
flow,flyingthings_synthetic_70_30,train,pfpascal,test,16000000,2414,sqL2,True,3.8014204051251e-07,3.692390393439382e-08,7.989114862994045e-07,1.5282079687040092e-06,0.002459506271407008,3.500783714116551e-05,0.00026967376470565796,0.0008020401000976562,0.987986743993372,0.0794715625,0.995857497928749,0.16859975,0.9983429991714996,0.276797,0.9987572493786246,0.4940451875,0.9991714995857498,0.6618315625,1.0,0.8328063125,1.0,0.892716625,1.0,0.9371809375,1.0,0.9554035625,1.0,0.9707803125,1.0,0.97804,1.0,0.9849445625,1.0,0.9883904375,1.0,0.991882625,1.0,0.9939620625
flow,flyingthings_synthetic_70_30,train,pfwillow,test,16000000,9000,sqL2,True,1.737589400363504e-06,4.6784919049969176e-08,1.1303607152512998e-06,2.36934235999797e-06,0.0019058886682614684,9.211857104673982e-06,8.31112265586853e-05,0.00023797154426574707,0.9708888888888889,0.276834375,0.9865555555555555,0.4805449375,0.9914444444444445,0.6369948125,0.995,0.80175025,0.9976666666666667,0.87348025,0.9984444444444445,0.929420375,0.9988888888888889,0.9506731875,0.9995555555555555,0.9680780625,0.9997777777777778,0.975570125,0.9997777777777778,0.9828465625,1.0,0.98636225,1.0,0.9901010625,1.0,0.991991,1.0,0.9942980625,1.0,0.9956131875
flow,flyingthings_synthetic_70_30,train,pointodyssey,test,16000000,16000000,sqL2,True,9.96688598320361e-09,1.8278299707130685e-10,3.5109350982054366e-09,1.3239081431137803e-08,0.002923686755821109,1.2552332506743369e-08,1.9073486328125e-06,1.4200090754456667e-05,0.999771125,0.9233053125,0.9999865625,0.9426613125,0.999996875,0.9512619375,0.9999998125,0.9603183125,1.0,0.964910875,1.0,0.9699376875,1.0,0.9727269375,1.0,0.9759971875,1.0,0.9779286875,1.0,0.980591625,1.0,0.98264525,1.0,0.98555575,1.0,0.9878361875,1.0,0.9910454375,1.0,0.9932425625
flow,flyingthings_synthetic_70_30,train,tss,val,16000000,819200,sqL2,True,0.00022076356981415302,2.157241141276245e-08,8.897588941181309e-07,4.901875900031879e-06,0.0021597056183964014,7.742715979475179e-08,1.7610342752050183e-06,1.0992129136866327e-05,0.9449951171875,0.9268815625,0.957965087890625,0.9456694375,0.9648388671875,0.95498125,0.97408203125,0.96449325,0.97978515625,0.9692189375,0.986304931640625,0.9737138125,0.98931396484375,0.975789625,0.991800537109375,0.977993375,0.99273681640625,0.9793904375,0.993812255859375,0.981540125,0.99465576171875,0.983355,0.995810546875,0.9863374375,0.99662841796875,0.9886691875,0.998009033203125,0.991840625,0.998868408203125,0.9941433125
flow,flyingthings_synthetic_70_30,train,middlebury,val,16000000,98304,sqL2,True,1.8465998508077064e-08,4.000594522324263e-09,3.7485059323216765e-08,6.672981491817595e-08,0.0596131831407547,0.00680464506149292,0.14977741837501524,0.27810928225517273,1.0,0.004800625,1.0,0.00695675,1.0,0.010931875,1.0,0.01622775,1.0,0.0238295,1.0,0.03918175,1.0,0.0586919375,1.0,0.11261475,1.0,0.1807776875,1.0,0.309747375,1.0,0.4084833125,1.0,0.5385259375,1.0,0.61876725,1.0,0.7275403125,1.0,0.800975
flow,sintel_synthetic_30_70,train,flyingthings,test,16000000,14319616,sqL2,True,0.00011685092613333836,7.60737428606717e-09,5.449388709166669e-07,1.6978559926883463e-06,6.804578879382461e-05,1.0688411045123303e-08,8.03633781742974e-07,2.926364004451898e-06,0.9838737994091462,0.957114625,0.997295528036506,0.9735076875,0.9982613360581736,0.9814048125,0.9985954930635011,0.9889664375,0.998746335097254,0.992358,0.9989030432100973,0.9954396875,0.9989892187053061,0.996810875,0.9990910370780892,0.997975375,0.9991682737861127,0.9984739375,0.9992771454206594,0.99898325,0.9993545217972325,0.9992653125,0.9994625554204806,0.9996064375,0.9995570411944007,0.9997286875,0.9996626306180277,0.9998030625,0.9997110257705235,0.9998456875
flow,sintel_synthetic_30_70,train,kitti2015,val,16000000,408402,sqL2,True,1.1065053229231125e-07,3.997060016303067e-09,1.8549016402857899e-07,5.179884823292004e-07,0.02248425967991352,1.2852505051341723e-06,0.04021761566400528,0.11496320366859436,0.9969882615658101,0.5565586875,0.999887365879697,0.5918011875,0.9999975514321673,0.6125810625,1.0,0.6364230625,1.0,0.6534279375,1.0,0.67622025,1.0,0.692448375,1.0,0.7162881875,1.0,0.7343918125,1.0,0.763747,1.0,0.786842,1.0,0.8228508125,1.0,0.8508629375,1.0,0.8929379375,1.0,0.922458875
flow,sintel_synthetic_30_70,train,kitti2012,val,16000000,397312,sqL2,True,3.811858917401878e-08,2.8463240653309185e-09,6.137102488423816e-08,1.3520322994509097e-07,0.029593272134661674,1.2416689060046338e-05,0.06566480696201268,0.1563112586736679,0.9994613804768041,0.461162125,0.9999924492590206,0.487393375,0.9999949661726805,0.506554875,1.0,0.5318223125,1.0,0.5502091875,1.0,0.576822625,1.0,0.596324625,1.0,0.6278160625,1.0,0.6515763125,1.0,0.688521,1.0,0.7170069375,1.0,0.763754125,1.0,0.8001321875,1.0,0.85664575,1.0,0.89671075
flow,sintel_synthetic_30_70,train,spair,test,16000000,88328,sqL2,True,0.0007414561114273965,1.9626531866379082e-06,9.781165590538877e-06,6.474735055235213e-05,2.4949866201495752e-05,3.972090780735016e-06,1.665949821472168e-05,2.5153160095214844e-05,0.7361765238655918,0.4875446875,0.8930916583642786,0.7498118125,0.9181120369531746,0.883877,0.9388189475590979,0.9691031875,0.9490535277601666,0.985777875,0.9589484648129698,0.994401125,0.9639525405307491,0.9969259375,0.9703831174712435,0.99851325,0.973972013404583,0.999074125,0.9788515533013314,0.99953,0.9817611629381396,0.99969575,0.9864369169459288,0.99979325,0.9898220269903089,0.99983375,0.9939996377139751,0.999883875,0.9964563898197627,0.999905375
flow,sintel_synthetic_30_70,train,pfpascal,test,16000000,2414,sqL2,True,1.1024152399841114e-06,3.33940420205181e-07,3.394131817913149e-06,4.305289303374593e-06,0.0034705984871834517,4.494562745094299e-05,0.0006977766752243042,0.0026583075523376465,0.924192212096106,0.067196875,0.9954432477216238,0.151849375,1.0,0.2402164375,1.0,0.4309961875,1.0,0.57359975,1.0,0.7406595,1.0,0.8163684375,1.0,0.8857028125,1.0,0.9169411875,1.0,0.9449286875,1.0,0.9587465625,1.0,0.9717971875,1.0,0.9781701875,1.0,0.9850541875,1.0,0.9893496875
flow,sintel_synthetic_30_70,train,pfwillow,test,16000000,9000,sqL2,True,4.3106660996272694e-06,3.958978425089299e-07,3.6415880686035964e-06,4.736416485684458e-06,0.002330755814909935,1.4873155123495962e-05,0.00019919872283935547,0.0007493197917938232,0.9085555555555556,0.2006975,0.9896666666666667,0.356167625,0.995,0.508822125,0.9972222222222222,0.6991566875,0.9977777777777778,0.7912700625,0.9986666666666667,0.8752464375,0.9988888888888889,0.910907,0.9991111111111111,0.9418666875,0.9993333333333333,0.9558094375,0.9993333333333333,0.969521625,0.9997777777777778,0.9760109375,1.0,0.9828821875,1.0,0.9863353125,1.0,0.9904035625,1.0,0.99288125
flow,sintel_synthetic_30_70,train,pointodyssey,test,16000000,16000000,sqL2,True,5.5987509739452435e-08,2.127803627738345e-10,2.99352659993701e-08,1.1311074352704446e-07,0.003948221914470196,4.537026754292128e-09,9.775161743164062e-06,0.000247955322265625,0.996864,0.8622748125,0.9998760625,0.8955586875,0.9999955625,0.9104199375,1.0,0.9269471875,1.0,0.935381125,1.0,0.9445701875,1.0,0.9497935,1.0,0.955971,1.0,0.959667,1.0,0.9647175,1.0,0.9685306875,1.0,0.9738413125,1.0,0.9779866875,1.0,0.984020875,1.0,0.9880449375
flow,sintel_synthetic_30_70,train,tss,val,16000000,819200,sqL2,True,0.0004301054868847132,1.6811904401947686e-07,3.4650326597329692e-06,5.778920422017107e-06,0.002638760022819042,1.1881476780217781e-07,8.057791092141997e-06,0.00010295730317011476,0.913905029296875,0.869493375,0.963460693359375,0.901987375,0.970693359375,0.9184488125,0.976114501953125,0.9355218125,0.9790185546875,0.944103125,0.982034912109375,0.9524703125,0.98379638671875,0.956462,0.98628173828125,0.96069925,0.9879638671875,0.9635056875,0.989757080078125,0.967833125,0.9908203125,0.9713448125,0.99252197265625,0.9769255625,0.993975830078125,0.9812613125,0.996241455078125,0.987127125,0.997763671875,0.9910863125
flow,sintel_synthetic_30_70,train,middlebury,val,16000000,98304,sqL2,True,2.1955861484457273e-07,4.266787811957329e-08,4.787622458479744e-07,9.45653300732371e-07,0.0958530530333519,0.019786033779382706,0.26082929968833923,0.4346243739128113,0.995391845703125,0.003122,0.998992919921875,0.00413275,1.0,0.0088300625,1.0,0.01033925,1.0,0.0167133125,1.0,0.0263600625,1.0,0.037526625,1.0,0.0700065,1.0,0.2017955625,1.0,0.281838625,1.0,0.3301736875,1.0,0.402337875,1.0,0.4686128125,1.0,0.585188875,1.0,0.6803349375
flow,sintel_synthetic_70_30,train,flyingthings,test,16000000,14319616,sqL2,True,0.00031800311990082264,3.283705751755406e-09,2.61707356230545e-07,1.049148380616316e-06,3.146723975078203e-05,3.8511333011470583e-10,1.5349930038155435e-07,6.700792596348037e-07,0.9880961891715532,0.980731375,0.9969110903532609,0.988262,0.9976670463788974,0.9918798125,0.9980795574406465,0.99530775,0.9982618947323727,0.9968440625,0.9984236309130077,0.9982618125,0.9985072923743207,0.9988835625,0.9986227284307065,0.999354375,0.9987138621594323,0.9995445625,0.9988393543514016,0.9996911875,0.9989371921705164,0.99974975,0.9990620558540118,0.999828125,0.9991775617446725,0.999869,0.9993040316164903,0.9998883125,0.9994053611493493,0.99990575
flow,sintel_synthetic_70_30,train,kitti2015,val,16000000,408402,sqL2,True,5.830347760138466e-08,1.7295810339490458e-09,8.152602219979609e-08,2.3471371832783892e-07,0.009907059371471405,1.9213532098660835e-08,0.004512432962656021,0.03484648838639259,0.9989103873144598,0.767469375,0.9999730657538406,0.786916375,1.0,0.7982820625,1.0,0.81146475,1.0,0.821124,1.0,0.834466375,1.0,0.8440626875,1.0,0.857962875,1.0,0.868331625,1.0,0.8849838125,1.0,0.896958375,1.0,0.9153255625,1.0,0.929628625,1.0,0.95021,1.0,0.964378875
flow,sintel_synthetic_70_30,train,kitti2012,val,16000000,397312,sqL2,True,1.8790673905755284e-08,1.228927515306566e-09,2.7308791317182147e-08,6.123092148868614e-08,0.013463449664413929,1.4388030322720624e-08,0.014708739332854694,0.060836002230644226,0.9998212991301546,0.70806875,0.9999924492590206,0.724236125,1.0,0.7357163125,1.0,0.7509276875,1.0,0.761648625,1.0,0.777373375,1.0,0.7890359375,1.0,0.8076703125,1.0,0.8213075,1.0,0.842261125,1.0,0.8581785625,1.0,0.8833254375,1.0,0.901995,1.0,0.930774625,1.0,0.9508781875
flow,sintel_synthetic_70_30,train,spair,test,16000000,88328,sqL2,True,0.0018915350083261728,1.824435798880586e-06,3.288348016212699e-05,0.0010568705620244124,7.937801456137095e-06,3.2419338822364807e-06,1.2896372936666012e-05,1.791999493434554e-05,0.7127524680735441,0.55733125,0.8451000815143556,0.8209688125,0.8753736074630921,0.9267506875,0.9012317724843765,0.985520125,0.9130853183588443,0.9935345625,0.9253011502581288,0.997641,0.9327393352051445,0.998811,0.9425889865048456,0.999518,0.9492007064577483,0.9997598125,0.9573408205778462,0.999913625,0.9631940041662893,0.999953,0.9717077257494792,0.9999728125,0.9778892310479124,0.9999811875,0.9858595235938774,0.999989125,0.9908183135585544,0.999996375
flow,sintel_synthetic_70_30,train,pfpascal,test,16000000,2414,sqL2,True,1.1250268698859145e-06,1.649943328629888e-07,2.8876175747427675e-06,4.014609248770279e-06,0.0013513307785615325,2.6417383196530864e-05,0.0001937076449394226,0.0006000697612762451,0.9432477216238608,0.0956763125,0.9954432477216238,0.222285875,0.9979287489643744,0.3372631875,0.9987572493786246,0.5828529375,0.9991714995857498,0.7324789375,0.9991714995857498,0.86973375,0.9995857497928748,0.914300125,1.0,0.94739525,1.0,0.9620981875,1.0,0.97510175,1.0,0.9816308125,1.0,0.987676375,1.0,0.9905551875,1.0,0.993687625,1.0,0.9956300625
flow,sintel_synthetic_70_30,train,pfwillow,test,16000000,9000,sqL2,True,4.329476723796688e-06,1.9987356836281833e-07,3.426286866670126e-06,4.5162587412050925e-06,0.0008217121358029544,9.022653102874756e-06,5.9992074966430664e-05,0.00017528235912322998,0.9215555555555556,0.28728975,0.9836666666666667,0.48655925,0.9888888888888889,0.6730760625,0.9918888888888889,0.8517989375,0.994,0.9012141875,0.9963333333333333,0.942053125,0.9978888888888889,0.9586515625,0.9988888888888889,0.9730231875,0.9992222222222222,0.9795994375,0.9995555555555555,0.986187875,0.9997777777777778,0.9892003125,1.0,0.9924276875,1.0,0.994103625,1.0,0.9959991875,1.0,0.997169375
flow,sintel_synthetic_70_30,train,pointodyssey,test,16000000,16000000,sqL2,True,3.590180241985763e-08,9.596396594035994e-11,1.2848441865997972e-08,4.951248619988739e-08,0.0014080667169764638,3.349644117633943e-09,9.5367431640625e-07,7.62939453125e-06,0.9980665625,0.93686275,0.9999395625,0.9521035625,0.9999949375,0.959016,0.999999875,0.9666506875,1.0,0.9705245,1.0,0.974826625,1.0,0.9772738125,1.0,0.9801606875,1.0,0.981816375,1.0,0.98409725,1.0,0.98585575,1.0,0.9883663125,1.0,0.9902549375,1.0,0.9929419375,1.0,0.994905375
flow,sintel_synthetic_70_30,train,tss,val,16000000,819200,sqL2,True,0.0004596673825290054,7.671452806334855e-08,3.1711927476862905e-06,7.045902634672498e-06,0.001208784757182002,5.32012336407206e-08,1.0695277978811646e-06,6.935691999387927e-06,0.918675537109375,0.938355375,0.9534326171875,0.953360375,0.960506591796875,0.9609449375,0.96765625,0.968864625,0.9719384765625,0.9729211875,0.976943359375,0.9769108125,0.979976806640625,0.978830625,0.983636474609375,0.98084725,0.985965576171875,0.982143,0.9884130859375,0.9841825625,0.990291748046875,0.9858456875,0.99282958984375,0.9884435,0.99442626953125,0.9905805625,0.99653076171875,0.993473875,0.997862548828125,0.9953170625
flow,sintel_synthetic_70_30,train,middlebury,val,16000000,98304,sqL2,True,1.6238789157796418e-07,1.6608137087814612e-08,2.748720930867421e-07,8.420030098932304e-07,0.04629605636000633,0.0016599311493337154,0.12116526067256927,0.24717867374420166,0.9968770345052084,0.003256375,0.9990234375,0.005439,1.0,0.00821625,1.0,0.0111533125,1.0,0.0180968125,1.0,0.0323135,1.0,0.0485056875,1.0,0.104002625,1.0,0.393448625,1.0,0.5336809375,1.0,0.5997146875,1.0,0.666686125,1.0,0.7169565625,1.0,0.7933355,1.0,0.845359125
