run_id,run_name,train_dataset,step_tag,logsteps,pretrained,freeze,timestamp,benchmark,auc_steps,auc,auc_normalized,auc_points,flow_train_to_eval_coverage,flow_eval_to_train_coverage,flow_outside_mass,flow_k,flow_radius_quantile,flow_radius_train,flow_radius_eval,flow_eval_to_train_mean_dist,flow_eval_to_train_median_dist,flow_eval_to_train_p90_dist,flow_train_to_eval_mean_dist,flow_train_to_eval_median_dist,flow_train_to_eval_p90_dist,resnet_train_to_eval_coverage,resnet_eval_to_train_coverage,resnet_outside_mass,resnet_k,resnet_radius_quantile,resnet_radius_train,resnet_radius_eval,resnet_eval_to_train_mean_dist,resnet_eval_to_train_median_dist,resnet_eval_to_train_p90_dist,resnet_train_to_eval_mean_dist,resnet_train_to_eval_median_dist,resnet_train_to_eval_p90_dist,dino_train_to_eval_coverage,dino_eval_to_train_coverage,dino_outside_mass,dino_k,dino_radius_quantile,dino_radius_train,dino_radius_eval,dino_eval_to_train_mean_dist,dino_eval_to_train_median_dist,dino_eval_to_train_p90_dist,dino_train_to_eval_mean_dist,dino_train_to_eval_median_dist,dino_train_to_eval_p90_dist,flow_mmd,feature_mmd,dino_mmd,flow_train_to_eval_mean_dist_over_radius_eval,flow_eval_to_train_mean_dist_over_radius_train,flow_mean_dist_asymmetry,flow_train_to_eval_median_dist_over_radius_eval,flow_eval_to_train_median_dist_over_radius_train,flow_median_dist_asymmetry,flow_train_to_eval_p90_dist_over_radius_eval,flow_eval_to_train_p90_dist_over_radius_train,flow_p90_dist_asymmetry,resnet_train_to_eval_mean_dist_over_radius_eval,resnet_eval_to_train_mean_dist_over_radius_train,resnet_mean_dist_asymmetry,resnet_train_to_eval_median_dist_over_radius_eval,resnet_eval_to_train_median_dist_over_radius_train,resnet_median_dist_asymmetry,resnet_train_to_eval_p90_dist_over_radius_eval,resnet_eval_to_train_p90_dist_over_radius_train,resnet_p90_dist_asymmetry,dino_train_to_eval_mean_dist_over_radius_eval,dino_eval_to_train_mean_dist_over_radius_train,dino_mean_dist_asymmetry,dino_train_to_eval_median_dist_over_radius_eval,dino_eval_to_train_median_dist_over_radius_train,dino_median_dist_asymmetry,dino_train_to_eval_p90_dist_over_radius_eval,dino_eval_to_train_p90_dist_over_radius_train,dino_p90_dist_asymmetry,flow_train_to_eval_coverage_logit,flow_eval_to_train_coverage_logit,flow_outside_mass_logit,resnet_train_to_eval_coverage_logit,resnet_eval_to_train_coverage_logit,resnet_outside_mass_logit,dino_train_to_eval_coverage_logit,dino_eval_to_train_coverage_logit,dino_outside_mass_logit,baseline_value,auc_delta,baseline_train_dataset,encoder_config,auc_delta_rank
snapshots/flyingthings_logsteps100_pretrainedFalse_freezeFalse_2025_12_10_06_22,flyingthings_logsteps100_pretrainedFalse_freezeFalse_2025_12_10_06_22,flyingthings,logsteps,100,False,False,2025_12_10_06_22,flyingthings,5000,325530.0,65.106,5,0.2881278415729718,0.34565760349198693,0.6543423965080131,5.0,,,,,,,,,,0.3487952899156292,0.3058993489574425,0.6941006510425576,5.0,,,,,,,,,,,,,,,,,,,,,,,0.004308364354074,0.0040615880861878,,,,,,,,,,,,,,,,,,,,,,,,,,,,,-0.9044940665248287,-0.6381820567063843,0.6381820567063843,-0.6243388593313246,-0.8193608574425949,0.8193608574425951,,,,2.08833,63.017669999999995,spair,FF,20.0
snapshots/flyingthings_logsteps100_pretrainedFalse_freezeFalse_2025_12_10_06_22,flyingthings_logsteps100_pretrainedFalse_freezeFalse_2025_12_10_06_22,flyingthings,logsteps,100,False,False,2025_12_10_06_22,kitti2012,5000,356232.15,71.24643,5,0.3967592099207766,0.05555175406958679,0.9444482459304132,5.0,,,,,,,,,,0.3122427689177642,0.18469340791041775,0.8153065920895822,5.0,,,,,,,,,,,,,,,,,,,,,,,0.3140511512756347,0.0215731337666511,,,,,,,,,,,,,,,,,,,,,,,,,,,,,-0.4189868646698141,-2.8332857982395603,2.8332857982395603,-0.7896549231159037,-1.4848670333387644,1.4848670333387641,,,,4.8632566666666674,66.38317333333333,spair,FF,20.0
snapshots/flyingthings_logsteps100_pretrainedFalse_freezeFalse_2025_12_10_06_22,flyingthings_logsteps100_pretrainedFalse_freezeFalse_2025_12_10_06_22,flyingthings,logsteps,100,False,False,2025_12_10_06_22,kitti2015,5000,349265.2,69.85304000000001,5,,,,,,,,,,,,,,,,,,,,,,,,,,,,,,,,,,,,,,,,0.3232436180114746,0.0267374776303768,,,,,,,,,,,,,,,,,,,,,,,,,,,,,,,,,,,,,,6.796363333333333,63.056676666666675,spair,FF,18.0
snapshots/flyingthings_logsteps100_pretrainedFalse_freezeFalse_2025_12_10_06_22,flyingthings_logsteps100_pretrainedFalse_freezeFalse_2025_12_10_06_22,flyingthings,logsteps,100,False,False,2025_12_10_06_22,middlebury,5000,209433.2,41.88664,5,0.3079776202367685,0.06355418992293681,0.9364458100770632,5.0,,,,,,,,,,0.2856751430208541,0.3765924922120472,0.6234075077879528,5.0,,,,,,,,,,,,,,,,,,,,,,,0.0332950688898563,0.018385674804449,,,,,,,,,,,,,,,,,,,,,,,,,,,,,-0.8095911770283705,-2.690198729317341,2.690198729317341,-0.916482538955796,-0.5040367302367844,0.5040367302367845,,,,1.9837666666666667,39.90287333333333,spair,FF,20.0
snapshots/flyingthings_logsteps100_pretrainedFalse_freezeFalse_2025_12_10_06_22,flyingthings_logsteps100_pretrainedFalse_freezeFalse_2025_12_10_06_22,flyingthings,logsteps,100,False,False,2025_12_10_06_22,pfpascal,5000,56400.1,11.28002,5,0.21984576739799097,0.2617520941640184,0.7382479058359817,5.0,,,,,,,,,,0.29925521056575094,0.18777360547523764,0.8122263945247623,5.0,,,,,,,,,,,,,,,,,,,,,,,0.0287444423884153,0.0397641435265541,,,,,,,,,,,,,,,,,,,,,,,,,,,,,-1.2665653910270323,-1.036881833615052,1.0368818336150523,-0.8508469979495102,-1.4645421013207969,1.4645421013207967,,,,1.9410966666666667,9.338923333333334,spair,FF,19.0
snapshots/flyingthings_logsteps100_pretrainedFalse_freezeFalse_2025_12_10_06_22,flyingthings_logsteps100_pretrainedFalse_freezeFalse_2025_12_10_06_22,flyingthings,logsteps,100,False,False,2025_12_10_06_22,pfwillow,5000,62861.049999999996,12.572209999999998,5,0.21034729496623183,0.13463451820723119,0.8653654817927688,5.0,,,,,,,,,,0.2840255378715558,0.15933285112117535,0.8406671488788247,5.0,,,,,,,,,,,,,,,,,,,,,,,0.0747851952910423,0.0681957304477691,,,,,,,,,,,,,,,,,,,,,,,,,,,,,-1.322833284647787,-1.8605881053887632,1.8605881053887634,-0.9245803427047732,-1.6632003840808114,1.6632003840808114,,,,3.3644433333333335,9.207766666666664,spair,FF,17.0
snapshots/flyingthings_logsteps100_pretrainedFalse_freezeFalse_2025_12_10_06_22,flyingthings_logsteps100_pretrainedFalse_freezeFalse_2025_12_10_06_22,flyingthings,logsteps,100,False,False,2025_12_10_06_22,pointodyssey,5000,168110.3,33.62206,5,0.4082499450127766,0.021812824232873017,0.978187175767127,5.0,,,,,,,,,,0.1882881069376469,0.41394424094118654,0.5860557590588135,5.0,,,,,,,,,,,,,,,,,,,,,,,0.2049643546342849,0.02543955296278,,,,,,,,,,,,,,,,,,,,,,,,,,,,,-0.3712047441566638,-3.8032029735912674,3.8032029735912674,-1.4611721922156393,-0.34768365599014034,0.34768365599014034,,,,2.2678866666666666,31.354173333333332,spair,FF,21.0
snapshots/flyingthings_logsteps100_pretrainedFalse_freezeFalse_2025_12_10_06_22,flyingthings_logsteps100_pretrainedFalse_freezeFalse_2025_12_10_06_22,flyingthings,logsteps,100,False,False,2025_12_10_06_22,spair,5000,13290.550000000001,2.65811,5,0.09125962146328671,0.19656057662087867,0.8034394233791213,5.0,,,,,,,,,,0.347179910929156,0.18780731035308168,0.8121926896469183,5.0,,,,,,,,,,,,,,,,,,,,,,,0.1043197661638259,0.0399547033011913,,,,,,,,,,,,,,,,,,,,,,,,,,,,,-2.298351013614048,-1.4079311296245203,1.4079311296245203,-0.6314584559904639,-1.464321122246428,1.4643211222464279,,,,2.0635033333333332,0.594606666666667,spair,FF,14.0
snapshots/flyingthings_logsteps100_pretrainedFalse_freezeFalse_2025_12_10_06_22,flyingthings_logsteps100_pretrainedFalse_freezeFalse_2025_12_10_06_22,flyingthings,logsteps,100,False,False,2025_12_10_06_22,synthetic,5000,73306.45,14.66129,5,,,,,,,,,,,,,,,,,,,,,,,,,,,,,,,,,,,,,,,,0.0171944499015808,0.0484733954071998,,,,,,,,,,,,,,,,,,,,,,,,,,,,,,,,,,,,,,2.400183333333333,12.261106666666667,spair,FF,13.0
snapshots/flyingthings_logsteps100_pretrainedFalse_freezeFalse_2025_12_10_06_22,flyingthings_logsteps100_pretrainedFalse_freezeFalse_2025_12_10_06_22,flyingthings,logsteps,100,False,False,2025_12_10_06_22,tss,5000,111742.95,22.348589999999998,5,0.25194177323437505,0.20679552125917458,0.7932044787408254,5.0,,,,,,,,,,0.31016024371844986,0.3222268636529011,0.6777731363470989,5.0,,,,,,,,,,,,,,,,,,,,,,,0.0823864564299583,0.024605730548501,,,,,,,,,,,,,,,,,,,,,,,,,,,,,-1.0882828159948752,-1.3443505580046449,1.344350558004645,-0.7993702542015905,-0.7435567818146175,0.7435567818146176,,,,3.624926666666667,18.72366333333333,spair,FF,20.0
snapshots/flyingthings_logsteps100_pretrainedTrue_freezeFalse_2025_12_10_01_43,flyingthings_logsteps100_pretrainedTrue_freezeFalse_2025_12_10_01_43,flyingthings,logsteps,100,True,False,2025_12_10_01_43,flyingthings,5000,360156.05,72.03121,5,0.2881278415729718,0.34565760349198693,0.6543423965080131,5.0,,,,,,,,,,0.3487952899156292,0.3058993489574425,0.6941006510425576,5.0,,,,,,,,,,,,,,,,,,,,,,,0.004308364354074,0.0040615880861878,,,,,,,,,,,,,,,,,,,,,,,,,,,,,-0.9044940665248287,-0.6381820567063843,0.6381820567063843,-0.6243388593313246,-0.8193608574425949,0.8193608574425951,,,,48.23252,23.79869,spair,TF,21.0
snapshots/flyingthings_logsteps100_pretrainedTrue_freezeFalse_2025_12_10_01_43,flyingthings_logsteps100_pretrainedTrue_freezeFalse_2025_12_10_01_43,flyingthings,logsteps,100,True,False,2025_12_10_01_43,kitti2012,5000,386865.65,77.37313,5,0.3967592099207766,0.05555175406958679,0.9444482459304132,5.0,,,,,,,,,,0.3122427689177642,0.18469340791041775,0.8153065920895822,5.0,,,,,,,,,,,,,,,,,,,,,,,0.3140511512756347,0.0215731337666511,,,,,,,,,,,,,,,,,,,,,,,,,,,,,-0.4189868646698141,-2.8332857982395603,2.8332857982395603,-0.7896549231159037,-1.4848670333387644,1.4848670333387641,,,,59.49418666666667,17.878943333333332,spair,TF,15.0
snapshots/flyingthings_logsteps100_pretrainedTrue_freezeFalse_2025_12_10_01_43,flyingthings_logsteps100_pretrainedTrue_freezeFalse_2025_12_10_01_43,flyingthings,logsteps,100,True,False,2025_12_10_01_43,kitti2015,5000,379206.35,75.84127,5,,,,,,,,,,,,,,,,,,,,,,,,,,,,,,,,,,,,,,,,0.3232436180114746,0.0267374776303768,,,,,,,,,,,,,,,,,,,,,,,,,,,,,,,,,,,,,,62.48625333333334,13.355016666666657,spair,TF,14.0
snapshots/flyingthings_logsteps100_pretrainedTrue_freezeFalse_2025_12_10_01_43,flyingthings_logsteps100_pretrainedTrue_freezeFalse_2025_12_10_01_43,flyingthings,logsteps,100,True,False,2025_12_10_01_43,middlebury,5000,208389.55,41.67791,5,0.3079776202367685,0.06355418992293681,0.9364458100770632,5.0,,,,,,,,,,0.2856751430208541,0.3765924922120472,0.6234075077879528,5.0,,,,,,,,,,,,,,,,,,,,,,,0.0332950688898563,0.018385674804449,,,,,,,,,,,,,,,,,,,,,,,,,,,,,-0.8095911770283705,-2.690198729317341,2.690198729317341,-0.916482538955796,-0.5040367302367844,0.5040367302367845,,,,34.53024666666666,7.147663333333334,spair,TF,10.0
snapshots/flyingthings_logsteps100_pretrainedTrue_freezeFalse_2025_12_10_01_43,flyingthings_logsteps100_pretrainedTrue_freezeFalse_2025_12_10_01_43,flyingthings,logsteps,100,True,False,2025_12_10_01_43,pfpascal,5000,167096.84999999998,33.419369999999994,5,0.21984576739799097,0.2617520941640184,0.7382479058359817,5.0,,,,,,,,,,0.29925521056575094,0.18777360547523764,0.8122263945247623,5.0,,,,,,,,,,,,,,,,,,,,,,,0.0287444423884153,0.0397641435265541,,,,,,,,,,,,,,,,,,,,,,,,,,,,,-1.2665653910270323,-1.036881833615052,1.0368818336150523,-0.8508469979495102,-1.4645421013207969,1.4645421013207967,,,,23.19225,10.227119999999992,spair,TF,17.0
snapshots/flyingthings_logsteps100_pretrainedTrue_freezeFalse_2025_12_10_01_43,flyingthings_logsteps100_pretrainedTrue_freezeFalse_2025_12_10_01_43,flyingthings,logsteps,100,True,False,2025_12_10_01_43,pfwillow,5000,183633.3,36.726659999999995,5,0.21034729496623183,0.13463451820723119,0.8653654817927688,5.0,,,,,,,,,,0.2840255378715558,0.15933285112117535,0.8406671488788247,5.0,,,,,,,,,,,,,,,,,,,,,,,0.0747851952910423,0.0681957304477691,,,,,,,,,,,,,,,,,,,,,,,,,,,,,-1.322833284647787,-1.8605881053887632,1.8605881053887634,-0.9245803427047732,-1.6632003840808114,1.6632003840808114,,,,27.67815333333333,9.048506666666665,spair,TF,16.0
snapshots/flyingthings_logsteps100_pretrainedTrue_freezeFalse_2025_12_10_01_43,flyingthings_logsteps100_pretrainedTrue_freezeFalse_2025_12_10_01_43,flyingthings,logsteps,100,True,False,2025_12_10_01_43,pointodyssey,5000,174928.44999999998,34.98569,5,0.4082499450127766,0.021812824232873017,0.978187175767127,5.0,,,,,,,,,,0.1882881069376469,0.41394424094118654,0.5860557590588135,5.0,,,,,,,,,,,,,,,,,,,,,,,0.2049643546342849,0.02543955296278,,,,,,,,,,,,,,,,,,,,,,,,,,,,,-0.3712047441566638,-3.8032029735912674,3.8032029735912674,-1.4611721922156393,-0.34768365599014034,0.34768365599014034,,,,24.839123333333333,10.146566666666665,spair,TF,16.0
snapshots/flyingthings_logsteps100_pretrainedTrue_freezeFalse_2025_12_10_01_43,flyingthings_logsteps100_pretrainedTrue_freezeFalse_2025_12_10_01_43,flyingthings,logsteps,100,True,False,2025_12_10_01_43,spair,5000,59588.5,11.9177,5,0.09125962146328671,0.19656057662087867,0.8034394233791213,5.0,,,,,,,,,,0.347179910929156,0.18780731035308168,0.8121926896469183,5.0,,,,,,,,,,,,,,,,,,,,,,,0.1043197661638259,0.0399547033011913,,,,,,,,,,,,,,,,,,,,,,,,,,,,,-2.298351013614048,-1.4079311296245203,1.4079311296245203,-0.6314584559904639,-1.464321122246428,1.4643211222464279,,,,16.234553333333334,-4.316853333333334,spair,TF,9.0
snapshots/flyingthings_logsteps100_pretrainedTrue_freezeFalse_2025_12_10_01_43,flyingthings_logsteps100_pretrainedTrue_freezeFalse_2025_12_10_01_43,flyingthings,logsteps,100,True,False,2025_12_10_01_43,synthetic,5000,149679.2,29.935840000000002,5,,,,,,,,,,,,,,,,,,,,,,,,,,,,,,,,,,,,,,,,0.0171944499015808,0.0484733954071998,,,,,,,,,,,,,,,,,,,,,,,,,,,,,,,,,,,,,,25.490916666666667,4.444923333333335,spair,TF,11.0
snapshots/flyingthings_logsteps100_pretrainedTrue_freezeFalse_2025_12_10_01_43,flyingthings_logsteps100_pretrainedTrue_freezeFalse_2025_12_10_01_43,flyingthings,logsteps,100,True,False,2025_12_10_01_43,tss,5000,255616.45,51.123290000000004,5,0.25194177323437505,0.20679552125917458,0.7932044787408254,5.0,,,,,,,,,,0.31016024371844986,0.3222268636529011,0.6777731363470989,5.0,,,,,,,,,,,,,,,,,,,,,,,0.0823864564299583,0.024605730548501,,,,,,,,,,,,,,,,,,,,,,,,,,,,,-1.0882828159948752,-1.3443505580046449,1.344350558004645,-0.7993702542015905,-0.7435567818146175,0.7435567818146176,,,,39.87302333333333,11.250266666666676,spair,TF,16.0
snapshots/flyingthings_logsteps100_pretrainedTrue_freezeTrue_2025_12_10_01_43,flyingthings_logsteps100_pretrainedTrue_freezeTrue_2025_12_10_01_43,flyingthings,logsteps,100,True,True,2025_12_10_01_43,flyingthings,5000,358527.39999999997,71.70548,5,0.2881278415729718,0.34565760349198693,0.6543423965080131,5.0,,,,,,,,,,0.3487952899156292,0.3058993489574425,0.6941006510425576,5.0,,,,,,,,,,,,,,,,,,,,,,,0.004308364354074,0.0040615880861878,,,,,,,,,,,,,,,,,,,,,,,,,,,,,-0.9044940665248287,-0.6381820567063843,0.6381820567063843,-0.6243388593313246,-0.8193608574425949,0.8193608574425951,,,,53.90556,17.799919999999993,spair,TT,22.0
snapshots/flyingthings_logsteps100_pretrainedTrue_freezeTrue_2025_12_10_01_43,flyingthings_logsteps100_pretrainedTrue_freezeTrue_2025_12_10_01_43,flyingthings,logsteps,100,True,True,2025_12_10_01_43,kitti2012,5000,385347.94999999995,77.06958999999999,5,0.3967592099207766,0.05555175406958679,0.9444482459304132,5.0,,,,,,,,,,0.3122427689177642,0.18469340791041775,0.8153065920895822,5.0,,,,,,,,,,,,,,,,,,,,,,,0.3140511512756347,0.0215731337666511,,,,,,,,,,,,,,,,,,,,,,,,,,,,,-0.4189868646698141,-2.8332857982395603,2.8332857982395603,-0.7896549231159037,-1.4848670333387644,1.4848670333387641,,,,64.06846666666667,13.001123333333325,spair,TT,16.0
snapshots/flyingthings_logsteps100_pretrainedTrue_freezeTrue_2025_12_10_01_43,flyingthings_logsteps100_pretrainedTrue_freezeTrue_2025_12_10_01_43,flyingthings,logsteps,100,True,True,2025_12_10_01_43,kitti2015,5000,378190.14999999997,75.63802999999999,5,,,,,,,,,,,,,,,,,,,,,,,,,,,,,,,,,,,,,,,,0.3232436180114746,0.0267374776303768,,,,,,,,,,,,,,,,,,,,,,,,,,,,,,,,,,,,,,65.10567999999999,10.532349999999994,spair,TT,11.0
snapshots/flyingthings_logsteps100_pretrainedTrue_freezeTrue_2025_12_10_01_43,flyingthings_logsteps100_pretrainedTrue_freezeTrue_2025_12_10_01_43,flyingthings,logsteps,100,True,True,2025_12_10_01_43,middlebury,5000,209086.35,41.81727,5,0.3079776202367685,0.06355418992293681,0.9364458100770632,5.0,,,,,,,,,,0.2856751430208541,0.3765924922120472,0.6234075077879528,5.0,,,,,,,,,,,,,,,,,,,,,,,0.0332950688898563,0.018385674804449,,,,,,,,,,,,,,,,,,,,,,,,,,,,,-0.8095911770283705,-2.690198729317341,2.690198729317341,-0.916482538955796,-0.5040367302367844,0.5040367302367845,,,,37.7005,4.1167700000000025,spair,TT,14.0
snapshots/flyingthings_logsteps100_pretrainedTrue_freezeTrue_2025_12_10_01_43,flyingthings_logsteps100_pretrainedTrue_freezeTrue_2025_12_10_01_43,flyingthings,logsteps,100,True,True,2025_12_10_01_43,pfpascal,5000,187974.85,37.59497,5,0.21984576739799097,0.2617520941640184,0.7382479058359817,5.0,,,,,,,,,,0.29925521056575094,0.18777360547523764,0.8122263945247623,5.0,,,,,,,,,,,,,,,,,,,,,,,0.0287444423884153,0.0397641435265541,,,,,,,,,,,,,,,,,,,,,,,,,,,,,-1.2665653910270323,-1.036881833615052,1.0368818336150523,-0.8508469979495102,-1.4645421013207969,1.4645421013207967,,,,27.819223333333337,9.775746666666667,spair,TT,19.0
snapshots/flyingthings_logsteps100_pretrainedTrue_freezeTrue_2025_12_10_01_43,flyingthings_logsteps100_pretrainedTrue_freezeTrue_2025_12_10_01_43,flyingthings,logsteps,100,True,True,2025_12_10_01_43,pfwillow,5000,206177.84999999998,41.235569999999996,5,0.21034729496623183,0.13463451820723119,0.8653654817927688,5.0,,,,,,,,,,0.2840255378715558,0.15933285112117535,0.8406671488788247,5.0,,,,,,,,,,,,,,,,,,,,,,,0.0747851952910423,0.0681957304477691,,,,,,,,,,,,,,,,,,,,,,,,,,,,,-1.322833284647787,-1.8605881053887632,1.8605881053887634,-0.9245803427047732,-1.6632003840808114,1.6632003840808114,,,,32.30222,8.933349999999997,spair,TT,19.0
snapshots/flyingthings_logsteps100_pretrainedTrue_freezeTrue_2025_12_10_01_43,flyingthings_logsteps100_pretrainedTrue_freezeTrue_2025_12_10_01_43,flyingthings,logsteps,100,True,True,2025_12_10_01_43,pointodyssey,5000,194448.65,38.88973,5,0.4082499450127766,0.021812824232873017,0.978187175767127,5.0,,,,,,,,,,0.1882881069376469,0.41394424094118654,0.5860557590588135,5.0,,,,,,,,,,,,,,,,,,,,,,,0.2049643546342849,0.02543955296278,,,,,,,,,,,,,,,,,,,,,,,,,,,,,-0.3712047441566638,-3.8032029735912674,3.8032029735912674,-1.4611721922156393,-0.34768365599014034,0.34768365599014034,,,,24.515383333333332,14.374346666666668,spair,TT,20.0
snapshots/flyingthings_logsteps100_pretrainedTrue_freezeTrue_2025_12_10_01_43,flyingthings_logsteps100_pretrainedTrue_freezeTrue_2025_12_10_01_43,flyingthings,logsteps,100,True,True,2025_12_10_01_43,spair,5000,67824.6,13.56492,5,0.09125962146328671,0.19656057662087867,0.8034394233791213,5.0,,,,,,,,,,0.347179910929156,0.18780731035308168,0.8121926896469183,5.0,,,,,,,,,,,,,,,,,,,,,,,0.1043197661638259,0.0399547033011913,,,,,,,,,,,,,,,,,,,,,,,,,,,,,-2.298351013614048,-1.4079311296245203,1.4079311296245203,-0.6314584559904639,-1.464321122246428,1.4643211222464279,,,,19.357693333333334,-5.792773333333333,spair,TT,11.0
snapshots/flyingthings_logsteps100_pretrainedTrue_freezeTrue_2025_12_10_01_43,flyingthings_logsteps100_pretrainedTrue_freezeTrue_2025_12_10_01_43,flyingthings,logsteps,100,True,True,2025_12_10_01_43,synthetic,5000,143325.5,28.6651,5,,,,,,,,,,,,,,,,,,,,,,,,,,,,,,,,,,,,,,,,0.0171944499015808,0.0484733954071998,,,,,,,,,,,,,,,,,,,,,,,,,,,,,,,,,,,,,,29.962760000000003,-1.297660000000004,spair,TT,9.0
snapshots/flyingthings_logsteps100_pretrainedTrue_freezeTrue_2025_12_10_01_43,flyingthings_logsteps100_pretrainedTrue_freezeTrue_2025_12_10_01_43,flyingthings,logsteps,100,True,True,2025_12_10_01_43,tss,5000,263145.85,52.629169999999995,5,0.25194177323437505,0.20679552125917458,0.7932044787408254,5.0,,,,,,,,,,0.31016024371844986,0.3222268636529011,0.6777731363470989,5.0,,,,,,,,,,,,,,,,,,,,,,,0.0823864564299583,0.024605730548501,,,,,,,,,,,,,,,,,,,,,,,,,,,,,-1.0882828159948752,-1.3443505580046449,1.344350558004645,-0.7993702542015905,-0.7435567818146175,0.7435567818146176,,,,43.74900333333333,8.880166666666668,spair,TT,19.0
snapshots/flyingthings_steps100_pretrainedFalse_freezeFalse_2025_12_10_19_41,flyingthings_steps100_pretrainedFalse_freezeFalse_2025_12_10_19_41,flyingthings,steps,100,False,False,2025_12_10_19_41,flyingthings,5000,332435.94999999995,66.48718999999998,5,0.2881278415729718,0.34565760349198693,0.6543423965080131,5.0,,,,,,,,,,0.3487952899156292,0.3058993489574425,0.6941006510425576,5.0,,,,,,,,,,,,,,,,,,,,,,,0.004308364354074,0.0040615880861878,,,,,,,,,,,,,,,,,,,,,,,,,,,,,-0.9044940665248287,-0.6381820567063843,0.6381820567063843,-0.6243388593313246,-0.8193608574425949,0.8193608574425951,,,,2.08833,64.39885999999998,spair,FF,22.0
snapshots/flyingthings_steps100_pretrainedFalse_freezeFalse_2025_12_10_19_41,flyingthings_steps100_pretrainedFalse_freezeFalse_2025_12_10_19_41,flyingthings,steps,100,False,False,2025_12_10_19_41,kitti2012,5000,356160.25,71.23205,5,0.3967592099207766,0.05555175406958679,0.9444482459304132,5.0,,,,,,,,,,0.3122427689177642,0.18469340791041775,0.8153065920895822,5.0,,,,,,,,,,,,,,,,,,,,,,,0.3140511512756347,0.0215731337666511,,,,,,,,,,,,,,,,,,,,,,,,,,,,,-0.4189868646698141,-2.8332857982395603,2.8332857982395603,-0.7896549231159037,-1.4848670333387644,1.4848670333387641,,,,4.8632566666666674,66.36879333333333,spair,FF,19.0
snapshots/flyingthings_steps100_pretrainedFalse_freezeFalse_2025_12_10_19_41,flyingthings_steps100_pretrainedFalse_freezeFalse_2025_12_10_19_41,flyingthings,steps,100,False,False,2025_12_10_19_41,kitti2015,5000,355762.4,71.15248000000001,5,,,,,,,,,,,,,,,,,,,,,,,,,,,,,,,,,,,,,,,,0.3232436180114746,0.0267374776303768,,,,,,,,,,,,,,,,,,,,,,,,,,,,,,,,,,,,,,6.796363333333333,64.35611666666668,spair,FF,21.0
snapshots/flyingthings_steps100_pretrainedFalse_freezeFalse_2025_12_10_19_41,flyingthings_steps100_pretrainedFalse_freezeFalse_2025_12_10_19_41,flyingthings,steps,100,False,False,2025_12_10_19_41,middlebury,5000,209441.59999999998,41.88831999999999,5,0.3079776202367685,0.06355418992293681,0.9364458100770632,5.0,,,,,,,,,,0.2856751430208541,0.3765924922120472,0.6234075077879528,5.0,,,,,,,,,,,,,,,,,,,,,,,0.0332950688898563,0.018385674804449,,,,,,,,,,,,,,,,,,,,,,,,,,,,,-0.8095911770283705,-2.690198729317341,2.690198729317341,-0.916482538955796,-0.5040367302367844,0.5040367302367845,,,,1.9837666666666667,39.904553333333325,spair,FF,21.0
snapshots/flyingthings_steps100_pretrainedFalse_freezeFalse_2025_12_10_19_41,flyingthings_steps100_pretrainedFalse_freezeFalse_2025_12_10_19_41,flyingthings,steps,100,False,False,2025_12_10_19_41,pfpascal,5000,61360.0,12.272,5,0.21984576739799097,0.2617520941640184,0.7382479058359817,5.0,,,,,,,,,,0.29925521056575094,0.18777360547523764,0.8122263945247623,5.0,,,,,,,,,,,,,,,,,,,,,,,0.0287444423884153,0.0397641435265541,,,,,,,,,,,,,,,,,,,,,,,,,,,,,-1.2665653910270323,-1.036881833615052,1.0368818336150523,-0.8508469979495102,-1.4645421013207969,1.4645421013207967,,,,1.9410966666666667,10.330903333333334,spair,FF,21.0
snapshots/flyingthings_steps100_pretrainedFalse_freezeFalse_2025_12_10_19_41,flyingthings_steps100_pretrainedFalse_freezeFalse_2025_12_10_19_41,flyingthings,steps,100,False,False,2025_12_10_19_41,pfwillow,5000,68583.35,13.71667,5,0.21034729496623183,0.13463451820723119,0.8653654817927688,5.0,,,,,,,,,,0.2840255378715558,0.15933285112117535,0.8406671488788247,5.0,,,,,,,,,,,,,,,,,,,,,,,0.0747851952910423,0.0681957304477691,,,,,,,,,,,,,,,,,,,,,,,,,,,,,-1.322833284647787,-1.8605881053887632,1.8605881053887634,-0.9245803427047732,-1.6632003840808114,1.6632003840808114,,,,3.3644433333333335,10.352226666666667,spair,FF,21.0
snapshots/flyingthings_steps100_pretrainedFalse_freezeFalse_2025_12_10_19_41,flyingthings_steps100_pretrainedFalse_freezeFalse_2025_12_10_19_41,flyingthings,steps,100,False,False,2025_12_10_19_41,pointodyssey,5000,130240.70000000001,26.048140000000004,5,0.4082499450127766,0.021812824232873017,0.978187175767127,5.0,,,,,,,,,,0.1882881069376469,0.41394424094118654,0.5860557590588135,5.0,,,,,,,,,,,,,,,,,,,,,,,0.2049643546342849,0.02543955296278,,,,,,,,,,,,,,,,,,,,,,,,,,,,,-0.3712047441566638,-3.8032029735912674,3.8032029735912674,-1.4611721922156393,-0.34768365599014034,0.34768365599014034,,,,2.2678866666666666,23.780253333333338,spair,FF,14.0
snapshots/flyingthings_steps100_pretrainedFalse_freezeFalse_2025_12_10_19_41,flyingthings_steps100_pretrainedFalse_freezeFalse_2025_12_10_19_41,flyingthings,steps,100,False,False,2025_12_10_19_41,spair,5000,13430.75,2.68615,5,0.09125962146328671,0.19656057662087867,0.8034394233791213,5.0,,,,,,,,,,0.347179910929156,0.18780731035308168,0.8121926896469183,5.0,,,,,,,,,,,,,,,,,,,,,,,0.1043197661638259,0.0399547033011913,,,,,,,,,,,,,,,,,,,,,,,,,,,,,-2.298351013614048,-1.4079311296245203,1.4079311296245203,-0.6314584559904639,-1.464321122246428,1.4643211222464279,,,,2.0635033333333332,0.6226466666666668,spair,FF,15.0
snapshots/flyingthings_steps100_pretrainedFalse_freezeFalse_2025_12_10_19_41,flyingthings_steps100_pretrainedFalse_freezeFalse_2025_12_10_19_41,flyingthings,steps,100,False,False,2025_12_10_19_41,synthetic,5000,77015.1,15.403020000000001,5,,,,,,,,,,,,,,,,,,,,,,,,,,,,,,,,,,,,,,,,0.0171944499015808,0.0484733954071998,,,,,,,,,,,,,,,,,,,,,,,,,,,,,,,,,,,,,,2.400183333333333,13.002836666666669,spair,FF,16.0
snapshots/flyingthings_steps100_pretrainedFalse_freezeFalse_2025_12_10_19_41,flyingthings_steps100_pretrainedFalse_freezeFalse_2025_12_10_19_41,flyingthings,steps,100,False,False,2025_12_10_19_41,tss,5000,125589.8,25.11796,5,0.25194177323437505,0.20679552125917458,0.7932044787408254,5.0,,,,,,,,,,0.31016024371844986,0.3222268636529011,0.6777731363470989,5.0,,,,,,,,,,,,,,,,,,,,,,,0.0823864564299583,0.024605730548501,,,,,,,,,,,,,,,,,,,,,,,,,,,,,-1.0882828159948752,-1.3443505580046449,1.344350558004645,-0.7993702542015905,-0.7435567818146175,0.7435567818146176,,,,3.624926666666667,21.493033333333333,spair,FF,21.0
snapshots/flyingthings_steps100_pretrainedFalse_freezeFalse_2025_12_12_11_46,flyingthings_steps100_pretrainedFalse_freezeFalse_2025_12_12_11_46,flyingthings,steps,100,False,False,2025_12_12_11_46,flyingthings,5000,329197.19999999995,65.83944,5,0.2881278415729718,0.34565760349198693,0.6543423965080131,5.0,,,,,,,,,,0.3487952899156292,0.3058993489574425,0.6941006510425576,5.0,,,,,,,,,,,,,,,,,,,,,,,0.004308364354074,0.0040615880861878,,,,,,,,,,,,,,,,,,,,,,,,,,,,,-0.9044940665248287,-0.6381820567063843,0.6381820567063843,-0.6243388593313246,-0.8193608574425949,0.8193608574425951,,,,2.08833,63.75111,spair,FF,21.0
snapshots/flyingthings_steps100_pretrainedFalse_freezeFalse_2025_12_12_11_46,flyingthings_steps100_pretrainedFalse_freezeFalse_2025_12_12_11_46,flyingthings,steps,100,False,False,2025_12_12_11_46,kitti2012,5000,345523.6,69.10472,5,0.3967592099207766,0.05555175406958679,0.9444482459304132,5.0,,,,,,,,,,0.3122427689177642,0.18469340791041775,0.8153065920895822,5.0,,,,,,,,,,,,,,,,,,,,,,,0.3140511512756347,0.0215731337666511,,,,,,,,,,,,,,,,,,,,,,,,,,,,,-0.4189868646698141,-2.8332857982395603,2.8332857982395603,-0.7896549231159037,-1.4848670333387644,1.4848670333387641,,,,4.8632566666666674,64.24146333333333,spair,FF,16.0
snapshots/flyingthings_steps100_pretrainedFalse_freezeFalse_2025_12_12_11_46,flyingthings_steps100_pretrainedFalse_freezeFalse_2025_12_12_11_46,flyingthings,steps,100,False,False,2025_12_12_11_46,kitti2015,5000,342135.65,68.42713,5,,,,,,,,,,,,,,,,,,,,,,,,,,,,,,,,,,,,,,,,0.3232436180114746,0.0267374776303768,,,,,,,,,,,,,,,,,,,,,,,,,,,,,,,,,,,,,,6.796363333333333,61.63076666666667,spair,FF,17.0
snapshots/flyingthings_steps100_pretrainedFalse_freezeFalse_2025_12_12_11_46,flyingthings_steps100_pretrainedFalse_freezeFalse_2025_12_12_11_46,flyingthings,steps,100,False,False,2025_12_12_11_46,middlebury,5000,204758.95,40.95179,5,0.3079776202367685,0.06355418992293681,0.9364458100770632,5.0,,,,,,,,,,0.2856751430208541,0.3765924922120472,0.6234075077879528,5.0,,,,,,,,,,,,,,,,,,,,,,,0.0332950688898563,0.018385674804449,,,,,,,,,,,,,,,,,,,,,,,,,,,,,-0.8095911770283705,-2.690198729317341,2.690198729317341,-0.916482538955796,-0.5040367302367844,0.5040367302367845,,,,1.9837666666666667,38.968023333333335,spair,FF,16.0
snapshots/flyingthings_steps100_pretrainedFalse_freezeFalse_2025_12_12_11_46,flyingthings_steps100_pretrainedFalse_freezeFalse_2025_12_12_11_46,flyingthings,steps,100,False,False,2025_12_12_11_46,pfpascal,5000,56690.75,11.33815,5,0.21984576739799097,0.2617520941640184,0.7382479058359817,5.0,,,,,,,,,,0.29925521056575094,0.18777360547523764,0.8122263945247623,5.0,,,,,,,,,,,,,,,,,,,,,,,0.0287444423884153,0.0397641435265541,,,,,,,,,,,,,,,,,,,,,,,,,,,,,-1.2665653910270323,-1.036881833615052,1.0368818336150523,-0.8508469979495102,-1.4645421013207969,1.4645421013207967,,,,1.9410966666666667,9.397053333333334,spair,FF,20.0
snapshots/flyingthings_steps100_pretrainedFalse_freezeFalse_2025_12_12_11_46,flyingthings_steps100_pretrainedFalse_freezeFalse_2025_12_12_11_46,flyingthings,steps,100,False,False,2025_12_12_11_46,pfwillow,5000,66288.95,13.25779,5,0.21034729496623183,0.13463451820723119,0.8653654817927688,5.0,,,,,,,,,,0.2840255378715558,0.15933285112117535,0.8406671488788247,5.0,,,,,,,,,,,,,,,,,,,,,,,0.0747851952910423,0.0681957304477691,,,,,,,,,,,,,,,,,,,,,,,,,,,,,-1.322833284647787,-1.8605881053887632,1.8605881053887634,-0.9245803427047732,-1.6632003840808114,1.6632003840808114,,,,3.3644433333333335,9.893346666666666,spair,FF,18.0
snapshots/flyingthings_steps100_pretrainedFalse_freezeFalse_2025_12_12_11_46,flyingthings_steps100_pretrainedFalse_freezeFalse_2025_12_12_11_46,flyingthings,steps,100,False,False,2025_12_12_11_46,pointodyssey,5000,162446.65000000002,32.48933,5,0.4082499450127766,0.021812824232873017,0.978187175767127,5.0,,,,,,,,,,0.1882881069376469,0.41394424094118654,0.5860557590588135,5.0,,,,,,,,,,,,,,,,,,,,,,,0.2049643546342849,0.02543955296278,,,,,,,,,,,,,,,,,,,,,,,,,,,,,-0.3712047441566638,-3.8032029735912674,3.8032029735912674,-1.4611721922156393,-0.34768365599014034,0.34768365599014034,,,,2.2678866666666666,30.221443333333337,spair,FF,18.0
snapshots/flyingthings_steps100_pretrainedFalse_freezeFalse_2025_12_12_11_46,flyingthings_steps100_pretrainedFalse_freezeFalse_2025_12_12_11_46,flyingthings,steps,100,False,False,2025_12_12_11_46,spair,5000,13688.099999999999,2.7376199999999997,5,0.09125962146328671,0.19656057662087867,0.8034394233791213,5.0,,,,,,,,,,0.347179910929156,0.18780731035308168,0.8121926896469183,5.0,,,,,,,,,,,,,,,,,,,,,,,0.1043197661638259,0.0399547033011913,,,,,,,,,,,,,,,,,,,,,,,,,,,,,-2.298351013614048,-1.4079311296245203,1.4079311296245203,-0.6314584559904639,-1.464321122246428,1.4643211222464279,,,,2.0635033333333332,0.6741166666666665,spair,FF,18.0
snapshots/flyingthings_steps100_pretrainedFalse_freezeFalse_2025_12_12_11_46,flyingthings_steps100_pretrainedFalse_freezeFalse_2025_12_12_11_46,flyingthings,steps,100,False,False,2025_12_12_11_46,synthetic,5000,73360.3,14.67206,5,,,,,,,,,,,,,,,,,,,,,,,,,,,,,,,,,,,,,,,,0.0171944499015808,0.0484733954071998,,,,,,,,,,,,,,,,,,,,,,,,,,,,,,,,,,,,,,2.400183333333333,12.271876666666667,spair,FF,14.0
snapshots/flyingthings_steps100_pretrainedFalse_freezeFalse_2025_12_12_11_46,flyingthings_steps100_pretrainedFalse_freezeFalse_2025_12_12_11_46,flyingthings,steps,100,False,False,2025_12_12_11_46,tss,5000,111590.70000000001,22.318140000000003,5,0.25194177323437505,0.20679552125917458,0.7932044787408254,5.0,,,,,,,,,,0.31016024371844986,0.3222268636529011,0.6777731363470989,5.0,,,,,,,,,,,,,,,,,,,,,,,0.0823864564299583,0.024605730548501,,,,,,,,,,,,,,,,,,,,,,,,,,,,,-1.0882828159948752,-1.3443505580046449,1.344350558004645,-0.7993702542015905,-0.7435567818146175,0.7435567818146176,,,,3.624926666666667,18.693213333333336,spair,FF,19.0
snapshots/flyingthings_steps100_pretrainedTrue_freezeFalse_2025_12_10_18_38,flyingthings_steps100_pretrainedTrue_freezeFalse_2025_12_10_18_38,flyingthings,steps,100,True,False,2025_12_10_18_38,flyingthings,5000,359820.25,71.96405,5,0.2881278415729718,0.34565760349198693,0.6543423965080131,5.0,,,,,,,,,,0.3487952899156292,0.3058993489574425,0.6941006510425576,5.0,,,,,,,,,,,,,,,,,,,,,,,0.004308364354074,0.0040615880861878,,,,,,,,,,,,,,,,,,,,,,,,,,,,,-0.9044940665248287,-0.6381820567063843,0.6381820567063843,-0.6243388593313246,-0.8193608574425949,0.8193608574425951,,,,48.23252,23.73153,spair,TF,20.0
snapshots/flyingthings_steps100_pretrainedTrue_freezeFalse_2025_12_10_18_38,flyingthings_steps100_pretrainedTrue_freezeFalse_2025_12_10_18_38,flyingthings,steps,100,True,False,2025_12_10_18_38,kitti2012,5000,384327.14999999997,76.86542999999999,5,0.3967592099207766,0.05555175406958679,0.9444482459304132,5.0,,,,,,,,,,0.3122427689177642,0.18469340791041775,0.8153065920895822,5.0,,,,,,,,,,,,,,,,,,,,,,,0.3140511512756347,0.0215731337666511,,,,,,,,,,,,,,,,,,,,,,,,,,,,,-0.4189868646698141,-2.8332857982395603,2.8332857982395603,-0.7896549231159037,-1.4848670333387644,1.4848670333387641,,,,59.49418666666667,17.371243333333318,spair,TF,12.0
snapshots/flyingthings_steps100_pretrainedTrue_freezeFalse_2025_12_10_18_38,flyingthings_steps100_pretrainedTrue_freezeFalse_2025_12_10_18_38,flyingthings,steps,100,True,False,2025_12_10_18_38,kitti2015,5000,378512.20000000007,75.70244000000001,5,,,,,,,,,,,,,,,,,,,,,,,,,,,,,,,,,,,,,,,,0.3232436180114746,0.0267374776303768,,,,,,,,,,,,,,,,,,,,,,,,,,,,,,,,,,,,,,62.48625333333334,13.216186666666673,spair,TF,12.0
snapshots/flyingthings_steps100_pretrainedTrue_freezeFalse_2025_12_10_18_38,flyingthings_steps100_pretrainedTrue_freezeFalse_2025_12_10_18_38,flyingthings,steps,100,True,False,2025_12_10_18_38,middlebury,5000,207869.7,41.57394,5,0.3079776202367685,0.06355418992293681,0.9364458100770632,5.0,,,,,,,,,,0.2856751430208541,0.3765924922120472,0.6234075077879528,5.0,,,,,,,,,,,,,,,,,,,,,,,0.0332950688898563,0.018385674804449,,,,,,,,,,,,,,,,,,,,,,,,,,,,,-0.8095911770283705,-2.690198729317341,2.690198729317341,-0.916482538955796,-0.5040367302367844,0.5040367302367845,,,,34.53024666666666,7.043693333333337,spair,TF,9.0
snapshots/flyingthings_steps100_pretrainedTrue_freezeFalse_2025_12_10_18_38,flyingthings_steps100_pretrainedTrue_freezeFalse_2025_12_10_18_38,flyingthings,steps,100,True,False,2025_12_10_18_38,pfpascal,5000,179224.94999999998,35.844989999999996,5,0.21984576739799097,0.2617520941640184,0.7382479058359817,5.0,,,,,,,,,,0.29925521056575094,0.18777360547523764,0.8122263945247623,5.0,,,,,,,,,,,,,,,,,,,,,,,0.0287444423884153,0.0397641435265541,,,,,,,,,,,,,,,,,,,,,,,,,,,,,-1.2665653910270323,-1.036881833615052,1.0368818336150523,-0.8508469979495102,-1.4645421013207969,1.4645421013207967,,,,23.19225,12.652739999999994,spair,TF,21.0
snapshots/flyingthings_steps100_pretrainedTrue_freezeFalse_2025_12_10_18_38,flyingthings_steps100_pretrainedTrue_freezeFalse_2025_12_10_18_38,flyingthings,steps,100,True,False,2025_12_10_18_38,pfwillow,5000,189577.75,37.91555,5,0.21034729496623183,0.13463451820723119,0.8653654817927688,5.0,,,,,,,,,,0.2840255378715558,0.15933285112117535,0.8406671488788247,5.0,,,,,,,,,,,,,,,,,,,,,,,0.0747851952910423,0.0681957304477691,,,,,,,,,,,,,,,,,,,,,,,,,,,,,-1.322833284647787,-1.8605881053887632,1.8605881053887634,-0.9245803427047732,-1.6632003840808114,1.6632003840808114,,,,27.67815333333333,10.237396666666672,spair,TF,19.0
snapshots/flyingthings_steps100_pretrainedTrue_freezeFalse_2025_12_10_18_38,flyingthings_steps100_pretrainedTrue_freezeFalse_2025_12_10_18_38,flyingthings,steps,100,True,False,2025_12_10_18_38,pointodyssey,5000,171590.8,34.31816,5,0.4082499450127766,0.021812824232873017,0.978187175767127,5.0,,,,,,,,,,0.1882881069376469,0.41394424094118654,0.5860557590588135,5.0,,,,,,,,,,,,,,,,,,,,,,,0.2049643546342849,0.02543955296278,,,,,,,,,,,,,,,,,,,,,,,,,,,,,-0.3712047441566638,-3.8032029735912674,3.8032029735912674,-1.4611721922156393,-0.34768365599014034,0.34768365599014034,,,,24.839123333333333,9.479036666666666,spair,TF,14.0
snapshots/flyingthings_steps100_pretrainedTrue_freezeFalse_2025_12_10_18_38,flyingthings_steps100_pretrainedTrue_freezeFalse_2025_12_10_18_38,flyingthings,steps,100,True,False,2025_12_10_18_38,spair,5000,63285.850000000006,12.65717,5,0.09125962146328671,0.19656057662087867,0.8034394233791213,5.0,,,,,,,,,,0.347179910929156,0.18780731035308168,0.8121926896469183,5.0,,,,,,,,,,,,,,,,,,,,,,,0.1043197661638259,0.0399547033011913,,,,,,,,,,,,,,,,,,,,,,,,,,,,,-2.298351013614048,-1.4079311296245203,1.4079311296245203,-0.6314584559904639,-1.464321122246428,1.4643211222464279,,,,16.234553333333334,-3.5773833333333336,spair,TF,12.0
snapshots/flyingthings_steps100_pretrainedTrue_freezeFalse_2025_12_10_18_38,flyingthings_steps100_pretrainedTrue_freezeFalse_2025_12_10_18_38,flyingthings,steps,100,True,False,2025_12_10_18_38,synthetic,5000,148498.1,29.69962,5,,,,,,,,,,,,,,,,,,,,,,,,,,,,,,,,,,,,,,,,0.0171944499015808,0.0484733954071998,,,,,,,,,,,,,,,,,,,,,,,,,,,,,,,,,,,,,,25.490916666666667,4.208703333333332,spair,TF,10.0
snapshots/flyingthings_steps100_pretrainedTrue_freezeFalse_2025_12_10_18_38,flyingthings_steps100_pretrainedTrue_freezeFalse_2025_12_10_18_38,flyingthings,steps,100,True,False,2025_12_10_18_38,tss,5000,259868.75,51.97375,5,0.25194177323437505,0.20679552125917458,0.7932044787408254,5.0,,,,,,,,,,0.31016024371844986,0.3222268636529011,0.6777731363470989,5.0,,,,,,,,,,,,,,,,,,,,,,,0.0823864564299583,0.024605730548501,,,,,,,,,,,,,,,,,,,,,,,,,,,,,-1.0882828159948752,-1.3443505580046449,1.344350558004645,-0.7993702542015905,-0.7435567818146175,0.7435567818146176,,,,39.87302333333333,12.100726666666674,spair,TF,20.0
snapshots/flyingthings_steps100_pretrainedTrue_freezeFalse_2025_12_12_11_46,flyingthings_steps100_pretrainedTrue_freezeFalse_2025_12_12_11_46,flyingthings,steps,100,True,False,2025_12_12_11_46,flyingthings,5000,360656.7,72.13134000000001,5,0.2881278415729718,0.34565760349198693,0.6543423965080131,5.0,,,,,,,,,,0.3487952899156292,0.3058993489574425,0.6941006510425576,5.0,,,,,,,,,,,,,,,,,,,,,,,0.004308364354074,0.0040615880861878,,,,,,,,,,,,,,,,,,,,,,,,,,,,,-0.9044940665248287,-0.6381820567063843,0.6381820567063843,-0.6243388593313246,-0.8193608574425949,0.8193608574425951,,,,48.23252,23.898820000000008,spair,TF,22.0
snapshots/flyingthings_steps100_pretrainedTrue_freezeFalse_2025_12_12_11_46,flyingthings_steps100_pretrainedTrue_freezeFalse_2025_12_12_11_46,flyingthings,steps,100,True,False,2025_12_12_11_46,kitti2012,5000,385018.15,77.00363,5,0.3967592099207766,0.05555175406958679,0.9444482459304132,5.0,,,,,,,,,,0.3122427689177642,0.18469340791041775,0.8153065920895822,5.0,,,,,,,,,,,,,,,,,,,,,,,0.3140511512756347,0.0215731337666511,,,,,,,,,,,,,,,,,,,,,,,,,,,,,-0.4189868646698141,-2.8332857982395603,2.8332857982395603,-0.7896549231159037,-1.4848670333387644,1.4848670333387641,,,,59.49418666666667,17.50944333333333,spair,TF,14.0
snapshots/flyingthings_steps100_pretrainedTrue_freezeFalse_2025_12_12_11_46,flyingthings_steps100_pretrainedTrue_freezeFalse_2025_12_12_11_46,flyingthings,steps,100,True,False,2025_12_12_11_46,kitti2015,5000,378512.50000000006,75.70250000000001,5,,,,,,,,,,,,,,,,,,,,,,,,,,,,,,,,,,,,,,,,0.3232436180114746,0.0267374776303768,,,,,,,,,,,,,,,,,,,,,,,,,,,,,,,,,,,,,,62.48625333333334,13.216246666666677,spair,TF,13.0
snapshots/flyingthings_steps100_pretrainedTrue_freezeFalse_2025_12_12_11_46,flyingthings_steps100_pretrainedTrue_freezeFalse_2025_12_12_11_46,flyingthings,steps,100,True,False,2025_12_12_11_46,middlebury,5000,209132.80000000002,41.82656,5,0.3079776202367685,0.06355418992293681,0.9364458100770632,5.0,,,,,,,,,,0.2856751430208541,0.3765924922120472,0.6234075077879528,5.0,,,,,,,,,,,,,,,,,,,,,,,0.0332950688898563,0.018385674804449,,,,,,,,,,,,,,,,,,,,,,,,,,,,,-0.8095911770283705,-2.690198729317341,2.690198729317341,-0.916482538955796,-0.5040367302367844,0.5040367302367845,,,,34.53024666666666,7.296313333333337,spair,TF,11.0
snapshots/flyingthings_steps100_pretrainedTrue_freezeFalse_2025_12_12_11_46,flyingthings_steps100_pretrainedTrue_freezeFalse_2025_12_12_11_46,flyingthings,steps,100,True,False,2025_12_12_11_46,pfpascal,5000,173037.8,34.60756,5,0.21984576739799097,0.2617520941640184,0.7382479058359817,5.0,,,,,,,,,,0.29925521056575094,0.18777360547523764,0.8122263945247623,5.0,,,,,,,,,,,,,,,,,,,,,,,0.0287444423884153,0.0397641435265541,,,,,,,,,,,,,,,,,,,,,,,,,,,,,-1.2665653910270323,-1.036881833615052,1.0368818336150523,-0.8508469979495102,-1.4645421013207969,1.4645421013207967,,,,23.19225,11.415309999999998,spair,TF,18.0
snapshots/flyingthings_steps100_pretrainedTrue_freezeFalse_2025_12_12_11_46,flyingthings_steps100_pretrainedTrue_freezeFalse_2025_12_12_11_46,flyingthings,steps,100,True,False,2025_12_12_11_46,pfwillow,5000,184444.40000000002,36.88888000000001,5,0.21034729496623183,0.13463451820723119,0.8653654817927688,5.0,,,,,,,,,,0.2840255378715558,0.15933285112117535,0.8406671488788247,5.0,,,,,,,,,,,,,,,,,,,,,,,0.0747851952910423,0.0681957304477691,,,,,,,,,,,,,,,,,,,,,,,,,,,,,-1.322833284647787,-1.8605881053887632,1.8605881053887634,-0.9245803427047732,-1.6632003840808114,1.6632003840808114,,,,27.67815333333333,9.210726666666677,spair,TF,17.0
snapshots/flyingthings_steps100_pretrainedTrue_freezeFalse_2025_12_12_11_46,flyingthings_steps100_pretrainedTrue_freezeFalse_2025_12_12_11_46,flyingthings,steps,100,True,False,2025_12_12_11_46,pointodyssey,5000,171724.7,34.34494,5,0.4082499450127766,0.021812824232873017,0.978187175767127,5.0,,,,,,,,,,0.1882881069376469,0.41394424094118654,0.5860557590588135,5.0,,,,,,,,,,,,,,,,,,,,,,,0.2049643546342849,0.02543955296278,,,,,,,,,,,,,,,,,,,,,,,,,,,,,-0.3712047441566638,-3.8032029735912674,3.8032029735912674,-1.4611721922156393,-0.34768365599014034,0.34768365599014034,,,,24.839123333333333,9.505816666666668,spair,TF,15.0
snapshots/flyingthings_steps100_pretrainedTrue_freezeFalse_2025_12_12_11_46,flyingthings_steps100_pretrainedTrue_freezeFalse_2025_12_12_11_46,flyingthings,steps,100,True,False,2025_12_12_11_46,spair,5000,59818.45,11.96369,5,0.09125962146328671,0.19656057662087867,0.8034394233791213,5.0,,,,,,,,,,0.347179910929156,0.18780731035308168,0.8121926896469183,5.0,,,,,,,,,,,,,,,,,,,,,,,0.1043197661638259,0.0399547033011913,,,,,,,,,,,,,,,,,,,,,,,,,,,,,-2.298351013614048,-1.4079311296245203,1.4079311296245203,-0.6314584559904639,-1.464321122246428,1.4643211222464279,,,,16.234553333333334,-4.270863333333335,spair,TF,10.0
snapshots/flyingthings_steps100_pretrainedTrue_freezeFalse_2025_12_12_11_46,flyingthings_steps100_pretrainedTrue_freezeFalse_2025_12_12_11_46,flyingthings,steps,100,True,False,2025_12_12_11_46,synthetic,5000,146447.59999999998,29.289519999999996,5,,,,,,,,,,,,,,,,,,,,,,,,,,,,,,,,,,,,,,,,0.0171944499015808,0.0484733954071998,,,,,,,,,,,,,,,,,,,,,,,,,,,,,,,,,,,,,,25.490916666666667,3.798603333333329,spair,TF,8.0
snapshots/flyingthings_steps100_pretrainedTrue_freezeFalse_2025_12_12_11_46,flyingthings_steps100_pretrainedTrue_freezeFalse_2025_12_12_11_46,flyingthings,steps,100,True,False,2025_12_12_11_46,tss,5000,258596.05,51.71921,5,0.25194177323437505,0.20679552125917458,0.7932044787408254,5.0,,,,,,,,,,0.31016024371844986,0.3222268636529011,0.6777731363470989,5.0,,,,,,,,,,,,,,,,,,,,,,,0.0823864564299583,0.024605730548501,,,,,,,,,,,,,,,,,,,,,,,,,,,,,-1.0882828159948752,-1.3443505580046449,1.344350558004645,-0.7993702542015905,-0.7435567818146175,0.7435567818146176,,,,39.87302333333333,11.846186666666668,spair,TF,19.0
snapshots/flyingthings_steps100_pretrainedTrue_freezeTrue_2025_12_10_17_12,flyingthings_steps100_pretrainedTrue_freezeTrue_2025_12_10_17_12,flyingthings,steps,100,True,True,2025_12_10_17_12,flyingthings,5000,358397.95,71.67959,5,0.2881278415729718,0.34565760349198693,0.6543423965080131,5.0,,,,,,,,,,0.3487952899156292,0.3058993489574425,0.6941006510425576,5.0,,,,,,,,,,,,,,,,,,,,,,,0.004308364354074,0.0040615880861878,,,,,,,,,,,,,,,,,,,,,,,,,,,,,-0.9044940665248287,-0.6381820567063843,0.6381820567063843,-0.6243388593313246,-0.8193608574425949,0.8193608574425951,,,,53.90556,17.774030000000003,spair,TT,20.0
snapshots/flyingthings_steps100_pretrainedTrue_freezeTrue_2025_12_10_17_12,flyingthings_steps100_pretrainedTrue_freezeTrue_2025_12_10_17_12,flyingthings,steps,100,True,True,2025_12_10_17_12,kitti2012,5000,385049.14999999997,77.00983,5,0.3967592099207766,0.05555175406958679,0.9444482459304132,5.0,,,,,,,,,,0.3122427689177642,0.18469340791041775,0.8153065920895822,5.0,,,,,,,,,,,,,,,,,,,,,,,0.3140511512756347,0.0215731337666511,,,,,,,,,,,,,,,,,,,,,,,,,,,,,-0.4189868646698141,-2.8332857982395603,2.8332857982395603,-0.7896549231159037,-1.4848670333387644,1.4848670333387641,,,,64.06846666666667,12.941363333333328,spair,TT,14.0
snapshots/flyingthings_steps100_pretrainedTrue_freezeTrue_2025_12_10_17_12,flyingthings_steps100_pretrainedTrue_freezeTrue_2025_12_10_17_12,flyingthings,steps,100,True,True,2025_12_10_17_12,kitti2015,5000,377710.75,75.54215,5,,,,,,,,,,,,,,,,,,,,,,,,,,,,,,,,,,,,,,,,0.3232436180114746,0.0267374776303768,,,,,,,,,,,,,,,,,,,,,,,,,,,,,,,,,,,,,,65.10567999999999,10.436470000000014,spair,TT,10.0
snapshots/flyingthings_steps100_pretrainedTrue_freezeTrue_2025_12_10_17_12,flyingthings_steps100_pretrainedTrue_freezeTrue_2025_12_10_17_12,flyingthings,steps,100,True,True,2025_12_10_17_12,middlebury,5000,209197.9,41.83958,5,0.3079776202367685,0.06355418992293681,0.9364458100770632,5.0,,,,,,,,,,0.2856751430208541,0.3765924922120472,0.6234075077879528,5.0,,,,,,,,,,,,,,,,,,,,,,,0.0332950688898563,0.018385674804449,,,,,,,,,,,,,,,,,,,,,,,,,,,,,-0.8095911770283705,-2.690198729317341,2.690198729317341,-0.916482538955796,-0.5040367302367844,0.5040367302367845,,,,37.7005,4.13908,spair,TT,15.0
snapshots/flyingthings_steps100_pretrainedTrue_freezeTrue_2025_12_10_17_12,flyingthings_steps100_pretrainedTrue_freezeTrue_2025_12_10_17_12,flyingthings,steps,100,True,True,2025_12_10_17_12,pfpascal,5000,189577.44999999998,37.91549,5,0.21984576739799097,0.2617520941640184,0.7382479058359817,5.0,,,,,,,,,,0.29925521056575094,0.18777360547523764,0.8122263945247623,5.0,,,,,,,,,,,,,,,,,,,,,,,0.0287444423884153,0.0397641435265541,,,,,,,,,,,,,,,,,,,,,,,,,,,,,-1.2665653910270323,-1.036881833615052,1.0368818336150523,-0.8508469979495102,-1.4645421013207969,1.4645421013207967,,,,27.819223333333337,10.096266666666661,spair,TT,20.0
snapshots/flyingthings_steps100_pretrainedTrue_freezeTrue_2025_12_10_17_12,flyingthings_steps100_pretrainedTrue_freezeTrue_2025_12_10_17_12,flyingthings,steps,100,True,True,2025_12_10_17_12,pfwillow,5000,211055.55,42.21111,5,0.21034729496623183,0.13463451820723119,0.8653654817927688,5.0,,,,,,,,,,0.2840255378715558,0.15933285112117535,0.8406671488788247,5.0,,,,,,,,,,,,,,,,,,,,,,,0.0747851952910423,0.0681957304477691,,,,,,,,,,,,,,,,,,,,,,,,,,,,,-1.322833284647787,-1.8605881053887632,1.8605881053887634,-0.9245803427047732,-1.6632003840808114,1.6632003840808114,,,,32.30222,9.90889,spair,TT,22.0
snapshots/flyingthings_steps100_pretrainedTrue_freezeTrue_2025_12_10_17_12,flyingthings_steps100_pretrainedTrue_freezeTrue_2025_12_10_17_12,flyingthings,steps,100,True,True,2025_12_10_17_12,pointodyssey,5000,174684.44999999998,34.93689,5,0.4082499450127766,0.021812824232873017,0.978187175767127,5.0,,,,,,,,,,0.1882881069376469,0.41394424094118654,0.5860557590588135,5.0,,,,,,,,,,,,,,,,,,,,,,,0.2049643546342849,0.02543955296278,,,,,,,,,,,,,,,,,,,,,,,,,,,,,-0.3712047441566638,-3.8032029735912674,3.8032029735912674,-1.4611721922156393,-0.34768365599014034,0.34768365599014034,,,,24.515383333333332,10.421506666666666,spair,TT,13.0
snapshots/flyingthings_steps100_pretrainedTrue_freezeTrue_2025_12_10_17_12,flyingthings_steps100_pretrainedTrue_freezeTrue_2025_12_10_17_12,flyingthings,steps,100,True,True,2025_12_10_17_12,spair,5000,69755.65,13.95113,5,0.09125962146328671,0.19656057662087867,0.8034394233791213,5.0,,,,,,,,,,0.347179910929156,0.18780731035308168,0.8121926896469183,5.0,,,,,,,,,,,,,,,,,,,,,,,0.1043197661638259,0.0399547033011913,,,,,,,,,,,,,,,,,,,,,,,,,,,,,-2.298351013614048,-1.4079311296245203,1.4079311296245203,-0.6314584559904639,-1.464321122246428,1.4643211222464279,,,,19.357693333333334,-5.4065633333333345,spair,TT,14.0
snapshots/flyingthings_steps100_pretrainedTrue_freezeTrue_2025_12_10_17_12,flyingthings_steps100_pretrainedTrue_freezeTrue_2025_12_10_17_12,flyingthings,steps,100,True,True,2025_12_10_17_12,synthetic,5000,147027.25,29.40545,5,,,,,,,,,,,,,,,,,,,,,,,,,,,,,,,,,,,,,,,,0.0171944499015808,0.0484733954071998,,,,,,,,,,,,,,,,,,,,,,,,,,,,,,,,,,,,,,29.962760000000003,-0.5573100000000046,spair,TT,12.0
snapshots/flyingthings_steps100_pretrainedTrue_freezeTrue_2025_12_10_17_12,flyingthings_steps100_pretrainedTrue_freezeTrue_2025_12_10_17_12,flyingthings,steps,100,True,True,2025_12_10_17_12,tss,5000,264994.5,52.9989,5,0.25194177323437505,0.20679552125917458,0.7932044787408254,5.0,,,,,,,,,,0.31016024371844986,0.3222268636529011,0.6777731363470989,5.0,,,,,,,,,,,,,,,,,,,,,,,0.0823864564299583,0.024605730548501,,,,,,,,,,,,,,,,,,,,,,,,,,,,,-1.0882828159948752,-1.3443505580046449,1.344350558004645,-0.7993702542015905,-0.7435567818146175,0.7435567818146176,,,,43.74900333333333,9.249896666666672,spair,TT,21.0
snapshots/flyingthings_steps100_pretrainedTrue_freezeTrue_2025_12_12_11_45,flyingthings_steps100_pretrainedTrue_freezeTrue_2025_12_12_11_45,flyingthings,steps,100,True,True,2025_12_12_11_45,flyingthings,5000,358424.9,71.68498000000001,5,0.2881278415729718,0.34565760349198693,0.6543423965080131,5.0,,,,,,,,,,0.3487952899156292,0.3058993489574425,0.6941006510425576,5.0,,,,,,,,,,,,,,,,,,,,,,,0.004308364354074,0.0040615880861878,,,,,,,,,,,,,,,,,,,,,,,,,,,,,-0.9044940665248287,-0.6381820567063843,0.6381820567063843,-0.6243388593313246,-0.8193608574425949,0.8193608574425951,,,,53.90556,17.77942000000001,spair,TT,21.0
snapshots/flyingthings_steps100_pretrainedTrue_freezeTrue_2025_12_12_11_45,flyingthings_steps100_pretrainedTrue_freezeTrue_2025_12_12_11_45,flyingthings,steps,100,True,True,2025_12_12_11_45,kitti2012,5000,385776.5,77.1553,5,0.3967592099207766,0.05555175406958679,0.9444482459304132,5.0,,,,,,,,,,0.3122427689177642,0.18469340791041775,0.8153065920895822,5.0,,,,,,,,,,,,,,,,,,,,,,,0.3140511512756347,0.0215731337666511,,,,,,,,,,,,,,,,,,,,,,,,,,,,,-0.4189868646698141,-2.8332857982395603,2.8332857982395603,-0.7896549231159037,-1.4848670333387644,1.4848670333387641,,,,64.06846666666667,13.086833333333331,spair,TT,17.0
snapshots/flyingthings_steps100_pretrainedTrue_freezeTrue_2025_12_12_11_45,flyingthings_steps100_pretrainedTrue_freezeTrue_2025_12_12_11_45,flyingthings,steps,100,True,True,2025_12_12_11_45,kitti2015,5000,378792.5,75.7585,5,,,,,,,,,,,,,,,,,,,,,,,,,,,,,,,,,,,,,,,,0.3232436180114746,0.0267374776303768,,,,,,,,,,,,,,,,,,,,,,,,,,,,,,,,,,,,,,65.10567999999999,10.652820000000006,spair,TT,13.0
snapshots/flyingthings_steps100_pretrainedTrue_freezeTrue_2025_12_12_11_45,flyingthings_steps100_pretrainedTrue_freezeTrue_2025_12_12_11_45,flyingthings,steps,100,True,True,2025_12_12_11_45,middlebury,5000,208838.75,41.76775,5,0.3079776202367685,0.06355418992293681,0.9364458100770632,5.0,,,,,,,,,,0.2856751430208541,0.3765924922120472,0.6234075077879528,5.0,,,,,,,,,,,,,,,,,,,,,,,0.0332950688898563,0.018385674804449,,,,,,,,,,,,,,,,,,,,,,,,,,,,,-0.8095911770283705,-2.690198729317341,2.690198729317341,-0.916482538955796,-0.5040367302367844,0.5040367302367845,,,,37.7005,4.067250000000001,spair,TT,13.0
snapshots/flyingthings_steps100_pretrainedTrue_freezeTrue_2025_12_12_11_45,flyingthings_steps100_pretrainedTrue_freezeTrue_2025_12_12_11_45,flyingthings,steps,100,True,True,2025_12_12_11_45,pfpascal,5000,186270.9,37.25418,5,0.21984576739799097,0.2617520941640184,0.7382479058359817,5.0,,,,,,,,,,0.29925521056575094,0.18777360547523764,0.8122263945247623,5.0,,,,,,,,,,,,,,,,,,,,,,,0.0287444423884153,0.0397641435265541,,,,,,,,,,,,,,,,,,,,,,,,,,,,,-1.2665653910270323,-1.036881833615052,1.0368818336150523,-0.8508469979495102,-1.4645421013207969,1.4645421013207967,,,,27.819223333333337,9.434956666666661,spair,TT,18.0
snapshots/flyingthings_steps100_pretrainedTrue_freezeTrue_2025_12_12_11_45,flyingthings_steps100_pretrainedTrue_freezeTrue_2025_12_12_11_45,flyingthings,steps,100,True,True,2025_12_12_11_45,pfwillow,5000,208005.65,41.60113,5,0.21034729496623183,0.13463451820723119,0.8653654817927688,5.0,,,,,,,,,,0.2840255378715558,0.15933285112117535,0.8406671488788247,5.0,,,,,,,,,,,,,,,,,,,,,,,0.0747851952910423,0.0681957304477691,,,,,,,,,,,,,,,,,,,,,,,,,,,,,-1.322833284647787,-1.8605881053887632,1.8605881053887634,-0.9245803427047732,-1.6632003840808114,1.6632003840808114,,,,32.30222,9.29891,spair,TT,21.0
snapshots/flyingthings_steps100_pretrainedTrue_freezeTrue_2025_12_12_11_45,flyingthings_steps100_pretrainedTrue_freezeTrue_2025_12_12_11_45,flyingthings,steps,100,True,True,2025_12_12_11_45,pointodyssey,5000,180020.95,36.00419,5,0.4082499450127766,0.021812824232873017,0.978187175767127,5.0,,,,,,,,,,0.1882881069376469,0.41394424094118654,0.5860557590588135,5.0,,,,,,,,,,,,,,,,,,,,,,,0.2049643546342849,0.02543955296278,,,,,,,,,,,,,,,,,,,,,,,,,,,,,-0.3712047441566638,-3.8032029735912674,3.8032029735912674,-1.4611721922156393,-0.34768365599014034,0.34768365599014034,,,,24.515383333333332,11.488806666666669,spair,TT,14.0
snapshots/flyingthings_steps100_pretrainedTrue_freezeTrue_2025_12_12_11_45,flyingthings_steps100_pretrainedTrue_freezeTrue_2025_12_12_11_45,flyingthings,steps,100,True,True,2025_12_12_11_45,spair,5000,64279.04999999999,12.855809999999998,5,0.09125962146328671,0.19656057662087867,0.8034394233791213,5.0,,,,,,,,,,0.347179910929156,0.18780731035308168,0.8121926896469183,5.0,,,,,,,,,,,,,,,,,,,,,,,0.1043197661638259,0.0399547033011913,,,,,,,,,,,,,,,,,,,,,,,,,,,,,-2.298351013614048,-1.4079311296245203,1.4079311296245203,-0.6314584559904639,-1.464321122246428,1.4643211222464279,,,,19.357693333333334,-6.5018833333333355,spair,TT,9.0
snapshots/flyingthings_steps100_pretrainedTrue_freezeTrue_2025_12_12_11_45,flyingthings_steps100_pretrainedTrue_freezeTrue_2025_12_12_11_45,flyingthings,steps,100,True,True,2025_12_12_11_45,synthetic,5000,148732.9,29.746579999999998,5,,,,,,,,,,,,,,,,,,,,,,,,,,,,,,,,,,,,,,,,0.0171944499015808,0.0484733954071998,,,,,,,,,,,,,,,,,,,,,,,,,,,,,,,,,,,,,,29.962760000000003,-0.21618000000000492,spair,TT,13.0
snapshots/flyingthings_steps100_pretrainedTrue_freezeTrue_2025_12_12_11_45,flyingthings_steps100_pretrainedTrue_freezeTrue_2025_12_12_11_45,flyingthings,steps,100,True,True,2025_12_12_11_45,tss,5000,264196.79999999993,52.839359999999985,5,0.25194177323437505,0.20679552125917458,0.7932044787408254,5.0,,,,,,,,,,0.31016024371844986,0.3222268636529011,0.6777731363470989,5.0,,,,,,,,,,,,,,,,,,,,,,,0.0823864564299583,0.024605730548501,,,,,,,,,,,,,,,,,,,,,,,,,,,,,-1.0882828159948752,-1.3443505580046449,1.344350558004645,-0.7993702542015905,-0.7435567818146175,0.7435567818146176,,,,43.74900333333333,9.090356666666658,spair,TT,20.0
snapshots/pointodyssey_logsteps100_pretrainedFalse_freezeFalse_2025_12_10_11_40,pointodyssey_logsteps100_pretrainedFalse_freezeFalse_2025_12_10_11_40,pointodyssey,logsteps,100,False,False,2025_12_10_11_40,flyingthings,5000,302083.5,60.4167,5,0.012189436081121293,0.5100376104772721,0.48996238952272786,5.0,,,,,,,,,,0.4189200662664006,0.20625763338247083,0.7937423666175292,5.0,,,,,,,,,,,,,,,,,,,,,,,0.4751833975315094,0.0273881591856479,,,,,,,,,,,,,,,,,,,,,,,,,,,,,-4.394921260794245,0.04015583695042488,-0.04015583695042492,-0.3272081978757767,-1.347632898431676,1.347632898431676,,,,2.08833,58.32837,spair,FF,15.0
snapshots/pointodyssey_logsteps100_pretrainedFalse_freezeFalse_2025_12_10_11_40,pointodyssey_logsteps100_pretrainedFalse_freezeFalse_2025_12_10_11_40,pointodyssey,logsteps,100,False,False,2025_12_10_11_40,kitti2012,5000,336456.95,67.29139,5,0.04687170618932417,0.11936656071074785,0.8806334392892522,5.0,,,,,,,,,,0.40185831739487404,0.1191476933316684,0.8808523066683316,5.0,,,,,,,,,,,,,,,,,,,,,,,0.893591046333313,0.0534613877534866,,,,,,,,,,,,,,,,,,,,,,,,,,,,,-3.0123353017305883,-1.9984423652170613,1.9984423652170615,-0.3977280711165043,-2.000526125061898,2.0005261250618975,,,,4.8632566666666674,62.42813333333334,spair,FF,15.0
snapshots/pointodyssey_logsteps100_pretrainedFalse_freezeFalse_2025_12_10_11_40,pointodyssey_logsteps100_pretrainedFalse_freezeFalse_2025_12_10_11_40,pointodyssey,logsteps,100,False,False,2025_12_10_11_40,kitti2015,5000,331179.55,66.23591,5,,,,,,,,,,,,,,,,,,,,,,,,,,,,,,,,,,,,,,,,0.8558209538459778,0.0613356865942478,,,,,,,,,,,,,,,,,,,,,,,,,,,,,,,,,,,,,,6.796363333333333,59.43954666666667,spair,FF,13.0
snapshots/pointodyssey_logsteps100_pretrainedFalse_freezeFalse_2025_12_10_11_40,pointodyssey_logsteps100_pretrainedFalse_freezeFalse_2025_12_10_11_40,pointodyssey,logsteps,100,False,False,2025_12_10_11_40,middlebury,5000,210366.74999999997,42.07334999999999,5,0.015493764847799041,0.18766674916816575,0.8123332508318343,5.0,,,,,,,,,,0.3926271500098252,0.30544080935561974,0.6945591906443802,5.0,,,,,,,,,,,,,,,,,,,,,,,0.4463323354721069,0.0403476022183895,,,,,,,,,,,,,,,,,,,,,,,,,,,,,-4.151702556267927,-1.4652428843072436,1.4652428843072436,-0.43628241904870574,-0.8215213764961704,0.8215213764961703,,,,1.9837666666666667,40.08958333333332,spair,FF,22.0
snapshots/pointodyssey_logsteps100_pretrainedFalse_freezeFalse_2025_12_10_11_40,pointodyssey_logsteps100_pretrainedFalse_freezeFalse_2025_12_10_11_40,pointodyssey,logsteps,100,False,False,2025_12_10_11_40,pfpascal,5000,29246.65,5.84933,5,0.002873697820263697,0.3324751894303696,0.6675248105696304,5.0,,,,,,,,,,0.4416786759834396,0.1556891147664343,0.8443108852335657,5.0,,,,,,,,,,,,,,,,,,,,,,,0.4667659103870392,0.0319551676511764,,,,,,,,,,,,,,,,,,,,,,,,,,,,,-5.849277804602336,-0.6970113199190437,0.6970113199190437,-0.23435200584721178,-1.6906596093934014,1.6906596093934012,,,,1.9410966666666667,3.9082333333333334,spair,FF,9.0
snapshots/pointodyssey_logsteps100_pretrainedFalse_freezeFalse_2025_12_10_11_40,pointodyssey_logsteps100_pretrainedFalse_freezeFalse_2025_12_10_11_40,pointodyssey,logsteps,100,False,False,2025_12_10_11_40,pfwillow,5000,40911.1,8.18222,5,0.004762380984234548,0.2334811724980145,0.7665188275019855,5.0,,,,,,,,,,0.4264131256152426,0.12834065080159285,0.8716593491984072,5.0,,,,,,,,,,,,,,,,,,,,,,,0.4569005370140075,0.0511359572410583,,,,,,,,,,,,,,,,,,,,,,,,,,,,,-5.342233771774872,-1.1887578188033723,1.1887578188033723,-0.29650075137424076,-1.9157106297672837,1.9157106297672837,,,,3.3644433333333335,4.817776666666665,spair,FF,11.0
snapshots/pointodyssey_logsteps100_pretrainedFalse_freezeFalse_2025_12_10_11_40,pointodyssey_logsteps100_pretrainedFalse_freezeFalse_2025_12_10_11_40,pointodyssey,logsteps,100,False,False,2025_12_10_11_40,pointodyssey,5000,99204.9,19.84098,5,0.10715245758486333,0.18830633185033918,0.8116936681496608,5.0,,,,,,,,,,0.31437955697384834,0.36621347509681856,0.6337865249031814,5.0,,,,,,,,,,,,,,,,,,,,,,,0.1938934177160263,0.046952798962593,,,,,,,,,,,,,,,,,,,,,,,,,,,,,-2.1201631835360546,-1.4610529515158113,1.4610529515158115,-0.779723148461925,-0.5484957575678671,0.5484957575678671,,,,2.2678866666666666,17.573093333333333,spair,FF,11.0
snapshots/pointodyssey_logsteps100_pretrainedFalse_freezeFalse_2025_12_10_11_40,pointodyssey_logsteps100_pretrainedFalse_freezeFalse_2025_12_10_11_40,pointodyssey,logsteps,100,False,False,2025_12_10_11_40,spair,5000,9329.6,1.86592,5,0.0005703526500719621,0.21581575034459238,0.7841842496554077,5.0,,,,,,,,,,0.4696574244779277,0.14674974089102635,0.8532502591089737,5.0,,,,,,,,,,,,,,,,,,,,,,,0.6135705709457397,0.0213044993579387,,,,,,,,,,,,,,,,,,,,,,,,,,,,,-7.468685188742139,-1.2902189690527284,1.2902189690527288,-0.1215196217998952,-1.7603241984019908,1.760324198401991,,,,2.0635033333333332,-0.19758333333333322,spair,FF,6.0
snapshots/pointodyssey_logsteps100_pretrainedFalse_freezeFalse_2025_12_10_11_40,pointodyssey_logsteps100_pretrainedFalse_freezeFalse_2025_12_10_11_40,pointodyssey,logsteps,100,False,False,2025_12_10_11_40,synthetic,5000,57434.850000000006,11.486970000000001,5,,,,,,,,,,,,,,,,,,,,,,,,,,,,,,,,,,,,,,,,0.4712628424167633,0.0809568464756012,,,,,,,,,,,,,,,,,,,,,,,,,,,,,,,,,,,,,,2.400183333333333,9.086786666666669,spair,FF,7.0
snapshots/pointodyssey_logsteps100_pretrainedFalse_freezeFalse_2025_12_10_11_40,pointodyssey_logsteps100_pretrainedFalse_freezeFalse_2025_12_10_11_40,pointodyssey,logsteps,100,False,False,2025_12_10_11_40,tss,5000,69043.80000000002,13.808760000000003,5,0.005454058848063383,0.300341725744685,0.699658274255315,5.0,,,,,,,,,,0.4403209416696909,0.2677039344736122,0.7322960655263878,5.0,,,,,,,,,,,,,,,,,,,,,,,0.5092334151268005,0.0219660066068172,,,,,,,,,,,,,,,,,,,,,,,,,,,,,-5.205926218196942,-0.8456711240038567,0.8456711240038567,-0.2398596354086875,-1.0063032455483736,1.0063032455483736,,,,3.624926666666667,10.183833333333336,spair,FF,9.0
snapshots/pointodyssey_logsteps100_pretrainedTrue_freezeFalse_2025_12_10_11_14,pointodyssey_logsteps100_pretrainedTrue_freezeFalse_2025_12_10_11_14,pointodyssey,logsteps,100,True,False,2025_12_10_11_14,flyingthings,5000,332832.95,66.56659,5,0.012189436081121293,0.5100376104772721,0.48996238952272786,5.0,,,,,,,,,,0.4189200662664006,0.20625763338247083,0.7937423666175292,5.0,,,,,,,,,,,,,,,,,,,,,,,0.4751833975315094,0.0273881591856479,,,,,,,,,,,,,,,,,,,,,,,,,,,,,-4.394921260794245,0.04015583695042488,-0.04015583695042492,-0.3272081978757767,-1.347632898431676,1.347632898431676,,,,48.23252,18.334070000000004,spair,TF,9.0
snapshots/pointodyssey_logsteps100_pretrainedTrue_freezeFalse_2025_12_10_11_14,pointodyssey_logsteps100_pretrainedTrue_freezeFalse_2025_12_10_11_14,pointodyssey,logsteps,100,True,False,2025_12_10_11_14,kitti2012,5000,377759.75,75.55195,5,0.04687170618932417,0.11936656071074785,0.8806334392892522,5.0,,,,,,,,,,0.40185831739487404,0.1191476933316684,0.8808523066683316,5.0,,,,,,,,,,,,,,,,,,,,,,,0.893591046333313,0.0534613877534866,,,,,,,,,,,,,,,,,,,,,,,,,,,,,-3.0123353017305883,-1.9984423652170613,1.9984423652170615,-0.3977280711165043,-2.000526125061898,2.0005261250618975,,,,59.49418666666667,16.057763333333334,spair,TF,10.0
snapshots/pointodyssey_logsteps100_pretrainedTrue_freezeFalse_2025_12_10_11_14,pointodyssey_logsteps100_pretrainedTrue_freezeFalse_2025_12_10_11_14,pointodyssey,logsteps,100,True,False,2025_12_10_11_14,kitti2015,5000,374908.75000000006,74.98175,5,,,,,,,,,,,,,,,,,,,,,,,,,,,,,,,,,,,,,,,,0.8558209538459778,0.0613356865942478,,,,,,,,,,,,,,,,,,,,,,,,,,,,,,,,,,,,,,62.48625333333334,12.495496666666668,spair,TF,9.0
snapshots/pointodyssey_logsteps100_pretrainedTrue_freezeFalse_2025_12_10_11_14,pointodyssey_logsteps100_pretrainedTrue_freezeFalse_2025_12_10_11_14,pointodyssey,logsteps,100,True,False,2025_12_10_11_14,middlebury,5000,213891.55,42.77831,5,0.015493764847799041,0.18766674916816575,0.8123332508318343,5.0,,,,,,,,,,0.3926271500098252,0.30544080935561974,0.6945591906443802,5.0,,,,,,,,,,,,,,,,,,,,,,,0.4463323354721069,0.0403476022183895,,,,,,,,,,,,,,,,,,,,,,,,,,,,,-4.151702556267927,-1.4652428843072436,1.4652428843072436,-0.43628241904870574,-0.8215213764961704,0.8215213764961703,,,,34.53024666666666,8.248063333333334,spair,TF,18.0
snapshots/pointodyssey_logsteps100_pretrainedTrue_freezeFalse_2025_12_10_11_14,pointodyssey_logsteps100_pretrainedTrue_freezeFalse_2025_12_10_11_14,pointodyssey,logsteps,100,True,False,2025_12_10_11_14,pfpascal,5000,96804.85,19.360970000000002,5,0.002873697820263697,0.3324751894303696,0.6675248105696304,5.0,,,,,,,,,,0.4416786759834396,0.1556891147664343,0.8443108852335657,5.0,,,,,,,,,,,,,,,,,,,,,,,0.4667659103870392,0.0319551676511764,,,,,,,,,,,,,,,,,,,,,,,,,,,,,-5.849277804602336,-0.6970113199190437,0.6970113199190437,-0.23435200584721178,-1.6906596093934014,1.6906596093934012,,,,23.19225,-3.8312799999999996,spair,TF,7.0
snapshots/pointodyssey_logsteps100_pretrainedTrue_freezeFalse_2025_12_10_11_14,pointodyssey_logsteps100_pretrainedTrue_freezeFalse_2025_12_10_11_14,pointodyssey,logsteps,100,True,False,2025_12_10_11_14,pfwillow,5000,123716.65,24.74333,5,0.004762380984234548,0.2334811724980145,0.7665188275019855,5.0,,,,,,,,,,0.4264131256152426,0.12834065080159285,0.8716593491984072,5.0,,,,,,,,,,,,,,,,,,,,,,,0.4569005370140075,0.0511359572410583,,,,,,,,,,,,,,,,,,,,,,,,,,,,,-5.342233771774872,-1.1887578188033723,1.1887578188033723,-0.29650075137424076,-1.9157106297672837,1.9157106297672837,,,,27.67815333333333,-2.9348233333333305,spair,TF,7.0
snapshots/pointodyssey_logsteps100_pretrainedTrue_freezeFalse_2025_12_10_11_14,pointodyssey_logsteps100_pretrainedTrue_freezeFalse_2025_12_10_11_14,pointodyssey,logsteps,100,True,False,2025_12_10_11_14,pointodyssey,5000,130670.2,26.13404,5,0.10715245758486333,0.18830633185033918,0.8116936681496608,5.0,,,,,,,,,,0.31437955697384834,0.36621347509681856,0.6337865249031814,5.0,,,,,,,,,,,,,,,,,,,,,,,0.1938934177160263,0.046952798962593,,,,,,,,,,,,,,,,,,,,,,,,,,,,,-2.1201631835360546,-1.4610529515158113,1.4610529515158115,-0.779723148461925,-0.5484957575678671,0.5484957575678671,,,,24.839123333333333,1.2949166666666656,spair,TF,10.0
snapshots/pointodyssey_logsteps100_pretrainedTrue_freezeFalse_2025_12_10_11_14,pointodyssey_logsteps100_pretrainedTrue_freezeFalse_2025_12_10_11_14,pointodyssey,logsteps,100,True,False,2025_12_10_11_14,spair,5000,45531.200000000004,9.106240000000001,5,0.0005703526500719621,0.21581575034459238,0.7841842496554077,5.0,,,,,,,,,,0.4696574244779277,0.14674974089102635,0.8532502591089737,5.0,,,,,,,,,,,,,,,,,,,,,,,0.6135705709457397,0.0213044993579387,,,,,,,,,,,,,,,,,,,,,,,,,,,,,-7.468685188742139,-1.2902189690527284,1.2902189690527288,-0.1215196217998952,-1.7603241984019908,1.760324198401991,,,,16.234553333333334,-7.128313333333333,spair,TF,5.0
snapshots/pointodyssey_logsteps100_pretrainedTrue_freezeFalse_2025_12_10_11_14,pointodyssey_logsteps100_pretrainedTrue_freezeFalse_2025_12_10_11_14,pointodyssey,logsteps,100,True,False,2025_12_10_11_14,synthetic,5000,119591.09999999999,23.918219999999998,5,,,,,,,,,,,,,,,,,,,,,,,,,,,,,,,,,,,,,,,,0.4712628424167633,0.0809568464756012,,,,,,,,,,,,,,,,,,,,,,,,,,,,,,,,,,,,,,25.490916666666667,-1.572696666666669,spair,TF,4.0
snapshots/pointodyssey_logsteps100_pretrainedTrue_freezeFalse_2025_12_10_11_14,pointodyssey_logsteps100_pretrainedTrue_freezeFalse_2025_12_10_11_14,pointodyssey,logsteps,100,True,False,2025_12_10_11_14,tss,5000,201117.19999999998,40.22344,5,0.005454058848063383,0.300341725744685,0.699658274255315,5.0,,,,,,,,,,0.4403209416696909,0.2677039344736122,0.7322960655263878,5.0,,,,,,,,,,,,,,,,,,,,,,,0.5092334151268005,0.0219660066068172,,,,,,,,,,,,,,,,,,,,,,,,,,,,,-5.205926218196942,-0.8456711240038567,0.8456711240038567,-0.2398596354086875,-1.0063032455483736,1.0063032455483736,,,,39.87302333333333,0.3504166666666677,spair,TF,7.0
snapshots/pointodyssey_logsteps100_pretrainedTrue_freezeTrue_2025_12_10_06_53,pointodyssey_logsteps100_pretrainedTrue_freezeTrue_2025_12_10_06_53,pointodyssey,logsteps,100,True,True,2025_12_10_06_53,flyingthings,5000,338371.85,67.67437,5,0.012189436081121293,0.5100376104772721,0.48996238952272786,5.0,,,,,,,,,,0.4189200662664006,0.20625763338247083,0.7937423666175292,5.0,,,,,,,,,,,,,,,,,,,,,,,0.4751833975315094,0.0273881591856479,,,,,,,,,,,,,,,,,,,,,,,,,,,,,-4.394921260794245,0.04015583695042488,-0.04015583695042492,-0.3272081978757767,-1.347632898431676,1.347632898431676,,,,53.90556,13.768809999999995,spair,TT,11.0
snapshots/pointodyssey_logsteps100_pretrainedTrue_freezeTrue_2025_12_10_06_53,pointodyssey_logsteps100_pretrainedTrue_freezeTrue_2025_12_10_06_53,pointodyssey,logsteps,100,True,True,2025_12_10_06_53,kitti2012,5000,382923.5,76.5847,5,0.04687170618932417,0.11936656071074785,0.8806334392892522,5.0,,,,,,,,,,0.40185831739487404,0.1191476933316684,0.8808523066683316,5.0,,,,,,,,,,,,,,,,,,,,,,,0.893591046333313,0.0534613877534866,,,,,,,,,,,,,,,,,,,,,,,,,,,,,-3.0123353017305883,-1.9984423652170613,1.9984423652170615,-0.3977280711165043,-2.000526125061898,2.0005261250618975,,,,64.06846666666667,12.516233333333332,spair,TT,12.0
snapshots/pointodyssey_logsteps100_pretrainedTrue_freezeTrue_2025_12_10_06_53,pointodyssey_logsteps100_pretrainedTrue_freezeTrue_2025_12_10_06_53,pointodyssey,logsteps,100,True,True,2025_12_10_06_53,kitti2015,5000,379799.45,75.95989,5,,,,,,,,,,,,,,,,,,,,,,,,,,,,,,,,,,,,,,,,0.8558209538459778,0.0613356865942478,,,,,,,,,,,,,,,,,,,,,,,,,,,,,,,,,,,,,,65.10567999999999,10.854210000000009,spair,TT,16.0
snapshots/pointodyssey_logsteps100_pretrainedTrue_freezeTrue_2025_12_10_06_53,pointodyssey_logsteps100_pretrainedTrue_freezeTrue_2025_12_10_06_53,pointodyssey,logsteps,100,True,True,2025_12_10_06_53,middlebury,5000,218656.55000000002,43.73131,5,0.015493764847799041,0.18766674916816575,0.8123332508318343,5.0,,,,,,,,,,0.3926271500098252,0.30544080935561974,0.6945591906443802,5.0,,,,,,,,,,,,,,,,,,,,,,,0.4463323354721069,0.0403476022183895,,,,,,,,,,,,,,,,,,,,,,,,,,,,,-4.151702556267927,-1.4652428843072436,1.4652428843072436,-0.43628241904870574,-0.8215213764961704,0.8215213764961703,,,,37.7005,6.0308100000000024,spair,TT,22.0
snapshots/pointodyssey_logsteps100_pretrainedTrue_freezeTrue_2025_12_10_06_53,pointodyssey_logsteps100_pretrainedTrue_freezeTrue_2025_12_10_06_53,pointodyssey,logsteps,100,True,True,2025_12_10_06_53,pfpascal,5000,130069.04999999999,26.01381,5,0.002873697820263697,0.3324751894303696,0.6675248105696304,5.0,,,,,,,,,,0.4416786759834396,0.1556891147664343,0.8443108852335657,5.0,,,,,,,,,,,,,,,,,,,,,,,0.4667659103870392,0.0319551676511764,,,,,,,,,,,,,,,,,,,,,,,,,,,,,-5.849277804602336,-0.6970113199190437,0.6970113199190437,-0.23435200584721178,-1.6906596093934014,1.6906596093934012,,,,27.819223333333337,-1.8054133333333375,spair,TT,8.0
snapshots/pointodyssey_logsteps100_pretrainedTrue_freezeTrue_2025_12_10_06_53,pointodyssey_logsteps100_pretrainedTrue_freezeTrue_2025_12_10_06_53,pointodyssey,logsteps,100,True,True,2025_12_10_06_53,pfwillow,5000,143572.15,28.71443,5,0.004762380984234548,0.2334811724980145,0.7665188275019855,5.0,,,,,,,,,,0.4264131256152426,0.12834065080159285,0.8716593491984072,5.0,,,,,,,,,,,,,,,,,,,,,,,0.4569005370140075,0.0511359572410583,,,,,,,,,,,,,,,,,,,,,,,,,,,,,-5.342233771774872,-1.1887578188033723,1.1887578188033723,-0.29650075137424076,-1.9157106297672837,1.9157106297672837,,,,32.30222,-3.5877899999999983,spair,TT,11.0
snapshots/pointodyssey_logsteps100_pretrainedTrue_freezeTrue_2025_12_10_06_53,pointodyssey_logsteps100_pretrainedTrue_freezeTrue_2025_12_10_06_53,pointodyssey,logsteps,100,True,True,2025_12_10_06_53,pointodyssey,5000,171539.69999999998,34.307939999999995,5,0.10715245758486333,0.18830633185033918,0.8116936681496608,5.0,,,,,,,,,,0.31437955697384834,0.36621347509681856,0.6337865249031814,5.0,,,,,,,,,,,,,,,,,,,,,,,0.1938934177160263,0.046952798962593,,,,,,,,,,,,,,,,,,,,,,,,,,,,,-2.1201631835360546,-1.4610529515158113,1.4610529515158115,-0.779723148461925,-0.5484957575678671,0.5484957575678671,,,,24.515383333333332,9.792556666666663,spair,TT,11.0
snapshots/pointodyssey_logsteps100_pretrainedTrue_freezeTrue_2025_12_10_06_53,pointodyssey_logsteps100_pretrainedTrue_freezeTrue_2025_12_10_06_53,pointodyssey,logsteps,100,True,True,2025_12_10_06_53,spair,5000,58816.7,11.76334,5,0.0005703526500719621,0.21581575034459238,0.7841842496554077,5.0,,,,,,,,,,0.4696574244779277,0.14674974089102635,0.8532502591089737,5.0,,,,,,,,,,,,,,,,,,,,,,,0.6135705709457397,0.0213044993579387,,,,,,,,,,,,,,,,,,,,,,,,,,,,,-7.468685188742139,-1.2902189690527284,1.2902189690527288,-0.1215196217998952,-1.7603241984019908,1.760324198401991,,,,19.357693333333334,-7.594353333333334,spair,TT,7.0
snapshots/pointodyssey_logsteps100_pretrainedTrue_freezeTrue_2025_12_10_06_53,pointodyssey_logsteps100_pretrainedTrue_freezeTrue_2025_12_10_06_53,pointodyssey,logsteps,100,True,True,2025_12_10_06_53,synthetic,5000,124274.1,24.85482,5,,,,,,,,,,,,,,,,,,,,,,,,,,,,,,,,,,,,,,,,0.4712628424167633,0.0809568464756012,,,,,,,,,,,,,,,,,,,,,,,,,,,,,,,,,,,,,,29.962760000000003,-5.107940000000003,spair,TT,5.0
snapshots/pointodyssey_logsteps100_pretrainedTrue_freezeTrue_2025_12_10_06_53,pointodyssey_logsteps100_pretrainedTrue_freezeTrue_2025_12_10_06_53,pointodyssey,logsteps,100,True,True,2025_12_10_06_53,tss,5000,211470.15,42.29403,5,0.005454058848063383,0.300341725744685,0.699658274255315,5.0,,,,,,,,,,0.4403209416696909,0.2677039344736122,0.7322960655263878,5.0,,,,,,,,,,,,,,,,,,,,,,,0.5092334151268005,0.0219660066068172,,,,,,,,,,,,,,,,,,,,,,,,,,,,,-5.205926218196942,-0.8456711240038567,0.8456711240038567,-0.2398596354086875,-1.0063032455483736,1.0063032455483736,,,,43.74900333333333,-1.454973333333328,spair,TT,8.0
snapshots/pointodyssey_steps100_pretrainedFalse_freezeFalse_2025_12_11_00_21,pointodyssey_steps100_pretrainedFalse_freezeFalse_2025_12_11_00_21,pointodyssey,steps,100,False,False,2025_12_11_00_21,flyingthings,5000,296529.65,59.305930000000004,5,0.012189436081121293,0.5100376104772721,0.48996238952272786,5.0,,,,,,,,,,0.4189200662664006,0.20625763338247083,0.7937423666175292,5.0,,,,,,,,,,,,,,,,,,,,,,,0.4751833975315094,0.0273881591856479,,,,,,,,,,,,,,,,,,,,,,,,,,,,,-4.394921260794245,0.04015583695042488,-0.04015583695042492,-0.3272081978757767,-1.347632898431676,1.347632898431676,,,,2.08833,57.217600000000004,spair,FF,13.0
snapshots/pointodyssey_steps100_pretrainedFalse_freezeFalse_2025_12_11_00_21,pointodyssey_steps100_pretrainedFalse_freezeFalse_2025_12_11_00_21,pointodyssey,steps,100,False,False,2025_12_11_00_21,kitti2012,5000,299172.04999999993,59.834409999999984,5,0.04687170618932417,0.11936656071074785,0.8806334392892522,5.0,,,,,,,,,,0.40185831739487404,0.1191476933316684,0.8808523066683316,5.0,,,,,,,,,,,,,,,,,,,,,,,0.893591046333313,0.0534613877534866,,,,,,,,,,,,,,,,,,,,,,,,,,,,,-3.0123353017305883,-1.9984423652170613,1.9984423652170615,-0.3977280711165043,-2.000526125061898,2.0005261250618975,,,,4.8632566666666674,54.97115333333332,spair,FF,10.0
snapshots/pointodyssey_steps100_pretrainedFalse_freezeFalse_2025_12_11_00_21,pointodyssey_steps100_pretrainedFalse_freezeFalse_2025_12_11_00_21,pointodyssey,steps,100,False,False,2025_12_11_00_21,kitti2015,5000,308396.0,61.6792,5,,,,,,,,,,,,,,,,,,,,,,,,,,,,,,,,,,,,,,,,0.8558209538459778,0.0613356865942478,,,,,,,,,,,,,,,,,,,,,,,,,,,,,,,,,,,,,,6.796363333333333,54.88283666666667,spair,FF,10.0
snapshots/pointodyssey_steps100_pretrainedFalse_freezeFalse_2025_12_11_00_21,pointodyssey_steps100_pretrainedFalse_freezeFalse_2025_12_11_00_21,pointodyssey,steps,100,False,False,2025_12_11_00_21,middlebury,5000,209022.35,41.80447,5,0.015493764847799041,0.18766674916816575,0.8123332508318343,5.0,,,,,,,,,,0.3926271500098252,0.30544080935561974,0.6945591906443802,5.0,,,,,,,,,,,,,,,,,,,,,,,0.4463323354721069,0.0403476022183895,,,,,,,,,,,,,,,,,,,,,,,,,,,,,-4.151702556267927,-1.4652428843072436,1.4652428843072436,-0.43628241904870574,-0.8215213764961704,0.8215213764961703,,,,1.9837666666666667,39.820703333333334,spair,FF,19.0
snapshots/pointodyssey_steps100_pretrainedFalse_freezeFalse_2025_12_11_00_21,pointodyssey_steps100_pretrainedFalse_freezeFalse_2025_12_11_00_21,pointodyssey,steps,100,False,False,2025_12_11_00_21,pfpascal,5000,33090.5,6.6181,5,0.002873697820263697,0.3324751894303696,0.6675248105696304,5.0,,,,,,,,,,0.4416786759834396,0.1556891147664343,0.8443108852335657,5.0,,,,,,,,,,,,,,,,,,,,,,,0.4667659103870392,0.0319551676511764,,,,,,,,,,,,,,,,,,,,,,,,,,,,,-5.849277804602336,-0.6970113199190437,0.6970113199190437,-0.23435200584721178,-1.6906596093934014,1.6906596093934012,,,,1.9410966666666667,4.677003333333333,spair,FF,12.0
snapshots/pointodyssey_steps100_pretrainedFalse_freezeFalse_2025_12_11_00_21,pointodyssey_steps100_pretrainedFalse_freezeFalse_2025_12_11_00_21,pointodyssey,steps,100,False,False,2025_12_11_00_21,pfwillow,5000,41099.9,8.21998,5,0.004762380984234548,0.2334811724980145,0.7665188275019855,5.0,,,,,,,,,,0.4264131256152426,0.12834065080159285,0.8716593491984072,5.0,,,,,,,,,,,,,,,,,,,,,,,0.4569005370140075,0.0511359572410583,,,,,,,,,,,,,,,,,,,,,,,,,,,,,-5.342233771774872,-1.1887578188033723,1.1887578188033723,-0.29650075137424076,-1.9157106297672837,1.9157106297672837,,,,3.3644433333333335,4.855536666666666,spair,FF,12.0
snapshots/pointodyssey_steps100_pretrainedFalse_freezeFalse_2025_12_11_00_21,pointodyssey_steps100_pretrainedFalse_freezeFalse_2025_12_11_00_21,pointodyssey,steps,100,False,False,2025_12_11_00_21,pointodyssey,5000,177817.75,35.56355,5,0.10715245758486333,0.18830633185033918,0.8116936681496608,5.0,,,,,,,,,,0.31437955697384834,0.36621347509681856,0.6337865249031814,5.0,,,,,,,,,,,,,,,,,,,,,,,0.1938934177160263,0.046952798962593,,,,,,,,,,,,,,,,,,,,,,,,,,,,,-2.1201631835360546,-1.4610529515158113,1.4610529515158115,-0.779723148461925,-0.5484957575678671,0.5484957575678671,,,,2.2678866666666666,33.29566333333333,spair,FF,22.0
snapshots/pointodyssey_steps100_pretrainedFalse_freezeFalse_2025_12_11_00_21,pointodyssey_steps100_pretrainedFalse_freezeFalse_2025_12_11_00_21,pointodyssey,steps,100,False,False,2025_12_11_00_21,spair,5000,10794.85,2.15897,5,0.0005703526500719621,0.21581575034459238,0.7841842496554077,5.0,,,,,,,,,,0.4696574244779277,0.14674974089102635,0.8532502591089737,5.0,,,,,,,,,,,,,,,,,,,,,,,0.6135705709457397,0.0213044993579387,,,,,,,,,,,,,,,,,,,,,,,,,,,,,-7.468685188742139,-1.2902189690527284,1.2902189690527288,-0.1215196217998952,-1.7603241984019908,1.760324198401991,,,,2.0635033333333332,0.09546666666666681,spair,FF,11.0
snapshots/pointodyssey_steps100_pretrainedFalse_freezeFalse_2025_12_11_00_21,pointodyssey_steps100_pretrainedFalse_freezeFalse_2025_12_11_00_21,pointodyssey,steps,100,False,False,2025_12_11_00_21,synthetic,5000,59279.65,11.85593,5,,,,,,,,,,,,,,,,,,,,,,,,,,,,,,,,,,,,,,,,0.4712628424167633,0.0809568464756012,,,,,,,,,,,,,,,,,,,,,,,,,,,,,,,,,,,,,,2.400183333333333,9.455746666666668,spair,FF,8.0
snapshots/pointodyssey_steps100_pretrainedFalse_freezeFalse_2025_12_11_00_21,pointodyssey_steps100_pretrainedFalse_freezeFalse_2025_12_11_00_21,pointodyssey,steps,100,False,False,2025_12_11_00_21,tss,5000,72371.6,14.47432,5,0.005454058848063383,0.300341725744685,0.699658274255315,5.0,,,,,,,,,,0.4403209416696909,0.2677039344736122,0.7322960655263878,5.0,,,,,,,,,,,,,,,,,,,,,,,0.5092334151268005,0.0219660066068172,,,,,,,,,,,,,,,,,,,,,,,,,,,,,-5.205926218196942,-0.8456711240038567,0.8456711240038567,-0.2398596354086875,-1.0063032455483736,1.0063032455483736,,,,3.624926666666667,10.849393333333333,spair,FF,11.0
snapshots/pointodyssey_steps100_pretrainedFalse_freezeFalse_2025_12_12_23_46,pointodyssey_steps100_pretrainedFalse_freezeFalse_2025_12_12_23_46,pointodyssey,steps,100,False,False,2025_12_12_23_46,flyingthings,5000,300564.85,60.11297,5,0.012189436081121293,0.5100376104772721,0.48996238952272786,5.0,,,,,,,,,,0.4189200662664006,0.20625763338247083,0.7937423666175292,5.0,,,,,,,,,,,,,,,,,,,,,,,0.4751833975315094,0.0273881591856479,,,,,,,,,,,,,,,,,,,,,,,,,,,,,-4.394921260794245,0.04015583695042488,-0.04015583695042492,-0.3272081978757767,-1.347632898431676,1.347632898431676,,,,2.08833,58.02464,spair,FF,14.0
snapshots/pointodyssey_steps100_pretrainedFalse_freezeFalse_2025_12_12_23_46,pointodyssey_steps100_pretrainedFalse_freezeFalse_2025_12_12_23_46,pointodyssey,steps,100,False,False,2025_12_12_23_46,kitti2012,5000,328431.4,65.68628000000001,5,0.04687170618932417,0.11936656071074785,0.8806334392892522,5.0,,,,,,,,,,0.40185831739487404,0.1191476933316684,0.8808523066683316,5.0,,,,,,,,,,,,,,,,,,,,,,,0.893591046333313,0.0534613877534866,,,,,,,,,,,,,,,,,,,,,,,,,,,,,-3.0123353017305883,-1.9984423652170613,1.9984423652170615,-0.3977280711165043,-2.000526125061898,2.0005261250618975,,,,4.8632566666666674,60.823023333333346,spair,FF,14.0
snapshots/pointodyssey_steps100_pretrainedFalse_freezeFalse_2025_12_12_23_46,pointodyssey_steps100_pretrainedFalse_freezeFalse_2025_12_12_23_46,pointodyssey,steps,100,False,False,2025_12_12_23_46,kitti2015,5000,331513.7,66.30274,5,,,,,,,,,,,,,,,,,,,,,,,,,,,,,,,,,,,,,,,,0.8558209538459778,0.0613356865942478,,,,,,,,,,,,,,,,,,,,,,,,,,,,,,,,,,,,,,6.796363333333333,59.50637666666667,spair,FF,14.0
snapshots/pointodyssey_steps100_pretrainedFalse_freezeFalse_2025_12_12_23_46,pointodyssey_steps100_pretrainedFalse_freezeFalse_2025_12_12_23_46,pointodyssey,steps,100,False,False,2025_12_12_23_46,middlebury,5000,207275.25,41.45505,5,0.015493764847799041,0.18766674916816575,0.8123332508318343,5.0,,,,,,,,,,0.3926271500098252,0.30544080935561974,0.6945591906443802,5.0,,,,,,,,,,,,,,,,,,,,,,,0.4463323354721069,0.0403476022183895,,,,,,,,,,,,,,,,,,,,,,,,,,,,,-4.151702556267927,-1.4652428843072436,1.4652428843072436,-0.43628241904870574,-0.8215213764961704,0.8215213764961703,,,,1.9837666666666667,39.47128333333333,spair,FF,17.0
snapshots/pointodyssey_steps100_pretrainedFalse_freezeFalse_2025_12_12_23_46,pointodyssey_steps100_pretrainedFalse_freezeFalse_2025_12_12_23_46,pointodyssey,steps,100,False,False,2025_12_12_23_46,pfpascal,5000,31813.549999999996,6.362709999999999,5,0.002873697820263697,0.3324751894303696,0.6675248105696304,5.0,,,,,,,,,,0.4416786759834396,0.1556891147664343,0.8443108852335657,5.0,,,,,,,,,,,,,,,,,,,,,,,0.4667659103870392,0.0319551676511764,,,,,,,,,,,,,,,,,,,,,,,,,,,,,-5.849277804602336,-0.6970113199190437,0.6970113199190437,-0.23435200584721178,-1.6906596093934014,1.6906596093934012,,,,1.9410966666666667,4.421613333333332,spair,FF,10.0
snapshots/pointodyssey_steps100_pretrainedFalse_freezeFalse_2025_12_12_23_46,pointodyssey_steps100_pretrainedFalse_freezeFalse_2025_12_12_23_46,pointodyssey,steps,100,False,False,2025_12_12_23_46,pfwillow,5000,39622.24999999999,7.924449999999998,5,0.004762380984234548,0.2334811724980145,0.7665188275019855,5.0,,,,,,,,,,0.4264131256152426,0.12834065080159285,0.8716593491984072,5.0,,,,,,,,,,,,,,,,,,,,,,,0.4569005370140075,0.0511359572410583,,,,,,,,,,,,,,,,,,,,,,,,,,,,,-5.342233771774872,-1.1887578188033723,1.1887578188033723,-0.29650075137424076,-1.9157106297672837,1.9157106297672837,,,,3.3644433333333335,4.5600066666666645,spair,FF,10.0
snapshots/pointodyssey_steps100_pretrainedFalse_freezeFalse_2025_12_12_23_46,pointodyssey_steps100_pretrainedFalse_freezeFalse_2025_12_12_23_46,pointodyssey,steps,100,False,False,2025_12_12_23_46,pointodyssey,5000,98539.5,19.7079,5,0.10715245758486333,0.18830633185033918,0.8116936681496608,5.0,,,,,,,,,,0.31437955697384834,0.36621347509681856,0.6337865249031814,5.0,,,,,,,,,,,,,,,,,,,,,,,0.1938934177160263,0.046952798962593,,,,,,,,,,,,,,,,,,,,,,,,,,,,,-2.1201631835360546,-1.4610529515158113,1.4610529515158115,-0.779723148461925,-0.5484957575678671,0.5484957575678671,,,,2.2678866666666666,17.440013333333333,spair,FF,10.0
snapshots/pointodyssey_steps100_pretrainedFalse_freezeFalse_2025_12_12_23_46,pointodyssey_steps100_pretrainedFalse_freezeFalse_2025_12_12_23_46,pointodyssey,steps,100,False,False,2025_12_12_23_46,spair,5000,10729.45,2.14589,5,0.0005703526500719621,0.21581575034459238,0.7841842496554077,5.0,,,,,,,,,,0.4696574244779277,0.14674974089102635,0.8532502591089737,5.0,,,,,,,,,,,,,,,,,,,,,,,0.6135705709457397,0.0213044993579387,,,,,,,,,,,,,,,,,,,,,,,,,,,,,-7.468685188742139,-1.2902189690527284,1.2902189690527288,-0.1215196217998952,-1.7603241984019908,1.760324198401991,,,,2.0635033333333332,0.08238666666666683,spair,FF,9.0
snapshots/pointodyssey_steps100_pretrainedFalse_freezeFalse_2025_12_12_23_46,pointodyssey_steps100_pretrainedFalse_freezeFalse_2025_12_12_23_46,pointodyssey,steps,100,False,False,2025_12_12_23_46,synthetic,5000,59511.950000000004,11.90239,5,,,,,,,,,,,,,,,,,,,,,,,,,,,,,,,,,,,,,,,,0.4712628424167633,0.0809568464756012,,,,,,,,,,,,,,,,,,,,,,,,,,,,,,,,,,,,,,2.400183333333333,9.502206666666668,spair,FF,9.0
snapshots/pointodyssey_steps100_pretrainedFalse_freezeFalse_2025_12_12_23_46,pointodyssey_steps100_pretrainedFalse_freezeFalse_2025_12_12_23_46,pointodyssey,steps,100,False,False,2025_12_12_23_46,tss,5000,76301.75,15.26035,5,0.005454058848063383,0.300341725744685,0.699658274255315,5.0,,,,,,,,,,0.4403209416696909,0.2677039344736122,0.7322960655263878,5.0,,,,,,,,,,,,,,,,,,,,,,,0.5092334151268005,0.0219660066068172,,,,,,,,,,,,,,,,,,,,,,,,,,,,,-5.205926218196942,-0.8456711240038567,0.8456711240038567,-0.2398596354086875,-1.0063032455483736,1.0063032455483736,,,,3.624926666666667,11.635423333333334,spair,FF,12.0
snapshots/pointodyssey_steps100_pretrainedTrue_freezeFalse_2025_12_11_00_21,pointodyssey_steps100_pretrainedTrue_freezeFalse_2025_12_11_00_21,pointodyssey,steps,100,True,False,2025_12_11_00_21,flyingthings,5000,336081.4,67.21628,5,0.012189436081121293,0.5100376104772721,0.48996238952272786,5.0,,,,,,,,,,0.4189200662664006,0.20625763338247083,0.7937423666175292,5.0,,,,,,,,,,,,,,,,,,,,,,,0.4751833975315094,0.0273881591856479,,,,,,,,,,,,,,,,,,,,,,,,,,,,,-4.394921260794245,0.04015583695042488,-0.04015583695042492,-0.3272081978757767,-1.347632898431676,1.347632898431676,,,,48.23252,18.983759999999997,spair,TF,10.0
snapshots/pointodyssey_steps100_pretrainedTrue_freezeFalse_2025_12_11_00_21,pointodyssey_steps100_pretrainedTrue_freezeFalse_2025_12_11_00_21,pointodyssey,steps,100,True,False,2025_12_11_00_21,kitti2012,5000,378099.1,75.61981999999999,5,0.04687170618932417,0.11936656071074785,0.8806334392892522,5.0,,,,,,,,,,0.40185831739487404,0.1191476933316684,0.8808523066683316,5.0,,,,,,,,,,,,,,,,,,,,,,,0.893591046333313,0.0534613877534866,,,,,,,,,,,,,,,,,,,,,,,,,,,,,-3.0123353017305883,-1.9984423652170613,1.9984423652170615,-0.3977280711165043,-2.000526125061898,2.0005261250618975,,,,59.49418666666667,16.12563333333332,spair,TF,11.0
snapshots/pointodyssey_steps100_pretrainedTrue_freezeFalse_2025_12_11_00_21,pointodyssey_steps100_pretrainedTrue_freezeFalse_2025_12_11_00_21,pointodyssey,steps,100,True,False,2025_12_11_00_21,kitti2015,5000,377239.04999999993,75.44780999999999,5,,,,,,,,,,,,,,,,,,,,,,,,,,,,,,,,,,,,,,,,0.8558209538459778,0.0613356865942478,,,,,,,,,,,,,,,,,,,,,,,,,,,,,,,,,,,,,,62.48625333333334,12.961556666666652,spair,TF,11.0
snapshots/pointodyssey_steps100_pretrainedTrue_freezeFalse_2025_12_11_00_21,pointodyssey_steps100_pretrainedTrue_freezeFalse_2025_12_11_00_21,pointodyssey,steps,100,True,False,2025_12_11_00_21,middlebury,5000,214391.19999999998,42.87824,5,0.015493764847799041,0.18766674916816575,0.8123332508318343,5.0,,,,,,,,,,0.3926271500098252,0.30544080935561974,0.6945591906443802,5.0,,,,,,,,,,,,,,,,,,,,,,,0.4463323354721069,0.0403476022183895,,,,,,,,,,,,,,,,,,,,,,,,,,,,,-4.151702556267927,-1.4652428843072436,1.4652428843072436,-0.43628241904870574,-0.8215213764961704,0.8215213764961703,,,,34.53024666666666,8.347993333333335,spair,TF,20.0
snapshots/pointodyssey_steps100_pretrainedTrue_freezeFalse_2025_12_11_00_21,pointodyssey_steps100_pretrainedTrue_freezeFalse_2025_12_11_00_21,pointodyssey,steps,100,True,False,2025_12_11_00_21,pfpascal,5000,126848.65,25.36973,5,0.002873697820263697,0.3324751894303696,0.6675248105696304,5.0,,,,,,,,,,0.4416786759834396,0.1556891147664343,0.8443108852335657,5.0,,,,,,,,,,,,,,,,,,,,,,,0.4667659103870392,0.0319551676511764,,,,,,,,,,,,,,,,,,,,,,,,,,,,,-5.849277804602336,-0.6970113199190437,0.6970113199190437,-0.23435200584721178,-1.6906596093934014,1.6906596093934012,,,,23.19225,2.177479999999999,spair,TF,10.0
snapshots/pointodyssey_steps100_pretrainedTrue_freezeFalse_2025_12_11_00_21,pointodyssey_steps100_pretrainedTrue_freezeFalse_2025_12_11_00_21,pointodyssey,steps,100,True,False,2025_12_11_00_21,pfwillow,5000,142144.4,28.42888,5,0.004762380984234548,0.2334811724980145,0.7665188275019855,5.0,,,,,,,,,,0.4264131256152426,0.12834065080159285,0.8716593491984072,5.0,,,,,,,,,,,,,,,,,,,,,,,0.4569005370140075,0.0511359572410583,,,,,,,,,,,,,,,,,,,,,,,,,,,,,-5.342233771774872,-1.1887578188033723,1.1887578188033723,-0.29650075137424076,-1.9157106297672837,1.9157106297672837,,,,27.67815333333333,0.7507266666666688,spair,TF,10.0
snapshots/pointodyssey_steps100_pretrainedTrue_freezeFalse_2025_12_11_00_21,pointodyssey_steps100_pretrainedTrue_freezeFalse_2025_12_11_00_21,pointodyssey,steps,100,True,False,2025_12_11_00_21,pointodyssey,5000,130346.1,26.06922,5,0.10715245758486333,0.18830633185033918,0.8116936681496608,5.0,,,,,,,,,,0.31437955697384834,0.36621347509681856,0.6337865249031814,5.0,,,,,,,,,,,,,,,,,,,,,,,0.1938934177160263,0.046952798962593,,,,,,,,,,,,,,,,,,,,,,,,,,,,,-2.1201631835360546,-1.4610529515158113,1.4610529515158115,-0.779723148461925,-0.5484957575678671,0.5484957575678671,,,,24.839123333333333,1.2300966666666682,spair,TF,9.0
snapshots/pointodyssey_steps100_pretrainedTrue_freezeFalse_2025_12_11_00_21,pointodyssey_steps100_pretrainedTrue_freezeFalse_2025_12_11_00_21,pointodyssey,steps,100,True,False,2025_12_11_00_21,spair,5000,58347.1,11.66942,5,0.0005703526500719621,0.21581575034459238,0.7841842496554077,5.0,,,,,,,,,,0.4696574244779277,0.14674974089102635,0.8532502591089737,5.0,,,,,,,,,,,,,,,,,,,,,,,0.6135705709457397,0.0213044993579387,,,,,,,,,,,,,,,,,,,,,,,,,,,,,-7.468685188742139,-1.2902189690527284,1.2902189690527288,-0.1215196217998952,-1.7603241984019908,1.760324198401991,,,,16.234553333333334,-4.565133333333334,spair,TF,8.0
snapshots/pointodyssey_steps100_pretrainedTrue_freezeFalse_2025_12_11_00_21,pointodyssey_steps100_pretrainedTrue_freezeFalse_2025_12_11_00_21,pointodyssey,steps,100,True,False,2025_12_11_00_21,synthetic,5000,134361.2,26.87224,5,,,,,,,,,,,,,,,,,,,,,,,,,,,,,,,,,,,,,,,,0.4712628424167633,0.0809568464756012,,,,,,,,,,,,,,,,,,,,,,,,,,,,,,,,,,,,,,25.490916666666667,1.3813233333333343,spair,TF,6.0
snapshots/pointodyssey_steps100_pretrainedTrue_freezeFalse_2025_12_11_00_21,pointodyssey_steps100_pretrainedTrue_freezeFalse_2025_12_11_00_21,pointodyssey,steps,100,True,False,2025_12_11_00_21,tss,5000,224271.75,44.85435,5,0.005454058848063383,0.300341725744685,0.699658274255315,5.0,,,,,,,,,,0.4403209416696909,0.2677039344736122,0.7322960655263878,5.0,,,,,,,,,,,,,,,,,,,,,,,0.5092334151268005,0.0219660066068172,,,,,,,,,,,,,,,,,,,,,,,,,,,,,-5.205926218196942,-0.8456711240038567,0.8456711240038567,-0.2398596354086875,-1.0063032455483736,1.0063032455483736,,,,39.87302333333333,4.981326666666668,spair,TF,10.0
snapshots/pointodyssey_steps100_pretrainedTrue_freezeFalse_2025_12_12_23_45,pointodyssey_steps100_pretrainedTrue_freezeFalse_2025_12_12_23_45,pointodyssey,steps,100,True,False,2025_12_12_23_45,flyingthings,5000,304056.2,60.811240000000005,5,0.012189436081121293,0.5100376104772721,0.48996238952272786,5.0,,,,,,,,,,0.4189200662664006,0.20625763338247083,0.7937423666175292,5.0,,,,,,,,,,,,,,,,,,,,,,,0.4751833975315094,0.0273881591856479,,,,,,,,,,,,,,,,,,,,,,,,,,,,,-4.394921260794245,0.04015583695042488,-0.04015583695042492,-0.3272081978757767,-1.347632898431676,1.347632898431676,,,,48.23252,12.578720000000004,spair,TF,8.0
snapshots/pointodyssey_steps100_pretrainedTrue_freezeFalse_2025_12_12_23_45,pointodyssey_steps100_pretrainedTrue_freezeFalse_2025_12_12_23_45,pointodyssey,steps,100,True,False,2025_12_12_23_45,kitti2012,5000,332594.3,66.51886,5,0.04687170618932417,0.11936656071074785,0.8806334392892522,5.0,,,,,,,,,,0.40185831739487404,0.1191476933316684,0.8808523066683316,5.0,,,,,,,,,,,,,,,,,,,,,,,0.893591046333313,0.0534613877534866,,,,,,,,,,,,,,,,,,,,,,,,,,,,,-3.0123353017305883,-1.9984423652170613,1.9984423652170615,-0.3977280711165043,-2.000526125061898,2.0005261250618975,,,,59.49418666666667,7.024673333333332,spair,TF,8.0
snapshots/pointodyssey_steps100_pretrainedTrue_freezeFalse_2025_12_12_23_45,pointodyssey_steps100_pretrainedTrue_freezeFalse_2025_12_12_23_45,pointodyssey,steps,100,True,False,2025_12_12_23_45,kitti2015,5000,357477.8,71.49556,5,,,,,,,,,,,,,,,,,,,,,,,,,,,,,,,,,,,,,,,,0.8558209538459778,0.0613356865942478,,,,,,,,,,,,,,,,,,,,,,,,,,,,,,,,,,,,,,62.48625333333334,9.00930666666666,spair,TF,8.0
snapshots/pointodyssey_steps100_pretrainedTrue_freezeFalse_2025_12_12_23_45,pointodyssey_steps100_pretrainedTrue_freezeFalse_2025_12_12_23_45,pointodyssey,steps,100,True,False,2025_12_12_23_45,middlebury,5000,206192.45,41.238490000000006,5,0.015493764847799041,0.18766674916816575,0.8123332508318343,5.0,,,,,,,,,,0.3926271500098252,0.30544080935561974,0.6945591906443802,5.0,,,,,,,,,,,,,,,,,,,,,,,0.4463323354721069,0.0403476022183895,,,,,,,,,,,,,,,,,,,,,,,,,,,,,-4.151702556267927,-1.4652428843072436,1.4652428843072436,-0.43628241904870574,-0.8215213764961704,0.8215213764961703,,,,34.53024666666666,6.708243333333343,spair,TF,8.0
snapshots/pointodyssey_steps100_pretrainedTrue_freezeFalse_2025_12_12_23_45,pointodyssey_steps100_pretrainedTrue_freezeFalse_2025_12_12_23_45,pointodyssey,steps,100,True,False,2025_12_12_23_45,pfpascal,5000,90199.65000000001,18.039930000000002,5,0.002873697820263697,0.3324751894303696,0.6675248105696304,5.0,,,,,,,,,,0.4416786759834396,0.1556891147664343,0.8443108852335657,5.0,,,,,,,,,,,,,,,,,,,,,,,0.4667659103870392,0.0319551676511764,,,,,,,,,,,,,,,,,,,,,,,,,,,,,-5.849277804602336,-0.6970113199190437,0.6970113199190437,-0.23435200584721178,-1.6906596093934014,1.6906596093934012,,,,23.19225,-5.15232,spair,TF,4.0
snapshots/pointodyssey_steps100_pretrainedTrue_freezeFalse_2025_12_12_23_45,pointodyssey_steps100_pretrainedTrue_freezeFalse_2025_12_12_23_45,pointodyssey,steps,100,True,False,2025_12_12_23_45,pfwillow,5000,109877.8,21.97556,5,0.004762380984234548,0.2334811724980145,0.7665188275019855,5.0,,,,,,,,,,0.4264131256152426,0.12834065080159285,0.8716593491984072,5.0,,,,,,,,,,,,,,,,,,,,,,,0.4569005370140075,0.0511359572410583,,,,,,,,,,,,,,,,,,,,,,,,,,,,,-5.342233771774872,-1.1887578188033723,1.1887578188033723,-0.29650075137424076,-1.9157106297672837,1.9157106297672837,,,,27.67815333333333,-5.702593333333329,spair,TF,5.0
snapshots/pointodyssey_steps100_pretrainedTrue_freezeFalse_2025_12_12_23_45,pointodyssey_steps100_pretrainedTrue_freezeFalse_2025_12_12_23_45,pointodyssey,steps,100,True,False,2025_12_12_23_45,pointodyssey,5000,115114.75,23.02295,5,0.10715245758486333,0.18830633185033918,0.8116936681496608,5.0,,,,,,,,,,0.31437955697384834,0.36621347509681856,0.6337865249031814,5.0,,,,,,,,,,,,,,,,,,,,,,,0.1938934177160263,0.046952798962593,,,,,,,,,,,,,,,,,,,,,,,,,,,,,-2.1201631835360546,-1.4610529515158113,1.4610529515158115,-0.779723148461925,-0.5484957575678671,0.5484957575678671,,,,24.839123333333333,-1.8161733333333316,spair,TF,5.0
snapshots/pointodyssey_steps100_pretrainedTrue_freezeFalse_2025_12_12_23_45,pointodyssey_steps100_pretrainedTrue_freezeFalse_2025_12_12_23_45,pointodyssey,steps,100,True,False,2025_12_12_23_45,spair,5000,43150.65,8.63013,5,0.0005703526500719621,0.21581575034459238,0.7841842496554077,5.0,,,,,,,,,,0.4696574244779277,0.14674974089102635,0.8532502591089737,5.0,,,,,,,,,,,,,,,,,,,,,,,0.6135705709457397,0.0213044993579387,,,,,,,,,,,,,,,,,,,,,,,,,,,,,-7.468685188742139,-1.2902189690527284,1.2902189690527288,-0.1215196217998952,-1.7603241984019908,1.760324198401991,,,,16.234553333333334,-7.604423333333335,spair,TF,3.0
snapshots/pointodyssey_steps100_pretrainedTrue_freezeFalse_2025_12_12_23_45,pointodyssey_steps100_pretrainedTrue_freezeFalse_2025_12_12_23_45,pointodyssey,steps,100,True,False,2025_12_12_23_45,synthetic,5000,96783.05000000002,19.356610000000003,5,,,,,,,,,,,,,,,,,,,,,,,,,,,,,,,,,,,,,,,,0.4712628424167633,0.0809568464756012,,,,,,,,,,,,,,,,,,,,,,,,,,,,,,,,,,,,,,25.490916666666667,-6.134306666666664,spair,TF,1.0
snapshots/pointodyssey_steps100_pretrainedTrue_freezeFalse_2025_12_12_23_45,pointodyssey_steps100_pretrainedTrue_freezeFalse_2025_12_12_23_45,pointodyssey,steps,100,True,False,2025_12_12_23_45,tss,5000,177075.75,35.41515,5,0.005454058848063383,0.300341725744685,0.699658274255315,5.0,,,,,,,,,,0.4403209416696909,0.2677039344736122,0.7322960655263878,5.0,,,,,,,,,,,,,,,,,,,,,,,0.5092334151268005,0.0219660066068172,,,,,,,,,,,,,,,,,,,,,,,,,,,,,-5.205926218196942,-0.8456711240038567,0.8456711240038567,-0.2398596354086875,-1.0063032455483736,1.0063032455483736,,,,39.87302333333333,-4.457873333333332,spair,TF,6.0
snapshots/pointodyssey_steps100_pretrainedTrue_freezeTrue_2025_12_11_00_21,pointodyssey_steps100_pretrainedTrue_freezeTrue_2025_12_11_00_21,pointodyssey,steps,100,True,True,2025_12_11_00_21,flyingthings,5000,337347.85000000003,67.46957,5,0.012189436081121293,0.5100376104772721,0.48996238952272786,5.0,,,,,,,,,,0.4189200662664006,0.20625763338247083,0.7937423666175292,5.0,,,,,,,,,,,,,,,,,,,,,,,0.4751833975315094,0.0273881591856479,,,,,,,,,,,,,,,,,,,,,,,,,,,,,-4.394921260794245,0.04015583695042488,-0.04015583695042492,-0.3272081978757767,-1.347632898431676,1.347632898431676,,,,53.90556,13.564010000000003,spair,TT,10.0
snapshots/pointodyssey_steps100_pretrainedTrue_freezeTrue_2025_12_11_00_21,pointodyssey_steps100_pretrainedTrue_freezeTrue_2025_12_11_00_21,pointodyssey,steps,100,True,True,2025_12_11_00_21,kitti2012,5000,380216.05000000005,76.04321000000002,5,0.04687170618932417,0.11936656071074785,0.8806334392892522,5.0,,,,,,,,,,0.40185831739487404,0.1191476933316684,0.8808523066683316,5.0,,,,,,,,,,,,,,,,,,,,,,,0.893591046333313,0.0534613877534866,,,,,,,,,,,,,,,,,,,,,,,,,,,,,-3.0123353017305883,-1.9984423652170613,1.9984423652170615,-0.3977280711165043,-2.000526125061898,2.0005261250618975,,,,64.06846666666667,11.97474333333335,spair,TT,11.0
snapshots/pointodyssey_steps100_pretrainedTrue_freezeTrue_2025_12_11_00_21,pointodyssey_steps100_pretrainedTrue_freezeTrue_2025_12_11_00_21,pointodyssey,steps,100,True,True,2025_12_11_00_21,kitti2015,5000,379056.64999999997,75.81133,5,,,,,,,,,,,,,,,,,,,,,,,,,,,,,,,,,,,,,,,,0.8558209538459778,0.0613356865942478,,,,,,,,,,,,,,,,,,,,,,,,,,,,,,,,,,,,,,65.10567999999999,10.705650000000006,spair,TT,14.0
snapshots/pointodyssey_steps100_pretrainedTrue_freezeTrue_2025_12_11_00_21,pointodyssey_steps100_pretrainedTrue_freezeTrue_2025_12_11_00_21,pointodyssey,steps,100,True,True,2025_12_11_00_21,middlebury,5000,215656.95,43.13139,5,0.015493764847799041,0.18766674916816575,0.8123332508318343,5.0,,,,,,,,,,0.3926271500098252,0.30544080935561974,0.6945591906443802,5.0,,,,,,,,,,,,,,,,,,,,,,,0.4463323354721069,0.0403476022183895,,,,,,,,,,,,,,,,,,,,,,,,,,,,,-4.151702556267927,-1.4652428843072436,1.4652428843072436,-0.43628241904870574,-0.8215213764961704,0.8215213764961703,,,,37.7005,5.430890000000005,spair,TT,21.0
snapshots/pointodyssey_steps100_pretrainedTrue_freezeTrue_2025_12_11_00_21,pointodyssey_steps100_pretrainedTrue_freezeTrue_2025_12_11_00_21,pointodyssey,steps,100,True,True,2025_12_11_00_21,pfpascal,5000,123183.35,24.636670000000002,5,0.002873697820263697,0.3324751894303696,0.6675248105696304,5.0,,,,,,,,,,0.4416786759834396,0.1556891147664343,0.8443108852335657,5.0,,,,,,,,,,,,,,,,,,,,,,,0.4667659103870392,0.0319551676511764,,,,,,,,,,,,,,,,,,,,,,,,,,,,,-5.849277804602336,-0.6970113199190437,0.6970113199190437,-0.23435200584721178,-1.6906596093934014,1.6906596093934012,,,,27.819223333333337,-3.1825533333333347,spair,TT,7.0
snapshots/pointodyssey_steps100_pretrainedTrue_freezeTrue_2025_12_11_00_21,pointodyssey_steps100_pretrainedTrue_freezeTrue_2025_12_11_00_21,pointodyssey,steps,100,True,True,2025_12_11_00_21,pfwillow,5000,131683.35,26.33667,5,0.004762380984234548,0.2334811724980145,0.7665188275019855,5.0,,,,,,,,,,0.4264131256152426,0.12834065080159285,0.8716593491984072,5.0,,,,,,,,,,,,,,,,,,,,,,,0.4569005370140075,0.0511359572410583,,,,,,,,,,,,,,,,,,,,,,,,,,,,,-5.342233771774872,-1.1887578188033723,1.1887578188033723,-0.29650075137424076,-1.9157106297672837,1.9157106297672837,,,,32.30222,-5.965549999999997,spair,TT,9.0
snapshots/pointodyssey_steps100_pretrainedTrue_freezeTrue_2025_12_11_00_21,pointodyssey_steps100_pretrainedTrue_freezeTrue_2025_12_11_00_21,pointodyssey,steps,100,True,True,2025_12_11_00_21,pointodyssey,5000,152033.35,30.406670000000002,5,0.10715245758486333,0.18830633185033918,0.8116936681496608,5.0,,,,,,,,,,0.31437955697384834,0.36621347509681856,0.6337865249031814,5.0,,,,,,,,,,,,,,,,,,,,,,,0.1938934177160263,0.046952798962593,,,,,,,,,,,,,,,,,,,,,,,,,,,,,-2.1201631835360546,-1.4610529515158113,1.4610529515158115,-0.779723148461925,-0.5484957575678671,0.5484957575678671,,,,24.515383333333332,5.8912866666666694,spair,TT,10.0
snapshots/pointodyssey_steps100_pretrainedTrue_freezeTrue_2025_12_11_00_21,pointodyssey_steps100_pretrainedTrue_freezeTrue_2025_12_11_00_21,pointodyssey,steps,100,True,True,2025_12_11_00_21,spair,5000,60128.3,12.02566,5,0.0005703526500719621,0.21581575034459238,0.7841842496554077,5.0,,,,,,,,,,0.4696574244779277,0.14674974089102635,0.8532502591089737,5.0,,,,,,,,,,,,,,,,,,,,,,,0.6135705709457397,0.0213044993579387,,,,,,,,,,,,,,,,,,,,,,,,,,,,,-7.468685188742139,-1.2902189690527284,1.2902189690527288,-0.1215196217998952,-1.7603241984019908,1.760324198401991,,,,19.357693333333334,-7.332033333333333,spair,TT,8.0
snapshots/pointodyssey_steps100_pretrainedTrue_freezeTrue_2025_12_11_00_21,pointodyssey_steps100_pretrainedTrue_freezeTrue_2025_12_11_00_21,pointodyssey,steps,100,True,True,2025_12_11_00_21,synthetic,5000,126781.5,25.3563,5,,,,,,,,,,,,,,,,,,,,,,,,,,,,,,,,,,,,,,,,0.4712628424167633,0.0809568464756012,,,,,,,,,,,,,,,,,,,,,,,,,,,,,,,,,,,,,,29.962760000000003,-4.606460000000002,spair,TT,6.0
snapshots/pointodyssey_steps100_pretrainedTrue_freezeTrue_2025_12_11_00_21,pointodyssey_steps100_pretrainedTrue_freezeTrue_2025_12_11_00_21,pointodyssey,steps,100,True,True,2025_12_11_00_21,tss,5000,206886.05,41.37721,5,0.005454058848063383,0.300341725744685,0.699658274255315,5.0,,,,,,,,,,0.4403209416696909,0.2677039344736122,0.7322960655263878,5.0,,,,,,,,,,,,,,,,,,,,,,,0.5092334151268005,0.0219660066068172,,,,,,,,,,,,,,,,,,,,,,,,,,,,,-5.205926218196942,-0.8456711240038567,0.8456711240038567,-0.2398596354086875,-1.0063032455483736,1.0063032455483736,,,,43.74900333333333,-2.371793333333329,spair,TT,7.0
snapshots/pointodyssey_steps100_pretrainedTrue_freezeTrue_2025_12_12_23_45,pointodyssey_steps100_pretrainedTrue_freezeTrue_2025_12_12_23_45,pointodyssey,steps,100,True,True,2025_12_12_23_45,flyingthings,5000,306208.35000000003,61.241670000000006,5,0.012189436081121293,0.5100376104772721,0.48996238952272786,5.0,,,,,,,,,,0.4189200662664006,0.20625763338247083,0.7937423666175292,5.0,,,,,,,,,,,,,,,,,,,,,,,0.4751833975315094,0.0273881591856479,,,,,,,,,,,,,,,,,,,,,,,,,,,,,-4.394921260794245,0.04015583695042488,-0.04015583695042492,-0.3272081978757767,-1.347632898431676,1.347632898431676,,,,53.90556,7.336110000000005,spair,TT,9.0
snapshots/pointodyssey_steps100_pretrainedTrue_freezeTrue_2025_12_12_23_45,pointodyssey_steps100_pretrainedTrue_freezeTrue_2025_12_12_23_45,pointodyssey,steps,100,True,True,2025_12_12_23_45,kitti2012,5000,372251.95,74.45039,5,0.04687170618932417,0.11936656071074785,0.8806334392892522,5.0,,,,,,,,,,0.40185831739487404,0.1191476933316684,0.8808523066683316,5.0,,,,,,,,,,,,,,,,,,,,,,,0.893591046333313,0.0534613877534866,,,,,,,,,,,,,,,,,,,,,,,,,,,,,-3.0123353017305883,-1.9984423652170613,1.9984423652170615,-0.3977280711165043,-2.000526125061898,2.0005261250618975,,,,64.06846666666667,10.381923333333333,spair,TT,9.0
snapshots/pointodyssey_steps100_pretrainedTrue_freezeTrue_2025_12_12_23_45,pointodyssey_steps100_pretrainedTrue_freezeTrue_2025_12_12_23_45,pointodyssey,steps,100,True,True,2025_12_12_23_45,kitti2015,5000,375308.44999999995,75.06168999999998,5,,,,,,,,,,,,,,,,,,,,,,,,,,,,,,,,,,,,,,,,0.8558209538459778,0.0613356865942478,,,,,,,,,,,,,,,,,,,,,,,,,,,,,,,,,,,,,,65.10567999999999,9.956009999999992,spair,TT,9.0
snapshots/pointodyssey_steps100_pretrainedTrue_freezeTrue_2025_12_12_23_45,pointodyssey_steps100_pretrainedTrue_freezeTrue_2025_12_12_23_45,pointodyssey,steps,100,True,True,2025_12_12_23_45,middlebury,5000,207452.45,41.49049,5,0.015493764847799041,0.18766674916816575,0.8123332508318343,5.0,,,,,,,,,,0.3926271500098252,0.30544080935561974,0.6945591906443802,5.0,,,,,,,,,,,,,,,,,,,,,,,0.4463323354721069,0.0403476022183895,,,,,,,,,,,,,,,,,,,,,,,,,,,,,-4.151702556267927,-1.4652428843072436,1.4652428843072436,-0.43628241904870574,-0.8215213764961704,0.8215213764961703,,,,37.7005,3.789990000000003,spair,TT,9.0
snapshots/pointodyssey_steps100_pretrainedTrue_freezeTrue_2025_12_12_23_45,pointodyssey_steps100_pretrainedTrue_freezeTrue_2025_12_12_23_45,pointodyssey,steps,100,True,True,2025_12_12_23_45,pfpascal,5000,88619.75,17.72395,5,0.002873697820263697,0.3324751894303696,0.6675248105696304,5.0,,,,,,,,,,0.4416786759834396,0.1556891147664343,0.8443108852335657,5.0,,,,,,,,,,,,,,,,,,,,,,,0.4667659103870392,0.0319551676511764,,,,,,,,,,,,,,,,,,,,,,,,,,,,,-5.849277804602336,-0.6970113199190437,0.6970113199190437,-0.23435200584721178,-1.6906596093934014,1.6906596093934012,,,,27.819223333333337,-10.095273333333338,spair,TT,4.0
snapshots/pointodyssey_steps100_pretrainedTrue_freezeTrue_2025_12_12_23_45,pointodyssey_steps100_pretrainedTrue_freezeTrue_2025_12_12_23_45,pointodyssey,steps,100,True,True,2025_12_12_23_45,pfwillow,5000,105777.85,21.15557,5,0.004762380984234548,0.2334811724980145,0.7665188275019855,5.0,,,,,,,,,,0.4264131256152426,0.12834065080159285,0.8716593491984072,5.0,,,,,,,,,,,,,,,,,,,,,,,0.4569005370140075,0.0511359572410583,,,,,,,,,,,,,,,,,,,,,,,,,,,,,-5.342233771774872,-1.1887578188033723,1.1887578188033723,-0.29650075137424076,-1.9157106297672837,1.9157106297672837,,,,32.30222,-11.146649999999998,spair,TT,6.0
snapshots/pointodyssey_steps100_pretrainedTrue_freezeTrue_2025_12_12_23_45,pointodyssey_steps100_pretrainedTrue_freezeTrue_2025_12_12_23_45,pointodyssey,steps,100,True,True,2025_12_12_23_45,pointodyssey,5000,139435.75,27.88715,5,0.10715245758486333,0.18830633185033918,0.8116936681496608,5.0,,,,,,,,,,0.31437955697384834,0.36621347509681856,0.6337865249031814,5.0,,,,,,,,,,,,,,,,,,,,,,,0.1938934177160263,0.046952798962593,,,,,,,,,,,,,,,,,,,,,,,,,,,,,-2.1201631835360546,-1.4610529515158113,1.4610529515158115,-0.779723148461925,-0.5484957575678671,0.5484957575678671,,,,24.515383333333332,3.371766666666666,spair,TT,9.0
snapshots/pointodyssey_steps100_pretrainedTrue_freezeTrue_2025_12_12_23_45,pointodyssey_steps100_pretrainedTrue_freezeTrue_2025_12_12_23_45,pointodyssey,steps,100,True,True,2025_12_12_23_45,spair,5000,45422.549999999996,9.08451,5,0.0005703526500719621,0.21581575034459238,0.7841842496554077,5.0,,,,,,,,,,0.4696574244779277,0.14674974089102635,0.8532502591089737,5.0,,,,,,,,,,,,,,,,,,,,,,,0.6135705709457397,0.0213044993579387,,,,,,,,,,,,,,,,,,,,,,,,,,,,,-7.468685188742139,-1.2902189690527284,1.2902189690527288,-0.1215196217998952,-1.7603241984019908,1.760324198401991,,,,19.357693333333334,-10.273183333333334,spair,TT,5.0
snapshots/pointodyssey_steps100_pretrainedTrue_freezeTrue_2025_12_12_23_45,pointodyssey_steps100_pretrainedTrue_freezeTrue_2025_12_12_23_45,pointodyssey,steps,100,True,True,2025_12_12_23_45,synthetic,5000,104246.35,20.84927,5,,,,,,,,,,,,,,,,,,,,,,,,,,,,,,,,,,,,,,,,0.4712628424167633,0.0809568464756012,,,,,,,,,,,,,,,,,,,,,,,,,,,,,,,,,,,,,,29.962760000000003,-9.113490000000002,spair,TT,2.0
snapshots/pointodyssey_steps100_pretrainedTrue_freezeTrue_2025_12_12_23_45,pointodyssey_steps100_pretrainedTrue_freezeTrue_2025_12_12_23_45,pointodyssey,steps,100,True,True,2025_12_12_23_45,tss,5000,171723.30000000002,34.344660000000005,5,0.005454058848063383,0.300341725744685,0.699658274255315,5.0,,,,,,,,,,0.4403209416696909,0.2677039344736122,0.7322960655263878,5.0,,,,,,,,,,,,,,,,,,,,,,,0.5092334151268005,0.0219660066068172,,,,,,,,,,,,,,,,,,,,,,,,,,,,,-5.205926218196942,-0.8456711240038567,0.8456711240038567,-0.2398596354086875,-1.0063032455483736,1.0063032455483736,,,,43.74900333333333,-9.404343333333323,spair,TT,6.0
snapshots/sintel_logsteps100_pretrainedFalse_freezeFalse_2025_12_10_01_43,sintel_logsteps100_pretrainedFalse_freezeFalse_2025_12_10_01_43,sintel,logsteps,100,False,False,2025_12_10_01_43,flyingthings,5000,325180.0,65.036,5,0.09979679957008561,0.45768101166029557,0.5423189883397044,5.0,,,,,,,,,,0.25706545770619293,0.29092003661090965,0.7090799633890903,5.0,,,,,,,,,,,,,,,,,,,,,,,0.023011153563857,0.0159122720360755,,,,,,,,,,,,,,,,,,,,,,,,,,,,,-2.1994844017284976,-0.16968190732292512,0.16968190732292512,-1.0612771899252382,-0.8909198623824031,0.8909198623824027,,,,2.08833,62.94767,spair,FF,19.0
snapshots/sintel_logsteps100_pretrainedFalse_freezeFalse_2025_12_10_01_43,sintel_logsteps100_pretrainedFalse_freezeFalse_2025_12_10_01_43,sintel,logsteps,100,False,False,2025_12_10_01_43,kitti2012,5000,363928.55000000005,72.78571000000001,5,0.2933664359441381,0.16424525617494107,0.835754743825059,5.0,,,,,,,,,,0.2720208786591879,0.20949055307632092,0.7905094469236791,5.0,,,,,,,,,,,,,,,,,,,,,,,0.2961384654045105,0.0136684719473123,,,,,,,,,,,,,,,,,,,,,,,,,,,,,-0.8790897723369461,-1.6269744262012786,1.626974426201279,-0.984393545181973,-1.3279989615146814,1.3279989615146814,,,,4.8632566666666674,67.92245333333334,spair,FF,22.0
snapshots/sintel_logsteps100_pretrainedFalse_freezeFalse_2025_12_10_01_43,sintel_logsteps100_pretrainedFalse_freezeFalse_2025_12_10_01_43,sintel,logsteps,100,False,False,2025_12_10_01_43,kitti2015,5000,351601.75,70.32035,5,,,,,,,,,,,,,,,,,,,,,,,,,,,,,,,,,,,,,,,,0.3112633824348449,0.020901309326291,,,,,,,,,,,,,,,,,,,,,,,,,,,,,,,,,,,,,,6.796363333333333,63.52398666666667,spair,FF,20.0
snapshots/sintel_logsteps100_pretrainedFalse_freezeFalse_2025_12_10_01_43,sintel_logsteps100_pretrainedFalse_freezeFalse_2025_12_10_01_43,sintel,logsteps,100,False,False,2025_12_10_01_43,middlebury,5000,208538.30000000002,41.707660000000004,5,0.10650891090562073,0.12132354349897378,0.8786764565010262,5.0,,,,,,,,,,0.2219983044858457,0.3881287243222664,0.6118712756777336,5.0,,,,,,,,,,,,,,,,,,,,,,,0.036025196313858,0.0290282592177391,,,,,,,,,,,,,,,,,,,,,,,,,,,,,-2.126907709391428,-1.9799558583199786,1.9799558583199786,-1.2540589591081541,-0.455184878210103,0.45518487821010306,,,,1.9837666666666667,39.723893333333336,spair,FF,18.0
snapshots/sintel_logsteps100_pretrainedFalse_freezeFalse_2025_12_10_01_43,sintel_logsteps100_pretrainedFalse_freezeFalse_2025_12_10_01_43,sintel,logsteps,100,False,False,2025_12_10_01_43,pfpascal,5000,50209.34999999999,10.041869999999998,5,0.04333342345389832,0.3022717655977298,0.6977282344022702,5.0,,,,,,,,,,0.26090079318809795,0.2134567616027117,0.7865432383972883,5.0,,,,,,,,,,,,,,,,,,,,,,,0.0538107231259346,0.0411334484815597,,,,,,,,,,,,,,,,,,,,,,,,,,,,,-3.0945306843922156,-0.8365031791471624,0.8365031791471622,-1.04129192427149,-1.304213406307751,1.3042134063077513,,,,1.9410966666666667,8.100773333333331,spair,FF,15.0
snapshots/sintel_logsteps100_pretrainedFalse_freezeFalse_2025_12_10_01_43,sintel_logsteps100_pretrainedFalse_freezeFalse_2025_12_10_01_43,sintel,logsteps,100,False,False,2025_12_10_01_43,pfwillow,5000,66733.25,13.34665,5,0.050837452357402335,0.1568481997690412,0.8431518002309588,5.0,,,,,,,,,,0.24243049149521306,0.17447487494253122,0.8255251250574688,5.0,,,,,,,,,,,,,,,,,,,,,,,0.0985470116138458,0.0728993862867355,,,,,,,,,,,,,,,,,,,,,,,,,,,,,-2.926946732944026,-1.6818685560733682,1.6818685560733684,-1.1394002572951403,-1.5542389509274046,1.5542389509274046,,,,3.3644433333333335,9.982206666666666,spair,FF,19.0
snapshots/sintel_logsteps100_pretrainedFalse_freezeFalse_2025_12_10_01_43,sintel_logsteps100_pretrainedFalse_freezeFalse_2025_12_10_01_43,sintel,logsteps,100,False,False,2025_12_10_01_43,pointodyssey,5000,135520.8,27.104159999999997,5,0.37421064716112995,0.15933950842716846,0.8406604915728315,5.0,,,,,,,,,,0.13708729695873537,0.41684389190309706,0.583156108096903,5.0,,,,,,,,,,,,,,,,,,,,,,,0.1877944767475128,0.0416486635804176,,,,,,,,,,,,,,,,,,,,,,,,,,,,,-0.5141949508448539,-1.6631506834659247,1.6631506834659244,-1.8396956037642362,-0.33574312563338066,0.33574312563338077,,,,2.2678866666666666,24.83627333333333,spair,FF,15.0
snapshots/sintel_logsteps100_pretrainedFalse_freezeFalse_2025_12_10_01_43,sintel_logsteps100_pretrainedFalse_freezeFalse_2025_12_10_01_43,sintel,logsteps,100,False,False,2025_12_10_01_43,spair,5000,12916.6,2.58332,5,0.013136369740861234,0.20444686104311027,0.7955531389568897,5.0,,,,,,,,,,0.29368800909047776,0.20112683819240526,0.7988731618075947,5.0,,,,,,,,,,,,,,,,,,,,,,,0.1546157747507095,0.0449564047157764,,,,,,,,,,,,,,,,,,,,,,,,,,,,,-4.319147164533918,-1.3587295514733233,1.3587295514733235,-0.8775390430435037,-1.3792664421687162,1.379266442168716,,,,2.0635033333333332,0.5198166666666668,spair,FF,13.0
snapshots/sintel_logsteps100_pretrainedFalse_freezeFalse_2025_12_10_01_43,sintel_logsteps100_pretrainedFalse_freezeFalse_2025_12_10_01_43,sintel,logsteps,100,False,False,2025_12_10_01_43,synthetic,5000,77793.9,15.558779999999999,5,,,,,,,,,,,,,,,,,,,,,,,,,,,,,,,,,,,,,,,,0.0430427975952625,0.0679724067449569,,,,,,,,,,,,,,,,,,,,,,,,,,,,,,,,,,,,,,2.400183333333333,13.158596666666666,spair,FF,17.0
snapshots/sintel_logsteps100_pretrainedFalse_freezeFalse_2025_12_10_01_43,sintel_logsteps100_pretrainedFalse_freezeFalse_2025_12_10_01_43,sintel,logsteps,100,False,False,2025_12_10_01_43,tss,5000,110623.1,22.12462,5,0.0700250005071063,0.2621518124242335,0.7378481875757665,5.0,,,,,,,,,,0.25992287216646154,0.3384726858458901,0.6615273141541099,5.0,,,,,,,,,,,,,,,,,,,,,,,0.0947740525007247,0.0341251939535141,,,,,,,,,,,,,,,,,,,,,,,,,,,,,-2.5863053751322997,-1.0348143228616185,1.0348143228616187,-1.0463694660751244,-0.6701078765845904,0.6701078765845903,,,,3.624926666666667,18.499693333333333,spair,FF,17.0
snapshots/sintel_logsteps100_pretrainedTrue_freezeFalse_2025_12_10_01_43,sintel_logsteps100_pretrainedTrue_freezeFalse_2025_12_10_01_43,sintel,logsteps,100,True,False,2025_12_10_01_43,flyingthings,5000,357374.75,71.47495,5,0.09979679957008561,0.45768101166029557,0.5423189883397044,5.0,,,,,,,,,,0.25706545770619293,0.29092003661090965,0.7090799633890903,5.0,,,,,,,,,,,,,,,,,,,,,,,0.023011153563857,0.0159122720360755,,,,,,,,,,,,,,,,,,,,,,,,,,,,,-2.1994844017284976,-0.16968190732292512,0.16968190732292512,-1.0612771899252382,-0.8909198623824031,0.8909198623824027,,,,48.23252,23.242430000000006,spair,TF,18.0
snapshots/sintel_logsteps100_pretrainedTrue_freezeFalse_2025_12_10_01_43,sintel_logsteps100_pretrainedTrue_freezeFalse_2025_12_10_01_43,sintel,logsteps,100,True,False,2025_12_10_01_43,kitti2012,5000,391073.35,78.21467,5,0.2933664359441381,0.16424525617494107,0.835754743825059,5.0,,,,,,,,,,0.2720208786591879,0.20949055307632092,0.7905094469236791,5.0,,,,,,,,,,,,,,,,,,,,,,,0.2961384654045105,0.0136684719473123,,,,,,,,,,,,,,,,,,,,,,,,,,,,,-0.8790897723369461,-1.6269744262012786,1.626974426201279,-0.984393545181973,-1.3279989615146814,1.3279989615146814,,,,59.49418666666667,18.720483333333327,spair,TF,19.0
snapshots/sintel_logsteps100_pretrainedTrue_freezeFalse_2025_12_10_01_43,sintel_logsteps100_pretrainedTrue_freezeFalse_2025_12_10_01_43,sintel,logsteps,100,True,False,2025_12_10_01_43,kitti2015,5000,383884.65,76.77693000000001,5,,,,,,,,,,,,,,,,,,,,,,,,,,,,,,,,,,,,,,,,0.3112633824348449,0.020901309326291,,,,,,,,,,,,,,,,,,,,,,,,,,,,,,,,,,,,,,62.48625333333334,14.29067666666667,spair,TF,18.0
snapshots/sintel_logsteps100_pretrainedTrue_freezeFalse_2025_12_10_01_43,sintel_logsteps100_pretrainedTrue_freezeFalse_2025_12_10_01_43,sintel,logsteps,100,True,False,2025_12_10_01_43,middlebury,5000,212547.4,42.509479999999996,5,0.10650891090562073,0.12132354349897378,0.8786764565010262,5.0,,,,,,,,,,0.2219983044858457,0.3881287243222664,0.6118712756777336,5.0,,,,,,,,,,,,,,,,,,,,,,,0.036025196313858,0.0290282592177391,,,,,,,,,,,,,,,,,,,,,,,,,,,,,-2.126907709391428,-1.9799558583199786,1.9799558583199786,-1.2540589591081541,-0.455184878210103,0.45518487821010306,,,,34.53024666666666,7.979233333333333,spair,TF,17.0
snapshots/sintel_logsteps100_pretrainedTrue_freezeFalse_2025_12_10_01_43,sintel_logsteps100_pretrainedTrue_freezeFalse_2025_12_10_01_43,sintel,logsteps,100,True,False,2025_12_10_01_43,pfpascal,5000,166520.15,33.30403,5,0.04333342345389832,0.3022717655977298,0.6977282344022702,5.0,,,,,,,,,,0.26090079318809795,0.2134567616027117,0.7865432383972883,5.0,,,,,,,,,,,,,,,,,,,,,,,0.0538107231259346,0.0411334484815597,,,,,,,,,,,,,,,,,,,,,,,,,,,,,-3.0945306843922156,-0.8365031791471624,0.8365031791471622,-1.04129192427149,-1.304213406307751,1.3042134063077513,,,,23.19225,10.111779999999996,spair,TF,16.0
snapshots/sintel_logsteps100_pretrainedTrue_freezeFalse_2025_12_10_01_43,sintel_logsteps100_pretrainedTrue_freezeFalse_2025_12_10_01_43,sintel,logsteps,100,True,False,2025_12_10_01_43,pfwillow,5000,182922.25,36.58445,5,0.050837452357402335,0.1568481997690412,0.8431518002309588,5.0,,,,,,,,,,0.24243049149521306,0.17447487494253122,0.8255251250574688,5.0,,,,,,,,,,,,,,,,,,,,,,,0.0985470116138458,0.0728993862867355,,,,,,,,,,,,,,,,,,,,,,,,,,,,,-2.926946732944026,-1.6818685560733682,1.6818685560733684,-1.1394002572951403,-1.5542389509274046,1.5542389509274046,,,,27.67815333333333,8.906296666666666,spair,TF,15.0
snapshots/sintel_logsteps100_pretrainedTrue_freezeFalse_2025_12_10_01_43,sintel_logsteps100_pretrainedTrue_freezeFalse_2025_12_10_01_43,sintel,logsteps,100,True,False,2025_12_10_01_43,pointodyssey,5000,232146.69999999995,46.42933999999999,5,0.37421064716112995,0.15933950842716846,0.8406604915728315,5.0,,,,,,,,,,0.13708729695873537,0.41684389190309706,0.583156108096903,5.0,,,,,,,,,,,,,,,,,,,,,,,0.1877944767475128,0.0416486635804176,,,,,,,,,,,,,,,,,,,,,,,,,,,,,-0.5141949508448539,-1.6631506834659247,1.6631506834659244,-1.8396956037642362,-0.33574312563338066,0.33574312563338077,,,,24.839123333333333,21.590216666666656,spair,TF,21.0
snapshots/sintel_logsteps100_pretrainedTrue_freezeFalse_2025_12_10_01_43,sintel_logsteps100_pretrainedTrue_freezeFalse_2025_12_10_01_43,sintel,logsteps,100,True,False,2025_12_10_01_43,spair,5000,66678.45,13.33569,5,0.013136369740861234,0.20444686104311027,0.7955531389568897,5.0,,,,,,,,,,0.29368800909047776,0.20112683819240526,0.7988731618075947,5.0,,,,,,,,,,,,,,,,,,,,,,,0.1546157747507095,0.0449564047157764,,,,,,,,,,,,,,,,,,,,,,,,,,,,,-4.319147164533918,-1.3587295514733233,1.3587295514733235,-0.8775390430435037,-1.3792664421687162,1.379266442168716,,,,16.234553333333334,-2.8988633333333347,spair,TF,16.0
snapshots/sintel_logsteps100_pretrainedTrue_freezeFalse_2025_12_10_01_43,sintel_logsteps100_pretrainedTrue_freezeFalse_2025_12_10_01_43,sintel,logsteps,100,True,False,2025_12_10_01_43,synthetic,5000,156531.1,31.30622,5,,,,,,,,,,,,,,,,,,,,,,,,,,,,,,,,,,,,,,,,0.0430427975952625,0.0679724067449569,,,,,,,,,,,,,,,,,,,,,,,,,,,,,,,,,,,,,,25.490916666666667,5.815303333333333,spair,TF,13.0
snapshots/sintel_logsteps100_pretrainedTrue_freezeFalse_2025_12_10_01_43,sintel_logsteps100_pretrainedTrue_freezeFalse_2025_12_10_01_43,sintel,logsteps,100,True,False,2025_12_10_01_43,tss,5000,254948.4,50.98968,5,0.0700250005071063,0.2621518124242335,0.7378481875757665,5.0,,,,,,,,,,0.25992287216646154,0.3384726858458901,0.6615273141541099,5.0,,,,,,,,,,,,,,,,,,,,,,,0.0947740525007247,0.0341251939535141,,,,,,,,,,,,,,,,,,,,,,,,,,,,,-2.5863053751322997,-1.0348143228616185,1.0348143228616187,-1.0463694660751244,-0.6701078765845904,0.6701078765845903,,,,39.87302333333333,11.116656666666671,spair,TF,15.0
snapshots/sintel_logsteps100_pretrainedTrue_freezeTrue_2025_12_10_01_43,sintel_logsteps100_pretrainedTrue_freezeTrue_2025_12_10_01_43,sintel,logsteps,100,True,True,2025_12_10_01_43,flyingthings,5000,357179.25,71.43585,5,0.09979679957008561,0.45768101166029557,0.5423189883397044,5.0,,,,,,,,,,0.25706545770619293,0.29092003661090965,0.7090799633890903,5.0,,,,,,,,,,,,,,,,,,,,,,,0.023011153563857,0.0159122720360755,,,,,,,,,,,,,,,,,,,,,,,,,,,,,-2.1994844017284976,-0.16968190732292512,0.16968190732292512,-1.0612771899252382,-0.8909198623824031,0.8909198623824027,,,,53.90556,17.53029,spair,TT,19.0
snapshots/sintel_logsteps100_pretrainedTrue_freezeTrue_2025_12_10_01_43,sintel_logsteps100_pretrainedTrue_freezeTrue_2025_12_10_01_43,sintel,logsteps,100,True,True,2025_12_10_01_43,kitti2012,5000,390115.75,78.02315,5,0.2933664359441381,0.16424525617494107,0.835754743825059,5.0,,,,,,,,,,0.2720208786591879,0.20949055307632092,0.7905094469236791,5.0,,,,,,,,,,,,,,,,,,,,,,,0.2961384654045105,0.0136684719473123,,,,,,,,,,,,,,,,,,,,,,,,,,,,,-0.8790897723369461,-1.6269744262012786,1.626974426201279,-0.984393545181973,-1.3279989615146814,1.3279989615146814,,,,64.06846666666667,13.954683333333335,spair,TT,20.0
snapshots/sintel_logsteps100_pretrainedTrue_freezeTrue_2025_12_10_01_43,sintel_logsteps100_pretrainedTrue_freezeTrue_2025_12_10_01_43,sintel,logsteps,100,True,True,2025_12_10_01_43,kitti2015,5000,382000.8,76.40016,5,,,,,,,,,,,,,,,,,,,,,,,,,,,,,,,,,,,,,,,,0.3112633824348449,0.020901309326291,,,,,,,,,,,,,,,,,,,,,,,,,,,,,,,,,,,,,,65.10567999999999,11.294480000000007,spair,TT,18.0
snapshots/sintel_logsteps100_pretrainedTrue_freezeTrue_2025_12_10_01_43,sintel_logsteps100_pretrainedTrue_freezeTrue_2025_12_10_01_43,sintel,logsteps,100,True,True,2025_12_10_01_43,middlebury,5000,208266.05,41.653209999999994,5,0.10650891090562073,0.12132354349897378,0.8786764565010262,5.0,,,,,,,,,,0.2219983044858457,0.3881287243222664,0.6118712756777336,5.0,,,,,,,,,,,,,,,,,,,,,,,0.036025196313858,0.0290282592177391,,,,,,,,,,,,,,,,,,,,,,,,,,,,,-2.126907709391428,-1.9799558583199786,1.9799558583199786,-1.2540589591081541,-0.455184878210103,0.45518487821010306,,,,37.7005,3.952709999999996,spair,TT,10.0
snapshots/sintel_logsteps100_pretrainedTrue_freezeTrue_2025_12_10_01_43,sintel_logsteps100_pretrainedTrue_freezeTrue_2025_12_10_01_43,sintel,logsteps,100,True,True,2025_12_10_01_43,pfpascal,5000,174982.1,34.99642,5,0.04333342345389832,0.3022717655977298,0.6977282344022702,5.0,,,,,,,,,,0.26090079318809795,0.2134567616027117,0.7865432383972883,5.0,,,,,,,,,,,,,,,,,,,,,,,0.0538107231259346,0.0411334484815597,,,,,,,,,,,,,,,,,,,,,,,,,,,,,-3.0945306843922156,-0.8365031791471624,0.8365031791471622,-1.04129192427149,-1.304213406307751,1.3042134063077513,,,,27.819223333333337,7.177196666666664,spair,TT,17.0
snapshots/sintel_logsteps100_pretrainedTrue_freezeTrue_2025_12_10_01_43,sintel_logsteps100_pretrainedTrue_freezeTrue_2025_12_10_01_43,sintel,logsteps,100,True,True,2025_12_10_01_43,pfwillow,5000,194961.1,38.99222,5,0.050837452357402335,0.1568481997690412,0.8431518002309588,5.0,,,,,,,,,,0.24243049149521306,0.17447487494253122,0.8255251250574688,5.0,,,,,,,,,,,,,,,,,,,,,,,0.0985470116138458,0.0728993862867355,,,,,,,,,,,,,,,,,,,,,,,,,,,,,-2.926946732944026,-1.6818685560733682,1.6818685560733684,-1.1394002572951403,-1.5542389509274046,1.5542389509274046,,,,32.30222,6.690000000000005,spair,TT,17.0
snapshots/sintel_logsteps100_pretrainedTrue_freezeTrue_2025_12_10_01_43,sintel_logsteps100_pretrainedTrue_freezeTrue_2025_12_10_01_43,sintel,logsteps,100,True,True,2025_12_10_01_43,pointodyssey,5000,182455.9,36.49118,5,0.37421064716112995,0.15933950842716846,0.8406604915728315,5.0,,,,,,,,,,0.13708729695873537,0.41684389190309706,0.583156108096903,5.0,,,,,,,,,,,,,,,,,,,,,,,0.1877944767475128,0.0416486635804176,,,,,,,,,,,,,,,,,,,,,,,,,,,,,-0.5141949508448539,-1.6631506834659247,1.6631506834659244,-1.8396956037642362,-0.33574312563338066,0.33574312563338077,,,,24.515383333333332,11.975796666666668,spair,TT,15.0
snapshots/sintel_logsteps100_pretrainedTrue_freezeTrue_2025_12_10_01_43,sintel_logsteps100_pretrainedTrue_freezeTrue_2025_12_10_01_43,sintel,logsteps,100,True,True,2025_12_10_01_43,spair,5000,68421.45000000001,13.684290000000003,5,0.013136369740861234,0.20444686104311027,0.7955531389568897,5.0,,,,,,,,,,0.29368800909047776,0.20112683819240526,0.7988731618075947,5.0,,,,,,,,,,,,,,,,,,,,,,,0.1546157747507095,0.0449564047157764,,,,,,,,,,,,,,,,,,,,,,,,,,,,,-4.319147164533918,-1.3587295514733233,1.3587295514733235,-0.8775390430435037,-1.3792664421687162,1.379266442168716,,,,19.357693333333334,-5.673403333333331,spair,TT,13.0
snapshots/sintel_logsteps100_pretrainedTrue_freezeTrue_2025_12_10_01_43,sintel_logsteps100_pretrainedTrue_freezeTrue_2025_12_10_01_43,sintel,logsteps,100,True,True,2025_12_10_01_43,synthetic,5000,155133.14999999997,31.026629999999994,5,,,,,,,,,,,,,,,,,,,,,,,,,,,,,,,,,,,,,,,,0.0430427975952625,0.0679724067449569,,,,,,,,,,,,,,,,,,,,,,,,,,,,,,,,,,,,,,29.962760000000003,1.0638699999999908,spair,TT,14.0
snapshots/sintel_logsteps100_pretrainedTrue_freezeTrue_2025_12_10_01_43,sintel_logsteps100_pretrainedTrue_freezeTrue_2025_12_10_01_43,sintel,logsteps,100,True,True,2025_12_10_01_43,tss,5000,255510.80000000002,51.102160000000005,5,0.0700250005071063,0.2621518124242335,0.7378481875757665,5.0,,,,,,,,,,0.25992287216646154,0.3384726858458901,0.6615273141541099,5.0,,,,,,,,,,,,,,,,,,,,,,,0.0947740525007247,0.0341251939535141,,,,,,,,,,,,,,,,,,,,,,,,,,,,,-2.5863053751322997,-1.0348143228616185,1.0348143228616187,-1.0463694660751244,-0.6701078765845904,0.6701078765845903,,,,43.74900333333333,7.353156666666678,spair,TT,15.0
snapshots/sintel_steps100_pretrainedFalse_freezeFalse_2025_12_10_17_12,sintel_steps100_pretrainedFalse_freezeFalse_2025_12_10_17_12,sintel,steps,100,False,False,2025_12_10_17_12,flyingthings,5000,316365.0,63.273,5,0.09979679957008561,0.45768101166029557,0.5423189883397044,5.0,,,,,,,,,,0.25706545770619293,0.29092003661090965,0.7090799633890903,5.0,,,,,,,,,,,,,,,,,,,,,,,0.023011153563857,0.0159122720360755,,,,,,,,,,,,,,,,,,,,,,,,,,,,,-2.1994844017284976,-0.16968190732292512,0.16968190732292512,-1.0612771899252382,-0.8909198623824031,0.8909198623824027,,,,2.08833,61.184670000000004,spair,FF,17.0
snapshots/sintel_steps100_pretrainedFalse_freezeFalse_2025_12_10_17_12,sintel_steps100_pretrainedFalse_freezeFalse_2025_12_10_17_12,sintel,steps,100,False,False,2025_12_10_17_12,kitti2012,5000,351642.9,70.32858,5,0.2933664359441381,0.16424525617494107,0.835754743825059,5.0,,,,,,,,,,0.2720208786591879,0.20949055307632092,0.7905094469236791,5.0,,,,,,,,,,,,,,,,,,,,,,,0.2961384654045105,0.0136684719473123,,,,,,,,,,,,,,,,,,,,,,,,,,,,,-0.8790897723369461,-1.6269744262012786,1.626974426201279,-0.984393545181973,-1.3279989615146814,1.3279989615146814,,,,4.8632566666666674,65.46532333333333,spair,FF,18.0
snapshots/sintel_steps100_pretrainedFalse_freezeFalse_2025_12_10_17_12,sintel_steps100_pretrainedFalse_freezeFalse_2025_12_10_17_12,sintel,steps,100,False,False,2025_12_10_17_12,kitti2015,5000,342103.69999999995,68.42074,5,,,,,,,,,,,,,,,,,,,,,,,,,,,,,,,,,,,,,,,,0.3112633824348449,0.020901309326291,,,,,,,,,,,,,,,,,,,,,,,,,,,,,,,,,,,,,,6.796363333333333,61.62437666666666,spair,FF,16.0
snapshots/sintel_steps100_pretrainedFalse_freezeFalse_2025_12_10_17_12,sintel_steps100_pretrainedFalse_freezeFalse_2025_12_10_17_12,sintel,steps,100,False,False,2025_12_10_17_12,middlebury,5000,200376.09999999998,40.075219999999995,5,0.10650891090562073,0.12132354349897378,0.8786764565010262,5.0,,,,,,,,,,0.2219983044858457,0.3881287243222664,0.6118712756777336,5.0,,,,,,,,,,,,,,,,,,,,,,,0.036025196313858,0.0290282592177391,,,,,,,,,,,,,,,,,,,,,,,,,,,,,-2.126907709391428,-1.9799558583199786,1.9799558583199786,-1.2540589591081541,-0.455184878210103,0.45518487821010306,,,,1.9837666666666667,38.09145333333333,spair,FF,14.0
snapshots/sintel_steps100_pretrainedFalse_freezeFalse_2025_12_10_17_12,sintel_steps100_pretrainedFalse_freezeFalse_2025_12_10_17_12,sintel,steps,100,False,False,2025_12_10_17_12,pfpascal,5000,49278.45,9.85569,5,0.04333342345389832,0.3022717655977298,0.6977282344022702,5.0,,,,,,,,,,0.26090079318809795,0.2134567616027117,0.7865432383972883,5.0,,,,,,,,,,,,,,,,,,,,,,,0.0538107231259346,0.0411334484815597,,,,,,,,,,,,,,,,,,,,,,,,,,,,,-3.0945306843922156,-0.8365031791471624,0.8365031791471622,-1.04129192427149,-1.304213406307751,1.3042134063077513,,,,1.9410966666666667,7.9145933333333325,spair,FF,14.0
snapshots/sintel_steps100_pretrainedFalse_freezeFalse_2025_12_10_17_12,sintel_steps100_pretrainedFalse_freezeFalse_2025_12_10_17_12,sintel,steps,100,False,False,2025_12_10_17_12,pfwillow,5000,62316.65,12.463330000000001,5,0.050837452357402335,0.1568481997690412,0.8431518002309588,5.0,,,,,,,,,,0.24243049149521306,0.17447487494253122,0.8255251250574688,5.0,,,,,,,,,,,,,,,,,,,,,,,0.0985470116138458,0.0728993862867355,,,,,,,,,,,,,,,,,,,,,,,,,,,,,-2.926946732944026,-1.6818685560733682,1.6818685560733684,-1.1394002572951403,-1.5542389509274046,1.5542389509274046,,,,3.3644433333333335,9.098886666666667,spair,FF,16.0
snapshots/sintel_steps100_pretrainedFalse_freezeFalse_2025_12_10_17_12,sintel_steps100_pretrainedFalse_freezeFalse_2025_12_10_17_12,sintel,steps,100,False,False,2025_12_10_17_12,pointodyssey,5000,115307.35,23.06147,5,0.37421064716112995,0.15933950842716846,0.8406604915728315,5.0,,,,,,,,,,0.13708729695873537,0.41684389190309706,0.583156108096903,5.0,,,,,,,,,,,,,,,,,,,,,,,0.1877944767475128,0.0416486635804176,,,,,,,,,,,,,,,,,,,,,,,,,,,,,-0.5141949508448539,-1.6631506834659247,1.6631506834659244,-1.8396956037642362,-0.33574312563338066,0.33574312563338077,,,,2.2678866666666666,20.793583333333334,spair,FF,13.0
snapshots/sintel_steps100_pretrainedFalse_freezeFalse_2025_12_10_17_12,sintel_steps100_pretrainedFalse_freezeFalse_2025_12_10_17_12,sintel,steps,100,False,False,2025_12_10_17_12,spair,5000,13447.55,2.68951,5,0.013136369740861234,0.20444686104311027,0.7955531389568897,5.0,,,,,,,,,,0.29368800909047776,0.20112683819240526,0.7988731618075947,5.0,,,,,,,,,,,,,,,,,,,,,,,0.1546157747507095,0.0449564047157764,,,,,,,,,,,,,,,,,,,,,,,,,,,,,-4.319147164533918,-1.3587295514733233,1.3587295514733235,-0.8775390430435037,-1.3792664421687162,1.379266442168716,,,,2.0635033333333332,0.6260066666666666,spair,FF,17.0
snapshots/sintel_steps100_pretrainedFalse_freezeFalse_2025_12_10_17_12,sintel_steps100_pretrainedFalse_freezeFalse_2025_12_10_17_12,sintel,steps,100,False,False,2025_12_10_17_12,synthetic,5000,69157.8,13.831560000000001,5,,,,,,,,,,,,,,,,,,,,,,,,,,,,,,,,,,,,,,,,0.0430427975952625,0.0679724067449569,,,,,,,,,,,,,,,,,,,,,,,,,,,,,,,,,,,,,,2.400183333333333,11.431376666666669,spair,FF,11.0
snapshots/sintel_steps100_pretrainedFalse_freezeFalse_2025_12_10_17_12,sintel_steps100_pretrainedFalse_freezeFalse_2025_12_10_17_12,sintel,steps,100,False,False,2025_12_10_17_12,tss,5000,106085.1,21.21702,5,0.0700250005071063,0.2621518124242335,0.7378481875757665,5.0,,,,,,,,,,0.25992287216646154,0.3384726858458901,0.6615273141541099,5.0,,,,,,,,,,,,,,,,,,,,,,,0.0947740525007247,0.0341251939535141,,,,,,,,,,,,,,,,,,,,,,,,,,,,,-2.5863053751322997,-1.0348143228616185,1.0348143228616187,-1.0463694660751244,-0.6701078765845904,0.6701078765845903,,,,3.624926666666667,17.592093333333334,spair,FF,14.0
snapshots/sintel_steps100_pretrainedFalse_freezeFalse_2025_12_12_11_45,sintel_steps100_pretrainedFalse_freezeFalse_2025_12_12_11_45,sintel,steps,100,False,False,2025_12_12_11_45,flyingthings,5000,318218.6,63.643719999999995,5,0.09979679957008561,0.45768101166029557,0.5423189883397044,5.0,,,,,,,,,,0.25706545770619293,0.29092003661090965,0.7090799633890903,5.0,,,,,,,,,,,,,,,,,,,,,,,0.023011153563857,0.0159122720360755,,,,,,,,,,,,,,,,,,,,,,,,,,,,,-2.1994844017284976,-0.16968190732292512,0.16968190732292512,-1.0612771899252382,-0.8909198623824031,0.8909198623824027,,,,2.08833,61.555389999999996,spair,FF,18.0
snapshots/sintel_steps100_pretrainedFalse_freezeFalse_2025_12_12_11_45,sintel_steps100_pretrainedFalse_freezeFalse_2025_12_12_11_45,sintel,steps,100,False,False,2025_12_12_11_45,kitti2012,5000,356875.8,71.37516,5,0.2933664359441381,0.16424525617494107,0.835754743825059,5.0,,,,,,,,,,0.2720208786591879,0.20949055307632092,0.7905094469236791,5.0,,,,,,,,,,,,,,,,,,,,,,,0.2961384654045105,0.0136684719473123,,,,,,,,,,,,,,,,,,,,,,,,,,,,,-0.8790897723369461,-1.6269744262012786,1.626974426201279,-0.984393545181973,-1.3279989615146814,1.3279989615146814,,,,4.8632566666666674,66.51190333333332,spair,FF,21.0
snapshots/sintel_steps100_pretrainedFalse_freezeFalse_2025_12_12_11_45,sintel_steps100_pretrainedFalse_freezeFalse_2025_12_12_11_45,sintel,steps,100,False,False,2025_12_12_11_45,kitti2015,5000,349386.5,69.8773,5,,,,,,,,,,,,,,,,,,,,,,,,,,,,,,,,,,,,,,,,0.3112633824348449,0.020901309326291,,,,,,,,,,,,,,,,,,,,,,,,,,,,,,,,,,,,,,6.796363333333333,63.08093666666667,spair,FF,19.0
snapshots/sintel_steps100_pretrainedFalse_freezeFalse_2025_12_12_11_45,sintel_steps100_pretrainedFalse_freezeFalse_2025_12_12_11_45,sintel,steps,100,False,False,2025_12_12_11_45,middlebury,5000,201216.9,40.24338,5,0.10650891090562073,0.12132354349897378,0.8786764565010262,5.0,,,,,,,,,,0.2219983044858457,0.3881287243222664,0.6118712756777336,5.0,,,,,,,,,,,,,,,,,,,,,,,0.036025196313858,0.0290282592177391,,,,,,,,,,,,,,,,,,,,,,,,,,,,,-2.126907709391428,-1.9799558583199786,1.9799558583199786,-1.2540589591081541,-0.455184878210103,0.45518487821010306,,,,1.9837666666666667,38.259613333333334,spair,FF,15.0
snapshots/sintel_steps100_pretrainedFalse_freezeFalse_2025_12_12_11_45,sintel_steps100_pretrainedFalse_freezeFalse_2025_12_12_11_45,sintel,steps,100,False,False,2025_12_12_11_45,pfpascal,5000,51481.1,10.29622,5,0.04333342345389832,0.3022717655977298,0.6977282344022702,5.0,,,,,,,,,,0.26090079318809795,0.2134567616027117,0.7865432383972883,5.0,,,,,,,,,,,,,,,,,,,,,,,0.0538107231259346,0.0411334484815597,,,,,,,,,,,,,,,,,,,,,,,,,,,,,-3.0945306843922156,-0.8365031791471624,0.8365031791471622,-1.04129192427149,-1.304213406307751,1.3042134063077513,,,,1.9410966666666667,8.355123333333333,spair,FF,17.0
snapshots/sintel_steps100_pretrainedFalse_freezeFalse_2025_12_12_11_45,sintel_steps100_pretrainedFalse_freezeFalse_2025_12_12_11_45,sintel,steps,100,False,False,2025_12_12_11_45,pfwillow,5000,67238.85,13.447770000000002,5,0.050837452357402335,0.1568481997690412,0.8431518002309588,5.0,,,,,,,,,,0.24243049149521306,0.17447487494253122,0.8255251250574688,5.0,,,,,,,,,,,,,,,,,,,,,,,0.0985470116138458,0.0728993862867355,,,,,,,,,,,,,,,,,,,,,,,,,,,,,-2.926946732944026,-1.6818685560733682,1.6818685560733684,-1.1394002572951403,-1.5542389509274046,1.5542389509274046,,,,3.3644433333333335,10.083326666666668,spair,FF,20.0
snapshots/sintel_steps100_pretrainedFalse_freezeFalse_2025_12_12_11_45,sintel_steps100_pretrainedFalse_freezeFalse_2025_12_12_11_45,sintel,steps,100,False,False,2025_12_12_11_45,pointodyssey,5000,145125.1,29.02502,5,0.37421064716112995,0.15933950842716846,0.8406604915728315,5.0,,,,,,,,,,0.13708729695873537,0.41684389190309706,0.583156108096903,5.0,,,,,,,,,,,,,,,,,,,,,,,0.1877944767475128,0.0416486635804176,,,,,,,,,,,,,,,,,,,,,,,,,,,,,-0.5141949508448539,-1.6631506834659247,1.6631506834659244,-1.8396956037642362,-0.33574312563338066,0.33574312563338077,,,,2.2678866666666666,26.757133333333336,spair,FF,16.0
snapshots/sintel_steps100_pretrainedFalse_freezeFalse_2025_12_12_11_45,sintel_steps100_pretrainedFalse_freezeFalse_2025_12_12_11_45,sintel,steps,100,False,False,2025_12_12_11_45,spair,5000,13439.25,2.68785,5,0.013136369740861234,0.20444686104311027,0.7955531389568897,5.0,,,,,,,,,,0.29368800909047776,0.20112683819240526,0.7988731618075947,5.0,,,,,,,,,,,,,,,,,,,,,,,0.1546157747507095,0.0449564047157764,,,,,,,,,,,,,,,,,,,,,,,,,,,,,-4.319147164533918,-1.3587295514733233,1.3587295514733235,-0.8775390430435037,-1.3792664421687162,1.379266442168716,,,,2.0635033333333332,0.6243466666666668,spair,FF,16.0
snapshots/sintel_steps100_pretrainedFalse_freezeFalse_2025_12_12_11_45,sintel_steps100_pretrainedFalse_freezeFalse_2025_12_12_11_45,sintel,steps,100,False,False,2025_12_12_11_45,synthetic,5000,73028.65,14.60573,5,,,,,,,,,,,,,,,,,,,,,,,,,,,,,,,,,,,,,,,,0.0430427975952625,0.0679724067449569,,,,,,,,,,,,,,,,,,,,,,,,,,,,,,,,,,,,,,2.400183333333333,12.205546666666667,spair,FF,12.0
snapshots/sintel_steps100_pretrainedFalse_freezeFalse_2025_12_12_11_45,sintel_steps100_pretrainedFalse_freezeFalse_2025_12_12_11_45,sintel,steps,100,False,False,2025_12_12_11_45,tss,5000,109381.45000000001,21.87629,5,0.0700250005071063,0.2621518124242335,0.7378481875757665,5.0,,,,,,,,,,0.25992287216646154,0.3384726858458901,0.6615273141541099,5.0,,,,,,,,,,,,,,,,,,,,,,,0.0947740525007247,0.0341251939535141,,,,,,,,,,,,,,,,,,,,,,,,,,,,,-2.5863053751322997,-1.0348143228616185,1.0348143228616187,-1.0463694660751244,-0.6701078765845904,0.6701078765845903,,,,3.624926666666667,18.251363333333334,spair,FF,16.0
snapshots/sintel_steps100_pretrainedTrue_freezeFalse_2025_12_10_12_22,sintel_steps100_pretrainedTrue_freezeFalse_2025_12_10_12_22,sintel,steps,100,True,False,2025_12_10_12_22,flyingthings,5000,357616.30000000005,71.52326000000001,5,0.09979679957008561,0.45768101166029557,0.5423189883397044,5.0,,,,,,,,,,0.25706545770619293,0.29092003661090965,0.7090799633890903,5.0,,,,,,,,,,,,,,,,,,,,,,,0.023011153563857,0.0159122720360755,,,,,,,,,,,,,,,,,,,,,,,,,,,,,-2.1994844017284976,-0.16968190732292512,0.16968190732292512,-1.0612771899252382,-0.8909198623824031,0.8909198623824027,,,,48.23252,23.290740000000007,spair,TF,19.0
snapshots/sintel_steps100_pretrainedTrue_freezeFalse_2025_12_10_12_22,sintel_steps100_pretrainedTrue_freezeFalse_2025_12_10_12_22,sintel,steps,100,True,False,2025_12_10_12_22,kitti2012,5000,390102.9,78.02058000000001,5,0.2933664359441381,0.16424525617494107,0.835754743825059,5.0,,,,,,,,,,0.2720208786591879,0.20949055307632092,0.7905094469236791,5.0,,,,,,,,,,,,,,,,,,,,,,,0.2961384654045105,0.0136684719473123,,,,,,,,,,,,,,,,,,,,,,,,,,,,,-0.8790897723369461,-1.6269744262012786,1.626974426201279,-0.984393545181973,-1.3279989615146814,1.3279989615146814,,,,59.49418666666667,18.52639333333334,spair,TF,17.0
snapshots/sintel_steps100_pretrainedTrue_freezeFalse_2025_12_10_12_22,sintel_steps100_pretrainedTrue_freezeFalse_2025_12_10_12_22,sintel,steps,100,True,False,2025_12_10_12_22,kitti2015,5000,382861.0,76.5722,5,,,,,,,,,,,,,,,,,,,,,,,,,,,,,,,,,,,,,,,,0.3112633824348449,0.020901309326291,,,,,,,,,,,,,,,,,,,,,,,,,,,,,,,,,,,,,,62.48625333333334,14.085946666666658,spair,TF,16.0
snapshots/sintel_steps100_pretrainedTrue_freezeFalse_2025_12_10_12_22,sintel_steps100_pretrainedTrue_freezeFalse_2025_12_10_12_22,sintel,steps,100,True,False,2025_12_10_12_22,middlebury,5000,210225.6,42.045120000000004,5,0.10650891090562073,0.12132354349897378,0.8786764565010262,5.0,,,,,,,,,,0.2219983044858457,0.3881287243222664,0.6118712756777336,5.0,,,,,,,,,,,,,,,,,,,,,,,0.036025196313858,0.0290282592177391,,,,,,,,,,,,,,,,,,,,,,,,,,,,,-2.126907709391428,-1.9799558583199786,1.9799558583199786,-1.2540589591081541,-0.455184878210103,0.45518487821010306,,,,34.53024666666666,7.514873333333341,spair,TF,12.0
snapshots/sintel_steps100_pretrainedTrue_freezeFalse_2025_12_10_12_22,sintel_steps100_pretrainedTrue_freezeFalse_2025_12_10_12_22,sintel,steps,100,True,False,2025_12_10_12_22,pfpascal,5000,173631.35,34.72627,5,0.04333342345389832,0.3022717655977298,0.6977282344022702,5.0,,,,,,,,,,0.26090079318809795,0.2134567616027117,0.7865432383972883,5.0,,,,,,,,,,,,,,,,,,,,,,,0.0538107231259346,0.0411334484815597,,,,,,,,,,,,,,,,,,,,,,,,,,,,,-3.0945306843922156,-0.8365031791471624,0.8365031791471622,-1.04129192427149,-1.304213406307751,1.3042134063077513,,,,23.19225,11.534019999999998,spair,TF,20.0
snapshots/sintel_steps100_pretrainedTrue_freezeFalse_2025_12_10_12_22,sintel_steps100_pretrainedTrue_freezeFalse_2025_12_10_12_22,sintel,steps,100,True,False,2025_12_10_12_22,pfwillow,5000,185794.4,37.158879999999996,5,0.050837452357402335,0.1568481997690412,0.8431518002309588,5.0,,,,,,,,,,0.24243049149521306,0.17447487494253122,0.8255251250574688,5.0,,,,,,,,,,,,,,,,,,,,,,,0.0985470116138458,0.0728993862867355,,,,,,,,,,,,,,,,,,,,,,,,,,,,,-2.926946732944026,-1.6818685560733682,1.6818685560733684,-1.1394002572951403,-1.5542389509274046,1.5542389509274046,,,,27.67815333333333,9.480726666666666,spair,TF,18.0
snapshots/sintel_steps100_pretrainedTrue_freezeFalse_2025_12_10_12_22,sintel_steps100_pretrainedTrue_freezeFalse_2025_12_10_12_22,sintel,steps,100,True,False,2025_12_10_12_22,pointodyssey,5000,210332.2,42.06644,5,0.37421064716112995,0.15933950842716846,0.8406604915728315,5.0,,,,,,,,,,0.13708729695873537,0.41684389190309706,0.583156108096903,5.0,,,,,,,,,,,,,,,,,,,,,,,0.1877944767475128,0.0416486635804176,,,,,,,,,,,,,,,,,,,,,,,,,,,,,-0.5141949508448539,-1.6631506834659247,1.6631506834659244,-1.8396956037642362,-0.33574312563338066,0.33574312563338077,,,,24.839123333333333,17.227316666666667,spair,TF,20.0
snapshots/sintel_steps100_pretrainedTrue_freezeFalse_2025_12_10_12_22,sintel_steps100_pretrainedTrue_freezeFalse_2025_12_10_12_22,sintel,steps,100,True,False,2025_12_10_12_22,spair,5000,67833.85,13.566770000000002,5,0.013136369740861234,0.20444686104311027,0.7955531389568897,5.0,,,,,,,,,,0.29368800909047776,0.20112683819240526,0.7988731618075947,5.0,,,,,,,,,,,,,,,,,,,,,,,0.1546157747507095,0.0449564047157764,,,,,,,,,,,,,,,,,,,,,,,,,,,,,-4.319147164533918,-1.3587295514733233,1.3587295514733235,-0.8775390430435037,-1.3792664421687162,1.379266442168716,,,,16.234553333333334,-2.6677833333333325,spair,TF,17.0
snapshots/sintel_steps100_pretrainedTrue_freezeFalse_2025_12_10_12_22,sintel_steps100_pretrainedTrue_freezeFalse_2025_12_10_12_22,sintel,steps,100,True,False,2025_12_10_12_22,synthetic,5000,160079.40000000002,32.01588,5,,,,,,,,,,,,,,,,,,,,,,,,,,,,,,,,,,,,,,,,0.0430427975952625,0.0679724067449569,,,,,,,,,,,,,,,,,,,,,,,,,,,,,,,,,,,,,,25.490916666666667,6.524963333333336,spair,TF,14.0
snapshots/sintel_steps100_pretrainedTrue_freezeFalse_2025_12_10_12_22,sintel_steps100_pretrainedTrue_freezeFalse_2025_12_10_12_22,sintel,steps,100,True,False,2025_12_10_12_22,tss,5000,256703.4,51.34068,5,0.0700250005071063,0.2621518124242335,0.7378481875757665,5.0,,,,,,,,,,0.25992287216646154,0.3384726858458901,0.6615273141541099,5.0,,,,,,,,,,,,,,,,,,,,,,,0.0947740525007247,0.0341251939535141,,,,,,,,,,,,,,,,,,,,,,,,,,,,,-2.5863053751322997,-1.0348143228616185,1.0348143228616187,-1.0463694660751244,-0.6701078765845904,0.6701078765845903,,,,39.87302333333333,11.46765666666667,spair,TF,18.0
snapshots/sintel_steps100_pretrainedTrue_freezeFalse_2025_12_12_11_44,sintel_steps100_pretrainedTrue_freezeFalse_2025_12_12_11_44,sintel,steps,100,True,False,2025_12_12_11_44,flyingthings,5000,356941.9,71.38838,5,0.09979679957008561,0.45768101166029557,0.5423189883397044,5.0,,,,,,,,,,0.25706545770619293,0.29092003661090965,0.7090799633890903,5.0,,,,,,,,,,,,,,,,,,,,,,,0.023011153563857,0.0159122720360755,,,,,,,,,,,,,,,,,,,,,,,,,,,,,-2.1994844017284976,-0.16968190732292512,0.16968190732292512,-1.0612771899252382,-0.8909198623824031,0.8909198623824027,,,,48.23252,23.155859999999997,spair,TF,17.0
snapshots/sintel_steps100_pretrainedTrue_freezeFalse_2025_12_12_11_44,sintel_steps100_pretrainedTrue_freezeFalse_2025_12_12_11_44,sintel,steps,100,True,False,2025_12_12_11_44,kitti2012,5000,390317.25,78.06345,5,0.2933664359441381,0.16424525617494107,0.835754743825059,5.0,,,,,,,,,,0.2720208786591879,0.20949055307632092,0.7905094469236791,5.0,,,,,,,,,,,,,,,,,,,,,,,0.2961384654045105,0.0136684719473123,,,,,,,,,,,,,,,,,,,,,,,,,,,,,-0.8790897723369461,-1.6269744262012786,1.626974426201279,-0.984393545181973,-1.3279989615146814,1.3279989615146814,,,,59.49418666666667,18.569263333333332,spair,TF,18.0
snapshots/sintel_steps100_pretrainedTrue_freezeFalse_2025_12_12_11_44,sintel_steps100_pretrainedTrue_freezeFalse_2025_12_12_11_44,sintel,steps,100,True,False,2025_12_12_11_44,kitti2015,5000,383035.75,76.60715,5,,,,,,,,,,,,,,,,,,,,,,,,,,,,,,,,,,,,,,,,0.3112633824348449,0.020901309326291,,,,,,,,,,,,,,,,,,,,,,,,,,,,,,,,,,,,,,62.48625333333334,14.120896666666667,spair,TF,17.0
snapshots/sintel_steps100_pretrainedTrue_freezeFalse_2025_12_12_11_44,sintel_steps100_pretrainedTrue_freezeFalse_2025_12_12_11_44,sintel,steps,100,True,False,2025_12_12_11_44,middlebury,5000,210712.0,42.1424,5,0.10650891090562073,0.12132354349897378,0.8786764565010262,5.0,,,,,,,,,,0.2219983044858457,0.3881287243222664,0.6118712756777336,5.0,,,,,,,,,,,,,,,,,,,,,,,0.036025196313858,0.0290282592177391,,,,,,,,,,,,,,,,,,,,,,,,,,,,,-2.126907709391428,-1.9799558583199786,1.9799558583199786,-1.2540589591081541,-0.455184878210103,0.45518487821010306,,,,34.53024666666666,7.612153333333339,spair,TF,13.0
snapshots/sintel_steps100_pretrainedTrue_freezeFalse_2025_12_12_11_44,sintel_steps100_pretrainedTrue_freezeFalse_2025_12_12_11_44,sintel,steps,100,True,False,2025_12_12_11_44,pfpascal,5000,159892.09999999998,31.978419999999996,5,0.04333342345389832,0.3022717655977298,0.6977282344022702,5.0,,,,,,,,,,0.26090079318809795,0.2134567616027117,0.7865432383972883,5.0,,,,,,,,,,,,,,,,,,,,,,,0.0538107231259346,0.0411334484815597,,,,,,,,,,,,,,,,,,,,,,,,,,,,,-3.0945306843922156,-0.8365031791471624,0.8365031791471622,-1.04129192427149,-1.304213406307751,1.3042134063077513,,,,23.19225,8.786169999999995,spair,TF,14.0
snapshots/sintel_steps100_pretrainedTrue_freezeFalse_2025_12_12_11_44,sintel_steps100_pretrainedTrue_freezeFalse_2025_12_12_11_44,sintel,steps,100,True,False,2025_12_12_11_44,pfwillow,5000,181627.75,36.32555,5,0.050837452357402335,0.1568481997690412,0.8431518002309588,5.0,,,,,,,,,,0.24243049149521306,0.17447487494253122,0.8255251250574688,5.0,,,,,,,,,,,,,,,,,,,,,,,0.0985470116138458,0.0728993862867355,,,,,,,,,,,,,,,,,,,,,,,,,,,,,-2.926946732944026,-1.6818685560733682,1.6818685560733684,-1.1394002572951403,-1.5542389509274046,1.5542389509274046,,,,27.67815333333333,8.647396666666669,spair,TF,14.0
snapshots/sintel_steps100_pretrainedTrue_freezeFalse_2025_12_12_11_44,sintel_steps100_pretrainedTrue_freezeFalse_2025_12_12_11_44,sintel,steps,100,True,False,2025_12_12_11_44,pointodyssey,5000,236177.64999999997,47.23552999999999,5,0.37421064716112995,0.15933950842716846,0.8406604915728315,5.0,,,,,,,,,,0.13708729695873537,0.41684389190309706,0.583156108096903,5.0,,,,,,,,,,,,,,,,,,,,,,,0.1877944767475128,0.0416486635804176,,,,,,,,,,,,,,,,,,,,,,,,,,,,,-0.5141949508448539,-1.6631506834659247,1.6631506834659244,-1.8396956037642362,-0.33574312563338066,0.33574312563338077,,,,24.839123333333333,22.396406666666657,spair,TF,22.0
snapshots/sintel_steps100_pretrainedTrue_freezeFalse_2025_12_12_11_44,sintel_steps100_pretrainedTrue_freezeFalse_2025_12_12_11_44,sintel,steps,100,True,False,2025_12_12_11_44,spair,5000,63951.600000000006,12.790320000000001,5,0.013136369740861234,0.20444686104311027,0.7955531389568897,5.0,,,,,,,,,,0.29368800909047776,0.20112683819240526,0.7988731618075947,5.0,,,,,,,,,,,,,,,,,,,,,,,0.1546157747507095,0.0449564047157764,,,,,,,,,,,,,,,,,,,,,,,,,,,,,-4.319147164533918,-1.3587295514733233,1.3587295514733235,-0.8775390430435037,-1.3792664421687162,1.379266442168716,,,,16.234553333333334,-3.444233333333333,spair,TF,13.0
snapshots/sintel_steps100_pretrainedTrue_freezeFalse_2025_12_12_11_44,sintel_steps100_pretrainedTrue_freezeFalse_2025_12_12_11_44,sintel,steps,100,True,False,2025_12_12_11_44,synthetic,5000,160651.9,32.13038,5,,,,,,,,,,,,,,,,,,,,,,,,,,,,,,,,,,,,,,,,0.0430427975952625,0.0679724067449569,,,,,,,,,,,,,,,,,,,,,,,,,,,,,,,,,,,,,,25.490916666666667,6.639463333333335,spair,TF,15.0
snapshots/sintel_steps100_pretrainedTrue_freezeFalse_2025_12_12_11_44,sintel_steps100_pretrainedTrue_freezeFalse_2025_12_12_11_44,sintel,steps,100,True,False,2025_12_12_11_44,tss,5000,253754.05000000002,50.75081,5,0.0700250005071063,0.2621518124242335,0.7378481875757665,5.0,,,,,,,,,,0.25992287216646154,0.3384726858458901,0.6615273141541099,5.0,,,,,,,,,,,,,,,,,,,,,,,0.0947740525007247,0.0341251939535141,,,,,,,,,,,,,,,,,,,,,,,,,,,,,-2.5863053751322997,-1.0348143228616185,1.0348143228616187,-1.0463694660751244,-0.6701078765845904,0.6701078765845903,,,,39.87302333333333,10.877786666666672,spair,TF,13.0
snapshots/sintel_steps100_pretrainedTrue_freezeTrue_2025_12_10_12_22,sintel_steps100_pretrainedTrue_freezeTrue_2025_12_10_12_22,sintel,steps,100,True,True,2025_12_10_12_22,flyingthings,5000,356915.55,71.38311,5,0.09979679957008561,0.45768101166029557,0.5423189883397044,5.0,,,,,,,,,,0.25706545770619293,0.29092003661090965,0.7090799633890903,5.0,,,,,,,,,,,,,,,,,,,,,,,0.023011153563857,0.0159122720360755,,,,,,,,,,,,,,,,,,,,,,,,,,,,,-2.1994844017284976,-0.16968190732292512,0.16968190732292512,-1.0612771899252382,-0.8909198623824031,0.8909198623824027,,,,53.90556,17.47755,spair,TT,18.0
snapshots/sintel_steps100_pretrainedTrue_freezeTrue_2025_12_10_12_22,sintel_steps100_pretrainedTrue_freezeTrue_2025_12_10_12_22,sintel,steps,100,True,True,2025_12_10_12_22,kitti2012,5000,387933.4,77.58668,5,0.2933664359441381,0.16424525617494107,0.835754743825059,5.0,,,,,,,,,,0.2720208786591879,0.20949055307632092,0.7905094469236791,5.0,,,,,,,,,,,,,,,,,,,,,,,0.2961384654045105,0.0136684719473123,,,,,,,,,,,,,,,,,,,,,,,,,,,,,-0.8790897723369461,-1.6269744262012786,1.626974426201279,-0.984393545181973,-1.3279989615146814,1.3279989615146814,,,,64.06846666666667,13.518213333333335,spair,TT,18.0
snapshots/sintel_steps100_pretrainedTrue_freezeTrue_2025_12_10_12_22,sintel_steps100_pretrainedTrue_freezeTrue_2025_12_10_12_22,sintel,steps,100,True,True,2025_12_10_12_22,kitti2015,5000,378531.35,75.70626999999999,5,,,,,,,,,,,,,,,,,,,,,,,,,,,,,,,,,,,,,,,,0.3112633824348449,0.020901309326291,,,,,,,,,,,,,,,,,,,,,,,,,,,,,,,,,,,,,,65.10567999999999,10.600589999999997,spair,TT,12.0
snapshots/sintel_steps100_pretrainedTrue_freezeTrue_2025_12_10_12_22,sintel_steps100_pretrainedTrue_freezeTrue_2025_12_10_12_22,sintel,steps,100,True,True,2025_12_10_12_22,middlebury,5000,208724.15,41.74483,5,0.10650891090562073,0.12132354349897378,0.8786764565010262,5.0,,,,,,,,,,0.2219983044858457,0.3881287243222664,0.6118712756777336,5.0,,,,,,,,,,,,,,,,,,,,,,,0.036025196313858,0.0290282592177391,,,,,,,,,,,,,,,,,,,,,,,,,,,,,-2.126907709391428,-1.9799558583199786,1.9799558583199786,-1.2540589591081541,-0.455184878210103,0.45518487821010306,,,,37.7005,4.044330000000002,spair,TT,12.0
snapshots/sintel_steps100_pretrainedTrue_freezeTrue_2025_12_10_12_22,sintel_steps100_pretrainedTrue_freezeTrue_2025_12_10_12_22,sintel,steps,100,True,True,2025_12_10_12_22,pfpascal,5000,168097.35,33.61947,5,0.04333342345389832,0.3022717655977298,0.6977282344022702,5.0,,,,,,,,,,0.26090079318809795,0.2134567616027117,0.7865432383972883,5.0,,,,,,,,,,,,,,,,,,,,,,,0.0538107231259346,0.0411334484815597,,,,,,,,,,,,,,,,,,,,,,,,,,,,,-3.0945306843922156,-0.8365031791471624,0.8365031791471622,-1.04129192427149,-1.304213406307751,1.3042134063077513,,,,27.819223333333337,5.800246666666663,spair,TT,15.0
snapshots/sintel_steps100_pretrainedTrue_freezeTrue_2025_12_10_12_22,sintel_steps100_pretrainedTrue_freezeTrue_2025_12_10_12_22,sintel,steps,100,True,True,2025_12_10_12_22,pfwillow,5000,186616.7,37.32334,5,0.050837452357402335,0.1568481997690412,0.8431518002309588,5.0,,,,,,,,,,0.24243049149521306,0.17447487494253122,0.8255251250574688,5.0,,,,,,,,,,,,,,,,,,,,,,,0.0985470116138458,0.0728993862867355,,,,,,,,,,,,,,,,,,,,,,,,,,,,,-2.926946732944026,-1.6818685560733682,1.6818685560733684,-1.1394002572951403,-1.5542389509274046,1.5542389509274046,,,,32.30222,5.021120000000003,spair,TT,15.0
snapshots/sintel_steps100_pretrainedTrue_freezeTrue_2025_12_10_12_22,sintel_steps100_pretrainedTrue_freezeTrue_2025_12_10_12_22,sintel,steps,100,True,True,2025_12_10_12_22,pointodyssey,5000,173114.00000000003,34.622800000000005,5,0.37421064716112995,0.15933950842716846,0.8406604915728315,5.0,,,,,,,,,,0.13708729695873537,0.41684389190309706,0.583156108096903,5.0,,,,,,,,,,,,,,,,,,,,,,,0.1877944767475128,0.0416486635804176,,,,,,,,,,,,,,,,,,,,,,,,,,,,,-0.5141949508448539,-1.6631506834659247,1.6631506834659244,-1.8396956037642362,-0.33574312563338066,0.33574312563338077,,,,24.515383333333332,10.107416666666673,spair,TT,12.0
snapshots/sintel_steps100_pretrainedTrue_freezeTrue_2025_12_10_12_22,sintel_steps100_pretrainedTrue_freezeTrue_2025_12_10_12_22,sintel,steps,100,True,True,2025_12_10_12_22,spair,5000,64866.15,12.973230000000001,5,0.013136369740861234,0.20444686104311027,0.7955531389568897,5.0,,,,,,,,,,0.29368800909047776,0.20112683819240526,0.7988731618075947,5.0,,,,,,,,,,,,,,,,,,,,,,,0.1546157747507095,0.0449564047157764,,,,,,,,,,,,,,,,,,,,,,,,,,,,,-4.319147164533918,-1.3587295514733233,1.3587295514733235,-0.8775390430435037,-1.3792664421687162,1.379266442168716,,,,19.357693333333334,-6.384463333333333,spair,TT,10.0
snapshots/sintel_steps100_pretrainedTrue_freezeTrue_2025_12_10_12_22,sintel_steps100_pretrainedTrue_freezeTrue_2025_12_10_12_22,sintel,steps,100,True,True,2025_12_10_12_22,synthetic,5000,155246.29999999996,31.049259999999993,5,,,,,,,,,,,,,,,,,,,,,,,,,,,,,,,,,,,,,,,,0.0430427975952625,0.0679724067449569,,,,,,,,,,,,,,,,,,,,,,,,,,,,,,,,,,,,,,29.962760000000003,1.0864999999999903,spair,TT,15.0
snapshots/sintel_steps100_pretrainedTrue_freezeTrue_2025_12_10_12_22,sintel_steps100_pretrainedTrue_freezeTrue_2025_12_10_12_22,sintel,steps,100,True,True,2025_12_10_12_22,tss,5000,254986.4,50.997279999999996,5,0.0700250005071063,0.2621518124242335,0.7378481875757665,5.0,,,,,,,,,,0.25992287216646154,0.3384726858458901,0.6615273141541099,5.0,,,,,,,,,,,,,,,,,,,,,,,0.0947740525007247,0.0341251939535141,,,,,,,,,,,,,,,,,,,,,,,,,,,,,-2.5863053751322997,-1.0348143228616185,1.0348143228616187,-1.0463694660751244,-0.6701078765845904,0.6701078765845903,,,,43.74900333333333,7.248276666666669,spair,TT,13.0
snapshots/sintel_steps100_pretrainedTrue_freezeTrue_2025_12_12_11_44,sintel_steps100_pretrainedTrue_freezeTrue_2025_12_12_11_44,sintel,steps,100,True,True,2025_12_12_11_44,flyingthings,5000,356911.55,71.38231,5,0.09979679957008561,0.45768101166029557,0.5423189883397044,5.0,,,,,,,,,,0.25706545770619293,0.29092003661090965,0.7090799633890903,5.0,,,,,,,,,,,,,,,,,,,,,,,0.023011153563857,0.0159122720360755,,,,,,,,,,,,,,,,,,,,,,,,,,,,,-2.1994844017284976,-0.16968190732292512,0.16968190732292512,-1.0612771899252382,-0.8909198623824031,0.8909198623824027,,,,53.90556,17.476750000000003,spair,TT,17.0
snapshots/sintel_steps100_pretrainedTrue_freezeTrue_2025_12_12_11_44,sintel_steps100_pretrainedTrue_freezeTrue_2025_12_12_11_44,sintel,steps,100,True,True,2025_12_12_11_44,kitti2012,5000,388756.95,77.75139,5,0.2933664359441381,0.16424525617494107,0.835754743825059,5.0,,,,,,,,,,0.2720208786591879,0.20949055307632092,0.7905094469236791,5.0,,,,,,,,,,,,,,,,,,,,,,,0.2961384654045105,0.0136684719473123,,,,,,,,,,,,,,,,,,,,,,,,,,,,,-0.8790897723369461,-1.6269744262012786,1.626974426201279,-0.984393545181973,-1.3279989615146814,1.3279989615146814,,,,64.06846666666667,13.682923333333335,spair,TT,19.0
snapshots/sintel_steps100_pretrainedTrue_freezeTrue_2025_12_12_11_44,sintel_steps100_pretrainedTrue_freezeTrue_2025_12_12_11_44,sintel,steps,100,True,True,2025_12_12_11_44,kitti2015,5000,381149.80000000005,76.22996,5,,,,,,,,,,,,,,,,,,,,,,,,,,,,,,,,,,,,,,,,0.3112633824348449,0.020901309326291,,,,,,,,,,,,,,,,,,,,,,,,,,,,,,,,,,,,,,65.10567999999999,11.124280000000013,spair,TT,17.0
snapshots/sintel_steps100_pretrainedTrue_freezeTrue_2025_12_12_11_44,sintel_steps100_pretrainedTrue_freezeTrue_2025_12_12_11_44,sintel,steps,100,True,True,2025_12_12_11_44,middlebury,5000,208663.3,41.732659999999996,5,0.10650891090562073,0.12132354349897378,0.8786764565010262,5.0,,,,,,,,,,0.2219983044858457,0.3881287243222664,0.6118712756777336,5.0,,,,,,,,,,,,,,,,,,,,,,,0.036025196313858,0.0290282592177391,,,,,,,,,,,,,,,,,,,,,,,,,,,,,-2.126907709391428,-1.9799558583199786,1.9799558583199786,-1.2540589591081541,-0.455184878210103,0.45518487821010306,,,,37.7005,4.0321599999999975,spair,TT,11.0
snapshots/sintel_steps100_pretrainedTrue_freezeTrue_2025_12_12_11_44,sintel_steps100_pretrainedTrue_freezeTrue_2025_12_12_11_44,sintel,steps,100,True,True,2025_12_12_11_44,pfpascal,5000,173178.3,34.635659999999994,5,0.04333342345389832,0.3022717655977298,0.6977282344022702,5.0,,,,,,,,,,0.26090079318809795,0.2134567616027117,0.7865432383972883,5.0,,,,,,,,,,,,,,,,,,,,,,,0.0538107231259346,0.0411334484815597,,,,,,,,,,,,,,,,,,,,,,,,,,,,,-3.0945306843922156,-0.8365031791471624,0.8365031791471622,-1.04129192427149,-1.304213406307751,1.3042134063077513,,,,27.819223333333337,6.816436666666657,spair,TT,16.0
snapshots/sintel_steps100_pretrainedTrue_freezeTrue_2025_12_12_11_44,sintel_steps100_pretrainedTrue_freezeTrue_2025_12_12_11_44,sintel,steps,100,True,True,2025_12_12_11_44,pfwillow,5000,190672.2,38.134440000000005,5,0.050837452357402335,0.1568481997690412,0.8431518002309588,5.0,,,,,,,,,,0.24243049149521306,0.17447487494253122,0.8255251250574688,5.0,,,,,,,,,,,,,,,,,,,,,,,0.0985470116138458,0.0728993862867355,,,,,,,,,,,,,,,,,,,,,,,,,,,,,-2.926946732944026,-1.6818685560733682,1.6818685560733684,-1.1394002572951403,-1.5542389509274046,1.5542389509274046,,,,32.30222,5.832220000000007,spair,TT,16.0
snapshots/sintel_steps100_pretrainedTrue_freezeTrue_2025_12_12_11_44,sintel_steps100_pretrainedTrue_freezeTrue_2025_12_12_11_44,sintel,steps,100,True,True,2025_12_12_11_44,pointodyssey,5000,185802.65000000002,37.16053,5,0.37421064716112995,0.15933950842716846,0.8406604915728315,5.0,,,,,,,,,,0.13708729695873537,0.41684389190309706,0.583156108096903,5.0,,,,,,,,,,,,,,,,,,,,,,,0.1877944767475128,0.0416486635804176,,,,,,,,,,,,,,,,,,,,,,,,,,,,,-0.5141949508448539,-1.6631506834659247,1.6631506834659244,-1.8396956037642362,-0.33574312563338066,0.33574312563338077,,,,24.515383333333332,12.645146666666669,spair,TT,17.0
snapshots/sintel_steps100_pretrainedTrue_freezeTrue_2025_12_12_11_44,sintel_steps100_pretrainedTrue_freezeTrue_2025_12_12_11_44,sintel,steps,100,True,True,2025_12_12_11_44,spair,5000,67856.40000000001,13.571280000000002,5,0.013136369740861234,0.20444686104311027,0.7955531389568897,5.0,,,,,,,,,,0.29368800909047776,0.20112683819240526,0.7988731618075947,5.0,,,,,,,,,,,,,,,,,,,,,,,0.1546157747507095,0.0449564047157764,,,,,,,,,,,,,,,,,,,,,,,,,,,,,-4.319147164533918,-1.3587295514733233,1.3587295514733235,-0.8775390430435037,-1.3792664421687162,1.379266442168716,,,,19.357693333333334,-5.786413333333332,spair,TT,12.0
snapshots/sintel_steps100_pretrainedTrue_freezeTrue_2025_12_12_11_44,sintel_steps100_pretrainedTrue_freezeTrue_2025_12_12_11_44,sintel,steps,100,True,True,2025_12_12_11_44,synthetic,5000,158105.25,31.62105,5,,,,,,,,,,,,,,,,,,,,,,,,,,,,,,,,,,,,,,,,0.0430427975952625,0.0679724067449569,,,,,,,,,,,,,,,,,,,,,,,,,,,,,,,,,,,,,,29.962760000000003,1.6582899999999974,spair,TT,17.0
snapshots/sintel_steps100_pretrainedTrue_freezeTrue_2025_12_12_11_44,sintel_steps100_pretrainedTrue_freezeTrue_2025_12_12_11_44,sintel,steps,100,True,True,2025_12_12_11_44,tss,5000,255360.25000000003,51.072050000000004,5,0.0700250005071063,0.2621518124242335,0.7378481875757665,5.0,,,,,,,,,,0.25992287216646154,0.3384726858458901,0.6615273141541099,5.0,,,,,,,,,,,,,,,,,,,,,,,0.0947740525007247,0.0341251939535141,,,,,,,,,,,,,,,,,,,,,,,,,,,,,-2.5863053751322997,-1.0348143228616185,1.0348143228616187,-1.0463694660751244,-0.6701078765845904,0.6701078765845903,,,,43.74900333333333,7.323046666666677,spair,TT,14.0
snapshots/spair_logsteps100_pretrainedFalse_freezeFalse_2025_12_10_06_41,spair_logsteps100_pretrainedFalse_freezeFalse_2025_12_10_06_41,spair,logsteps,100,False,False,2025_12_10_06_41,flyingthings,5000,9423.75,1.88475,5,0.14248546444791804,0.11013290819923163,0.8898670918007684,5.0,,,,,,,,,,0.15897695779631443,0.3471823294306611,0.6528176705693389,5.0,,,,,,,,,,,,,,,,,,,,,,,0.105754479765892,0.0699040591716766,,,,,,,,,,,,,,,,,,,,,,,,,,,,,-1.7947981393458752,-2.089384223724485,2.089384223724485,-1.6658597859767752,-0.6314477851763142,0.6314477851763142,,,,2.08833,-0.2035800000000001,spair,FF,1.0
snapshots/spair_logsteps100_pretrainedFalse_freezeFalse_2025_12_10_06_41,spair_logsteps100_pretrainedFalse_freezeFalse_2025_12_10_06_41,spair,logsteps,100,False,False,2025_12_10_06_41,kitti2012,5000,20808.600000000002,4.161720000000001,5,0.24223948718078575,0.009297834789201136,0.9907021652107989,5.0,,,,,,,,,,0.16593555265149498,0.2528552217253942,0.7471447782746058,5.0,,,,,,,,,,,,,,,,,,,,,,,0.4113391935825348,0.0937528759241104,,,,,,,,,,,,,,,,,,,,,,,,,,,,,-1.1404405363134047,-4.668632394825544,4.668632394825549,-1.61471119843755,-1.0834419005172753,1.0834419005172755,,,,4.8632566666666674,-0.7015366666666667,spair,FF,1.0
snapshots/spair_logsteps100_pretrainedFalse_freezeFalse_2025_12_10_06_41,spair_logsteps100_pretrainedFalse_freezeFalse_2025_12_10_06_41,spair,logsteps,100,False,False,2025_12_10_06_41,kitti2015,5000,32490.15,6.49803,5,,,,,,,,,,,,,,,,,,,,,,,,,,,,,,,,,,,,,,,,0.402207612991333,0.105941966176033,,,,,,,,,,,,,,,,,,,,,,,,,,,,,,,,,,,,,,6.796363333333333,-0.2983333333333329,spair,FF,2.0
snapshots/spair_logsteps100_pretrainedFalse_freezeFalse_2025_12_10_06_41,spair_logsteps100_pretrainedFalse_freezeFalse_2025_12_10_06_41,spair,logsteps,100,False,False,2025_12_10_06_41,middlebury,5000,8700.55,1.7401099999999998,5,0.1577234766792105,0.010815303206907146,0.9891846967930928,5.0,,,,,,,,,,0.14245122161219903,0.4501859704169543,0.5498140295830457,5.0,,,,,,,,,,,,,,,,,,,,,,,0.1908574849367141,0.0899651125073432,,,,,,,,,,,,,,,,,,,,,,,,,,,,,-1.6752650206922834,-4.515918970454524,4.515918970454523,-1.7950784252061396,-0.1999193280314531,0.1999193280314531,,,,1.9837666666666667,-0.24365666666666685,spair,FF,1.0
snapshots/spair_logsteps100_pretrainedFalse_freezeFalse_2025_12_10_06_41,spair_logsteps100_pretrainedFalse_freezeFalse_2025_12_10_06_41,spair,logsteps,100,False,False,2025_12_10_06_41,pfpascal,5000,8675.55,1.73511,5,0.17367439416160707,0.13108621825842523,0.8689137817415747,5.0,,,,,,,,,,0.1863228523662501,0.3008696013612009,0.6991303986387991,5.0,,,,,,,,,,,,,,,,,,,,,,,0.0800290927290916,0.0579956881701946,,,,,,,,,,,,,,,,,,,,,,,,,,,,,-1.5598066435490041,-1.8913886434991198,1.8913886434991196,-1.474082728374344,-0.8431603222918539,0.8431603222918538,,,,1.9410966666666667,-0.20598666666666676,spair,FF,1.0
snapshots/spair_logsteps100_pretrainedFalse_freezeFalse_2025_12_10_06_41,spair_logsteps100_pretrainedFalse_freezeFalse_2025_12_10_06_41,spair,logsteps,100,False,False,2025_12_10_06_41,pfwillow,5000,15877.800000000001,3.1755600000000004,5,0.20695180063230878,0.09119685900423653,0.9088031409957634,5.0,,,,,,,,,,0.235660745668547,0.26731114003680717,0.7326888599631929,5.0,,,,,,,,,,,,,,,,,,,,,,,0.0851397737860679,0.0682621598243713,,,,,,,,,,,,,,,,,,,,,,,,,,,,,-1.3433980818661622,-2.299108048418069,2.299108048418069,-1.1766184883262507,-1.0083078385266473,1.0083078385266475,,,,3.3644433333333335,-0.18888333333333307,spair,FF,3.0
snapshots/spair_logsteps100_pretrainedFalse_freezeFalse_2025_12_10_06_41,spair_logsteps100_pretrainedFalse_freezeFalse_2025_12_10_06_41,spair,logsteps,100,False,False,2025_12_10_06_41,pointodyssey,5000,9361.5,1.8723,5,0.17485234399871272,0.002203433021932204,0.9977965669780678,5.0,,,,,,,,,,0.07632760447046509,0.47701994446616663,0.5229800555338333,5.0,,,,,,,,,,,,,,,,,,,,,,,0.4067144393920898,0.1102349162101745,,,,,,,,,,,,,,,,,,,,,,,,,,,,,-1.551620478102925,-6.115532806210505,6.115532806210528,-2.4933227970167264,-0.09198502629095641,0.09198502629095634,,,,2.2678866666666666,-0.39558666666666653,spair,FF,1.0
snapshots/spair_logsteps100_pretrainedFalse_freezeFalse_2025_12_10_06_41,spair_logsteps100_pretrainedFalse_freezeFalse_2025_12_10_06_41,spair,logsteps,100,False,False,2025_12_10_06_41,spair,5000,9957.0,1.9914,5,0.15634457368782811,0.256408856121145,0.7435911438788549,5.0,,,,,,,,,,0.25096959222398396,0.3366498224628481,0.663350177537152,5.0,,,,,,,,,,,,,,,,,,,,,,,0.0160695351660251,0.0219841338694095,,,,,,,,,,,,,,,,,,,,,,,,,,,,,-1.685681771455127,-1.0647180812805273,1.064718081280527,-1.0934477952499873,-0.6782597343731444,0.6782597343731446,,,,2.0635033333333332,-0.07210333333333319,spair,FF,7.0
snapshots/spair_logsteps100_pretrainedFalse_freezeFalse_2025_12_10_06_41,spair_logsteps100_pretrainedFalse_freezeFalse_2025_12_10_06_41,spair,logsteps,100,False,False,2025_12_10_06_41,synthetic,5000,11789.1,2.3578200000000002,5,,,,,,,,,,,,,,,,,,,,,,,,,,,,,,,,,,,,,,,,0.0710111707448959,0.1407236456871032,,,,,,,,,,,,,,,,,,,,,,,,,,,,,,,,,,,,,,2.400183333333333,-0.042363333333332864,spair,FF,1.0
snapshots/spair_logsteps100_pretrainedFalse_freezeFalse_2025_12_10_06_41,spair_logsteps100_pretrainedFalse_freezeFalse_2025_12_10_06_41,spair,logsteps,100,False,False,2025_12_10_06_41,tss,5000,17564.9,3.51298,5,0.2353696531493985,0.11281569576302089,0.8871843042369791,5.0,,,,,,,,,,0.19765368820387885,0.4399131726444521,0.5600868273555479,5.0,,,,,,,,,,,,,,,,,,,,,,,0.1032013297080993,0.0551612041890621,,,,,,,,,,,,,,,,,,,,,,,,,,,,,-1.1782352399003309,-2.0622972683134786,2.062297268313479,-1.4010238750366633,-0.24151444801931576,0.24151444801931599,,,,3.624926666666667,-0.11194666666666686,spair,FF,2.0
snapshots/spair_logsteps100_pretrainedTrue_freezeFalse_2025_12_10_06_42,spair_logsteps100_pretrainedTrue_freezeFalse_2025_12_10_06_42,spair,logsteps,100,True,False,2025_12_10_06_42,flyingthings,5000,259531.60000000003,51.90632000000001,5,0.14248546444791804,0.11013290819923163,0.8898670918007684,5.0,,,,,,,,,,0.15897695779631443,0.3471823294306611,0.6528176705693389,5.0,,,,,,,,,,,,,,,,,,,,,,,0.105754479765892,0.0699040591716766,,,,,,,,,,,,,,,,,,,,,,,,,,,,,-1.7947981393458752,-2.089384223724485,2.089384223724485,-1.6658597859767752,-0.6314477851763142,0.6314477851763142,,,,48.23252,3.673800000000007,spair,TF,7.0
snapshots/spair_logsteps100_pretrainedTrue_freezeFalse_2025_12_10_06_42,spair_logsteps100_pretrainedTrue_freezeFalse_2025_12_10_06_42,spair,logsteps,100,True,False,2025_12_10_06_42,kitti2012,5000,315192.8,63.03856,5,0.24223948718078575,0.009297834789201136,0.9907021652107989,5.0,,,,,,,,,,0.16593555265149498,0.2528552217253942,0.7471447782746058,5.0,,,,,,,,,,,,,,,,,,,,,,,0.4113391935825348,0.0937528759241104,,,,,,,,,,,,,,,,,,,,,,,,,,,,,-1.1404405363134047,-4.668632394825544,4.668632394825549,-1.61471119843755,-1.0834419005172753,1.0834419005172755,,,,59.49418666666667,3.5443733333333256,spair,TF,7.0
snapshots/spair_logsteps100_pretrainedTrue_freezeFalse_2025_12_10_06_42,spair_logsteps100_pretrainedTrue_freezeFalse_2025_12_10_06_42,spair,logsteps,100,True,False,2025_12_10_06_42,kitti2015,5000,323860.20000000007,64.77204000000002,5,,,,,,,,,,,,,,,,,,,,,,,,,,,,,,,,,,,,,,,,0.402207612991333,0.105941966176033,,,,,,,,,,,,,,,,,,,,,,,,,,,,,,,,,,,,,,62.48625333333334,2.285786666666681,spair,TF,6.0
snapshots/spair_logsteps100_pretrainedTrue_freezeFalse_2025_12_10_06_42,spair_logsteps100_pretrainedTrue_freezeFalse_2025_12_10_06_42,spair,logsteps,100,True,False,2025_12_10_06_42,middlebury,5000,183598.05,36.719609999999996,5,0.1577234766792105,0.010815303206907146,0.9891846967930928,5.0,,,,,,,,,,0.14245122161219903,0.4501859704169543,0.5498140295830457,5.0,,,,,,,,,,,,,,,,,,,,,,,0.1908574849367141,0.0899651125073432,,,,,,,,,,,,,,,,,,,,,,,,,,,,,-1.6752650206922834,-4.515918970454524,4.515918970454523,-1.7950784252061396,-0.1999193280314531,0.1999193280314531,,,,34.53024666666666,2.1893633333333327,spair,TF,7.0
snapshots/spair_logsteps100_pretrainedTrue_freezeFalse_2025_12_10_06_42,spair_logsteps100_pretrainedTrue_freezeFalse_2025_12_10_06_42,spair,logsteps,100,True,False,2025_12_10_06_42,pfpascal,5000,128382.04999999999,25.676409999999997,5,0.17367439416160707,0.13108621825842523,0.8689137817415747,5.0,,,,,,,,,,0.1863228523662501,0.3008696013612009,0.6991303986387991,5.0,,,,,,,,,,,,,,,,,,,,,,,0.0800290927290916,0.0579956881701946,,,,,,,,,,,,,,,,,,,,,,,,,,,,,-1.5598066435490041,-1.8913886434991198,1.8913886434991196,-1.474082728374344,-0.8431603222918539,0.8431603222918538,,,,23.19225,2.4841599999999957,spair,TF,11.0
snapshots/spair_logsteps100_pretrainedTrue_freezeFalse_2025_12_10_06_42,spair_logsteps100_pretrainedTrue_freezeFalse_2025_12_10_06_42,spair,logsteps,100,True,False,2025_12_10_06_42,pfwillow,5000,151894.5,30.3789,5,0.20695180063230878,0.09119685900423653,0.9088031409957634,5.0,,,,,,,,,,0.235660745668547,0.26731114003680717,0.7326888599631929,5.0,,,,,,,,,,,,,,,,,,,,,,,0.0851397737860679,0.0682621598243713,,,,,,,,,,,,,,,,,,,,,,,,,,,,,-1.3433980818661622,-2.299108048418069,2.299108048418069,-1.1766184883262507,-1.0083078385266473,1.0083078385266475,,,,27.67815333333333,2.700746666666671,spair,TF,12.0
snapshots/spair_logsteps100_pretrainedTrue_freezeFalse_2025_12_10_06_42,spair_logsteps100_pretrainedTrue_freezeFalse_2025_12_10_06_42,spair,logsteps,100,True,False,2025_12_10_06_42,pointodyssey,5000,126174.45,25.23489,5,0.17485234399871272,0.002203433021932204,0.9977965669780678,5.0,,,,,,,,,,0.07632760447046509,0.47701994446616663,0.5229800555338333,5.0,,,,,,,,,,,,,,,,,,,,,,,0.4067144393920898,0.1102349162101745,,,,,,,,,,,,,,,,,,,,,,,,,,,,,-1.551620478102925,-6.115532806210505,6.115532806210528,-2.4933227970167264,-0.09198502629095641,0.09198502629095634,,,,24.839123333333333,0.3957666666666668,spair,TF,7.0
snapshots/spair_logsteps100_pretrainedTrue_freezeFalse_2025_12_10_06_42,spair_logsteps100_pretrainedTrue_freezeFalse_2025_12_10_06_42,spair,logsteps,100,True,False,2025_12_10_06_42,spair,5000,87388.85,17.47777,5,0.15634457368782811,0.256408856121145,0.7435911438788549,5.0,,,,,,,,,,0.25096959222398396,0.3366498224628481,0.663350177537152,5.0,,,,,,,,,,,,,,,,,,,,,,,0.0160695351660251,0.0219841338694095,,,,,,,,,,,,,,,,,,,,,,,,,,,,,-1.685681771455127,-1.0647180812805273,1.064718081280527,-1.0934477952499873,-0.6782597343731444,0.6782597343731446,,,,16.234553333333334,1.2432166666666653,spair,TF,20.0
snapshots/spair_logsteps100_pretrainedTrue_freezeFalse_2025_12_10_06_42,spair_logsteps100_pretrainedTrue_freezeFalse_2025_12_10_06_42,spair,logsteps,100,True,False,2025_12_10_06_42,synthetic,5000,134665.7,26.93314,5,,,,,,,,,,,,,,,,,,,,,,,,,,,,,,,,,,,,,,,,0.0710111707448959,0.1407236456871032,,,,,,,,,,,,,,,,,,,,,,,,,,,,,,,,,,,,,,25.490916666666667,1.4422233333333345,spair,TF,7.0
snapshots/spair_logsteps100_pretrainedTrue_freezeFalse_2025_12_10_06_42,spair_logsteps100_pretrainedTrue_freezeFalse_2025_12_10_06_42,spair,logsteps,100,True,False,2025_12_10_06_42,tss,5000,213611.15000000002,42.72223,5,0.2353696531493985,0.11281569576302089,0.8871843042369791,5.0,,,,,,,,,,0.19765368820387885,0.4399131726444521,0.5600868273555479,5.0,,,,,,,,,,,,,,,,,,,,,,,0.1032013297080993,0.0551612041890621,,,,,,,,,,,,,,,,,,,,,,,,,,,,,-1.1782352399003309,-2.0622972683134786,2.062297268313479,-1.4010238750366633,-0.24151444801931576,0.24151444801931599,,,,39.87302333333333,2.8492066666666744,spair,TF,9.0
snapshots/spair_logsteps100_pretrainedTrue_freezeTrue_2025_12_10_06_26,spair_logsteps100_pretrainedTrue_freezeTrue_2025_12_10_06_26,spair,logsteps,100,True,True,2025_12_10_06_26,flyingthings,5000,281575.8,56.31516,5,0.14248546444791804,0.11013290819923163,0.8898670918007684,5.0,,,,,,,,,,0.15897695779631443,0.3471823294306611,0.6528176705693389,5.0,,,,,,,,,,,,,,,,,,,,,,,0.105754479765892,0.0699040591716766,,,,,,,,,,,,,,,,,,,,,,,,,,,,,-1.7947981393458752,-2.089384223724485,2.089384223724485,-1.6658597859767752,-0.6314477851763142,0.6314477851763142,,,,53.90556,2.4095999999999975,spair,TT,8.0
snapshots/spair_logsteps100_pretrainedTrue_freezeTrue_2025_12_10_06_26,spair_logsteps100_pretrainedTrue_freezeTrue_2025_12_10_06_26,spair,logsteps,100,True,True,2025_12_10_06_26,kitti2012,5000,331457.1,66.29142,5,0.24223948718078575,0.009297834789201136,0.9907021652107989,5.0,,,,,,,,,,0.16593555265149498,0.2528552217253942,0.7471447782746058,5.0,,,,,,,,,,,,,,,,,,,,,,,0.4113391935825348,0.0937528759241104,,,,,,,,,,,,,,,,,,,,,,,,,,,,,-1.1404405363134047,-4.668632394825544,4.668632394825549,-1.61471119843755,-1.0834419005172753,1.0834419005172755,,,,64.06846666666667,2.2229533333333364,spair,TT,8.0
snapshots/spair_logsteps100_pretrainedTrue_freezeTrue_2025_12_10_06_26,spair_logsteps100_pretrainedTrue_freezeTrue_2025_12_10_06_26,spair,logsteps,100,True,True,2025_12_10_06_26,kitti2015,5000,336001.69999999995,67.20034,5,,,,,,,,,,,,,,,,,,,,,,,,,,,,,,,,,,,,,,,,0.402207612991333,0.105941966176033,,,,,,,,,,,,,,,,,,,,,,,,,,,,,,,,,,,,,,65.10567999999999,2.0946600000000046,spair,TT,8.0
snapshots/spair_logsteps100_pretrainedTrue_freezeTrue_2025_12_10_06_26,spair_logsteps100_pretrainedTrue_freezeTrue_2025_12_10_06_26,spair,logsteps,100,True,True,2025_12_10_06_26,middlebury,5000,194166.05,38.83321,5,0.1577234766792105,0.010815303206907146,0.9891846967930928,5.0,,,,,,,,,,0.14245122161219903,0.4501859704169543,0.5498140295830457,5.0,,,,,,,,,,,,,,,,,,,,,,,0.1908574849367141,0.0899651125073432,,,,,,,,,,,,,,,,,,,,,,,,,,,,,-1.6752650206922834,-4.515918970454524,4.515918970454523,-1.7950784252061396,-0.1999193280314531,0.1999193280314531,,,,37.7005,1.132710000000003,spair,TT,8.0
snapshots/spair_logsteps100_pretrainedTrue_freezeTrue_2025_12_10_06_26,spair_logsteps100_pretrainedTrue_freezeTrue_2025_12_10_06_26,spair,logsteps,100,True,True,2025_12_10_06_26,pfpascal,5000,144541.1,28.90822,5,0.17367439416160707,0.13108621825842523,0.8689137817415747,5.0,,,,,,,,,,0.1863228523662501,0.3008696013612009,0.6991303986387991,5.0,,,,,,,,,,,,,,,,,,,,,,,0.0800290927290916,0.0579956881701946,,,,,,,,,,,,,,,,,,,,,,,,,,,,,-1.5598066435490041,-1.8913886434991198,1.8913886434991196,-1.474082728374344,-0.8431603222918539,0.8431603222918538,,,,27.819223333333337,1.088996666666663,spair,TT,14.0
snapshots/spair_logsteps100_pretrainedTrue_freezeTrue_2025_12_10_06_26,spair_logsteps100_pretrainedTrue_freezeTrue_2025_12_10_06_26,spair,logsteps,100,True,True,2025_12_10_06_26,pfwillow,5000,166138.84999999998,33.22776999999999,5,0.20695180063230878,0.09119685900423653,0.9088031409957634,5.0,,,,,,,,,,0.235660745668547,0.26731114003680717,0.7326888599631929,5.0,,,,,,,,,,,,,,,,,,,,,,,0.0851397737860679,0.0682621598243713,,,,,,,,,,,,,,,,,,,,,,,,,,,,,-1.3433980818661622,-2.299108048418069,2.299108048418069,-1.1766184883262507,-1.0083078385266473,1.0083078385266475,,,,32.30222,0.9255499999999941,spair,TT,14.0
snapshots/spair_logsteps100_pretrainedTrue_freezeTrue_2025_12_10_06_26,spair_logsteps100_pretrainedTrue_freezeTrue_2025_12_10_06_26,spair,logsteps,100,True,True,2025_12_10_06_26,pointodyssey,5000,127572.4,25.51448,5,0.17485234399871272,0.002203433021932204,0.9977965669780678,5.0,,,,,,,,,,0.07632760447046509,0.47701994446616663,0.5229800555338333,5.0,,,,,,,,,,,,,,,,,,,,,,,0.4067144393920898,0.1102349162101745,,,,,,,,,,,,,,,,,,,,,,,,,,,,,-1.551620478102925,-6.115532806210505,6.115532806210528,-2.4933227970167264,-0.09198502629095641,0.09198502629095634,,,,24.515383333333332,0.9990966666666665,spair,TT,8.0
snapshots/spair_logsteps100_pretrainedTrue_freezeTrue_2025_12_10_06_26,spair_logsteps100_pretrainedTrue_freezeTrue_2025_12_10_06_26,spair,logsteps,100,True,True,2025_12_10_06_26,spair,5000,100715.1,20.14302,5,0.15634457368782811,0.256408856121145,0.7435911438788549,5.0,,,,,,,,,,0.25096959222398396,0.3366498224628481,0.663350177537152,5.0,,,,,,,,,,,,,,,,,,,,,,,0.0160695351660251,0.0219841338694095,,,,,,,,,,,,,,,,,,,,,,,,,,,,,-1.685681771455127,-1.0647180812805273,1.064718081280527,-1.0934477952499873,-0.6782597343731444,0.6782597343731446,,,,19.357693333333334,0.7853266666666663,spair,TT,21.0
snapshots/spair_logsteps100_pretrainedTrue_freezeTrue_2025_12_10_06_26,spair_logsteps100_pretrainedTrue_freezeTrue_2025_12_10_06_26,spair,logsteps,100,True,True,2025_12_10_06_26,synthetic,5000,156125.55000000002,31.225110000000004,5,,,,,,,,,,,,,,,,,,,,,,,,,,,,,,,,,,,,,,,,0.0710111707448959,0.1407236456871032,,,,,,,,,,,,,,,,,,,,,,,,,,,,,,,,,,,,,,29.962760000000003,1.2623500000000014,spair,TT,16.0
snapshots/spair_logsteps100_pretrainedTrue_freezeTrue_2025_12_10_06_26,spair_logsteps100_pretrainedTrue_freezeTrue_2025_12_10_06_26,spair,logsteps,100,True,True,2025_12_10_06_26,tss,5000,224437.75,44.88755,5,0.2353696531493985,0.11281569576302089,0.8871843042369791,5.0,,,,,,,,,,0.19765368820387885,0.4399131726444521,0.5600868273555479,5.0,,,,,,,,,,,,,,,,,,,,,,,0.1032013297080993,0.0551612041890621,,,,,,,,,,,,,,,,,,,,,,,,,,,,,-1.1782352399003309,-2.0622972683134786,2.062297268313479,-1.4010238750366633,-0.24151444801931576,0.24151444801931599,,,,43.74900333333333,1.1385466666666701,spair,TT,11.0
snapshots/spair_steps100_pretrainedFalse_freezeFalse_2025_12_10_22_16,spair_steps100_pretrainedFalse_freezeFalse_2025_12_10_22_16,spair,steps,100,False,False,2025_12_10_22_16,flyingthings,5000,10822.150000000001,2.1644300000000003,5,0.14248546444791804,0.11013290819923163,0.8898670918007684,5.0,,,,,,,,,,0.15897695779631443,0.3471823294306611,0.6528176705693389,5.0,,,,,,,,,,,,,,,,,,,,,,,0.105754479765892,0.0699040591716766,,,,,,,,,,,,,,,,,,,,,,,,,,,,,-1.7947981393458752,-2.089384223724485,2.089384223724485,-1.6658597859767752,-0.6314477851763142,0.6314477851763142,,,,2.08833,0.07610000000000028,spair,FF,2.0
snapshots/spair_steps100_pretrainedFalse_freezeFalse_2025_12_10_22_16,spair_steps100_pretrainedFalse_freezeFalse_2025_12_10_22_16,spair,steps,100,False,False,2025_12_10_22_16,kitti2012,5000,24668.0,4.9336,5,0.24223948718078575,0.009297834789201136,0.9907021652107989,5.0,,,,,,,,,,0.16593555265149498,0.2528552217253942,0.7471447782746058,5.0,,,,,,,,,,,,,,,,,,,,,,,0.4113391935825348,0.0937528759241104,,,,,,,,,,,,,,,,,,,,,,,,,,,,,-1.1404405363134047,-4.668632394825544,4.668632394825549,-1.61471119843755,-1.0834419005172753,1.0834419005172755,,,,4.8632566666666674,0.07034333333333276,spair,FF,2.0
snapshots/spair_steps100_pretrainedFalse_freezeFalse_2025_12_10_22_16,spair_steps100_pretrainedFalse_freezeFalse_2025_12_10_22_16,spair,steps,100,False,False,2025_12_10_22_16,kitti2015,5000,31407.35,6.28147,5,,,,,,,,,,,,,,,,,,,,,,,,,,,,,,,,,,,,,,,,0.402207612991333,0.105941966176033,,,,,,,,,,,,,,,,,,,,,,,,,,,,,,,,,,,,,,6.796363333333333,-0.5148933333333332,spair,FF,1.0
snapshots/spair_steps100_pretrainedFalse_freezeFalse_2025_12_10_22_16,spair_steps100_pretrainedFalse_freezeFalse_2025_12_10_22_16,spair,steps,100,False,False,2025_12_10_22_16,middlebury,5000,10472.4,2.09448,5,0.1577234766792105,0.010815303206907146,0.9891846967930928,5.0,,,,,,,,,,0.14245122161219903,0.4501859704169543,0.5498140295830457,5.0,,,,,,,,,,,,,,,,,,,,,,,0.1908574849367141,0.0899651125073432,,,,,,,,,,,,,,,,,,,,,,,,,,,,,-1.6752650206922834,-4.515918970454524,4.515918970454523,-1.7950784252061396,-0.1999193280314531,0.1999193280314531,,,,1.9837666666666667,0.11071333333333322,spair,FF,2.0
snapshots/spair_steps100_pretrainedFalse_freezeFalse_2025_12_10_22_16,spair_steps100_pretrainedFalse_freezeFalse_2025_12_10_22_16,spair,steps,100,False,False,2025_12_10_22_16,pfpascal,5000,10532.4,2.10648,5,0.17367439416160707,0.13108621825842523,0.8689137817415747,5.0,,,,,,,,,,0.1863228523662501,0.3008696013612009,0.6991303986387991,5.0,,,,,,,,,,,,,,,,,,,,,,,0.0800290927290916,0.0579956881701946,,,,,,,,,,,,,,,,,,,,,,,,,,,,,-1.5598066435490041,-1.8913886434991198,1.8913886434991196,-1.474082728374344,-0.8431603222918539,0.8431603222918538,,,,1.9410966666666667,0.16538333333333322,spair,FF,6.0
snapshots/spair_steps100_pretrainedFalse_freezeFalse_2025_12_10_22_16,spair_steps100_pretrainedFalse_freezeFalse_2025_12_10_22_16,spair,steps,100,False,False,2025_12_10_22_16,pfwillow,5000,16877.75,3.37555,5,0.20695180063230878,0.09119685900423653,0.9088031409957634,5.0,,,,,,,,,,0.235660745668547,0.26731114003680717,0.7326888599631929,5.0,,,,,,,,,,,,,,,,,,,,,,,0.0851397737860679,0.0682621598243713,,,,,,,,,,,,,,,,,,,,,,,,,,,,,-1.3433980818661622,-2.299108048418069,2.299108048418069,-1.1766184883262507,-1.0083078385266473,1.0083078385266475,,,,3.3644433333333335,0.011106666666666598,spair,FF,4.0
snapshots/spair_steps100_pretrainedFalse_freezeFalse_2025_12_10_22_16,spair_steps100_pretrainedFalse_freezeFalse_2025_12_10_22_16,spair,steps,100,False,False,2025_12_10_22_16,pointodyssey,5000,12226.45,2.44529,5,0.17485234399871272,0.002203433021932204,0.9977965669780678,5.0,,,,,,,,,,0.07632760447046509,0.47701994446616663,0.5229800555338333,5.0,,,,,,,,,,,,,,,,,,,,,,,0.4067144393920898,0.1102349162101745,,,,,,,,,,,,,,,,,,,,,,,,,,,,,-1.551620478102925,-6.115532806210505,6.115532806210528,-2.4933227970167264,-0.09198502629095641,0.09198502629095634,,,,2.2678866666666666,0.17740333333333336,spair,FF,2.0
snapshots/spair_steps100_pretrainedFalse_freezeFalse_2025_12_10_22_16,spair_steps100_pretrainedFalse_freezeFalse_2025_12_10_22_16,spair,steps,100,False,False,2025_12_10_22_16,spair,5000,10239.050000000001,2.04781,5,0.15634457368782811,0.256408856121145,0.7435911438788549,5.0,,,,,,,,,,0.25096959222398396,0.3366498224628481,0.663350177537152,5.0,,,,,,,,,,,,,,,,,,,,,,,0.0160695351660251,0.0219841338694095,,,,,,,,,,,,,,,,,,,,,,,,,,,,,-1.685681771455127,-1.0647180812805273,1.064718081280527,-1.0934477952499873,-0.6782597343731444,0.6782597343731446,,,,2.0635033333333332,-0.015693333333333115,spair,FF,8.0
snapshots/spair_steps100_pretrainedFalse_freezeFalse_2025_12_10_22_16,spair_steps100_pretrainedFalse_freezeFalse_2025_12_10_22_16,spair,steps,100,False,False,2025_12_10_22_16,synthetic,5000,12250.05,2.45001,5,,,,,,,,,,,,,,,,,,,,,,,,,,,,,,,,,,,,,,,,0.0710111707448959,0.1407236456871032,,,,,,,,,,,,,,,,,,,,,,,,,,,,,,,,,,,,,,2.400183333333333,0.049826666666666686,spair,FF,3.0
snapshots/spair_steps100_pretrainedFalse_freezeFalse_2025_12_10_22_16,spair_steps100_pretrainedFalse_freezeFalse_2025_12_10_22_16,spair,steps,100,False,False,2025_12_10_22_16,tss,5000,17549.600000000002,3.5099200000000006,5,0.2353696531493985,0.11281569576302089,0.8871843042369791,5.0,,,,,,,,,,0.19765368820387885,0.4399131726444521,0.5600868273555479,5.0,,,,,,,,,,,,,,,,,,,,,,,0.1032013297080993,0.0551612041890621,,,,,,,,,,,,,,,,,,,,,,,,,,,,,-1.1782352399003309,-2.0622972683134786,2.062297268313479,-1.4010238750366633,-0.24151444801931576,0.24151444801931599,,,,3.624926666666667,-0.11500666666666648,spair,FF,1.0
snapshots/spair_steps100_pretrainedFalse_freezeFalse_2025_12_12_23_44,spair_steps100_pretrainedFalse_freezeFalse_2025_12_12_23_44,spair,steps,100,False,False,2025_12_12_23_44,flyingthings,5000,11079.05,2.21581,5,0.14248546444791804,0.11013290819923163,0.8898670918007684,5.0,,,,,,,,,,0.15897695779631443,0.3471823294306611,0.6528176705693389,5.0,,,,,,,,,,,,,,,,,,,,,,,0.105754479765892,0.0699040591716766,,,,,,,,,,,,,,,,,,,,,,,,,,,,,-1.7947981393458752,-2.089384223724485,2.089384223724485,-1.6658597859767752,-0.6314477851763142,0.6314477851763142,,,,2.08833,0.12747999999999982,spair,FF,3.0
snapshots/spair_steps100_pretrainedFalse_freezeFalse_2025_12_12_23_44,spair_steps100_pretrainedFalse_freezeFalse_2025_12_12_23_44,spair,steps,100,False,False,2025_12_12_23_44,kitti2012,5000,27472.25,5.49445,5,0.24223948718078575,0.009297834789201136,0.9907021652107989,5.0,,,,,,,,,,0.16593555265149498,0.2528552217253942,0.7471447782746058,5.0,,,,,,,,,,,,,,,,,,,,,,,0.4113391935825348,0.0937528759241104,,,,,,,,,,,,,,,,,,,,,,,,,,,,,-1.1404405363134047,-4.668632394825544,4.668632394825549,-1.61471119843755,-1.0834419005172753,1.0834419005172755,,,,4.8632566666666674,0.6311933333333322,spair,FF,3.0
snapshots/spair_steps100_pretrainedFalse_freezeFalse_2025_12_12_23_44,spair_steps100_pretrainedFalse_freezeFalse_2025_12_12_23_44,spair,steps,100,False,False,2025_12_12_23_44,kitti2015,5000,38047.95,7.60959,5,,,,,,,,,,,,,,,,,,,,,,,,,,,,,,,,,,,,,,,,0.402207612991333,0.105941966176033,,,,,,,,,,,,,,,,,,,,,,,,,,,,,,,,,,,,,,6.796363333333333,0.813226666666667,spair,FF,3.0
snapshots/spair_steps100_pretrainedFalse_freezeFalse_2025_12_12_23_44,spair_steps100_pretrainedFalse_freezeFalse_2025_12_12_23_44,spair,steps,100,False,False,2025_12_12_23_44,middlebury,5000,10583.55,2.11671,5,0.1577234766792105,0.010815303206907146,0.9891846967930928,5.0,,,,,,,,,,0.14245122161219903,0.4501859704169543,0.5498140295830457,5.0,,,,,,,,,,,,,,,,,,,,,,,0.1908574849367141,0.0899651125073432,,,,,,,,,,,,,,,,,,,,,,,,,,,,,-1.6752650206922834,-4.515918970454524,4.515918970454523,-1.7950784252061396,-0.1999193280314531,0.1999193280314531,,,,1.9837666666666667,0.1329433333333332,spair,FF,3.0
snapshots/spair_steps100_pretrainedFalse_freezeFalse_2025_12_12_23_44,spair_steps100_pretrainedFalse_freezeFalse_2025_12_12_23_44,spair,steps,100,False,False,2025_12_12_23_44,pfpascal,5000,9908.5,1.9817,5,0.17367439416160707,0.13108621825842523,0.8689137817415747,5.0,,,,,,,,,,0.1863228523662501,0.3008696013612009,0.6991303986387991,5.0,,,,,,,,,,,,,,,,,,,,,,,0.0800290927290916,0.0579956881701946,,,,,,,,,,,,,,,,,,,,,,,,,,,,,-1.5598066435490041,-1.8913886434991198,1.8913886434991196,-1.474082728374344,-0.8431603222918539,0.8431603222918538,,,,1.9410966666666667,0.040603333333333325,spair,FF,3.0
snapshots/spair_steps100_pretrainedFalse_freezeFalse_2025_12_12_23_44,spair_steps100_pretrainedFalse_freezeFalse_2025_12_12_23_44,spair,steps,100,False,False,2025_12_12_23_44,pfwillow,5000,17711.1,3.54222,5,0.20695180063230878,0.09119685900423653,0.9088031409957634,5.0,,,,,,,,,,0.235660745668547,0.26731114003680717,0.7326888599631929,5.0,,,,,,,,,,,,,,,,,,,,,,,0.0851397737860679,0.0682621598243713,,,,,,,,,,,,,,,,,,,,,,,,,,,,,-1.3433980818661622,-2.299108048418069,2.299108048418069,-1.1766184883262507,-1.0083078385266473,1.0083078385266475,,,,3.3644433333333335,0.17777666666666647,spair,FF,6.0
snapshots/spair_steps100_pretrainedFalse_freezeFalse_2025_12_12_23_44,spair_steps100_pretrainedFalse_freezeFalse_2025_12_12_23_44,spair,steps,100,False,False,2025_12_12_23_44,pointodyssey,5000,12430.349999999999,2.48607,5,0.17485234399871272,0.002203433021932204,0.9977965669780678,5.0,,,,,,,,,,0.07632760447046509,0.47701994446616663,0.5229800555338333,5.0,,,,,,,,,,,,,,,,,,,,,,,0.4067144393920898,0.1102349162101745,,,,,,,,,,,,,,,,,,,,,,,,,,,,,-1.551620478102925,-6.115532806210505,6.115532806210528,-2.4933227970167264,-0.09198502629095641,0.09198502629095634,,,,2.2678866666666666,0.21818333333333317,spair,FF,3.0
snapshots/spair_steps100_pretrainedFalse_freezeFalse_2025_12_12_23_44,spair_steps100_pretrainedFalse_freezeFalse_2025_12_12_23_44,spair,steps,100,False,False,2025_12_12_23_44,spair,5000,10756.5,2.1513,5,0.15634457368782811,0.256408856121145,0.7435911438788549,5.0,,,,,,,,,,0.25096959222398396,0.3366498224628481,0.663350177537152,5.0,,,,,,,,,,,,,,,,,,,,,,,0.0160695351660251,0.0219841338694095,,,,,,,,,,,,,,,,,,,,,,,,,,,,,-1.685681771455127,-1.0647180812805273,1.064718081280527,-1.0934477952499873,-0.6782597343731444,0.6782597343731446,,,,2.0635033333333332,0.08779666666666675,spair,FF,10.0
snapshots/spair_steps100_pretrainedFalse_freezeFalse_2025_12_12_23_44,spair_steps100_pretrainedFalse_freezeFalse_2025_12_12_23_44,spair,steps,100,False,False,2025_12_12_23_44,synthetic,5000,11963.599999999999,2.3927199999999997,5,,,,,,,,,,,,,,,,,,,,,,,,,,,,,,,,,,,,,,,,0.0710111707448959,0.1407236456871032,,,,,,,,,,,,,,,,,,,,,,,,,,,,,,,,,,,,,,2.400183333333333,-0.007463333333333377,spair,FF,2.0
snapshots/spair_steps100_pretrainedFalse_freezeFalse_2025_12_12_23_44,spair_steps100_pretrainedFalse_freezeFalse_2025_12_12_23_44,spair,steps,100,False,False,2025_12_12_23_44,tss,5000,19259.400000000005,3.851880000000001,5,0.2353696531493985,0.11281569576302089,0.8871843042369791,5.0,,,,,,,,,,0.19765368820387885,0.4399131726444521,0.5600868273555479,5.0,,,,,,,,,,,,,,,,,,,,,,,0.1032013297080993,0.0551612041890621,,,,,,,,,,,,,,,,,,,,,,,,,,,,,-1.1782352399003309,-2.0622972683134786,2.062297268313479,-1.4010238750366633,-0.24151444801931576,0.24151444801931599,,,,3.624926666666667,0.22695333333333378,spair,FF,3.0
snapshots/spair_steps100_pretrainedTrue_freezeFalse_2025_12_10_20_45,spair_steps100_pretrainedTrue_freezeFalse_2025_12_10_20_45,spair,steps,100,True,False,2025_12_10_20_45,flyingthings,5000,209353.55,41.870709999999995,5,0.14248546444791804,0.11013290819923163,0.8898670918007684,5.0,,,,,,,,,,0.15897695779631443,0.3471823294306611,0.6528176705693389,5.0,,,,,,,,,,,,,,,,,,,,,,,0.105754479765892,0.0699040591716766,,,,,,,,,,,,,,,,,,,,,,,,,,,,,-1.7947981393458752,-2.089384223724485,2.089384223724485,-1.6658597859767752,-0.6314477851763142,0.6314477851763142,,,,48.23252,-6.3618100000000055,spair,TF,5.0
snapshots/spair_steps100_pretrainedTrue_freezeFalse_2025_12_10_20_45,spair_steps100_pretrainedTrue_freezeFalse_2025_12_10_20_45,spair,steps,100,True,False,2025_12_10_20_45,kitti2012,5000,267564.55,53.51291,5,0.24223948718078575,0.009297834789201136,0.9907021652107989,5.0,,,,,,,,,,0.16593555265149498,0.2528552217253942,0.7471447782746058,5.0,,,,,,,,,,,,,,,,,,,,,,,0.4113391935825348,0.0937528759241104,,,,,,,,,,,,,,,,,,,,,,,,,,,,,-1.1404405363134047,-4.668632394825544,4.668632394825549,-1.61471119843755,-1.0834419005172753,1.0834419005172755,,,,59.49418666666667,-5.981276666666673,spair,TF,5.0
snapshots/spair_steps100_pretrainedTrue_freezeFalse_2025_12_10_20_45,spair_steps100_pretrainedTrue_freezeFalse_2025_12_10_20_45,spair,steps,100,True,False,2025_12_10_20_45,kitti2015,5000,288685.8,57.737159999999996,5,,,,,,,,,,,,,,,,,,,,,,,,,,,,,,,,,,,,,,,,0.402207612991333,0.105941966176033,,,,,,,,,,,,,,,,,,,,,,,,,,,,,,,,,,,,,,62.48625333333334,-4.749093333333342,spair,TF,5.0
snapshots/spair_steps100_pretrainedTrue_freezeFalse_2025_12_10_20_45,spair_steps100_pretrainedTrue_freezeFalse_2025_12_10_20_45,spair,steps,100,True,False,2025_12_10_20_45,middlebury,5000,155220.59999999998,31.044119999999996,5,0.1577234766792105,0.010815303206907146,0.9891846967930928,5.0,,,,,,,,,,0.14245122161219903,0.4501859704169543,0.5498140295830457,5.0,,,,,,,,,,,,,,,,,,,,,,,0.1908574849367141,0.0899651125073432,,,,,,,,,,,,,,,,,,,,,,,,,,,,,-1.6752650206922834,-4.515918970454524,4.515918970454523,-1.7950784252061396,-0.1999193280314531,0.1999193280314531,,,,34.53024666666666,-3.4861266666666673,spair,TF,5.0
snapshots/spair_steps100_pretrainedTrue_freezeFalse_2025_12_10_20_45,spair_steps100_pretrainedTrue_freezeFalse_2025_12_10_20_45,spair,steps,100,True,False,2025_12_10_20_45,pfpascal,5000,94579.95,18.91599,5,0.17367439416160707,0.13108621825842523,0.8689137817415747,5.0,,,,,,,,,,0.1863228523662501,0.3008696013612009,0.6991303986387991,5.0,,,,,,,,,,,,,,,,,,,,,,,0.0800290927290916,0.0579956881701946,,,,,,,,,,,,,,,,,,,,,,,,,,,,,-1.5598066435490041,-1.8913886434991198,1.8913886434991196,-1.474082728374344,-0.8431603222918539,0.8431603222918538,,,,23.19225,-4.276260000000001,spair,TF,6.0
snapshots/spair_steps100_pretrainedTrue_freezeFalse_2025_12_10_20_45,spair_steps100_pretrainedTrue_freezeFalse_2025_12_10_20_45,spair,steps,100,True,False,2025_12_10_20_45,pfwillow,5000,120405.6,24.081120000000002,5,0.20695180063230878,0.09119685900423653,0.9088031409957634,5.0,,,,,,,,,,0.235660745668547,0.26731114003680717,0.7326888599631929,5.0,,,,,,,,,,,,,,,,,,,,,,,0.0851397737860679,0.0682621598243713,,,,,,,,,,,,,,,,,,,,,,,,,,,,,-1.3433980818661622,-2.299108048418069,2.299108048418069,-1.1766184883262507,-1.0083078385266473,1.0083078385266475,,,,27.67815333333333,-3.5970333333333286,spair,TF,6.0
snapshots/spair_steps100_pretrainedTrue_freezeFalse_2025_12_10_20_45,spair_steps100_pretrainedTrue_freezeFalse_2025_12_10_20_45,spair,steps,100,True,False,2025_12_10_20_45,pointodyssey,5000,128408.84999999999,25.681769999999997,5,0.17485234399871272,0.002203433021932204,0.9977965669780678,5.0,,,,,,,,,,0.07632760447046509,0.47701994446616663,0.5229800555338333,5.0,,,,,,,,,,,,,,,,,,,,,,,0.4067144393920898,0.1102349162101745,,,,,,,,,,,,,,,,,,,,,,,,,,,,,-1.551620478102925,-6.115532806210505,6.115532806210528,-2.4933227970167264,-0.09198502629095641,0.09198502629095634,,,,24.839123333333333,0.8426466666666634,spair,TF,8.0
snapshots/spair_steps100_pretrainedTrue_freezeFalse_2025_12_10_20_45,spair_steps100_pretrainedTrue_freezeFalse_2025_12_10_20_45,spair,steps,100,True,False,2025_12_10_20_45,spair,5000,65488.149999999994,13.097629999999999,5,0.15634457368782811,0.256408856121145,0.7435911438788549,5.0,,,,,,,,,,0.25096959222398396,0.3366498224628481,0.663350177537152,5.0,,,,,,,,,,,,,,,,,,,,,,,0.0160695351660251,0.0219841338694095,,,,,,,,,,,,,,,,,,,,,,,,,,,,,-1.685681771455127,-1.0647180812805273,1.064718081280527,-1.0934477952499873,-0.6782597343731444,0.6782597343731446,,,,16.234553333333334,-3.1369233333333355,spair,TF,15.0
snapshots/spair_steps100_pretrainedTrue_freezeFalse_2025_12_10_20_45,spair_steps100_pretrainedTrue_freezeFalse_2025_12_10_20_45,spair,steps,100,True,False,2025_12_10_20_45,synthetic,5000,113548.45000000001,22.709690000000002,5,,,,,,,,,,,,,,,,,,,,,,,,,,,,,,,,,,,,,,,,0.0710111707448959,0.1407236456871032,,,,,,,,,,,,,,,,,,,,,,,,,,,,,,,,,,,,,,25.490916666666667,-2.781226666666665,spair,TF,3.0
snapshots/spair_steps100_pretrainedTrue_freezeFalse_2025_12_10_20_45,spair_steps100_pretrainedTrue_freezeFalse_2025_12_10_20_45,spair,steps,100,True,False,2025_12_10_20_45,tss,5000,176153.0,35.2306,5,0.2353696531493985,0.11281569576302089,0.8871843042369791,5.0,,,,,,,,,,0.19765368820387885,0.4399131726444521,0.5600868273555479,5.0,,,,,,,,,,,,,,,,,,,,,,,0.1032013297080993,0.0551612041890621,,,,,,,,,,,,,,,,,,,,,,,,,,,,,-1.1782352399003309,-2.0622972683134786,2.062297268313479,-1.4010238750366633,-0.24151444801931576,0.24151444801931599,,,,39.87302333333333,-4.642423333333326,spair,TF,5.0
snapshots/spair_steps100_pretrainedTrue_freezeFalse_2025_12_12_23_44,spair_steps100_pretrainedTrue_freezeFalse_2025_12_12_23_44,spair,steps,100,True,False,2025_12_12_23_44,flyingthings,5000,254602.65000000002,50.92053000000001,5,0.14248546444791804,0.11013290819923163,0.8898670918007684,5.0,,,,,,,,,,0.15897695779631443,0.3471823294306611,0.6528176705693389,5.0,,,,,,,,,,,,,,,,,,,,,,,0.105754479765892,0.0699040591716766,,,,,,,,,,,,,,,,,,,,,,,,,,,,,-1.7947981393458752,-2.089384223724485,2.089384223724485,-1.6658597859767752,-0.6314477851763142,0.6314477851763142,,,,48.23252,2.6880100000000056,spair,TF,6.0
snapshots/spair_steps100_pretrainedTrue_freezeFalse_2025_12_12_23_44,spair_steps100_pretrainedTrue_freezeFalse_2025_12_12_23_44,spair,steps,100,True,False,2025_12_12_23_44,kitti2012,5000,309655.45,61.931090000000005,5,0.24223948718078575,0.009297834789201136,0.9907021652107989,5.0,,,,,,,,,,0.16593555265149498,0.2528552217253942,0.7471447782746058,5.0,,,,,,,,,,,,,,,,,,,,,,,0.4113391935825348,0.0937528759241104,,,,,,,,,,,,,,,,,,,,,,,,,,,,,-1.1404405363134047,-4.668632394825544,4.668632394825549,-1.61471119843755,-1.0834419005172753,1.0834419005172755,,,,59.49418666666667,2.4369033333333334,spair,TF,6.0
snapshots/spair_steps100_pretrainedTrue_freezeFalse_2025_12_12_23_44,spair_steps100_pretrainedTrue_freezeFalse_2025_12_12_23_44,spair,steps,100,True,False,2025_12_12_23_44,kitti2015,5000,324747.80000000005,64.94956,5,,,,,,,,,,,,,,,,,,,,,,,,,,,,,,,,,,,,,,,,0.402207612991333,0.105941966176033,,,,,,,,,,,,,,,,,,,,,,,,,,,,,,,,,,,,,,62.48625333333334,2.463306666666668,spair,TF,7.0
snapshots/spair_steps100_pretrainedTrue_freezeFalse_2025_12_12_23_44,spair_steps100_pretrainedTrue_freezeFalse_2025_12_12_23_44,spair,steps,100,True,False,2025_12_12_23_44,middlebury,5000,179135.05,35.827009999999994,5,0.1577234766792105,0.010815303206907146,0.9891846967930928,5.0,,,,,,,,,,0.14245122161219903,0.4501859704169543,0.5498140295830457,5.0,,,,,,,,,,,,,,,,,,,,,,,0.1908574849367141,0.0899651125073432,,,,,,,,,,,,,,,,,,,,,,,,,,,,,-1.6752650206922834,-4.515918970454524,4.515918970454523,-1.7950784252061396,-0.1999193280314531,0.1999193280314531,,,,34.53024666666666,1.296763333333331,spair,TF,6.0
snapshots/spair_steps100_pretrainedTrue_freezeFalse_2025_12_12_23_44,spair_steps100_pretrainedTrue_freezeFalse_2025_12_12_23_44,spair,steps,100,True,False,2025_12_12_23_44,pfpascal,5000,124921.75,24.98435,5,0.17367439416160707,0.13108621825842523,0.8689137817415747,5.0,,,,,,,,,,0.1863228523662501,0.3008696013612009,0.6991303986387991,5.0,,,,,,,,,,,,,,,,,,,,,,,0.0800290927290916,0.0579956881701946,,,,,,,,,,,,,,,,,,,,,,,,,,,,,-1.5598066435490041,-1.8913886434991198,1.8913886434991196,-1.474082728374344,-0.8431603222918539,0.8431603222918538,,,,23.19225,1.7920999999999978,spair,TF,9.0
snapshots/spair_steps100_pretrainedTrue_freezeFalse_2025_12_12_23_44,spair_steps100_pretrainedTrue_freezeFalse_2025_12_12_23_44,spair,steps,100,True,False,2025_12_12_23_44,pfwillow,5000,142872.19999999998,28.574439999999996,5,0.20695180063230878,0.09119685900423653,0.9088031409957634,5.0,,,,,,,,,,0.235660745668547,0.26731114003680717,0.7326888599631929,5.0,,,,,,,,,,,,,,,,,,,,,,,0.0851397737860679,0.0682621598243713,,,,,,,,,,,,,,,,,,,,,,,,,,,,,-1.3433980818661622,-2.299108048418069,2.299108048418069,-1.1766184883262507,-1.0083078385266473,1.0083078385266475,,,,27.67815333333333,0.8962866666666649,spair,TF,11.0
snapshots/spair_steps100_pretrainedTrue_freezeFalse_2025_12_12_23_44,spair_steps100_pretrainedTrue_freezeFalse_2025_12_12_23_44,spair,steps,100,True,False,2025_12_12_23_44,pointodyssey,5000,118003.55,23.60071,5,0.17485234399871272,0.002203433021932204,0.9977965669780678,5.0,,,,,,,,,,0.07632760447046509,0.47701994446616663,0.5229800555338333,5.0,,,,,,,,,,,,,,,,,,,,,,,0.4067144393920898,0.1102349162101745,,,,,,,,,,,,,,,,,,,,,,,,,,,,,-1.551620478102925,-6.115532806210505,6.115532806210528,-2.4933227970167264,-0.09198502629095641,0.09198502629095634,,,,24.839123333333333,-1.2384133333333338,spair,TF,6.0
snapshots/spair_steps100_pretrainedTrue_freezeFalse_2025_12_12_23_44,spair_steps100_pretrainedTrue_freezeFalse_2025_12_12_23_44,spair,steps,100,True,False,2025_12_12_23_44,spair,5000,90641.29999999999,18.128259999999997,5,0.15634457368782811,0.256408856121145,0.7435911438788549,5.0,,,,,,,,,,0.25096959222398396,0.3366498224628481,0.663350177537152,5.0,,,,,,,,,,,,,,,,,,,,,,,0.0160695351660251,0.0219841338694095,,,,,,,,,,,,,,,,,,,,,,,,,,,,,-1.685681771455127,-1.0647180812805273,1.064718081280527,-1.0934477952499873,-0.6782597343731444,0.6782597343731446,,,,16.234553333333334,1.893706666666663,spair,TF,21.0
snapshots/spair_steps100_pretrainedTrue_freezeFalse_2025_12_12_23_44,spair_steps100_pretrainedTrue_freezeFalse_2025_12_12_23_44,spair,steps,100,True,False,2025_12_12_23_44,synthetic,5000,134149.6,26.82992,5,,,,,,,,,,,,,,,,,,,,,,,,,,,,,,,,,,,,,,,,0.0710111707448959,0.1407236456871032,,,,,,,,,,,,,,,,,,,,,,,,,,,,,,,,,,,,,,25.490916666666667,1.3390033333333342,spair,TF,5.0
snapshots/spair_steps100_pretrainedTrue_freezeFalse_2025_12_12_23_44,spair_steps100_pretrainedTrue_freezeFalse_2025_12_12_23_44,spair,steps,100,True,False,2025_12_12_23_44,tss,5000,208331.19999999998,41.666239999999995,5,0.2353696531493985,0.11281569576302089,0.8871843042369791,5.0,,,,,,,,,,0.19765368820387885,0.4399131726444521,0.5600868273555479,5.0,,,,,,,,,,,,,,,,,,,,,,,0.1032013297080993,0.0551612041890621,,,,,,,,,,,,,,,,,,,,,,,,,,,,,-1.1782352399003309,-2.0622972683134786,2.062297268313479,-1.4010238750366633,-0.24151444801931576,0.24151444801931599,,,,39.87302333333333,1.793216666666666,spair,TF,8.0
snapshots/spair_steps100_pretrainedTrue_freezeTrue_2025_12_10_19_45,spair_steps100_pretrainedTrue_freezeTrue_2025_12_10_19_45,spair,steps,100,True,True,2025_12_10_19_45,flyingthings,5000,270599.5,54.1199,5,0.14248546444791804,0.11013290819923163,0.8898670918007684,5.0,,,,,,,,,,0.15897695779631443,0.3471823294306611,0.6528176705693389,5.0,,,,,,,,,,,,,,,,,,,,,,,0.105754479765892,0.0699040591716766,,,,,,,,,,,,,,,,,,,,,,,,,,,,,-1.7947981393458752,-2.089384223724485,2.089384223724485,-1.6658597859767752,-0.6314477851763142,0.6314477851763142,,,,53.90556,0.21433999999999997,spair,TT,7.0
snapshots/spair_steps100_pretrainedTrue_freezeTrue_2025_12_10_19_45,spair_steps100_pretrainedTrue_freezeTrue_2025_12_10_19_45,spair,steps,100,True,True,2025_12_10_19_45,kitti2012,5000,313304.4,62.660880000000006,5,0.24223948718078575,0.009297834789201136,0.9907021652107989,5.0,,,,,,,,,,0.16593555265149498,0.2528552217253942,0.7471447782746058,5.0,,,,,,,,,,,,,,,,,,,,,,,0.4113391935825348,0.0937528759241104,,,,,,,,,,,,,,,,,,,,,,,,,,,,,-1.1404405363134047,-4.668632394825544,4.668632394825549,-1.61471119843755,-1.0834419005172753,1.0834419005172755,,,,64.06846666666667,-1.4075866666666599,spair,TT,6.0
snapshots/spair_steps100_pretrainedTrue_freezeTrue_2025_12_10_19_45,spair_steps100_pretrainedTrue_freezeTrue_2025_12_10_19_45,spair,steps,100,True,True,2025_12_10_19_45,kitti2015,5000,317758.44999999995,63.551689999999994,5,,,,,,,,,,,,,,,,,,,,,,,,,,,,,,,,,,,,,,,,0.402207612991333,0.105941966176033,,,,,,,,,,,,,,,,,,,,,,,,,,,,,,,,,,,,,,65.10567999999999,-1.5539899999999989,spair,TT,6.0
snapshots/spair_steps100_pretrainedTrue_freezeTrue_2025_12_10_19_45,spair_steps100_pretrainedTrue_freezeTrue_2025_12_10_19_45,spair,steps,100,True,True,2025_12_10_19_45,middlebury,5000,189102.34999999998,37.82046999999999,5,0.1577234766792105,0.010815303206907146,0.9891846967930928,5.0,,,,,,,,,,0.14245122161219903,0.4501859704169543,0.5498140295830457,5.0,,,,,,,,,,,,,,,,,,,,,,,0.1908574849367141,0.0899651125073432,,,,,,,,,,,,,,,,,,,,,,,,,,,,,-1.6752650206922834,-4.515918970454524,4.515918970454523,-1.7950784252061396,-0.1999193280314531,0.1999193280314531,,,,37.7005,0.11996999999999503,spair,TT,7.0
snapshots/spair_steps100_pretrainedTrue_freezeTrue_2025_12_10_19_45,spair_steps100_pretrainedTrue_freezeTrue_2025_12_10_19_45,spair,steps,100,True,True,2025_12_10_19_45,pfpascal,5000,134819.8,26.963959999999997,5,0.17367439416160707,0.13108621825842523,0.8689137817415747,5.0,,,,,,,,,,0.1863228523662501,0.3008696013612009,0.6991303986387991,5.0,,,,,,,,,,,,,,,,,,,,,,,0.0800290927290916,0.0579956881701946,,,,,,,,,,,,,,,,,,,,,,,,,,,,,-1.5598066435490041,-1.8913886434991198,1.8913886434991196,-1.474082728374344,-0.8431603222918539,0.8431603222918538,,,,27.819223333333337,-0.8552633333333404,spair,TT,10.0
snapshots/spair_steps100_pretrainedTrue_freezeTrue_2025_12_10_19_45,spair_steps100_pretrainedTrue_freezeTrue_2025_12_10_19_45,spair,steps,100,True,True,2025_12_10_19_45,pfwillow,5000,158016.59999999998,31.603319999999997,5,0.20695180063230878,0.09119685900423653,0.9088031409957634,5.0,,,,,,,,,,0.235660745668547,0.26731114003680717,0.7326888599631929,5.0,,,,,,,,,,,,,,,,,,,,,,,0.0851397737860679,0.0682621598243713,,,,,,,,,,,,,,,,,,,,,,,,,,,,,-1.3433980818661622,-2.299108048418069,2.299108048418069,-1.1766184883262507,-1.0083078385266473,1.0083078385266475,,,,32.30222,-0.6989000000000019,spair,TT,12.0
snapshots/spair_steps100_pretrainedTrue_freezeTrue_2025_12_10_19_45,spair_steps100_pretrainedTrue_freezeTrue_2025_12_10_19_45,spair,steps,100,True,True,2025_12_10_19_45,pointodyssey,5000,120705.95000000001,24.14119,5,0.17485234399871272,0.002203433021932204,0.9977965669780678,5.0,,,,,,,,,,0.07632760447046509,0.47701994446616663,0.5229800555338333,5.0,,,,,,,,,,,,,,,,,,,,,,,0.4067144393920898,0.1102349162101745,,,,,,,,,,,,,,,,,,,,,,,,,,,,,-1.551620478102925,-6.115532806210505,6.115532806210528,-2.4933227970167264,-0.09198502629095641,0.09198502629095634,,,,24.515383333333332,-0.3741933333333307,spair,TT,7.0
snapshots/spair_steps100_pretrainedTrue_freezeTrue_2025_12_10_19_45,spair_steps100_pretrainedTrue_freezeTrue_2025_12_10_19_45,spair,steps,100,True,True,2025_12_10_19_45,spair,5000,94215.84999999999,18.843169999999997,5,0.15634457368782811,0.256408856121145,0.7435911438788549,5.0,,,,,,,,,,0.25096959222398396,0.3366498224628481,0.663350177537152,5.0,,,,,,,,,,,,,,,,,,,,,,,0.0160695351660251,0.0219841338694095,,,,,,,,,,,,,,,,,,,,,,,,,,,,,-1.685681771455127,-1.0647180812805273,1.064718081280527,-1.0934477952499873,-0.6782597343731444,0.6782597343731446,,,,19.357693333333334,-0.5145233333333366,spair,TT,18.0
snapshots/spair_steps100_pretrainedTrue_freezeTrue_2025_12_10_19_45,spair_steps100_pretrainedTrue_freezeTrue_2025_12_10_19_45,spair,steps,100,True,True,2025_12_10_19_45,synthetic,5000,146494.1,29.298820000000003,5,,,,,,,,,,,,,,,,,,,,,,,,,,,,,,,,,,,,,,,,0.0710111707448959,0.1407236456871032,,,,,,,,,,,,,,,,,,,,,,,,,,,,,,,,,,,,,,29.962760000000003,-0.6639400000000002,spair,TT,10.0
snapshots/spair_steps100_pretrainedTrue_freezeTrue_2025_12_10_19_45,spair_steps100_pretrainedTrue_freezeTrue_2025_12_10_19_45,spair,steps,100,True,True,2025_12_10_19_45,tss,5000,218391.84999999998,43.678369999999994,5,0.2353696531493985,0.11281569576302089,0.8871843042369791,5.0,,,,,,,,,,0.19765368820387885,0.4399131726444521,0.5600868273555479,5.0,,,,,,,,,,,,,,,,,,,,,,,0.1032013297080993,0.0551612041890621,,,,,,,,,,,,,,,,,,,,,,,,,,,,,-1.1782352399003309,-2.0622972683134786,2.062297268313479,-1.4010238750366633,-0.24151444801931576,0.24151444801931599,,,,43.74900333333333,-0.07063333333333333,spair,TT,10.0
snapshots/spair_steps100_pretrainedTrue_freezeTrue_2025_12_12_11_46,spair_steps100_pretrainedTrue_freezeTrue_2025_12_12_11_46,spair,steps,100,True,True,2025_12_12_11_46,flyingthings,5000,256408.1,51.281620000000004,5,0.14248546444791804,0.11013290819923163,0.8898670918007684,5.0,,,,,,,,,,0.15897695779631443,0.3471823294306611,0.6528176705693389,5.0,,,,,,,,,,,,,,,,,,,,,,,0.105754479765892,0.0699040591716766,,,,,,,,,,,,,,,,,,,,,,,,,,,,,-1.7947981393458752,-2.089384223724485,2.089384223724485,-1.6658597859767752,-0.6314477851763142,0.6314477851763142,,,,53.90556,-2.6239399999999975,spair,TT,6.0
snapshots/spair_steps100_pretrainedTrue_freezeTrue_2025_12_12_11_46,spair_steps100_pretrainedTrue_freezeTrue_2025_12_12_11_46,spair,steps,100,True,True,2025_12_12_11_46,kitti2012,5000,316265.5,63.2531,5,0.24223948718078575,0.009297834789201136,0.9907021652107989,5.0,,,,,,,,,,0.16593555265149498,0.2528552217253942,0.7471447782746058,5.0,,,,,,,,,,,,,,,,,,,,,,,0.4113391935825348,0.0937528759241104,,,,,,,,,,,,,,,,,,,,,,,,,,,,,-1.1404405363134047,-4.668632394825544,4.668632394825549,-1.61471119843755,-1.0834419005172753,1.0834419005172755,,,,64.06846666666667,-0.8153666666666624,spair,TT,7.0
snapshots/spair_steps100_pretrainedTrue_freezeTrue_2025_12_12_11_46,spair_steps100_pretrainedTrue_freezeTrue_2025_12_12_11_46,spair,steps,100,True,True,2025_12_12_11_46,kitti2015,5000,322825.05,64.56501,5,,,,,,,,,,,,,,,,,,,,,,,,,,,,,,,,,,,,,,,,0.402207612991333,0.105941966176033,,,,,,,,,,,,,,,,,,,,,,,,,,,,,,,,,,,,,,65.10567999999999,-0.5406699999999915,spair,TT,7.0
snapshots/spair_steps100_pretrainedTrue_freezeTrue_2025_12_12_11_46,spair_steps100_pretrainedTrue_freezeTrue_2025_12_12_11_46,spair,steps,100,True,True,2025_12_12_11_46,middlebury,5000,182239.1,36.44782,5,0.1577234766792105,0.010815303206907146,0.9891846967930928,5.0,,,,,,,,,,0.14245122161219903,0.4501859704169543,0.5498140295830457,5.0,,,,,,,,,,,,,,,,,,,,,,,0.1908574849367141,0.0899651125073432,,,,,,,,,,,,,,,,,,,,,,,,,,,,,-1.6752650206922834,-4.515918970454524,4.515918970454523,-1.7950784252061396,-0.1999193280314531,0.1999193280314531,,,,37.7005,-1.252679999999998,spair,TT,6.0
snapshots/spair_steps100_pretrainedTrue_freezeTrue_2025_12_12_11_46,spair_steps100_pretrainedTrue_freezeTrue_2025_12_12_11_46,spair,steps,100,True,True,2025_12_12_11_46,pfpascal,5000,137927.45,27.585490000000004,5,0.17367439416160707,0.13108621825842523,0.8689137817415747,5.0,,,,,,,,,,0.1863228523662501,0.3008696013612009,0.6991303986387991,5.0,,,,,,,,,,,,,,,,,,,,,,,0.0800290927290916,0.0579956881701946,,,,,,,,,,,,,,,,,,,,,,,,,,,,,-1.5598066435490041,-1.8913886434991198,1.8913886434991196,-1.474082728374344,-0.8431603222918539,0.8431603222918538,,,,27.819223333333337,-0.23373333333333335,spair,TT,11.0
snapshots/spair_steps100_pretrainedTrue_freezeTrue_2025_12_12_11_46,spair_steps100_pretrainedTrue_freezeTrue_2025_12_12_11_46,spair,steps,100,True,True,2025_12_12_11_46,pfwillow,5000,160377.85,32.07557,5,0.20695180063230878,0.09119685900423653,0.9088031409957634,5.0,,,,,,,,,,0.235660745668547,0.26731114003680717,0.7326888599631929,5.0,,,,,,,,,,,,,,,,,,,,,,,0.0851397737860679,0.0682621598243713,,,,,,,,,,,,,,,,,,,,,,,,,,,,,-1.3433980818661622,-2.299108048418069,2.299108048418069,-1.1766184883262507,-1.0083078385266473,1.0083078385266475,,,,32.30222,-0.22664999999999935,spair,TT,13.0
snapshots/spair_steps100_pretrainedTrue_freezeTrue_2025_12_12_11_46,spair_steps100_pretrainedTrue_freezeTrue_2025_12_12_11_46,spair,steps,100,True,True,2025_12_12_11_46,pointodyssey,5000,119452.4,23.89048,5,0.17485234399871272,0.002203433021932204,0.9977965669780678,5.0,,,,,,,,,,0.07632760447046509,0.47701994446616663,0.5229800555338333,5.0,,,,,,,,,,,,,,,,,,,,,,,0.4067144393920898,0.1102349162101745,,,,,,,,,,,,,,,,,,,,,,,,,,,,,-1.551620478102925,-6.115532806210505,6.115532806210528,-2.4933227970167264,-0.09198502629095641,0.09198502629095634,,,,24.515383333333332,-0.6249033333333323,spair,TT,6.0
snapshots/spair_steps100_pretrainedTrue_freezeTrue_2025_12_12_11_46,spair_steps100_pretrainedTrue_freezeTrue_2025_12_12_11_46,spair,steps,100,True,True,2025_12_12_11_46,spair,5000,95434.45000000001,19.086890000000004,5,0.15634457368782811,0.256408856121145,0.7435911438788549,5.0,,,,,,,,,,0.25096959222398396,0.3366498224628481,0.663350177537152,5.0,,,,,,,,,,,,,,,,,,,,,,,0.0160695351660251,0.0219841338694095,,,,,,,,,,,,,,,,,,,,,,,,,,,,,-1.685681771455127,-1.0647180812805273,1.064718081280527,-1.0934477952499873,-0.6782597343731444,0.6782597343731446,,,,19.357693333333334,-0.27080333333332973,spair,TT,20.0
snapshots/spair_steps100_pretrainedTrue_freezeTrue_2025_12_12_11_46,spair_steps100_pretrainedTrue_freezeTrue_2025_12_12_11_46,spair,steps,100,True,True,2025_12_12_11_46,synthetic,5000,146821.75,29.36435,5,,,,,,,,,,,,,,,,,,,,,,,,,,,,,,,,,,,,,,,,0.0710111707448959,0.1407236456871032,,,,,,,,,,,,,,,,,,,,,,,,,,,,,,,,,,,,,,29.962760000000003,-0.5984100000000012,spair,TT,11.0
snapshots/spair_steps100_pretrainedTrue_freezeTrue_2025_12_12_11_46,spair_steps100_pretrainedTrue_freezeTrue_2025_12_12_11_46,spair,steps,100,True,True,2025_12_12_11_46,tss,5000,213405.45,42.681090000000005,5,0.2353696531493985,0.11281569576302089,0.8871843042369791,5.0,,,,,,,,,,0.19765368820387885,0.4399131726444521,0.5600868273555479,5.0,,,,,,,,,,,,,,,,,,,,,,,0.1032013297080993,0.0551612041890621,,,,,,,,,,,,,,,,,,,,,,,,,,,,,-1.1782352399003309,-2.0622972683134786,2.062297268313479,-1.4010238750366633,-0.24151444801931576,0.24151444801931599,,,,43.74900333333333,-1.0679133333333226,spair,TT,9.0
snapshots/spair_synthetic_70_30_steps100_pretrainedFalse_freezeFalse_2025_12_16_11_40,spair_synthetic_70_30_steps100_pretrainedFalse_freezeFalse_2025_12_16_11_40,spair_synthetic_70_30,steps,100,False,False,2025_12_16_11_40,flyingthings,5000,,,1,0.35368481372801003,0.2446216683157943,0.7553783316842058,5.0,,,,,,,,,,0.2777496723251684,0.28470948088974823,0.7152905191102518,5.0,,,,,,,,,,,,,,,,,,,,,,,0.0125807002186775,0.0197232067584991,,,,,,,,,,,,,,,,,,,,,,,,,,,,,-0.6028811294114527,-1.1275059192418566,1.1275059192418568,-0.9556515442607302,-0.9212194855387638,0.9212194855387638,,,,2.08833,,spair,FF,
snapshots/spair_synthetic_70_30_steps100_pretrainedFalse_freezeFalse_2025_12_16_11_40,spair_synthetic_70_30_steps100_pretrainedFalse_freezeFalse_2025_12_16_11_40,spair_synthetic_70_30,steps,100,False,False,2025_12_16_11_40,kitti2012,5000,,,1,0.4735697052877318,0.03177388222400153,0.9682261177759984,5.0,,,,,,,,,,0.3006026155663116,0.20431498626887806,0.795685013731122,5.0,,,,,,,,,,,,,,,,,,,,,,,0.3186056017875671,0.0243210978806018,,,,,,,,,,,,,,,,,,,,,,,,,,,,,-0.10581981445205546,-3.4168210141292463,3.416821014129245,-0.8444299064604113,-1.3595405427751417,1.359540542775142,,,,4.8632566666666674,,spair,FF,
snapshots/spair_synthetic_70_30_steps100_pretrainedFalse_freezeFalse_2025_12_16_11_40,spair_synthetic_70_30_steps100_pretrainedFalse_freezeFalse_2025_12_16_11_40,spair_synthetic_70_30,steps,100,False,False,2025_12_16_11_40,kitti2015,5000,,,1,,,,,,,,,,,,,,,,,,,,,,,,,,,,,,,,,,,,,,,,0.3217819035053253,0.0270492117851972,,,,,,,,,,,,,,,,,,,,,,,,,,,,,,,,,,,,,,6.796363333333333,,spair,FF,
snapshots/spair_synthetic_70_30_steps100_pretrainedFalse_freezeFalse_2025_12_16_11_40,spair_synthetic_70_30_steps100_pretrainedFalse_freezeFalse_2025_12_16_11_40,spair_synthetic_70_30,steps,100,False,False,2025_12_16_11_40,middlebury,5000,,,1,0.40764919677311295,0.036450526485986456,0.9635494735140135,5.0,,,,,,,,,,0.26080358214796506,0.3933591064815939,0.6066408935184061,5.0,,,,,,,,,,,,,,,,,,,,,,,0.0622269622981548,0.0230678357183933,,,,,,,,,,,,,,,,,,,,,,,,,,,,,-0.37369203967698544,-3.27466793183109,3.2746679318310905,-1.0417961091482448,-0.433214055690736,0.43321405569073607,,,,1.9837666666666667,,spair,FF,
snapshots/spair_synthetic_70_30_steps100_pretrainedFalse_freezeFalse_2025_12_16_11_40,spair_synthetic_70_30_steps100_pretrainedFalse_freezeFalse_2025_12_16_11_40,spair_synthetic_70_30,steps,100,False,False,2025_12_16_11_40,pfpascal,5000,,,1,0.3406910353698698,0.23004017278427275,0.7699598272157273,5.0,,,,,,,,,,0.32294240102862326,0.2424278784192347,0.7575721215807654,5.0,,,,,,,,,,,,,,,,,,,,,,,0.0082597881555557,0.0201794952154159,,,,,,,,,,,,,,,,,,,,,,,,,,,,,-0.660216251286906,-1.20808438308898,1.20808438308898,-0.7402823666825017,-1.1394144852965904,1.1394144852965906,,,,1.9410966666666667,,spair,FF,
snapshots/spair_synthetic_70_30_steps100_pretrainedFalse_freezeFalse_2025_12_16_11_40,spair_synthetic_70_30_steps100_pretrainedFalse_freezeFalse_2025_12_16_11_40,spair_synthetic_70_30,steps,100,False,False,2025_12_16_11_40,pfwillow,5000,,,1,0.34351345390124244,0.12682116656755085,0.8731788334324492,5.0,,,,,,,,,,0.35247055619611634,0.20826734713967637,0.7917326528603237,5.0,,,,,,,,,,,,,,,,,,,,,,,0.0384993217885494,0.0429201908409595,,,,,,,,,,,,,,,,,,,,,,,,,,,,,-0.6476759221546556,-1.9293624273152183,1.9293624273152186,-0.6081971753540495,-1.335401198140577,1.3354011981405771,,,,3.3644433333333335,,spair,FF,
snapshots/spair_synthetic_70_30_steps100_pretrainedFalse_freezeFalse_2025_12_16_11_40,spair_synthetic_70_30_steps100_pretrainedFalse_freezeFalse_2025_12_16_11_40,spair_synthetic_70_30,steps,100,False,False,2025_12_16_11_40,pointodyssey,5000,,,1,0.4446765370204937,0.011357379793307965,0.988642620206692,5.0,,,,,,,,,,0.16116633710853606,0.4399515645832995,0.5600484354167006,5.0,,,,,,,,,,,,,,,,,,,,,,,0.2334863841533661,0.0173845775425434,,,,,,,,,,,,,,,,,,,,,,,,,,,,,-0.2222036253957189,-4.466465176932215,4.466465176932214,-1.6495754490299603,-0.2413586314440266,0.24135863144402683,,,,2.2678866666666666,,spair,FF,
snapshots/spair_synthetic_70_30_steps100_pretrainedFalse_freezeFalse_2025_12_16_11_40,spair_synthetic_70_30_steps100_pretrainedFalse_freezeFalse_2025_12_16_11_40,spair_synthetic_70_30,steps,100,False,False,2025_12_16_11_40,spair,5000,,,1,0.2115361252673823,0.21496286981671772,0.7850371301832823,5.0,,,,,,,,,,0.37706733889971333,0.24211849159439708,0.757881508405603,5.0,,,,,,,,,,,,,,,,,,,,,,,0.0488540083169937,0.0146720223128795,,,,,,,,,,,,,,,,,,,,,,,,,,,,,-1.3156908012286064,-1.295265701573695,1.2952657015736948,-0.5020146355551022,-1.1410998110459456,1.1410998110459458,,,,2.0635033333333332,,spair,FF,
snapshots/spair_synthetic_70_30_steps100_pretrainedFalse_freezeFalse_2025_12_16_11_40,spair_synthetic_70_30_steps100_pretrainedFalse_freezeFalse_2025_12_16_11_40,spair_synthetic_70_30,steps,100,False,False,2025_12_16_11_40,synthetic,5000,,,1,,,,,,,,,,,,,,,,,,,,,,,,,,,,,,,,,,,,,,,,0.0002996843541041,0.0281254835426807,,,,,,,,,,,,,,,,,,,,,,,,,,,,,,,,,,,,,,2.400183333333333,,spair,FF,
snapshots/spair_synthetic_70_30_steps100_pretrainedFalse_freezeFalse_2025_12_16_11_40,spair_synthetic_70_30_steps100_pretrainedFalse_freezeFalse_2025_12_16_11_40,spair_synthetic_70_30,steps,100,False,False,2025_12_16_11_40,tss,5000,,,1,0.36714246507410053,0.18104083092359455,0.8189591690764054,5.0,,,,,,,,,,0.3257142258519732,0.37265775157745673,0.6273422484225433,5.0,,,,,,,,,,,,,,,,,,,,,,,0.0527091585099697,0.0073654195293784,,,,,,,,,,,,,,,,,,,,,,,,,,,,,-0.5444953725635864,-1.5093116369641866,1.5093116369641864,-0.7276336291977825,-0.5208318001253084,0.5208318001253083,,,,3.624926666666667,,spair,FF,
snapshots/spair_synthetic_70_30_steps100_pretrainedFalse_freezeFalse_2025_12_17_03_25,spair_synthetic_70_30_steps100_pretrainedFalse_freezeFalse_2025_12_17_03_25,spair_synthetic_70_30,steps,100,False,False,2025_12_17_03_25,flyingthings,5000,207742.25,41.54845,5,0.35368481372801003,0.2446216683157943,0.7553783316842058,5.0,,,,,,,,,,0.2777496723251684,0.28470948088974823,0.7152905191102518,5.0,,,,,,,,,,,,,,,,,,,,,,,0.0125807002186775,0.0197232067584991,,,,,,,,,,,,,,,,,,,,,,,,,,,,,-0.6028811294114527,-1.1275059192418566,1.1275059192418568,-0.9556515442607302,-0.9212194855387638,0.9212194855387638,,,,2.08833,39.46012,spair,FF,9.0
snapshots/spair_synthetic_70_30_steps100_pretrainedFalse_freezeFalse_2025_12_17_03_25,spair_synthetic_70_30_steps100_pretrainedFalse_freezeFalse_2025_12_17_03_25,spair_synthetic_70_30,steps,100,False,False,2025_12_17_03_25,kitti2012,5000,278466.45,55.693290000000005,5,0.4735697052877318,0.03177388222400153,0.9682261177759984,5.0,,,,,,,,,,0.3006026155663116,0.20431498626887806,0.795685013731122,5.0,,,,,,,,,,,,,,,,,,,,,,,0.3186056017875671,0.0243210978806018,,,,,,,,,,,,,,,,,,,,,,,,,,,,,-0.10581981445205546,-3.4168210141292463,3.416821014129245,-0.8444299064604113,-1.3595405427751417,1.359540542775142,,,,4.8632566666666674,50.83003333333334,spair,FF,9.0
snapshots/spair_synthetic_70_30_steps100_pretrainedFalse_freezeFalse_2025_12_17_03_25,spair_synthetic_70_30_steps100_pretrainedFalse_freezeFalse_2025_12_17_03_25,spair_synthetic_70_30,steps,100,False,False,2025_12_17_03_25,kitti2015,5000,302993.55000000005,60.59871000000001,5,,,,,,,,,,,,,,,,,,,,,,,,,,,,,,,,,,,,,,,,0.3217819035053253,0.0270492117851972,,,,,,,,,,,,,,,,,,,,,,,,,,,,,,,,,,,,,,6.796363333333333,53.80234666666668,spair,FF,9.0
snapshots/spair_synthetic_70_30_steps100_pretrainedFalse_freezeFalse_2025_12_17_03_25,spair_synthetic_70_30_steps100_pretrainedFalse_freezeFalse_2025_12_17_03_25,spair_synthetic_70_30,steps,100,False,False,2025_12_17_03_25,middlebury,5000,137988.0,27.5976,5,0.40764919677311295,0.036450526485986456,0.9635494735140135,5.0,,,,,,,,,,0.26080358214796506,0.3933591064815939,0.6066408935184061,5.0,,,,,,,,,,,,,,,,,,,,,,,0.0622269622981548,0.0230678357183933,,,,,,,,,,,,,,,,,,,,,,,,,,,,,-0.37369203967698544,-3.27466793183109,3.2746679318310905,-1.0417961091482448,-0.433214055690736,0.43321405569073607,,,,1.9837666666666667,25.613833333333332,spair,FF,9.0
snapshots/spair_synthetic_70_30_steps100_pretrainedFalse_freezeFalse_2025_12_17_03_25,spair_synthetic_70_30_steps100_pretrainedFalse_freezeFalse_2025_12_17_03_25,spair_synthetic_70_30,steps,100,False,False,2025_12_17_03_25,pfpascal,5000,46338.0,9.2676,5,0.3406910353698698,0.23004017278427275,0.7699598272157273,5.0,,,,,,,,,,0.32294240102862326,0.2424278784192347,0.7575721215807654,5.0,,,,,,,,,,,,,,,,,,,,,,,0.0082597881555557,0.0201794952154159,,,,,,,,,,,,,,,,,,,,,,,,,,,,,-0.660216251286906,-1.20808438308898,1.20808438308898,-0.7402823666825017,-1.1394144852965904,1.1394144852965906,,,,1.9410966666666667,7.326503333333333,spair,FF,13.0
snapshots/spair_synthetic_70_30_steps100_pretrainedFalse_freezeFalse_2025_12_17_03_25,spair_synthetic_70_30_steps100_pretrainedFalse_freezeFalse_2025_12_17_03_25,spair_synthetic_70_30,steps,100,False,False,2025_12_17_03_25,pfwillow,5000,47733.299999999996,9.54666,5,0.34351345390124244,0.12682116656755085,0.8731788334324492,5.0,,,,,,,,,,0.35247055619611634,0.20826734713967637,0.7917326528603237,5.0,,,,,,,,,,,,,,,,,,,,,,,0.0384993217885494,0.0429201908409595,,,,,,,,,,,,,,,,,,,,,,,,,,,,,-0.6476759221546556,-1.9293624273152183,1.9293624273152186,-0.6081971753540495,-1.335401198140577,1.3354011981405771,,,,3.3644433333333335,6.182216666666665,spair,FF,13.0
snapshots/spair_synthetic_70_30_steps100_pretrainedFalse_freezeFalse_2025_12_17_03_25,spair_synthetic_70_30_steps100_pretrainedFalse_freezeFalse_2025_12_17_03_25,spair_synthetic_70_30,steps,100,False,False,2025_12_17_03_25,pointodyssey,5000,103307.35,20.66147,5,0.4446765370204937,0.011357379793307965,0.988642620206692,5.0,,,,,,,,,,0.16116633710853606,0.4399515645832995,0.5600484354167006,5.0,,,,,,,,,,,,,,,,,,,,,,,0.2334863841533661,0.0173845775425434,,,,,,,,,,,,,,,,,,,,,,,,,,,,,-0.2222036253957189,-4.466465176932215,4.466465176932214,-1.6495754490299603,-0.2413586314440266,0.24135863144402683,,,,2.2678866666666666,18.393583333333336,spair,FF,12.0
snapshots/spair_synthetic_70_30_steps100_pretrainedFalse_freezeFalse_2025_12_17_03_25,spair_synthetic_70_30_steps100_pretrainedFalse_freezeFalse_2025_12_17_03_25,spair_synthetic_70_30,steps,100,False,False,2025_12_17_03_25,spair,5000,13942.25,2.78845,5,0.2115361252673823,0.21496286981671772,0.7850371301832823,5.0,,,,,,,,,,0.37706733889971333,0.24211849159439708,0.757881508405603,5.0,,,,,,,,,,,,,,,,,,,,,,,0.0488540083169937,0.0146720223128795,,,,,,,,,,,,,,,,,,,,,,,,,,,,,-1.3156908012286064,-1.295265701573695,1.2952657015736948,-0.5020146355551022,-1.1410998110459456,1.1410998110459458,,,,2.0635033333333332,0.7249466666666669,spair,FF,19.0
snapshots/spair_synthetic_70_30_steps100_pretrainedFalse_freezeFalse_2025_12_17_03_25,spair_synthetic_70_30_steps100_pretrainedFalse_freezeFalse_2025_12_17_03_25,spair_synthetic_70_30,steps,100,False,False,2025_12_17_03_25,synthetic,5000,64654.40000000001,12.930880000000002,5,,,,,,,,,,,,,,,,,,,,,,,,,,,,,,,,,,,,,,,,0.0002996843541041,0.0281254835426807,,,,,,,,,,,,,,,,,,,,,,,,,,,,,,,,,,,,,,2.400183333333333,10.53069666666667,spair,FF,10.0
snapshots/spair_synthetic_70_30_steps100_pretrainedFalse_freezeFalse_2025_12_17_03_25,spair_synthetic_70_30_steps100_pretrainedFalse_freezeFalse_2025_12_17_03_25,spair_synthetic_70_30,steps,100,False,False,2025_12_17_03_25,tss,5000,95388.6,19.077720000000003,5,0.36714246507410053,0.18104083092359455,0.8189591690764054,5.0,,,,,,,,,,0.3257142258519732,0.37265775157745673,0.6273422484225433,5.0,,,,,,,,,,,,,,,,,,,,,,,0.0527091585099697,0.0073654195293784,,,,,,,,,,,,,,,,,,,,,,,,,,,,,-0.5444953725635864,-1.5093116369641866,1.5093116369641864,-0.7276336291977825,-0.5208318001253084,0.5208318001253083,,,,3.624926666666667,15.452793333333336,spair,FF,13.0
snapshots/spair_synthetic_70_30_steps100_pretrainedTrue_freezeFalse_2025_12_16_11_38,spair_synthetic_70_30_steps100_pretrainedTrue_freezeFalse_2025_12_16_11_38,spair_synthetic_70_30,steps,100,True,False,2025_12_16_11_38,flyingthings,5000,,,1,0.35368481372801003,0.2446216683157943,0.7553783316842058,5.0,,,,,,,,,,0.2777496723251684,0.28470948088974823,0.7152905191102518,5.0,,,,,,,,,,,,,,,,,,,,,,,0.0125807002186775,0.0197232067584991,,,,,,,,,,,,,,,,,,,,,,,,,,,,,-0.6028811294114527,-1.1275059192418566,1.1275059192418568,-0.9556515442607302,-0.9212194855387638,0.9212194855387638,,,,48.23252,,spair,TF,
snapshots/spair_synthetic_70_30_steps100_pretrainedTrue_freezeFalse_2025_12_16_11_38,spair_synthetic_70_30_steps100_pretrainedTrue_freezeFalse_2025_12_16_11_38,spair_synthetic_70_30,steps,100,True,False,2025_12_16_11_38,kitti2012,5000,,,1,0.4735697052877318,0.03177388222400153,0.9682261177759984,5.0,,,,,,,,,,0.3006026155663116,0.20431498626887806,0.795685013731122,5.0,,,,,,,,,,,,,,,,,,,,,,,0.3186056017875671,0.0243210978806018,,,,,,,,,,,,,,,,,,,,,,,,,,,,,-0.10581981445205546,-3.4168210141292463,3.416821014129245,-0.8444299064604113,-1.3595405427751417,1.359540542775142,,,,59.49418666666667,,spair,TF,
snapshots/spair_synthetic_70_30_steps100_pretrainedTrue_freezeFalse_2025_12_16_11_38,spair_synthetic_70_30_steps100_pretrainedTrue_freezeFalse_2025_12_16_11_38,spair_synthetic_70_30,steps,100,True,False,2025_12_16_11_38,kitti2015,5000,,,1,,,,,,,,,,,,,,,,,,,,,,,,,,,,,,,,,,,,,,,,0.3217819035053253,0.0270492117851972,,,,,,,,,,,,,,,,,,,,,,,,,,,,,,,,,,,,,,62.48625333333334,,spair,TF,
snapshots/spair_synthetic_70_30_steps100_pretrainedTrue_freezeFalse_2025_12_16_11_38,spair_synthetic_70_30_steps100_pretrainedTrue_freezeFalse_2025_12_16_11_38,spair_synthetic_70_30,steps,100,True,False,2025_12_16_11_38,middlebury,5000,,,1,0.40764919677311295,0.036450526485986456,0.9635494735140135,5.0,,,,,,,,,,0.26080358214796506,0.3933591064815939,0.6066408935184061,5.0,,,,,,,,,,,,,,,,,,,,,,,0.0622269622981548,0.0230678357183933,,,,,,,,,,,,,,,,,,,,,,,,,,,,,-0.37369203967698544,-3.27466793183109,3.2746679318310905,-1.0417961091482448,-0.433214055690736,0.43321405569073607,,,,34.53024666666666,,spair,TF,
snapshots/spair_synthetic_70_30_steps100_pretrainedTrue_freezeFalse_2025_12_16_11_38,spair_synthetic_70_30_steps100_pretrainedTrue_freezeFalse_2025_12_16_11_38,spair_synthetic_70_30,steps,100,True,False,2025_12_16_11_38,pfpascal,5000,,,1,0.3406910353698698,0.23004017278427275,0.7699598272157273,5.0,,,,,,,,,,0.32294240102862326,0.2424278784192347,0.7575721215807654,5.0,,,,,,,,,,,,,,,,,,,,,,,0.0082597881555557,0.0201794952154159,,,,,,,,,,,,,,,,,,,,,,,,,,,,,-0.660216251286906,-1.20808438308898,1.20808438308898,-0.7402823666825017,-1.1394144852965904,1.1394144852965906,,,,23.19225,,spair,TF,
snapshots/spair_synthetic_70_30_steps100_pretrainedTrue_freezeFalse_2025_12_16_11_38,spair_synthetic_70_30_steps100_pretrainedTrue_freezeFalse_2025_12_16_11_38,spair_synthetic_70_30,steps,100,True,False,2025_12_16_11_38,pfwillow,5000,,,1,0.34351345390124244,0.12682116656755085,0.8731788334324492,5.0,,,,,,,,,,0.35247055619611634,0.20826734713967637,0.7917326528603237,5.0,,,,,,,,,,,,,,,,,,,,,,,0.0384993217885494,0.0429201908409595,,,,,,,,,,,,,,,,,,,,,,,,,,,,,-0.6476759221546556,-1.9293624273152183,1.9293624273152186,-0.6081971753540495,-1.335401198140577,1.3354011981405771,,,,27.67815333333333,,spair,TF,
snapshots/spair_synthetic_70_30_steps100_pretrainedTrue_freezeFalse_2025_12_16_11_38,spair_synthetic_70_30_steps100_pretrainedTrue_freezeFalse_2025_12_16_11_38,spair_synthetic_70_30,steps,100,True,False,2025_12_16_11_38,pointodyssey,5000,,,1,0.4446765370204937,0.011357379793307965,0.988642620206692,5.0,,,,,,,,,,0.16116633710853606,0.4399515645832995,0.5600484354167006,5.0,,,,,,,,,,,,,,,,,,,,,,,0.2334863841533661,0.0173845775425434,,,,,,,,,,,,,,,,,,,,,,,,,,,,,-0.2222036253957189,-4.466465176932215,4.466465176932214,-1.6495754490299603,-0.2413586314440266,0.24135863144402683,,,,24.839123333333333,,spair,TF,
snapshots/spair_synthetic_70_30_steps100_pretrainedTrue_freezeFalse_2025_12_16_11_38,spair_synthetic_70_30_steps100_pretrainedTrue_freezeFalse_2025_12_16_11_38,spair_synthetic_70_30,steps,100,True,False,2025_12_16_11_38,spair,5000,,,1,0.2115361252673823,0.21496286981671772,0.7850371301832823,5.0,,,,,,,,,,0.37706733889971333,0.24211849159439708,0.757881508405603,5.0,,,,,,,,,,,,,,,,,,,,,,,0.0488540083169937,0.0146720223128795,,,,,,,,,,,,,,,,,,,,,,,,,,,,,-1.3156908012286064,-1.295265701573695,1.2952657015736948,-0.5020146355551022,-1.1410998110459456,1.1410998110459458,,,,16.234553333333334,,spair,TF,
snapshots/spair_synthetic_70_30_steps100_pretrainedTrue_freezeFalse_2025_12_16_11_38,spair_synthetic_70_30_steps100_pretrainedTrue_freezeFalse_2025_12_16_11_38,spair_synthetic_70_30,steps,100,True,False,2025_12_16_11_38,synthetic,5000,,,1,,,,,,,,,,,,,,,,,,,,,,,,,,,,,,,,,,,,,,,,0.0002996843541041,0.0281254835426807,,,,,,,,,,,,,,,,,,,,,,,,,,,,,,,,,,,,,,25.490916666666667,,spair,TF,
snapshots/spair_synthetic_70_30_steps100_pretrainedTrue_freezeFalse_2025_12_16_11_38,spair_synthetic_70_30_steps100_pretrainedTrue_freezeFalse_2025_12_16_11_38,spair_synthetic_70_30,steps,100,True,False,2025_12_16_11_38,tss,5000,,,1,0.36714246507410053,0.18104083092359455,0.8189591690764054,5.0,,,,,,,,,,0.3257142258519732,0.37265775157745673,0.6273422484225433,5.0,,,,,,,,,,,,,,,,,,,,,,,0.0527091585099697,0.0073654195293784,,,,,,,,,,,,,,,,,,,,,,,,,,,,,-0.5444953725635864,-1.5093116369641866,1.5093116369641864,-0.7276336291977825,-0.5208318001253084,0.5208318001253083,,,,39.87302333333333,,spair,TF,
snapshots/spair_synthetic_70_30_steps100_pretrainedTrue_freezeFalse_2025_12_17_03_25,spair_synthetic_70_30_steps100_pretrainedTrue_freezeFalse_2025_12_17_03_25,spair_synthetic_70_30,steps,100,True,False,2025_12_17_03_25,flyingthings,5000,346451.15,69.29023000000001,5,0.35368481372801003,0.2446216683157943,0.7553783316842058,5.0,,,,,,,,,,0.2777496723251684,0.28470948088974823,0.7152905191102518,5.0,,,,,,,,,,,,,,,,,,,,,,,0.0125807002186775,0.0197232067584991,,,,,,,,,,,,,,,,,,,,,,,,,,,,,-0.6028811294114527,-1.1275059192418566,1.1275059192418568,-0.9556515442607302,-0.9212194855387638,0.9212194855387638,,,,48.23252,21.057710000000007,spair,TF,11.0
snapshots/spair_synthetic_70_30_steps100_pretrainedTrue_freezeFalse_2025_12_17_03_25,spair_synthetic_70_30_steps100_pretrainedTrue_freezeFalse_2025_12_17_03_25,spair_synthetic_70_30,steps,100,True,False,2025_12_17_03_25,kitti2012,5000,374041.25000000006,74.80825000000002,5,0.4735697052877318,0.03177388222400153,0.9682261177759984,5.0,,,,,,,,,,0.3006026155663116,0.20431498626887806,0.795685013731122,5.0,,,,,,,,,,,,,,,,,,,,,,,0.3186056017875671,0.0243210978806018,,,,,,,,,,,,,,,,,,,,,,,,,,,,,-0.10581981445205546,-3.4168210141292463,3.416821014129245,-0.8444299064604113,-1.3595405427751417,1.359540542775142,,,,59.49418666666667,15.314063333333344,spair,TF,9.0
snapshots/spair_synthetic_70_30_steps100_pretrainedTrue_freezeFalse_2025_12_17_03_25,spair_synthetic_70_30_steps100_pretrainedTrue_freezeFalse_2025_12_17_03_25,spair_synthetic_70_30,steps,100,True,False,2025_12_17_03_25,kitti2015,5000,376077.9000000001,75.21558000000002,5,,,,,,,,,,,,,,,,,,,,,,,,,,,,,,,,,,,,,,,,0.3217819035053253,0.0270492117851972,,,,,,,,,,,,,,,,,,,,,,,,,,,,,,,,,,,,,,62.48625333333334,12.72932666666668,spair,TF,10.0
snapshots/spair_synthetic_70_30_steps100_pretrainedTrue_freezeFalse_2025_12_17_03_25,spair_synthetic_70_30_steps100_pretrainedTrue_freezeFalse_2025_12_17_03_25,spair_synthetic_70_30,steps,100,True,False,2025_12_17_03_25,middlebury,5000,211015.5,42.2031,5,0.40764919677311295,0.036450526485986456,0.9635494735140135,5.0,,,,,,,,,,0.26080358214796506,0.3933591064815939,0.6066408935184061,5.0,,,,,,,,,,,,,,,,,,,,,,,0.0622269622981548,0.0230678357183933,,,,,,,,,,,,,,,,,,,,,,,,,,,,,-0.37369203967698544,-3.27466793183109,3.2746679318310905,-1.0417961091482448,-0.433214055690736,0.43321405569073607,,,,34.53024666666666,7.672853333333336,spair,TF,14.0
snapshots/spair_synthetic_70_30_steps100_pretrainedTrue_freezeFalse_2025_12_17_03_25,spair_synthetic_70_30_steps100_pretrainedTrue_freezeFalse_2025_12_17_03_25,spair_synthetic_70_30,steps,100,True,False,2025_12_17_03_25,pfpascal,5000,173619.35,34.72387,5,0.3406910353698698,0.23004017278427275,0.7699598272157273,5.0,,,,,,,,,,0.32294240102862326,0.2424278784192347,0.7575721215807654,5.0,,,,,,,,,,,,,,,,,,,,,,,0.0082597881555557,0.0201794952154159,,,,,,,,,,,,,,,,,,,,,,,,,,,,,-0.660216251286906,-1.20808438308898,1.20808438308898,-0.7402823666825017,-1.1394144852965904,1.1394144852965906,,,,23.19225,11.531619999999997,spair,TF,19.0
snapshots/spair_synthetic_70_30_steps100_pretrainedTrue_freezeFalse_2025_12_17_03_25,spair_synthetic_70_30_steps100_pretrainedTrue_freezeFalse_2025_12_17_03_25,spair_synthetic_70_30,steps,100,True,False,2025_12_17_03_25,pfwillow,5000,190605.5,38.1211,5,0.34351345390124244,0.12682116656755085,0.8731788334324492,5.0,,,,,,,,,,0.35247055619611634,0.20826734713967637,0.7917326528603237,5.0,,,,,,,,,,,,,,,,,,,,,,,0.0384993217885494,0.0429201908409595,,,,,,,,,,,,,,,,,,,,,,,,,,,,,-0.6476759221546556,-1.9293624273152183,1.9293624273152186,-0.6081971753540495,-1.335401198140577,1.3354011981405771,,,,27.67815333333333,10.442946666666668,spair,TF,21.0
snapshots/spair_synthetic_70_30_steps100_pretrainedTrue_freezeFalse_2025_12_17_03_25,spair_synthetic_70_30_steps100_pretrainedTrue_freezeFalse_2025_12_17_03_25,spair_synthetic_70_30,steps,100,True,False,2025_12_17_03_25,pointodyssey,5000,191502.3,38.30046,5,0.4446765370204937,0.011357379793307965,0.988642620206692,5.0,,,,,,,,,,0.16116633710853606,0.4399515645832995,0.5600484354167006,5.0,,,,,,,,,,,,,,,,,,,,,,,0.2334863841533661,0.0173845775425434,,,,,,,,,,,,,,,,,,,,,,,,,,,,,-0.2222036253957189,-4.466465176932215,4.466465176932214,-1.6495754490299603,-0.2413586314440266,0.24135863144402683,,,,24.839123333333333,13.461336666666668,spair,TF,19.0
snapshots/spair_synthetic_70_30_steps100_pretrainedTrue_freezeFalse_2025_12_17_03_25,spair_synthetic_70_30_steps100_pretrainedTrue_freezeFalse_2025_12_17_03_25,spair_synthetic_70_30,steps,100,True,False,2025_12_17_03_25,spair,5000,85958.7,17.19174,5,0.2115361252673823,0.21496286981671772,0.7850371301832823,5.0,,,,,,,,,,0.37706733889971333,0.24211849159439708,0.757881508405603,5.0,,,,,,,,,,,,,,,,,,,,,,,0.0488540083169937,0.0146720223128795,,,,,,,,,,,,,,,,,,,,,,,,,,,,,-1.3156908012286064,-1.295265701573695,1.2952657015736948,-0.5020146355551022,-1.1410998110459456,1.1410998110459458,,,,16.234553333333334,0.9571866666666651,spair,TF,19.0
snapshots/spair_synthetic_70_30_steps100_pretrainedTrue_freezeFalse_2025_12_17_03_25,spair_synthetic_70_30_steps100_pretrainedTrue_freezeFalse_2025_12_17_03_25,spair_synthetic_70_30,steps,100,True,False,2025_12_17_03_25,synthetic,5000,178028.5,35.6057,5,,,,,,,,,,,,,,,,,,,,,,,,,,,,,,,,,,,,,,,,0.0002996843541041,0.0281254835426807,,,,,,,,,,,,,,,,,,,,,,,,,,,,,,,,,,,,,,25.490916666666667,10.114783333333332,spair,TF,16.0
snapshots/spair_synthetic_70_30_steps100_pretrainedTrue_freezeFalse_2025_12_17_03_25,spair_synthetic_70_30_steps100_pretrainedTrue_freezeFalse_2025_12_17_03_25,spair_synthetic_70_30,steps,100,True,False,2025_12_17_03_25,tss,5000,255648.3,51.12966,5,0.36714246507410053,0.18104083092359455,0.8189591690764054,5.0,,,,,,,,,,0.3257142258519732,0.37265775157745673,0.6273422484225433,5.0,,,,,,,,,,,,,,,,,,,,,,,0.0527091585099697,0.0073654195293784,,,,,,,,,,,,,,,,,,,,,,,,,,,,,-0.5444953725635864,-1.5093116369641866,1.5093116369641864,-0.7276336291977825,-0.5208318001253084,0.5208318001253083,,,,39.87302333333333,11.256636666666672,spair,TF,17.0
snapshots/spair_synthetic_70_30_steps100_pretrainedTrue_freezeTrue_2025_12_16_11_37,spair_synthetic_70_30_steps100_pretrainedTrue_freezeTrue_2025_12_16_11_37,spair_synthetic_70_30,steps,100,True,True,2025_12_16_11_37,flyingthings,5000,,,1,0.35368481372801003,0.2446216683157943,0.7553783316842058,5.0,,,,,,,,,,0.2777496723251684,0.28470948088974823,0.7152905191102518,5.0,,,,,,,,,,,,,,,,,,,,,,,0.0125807002186775,0.0197232067584991,,,,,,,,,,,,,,,,,,,,,,,,,,,,,-0.6028811294114527,-1.1275059192418566,1.1275059192418568,-0.9556515442607302,-0.9212194855387638,0.9212194855387638,,,,53.90556,,spair,TT,
snapshots/spair_synthetic_70_30_steps100_pretrainedTrue_freezeTrue_2025_12_16_11_37,spair_synthetic_70_30_steps100_pretrainedTrue_freezeTrue_2025_12_16_11_37,spair_synthetic_70_30,steps,100,True,True,2025_12_16_11_37,kitti2012,5000,,,1,0.4735697052877318,0.03177388222400153,0.9682261177759984,5.0,,,,,,,,,,0.3006026155663116,0.20431498626887806,0.795685013731122,5.0,,,,,,,,,,,,,,,,,,,,,,,0.3186056017875671,0.0243210978806018,,,,,,,,,,,,,,,,,,,,,,,,,,,,,-0.10581981445205546,-3.4168210141292463,3.416821014129245,-0.8444299064604113,-1.3595405427751417,1.359540542775142,,,,64.06846666666667,,spair,TT,
snapshots/spair_synthetic_70_30_steps100_pretrainedTrue_freezeTrue_2025_12_16_11_37,spair_synthetic_70_30_steps100_pretrainedTrue_freezeTrue_2025_12_16_11_37,spair_synthetic_70_30,steps,100,True,True,2025_12_16_11_37,kitti2015,5000,,,1,,,,,,,,,,,,,,,,,,,,,,,,,,,,,,,,,,,,,,,,0.3217819035053253,0.0270492117851972,,,,,,,,,,,,,,,,,,,,,,,,,,,,,,,,,,,,,,65.10567999999999,,spair,TT,
snapshots/spair_synthetic_70_30_steps100_pretrainedTrue_freezeTrue_2025_12_16_11_37,spair_synthetic_70_30_steps100_pretrainedTrue_freezeTrue_2025_12_16_11_37,spair_synthetic_70_30,steps,100,True,True,2025_12_16_11_37,middlebury,5000,,,1,0.40764919677311295,0.036450526485986456,0.9635494735140135,5.0,,,,,,,,,,0.26080358214796506,0.3933591064815939,0.6066408935184061,5.0,,,,,,,,,,,,,,,,,,,,,,,0.0622269622981548,0.0230678357183933,,,,,,,,,,,,,,,,,,,,,,,,,,,,,-0.37369203967698544,-3.27466793183109,3.2746679318310905,-1.0417961091482448,-0.433214055690736,0.43321405569073607,,,,37.7005,,spair,TT,
snapshots/spair_synthetic_70_30_steps100_pretrainedTrue_freezeTrue_2025_12_16_11_37,spair_synthetic_70_30_steps100_pretrainedTrue_freezeTrue_2025_12_16_11_37,spair_synthetic_70_30,steps,100,True,True,2025_12_16_11_37,pfpascal,5000,,,1,0.3406910353698698,0.23004017278427275,0.7699598272157273,5.0,,,,,,,,,,0.32294240102862326,0.2424278784192347,0.7575721215807654,5.0,,,,,,,,,,,,,,,,,,,,,,,0.0082597881555557,0.0201794952154159,,,,,,,,,,,,,,,,,,,,,,,,,,,,,-0.660216251286906,-1.20808438308898,1.20808438308898,-0.7402823666825017,-1.1394144852965904,1.1394144852965906,,,,27.819223333333337,,spair,TT,
snapshots/spair_synthetic_70_30_steps100_pretrainedTrue_freezeTrue_2025_12_16_11_37,spair_synthetic_70_30_steps100_pretrainedTrue_freezeTrue_2025_12_16_11_37,spair_synthetic_70_30,steps,100,True,True,2025_12_16_11_37,pfwillow,5000,,,1,0.34351345390124244,0.12682116656755085,0.8731788334324492,5.0,,,,,,,,,,0.35247055619611634,0.20826734713967637,0.7917326528603237,5.0,,,,,,,,,,,,,,,,,,,,,,,0.0384993217885494,0.0429201908409595,,,,,,,,,,,,,,,,,,,,,,,,,,,,,-0.6476759221546556,-1.9293624273152183,1.9293624273152186,-0.6081971753540495,-1.335401198140577,1.3354011981405771,,,,32.30222,,spair,TT,
snapshots/spair_synthetic_70_30_steps100_pretrainedTrue_freezeTrue_2025_12_16_11_37,spair_synthetic_70_30_steps100_pretrainedTrue_freezeTrue_2025_12_16_11_37,spair_synthetic_70_30,steps,100,True,True,2025_12_16_11_37,pointodyssey,5000,,,1,0.4446765370204937,0.011357379793307965,0.988642620206692,5.0,,,,,,,,,,0.16116633710853606,0.4399515645832995,0.5600484354167006,5.0,,,,,,,,,,,,,,,,,,,,,,,0.2334863841533661,0.0173845775425434,,,,,,,,,,,,,,,,,,,,,,,,,,,,,-0.2222036253957189,-4.466465176932215,4.466465176932214,-1.6495754490299603,-0.2413586314440266,0.24135863144402683,,,,24.515383333333332,,spair,TT,
snapshots/spair_synthetic_70_30_steps100_pretrainedTrue_freezeTrue_2025_12_16_11_37,spair_synthetic_70_30_steps100_pretrainedTrue_freezeTrue_2025_12_16_11_37,spair_synthetic_70_30,steps,100,True,True,2025_12_16_11_37,spair,5000,,,1,0.2115361252673823,0.21496286981671772,0.7850371301832823,5.0,,,,,,,,,,0.37706733889971333,0.24211849159439708,0.757881508405603,5.0,,,,,,,,,,,,,,,,,,,,,,,0.0488540083169937,0.0146720223128795,,,,,,,,,,,,,,,,,,,,,,,,,,,,,-1.3156908012286064,-1.295265701573695,1.2952657015736948,-0.5020146355551022,-1.1410998110459456,1.1410998110459458,,,,19.357693333333334,,spair,TT,
snapshots/spair_synthetic_70_30_steps100_pretrainedTrue_freezeTrue_2025_12_16_11_37,spair_synthetic_70_30_steps100_pretrainedTrue_freezeTrue_2025_12_16_11_37,spair_synthetic_70_30,steps,100,True,True,2025_12_16_11_37,synthetic,5000,,,1,,,,,,,,,,,,,,,,,,,,,,,,,,,,,,,,,,,,,,,,0.0002996843541041,0.0281254835426807,,,,,,,,,,,,,,,,,,,,,,,,,,,,,,,,,,,,,,29.962760000000003,,spair,TT,
snapshots/spair_synthetic_70_30_steps100_pretrainedTrue_freezeTrue_2025_12_16_11_37,spair_synthetic_70_30_steps100_pretrainedTrue_freezeTrue_2025_12_16_11_37,spair_synthetic_70_30,steps,100,True,True,2025_12_16_11_37,tss,5000,,,1,0.36714246507410053,0.18104083092359455,0.8189591690764054,5.0,,,,,,,,,,0.3257142258519732,0.37265775157745673,0.6273422484225433,5.0,,,,,,,,,,,,,,,,,,,,,,,0.0527091585099697,0.0073654195293784,,,,,,,,,,,,,,,,,,,,,,,,,,,,,-0.5444953725635864,-1.5093116369641866,1.5093116369641864,-0.7276336291977825,-0.5208318001253084,0.5208318001253083,,,,43.74900333333333,,spair,TT,
snapshots/spair_synthetic_70_30_steps100_pretrainedTrue_freezeTrue_2025_12_16_15_25,spair_synthetic_70_30_steps100_pretrainedTrue_freezeTrue_2025_12_16_15_25,spair_synthetic_70_30,steps,100,True,True,2025_12_16_15_25,flyingthings,5000,345773.9,69.15478,5,0.35368481372801003,0.2446216683157943,0.7553783316842058,5.0,,,,,,,,,,0.2777496723251684,0.28470948088974823,0.7152905191102518,5.0,,,,,,,,,,,,,,,,,,,,,,,0.0125807002186775,0.0197232067584991,,,,,,,,,,,,,,,,,,,,,,,,,,,,,-0.6028811294114527,-1.1275059192418566,1.1275059192418568,-0.9556515442607302,-0.9212194855387638,0.9212194855387638,,,,53.90556,15.249220000000001,spair,TT,12.0
snapshots/spair_synthetic_70_30_steps100_pretrainedTrue_freezeTrue_2025_12_16_15_25,spair_synthetic_70_30_steps100_pretrainedTrue_freezeTrue_2025_12_16_15_25,spair_synthetic_70_30,steps,100,True,True,2025_12_16_15_25,kitti2012,5000,376791.6,75.35831999999999,5,0.4735697052877318,0.03177388222400153,0.9682261177759984,5.0,,,,,,,,,,0.3006026155663116,0.20431498626887806,0.795685013731122,5.0,,,,,,,,,,,,,,,,,,,,,,,0.3186056017875671,0.0243210978806018,,,,,,,,,,,,,,,,,,,,,,,,,,,,,-0.10581981445205546,-3.4168210141292463,3.416821014129245,-0.8444299064604113,-1.3595405427751417,1.359540542775142,,,,64.06846666666667,11.289853333333326,spair,TT,10.0
snapshots/spair_synthetic_70_30_steps100_pretrainedTrue_freezeTrue_2025_12_16_15_25,spair_synthetic_70_30_steps100_pretrainedTrue_freezeTrue_2025_12_16_15_25,spair_synthetic_70_30,steps,100,True,True,2025_12_16_15_25,kitti2015,5000,379554.25,75.91085,5,,,,,,,,,,,,,,,,,,,,,,,,,,,,,,,,,,,,,,,,0.3217819035053253,0.0270492117851972,,,,,,,,,,,,,,,,,,,,,,,,,,,,,,,,,,,,,,65.10567999999999,10.805170000000004,spair,TT,15.0
snapshots/spair_synthetic_70_30_steps100_pretrainedTrue_freezeTrue_2025_12_16_15_25,spair_synthetic_70_30_steps100_pretrainedTrue_freezeTrue_2025_12_16_15_25,spair_synthetic_70_30,steps,100,True,True,2025_12_16_15_25,middlebury,5000,210866.35,42.17327,5,0.40764919677311295,0.036450526485986456,0.9635494735140135,5.0,,,,,,,,,,0.26080358214796506,0.3933591064815939,0.6066408935184061,5.0,,,,,,,,,,,,,,,,,,,,,,,0.0622269622981548,0.0230678357183933,,,,,,,,,,,,,,,,,,,,,,,,,,,,,-0.37369203967698544,-3.27466793183109,3.2746679318310905,-1.0417961091482448,-0.433214055690736,0.43321405569073607,,,,37.7005,4.472770000000004,spair,TT,18.0
snapshots/spair_synthetic_70_30_steps100_pretrainedTrue_freezeTrue_2025_12_16_15_25,spair_synthetic_70_30_steps100_pretrainedTrue_freezeTrue_2025_12_16_15_25,spair_synthetic_70_30,steps,100,True,True,2025_12_16_15_25,pfpascal,5000,198944.44999999998,39.788889999999995,5,0.3406910353698698,0.23004017278427275,0.7699598272157273,5.0,,,,,,,,,,0.32294240102862326,0.2424278784192347,0.7575721215807654,5.0,,,,,,,,,,,,,,,,,,,,,,,0.0082597881555557,0.0201794952154159,,,,,,,,,,,,,,,,,,,,,,,,,,,,,-0.660216251286906,-1.20808438308898,1.20808438308898,-0.7402823666825017,-1.1394144852965904,1.1394144852965906,,,,27.819223333333337,11.969666666666658,spair,TT,22.0
snapshots/spair_synthetic_70_30_steps100_pretrainedTrue_freezeTrue_2025_12_16_15_25,spair_synthetic_70_30_steps100_pretrainedTrue_freezeTrue_2025_12_16_15_25,spair_synthetic_70_30,steps,100,True,True,2025_12_16_15_25,pfwillow,5000,203761.15,40.75223,5,0.34351345390124244,0.12682116656755085,0.8731788334324492,5.0,,,,,,,,,,0.35247055619611634,0.20826734713967637,0.7917326528603237,5.0,,,,,,,,,,,,,,,,,,,,,,,0.0384993217885494,0.0429201908409595,,,,,,,,,,,,,,,,,,,,,,,,,,,,,-0.6476759221546556,-1.9293624273152183,1.9293624273152186,-0.6081971753540495,-1.335401198140577,1.3354011981405771,,,,32.30222,8.450009999999999,spair,TT,18.0
snapshots/spair_synthetic_70_30_steps100_pretrainedTrue_freezeTrue_2025_12_16_15_25,spair_synthetic_70_30_steps100_pretrainedTrue_freezeTrue_2025_12_16_15_25,spair_synthetic_70_30,steps,100,True,True,2025_12_16_15_25,pointodyssey,5000,187506.9,37.50138,5,0.4446765370204937,0.011357379793307965,0.988642620206692,5.0,,,,,,,,,,0.16116633710853606,0.4399515645832995,0.5600484354167006,5.0,,,,,,,,,,,,,,,,,,,,,,,0.2334863841533661,0.0173845775425434,,,,,,,,,,,,,,,,,,,,,,,,,,,,,-0.2222036253957189,-4.466465176932215,4.466465176932214,-1.6495754490299603,-0.2413586314440266,0.24135863144402683,,,,24.515383333333332,12.985996666666665,spair,TT,18.0
snapshots/spair_synthetic_70_30_steps100_pretrainedTrue_freezeTrue_2025_12_16_15_25,spair_synthetic_70_30_steps100_pretrainedTrue_freezeTrue_2025_12_16_15_25,spair_synthetic_70_30,steps,100,True,True,2025_12_16_15_25,spair,5000,105941.95,21.18839,5,0.2115361252673823,0.21496286981671772,0.7850371301832823,5.0,,,,,,,,,,0.37706733889971333,0.24211849159439708,0.757881508405603,5.0,,,,,,,,,,,,,,,,,,,,,,,0.0488540083169937,0.0146720223128795,,,,,,,,,,,,,,,,,,,,,,,,,,,,,-1.3156908012286064,-1.295265701573695,1.2952657015736948,-0.5020146355551022,-1.1410998110459456,1.1410998110459458,,,,19.357693333333334,1.8306966666666646,spair,TT,22.0
snapshots/spair_synthetic_70_30_steps100_pretrainedTrue_freezeTrue_2025_12_16_15_25,spair_synthetic_70_30_steps100_pretrainedTrue_freezeTrue_2025_12_16_15_25,spair_synthetic_70_30,steps,100,True,True,2025_12_16_15_25,synthetic,5000,178463.5,35.6927,5,,,,,,,,,,,,,,,,,,,,,,,,,,,,,,,,,,,,,,,,0.0002996843541041,0.0281254835426807,,,,,,,,,,,,,,,,,,,,,,,,,,,,,,,,,,,,,,29.962760000000003,5.729939999999999,spair,TT,18.0
snapshots/spair_synthetic_70_30_steps100_pretrainedTrue_freezeTrue_2025_12_16_15_25,spair_synthetic_70_30_steps100_pretrainedTrue_freezeTrue_2025_12_16_15_25,spair_synthetic_70_30,steps,100,True,True,2025_12_16_15_25,tss,5000,258315.44999999998,51.66309,5,0.36714246507410053,0.18104083092359455,0.8189591690764054,5.0,,,,,,,,,,0.3257142258519732,0.37265775157745673,0.6273422484225433,5.0,,,,,,,,,,,,,,,,,,,,,,,0.0527091585099697,0.0073654195293784,,,,,,,,,,,,,,,,,,,,,,,,,,,,,-0.5444953725635864,-1.5093116369641866,1.5093116369641864,-0.7276336291977825,-0.5208318001253084,0.5208318001253083,,,,43.74900333333333,7.91408666666667,spair,TT,17.0
snapshots/spair_synthetic_steps100_pretrainedFalse_freezeFalse_2025_12_16_11_37,spair_synthetic_steps100_pretrainedFalse_freezeFalse_2025_12_16_11_37,spair_synthetic,steps,100,False,False,2025_12_16_11_37,flyingthings,5000,,,1,,,,,,,,,,,,,,,,,,,,,,,,,,,,,,,,,,,,,,,,,,,,,,,,,,,,,,,,,,,,,,,,,,,,,,,,,,,,,,,2.08833,,spair,FF,
snapshots/spair_synthetic_steps100_pretrainedFalse_freezeFalse_2025_12_16_11_37,spair_synthetic_steps100_pretrainedFalse_freezeFalse_2025_12_16_11_37,spair_synthetic,steps,100,False,False,2025_12_16_11_37,kitti2012,5000,,,1,,,,,,,,,,,,,,,,,,,,,,,,,,,,,,,,,,,,,,,,,,,,,,,,,,,,,,,,,,,,,,,,,,,,,,,,,,,,,,,4.8632566666666674,,spair,FF,
snapshots/spair_synthetic_steps100_pretrainedFalse_freezeFalse_2025_12_16_11_37,spair_synthetic_steps100_pretrainedFalse_freezeFalse_2025_12_16_11_37,spair_synthetic,steps,100,False,False,2025_12_16_11_37,kitti2015,5000,,,1,,,,,,,,,,,,,,,,,,,,,,,,,,,,,,,,,,,,,,,,,,,,,,,,,,,,,,,,,,,,,,,,,,,,,,,,,,,,,,,6.796363333333333,,spair,FF,
snapshots/spair_synthetic_steps100_pretrainedFalse_freezeFalse_2025_12_16_11_37,spair_synthetic_steps100_pretrainedFalse_freezeFalse_2025_12_16_11_37,spair_synthetic,steps,100,False,False,2025_12_16_11_37,middlebury,5000,,,1,,,,,,,,,,,,,,,,,,,,,,,,,,,,,,,,,,,,,,,,,,,,,,,,,,,,,,,,,,,,,,,,,,,,,,,,,,,,,,,1.9837666666666667,,spair,FF,
snapshots/spair_synthetic_steps100_pretrainedFalse_freezeFalse_2025_12_16_11_37,spair_synthetic_steps100_pretrainedFalse_freezeFalse_2025_12_16_11_37,spair_synthetic,steps,100,False,False,2025_12_16_11_37,pfpascal,5000,,,1,,,,,,,,,,,,,,,,,,,,,,,,,,,,,,,,,,,,,,,,,,,,,,,,,,,,,,,,,,,,,,,,,,,,,,,,,,,,,,,1.9410966666666667,,spair,FF,
snapshots/spair_synthetic_steps100_pretrainedFalse_freezeFalse_2025_12_16_11_37,spair_synthetic_steps100_pretrainedFalse_freezeFalse_2025_12_16_11_37,spair_synthetic,steps,100,False,False,2025_12_16_11_37,pfwillow,5000,,,1,,,,,,,,,,,,,,,,,,,,,,,,,,,,,,,,,,,,,,,,,,,,,,,,,,,,,,,,,,,,,,,,,,,,,,,,,,,,,,,3.3644433333333335,,spair,FF,
snapshots/spair_synthetic_steps100_pretrainedFalse_freezeFalse_2025_12_16_11_37,spair_synthetic_steps100_pretrainedFalse_freezeFalse_2025_12_16_11_37,spair_synthetic,steps,100,False,False,2025_12_16_11_37,pointodyssey,5000,,,1,,,,,,,,,,,,,,,,,,,,,,,,,,,,,,,,,,,,,,,,,,,,,,,,,,,,,,,,,,,,,,,,,,,,,,,,,,,,,,,2.2678866666666666,,spair,FF,
snapshots/spair_synthetic_steps100_pretrainedFalse_freezeFalse_2025_12_16_11_37,spair_synthetic_steps100_pretrainedFalse_freezeFalse_2025_12_16_11_37,spair_synthetic,steps,100,False,False,2025_12_16_11_37,spair,5000,,,1,,,,,,,,,,,,,,,,,,,,,,,,,,,,,,,,,,,,,,,,,,,,,,,,,,,,,,,,,,,,,,,,,,,,,,,,,,,,,,,2.0635033333333332,,spair,FF,
snapshots/spair_synthetic_steps100_pretrainedFalse_freezeFalse_2025_12_16_11_37,spair_synthetic_steps100_pretrainedFalse_freezeFalse_2025_12_16_11_37,spair_synthetic,steps,100,False,False,2025_12_16_11_37,synthetic,5000,,,1,,,,,,,,,,,,,,,,,,,,,,,,,,,,,,,,,,,,,,,,,,,,,,,,,,,,,,,,,,,,,,,,,,,,,,,,,,,,,,,2.400183333333333,,spair,FF,
snapshots/spair_synthetic_steps100_pretrainedFalse_freezeFalse_2025_12_16_11_37,spair_synthetic_steps100_pretrainedFalse_freezeFalse_2025_12_16_11_37,spair_synthetic,steps,100,False,False,2025_12_16_11_37,tss,5000,,,1,,,,,,,,,,,,,,,,,,,,,,,,,,,,,,,,,,,,,,,,,,,,,,,,,,,,,,,,,,,,,,,,,,,,,,,,,,,,,,,3.624926666666667,,spair,FF,
snapshots/spair_synthetic_steps100_pretrainedFalse_freezeFalse_2025_12_16_15_25,spair_synthetic_steps100_pretrainedFalse_freezeFalse_2025_12_16_15_25,spair_synthetic,steps,100,False,False,2025_12_16_15_25,flyingthings,5000,237635.7,47.52714,5,,,,,,,,,,,,,,,,,,,,,,,,,,,,,,,,,,,,,,,,,,,,,,,,,,,,,,,,,,,,,,,,,,,,,,,,,,,,,,,2.08833,45.438810000000004,spair,FF,10.0
snapshots/spair_synthetic_steps100_pretrainedFalse_freezeFalse_2025_12_16_15_25,spair_synthetic_steps100_pretrainedFalse_freezeFalse_2025_12_16_15_25,spair_synthetic,steps,100,False,False,2025_12_16_15_25,kitti2012,5000,318412.75,63.68255,5,,,,,,,,,,,,,,,,,,,,,,,,,,,,,,,,,,,,,,,,,,,,,,,,,,,,,,,,,,,,,,,,,,,,,,,,,,,,,,,4.8632566666666674,58.819293333333334,spair,FF,13.0
snapshots/spair_synthetic_steps100_pretrainedFalse_freezeFalse_2025_12_16_15_25,spair_synthetic_steps100_pretrainedFalse_freezeFalse_2025_12_16_15_25,spair_synthetic,steps,100,False,False,2025_12_16_15_25,kitti2015,5000,332505.4,66.50108,5,,,,,,,,,,,,,,,,,,,,,,,,,,,,,,,,,,,,,,,,,,,,,,,,,,,,,,,,,,,,,,,,,,,,,,,,,,,,,,,6.796363333333333,59.70471666666667,spair,FF,15.0
snapshots/spair_synthetic_steps100_pretrainedFalse_freezeFalse_2025_12_16_15_25,spair_synthetic_steps100_pretrainedFalse_freezeFalse_2025_12_16_15_25,spair_synthetic,steps,100,False,False,2025_12_16_15_25,middlebury,5000,156926.0,31.3852,5,,,,,,,,,,,,,,,,,,,,,,,,,,,,,,,,,,,,,,,,,,,,,,,,,,,,,,,,,,,,,,,,,,,,,,,,,,,,,,,1.9837666666666667,29.401433333333333,spair,FF,10.0
snapshots/spair_synthetic_steps100_pretrainedFalse_freezeFalse_2025_12_16_15_25,spair_synthetic_steps100_pretrainedFalse_freezeFalse_2025_12_16_15_25,spair_synthetic,steps,100,False,False,2025_12_16_15_25,pfpascal,5000,51177.700000000004,10.23554,5,,,,,,,,,,,,,,,,,,,,,,,,,,,,,,,,,,,,,,,,,,,,,,,,,,,,,,,,,,,,,,,,,,,,,,,,,,,,,,,1.9410966666666667,8.294443333333334,spair,FF,16.0
snapshots/spair_synthetic_steps100_pretrainedFalse_freezeFalse_2025_12_16_15_25,spair_synthetic_steps100_pretrainedFalse_freezeFalse_2025_12_16_15_25,spair_synthetic,steps,100,False,False,2025_12_16_15_25,pfwillow,5000,55450.0,11.09,5,,,,,,,,,,,,,,,,,,,,,,,,,,,,,,,,,,,,,,,,,,,,,,,,,,,,,,,,,,,,,,,,,,,,,,,,,,,,,,,3.3644433333333335,7.725556666666666,spair,FF,14.0
snapshots/spair_synthetic_steps100_pretrainedFalse_freezeFalse_2025_12_16_15_25,spair_synthetic_steps100_pretrainedFalse_freezeFalse_2025_12_16_15_25,spair_synthetic,steps,100,False,False,2025_12_16_15_25,pointodyssey,5000,165306.05000000002,33.06121,5,,,,,,,,,,,,,,,,,,,,,,,,,,,,,,,,,,,,,,,,,,,,,,,,,,,,,,,,,,,,,,,,,,,,,,,,,,,,,,,2.2678866666666666,30.793323333333337,spair,FF,19.0
snapshots/spair_synthetic_steps100_pretrainedFalse_freezeFalse_2025_12_16_15_25,spair_synthetic_steps100_pretrainedFalse_freezeFalse_2025_12_16_15_25,spair_synthetic,steps,100,False,False,2025_12_16_15_25,spair,5000,14989.5,2.9979,5,,,,,,,,,,,,,,,,,,,,,,,,,,,,,,,,,,,,,,,,,,,,,,,,,,,,,,,,,,,,,,,,,,,,,,,,,,,,,,,2.0635033333333332,0.9343966666666668,spair,FF,20.0
snapshots/spair_synthetic_steps100_pretrainedFalse_freezeFalse_2025_12_16_15_25,spair_synthetic_steps100_pretrainedFalse_freezeFalse_2025_12_16_15_25,spair_synthetic,steps,100,False,False,2025_12_16_15_25,synthetic,5000,82942.85,16.58857,5,,,,,,,,,,,,,,,,,,,,,,,,,,,,,,,,,,,,,,,,,,,,,,,,,,,,,,,,,,,,,,,,,,,,,,,,,,,,,,,2.400183333333333,14.188386666666668,spair,FF,18.0
snapshots/spair_synthetic_steps100_pretrainedFalse_freezeFalse_2025_12_16_15_25,spair_synthetic_steps100_pretrainedFalse_freezeFalse_2025_12_16_15_25,spair_synthetic,steps,100,False,False,2025_12_16_15_25,tss,5000,108058.95000000001,21.611790000000003,5,,,,,,,,,,,,,,,,,,,,,,,,,,,,,,,,,,,,,,,,,,,,,,,,,,,,,,,,,,,,,,,,,,,,,,,,,,,,,,,3.624926666666667,17.986863333333336,spair,FF,15.0
snapshots/spair_synthetic_steps100_pretrainedTrue_freezeFalse_2025_12_16_11_38,spair_synthetic_steps100_pretrainedTrue_freezeFalse_2025_12_16_11_38,spair_synthetic,steps,100,True,False,2025_12_16_11_38,flyingthings,5000,,,1,,,,,,,,,,,,,,,,,,,,,,,,,,,,,,,,,,,,,,,,,,,,,,,,,,,,,,,,,,,,,,,,,,,,,,,,,,,,,,,48.23252,,spair,TF,
snapshots/spair_synthetic_steps100_pretrainedTrue_freezeFalse_2025_12_16_11_38,spair_synthetic_steps100_pretrainedTrue_freezeFalse_2025_12_16_11_38,spair_synthetic,steps,100,True,False,2025_12_16_11_38,kitti2012,5000,,,1,,,,,,,,,,,,,,,,,,,,,,,,,,,,,,,,,,,,,,,,,,,,,,,,,,,,,,,,,,,,,,,,,,,,,,,,,,,,,,,59.49418666666667,,spair,TF,
snapshots/spair_synthetic_steps100_pretrainedTrue_freezeFalse_2025_12_16_11_38,spair_synthetic_steps100_pretrainedTrue_freezeFalse_2025_12_16_11_38,spair_synthetic,steps,100,True,False,2025_12_16_11_38,kitti2015,5000,,,1,,,,,,,,,,,,,,,,,,,,,,,,,,,,,,,,,,,,,,,,,,,,,,,,,,,,,,,,,,,,,,,,,,,,,,,,,,,,,,,62.48625333333334,,spair,TF,
snapshots/spair_synthetic_steps100_pretrainedTrue_freezeFalse_2025_12_16_11_38,spair_synthetic_steps100_pretrainedTrue_freezeFalse_2025_12_16_11_38,spair_synthetic,steps,100,True,False,2025_12_16_11_38,middlebury,5000,,,1,,,,,,,,,,,,,,,,,,,,,,,,,,,,,,,,,,,,,,,,,,,,,,,,,,,,,,,,,,,,,,,,,,,,,,,,,,,,,,,34.53024666666666,,spair,TF,
snapshots/spair_synthetic_steps100_pretrainedTrue_freezeFalse_2025_12_16_11_38,spair_synthetic_steps100_pretrainedTrue_freezeFalse_2025_12_16_11_38,spair_synthetic,steps,100,True,False,2025_12_16_11_38,pfpascal,5000,,,1,,,,,,,,,,,,,,,,,,,,,,,,,,,,,,,,,,,,,,,,,,,,,,,,,,,,,,,,,,,,,,,,,,,,,,,,,,,,,,,23.19225,,spair,TF,
snapshots/spair_synthetic_steps100_pretrainedTrue_freezeFalse_2025_12_16_11_38,spair_synthetic_steps100_pretrainedTrue_freezeFalse_2025_12_16_11_38,spair_synthetic,steps,100,True,False,2025_12_16_11_38,pfwillow,5000,,,1,,,,,,,,,,,,,,,,,,,,,,,,,,,,,,,,,,,,,,,,,,,,,,,,,,,,,,,,,,,,,,,,,,,,,,,,,,,,,,,27.67815333333333,,spair,TF,
snapshots/spair_synthetic_steps100_pretrainedTrue_freezeFalse_2025_12_16_11_38,spair_synthetic_steps100_pretrainedTrue_freezeFalse_2025_12_16_11_38,spair_synthetic,steps,100,True,False,2025_12_16_11_38,pointodyssey,5000,,,1,,,,,,,,,,,,,,,,,,,,,,,,,,,,,,,,,,,,,,,,,,,,,,,,,,,,,,,,,,,,,,,,,,,,,,,,,,,,,,,24.839123333333333,,spair,TF,
snapshots/spair_synthetic_steps100_pretrainedTrue_freezeFalse_2025_12_16_11_38,spair_synthetic_steps100_pretrainedTrue_freezeFalse_2025_12_16_11_38,spair_synthetic,steps,100,True,False,2025_12_16_11_38,spair,5000,,,1,,,,,,,,,,,,,,,,,,,,,,,,,,,,,,,,,,,,,,,,,,,,,,,,,,,,,,,,,,,,,,,,,,,,,,,,,,,,,,,16.234553333333334,,spair,TF,
snapshots/spair_synthetic_steps100_pretrainedTrue_freezeFalse_2025_12_16_11_38,spair_synthetic_steps100_pretrainedTrue_freezeFalse_2025_12_16_11_38,spair_synthetic,steps,100,True,False,2025_12_16_11_38,synthetic,5000,,,1,,,,,,,,,,,,,,,,,,,,,,,,,,,,,,,,,,,,,,,,,,,,,,,,,,,,,,,,,,,,,,,,,,,,,,,,,,,,,,,25.490916666666667,,spair,TF,
snapshots/spair_synthetic_steps100_pretrainedTrue_freezeFalse_2025_12_16_11_38,spair_synthetic_steps100_pretrainedTrue_freezeFalse_2025_12_16_11_38,spair_synthetic,steps,100,True,False,2025_12_16_11_38,tss,5000,,,1,,,,,,,,,,,,,,,,,,,,,,,,,,,,,,,,,,,,,,,,,,,,,,,,,,,,,,,,,,,,,,,,,,,,,,,,,,,,,,,39.87302333333333,,spair,TF,
snapshots/spair_synthetic_steps100_pretrainedTrue_freezeFalse_2025_12_16_15_25,spair_synthetic_steps100_pretrainedTrue_freezeFalse_2025_12_16_15_25,spair_synthetic,steps,100,True,False,2025_12_16_15_25,flyingthings,5000,355394.85,71.07897,5,,,,,,,,,,,,,,,,,,,,,,,,,,,,,,,,,,,,,,,,,,,,,,,,,,,,,,,,,,,,,,,,,,,,,,,,,,,,,,,48.23252,22.846449999999997,spair,TF,15.0
snapshots/spair_synthetic_steps100_pretrainedTrue_freezeFalse_2025_12_16_15_25,spair_synthetic_steps100_pretrainedTrue_freezeFalse_2025_12_16_15_25,spair_synthetic,steps,100,True,False,2025_12_16_15_25,kitti2012,5000,384946.8,76.98935999999999,5,,,,,,,,,,,,,,,,,,,,,,,,,,,,,,,,,,,,,,,,,,,,,,,,,,,,,,,,,,,,,,,,,,,,,,,,,,,,,,,59.49418666666667,17.49517333333332,spair,TF,13.0
snapshots/spair_synthetic_steps100_pretrainedTrue_freezeFalse_2025_12_16_15_25,spair_synthetic_steps100_pretrainedTrue_freezeFalse_2025_12_16_15_25,spair_synthetic,steps,100,True,False,2025_12_16_15_25,kitti2015,5000,382502.9,76.50058,5,,,,,,,,,,,,,,,,,,,,,,,,,,,,,,,,,,,,,,,,,,,,,,,,,,,,,,,,,,,,,,,,,,,,,,,,,,,,,,,62.48625333333334,14.014326666666662,spair,TF,15.0
snapshots/spair_synthetic_steps100_pretrainedTrue_freezeFalse_2025_12_16_15_25,spair_synthetic_steps100_pretrainedTrue_freezeFalse_2025_12_16_15_25,spair_synthetic,steps,100,True,False,2025_12_16_15_25,middlebury,5000,214412.45,42.882490000000004,5,,,,,,,,,,,,,,,,,,,,,,,,,,,,,,,,,,,,,,,,,,,,,,,,,,,,,,,,,,,,,,,,,,,,,,,,,,,,,,,34.53024666666666,8.352243333333341,spair,TF,21.0
snapshots/spair_synthetic_steps100_pretrainedTrue_freezeFalse_2025_12_16_15_25,spair_synthetic_steps100_pretrainedTrue_freezeFalse_2025_12_16_15_25,spair_synthetic,steps,100,True,False,2025_12_16_15_25,pfpascal,5000,192068.75,38.41375,5,,,,,,,,,,,,,,,,,,,,,,,,,,,,,,,,,,,,,,,,,,,,,,,,,,,,,,,,,,,,,,,,,,,,,,,,,,,,,,,23.19225,15.221499999999999,spair,TF,22.0
snapshots/spair_synthetic_steps100_pretrainedTrue_freezeFalse_2025_12_16_15_25,spair_synthetic_steps100_pretrainedTrue_freezeFalse_2025_12_16_15_25,spair_synthetic,steps,100,True,False,2025_12_16_15_25,pfwillow,5000,204977.75,40.99555,5,,,,,,,,,,,,,,,,,,,,,,,,,,,,,,,,,,,,,,,,,,,,,,,,,,,,,,,,,,,,,,,,,,,,,,,,,,,,,,,27.67815333333333,13.31739666666667,spair,TF,22.0
snapshots/spair_synthetic_steps100_pretrainedTrue_freezeFalse_2025_12_16_15_25,spair_synthetic_steps100_pretrainedTrue_freezeFalse_2025_12_16_15_25,spair_synthetic,steps,100,True,False,2025_12_16_15_25,pointodyssey,5000,175975.2,35.195040000000006,5,,,,,,,,,,,,,,,,,,,,,,,,,,,,,,,,,,,,,,,,,,,,,,,,,,,,,,,,,,,,,,,,,,,,,,,,,,,,,,,24.839123333333333,10.355916666666673,spair,TF,18.0
snapshots/spair_synthetic_steps100_pretrainedTrue_freezeFalse_2025_12_16_15_25,spair_synthetic_steps100_pretrainedTrue_freezeFalse_2025_12_16_15_25,spair_synthetic,steps,100,True,False,2025_12_16_15_25,spair,5000,92423.09999999999,18.48462,5,,,,,,,,,,,,,,,,,,,,,,,,,,,,,,,,,,,,,,,,,,,,,,,,,,,,,,,,,,,,,,,,,,,,,,,,,,,,,,,16.234553333333334,2.2500666666666653,spair,TF,22.0
snapshots/spair_synthetic_steps100_pretrainedTrue_freezeFalse_2025_12_16_15_25,spair_synthetic_steps100_pretrainedTrue_freezeFalse_2025_12_16_15_25,spair_synthetic,steps,100,True,False,2025_12_16_15_25,synthetic,5000,198295.50000000003,39.65910000000001,5,,,,,,,,,,,,,,,,,,,,,,,,,,,,,,,,,,,,,,,,,,,,,,,,,,,,,,,,,,,,,,,,,,,,,,,,,,,,,,,25.490916666666667,14.168183333333342,spair,TF,18.0
snapshots/spair_synthetic_steps100_pretrainedTrue_freezeFalse_2025_12_16_15_25,spair_synthetic_steps100_pretrainedTrue_freezeFalse_2025_12_16_15_25,spair_synthetic,steps,100,True,False,2025_12_16_15_25,tss,5000,262968.19999999995,52.59363999999999,5,,,,,,,,,,,,,,,,,,,,,,,,,,,,,,,,,,,,,,,,,,,,,,,,,,,,,,,,,,,,,,,,,,,,,,,,,,,,,,,39.87302333333333,12.720616666666665,spair,TF,22.0
snapshots/spair_synthetic_steps100_pretrainedTrue_freezeTrue_2025_12_16_11_37,spair_synthetic_steps100_pretrainedTrue_freezeTrue_2025_12_16_11_37,spair_synthetic,steps,100,True,True,2025_12_16_11_37,flyingthings,5000,,,1,,,,,,,,,,,,,,,,,,,,,,,,,,,,,,,,,,,,,,,,,,,,,,,,,,,,,,,,,,,,,,,,,,,,,,,,,,,,,,,53.90556,,spair,TT,
snapshots/spair_synthetic_steps100_pretrainedTrue_freezeTrue_2025_12_16_11_37,spair_synthetic_steps100_pretrainedTrue_freezeTrue_2025_12_16_11_37,spair_synthetic,steps,100,True,True,2025_12_16_11_37,kitti2012,5000,,,1,,,,,,,,,,,,,,,,,,,,,,,,,,,,,,,,,,,,,,,,,,,,,,,,,,,,,,,,,,,,,,,,,,,,,,,,,,,,,,,64.06846666666667,,spair,TT,
snapshots/spair_synthetic_steps100_pretrainedTrue_freezeTrue_2025_12_16_11_37,spair_synthetic_steps100_pretrainedTrue_freezeTrue_2025_12_16_11_37,spair_synthetic,steps,100,True,True,2025_12_16_11_37,kitti2015,5000,,,1,,,,,,,,,,,,,,,,,,,,,,,,,,,,,,,,,,,,,,,,,,,,,,,,,,,,,,,,,,,,,,,,,,,,,,,,,,,,,,,65.10567999999999,,spair,TT,
snapshots/spair_synthetic_steps100_pretrainedTrue_freezeTrue_2025_12_16_11_37,spair_synthetic_steps100_pretrainedTrue_freezeTrue_2025_12_16_11_37,spair_synthetic,steps,100,True,True,2025_12_16_11_37,middlebury,5000,,,1,,,,,,,,,,,,,,,,,,,,,,,,,,,,,,,,,,,,,,,,,,,,,,,,,,,,,,,,,,,,,,,,,,,,,,,,,,,,,,,37.7005,,spair,TT,
snapshots/spair_synthetic_steps100_pretrainedTrue_freezeTrue_2025_12_16_11_37,spair_synthetic_steps100_pretrainedTrue_freezeTrue_2025_12_16_11_37,spair_synthetic,steps,100,True,True,2025_12_16_11_37,pfpascal,5000,,,1,,,,,,,,,,,,,,,,,,,,,,,,,,,,,,,,,,,,,,,,,,,,,,,,,,,,,,,,,,,,,,,,,,,,,,,,,,,,,,,27.819223333333337,,spair,TT,
snapshots/spair_synthetic_steps100_pretrainedTrue_freezeTrue_2025_12_16_11_37,spair_synthetic_steps100_pretrainedTrue_freezeTrue_2025_12_16_11_37,spair_synthetic,steps,100,True,True,2025_12_16_11_37,pfwillow,5000,,,1,,,,,,,,,,,,,,,,,,,,,,,,,,,,,,,,,,,,,,,,,,,,,,,,,,,,,,,,,,,,,,,,,,,,,,,,,,,,,,,32.30222,,spair,TT,
snapshots/spair_synthetic_steps100_pretrainedTrue_freezeTrue_2025_12_16_11_37,spair_synthetic_steps100_pretrainedTrue_freezeTrue_2025_12_16_11_37,spair_synthetic,steps,100,True,True,2025_12_16_11_37,pointodyssey,5000,,,1,,,,,,,,,,,,,,,,,,,,,,,,,,,,,,,,,,,,,,,,,,,,,,,,,,,,,,,,,,,,,,,,,,,,,,,,,,,,,,,24.515383333333332,,spair,TT,
snapshots/spair_synthetic_steps100_pretrainedTrue_freezeTrue_2025_12_16_11_37,spair_synthetic_steps100_pretrainedTrue_freezeTrue_2025_12_16_11_37,spair_synthetic,steps,100,True,True,2025_12_16_11_37,spair,5000,,,1,,,,,,,,,,,,,,,,,,,,,,,,,,,,,,,,,,,,,,,,,,,,,,,,,,,,,,,,,,,,,,,,,,,,,,,,,,,,,,,19.357693333333334,,spair,TT,
snapshots/spair_synthetic_steps100_pretrainedTrue_freezeTrue_2025_12_16_11_37,spair_synthetic_steps100_pretrainedTrue_freezeTrue_2025_12_16_11_37,spair_synthetic,steps,100,True,True,2025_12_16_11_37,synthetic,5000,,,1,,,,,,,,,,,,,,,,,,,,,,,,,,,,,,,,,,,,,,,,,,,,,,,,,,,,,,,,,,,,,,,,,,,,,,,,,,,,,,,29.962760000000003,,spair,TT,
snapshots/spair_synthetic_steps100_pretrainedTrue_freezeTrue_2025_12_16_11_37,spair_synthetic_steps100_pretrainedTrue_freezeTrue_2025_12_16_11_37,spair_synthetic,steps,100,True,True,2025_12_16_11_37,tss,5000,,,1,,,,,,,,,,,,,,,,,,,,,,,,,,,,,,,,,,,,,,,,,,,,,,,,,,,,,,,,,,,,,,,,,,,,,,,,,,,,,,,43.74900333333333,,spair,TT,
snapshots/spair_synthetic_steps100_pretrainedTrue_freezeTrue_2025_12_16_15_25,spair_synthetic_steps100_pretrainedTrue_freezeTrue_2025_12_16_15_25,spair_synthetic,steps,100,True,True,2025_12_16_15_25,flyingthings,5000,354598.9,70.91978,5,,,,,,,,,,,,,,,,,,,,,,,,,,,,,,,,,,,,,,,,,,,,,,,,,,,,,,,,,,,,,,,,,,,,,,,,,,,,,,,53.90556,17.01422,spair,TT,16.0
snapshots/spair_synthetic_steps100_pretrainedTrue_freezeTrue_2025_12_16_15_25,spair_synthetic_steps100_pretrainedTrue_freezeTrue_2025_12_16_15_25,spair_synthetic,steps,100,True,True,2025_12_16_15_25,kitti2012,5000,385342.54999999993,77.06850999999999,5,,,,,,,,,,,,,,,,,,,,,,,,,,,,,,,,,,,,,,,,,,,,,,,,,,,,,,,,,,,,,,,,,,,,,,,,,,,,,,,64.06846666666667,13.000043333333323,spair,TT,15.0
snapshots/spair_synthetic_steps100_pretrainedTrue_freezeTrue_2025_12_16_15_25,spair_synthetic_steps100_pretrainedTrue_freezeTrue_2025_12_16_15_25,spair_synthetic,steps,100,True,True,2025_12_16_15_25,kitti2015,5000,382914.75,76.58295,5,,,,,,,,,,,,,,,,,,,,,,,,,,,,,,,,,,,,,,,,,,,,,,,,,,,,,,,,,,,,,,,,,,,,,,,,,,,,,,,65.10567999999999,11.477270000000004,spair,TT,20.0
snapshots/spair_synthetic_steps100_pretrainedTrue_freezeTrue_2025_12_16_15_25,spair_synthetic_steps100_pretrainedTrue_freezeTrue_2025_12_16_15_25,spair_synthetic,steps,100,True,True,2025_12_16_15_25,middlebury,5000,213720.85,42.744170000000004,5,,,,,,,,,,,,,,,,,,,,,,,,,,,,,,,,,,,,,,,,,,,,,,,,,,,,,,,,,,,,,,,,,,,,,,,,,,,,,,,37.7005,5.043670000000006,spair,TT,20.0
snapshots/spair_synthetic_steps100_pretrainedTrue_freezeTrue_2025_12_16_15_25,spair_synthetic_steps100_pretrainedTrue_freezeTrue_2025_12_16_15_25,spair_synthetic,steps,100,True,True,2025_12_16_15_25,pfpascal,5000,197630.2,39.52604,5,,,,,,,,,,,,,,,,,,,,,,,,,,,,,,,,,,,,,,,,,,,,,,,,,,,,,,,,,,,,,,,,,,,,,,,,,,,,,,,27.819223333333337,11.706816666666665,spair,TT,21.0
snapshots/spair_synthetic_steps100_pretrainedTrue_freezeTrue_2025_12_16_15_25,spair_synthetic_steps100_pretrainedTrue_freezeTrue_2025_12_16_15_25,spair_synthetic,steps,100,True,True,2025_12_16_15_25,pfwillow,5000,207055.55,41.41111,5,,,,,,,,,,,,,,,,,,,,,,,,,,,,,,,,,,,,,,,,,,,,,,,,,,,,,,,,,,,,,,,,,,,,,,,,,,,,,,,32.30222,9.108890000000002,spair,TT,20.0
snapshots/spair_synthetic_steps100_pretrainedTrue_freezeTrue_2025_12_16_15_25,spair_synthetic_steps100_pretrainedTrue_freezeTrue_2025_12_16_15_25,spair_synthetic,steps,100,True,True,2025_12_16_15_25,pointodyssey,5000,183762.59999999998,36.75252,5,,,,,,,,,,,,,,,,,,,,,,,,,,,,,,,,,,,,,,,,,,,,,,,,,,,,,,,,,,,,,,,,,,,,,,,,,,,,,,,24.515383333333332,12.237136666666665,spair,TT,16.0
snapshots/spair_synthetic_steps100_pretrainedTrue_freezeTrue_2025_12_16_15_25,spair_synthetic_steps100_pretrainedTrue_freezeTrue_2025_12_16_15_25,spair_synthetic,steps,100,True,True,2025_12_16_15_25,spair,5000,94650.95,18.93019,5,,,,,,,,,,,,,,,,,,,,,,,,,,,,,,,,,,,,,,,,,,,,,,,,,,,,,,,,,,,,,,,,,,,,,,,,,,,,,,,19.357693333333334,-0.427503333333334,spair,TT,19.0
snapshots/spair_synthetic_steps100_pretrainedTrue_freezeTrue_2025_12_16_15_25,spair_synthetic_steps100_pretrainedTrue_freezeTrue_2025_12_16_15_25,spair_synthetic,steps,100,True,True,2025_12_16_15_25,synthetic,5000,187620.75,37.52415,5,,,,,,,,,,,,,,,,,,,,,,,,,,,,,,,,,,,,,,,,,,,,,,,,,,,,,,,,,,,,,,,,,,,,,,,,,,,,,,,29.962760000000003,7.561389999999996,spair,TT,19.0
snapshots/spair_synthetic_steps100_pretrainedTrue_freezeTrue_2025_12_16_15_25,spair_synthetic_steps100_pretrainedTrue_freezeTrue_2025_12_16_15_25,spair_synthetic,steps,100,True,True,2025_12_16_15_25,tss,5000,258845.55,51.76911,5,,,,,,,,,,,,,,,,,,,,,,,,,,,,,,,,,,,,,,,,,,,,,,,,,,,,,,,,,,,,,,,,,,,,,,,,,,,,,,,43.74900333333333,8.02010666666667,spair,TT,18.0
snapshots/synthetic_large_zoom_steps100_pretrainedFalse_freezeFalse_2025_12_11_12_20,synthetic_large_zoom_steps100_pretrainedFalse_freezeFalse_2025_12_11_12_20,synthetic_large_zoom,steps,100,False,False,2025_12_11_12_20,flyingthings,5000,126923.20000000001,25.38464,3,0.20659285899151372,0.37963798359159584,0.6203620164084042,5.0,,,,,,,,,,0.21592363273473322,0.19322001896564828,0.8067799810343517,5.0,,,,,,,,,,,,,,,,,,,,,,,0.0230593867599964,0.0571755468845367,,,,,,,,,,,,,,,,,,,,,,,,,,,,,-1.3455865168830867,-0.4910850811918128,0.4910850811918129,-1.2895816298168834,-1.42922145872886,1.4292214587288596,,,,2.08833,23.296310000000002,spair,FF,7.0
snapshots/synthetic_large_zoom_steps100_pretrainedFalse_freezeFalse_2025_12_11_12_20,synthetic_large_zoom_steps100_pretrainedFalse_freezeFalse_2025_12_11_12_20,synthetic_large_zoom,steps,100,False,False,2025_12_11_12_20,kitti2012,5000,147357.05,29.47141,3,0.4742671555013057,0.12316693701702178,0.8768330629829783,5.0,,,,,,,,,,0.20128883758531005,0.10909099150570065,0.8909090084942993,5.0,,,,,,,,,,,,,,,,,,,,,,,0.2741191983222961,0.062523752450943,,,,,,,,,,,,,,,,,,,,,,,,,,,,,-0.1030224013976236,-1.9627759774630313,1.9627759774630316,-1.378258502084163,-2.1000599809075315,2.100059980907531,,,,4.8632566666666674,24.60815333333333,spair,FF,7.0
snapshots/synthetic_large_zoom_steps100_pretrainedFalse_freezeFalse_2025_12_11_12_20,synthetic_large_zoom_steps100_pretrainedFalse_freezeFalse_2025_12_11_12_20,synthetic_large_zoom,steps,100,False,False,2025_12_11_12_20,kitti2015,5000,155150.9,31.030179999999998,3,,,,,,,,,,,,,,,,,,,,,,,,,,,,,,,,,,,,,,,,0.2812388837337494,0.0592096075415611,,,,,,,,,,,,,,,,,,,,,,,,,,,,,,,,,,,,,,6.796363333333333,24.233816666666666,spair,FF,7.0
snapshots/synthetic_large_zoom_steps100_pretrainedFalse_freezeFalse_2025_12_11_12_20,synthetic_large_zoom_steps100_pretrainedFalse_freezeFalse_2025_12_11_12_20,synthetic_large_zoom,steps,100,False,False,2025_12_11_12_20,middlebury,5000,81788.75,16.35775,3,0.28564048524862923,0.09131103776479063,0.9086889622352093,5.0,,,,,,,,,,0.19740591117217046,0.29906407479814556,0.7009359252018544,5.0,,,,,,,,,,,,,,,,,,,,,,,0.036100398749113,0.0532728843390941,,,,,,,,,,,,,,,,,,,,,,,,,,,,,-0.9166523821842727,-2.2977311840077257,2.2977311840077257,-1.4025870210780176,-0.8517586305932118,0.8517586305932118,,,,1.9837666666666667,14.373983333333333,spair,FF,7.0
snapshots/synthetic_large_zoom_steps100_pretrainedFalse_freezeFalse_2025_12_11_12_20,synthetic_large_zoom_steps100_pretrainedFalse_freezeFalse_2025_12_11_12_20,synthetic_large_zoom,steps,100,False,False,2025_12_11_12_20,pfpascal,5000,13303.599999999999,2.6607199999999995,3,0.13637813353483727,0.2953150401976631,0.7046849598023369,5.0,,,,,,,,,,0.2273607857581464,0.13853890764499688,0.8614610923550031,5.0,,,,,,,,,,,,,,,,,,,,,,,0.0337456092238426,0.0752267241477966,,,,,,,,,,,,,,,,,,,,,,,,,,,,,-1.8457035972211844,-0.86970811803091,0.8697081180309101,-1.2232740847948171,-1.8274786844717297,1.8274786844717297,,,,1.9410966666666667,0.7196233333333328,spair,FF,7.0
snapshots/synthetic_large_zoom_steps100_pretrainedFalse_freezeFalse_2025_12_11_12_20,synthetic_large_zoom_steps100_pretrainedFalse_freezeFalse_2025_12_11_12_20,synthetic_large_zoom,steps,100,False,False,2025_12_11_12_20,pfwillow,5000,18927.75,3.78555,3,0.1360106716465961,0.16183213783508718,0.8381678621649128,5.0,,,,,,,,,,0.2317025354531666,0.10764632892020927,0.8923536710797907,5.0,,,,,,,,,,,,,,,,,,,,,,,0.0630421340465545,0.0982819125056266,,,,,,,,,,,,,,,,,,,,,,,,,,,,,-1.848827066637679,-1.6446587814509401,1.6446587814509401,-1.1987226075798194,-2.1150114250060326,2.115011425006032,,,,3.3644433333333335,0.42110666666666674,spair,FF,7.0
snapshots/synthetic_large_zoom_steps100_pretrainedFalse_freezeFalse_2025_12_11_12_20,synthetic_large_zoom_steps100_pretrainedFalse_freezeFalse_2025_12_11_12_20,synthetic_large_zoom,steps,100,False,False,2025_12_11_12_20,pointodyssey,5000,40333.7,8.06674,3,0.4390874723360302,0.05233240560701565,0.9476675943929843,5.0,,,,,,,,,,0.13145580298810197,0.35897691603259574,0.6410230839674043,5.0,,,,,,,,,,,,,,,,,,,,,,,0.1754974126815796,0.0498899035155773,,,,,,,,,,,,,,,,,,,,,,,,,,,,,-0.24486632435832786,-2.8963880126722983,2.8963880126722974,-1.888147777114838,-0.5798073830258471,0.5798073830258472,,,,2.2678866666666666,5.798853333333333,spair,FF,6.0
snapshots/synthetic_large_zoom_steps100_pretrainedFalse_freezeFalse_2025_12_11_12_20,synthetic_large_zoom_steps100_pretrainedFalse_freezeFalse_2025_12_11_12_20,synthetic_large_zoom,steps,100,False,False,2025_12_11_12_20,spair,5000,6369.9,1.27398,3,0.048510170264011956,0.22227239662955522,0.7777276033704448,5.0,,,,,,,,,,0.2605665024025259,0.1319112667807044,0.8680887332192956,5.0,,,,,,,,,,,,,,,,,,,,,,,0.1314110159873962,0.0748767703771591,,,,,,,,,,,,,,,,,,,,,,,,,,,,,-2.976255525889388,-1.252472697114787,1.252472697114787,-1.0430262330859439,-1.8841644614606874,1.8841644614606872,,,,2.0635033333333332,-0.7895233333333334,spair,FF,2.0
snapshots/synthetic_large_zoom_steps100_pretrainedFalse_freezeFalse_2025_12_11_12_20,synthetic_large_zoom_steps100_pretrainedFalse_freezeFalse_2025_12_11_12_20,synthetic_large_zoom,steps,100,False,False,2025_12_11_12_20,synthetic,5000,76279.45,15.255889999999999,3,,,,,,,,,,,,,,,,,,,,,,,,,,,,,,,,,,,,,,,,0.0259610973298549,0.0001301769807469,,,,,,,,,,,,,,,,,,,,,,,,,,,,,,,,,,,,,,2.400183333333333,12.855706666666666,spair,FF,15.0
snapshots/synthetic_large_zoom_steps100_pretrainedFalse_freezeFalse_2025_12_11_12_20,synthetic_large_zoom_steps100_pretrainedFalse_freezeFalse_2025_12_11_12_20,synthetic_large_zoom,steps,100,False,False,2025_12_11_12_20,tss,5000,30908.7,6.1817400000000005,3,0.16923211159058624,0.25606465413585217,0.7439353458641478,5.0,,,,,,,,,,0.23138486099582722,0.2569072426205107,0.7430927573794893,5.0,,,,,,,,,,,,,,,,,,,,,,,0.0620381906628608,0.052585881203413,,,,,,,,,,,,,,,,,,,,,,,,,,,,,-1.5910792258663828,-1.0665241625257396,1.0665241625257393,-1.2005079857013543,-1.062105782529823,1.0621057825298232,,,,3.624926666666667,2.5568133333333334,spair,FF,7.0
snapshots/synthetic_large_zoom_steps100_pretrainedFalse_freezeFalse_2025_12_13_11_44,synthetic_large_zoom_steps100_pretrainedFalse_freezeFalse_2025_12_13_11_44,synthetic_large_zoom,steps,100,False,False,2025_12_13_11_44,flyingthings,5000,304625.6,60.92511999999999,5,0.20659285899151372,0.37963798359159584,0.6203620164084042,5.0,,,,,,,,,,0.21592363273473322,0.19322001896564828,0.8067799810343517,5.0,,,,,,,,,,,,,,,,,,,,,,,0.0230593867599964,0.0571755468845367,,,,,,,,,,,,,,,,,,,,,,,,,,,,,-1.3455865168830867,-0.4910850811918128,0.4910850811918129,-1.2895816298168834,-1.42922145872886,1.4292214587288596,,,,2.08833,58.83678999999999,spair,FF,16.0
snapshots/synthetic_large_zoom_steps100_pretrainedFalse_freezeFalse_2025_12_13_11_44,synthetic_large_zoom_steps100_pretrainedFalse_freezeFalse_2025_12_13_11_44,synthetic_large_zoom,steps,100,False,False,2025_12_13_11_44,kitti2012,5000,348636.4,69.72728000000001,5,0.4742671555013057,0.12316693701702178,0.8768330629829783,5.0,,,,,,,,,,0.20128883758531005,0.10909099150570065,0.8909090084942993,5.0,,,,,,,,,,,,,,,,,,,,,,,0.2741191983222961,0.062523752450943,,,,,,,,,,,,,,,,,,,,,,,,,,,,,-0.1030224013976236,-1.9627759774630313,1.9627759774630316,-1.378258502084163,-2.1000599809075315,2.100059980907531,,,,4.8632566666666674,64.86402333333334,spair,FF,17.0
snapshots/synthetic_large_zoom_steps100_pretrainedFalse_freezeFalse_2025_12_13_11_44,synthetic_large_zoom_steps100_pretrainedFalse_freezeFalse_2025_12_13_11_44,synthetic_large_zoom,steps,100,False,False,2025_12_13_11_44,kitti2015,5000,356880.1,71.37602,5,,,,,,,,,,,,,,,,,,,,,,,,,,,,,,,,,,,,,,,,0.2812388837337494,0.0592096075415611,,,,,,,,,,,,,,,,,,,,,,,,,,,,,,,,,,,,,,6.796363333333333,64.57965666666666,spair,FF,22.0
snapshots/synthetic_large_zoom_steps100_pretrainedFalse_freezeFalse_2025_12_13_11_44,synthetic_large_zoom_steps100_pretrainedFalse_freezeFalse_2025_12_13_11_44,synthetic_large_zoom,steps,100,False,False,2025_12_13_11_44,middlebury,5000,194938.5,38.9877,5,0.28564048524862923,0.09131103776479063,0.9086889622352093,5.0,,,,,,,,,,0.19740591117217046,0.29906407479814556,0.7009359252018544,5.0,,,,,,,,,,,,,,,,,,,,,,,0.036100398749113,0.0532728843390941,,,,,,,,,,,,,,,,,,,,,,,,,,,,,-0.9166523821842727,-2.2977311840077257,2.2977311840077257,-1.4025870210780176,-0.8517586305932118,0.8517586305932118,,,,1.9837666666666667,37.00393333333333,spair,FF,13.0
snapshots/synthetic_large_zoom_steps100_pretrainedFalse_freezeFalse_2025_12_13_11_44,synthetic_large_zoom_steps100_pretrainedFalse_freezeFalse_2025_12_13_11_44,synthetic_large_zoom,steps,100,False,False,2025_12_13_11_44,pfpascal,5000,66945.05,13.38901,5,0.13637813353483727,0.2953150401976631,0.7046849598023369,5.0,,,,,,,,,,0.2273607857581464,0.13853890764499688,0.8614610923550031,5.0,,,,,,,,,,,,,,,,,,,,,,,0.0337456092238426,0.0752267241477966,,,,,,,,,,,,,,,,,,,,,,,,,,,,,-1.8457035972211844,-0.86970811803091,0.8697081180309101,-1.2232740847948171,-1.8274786844717297,1.8274786844717297,,,,1.9410966666666667,11.447913333333334,spair,FF,22.0
snapshots/synthetic_large_zoom_steps100_pretrainedFalse_freezeFalse_2025_12_13_11_44,synthetic_large_zoom_steps100_pretrainedFalse_freezeFalse_2025_12_13_11_44,synthetic_large_zoom,steps,100,False,False,2025_12_13_11_44,pfwillow,5000,74711.04999999999,14.942209999999998,5,0.1360106716465961,0.16183213783508718,0.8381678621649128,5.0,,,,,,,,,,0.2317025354531666,0.10764632892020927,0.8923536710797907,5.0,,,,,,,,,,,,,,,,,,,,,,,0.0630421340465545,0.0982819125056266,,,,,,,,,,,,,,,,,,,,,,,,,,,,,-1.848827066637679,-1.6446587814509401,1.6446587814509401,-1.1987226075798194,-2.1150114250060326,2.115011425006032,,,,3.3644433333333335,11.577766666666664,spair,FF,22.0
snapshots/synthetic_large_zoom_steps100_pretrainedFalse_freezeFalse_2025_12_13_11_44,synthetic_large_zoom_steps100_pretrainedFalse_freezeFalse_2025_12_13_11_44,synthetic_large_zoom,steps,100,False,False,2025_12_13_11_44,pointodyssey,5000,165779.09999999998,33.15582,5,0.4390874723360302,0.05233240560701565,0.9476675943929843,5.0,,,,,,,,,,0.13145580298810197,0.35897691603259574,0.6410230839674043,5.0,,,,,,,,,,,,,,,,,,,,,,,0.1754974126815796,0.0498899035155773,,,,,,,,,,,,,,,,,,,,,,,,,,,,,-0.24486632435832786,-2.8963880126722983,2.8963880126722974,-1.888147777114838,-0.5798073830258471,0.5798073830258472,,,,2.2678866666666666,30.887933333333333,spair,FF,20.0
snapshots/synthetic_large_zoom_steps100_pretrainedFalse_freezeFalse_2025_12_13_11_44,synthetic_large_zoom_steps100_pretrainedFalse_freezeFalse_2025_12_13_11_44,synthetic_large_zoom,steps,100,False,False,2025_12_13_11_44,spair,5000,16201.95,3.24039,5,0.048510170264011956,0.22227239662955522,0.7777276033704448,5.0,,,,,,,,,,0.2605665024025259,0.1319112667807044,0.8680887332192956,5.0,,,,,,,,,,,,,,,,,,,,,,,0.1314110159873962,0.0748767703771591,,,,,,,,,,,,,,,,,,,,,,,,,,,,,-2.976255525889388,-1.252472697114787,1.252472697114787,-1.0430262330859439,-1.8841644614606874,1.8841644614606872,,,,2.0635033333333332,1.1768866666666669,spair,FF,22.0
snapshots/synthetic_large_zoom_steps100_pretrainedFalse_freezeFalse_2025_12_13_11_44,synthetic_large_zoom_steps100_pretrainedFalse_freezeFalse_2025_12_13_11_44,synthetic_large_zoom,steps,100,False,False,2025_12_13_11_44,synthetic,5000,152546.6,30.509320000000002,5,,,,,,,,,,,,,,,,,,,,,,,,,,,,,,,,,,,,,,,,0.0259610973298549,0.0001301769807469,,,,,,,,,,,,,,,,,,,,,,,,,,,,,,,,,,,,,,2.400183333333333,28.109136666666668,spair,FF,21.0
snapshots/synthetic_large_zoom_steps100_pretrainedFalse_freezeFalse_2025_12_13_11_44,synthetic_large_zoom_steps100_pretrainedFalse_freezeFalse_2025_12_13_11_44,synthetic_large_zoom,steps,100,False,False,2025_12_13_11_44,tss,5000,133519.2,26.703840000000003,5,0.16923211159058624,0.25606465413585217,0.7439353458641478,5.0,,,,,,,,,,0.23138486099582722,0.2569072426205107,0.7430927573794893,5.0,,,,,,,,,,,,,,,,,,,,,,,0.0620381906628608,0.052585881203413,,,,,,,,,,,,,,,,,,,,,,,,,,,,,-1.5910792258663828,-1.0665241625257396,1.0665241625257393,-1.2005079857013543,-1.062105782529823,1.0621057825298232,,,,3.624926666666667,23.078913333333336,spair,FF,22.0
snapshots/synthetic_large_zoom_steps100_pretrainedTrue_freezeFalse_2025_12_11_12_20,synthetic_large_zoom_steps100_pretrainedTrue_freezeFalse_2025_12_11_12_20,synthetic_large_zoom,steps,100,True,False,2025_12_11_12_20,flyingthings,5000,175084.25000000003,35.016850000000005,3,0.20659285899151372,0.37963798359159584,0.6203620164084042,5.0,,,,,,,,,,0.21592363273473322,0.19322001896564828,0.8067799810343517,5.0,,,,,,,,,,,,,,,,,,,,,,,0.0230593867599964,0.0571755468845367,,,,,,,,,,,,,,,,,,,,,,,,,,,,,-1.3455865168830867,-0.4910850811918128,0.4910850811918129,-1.2895816298168834,-1.42922145872886,1.4292214587288596,,,,48.23252,-13.215669999999996,spair,TF,1.0
snapshots/synthetic_large_zoom_steps100_pretrainedTrue_freezeFalse_2025_12_11_12_20,synthetic_large_zoom_steps100_pretrainedTrue_freezeFalse_2025_12_11_12_20,synthetic_large_zoom,steps,100,True,False,2025_12_11_12_20,kitti2012,5000,195250.45,39.050090000000004,3,0.4742671555013057,0.12316693701702178,0.8768330629829783,5.0,,,,,,,,,,0.20128883758531005,0.10909099150570065,0.8909090084942993,5.0,,,,,,,,,,,,,,,,,,,,,,,0.2741191983222961,0.062523752450943,,,,,,,,,,,,,,,,,,,,,,,,,,,,,-0.1030224013976236,-1.9627759774630313,1.9627759774630316,-1.378258502084163,-2.1000599809075315,2.100059980907531,,,,59.49418666666667,-20.444096666666667,spair,TF,4.0
snapshots/synthetic_large_zoom_steps100_pretrainedTrue_freezeFalse_2025_12_11_12_20,synthetic_large_zoom_steps100_pretrainedTrue_freezeFalse_2025_12_11_12_20,synthetic_large_zoom,steps,100,True,False,2025_12_11_12_20,kitti2015,5000,193635.2,38.72704,3,,,,,,,,,,,,,,,,,,,,,,,,,,,,,,,,,,,,,,,,0.2812388837337494,0.0592096075415611,,,,,,,,,,,,,,,,,,,,,,,,,,,,,,,,,,,,,,62.48625333333334,-23.759213333333335,spair,TF,4.0
snapshots/synthetic_large_zoom_steps100_pretrainedTrue_freezeFalse_2025_12_11_12_20,synthetic_large_zoom_steps100_pretrainedTrue_freezeFalse_2025_12_11_12_20,synthetic_large_zoom,steps,100,True,False,2025_12_11_12_20,middlebury,5000,104762.45,20.95249,3,0.28564048524862923,0.09131103776479063,0.9086889622352093,5.0,,,,,,,,,,0.19740591117217046,0.29906407479814556,0.7009359252018544,5.0,,,,,,,,,,,,,,,,,,,,,,,0.036100398749113,0.0532728843390941,,,,,,,,,,,,,,,,,,,,,,,,,,,,,-0.9166523821842727,-2.2977311840077257,2.2977311840077257,-1.4025870210780176,-0.8517586305932118,0.8517586305932118,,,,34.53024666666666,-13.577756666666662,spair,TF,1.0
snapshots/synthetic_large_zoom_steps100_pretrainedTrue_freezeFalse_2025_12_11_12_20,synthetic_large_zoom_steps100_pretrainedTrue_freezeFalse_2025_12_11_12_20,synthetic_large_zoom,steps,100,True,False,2025_12_11_12_20,pfpascal,5000,72673.5,14.5347,3,0.13637813353483727,0.2953150401976631,0.7046849598023369,5.0,,,,,,,,,,0.2273607857581464,0.13853890764499688,0.8614610923550031,5.0,,,,,,,,,,,,,,,,,,,,,,,0.0337456092238426,0.0752267241477966,,,,,,,,,,,,,,,,,,,,,,,,,,,,,-1.8457035972211844,-0.86970811803091,0.8697081180309101,-1.2232740847948171,-1.8274786844717297,1.8274786844717297,,,,23.19225,-8.65755,spair,TF,2.0
snapshots/synthetic_large_zoom_steps100_pretrainedTrue_freezeFalse_2025_12_11_12_20,synthetic_large_zoom_steps100_pretrainedTrue_freezeFalse_2025_12_11_12_20,synthetic_large_zoom,steps,100,True,False,2025_12_11_12_20,pfwillow,5000,70261.15,14.052229999999998,3,0.1360106716465961,0.16183213783508718,0.8381678621649128,5.0,,,,,,,,,,0.2317025354531666,0.10764632892020927,0.8923536710797907,5.0,,,,,,,,,,,,,,,,,,,,,,,0.0630421340465545,0.0982819125056266,,,,,,,,,,,,,,,,,,,,,,,,,,,,,-1.848827066637679,-1.6446587814509401,1.6446587814509401,-1.1987226075798194,-2.1150114250060326,2.115011425006032,,,,27.67815333333333,-13.625923333333333,spair,TF,2.0
snapshots/synthetic_large_zoom_steps100_pretrainedTrue_freezeFalse_2025_12_11_12_20,synthetic_large_zoom_steps100_pretrainedTrue_freezeFalse_2025_12_11_12_20,synthetic_large_zoom,steps,100,True,False,2025_12_11_12_20,pointodyssey,5000,88276.65,17.65533,3,0.4390874723360302,0.05233240560701565,0.9476675943929843,5.0,,,,,,,,,,0.13145580298810197,0.35897691603259574,0.6410230839674043,5.0,,,,,,,,,,,,,,,,,,,,,,,0.1754974126815796,0.0498899035155773,,,,,,,,,,,,,,,,,,,,,,,,,,,,,-0.24486632435832786,-2.8963880126722983,2.8963880126722974,-1.888147777114838,-0.5798073830258471,0.5798073830258472,,,,24.839123333333333,-7.183793333333334,spair,TF,2.0
snapshots/synthetic_large_zoom_steps100_pretrainedTrue_freezeFalse_2025_12_11_12_20,synthetic_large_zoom_steps100_pretrainedTrue_freezeFalse_2025_12_11_12_20,synthetic_large_zoom,steps,100,True,False,2025_12_11_12_20,spair,5000,40643.100000000006,8.128620000000002,3,0.048510170264011956,0.22227239662955522,0.7777276033704448,5.0,,,,,,,,,,0.2605665024025259,0.1319112667807044,0.8680887332192956,5.0,,,,,,,,,,,,,,,,,,,,,,,0.1314110159873962,0.0748767703771591,,,,,,,,,,,,,,,,,,,,,,,,,,,,,-2.976255525889388,-1.252472697114787,1.252472697114787,-1.0430262330859439,-1.8841644614606874,1.8841644614606872,,,,16.234553333333334,-8.105933333333333,spair,TF,1.0
snapshots/synthetic_large_zoom_steps100_pretrainedTrue_freezeFalse_2025_12_11_12_20,synthetic_large_zoom_steps100_pretrainedTrue_freezeFalse_2025_12_11_12_20,synthetic_large_zoom,steps,100,True,False,2025_12_11_12_20,synthetic,5000,196064.75,39.21295,3,,,,,,,,,,,,,,,,,,,,,,,,,,,,,,,,,,,,,,,,0.0259610973298549,0.0001301769807469,,,,,,,,,,,,,,,,,,,,,,,,,,,,,,,,,,,,,,25.490916666666667,13.722033333333332,spair,TF,17.0
snapshots/synthetic_large_zoom_steps100_pretrainedTrue_freezeFalse_2025_12_11_12_20,synthetic_large_zoom_steps100_pretrainedTrue_freezeFalse_2025_12_11_12_20,synthetic_large_zoom,steps,100,True,False,2025_12_11_12_20,tss,5000,134995.05,26.99901,3,0.16923211159058624,0.25606465413585217,0.7439353458641478,5.0,,,,,,,,,,0.23138486099582722,0.2569072426205107,0.7430927573794893,5.0,,,,,,,,,,,,,,,,,,,,,,,0.0620381906628608,0.052585881203413,,,,,,,,,,,,,,,,,,,,,,,,,,,,,-1.5910792258663828,-1.0665241625257396,1.0665241625257393,-1.2005079857013543,-1.062105782529823,1.0621057825298232,,,,39.87302333333333,-12.87401333333333,spair,TF,4.0
snapshots/synthetic_large_zoom_steps100_pretrainedTrue_freezeFalse_2025_12_13_11_44,synthetic_large_zoom_steps100_pretrainedTrue_freezeFalse_2025_12_13_11_44,synthetic_large_zoom,steps,100,True,False,2025_12_13_11_44,flyingthings,5000,353783.55000000005,70.75671000000001,5,0.20659285899151372,0.37963798359159584,0.6203620164084042,5.0,,,,,,,,,,0.21592363273473322,0.19322001896564828,0.8067799810343517,5.0,,,,,,,,,,,,,,,,,,,,,,,0.0230593867599964,0.0571755468845367,,,,,,,,,,,,,,,,,,,,,,,,,,,,,-1.3455865168830867,-0.4910850811918128,0.4910850811918129,-1.2895816298168834,-1.42922145872886,1.4292214587288596,,,,48.23252,22.52419000000001,spair,TF,13.0
snapshots/synthetic_large_zoom_steps100_pretrainedTrue_freezeFalse_2025_12_13_11_44,synthetic_large_zoom_steps100_pretrainedTrue_freezeFalse_2025_12_13_11_44,synthetic_large_zoom,steps,100,True,False,2025_12_13_11_44,kitti2012,5000,393104.1,78.62082,5,0.4742671555013057,0.12316693701702178,0.8768330629829783,5.0,,,,,,,,,,0.20128883758531005,0.10909099150570065,0.8909090084942993,5.0,,,,,,,,,,,,,,,,,,,,,,,0.2741191983222961,0.062523752450943,,,,,,,,,,,,,,,,,,,,,,,,,,,,,-0.1030224013976236,-1.9627759774630313,1.9627759774630316,-1.378258502084163,-2.1000599809075315,2.100059980907531,,,,59.49418666666667,19.126633333333324,spair,TF,21.0
snapshots/synthetic_large_zoom_steps100_pretrainedTrue_freezeFalse_2025_12_13_11_44,synthetic_large_zoom_steps100_pretrainedTrue_freezeFalse_2025_12_13_11_44,synthetic_large_zoom,steps,100,True,False,2025_12_13_11_44,kitti2015,5000,389347.0,77.8694,5,,,,,,,,,,,,,,,,,,,,,,,,,,,,,,,,,,,,,,,,0.2812388837337494,0.0592096075415611,,,,,,,,,,,,,,,,,,,,,,,,,,,,,,,,,,,,,,62.48625333333334,15.383146666666661,spair,TF,21.0
snapshots/synthetic_large_zoom_steps100_pretrainedTrue_freezeFalse_2025_12_13_11_44,synthetic_large_zoom_steps100_pretrainedTrue_freezeFalse_2025_12_13_11_44,synthetic_large_zoom,steps,100,True,False,2025_12_13_11_44,middlebury,5000,214377.1,42.87542,5,0.28564048524862923,0.09131103776479063,0.9086889622352093,5.0,,,,,,,,,,0.19740591117217046,0.29906407479814556,0.7009359252018544,5.0,,,,,,,,,,,,,,,,,,,,,,,0.036100398749113,0.0532728843390941,,,,,,,,,,,,,,,,,,,,,,,,,,,,,-0.9166523821842727,-2.2977311840077257,2.2977311840077257,-1.4025870210780176,-0.8517586305932118,0.8517586305932118,,,,34.53024666666666,8.345173333333335,spair,TF,19.0
snapshots/synthetic_large_zoom_steps100_pretrainedTrue_freezeFalse_2025_12_13_11_44,synthetic_large_zoom_steps100_pretrainedTrue_freezeFalse_2025_12_13_11_44,synthetic_large_zoom,steps,100,True,False,2025_12_13_11_44,pfpascal,5000,156726.2,31.345240000000004,5,0.13637813353483727,0.2953150401976631,0.7046849598023369,5.0,,,,,,,,,,0.2273607857581464,0.13853890764499688,0.8614610923550031,5.0,,,,,,,,,,,,,,,,,,,,,,,0.0337456092238426,0.0752267241477966,,,,,,,,,,,,,,,,,,,,,,,,,,,,,-1.8457035972211844,-0.86970811803091,0.8697081180309101,-1.2232740847948171,-1.8274786844717297,1.8274786844717297,,,,23.19225,8.152990000000003,spair,TF,13.0
snapshots/synthetic_large_zoom_steps100_pretrainedTrue_freezeFalse_2025_12_13_11_44,synthetic_large_zoom_steps100_pretrainedTrue_freezeFalse_2025_12_13_11_44,synthetic_large_zoom,steps,100,True,False,2025_12_13_11_44,pfwillow,5000,190201.35,38.04027,5,0.1360106716465961,0.16183213783508718,0.8381678621649128,5.0,,,,,,,,,,0.2317025354531666,0.10764632892020927,0.8923536710797907,5.0,,,,,,,,,,,,,,,,,,,,,,,0.0630421340465545,0.0982819125056266,,,,,,,,,,,,,,,,,,,,,,,,,,,,,-1.848827066637679,-1.6446587814509401,1.6446587814509401,-1.1987226075798194,-2.1150114250060326,2.115011425006032,,,,27.67815333333333,10.362116666666669,spair,TF,20.0
snapshots/synthetic_large_zoom_steps100_pretrainedTrue_freezeFalse_2025_12_13_11_44,synthetic_large_zoom_steps100_pretrainedTrue_freezeFalse_2025_12_13_11_44,synthetic_large_zoom,steps,100,True,False,2025_12_13_11_44,pointodyssey,5000,151558.7,30.311740000000004,5,0.4390874723360302,0.05233240560701565,0.9476675943929843,5.0,,,,,,,,,,0.13145580298810197,0.35897691603259574,0.6410230839674043,5.0,,,,,,,,,,,,,,,,,,,,,,,0.1754974126815796,0.0498899035155773,,,,,,,,,,,,,,,,,,,,,,,,,,,,,-0.24486632435832786,-2.8963880126722983,2.8963880126722974,-1.888147777114838,-0.5798073830258471,0.5798073830258472,,,,24.839123333333333,5.472616666666671,spair,TF,11.0
snapshots/synthetic_large_zoom_steps100_pretrainedTrue_freezeFalse_2025_12_13_11_44,synthetic_large_zoom_steps100_pretrainedTrue_freezeFalse_2025_12_13_11_44,synthetic_large_zoom,steps,100,True,False,2025_12_13_11_44,spair,5000,61541.6,12.30832,5,0.048510170264011956,0.22227239662955522,0.7777276033704448,5.0,,,,,,,,,,0.2605665024025259,0.1319112667807044,0.8680887332192956,5.0,,,,,,,,,,,,,,,,,,,,,,,0.1314110159873962,0.0748767703771591,,,,,,,,,,,,,,,,,,,,,,,,,,,,,-2.976255525889388,-1.252472697114787,1.252472697114787,-1.0430262330859439,-1.8841644614606874,1.8841644614606872,,,,16.234553333333334,-3.926233333333334,spair,TF,11.0
snapshots/synthetic_large_zoom_steps100_pretrainedTrue_freezeFalse_2025_12_13_11_44,synthetic_large_zoom_steps100_pretrainedTrue_freezeFalse_2025_12_13_11_44,synthetic_large_zoom,steps,100,True,False,2025_12_13_11_44,synthetic,5000,234810.55000000002,46.96211,5,,,,,,,,,,,,,,,,,,,,,,,,,,,,,,,,,,,,,,,,0.0259610973298549,0.0001301769807469,,,,,,,,,,,,,,,,,,,,,,,,,,,,,,,,,,,,,,25.490916666666667,21.471193333333336,spair,TF,19.0
snapshots/synthetic_large_zoom_steps100_pretrainedTrue_freezeFalse_2025_12_13_11_44,synthetic_large_zoom_steps100_pretrainedTrue_freezeFalse_2025_12_13_11_44,synthetic_large_zoom,steps,100,True,False,2025_12_13_11_44,tss,5000,262833.25,52.56665,5,0.16923211159058624,0.25606465413585217,0.7439353458641478,5.0,,,,,,,,,,0.23138486099582722,0.2569072426205107,0.7430927573794893,5.0,,,,,,,,,,,,,,,,,,,,,,,0.0620381906628608,0.052585881203413,,,,,,,,,,,,,,,,,,,,,,,,,,,,,-1.5910792258663828,-1.0665241625257396,1.0665241625257393,-1.2005079857013543,-1.062105782529823,1.0621057825298232,,,,39.87302333333333,12.693626666666674,spair,TF,21.0
snapshots/synthetic_large_zoom_steps100_pretrainedTrue_freezeTrue_2025_12_11_10_14,synthetic_large_zoom_steps100_pretrainedTrue_freezeTrue_2025_12_11_10_14,synthetic_large_zoom,steps,100,True,True,2025_12_11_10_14,flyingthings,5000,349863.1,69.97261999999999,5,0.20659285899151372,0.37963798359159584,0.6203620164084042,5.0,,,,,,,,,,0.21592363273473322,0.19322001896564828,0.8067799810343517,5.0,,,,,,,,,,,,,,,,,,,,,,,0.0230593867599964,0.0571755468845367,,,,,,,,,,,,,,,,,,,,,,,,,,,,,-1.3455865168830867,-0.4910850811918128,0.4910850811918129,-1.2895816298168834,-1.42922145872886,1.4292214587288596,,,,53.90556,16.06705999999999,spair,TT,13.0
snapshots/synthetic_large_zoom_steps100_pretrainedTrue_freezeTrue_2025_12_11_10_14,synthetic_large_zoom_steps100_pretrainedTrue_freezeTrue_2025_12_11_10_14,synthetic_large_zoom,steps,100,True,True,2025_12_11_10_14,kitti2012,5000,390365.94999999995,78.07319,5,0.4742671555013057,0.12316693701702178,0.8768330629829783,5.0,,,,,,,,,,0.20128883758531005,0.10909099150570065,0.8909090084942993,5.0,,,,,,,,,,,,,,,,,,,,,,,0.2741191983222961,0.062523752450943,,,,,,,,,,,,,,,,,,,,,,,,,,,,,-0.1030224013976236,-1.9627759774630313,1.9627759774630316,-1.378258502084163,-2.1000599809075315,2.100059980907531,,,,64.06846666666667,14.004723333333331,spair,TT,21.0
snapshots/synthetic_large_zoom_steps100_pretrainedTrue_freezeTrue_2025_12_11_10_14,synthetic_large_zoom_steps100_pretrainedTrue_freezeTrue_2025_12_11_10_14,synthetic_large_zoom,steps,100,True,True,2025_12_11_10_14,kitti2015,5000,386677.05,77.33541,5,,,,,,,,,,,,,,,,,,,,,,,,,,,,,,,,,,,,,,,,0.2812388837337494,0.0592096075415611,,,,,,,,,,,,,,,,,,,,,,,,,,,,,,,,,,,,,,65.10567999999999,12.229730000000004,spair,TT,21.0
snapshots/synthetic_large_zoom_steps100_pretrainedTrue_freezeTrue_2025_12_11_10_14,synthetic_large_zoom_steps100_pretrainedTrue_freezeTrue_2025_12_11_10_14,synthetic_large_zoom,steps,100,True,True,2025_12_11_10_14,middlebury,5000,210028.75,42.00575,5,0.28564048524862923,0.09131103776479063,0.9086889622352093,5.0,,,,,,,,,,0.19740591117217046,0.29906407479814556,0.7009359252018544,5.0,,,,,,,,,,,,,,,,,,,,,,,0.036100398749113,0.0532728843390941,,,,,,,,,,,,,,,,,,,,,,,,,,,,,-0.9166523821842727,-2.2977311840077257,2.2977311840077257,-1.4025870210780176,-0.8517586305932118,0.8517586305932118,,,,37.7005,4.305250000000001,spair,TT,17.0
snapshots/synthetic_large_zoom_steps100_pretrainedTrue_freezeTrue_2025_12_11_10_14,synthetic_large_zoom_steps100_pretrainedTrue_freezeTrue_2025_12_11_10_14,synthetic_large_zoom,steps,100,True,True,2025_12_11_10_14,pfpascal,5000,131633.74999999997,26.326749999999993,5,0.13637813353483727,0.2953150401976631,0.7046849598023369,5.0,,,,,,,,,,0.2273607857581464,0.13853890764499688,0.8614610923550031,5.0,,,,,,,,,,,,,,,,,,,,,,,0.0337456092238426,0.0752267241477966,,,,,,,,,,,,,,,,,,,,,,,,,,,,,-1.8457035972211844,-0.86970811803091,0.8697081180309101,-1.2232740847948171,-1.8274786844717297,1.8274786844717297,,,,27.819223333333337,-1.4924733333333435,spair,TT,9.0
snapshots/synthetic_large_zoom_steps100_pretrainedTrue_freezeTrue_2025_12_11_10_14,synthetic_large_zoom_steps100_pretrainedTrue_freezeTrue_2025_12_11_10_14,synthetic_large_zoom,steps,100,True,True,2025_12_11_10_14,pfwillow,5000,122961.0,24.5922,5,0.1360106716465961,0.16183213783508718,0.8381678621649128,5.0,,,,,,,,,,0.2317025354531666,0.10764632892020927,0.8923536710797907,5.0,,,,,,,,,,,,,,,,,,,,,,,0.0630421340465545,0.0982819125056266,,,,,,,,,,,,,,,,,,,,,,,,,,,,,-1.848827066637679,-1.6446587814509401,1.6446587814509401,-1.1987226075798194,-2.1150114250060326,2.115011425006032,,,,32.30222,-7.71002,spair,TT,7.0
snapshots/synthetic_large_zoom_steps100_pretrainedTrue_freezeTrue_2025_12_11_10_14,synthetic_large_zoom_steps100_pretrainedTrue_freezeTrue_2025_12_11_10_14,synthetic_large_zoom,steps,100,True,True,2025_12_11_10_14,pointodyssey,5000,191011.40000000002,38.20228,5,0.4390874723360302,0.05233240560701565,0.9476675943929843,5.0,,,,,,,,,,0.13145580298810197,0.35897691603259574,0.6410230839674043,5.0,,,,,,,,,,,,,,,,,,,,,,,0.1754974126815796,0.0498899035155773,,,,,,,,,,,,,,,,,,,,,,,,,,,,,-0.24486632435832786,-2.8963880126722983,2.8963880126722974,-1.888147777114838,-0.5798073830258471,0.5798073830258472,,,,24.515383333333332,13.68689666666667,spair,TT,19.0
snapshots/synthetic_large_zoom_steps100_pretrainedTrue_freezeTrue_2025_12_11_10_14,synthetic_large_zoom_steps100_pretrainedTrue_freezeTrue_2025_12_11_10_14,synthetic_large_zoom,steps,100,True,True,2025_12_11_10_14,spair,5000,83692.65,16.738529999999997,5,0.048510170264011956,0.22227239662955522,0.7777276033704448,5.0,,,,,,,,,,0.2605665024025259,0.1319112667807044,0.8680887332192956,5.0,,,,,,,,,,,,,,,,,,,,,,,0.1314110159873962,0.0748767703771591,,,,,,,,,,,,,,,,,,,,,,,,,,,,,-2.976255525889388,-1.252472697114787,1.252472697114787,-1.0430262330859439,-1.8841644614606874,1.8841644614606872,,,,19.357693333333334,-2.6191633333333364,spair,TT,15.0
snapshots/synthetic_large_zoom_steps100_pretrainedTrue_freezeTrue_2025_12_11_10_14,synthetic_large_zoom_steps100_pretrainedTrue_freezeTrue_2025_12_11_10_14,synthetic_large_zoom,steps,100,True,True,2025_12_11_10_14,synthetic,5000,392041.70000000007,78.40834000000001,5,,,,,,,,,,,,,,,,,,,,,,,,,,,,,,,,,,,,,,,,0.0259610973298549,0.0001301769807469,,,,,,,,,,,,,,,,,,,,,,,,,,,,,,,,,,,,,,29.962760000000003,48.44558000000001,spair,TT,21.0
snapshots/synthetic_large_zoom_steps100_pretrainedTrue_freezeTrue_2025_12_11_10_14,synthetic_large_zoom_steps100_pretrainedTrue_freezeTrue_2025_12_11_10_14,synthetic_large_zoom,steps,100,True,True,2025_12_11_10_14,tss,5000,257381.40000000002,51.47628,5,0.16923211159058624,0.25606465413585217,0.7439353458641478,5.0,,,,,,,,,,0.23138486099582722,0.2569072426205107,0.7430927573794893,5.0,,,,,,,,,,,,,,,,,,,,,,,0.0620381906628608,0.052585881203413,,,,,,,,,,,,,,,,,,,,,,,,,,,,,-1.5910792258663828,-1.0665241625257396,1.0665241625257393,-1.2005079857013543,-1.062105782529823,1.0621057825298232,,,,43.74900333333333,7.7272766666666755,spair,TT,16.0
snapshots/synthetic_large_zoom_steps100_pretrainedTrue_freezeTrue_2025_12_13_11_43,synthetic_large_zoom_steps100_pretrainedTrue_freezeTrue_2025_12_13_11_43,synthetic_large_zoom,steps,100,True,True,2025_12_13_11_43,flyingthings,5000,176673.45,35.33469,3,0.20659285899151372,0.37963798359159584,0.6203620164084042,5.0,,,,,,,,,,0.21592363273473322,0.19322001896564828,0.8067799810343517,5.0,,,,,,,,,,,,,,,,,,,,,,,0.0230593867599964,0.0571755468845367,,,,,,,,,,,,,,,,,,,,,,,,,,,,,-1.3455865168830867,-0.4910850811918128,0.4910850811918129,-1.2895816298168834,-1.42922145872886,1.4292214587288596,,,,53.90556,-18.57087,spair,TT,4.0
snapshots/synthetic_large_zoom_steps100_pretrainedTrue_freezeTrue_2025_12_13_11_43,synthetic_large_zoom_steps100_pretrainedTrue_freezeTrue_2025_12_13_11_43,synthetic_large_zoom,steps,100,True,True,2025_12_13_11_43,kitti2012,5000,195608.7,39.12174,3,0.4742671555013057,0.12316693701702178,0.8768330629829783,5.0,,,,,,,,,,0.20128883758531005,0.10909099150570065,0.8909090084942993,5.0,,,,,,,,,,,,,,,,,,,,,,,0.2741191983222961,0.062523752450943,,,,,,,,,,,,,,,,,,,,,,,,,,,,,-0.1030224013976236,-1.9627759774630313,1.9627759774630316,-1.378258502084163,-2.1000599809075315,2.100059980907531,,,,64.06846666666667,-24.946726666666663,spair,TT,4.0
snapshots/synthetic_large_zoom_steps100_pretrainedTrue_freezeTrue_2025_12_13_11_43,synthetic_large_zoom_steps100_pretrainedTrue_freezeTrue_2025_12_13_11_43,synthetic_large_zoom,steps,100,True,True,2025_12_13_11_43,kitti2015,5000,193586.65,38.71733,3,,,,,,,,,,,,,,,,,,,,,,,,,,,,,,,,,,,,,,,,0.2812388837337494,0.0592096075415611,,,,,,,,,,,,,,,,,,,,,,,,,,,,,,,,,,,,,,65.10567999999999,-26.388349999999996,spair,TT,4.0
snapshots/synthetic_large_zoom_steps100_pretrainedTrue_freezeTrue_2025_12_13_11_43,synthetic_large_zoom_steps100_pretrainedTrue_freezeTrue_2025_12_13_11_43,synthetic_large_zoom,steps,100,True,True,2025_12_13_11_43,middlebury,5000,105260.95,21.05219,3,0.28564048524862923,0.09131103776479063,0.9086889622352093,5.0,,,,,,,,,,0.19740591117217046,0.29906407479814556,0.7009359252018544,5.0,,,,,,,,,,,,,,,,,,,,,,,0.036100398749113,0.0532728843390941,,,,,,,,,,,,,,,,,,,,,,,,,,,,,-0.9166523821842727,-2.2977311840077257,2.2977311840077257,-1.4025870210780176,-0.8517586305932118,0.8517586305932118,,,,37.7005,-16.64831,spair,TT,1.0
snapshots/synthetic_large_zoom_steps100_pretrainedTrue_freezeTrue_2025_12_13_11_43,synthetic_large_zoom_steps100_pretrainedTrue_freezeTrue_2025_12_13_11_43,synthetic_large_zoom,steps,100,True,True,2025_12_13_11_43,pfpascal,5000,94660.65000000001,18.93213,3,0.13637813353483727,0.2953150401976631,0.7046849598023369,5.0,,,,,,,,,,0.2273607857581464,0.13853890764499688,0.8614610923550031,5.0,,,,,,,,,,,,,,,,,,,,,,,0.0337456092238426,0.0752267241477966,,,,,,,,,,,,,,,,,,,,,,,,,,,,,-1.8457035972211844,-0.86970811803091,0.8697081180309101,-1.2232740847948171,-1.8274786844717297,1.8274786844717297,,,,27.819223333333337,-8.887093333333336,spair,TT,5.0
snapshots/synthetic_large_zoom_steps100_pretrainedTrue_freezeTrue_2025_12_13_11_43,synthetic_large_zoom_steps100_pretrainedTrue_freezeTrue_2025_12_13_11_43,synthetic_large_zoom,steps,100,True,True,2025_12_13_11_43,pfwillow,5000,105583.25,21.11665,3,0.1360106716465961,0.16183213783508718,0.8381678621649128,5.0,,,,,,,,,,0.2317025354531666,0.10764632892020927,0.8923536710797907,5.0,,,,,,,,,,,,,,,,,,,,,,,0.0630421340465545,0.0982819125056266,,,,,,,,,,,,,,,,,,,,,,,,,,,,,-1.848827066637679,-1.6446587814509401,1.6446587814509401,-1.1987226075798194,-2.1150114250060326,2.115011425006032,,,,32.30222,-11.185569999999998,spair,TT,5.0
snapshots/synthetic_large_zoom_steps100_pretrainedTrue_freezeTrue_2025_12_13_11_43,synthetic_large_zoom_steps100_pretrainedTrue_freezeTrue_2025_12_13_11_43,synthetic_large_zoom,steps,100,True,True,2025_12_13_11_43,pointodyssey,5000,80376.1,16.07522,3,0.4390874723360302,0.05233240560701565,0.9476675943929843,5.0,,,,,,,,,,0.13145580298810197,0.35897691603259574,0.6410230839674043,5.0,,,,,,,,,,,,,,,,,,,,,,,0.1754974126815796,0.0498899035155773,,,,,,,,,,,,,,,,,,,,,,,,,,,,,-0.24486632435832786,-2.8963880126722983,2.8963880126722974,-1.888147777114838,-0.5798073830258471,0.5798073830258472,,,,24.515383333333332,-8.44016333333333,spair,TT,2.0
snapshots/synthetic_large_zoom_steps100_pretrainedTrue_freezeTrue_2025_12_13_11_43,synthetic_large_zoom_steps100_pretrainedTrue_freezeTrue_2025_12_13_11_43,synthetic_large_zoom,steps,100,True,True,2025_12_13_11_43,spair,5000,41481.25,8.29625,3,0.048510170264011956,0.22227239662955522,0.7777276033704448,5.0,,,,,,,,,,0.2605665024025259,0.1319112667807044,0.8680887332192956,5.0,,,,,,,,,,,,,,,,,,,,,,,0.1314110159873962,0.0748767703771591,,,,,,,,,,,,,,,,,,,,,,,,,,,,,-2.976255525889388,-1.252472697114787,1.252472697114787,-1.0430262330859439,-1.8841644614606874,1.8841644614606872,,,,19.357693333333334,-11.061443333333333,spair,TT,2.0
snapshots/synthetic_large_zoom_steps100_pretrainedTrue_freezeTrue_2025_12_13_11_43,synthetic_large_zoom_steps100_pretrainedTrue_freezeTrue_2025_12_13_11_43,synthetic_large_zoom,steps,100,True,True,2025_12_13_11_43,synthetic,5000,118280.0,23.656,3,,,,,,,,,,,,,,,,,,,,,,,,,,,,,,,,,,,,,,,,0.0259610973298549,0.0001301769807469,,,,,,,,,,,,,,,,,,,,,,,,,,,,,,,,,,,,,,29.962760000000003,-6.306760000000004,spair,TT,3.0
snapshots/synthetic_large_zoom_steps100_pretrainedTrue_freezeTrue_2025_12_13_11_43,synthetic_large_zoom_steps100_pretrainedTrue_freezeTrue_2025_12_13_11_43,synthetic_large_zoom,steps,100,True,True,2025_12_13_11_43,tss,5000,134958.7,26.991740000000004,3,0.16923211159058624,0.25606465413585217,0.7439353458641478,5.0,,,,,,,,,,0.23138486099582722,0.2569072426205107,0.7430927573794893,5.0,,,,,,,,,,,,,,,,,,,,,,,0.0620381906628608,0.052585881203413,,,,,,,,,,,,,,,,,,,,,,,,,,,,,-1.5910792258663828,-1.0665241625257396,1.0665241625257393,-1.2005079857013543,-1.062105782529823,1.0621057825298232,,,,43.74900333333333,-16.757263333333324,spair,TT,5.0
snapshots/synthetic_logsteps100_pretrainedFalse_freezeFalse_2025_12_10_12_22,synthetic_logsteps100_pretrainedFalse_freezeFalse_2025_12_10_12_22,synthetic,logsteps,100,False,False,2025_12_10_12_22,flyingthings,5000,108065.15,21.61303,3,0.3887234331271549,0.24165226079032764,0.7583477392096724,5.0,,,,,,,,,,0.19842097280342846,0.19214681375361753,0.8078531862463825,5.0,,,,,,,,,,,,,,,,,,,,,,,0.012629060074687,0.0583002083003521,,,,,,,,,,,,,,,,,,,,,,,,,,,,,-0.4526813810957833,-1.1436422854095074,1.1436422854095074,-1.3961926673527973,-1.4361206070266197,1.4361206070266197,,,,2.08833,19.5247,spair,FF,6.0
snapshots/synthetic_logsteps100_pretrainedFalse_freezeFalse_2025_12_10_12_22,synthetic_logsteps100_pretrainedFalse_freezeFalse_2025_12_10_12_22,synthetic,logsteps,100,False,False,2025_12_10_12_22,kitti2012,5000,124711.95,24.94239,3,0.5203726518529079,0.031169905177188713,0.9688300948228112,5.0,,,,,,,,,,0.1871444501750091,0.10946487188175855,0.8905351281182414,5.0,,,,,,,,,,,,,,,,,,,,,,,0.3184729814529419,0.0627022311091423,,,,,,,,,,,,,,,,,,,,,,,,,,,,,0.08153574873853532,-3.4366362041198126,3.4366362041198113,-1.4686726387804356,-2.0962188565309527,2.0962188565309527,,,,4.8632566666666674,20.07913333333333,spair,FF,6.0
snapshots/synthetic_logsteps100_pretrainedFalse_freezeFalse_2025_12_10_12_22,synthetic_logsteps100_pretrainedFalse_freezeFalse_2025_12_10_12_22,synthetic,logsteps,100,False,False,2025_12_10_12_22,kitti2015,5000,137967.15,27.593429999999998,3,,,,,,,,,,,,,,,,,,,,,,,,,,,,,,,,,,,,,,,,0.3206137716770172,0.0596625059843063,,,,,,,,,,,,,,,,,,,,,,,,,,,,,,,,,,,,,,6.796363333333333,20.797066666666666,spair,FF,5.0
snapshots/synthetic_logsteps100_pretrainedFalse_freezeFalse_2025_12_10_12_22,synthetic_logsteps100_pretrainedFalse_freezeFalse_2025_12_10_12_22,synthetic,logsteps,100,False,False,2025_12_10_12_22,middlebury,5000,68361.59999999999,13.67232,3,0.4466338328003947,0.0343143602757759,0.965685639724224,5.0,,,,,,,,,,0.18012557786284678,0.2982929854977204,0.7017070145022797,5.0,,,,,,,,,,,,,,,,,,,,,,,0.0608222782611846,0.0544390268623828,,,,,,,,,,,,,,,,,,,,,,,,,,,,,-0.21428083631544995,-3.3372744230466904,3.337274423046689,-1.5154969223595938,-0.8554397823300389,0.8554397823300391,,,,1.9837666666666667,11.688553333333333,spair,FF,6.0
snapshots/synthetic_logsteps100_pretrainedFalse_freezeFalse_2025_12_10_12_22,synthetic_logsteps100_pretrainedFalse_freezeFalse_2025_12_10_12_22,synthetic,logsteps,100,False,False,2025_12_10_12_22,pfpascal,5000,10291.75,2.05835,3,0.3785796296032772,0.2284647604884784,0.7715352395115216,5.0,,,,,,,,,,0.21161235437928508,0.13800787346141738,0.8619921265385826,5.0,,,,,,,,,,,,,,,,,,,,,,,0.0083531513810157,0.0763168632984161,,,,,,,,,,,,,,,,,,,,,,,,,,,,,-0.49558134508428037,-1.2170003699950405,1.2170003699950407,-1.3152338211487486,-1.8319353990780933,1.831935399078093,,,,1.9410966666666667,0.11725333333333321,spair,FF,5.0
snapshots/synthetic_logsteps100_pretrainedFalse_freezeFalse_2025_12_10_12_22,synthetic_logsteps100_pretrainedFalse_freezeFalse_2025_12_10_12_22,synthetic,logsteps,100,False,False,2025_12_10_12_22,pfwillow,5000,15783.3,3.15666,3,0.37303527910389916,0.1254768631715489,0.8745231368284511,5.0,,,,,,,,,,0.22166907499491065,0.10703003507019515,0.8929699649298048,5.0,,,,,,,,,,,,,,,,,,,,,,,0.0377955436706543,0.0992852747440338,,,,,,,,,,,,,,,,,,,,,,,,,,,,,-0.5192172753173027,-1.941557366939586,1.9415573669395858,-1.255966170650805,-2.1214434497504775,2.1214434497504775,,,,3.3644433333333335,-0.20778333333333343,spair,FF,1.0
snapshots/synthetic_logsteps100_pretrainedFalse_freezeFalse_2025_12_10_12_22,synthetic_logsteps100_pretrainedFalse_freezeFalse_2025_12_10_12_22,synthetic,logsteps,100,False,False,2025_12_10_12_22,pointodyssey,5000,68571.9,13.714379999999998,3,0.4912138413772169,0.010175694422755902,0.9898243055772441,5.0,,,,,,,,,,0.11988614315060553,0.35932962604398555,0.6406703739560144,5.0,,,,,,,,,,,,,,,,,,,,,,,0.2314427942037582,0.0507900267839431,,,,,,,,,,,,,,,,,,,,,,,,,,,,,-0.035148252555755474,-4.577525481328662,4.577525481328662,-1.993508796585021,-0.5782749418414258,0.5782749418414258,,,,2.2678866666666666,11.446493333333333,spair,FF,7.0
snapshots/synthetic_logsteps100_pretrainedFalse_freezeFalse_2025_12_10_12_22,synthetic_logsteps100_pretrainedFalse_freezeFalse_2025_12_10_12_22,synthetic,logsteps,100,False,False,2025_12_10_12_22,spair,5000,6568.549999999999,1.31371,3,0.23179232479557202,0.21434965011751103,0.7856503498824889,5.0,,,,,,,,,,0.242875389943555,0.13177144685476078,0.8682285531452392,5.0,,,,,,,,,,,,,,,,,,,,,,,0.0492104887962341,0.074993222951889,,,,,,,,,,,,,,,,,,,,,,,,,,,,,-1.1982182879802863,-1.2989032852300706,1.2989032852300704,-1.1369793370408483,-1.8853860314256177,1.8853860314256172,,,,2.0635033333333332,-0.7497933333333333,spair,FF,3.0
snapshots/synthetic_logsteps100_pretrainedFalse_freezeFalse_2025_12_10_12_22,synthetic_logsteps100_pretrainedFalse_freezeFalse_2025_12_10_12_22,synthetic,logsteps,100,False,False,2025_12_10_12_22,synthetic,5000,38495.0,7.699,3,,,,,,,,,,,,,,,,,,,,,,,,,,,,,,,,,,,,,,,,0.0001320896990364,1.9195422282791696e-05,,,,,,,,,,,,,,,,,,,,,,,,,,,,,,,,,,,,,,2.400183333333333,5.298816666666667,spair,FF,6.0
snapshots/synthetic_logsteps100_pretrainedFalse_freezeFalse_2025_12_10_12_22,synthetic_logsteps100_pretrainedFalse_freezeFalse_2025_12_10_12_22,synthetic,logsteps,100,False,False,2025_12_10_12_22,tss,5000,24440.2,4.88804,3,0.39963213325564284,0.17775061762759545,0.8222493823724045,5.0,,,,,,,,,,0.21397587673841392,0.25681081725856736,0.7431891827414326,5.0,,,,,,,,,,,,,,,,,,,,,,,0.0533548071980476,0.0534184537827968,,,,,,,,,,,,,,,,,,,,,,,,,,,,,-0.4069981214867718,-1.531662190550104,1.531662190550104,-1.3011241999843215,-1.062610938207489,1.062610938207489,,,,3.624926666666667,1.263113333333333,spair,FF,5.0
snapshots/synthetic_logsteps100_pretrainedTrue_freezeFalse_2025_12_10_12_17,synthetic_logsteps100_pretrainedTrue_freezeFalse_2025_12_10_12_17,synthetic,logsteps,100,True,False,2025_12_10_12_17,flyingthings,5000,355529.05,71.10580999999999,5,0.3887234331271549,0.24165226079032764,0.7583477392096724,5.0,,,,,,,,,,0.19842097280342846,0.19214681375361753,0.8078531862463825,5.0,,,,,,,,,,,,,,,,,,,,,,,0.012629060074687,0.0583002083003521,,,,,,,,,,,,,,,,,,,,,,,,,,,,,-0.4526813810957833,-1.1436422854095074,1.1436422854095074,-1.3961926673527973,-1.4361206070266197,1.4361206070266197,,,,48.23252,22.87328999999999,spair,TF,16.0
snapshots/synthetic_logsteps100_pretrainedTrue_freezeFalse_2025_12_10_12_17,synthetic_logsteps100_pretrainedTrue_freezeFalse_2025_12_10_12_17,synthetic,logsteps,100,True,False,2025_12_10_12_17,kitti2012,5000,387121.55000000005,77.42431,5,0.5203726518529079,0.031169905177188713,0.9688300948228112,5.0,,,,,,,,,,0.1871444501750091,0.10946487188175855,0.8905351281182414,5.0,,,,,,,,,,,,,,,,,,,,,,,0.3184729814529419,0.0627022311091423,,,,,,,,,,,,,,,,,,,,,,,,,,,,,0.08153574873853532,-3.4366362041198126,3.4366362041198113,-1.4686726387804356,-2.0962188565309527,2.0962188565309527,,,,59.49418666666667,17.930123333333334,spair,TF,16.0
snapshots/synthetic_logsteps100_pretrainedTrue_freezeFalse_2025_12_10_12_17,synthetic_logsteps100_pretrainedTrue_freezeFalse_2025_12_10_12_17,synthetic,logsteps,100,True,False,2025_12_10_12_17,kitti2015,5000,384017.2,76.80344000000001,5,,,,,,,,,,,,,,,,,,,,,,,,,,,,,,,,,,,,,,,,0.3206137716770172,0.0596625059843063,,,,,,,,,,,,,,,,,,,,,,,,,,,,,,,,,,,,,,62.48625333333334,14.317186666666672,spair,TF,19.0
snapshots/synthetic_logsteps100_pretrainedTrue_freezeFalse_2025_12_10_12_17,synthetic_logsteps100_pretrainedTrue_freezeFalse_2025_12_10_12_17,synthetic,logsteps,100,True,False,2025_12_10_12_17,middlebury,5000,211818.5,42.3637,5,0.4466338328003947,0.0343143602757759,0.965685639724224,5.0,,,,,,,,,,0.18012557786284678,0.2982929854977204,0.7017070145022797,5.0,,,,,,,,,,,,,,,,,,,,,,,0.0608222782611846,0.0544390268623828,,,,,,,,,,,,,,,,,,,,,,,,,,,,,-0.21428083631544995,-3.3372744230466904,3.337274423046689,-1.5154969223595938,-0.8554397823300389,0.8554397823300391,,,,34.53024666666666,7.833453333333338,spair,TF,15.0
snapshots/synthetic_logsteps100_pretrainedTrue_freezeFalse_2025_12_10_12_17,synthetic_logsteps100_pretrainedTrue_freezeFalse_2025_12_10_12_17,synthetic,logsteps,100,True,False,2025_12_10_12_17,pfpascal,5000,140310.90000000002,28.062180000000005,5,0.3785796296032772,0.2284647604884784,0.7715352395115216,5.0,,,,,,,,,,0.21161235437928508,0.13800787346141738,0.8619921265385826,5.0,,,,,,,,,,,,,,,,,,,,,,,0.0083531513810157,0.0763168632984161,,,,,,,,,,,,,,,,,,,,,,,,,,,,,-0.49558134508428037,-1.2170003699950405,1.2170003699950407,-1.3152338211487486,-1.8319353990780933,1.831935399078093,,,,23.19225,4.869930000000004,spair,TF,12.0
snapshots/synthetic_logsteps100_pretrainedTrue_freezeFalse_2025_12_10_12_17,synthetic_logsteps100_pretrainedTrue_freezeFalse_2025_12_10_12_17,synthetic,logsteps,100,True,False,2025_12_10_12_17,pfwillow,5000,140016.65,28.00333,5,0.37303527910389916,0.1254768631715489,0.8745231368284511,5.0,,,,,,,,,,0.22166907499491065,0.10703003507019515,0.8929699649298048,5.0,,,,,,,,,,,,,,,,,,,,,,,0.0377955436706543,0.0992852747440338,,,,,,,,,,,,,,,,,,,,,,,,,,,,,-0.5192172753173027,-1.941557366939586,1.9415573669395858,-1.255966170650805,-2.1214434497504775,2.1214434497504775,,,,27.67815333333333,0.32517666666666756,spair,TF,9.0
snapshots/synthetic_logsteps100_pretrainedTrue_freezeFalse_2025_12_10_12_17,synthetic_logsteps100_pretrainedTrue_freezeFalse_2025_12_10_12_17,synthetic,logsteps,100,True,False,2025_12_10_12_17,pointodyssey,5000,175419.95,35.08399,5,0.4912138413772169,0.010175694422755902,0.9898243055772441,5.0,,,,,,,,,,0.11988614315060553,0.35932962604398555,0.6406703739560144,5.0,,,,,,,,,,,,,,,,,,,,,,,0.2314427942037582,0.0507900267839431,,,,,,,,,,,,,,,,,,,,,,,,,,,,,-0.035148252555755474,-4.577525481328662,4.577525481328662,-1.993508796585021,-0.5782749418414258,0.5782749418414258,,,,24.839123333333333,10.244866666666667,spair,TF,17.0
snapshots/synthetic_logsteps100_pretrainedTrue_freezeFalse_2025_12_10_12_17,synthetic_logsteps100_pretrainedTrue_freezeFalse_2025_12_10_12_17,synthetic,logsteps,100,True,False,2025_12_10_12_17,spair,5000,82364.4,16.47288,5,0.23179232479557202,0.21434965011751103,0.7856503498824889,5.0,,,,,,,,,,0.242875389943555,0.13177144685476078,0.8682285531452392,5.0,,,,,,,,,,,,,,,,,,,,,,,0.0492104887962341,0.074993222951889,,,,,,,,,,,,,,,,,,,,,,,,,,,,,-1.1982182879802863,-1.2989032852300706,1.2989032852300704,-1.1369793370408483,-1.8853860314256177,1.8853860314256172,,,,16.234553333333334,0.2383266666666657,spair,TF,18.0
snapshots/synthetic_logsteps100_pretrainedTrue_freezeFalse_2025_12_10_12_17,synthetic_logsteps100_pretrainedTrue_freezeFalse_2025_12_10_12_17,synthetic,logsteps,100,True,False,2025_12_10_12_17,synthetic,5000,309537.75,61.90755,5,,,,,,,,,,,,,,,,,,,,,,,,,,,,,,,,,,,,,,,,0.0001320896990364,1.9195422282791696e-05,,,,,,,,,,,,,,,,,,,,,,,,,,,,,,,,,,,,,,25.490916666666667,36.41663333333334,spair,TF,21.0
snapshots/synthetic_logsteps100_pretrainedTrue_freezeFalse_2025_12_10_12_17,synthetic_logsteps100_pretrainedTrue_freezeFalse_2025_12_10_12_17,synthetic,logsteps,100,True,False,2025_12_10_12_17,tss,5000,250983.40000000002,50.19668000000001,5,0.39963213325564284,0.17775061762759545,0.8222493823724045,5.0,,,,,,,,,,0.21397587673841392,0.25681081725856736,0.7431891827414326,5.0,,,,,,,,,,,,,,,,,,,,,,,0.0533548071980476,0.0534184537827968,,,,,,,,,,,,,,,,,,,,,,,,,,,,,-0.4069981214867718,-1.531662190550104,1.531662190550104,-1.3011241999843215,-1.062610938207489,1.062610938207489,,,,39.87302333333333,10.323656666666679,spair,TF,11.0
snapshots/synthetic_logsteps100_pretrainedTrue_freezeTrue_2025_12_10_12_06,synthetic_logsteps100_pretrainedTrue_freezeTrue_2025_12_10_12_06,synthetic,logsteps,100,True,True,2025_12_10_12_06,flyingthings,5000,352089.44999999995,70.41788999999999,5,0.3887234331271549,0.24165226079032764,0.7583477392096724,5.0,,,,,,,,,,0.19842097280342846,0.19214681375361753,0.8078531862463825,5.0,,,,,,,,,,,,,,,,,,,,,,,0.012629060074687,0.0583002083003521,,,,,,,,,,,,,,,,,,,,,,,,,,,,,-0.4526813810957833,-1.1436422854095074,1.1436422854095074,-1.3961926673527973,-1.4361206070266197,1.4361206070266197,,,,53.90556,16.512329999999984,spair,TT,15.0
snapshots/synthetic_logsteps100_pretrainedTrue_freezeTrue_2025_12_10_12_06,synthetic_logsteps100_pretrainedTrue_freezeTrue_2025_12_10_12_06,synthetic,logsteps,100,True,True,2025_12_10_12_06,kitti2012,5000,384732.4,76.94648000000001,5,0.5203726518529079,0.031169905177188713,0.9688300948228112,5.0,,,,,,,,,,0.1871444501750091,0.10946487188175855,0.8905351281182414,5.0,,,,,,,,,,,,,,,,,,,,,,,0.3184729814529419,0.0627022311091423,,,,,,,,,,,,,,,,,,,,,,,,,,,,,0.08153574873853532,-3.4366362041198126,3.4366362041198113,-1.4686726387804356,-2.0962188565309527,2.0962188565309527,,,,64.06846666666667,12.878013333333342,spair,TT,13.0
snapshots/synthetic_logsteps100_pretrainedTrue_freezeTrue_2025_12_10_12_06,synthetic_logsteps100_pretrainedTrue_freezeTrue_2025_12_10_12_06,synthetic,logsteps,100,True,True,2025_12_10_12_06,kitti2015,5000,382709.7,76.54194,5,,,,,,,,,,,,,,,,,,,,,,,,,,,,,,,,,,,,,,,,0.3206137716770172,0.0596625059843063,,,,,,,,,,,,,,,,,,,,,,,,,,,,,,,,,,,,,,65.10567999999999,11.436260000000004,spair,TT,19.0
snapshots/synthetic_logsteps100_pretrainedTrue_freezeTrue_2025_12_10_12_06,synthetic_logsteps100_pretrainedTrue_freezeTrue_2025_12_10_12_06,synthetic,logsteps,100,True,True,2025_12_10_12_06,middlebury,5000,209473.65000000002,41.89473,5,0.4466338328003947,0.0343143602757759,0.965685639724224,5.0,,,,,,,,,,0.18012557786284678,0.2982929854977204,0.7017070145022797,5.0,,,,,,,,,,,,,,,,,,,,,,,0.0608222782611846,0.0544390268623828,,,,,,,,,,,,,,,,,,,,,,,,,,,,,-0.21428083631544995,-3.3372744230466904,3.337274423046689,-1.5154969223595938,-0.8554397823300389,0.8554397823300391,,,,37.7005,4.194230000000005,spair,TT,16.0
snapshots/synthetic_logsteps100_pretrainedTrue_freezeTrue_2025_12_10_12_06,synthetic_logsteps100_pretrainedTrue_freezeTrue_2025_12_10_12_06,synthetic,logsteps,100,True,True,2025_12_10_12_06,pfpascal,5000,138489.5,27.6979,5,0.3785796296032772,0.2284647604884784,0.7715352395115216,5.0,,,,,,,,,,0.21161235437928508,0.13800787346141738,0.8619921265385826,5.0,,,,,,,,,,,,,,,,,,,,,,,0.0083531513810157,0.0763168632984161,,,,,,,,,,,,,,,,,,,,,,,,,,,,,-0.49558134508428037,-1.2170003699950405,1.2170003699950407,-1.3152338211487486,-1.8319353990780933,1.831935399078093,,,,27.819223333333337,-0.12132333333333634,spair,TT,12.0
snapshots/synthetic_logsteps100_pretrainedTrue_freezeTrue_2025_12_10_12_06,synthetic_logsteps100_pretrainedTrue_freezeTrue_2025_12_10_12_06,synthetic,logsteps,100,True,True,2025_12_10_12_06,pfwillow,5000,127433.4,25.48668,5,0.37303527910389916,0.1254768631715489,0.8745231368284511,5.0,,,,,,,,,,0.22166907499491065,0.10703003507019515,0.8929699649298048,5.0,,,,,,,,,,,,,,,,,,,,,,,0.0377955436706543,0.0992852747440338,,,,,,,,,,,,,,,,,,,,,,,,,,,,,-0.5192172753173027,-1.941557366939586,1.9415573669395858,-1.255966170650805,-2.1214434497504775,2.1214434497504775,,,,32.30222,-6.815539999999999,spair,TT,8.0
snapshots/synthetic_logsteps100_pretrainedTrue_freezeTrue_2025_12_10_12_06,synthetic_logsteps100_pretrainedTrue_freezeTrue_2025_12_10_12_06,synthetic,logsteps,100,True,True,2025_12_10_12_06,pointodyssey,5000,201326.45,40.26529,5,0.4912138413772169,0.010175694422755902,0.9898243055772441,5.0,,,,,,,,,,0.11988614315060553,0.35932962604398555,0.6406703739560144,5.0,,,,,,,,,,,,,,,,,,,,,,,0.2314427942037582,0.0507900267839431,,,,,,,,,,,,,,,,,,,,,,,,,,,,,-0.035148252555755474,-4.577525481328662,4.577525481328662,-1.993508796585021,-0.5782749418414258,0.5782749418414258,,,,24.515383333333332,15.749906666666668,spair,TT,21.0
snapshots/synthetic_logsteps100_pretrainedTrue_freezeTrue_2025_12_10_12_06,synthetic_logsteps100_pretrainedTrue_freezeTrue_2025_12_10_12_06,synthetic,logsteps,100,True,True,2025_12_10_12_06,spair,5000,93144.6,18.62892,5,0.23179232479557202,0.21434965011751103,0.7856503498824889,5.0,,,,,,,,,,0.242875389943555,0.13177144685476078,0.8682285531452392,5.0,,,,,,,,,,,,,,,,,,,,,,,0.0492104887962341,0.074993222951889,,,,,,,,,,,,,,,,,,,,,,,,,,,,,-1.1982182879802863,-1.2989032852300706,1.2989032852300704,-1.1369793370408483,-1.8853860314256177,1.8853860314256172,,,,19.357693333333334,-0.7287733333333328,spair,TT,17.0
snapshots/synthetic_logsteps100_pretrainedTrue_freezeTrue_2025_12_10_12_06,synthetic_logsteps100_pretrainedTrue_freezeTrue_2025_12_10_12_06,synthetic,logsteps,100,True,True,2025_12_10_12_06,synthetic,5000,283014.5,56.6029,5,,,,,,,,,,,,,,,,,,,,,,,,,,,,,,,,,,,,,,,,0.0001320896990364,1.9195422282791696e-05,,,,,,,,,,,,,,,,,,,,,,,,,,,,,,,,,,,,,,29.962760000000003,26.640139999999995,spair,TT,20.0
snapshots/synthetic_logsteps100_pretrainedTrue_freezeTrue_2025_12_10_12_06,synthetic_logsteps100_pretrainedTrue_freezeTrue_2025_12_10_12_06,synthetic,logsteps,100,True,True,2025_12_10_12_06,tss,5000,253747.24999999997,50.749449999999996,5,0.39963213325564284,0.17775061762759545,0.8222493823724045,5.0,,,,,,,,,,0.21397587673841392,0.25681081725856736,0.7431891827414326,5.0,,,,,,,,,,,,,,,,,,,,,,,0.0533548071980476,0.0534184537827968,,,,,,,,,,,,,,,,,,,,,,,,,,,,,-0.4069981214867718,-1.531662190550104,1.531662190550104,-1.3011241999843215,-1.062610938207489,1.062610938207489,,,,43.74900333333333,7.000446666666669,spair,TT,12.0
snapshots/synthetic_random_flipping_steps100_pretrainedFalse_freezeFalse_2025_12_13_11_45,synthetic_random_flipping_steps100_pretrainedFalse_freezeFalse_2025_12_13_11_45,synthetic_random_flipping,steps,100,False,False,2025_12_13_11_45,flyingthings,5000,94152.85,18.83057,3,0.40398276182990045,0.15793268703610383,0.8420673129638961,5.0,,,,,,,,,,0.22151779265237462,0.19280372232096657,0.8071962776790335,5.0,,,,,,,,,,,,,,,,,,,,,,,0.0531944185495376,0.059076689183712,,,,,,,,,,,,,,,,,,,,,,,,,,,,,-0.38889738143833535,-1.6736910443518735,1.6736910443518733,-1.2568432217073149,-1.4318941689960543,1.4318941689960543,,,,2.08833,16.742240000000002,spair,FF,4.0
snapshots/synthetic_random_flipping_steps100_pretrainedFalse_freezeFalse_2025_12_13_11_45,synthetic_random_flipping_steps100_pretrainedFalse_freezeFalse_2025_12_13_11_45,synthetic_random_flipping,steps,100,False,False,2025_12_13_11_45,kitti2012,5000,112030.9,22.40618,3,0.48880166969697203,0.018942888738088373,0.9810571112619116,5.0,,,,,,,,,,0.2083977226094689,0.10965569201774669,0.8903443079822533,5.0,,,,,,,,,,,,,,,,,,,,,,,0.395728588104248,0.0633005201816558,,,,,,,,,,,,,,,,,,,,,,,,,,,,,-0.04480081306572052,-3.947202078644888,3.9472020786448887,-1.3346107088284658,-2.094262866512293,2.0942628665122927,,,,4.8632566666666674,17.54292333333333,spair,FF,4.0
snapshots/synthetic_random_flipping_steps100_pretrainedFalse_freezeFalse_2025_12_13_11_45,synthetic_random_flipping_steps100_pretrainedFalse_freezeFalse_2025_12_13_11_45,synthetic_random_flipping,steps,100,False,False,2025_12_13_11_45,kitti2015,5000,124806.6,24.96132,3,,,,,,,,,,,,,,,,,,,,,,,,,,,,,,,,,,,,,,,,0.4141618013381958,0.0602561682462692,,,,,,,,,,,,,,,,,,,,,,,,,,,,,,,,,,,,,,6.796363333333333,18.16495666666667,spair,FF,4.0
snapshots/synthetic_random_flipping_steps100_pretrainedFalse_freezeFalse_2025_12_13_11_45,synthetic_random_flipping_steps100_pretrainedFalse_freezeFalse_2025_12_13_11_45,synthetic_random_flipping,steps,100,False,False,2025_12_13_11_45,middlebury,5000,60716.45,12.143289999999999,3,0.45774469963815034,0.02382180312906991,0.9761781968709301,5.0,,,,,,,,,,0.20253178603949856,0.298644136846839,0.701355863153161,5.0,,,,,,,,,,,,,,,,,,,,,,,0.1249873638153076,0.0550720281898975,,,,,,,,,,,,,,,,,,,,,,,,,,,,,-0.16942532009135403,-3.7130438893328552,3.713043889332856,-1.3705451344371844,-0.8537627221444509,0.8537627221444509,,,,1.9837666666666667,10.159523333333333,spair,FF,4.0
snapshots/synthetic_random_flipping_steps100_pretrainedFalse_freezeFalse_2025_12_13_11_45,synthetic_random_flipping_steps100_pretrainedFalse_freezeFalse_2025_12_13_11_45,synthetic_random_flipping,steps,100,False,False,2025_12_13_11_45,pfpascal,5000,8706.350000000002,1.7412700000000005,3,0.40124957238307457,0.1559776654784037,0.8440223345215963,5.0,,,,,,,,,,0.23402546623913856,0.13885427680026663,0.8611457231997334,5.0,,,,,,,,,,,,,,,,,,,,,,,0.0495654605329036,0.0772515833377838,,,,,,,,,,,,,,,,,,,,,,,,,,,,,-0.40026125417593234,-1.688466129959639,1.6884661299596386,-1.1857189839270121,-1.8248387240221366,1.8248387240221366,,,,1.9410966666666667,-0.19982666666666615,spair,FF,2.0
snapshots/synthetic_random_flipping_steps100_pretrainedFalse_freezeFalse_2025_12_13_11_45,synthetic_random_flipping_steps100_pretrainedFalse_freezeFalse_2025_12_13_11_45,synthetic_random_flipping,steps,100,False,False,2025_12_13_11_45,pfwillow,5000,15844.449999999999,3.1688899999999998,3,0.41437032853536976,0.09162744988257311,0.9083725501174269,5.0,,,,,,,,,,0.24097444451526517,0.10764646955701548,0.8923535304429845,5.0,,,,,,,,,,,,,,,,,,,,,,,0.072406992316246,0.1002953648567199,,,,,,,,,,,,,,,,,,,,,,,,,,,,,-0.3459275424910696,-2.2939236939436825,2.2939236939436825,-1.1473445582568333,-2.115009960933788,2.1150099609337873,,,,3.3644433333333335,-0.1955533333333337,spair,FF,2.0
snapshots/synthetic_random_flipping_steps100_pretrainedFalse_freezeFalse_2025_12_13_11_45,synthetic_random_flipping_steps100_pretrainedFalse_freezeFalse_2025_12_13_11_45,synthetic_random_flipping,steps,100,False,False,2025_12_13_11_45,pointodyssey,5000,18305.9,3.6611800000000003,3,0.4982493805558036,0.006035616655138001,0.993964383344862,5.0,,,,,,,,,,0.13770506225983042,0.35949402558235105,0.6405059744176489,5.0,,,,,,,,,,,,,,,,,,,,,,,0.3056474924087524,0.0512000024318695,,,,,,,,,,,,,,,,,,,,,,,,,,,,,-0.007002506390692985,-5.104023345232647,5.104023345232653,-1.8344831992723774,-0.5775608906966445,0.5775608906966444,,,,2.2678866666666666,1.3932933333333337,spair,FF,4.0
snapshots/synthetic_random_flipping_steps100_pretrainedFalse_freezeFalse_2025_12_13_11_45,synthetic_random_flipping_steps100_pretrainedFalse_freezeFalse_2025_12_13_11_45,synthetic_random_flipping,steps,100,False,False,2025_12_13_11_45,spair,5000,6350.650000000001,1.2701300000000002,3,0.3351693664686225,0.2123643528352911,0.7876356471647089,5.0,,,,,,,,,,0.265993674475232,0.13245490335863416,0.8675450966413658,5.0,,,,,,,,,,,,,,,,,,,,,,,0.0131655856966972,0.0758048519492149,,,,,,,,,,,,,,,,,,,,,,,,,,,,,-0.6848963461838221,-1.310732161293906,1.310732161293906,-1.0150451181278917,-1.879425259587782,1.8794252595877818,,,,2.0635033333333332,-0.793373333333333,spair,FF,1.0
snapshots/synthetic_random_flipping_steps100_pretrainedFalse_freezeFalse_2025_12_13_11_45,synthetic_random_flipping_steps100_pretrainedFalse_freezeFalse_2025_12_13_11_45,synthetic_random_flipping,steps,100,False,False,2025_12_13_11_45,synthetic,5000,32722.35,6.54447,3,,,,,,,,,,,,,,,,,,,,,,,,,,,,,,,,,,,,,,,,0.0345144048333168,1.1349473425070755e-05,,,,,,,,,,,,,,,,,,,,,,,,,,,,,,,,,,,,,,2.400183333333333,4.144286666666666,spair,FF,4.0
snapshots/synthetic_random_flipping_steps100_pretrainedFalse_freezeFalse_2025_12_13_11_45,synthetic_random_flipping_steps100_pretrainedFalse_freezeFalse_2025_12_13_11_45,synthetic_random_flipping,steps,100,False,False,2025_12_13_11_45,tss,5000,21523.45,4.30469,3,0.44872855099748143,0.12552309109294732,0.8744769089070527,5.0,,,,,,,,,,0.2371964396880959,0.2574043468048496,0.7425956531951504,5.0,,,,,,,,,,,,,,,,,,,,,,,0.09708933532238,0.0540799982845783,,,,,,,,,,,,,,,,,,,,,,,,,,,,,-0.20580919431915853,-1.9411361547812773,1.941136154781277,-1.1681118838762428,-1.059503505858407,1.059503505858407,,,,3.624926666666667,0.6797633333333328,spair,FF,4.0
snapshots/synthetic_random_flipping_steps100_pretrainedTrue_freezeFalse_2025_12_13_11_45,synthetic_random_flipping_steps100_pretrainedTrue_freezeFalse_2025_12_13_11_45,synthetic_random_flipping,steps,100,True,False,2025_12_13_11_45,flyingthings,5000,177062.65,35.41253,3,0.40398276182990045,0.15793268703610383,0.8420673129638961,5.0,,,,,,,,,,0.22151779265237462,0.19280372232096657,0.8071962776790335,5.0,,,,,,,,,,,,,,,,,,,,,,,0.0531944185495376,0.059076689183712,,,,,,,,,,,,,,,,,,,,,,,,,,,,,-0.38889738143833535,-1.6736910443518735,1.6736910443518733,-1.2568432217073149,-1.4318941689960543,1.4318941689960543,,,,48.23252,-12.819990000000004,spair,TF,3.0
snapshots/synthetic_random_flipping_steps100_pretrainedTrue_freezeFalse_2025_12_13_11_45,synthetic_random_flipping_steps100_pretrainedTrue_freezeFalse_2025_12_13_11_45,synthetic_random_flipping,steps,100,True,False,2025_12_13_11_45,kitti2012,5000,192384.34999999998,38.47687,3,0.48880166969697203,0.018942888738088373,0.9810571112619116,5.0,,,,,,,,,,0.2083977226094689,0.10965569201774669,0.8903443079822533,5.0,,,,,,,,,,,,,,,,,,,,,,,0.395728588104248,0.0633005201816558,,,,,,,,,,,,,,,,,,,,,,,,,,,,,-0.04480081306572052,-3.947202078644888,3.9472020786448887,-1.3346107088284658,-2.094262866512293,2.0942628665122927,,,,59.49418666666667,-21.017316666666673,spair,TF,2.0
snapshots/synthetic_random_flipping_steps100_pretrainedTrue_freezeFalse_2025_12_13_11_45,synthetic_random_flipping_steps100_pretrainedTrue_freezeFalse_2025_12_13_11_45,synthetic_random_flipping,steps,100,True,False,2025_12_13_11_45,kitti2015,5000,191204.25,38.24085,3,,,,,,,,,,,,,,,,,,,,,,,,,,,,,,,,,,,,,,,,0.4141618013381958,0.0602561682462692,,,,,,,,,,,,,,,,,,,,,,,,,,,,,,,,,,,,,,62.48625333333334,-24.245403333333336,spair,TF,2.0
snapshots/synthetic_random_flipping_steps100_pretrainedTrue_freezeFalse_2025_12_13_11_45,synthetic_random_flipping_steps100_pretrainedTrue_freezeFalse_2025_12_13_11_45,synthetic_random_flipping,steps,100,True,False,2025_12_13_11_45,middlebury,5000,105815.30000000002,21.163060000000005,3,0.45774469963815034,0.02382180312906991,0.9761781968709301,5.0,,,,,,,,,,0.20253178603949856,0.298644136846839,0.701355863153161,5.0,,,,,,,,,,,,,,,,,,,,,,,0.1249873638153076,0.0550720281898975,,,,,,,,,,,,,,,,,,,,,,,,,,,,,-0.16942532009135403,-3.7130438893328552,3.713043889332856,-1.3705451344371844,-0.8537627221444509,0.8537627221444509,,,,34.53024666666666,-13.367186666666658,spair,TF,3.0
snapshots/synthetic_random_flipping_steps100_pretrainedTrue_freezeFalse_2025_12_13_11_45,synthetic_random_flipping_steps100_pretrainedTrue_freezeFalse_2025_12_13_11_45,synthetic_random_flipping,steps,100,True,False,2025_12_13_11_45,pfpascal,5000,79090.34999999999,15.818069999999999,3,0.40124957238307457,0.1559776654784037,0.8440223345215963,5.0,,,,,,,,,,0.23402546623913856,0.13885427680026663,0.8611457231997334,5.0,,,,,,,,,,,,,,,,,,,,,,,0.0495654605329036,0.0772515833377838,,,,,,,,,,,,,,,,,,,,,,,,,,,,,-0.40026125417593234,-1.688466129959639,1.6884661299596386,-1.1857189839270121,-1.8248387240221366,1.8248387240221366,,,,23.19225,-7.374180000000003,spair,TF,3.0
snapshots/synthetic_random_flipping_steps100_pretrainedTrue_freezeFalse_2025_12_13_11_45,synthetic_random_flipping_steps100_pretrainedTrue_freezeFalse_2025_12_13_11_45,synthetic_random_flipping,steps,100,True,False,2025_12_13_11_45,pfwillow,5000,79838.9,15.96778,3,0.41437032853536976,0.09162744988257311,0.9083725501174269,5.0,,,,,,,,,,0.24097444451526517,0.10764646955701548,0.8923535304429845,5.0,,,,,,,,,,,,,,,,,,,,,,,0.072406992316246,0.1002953648567199,,,,,,,,,,,,,,,,,,,,,,,,,,,,,-0.3459275424910696,-2.2939236939436825,2.2939236939436825,-1.1473445582568333,-2.115009960933788,2.1150099609337873,,,,27.67815333333333,-11.710373333333331,spair,TF,3.0
snapshots/synthetic_random_flipping_steps100_pretrainedTrue_freezeFalse_2025_12_13_11_45,synthetic_random_flipping_steps100_pretrainedTrue_freezeFalse_2025_12_13_11_45,synthetic_random_flipping,steps,100,True,False,2025_12_13_11_45,pointodyssey,5000,93530.4,18.70608,3,0.4982493805558036,0.006035616655138001,0.993964383344862,5.0,,,,,,,,,,0.13770506225983042,0.35949402558235105,0.6405059744176489,5.0,,,,,,,,,,,,,,,,,,,,,,,0.3056474924087524,0.0512000024318695,,,,,,,,,,,,,,,,,,,,,,,,,,,,,-0.007002506390692985,-5.104023345232647,5.104023345232653,-1.8344831992723774,-0.5775608906966445,0.5775608906966444,,,,24.839123333333333,-6.133043333333333,spair,TF,4.0
snapshots/synthetic_random_flipping_steps100_pretrainedTrue_freezeFalse_2025_12_13_11_45,synthetic_random_flipping_steps100_pretrainedTrue_freezeFalse_2025_12_13_11_45,synthetic_random_flipping,steps,100,True,False,2025_12_13_11_45,spair,5000,46392.25,9.27845,3,0.3351693664686225,0.2123643528352911,0.7876356471647089,5.0,,,,,,,,,,0.265993674475232,0.13245490335863416,0.8675450966413658,5.0,,,,,,,,,,,,,,,,,,,,,,,0.0131655856966972,0.0758048519492149,,,,,,,,,,,,,,,,,,,,,,,,,,,,,-0.6848963461838221,-1.310732161293906,1.310732161293906,-1.0150451181278917,-1.879425259587782,1.8794252595877818,,,,16.234553333333334,-6.956103333333335,spair,TF,6.0
snapshots/synthetic_random_flipping_steps100_pretrainedTrue_freezeFalse_2025_12_13_11_45,synthetic_random_flipping_steps100_pretrainedTrue_freezeFalse_2025_12_13_11_45,synthetic_random_flipping,steps,100,True,False,2025_12_13_11_45,synthetic,5000,150066.7,30.013340000000003,3,,,,,,,,,,,,,,,,,,,,,,,,,,,,,,,,,,,,,,,,0.0345144048333168,1.1349473425070755e-05,,,,,,,,,,,,,,,,,,,,,,,,,,,,,,,,,,,,,,25.490916666666667,4.522423333333336,spair,TF,12.0
snapshots/synthetic_random_flipping_steps100_pretrainedTrue_freezeFalse_2025_12_13_11_45,synthetic_random_flipping_steps100_pretrainedTrue_freezeFalse_2025_12_13_11_45,synthetic_random_flipping,steps,100,True,False,2025_12_13_11_45,tss,5000,134630.8,26.92616,3,0.44872855099748143,0.12552309109294732,0.8744769089070527,5.0,,,,,,,,,,0.2371964396880959,0.2574043468048496,0.7425956531951504,5.0,,,,,,,,,,,,,,,,,,,,,,,0.09708933532238,0.0540799982845783,,,,,,,,,,,,,,,,,,,,,,,,,,,,,-0.20580919431915853,-1.9411361547812773,1.941136154781277,-1.1681118838762428,-1.059503505858407,1.059503505858407,,,,39.87302333333333,-12.94686333333333,spair,TF,3.0
snapshots/synthetic_random_flipping_steps100_pretrainedTrue_freezeTrue_2025_12_13_11_45,synthetic_random_flipping_steps100_pretrainedTrue_freezeTrue_2025_12_13_11_45,synthetic_random_flipping,steps,100,True,True,2025_12_13_11_45,flyingthings,5000,174849.2,34.969840000000005,3,0.40398276182990045,0.15793268703610383,0.8420673129638961,5.0,,,,,,,,,,0.22151779265237462,0.19280372232096657,0.8071962776790335,5.0,,,,,,,,,,,,,,,,,,,,,,,0.0531944185495376,0.059076689183712,,,,,,,,,,,,,,,,,,,,,,,,,,,,,-0.38889738143833535,-1.6736910443518735,1.6736910443518733,-1.2568432217073149,-1.4318941689960543,1.4318941689960543,,,,53.90556,-18.935719999999996,spair,TT,2.0
snapshots/synthetic_random_flipping_steps100_pretrainedTrue_freezeTrue_2025_12_13_11_45,synthetic_random_flipping_steps100_pretrainedTrue_freezeTrue_2025_12_13_11_45,synthetic_random_flipping,steps,100,True,True,2025_12_13_11_45,kitti2012,5000,189772.2,37.954440000000005,3,0.48880166969697203,0.018942888738088373,0.9810571112619116,5.0,,,,,,,,,,0.2083977226094689,0.10965569201774669,0.8903443079822533,5.0,,,,,,,,,,,,,,,,,,,,,,,0.395728588104248,0.0633005201816558,,,,,,,,,,,,,,,,,,,,,,,,,,,,,-0.04480081306572052,-3.947202078644888,3.9472020786448887,-1.3346107088284658,-2.094262866512293,2.0942628665122927,,,,64.06846666666667,-26.11402666666666,spair,TT,1.0
snapshots/synthetic_random_flipping_steps100_pretrainedTrue_freezeTrue_2025_12_13_11_45,synthetic_random_flipping_steps100_pretrainedTrue_freezeTrue_2025_12_13_11_45,synthetic_random_flipping,steps,100,True,True,2025_12_13_11_45,kitti2015,5000,190269.75,38.05395,3,,,,,,,,,,,,,,,,,,,,,,,,,,,,,,,,,,,,,,,,0.4141618013381958,0.0602561682462692,,,,,,,,,,,,,,,,,,,,,,,,,,,,,,,,,,,,,,65.10567999999999,-27.051729999999992,spair,TT,1.0
snapshots/synthetic_random_flipping_steps100_pretrainedTrue_freezeTrue_2025_12_13_11_45,synthetic_random_flipping_steps100_pretrainedTrue_freezeTrue_2025_12_13_11_45,synthetic_random_flipping,steps,100,True,True,2025_12_13_11_45,middlebury,5000,105898.2,21.17964,3,0.45774469963815034,0.02382180312906991,0.9761781968709301,5.0,,,,,,,,,,0.20253178603949856,0.298644136846839,0.701355863153161,5.0,,,,,,,,,,,,,,,,,,,,,,,0.1249873638153076,0.0550720281898975,,,,,,,,,,,,,,,,,,,,,,,,,,,,,-0.16942532009135403,-3.7130438893328552,3.713043889332856,-1.3705451344371844,-0.8537627221444509,0.8537627221444509,,,,37.7005,-16.52086,spair,TT,2.0
snapshots/synthetic_random_flipping_steps100_pretrainedTrue_freezeTrue_2025_12_13_11_45,synthetic_random_flipping_steps100_pretrainedTrue_freezeTrue_2025_12_13_11_45,synthetic_random_flipping,steps,100,True,True,2025_12_13_11_45,pfpascal,5000,68606.79999999999,13.721359999999997,3,0.40124957238307457,0.1559776654784037,0.8440223345215963,5.0,,,,,,,,,,0.23402546623913856,0.13885427680026663,0.8611457231997334,5.0,,,,,,,,,,,,,,,,,,,,,,,0.0495654605329036,0.0772515833377838,,,,,,,,,,,,,,,,,,,,,,,,,,,,,-0.40026125417593234,-1.688466129959639,1.6884661299596386,-1.1857189839270121,-1.8248387240221366,1.8248387240221366,,,,27.819223333333337,-14.09786333333334,spair,TT,1.0
snapshots/synthetic_random_flipping_steps100_pretrainedTrue_freezeTrue_2025_12_13_11_45,synthetic_random_flipping_steps100_pretrainedTrue_freezeTrue_2025_12_13_11_45,synthetic_random_flipping,steps,100,True,True,2025_12_13_11_45,pfwillow,5000,60855.55,12.17111,3,0.41437032853536976,0.09162744988257311,0.9083725501174269,5.0,,,,,,,,,,0.24097444451526517,0.10764646955701548,0.8923535304429845,5.0,,,,,,,,,,,,,,,,,,,,,,,0.072406992316246,0.1002953648567199,,,,,,,,,,,,,,,,,,,,,,,,,,,,,-0.3459275424910696,-2.2939236939436825,2.2939236939436825,-1.1473445582568333,-2.115009960933788,2.1150099609337873,,,,32.30222,-20.13111,spair,TT,1.0
snapshots/synthetic_random_flipping_steps100_pretrainedTrue_freezeTrue_2025_12_13_11_45,synthetic_random_flipping_steps100_pretrainedTrue_freezeTrue_2025_12_13_11_45,synthetic_random_flipping,steps,100,True,True,2025_12_13_11_45,pointodyssey,5000,88395.45,17.67909,3,0.4982493805558036,0.006035616655138001,0.993964383344862,5.0,,,,,,,,,,0.13770506225983042,0.35949402558235105,0.6405059744176489,5.0,,,,,,,,,,,,,,,,,,,,,,,0.3056474924087524,0.0512000024318695,,,,,,,,,,,,,,,,,,,,,,,,,,,,,-0.007002506390692985,-5.104023345232647,5.104023345232653,-1.8344831992723774,-0.5775608906966445,0.5775608906966444,,,,24.515383333333332,-6.836293333333334,spair,TT,3.0
snapshots/synthetic_random_flipping_steps100_pretrainedTrue_freezeTrue_2025_12_13_11_45,synthetic_random_flipping_steps100_pretrainedTrue_freezeTrue_2025_12_13_11_45,synthetic_random_flipping,steps,100,True,True,2025_12_13_11_45,spair,5000,45347.100000000006,9.069420000000001,3,0.3351693664686225,0.2123643528352911,0.7876356471647089,5.0,,,,,,,,,,0.265993674475232,0.13245490335863416,0.8675450966413658,5.0,,,,,,,,,,,,,,,,,,,,,,,0.0131655856966972,0.0758048519492149,,,,,,,,,,,,,,,,,,,,,,,,,,,,,-0.6848963461838221,-1.310732161293906,1.310732161293906,-1.0150451181278917,-1.879425259587782,1.8794252595877818,,,,19.357693333333334,-10.288273333333333,spair,TT,4.0
snapshots/synthetic_random_flipping_steps100_pretrainedTrue_freezeTrue_2025_12_13_11_45,synthetic_random_flipping_steps100_pretrainedTrue_freezeTrue_2025_12_13_11_45,synthetic_random_flipping,steps,100,True,True,2025_12_13_11_45,synthetic,5000,135300.3,27.060059999999996,3,,,,,,,,,,,,,,,,,,,,,,,,,,,,,,,,,,,,,,,,0.0345144048333168,1.1349473425070755e-05,,,,,,,,,,,,,,,,,,,,,,,,,,,,,,,,,,,,,,29.962760000000003,-2.9027000000000065,spair,TT,8.0
snapshots/synthetic_random_flipping_steps100_pretrainedTrue_freezeTrue_2025_12_13_11_45,synthetic_random_flipping_steps100_pretrainedTrue_freezeTrue_2025_12_13_11_45,synthetic_random_flipping,steps,100,True,True,2025_12_13_11_45,tss,5000,128032.4,25.606479999999998,3,0.44872855099748143,0.12552309109294732,0.8744769089070527,5.0,,,,,,,,,,0.2371964396880959,0.2574043468048496,0.7425956531951504,5.0,,,,,,,,,,,,,,,,,,,,,,,0.09708933532238,0.0540799982845783,,,,,,,,,,,,,,,,,,,,,,,,,,,,,-0.20580919431915853,-1.9411361547812773,1.941136154781277,-1.1681118838762428,-1.059503505858407,1.059503505858407,,,,43.74900333333333,-18.14252333333333,spair,TT,3.0
snapshots/synthetic_small_zoom_steps100_pretrainedFalse_freezeFalse_2025_12_11_08_43,synthetic_small_zoom_steps100_pretrainedFalse_freezeFalse_2025_12_11_08_43,synthetic_small_zoom,steps,100,False,False,2025_12_11_08_43,flyingthings,5000,278624.8,55.724959999999996,5,0.14891402076191668,0.43635916613402526,0.5636408338659747,5.0,,,,,,,,,,0.20976999893321135,0.19126411398789323,0.8087358860121068,5.0,,,,,,,,,,,,,,,,,,,,,,,0.0307157859206199,0.0619646199047565,,,,,,,,,,,,,,,,,,,,,,,,,,,,,-1.7431440591257072,-0.25595154948695087,0.255951549486951,-1.3263123563535588,-1.4418171254417567,1.4418171254417567,,,,2.08833,53.63663,spair,FF,12.0
snapshots/synthetic_small_zoom_steps100_pretrainedFalse_freezeFalse_2025_12_11_08_43,synthetic_small_zoom_steps100_pretrainedFalse_freezeFalse_2025_12_11_08_43,synthetic_small_zoom,steps,100,False,False,2025_12_11_08_43,kitti2012,5000,302616.3,60.52326,5,0.43410468272321173,0.1713652836963844,0.8286347163036156,5.0,,,,,,,,,,0.19461840436070219,0.10892970187831044,0.8910702981216896,5.0,,,,,,,,,,,,,,,,,,,,,,,0.279540479183197,0.0650307610630989,,,,,,,,,,,,,,,,,,,,,,,,,,,,,-0.2651233998430372,-1.575981986188119,1.575981986188119,-1.4202754563334523,-2.1017205850910194,2.10172058509102,,,,4.8632566666666674,55.660003333333336,spair,FF,11.0
snapshots/synthetic_small_zoom_steps100_pretrainedFalse_freezeFalse_2025_12_11_08_43,synthetic_small_zoom_steps100_pretrainedFalse_freezeFalse_2025_12_11_08_43,synthetic_small_zoom,steps,100,False,False,2025_12_11_08_43,kitti2015,5000,313469.35000000003,62.693870000000004,5,,,,,,,,,,,,,,,,,,,,,,,,,,,,,,,,,,,,,,,,0.2868838012218475,0.0618428289890289,,,,,,,,,,,,,,,,,,,,,,,,,,,,,,,,,,,,,,6.796363333333333,55.89750666666667,spair,FF,11.0
snapshots/synthetic_small_zoom_steps100_pretrainedFalse_freezeFalse_2025_12_11_08_43,synthetic_small_zoom_steps100_pretrainedFalse_freezeFalse_2025_12_11_08_43,synthetic_small_zoom,steps,100,False,False,2025_12_11_08_43,middlebury,5000,180360.4,36.07208,5,0.21462014056310136,0.12143142856729035,0.8785685714327096,5.0,,,,,,,,,,0.19105894541068152,0.29705829174324333,0.7029417082567566,5.0,,,,,,,,,,,,,,,,,,,,,,,0.0344776287674903,0.0574453882873058,,,,,,,,,,,,,,,,,,,,,,,,,,,,,-1.297297820675475,-1.9789442301822295,1.9789442301822293,-1.443144057188289,-0.8613455817787155,0.8613455817787153,,,,1.9837666666666667,34.08831333333333,spair,FF,12.0
snapshots/synthetic_small_zoom_steps100_pretrainedFalse_freezeFalse_2025_12_11_08_43,synthetic_small_zoom_steps100_pretrainedFalse_freezeFalse_2025_12_11_08_43,synthetic_small_zoom,steps,100,False,False,2025_12_11_08_43,pfpascal,5000,24819.65,4.96393,5,0.07583647755483881,0.3102850436666433,0.6897149563333567,5.0,,,,,,,,,,0.21987290682878544,0.1368897494798624,0.8631102505201376,5.0,,,,,,,,,,,,,,,,,,,,,,,0.0510239005088806,0.0808052122592926,,,,,,,,,,,,,,,,,,,,,,,,,,,,,-2.500309617202204,-0.7987870347751191,0.7987870347751191,-1.266407163184653,-1.841366582032081,1.841366582032081,,,,1.9410966666666667,3.0228333333333337,spair,FF,8.0
snapshots/synthetic_small_zoom_steps100_pretrainedFalse_freezeFalse_2025_12_11_08_43,synthetic_small_zoom_steps100_pretrainedFalse_freezeFalse_2025_12_11_08_43,synthetic_small_zoom,steps,100,False,False,2025_12_11_08_43,pfwillow,5000,39555.55,7.911110000000001,5,0.07707898382720144,0.16634064717926905,0.833659352820731,5.0,,,,,,,,,,0.22724602636690783,0.10629044916971317,0.8937095508302868,5.0,,,,,,,,,,,,,,,,,,,,,,,0.0840673521161079,0.1043266654014587,,,,,,,,,,,,,,,,,,,,,,,,,,,,,-2.4827129977904767,-1.6117870919307833,1.6117870919307835,-1.2239274760259389,-2.1292054017464936,2.129205401746493,,,,3.3644433333333335,4.546666666666667,spair,FF,9.0
snapshots/synthetic_small_zoom_steps100_pretrainedFalse_freezeFalse_2025_12_11_08_43,synthetic_small_zoom_steps100_pretrainedFalse_freezeFalse_2025_12_11_08_43,synthetic_small_zoom,steps,100,False,False,2025_12_11_08_43,pointodyssey,5000,80523.85,16.104770000000002,5,0.3840252955944229,0.08282191559930063,0.9171780844006994,5.0,,,,,,,,,,0.12547033116376127,0.3580170568856405,0.6419829431143595,5.0,,,,,,,,,,,,,,,,,,,,,,,0.1663558781147003,0.0526106357574462,,,,,,,,,,,,,,,,,,,,,,,,,,,,,-0.47249747405175535,-2.404608949153439,2.404608949153439,-1.941616894957098,-0.5839811047816473,0.5839811047816476,,,,2.2678866666666666,13.836883333333336,spair,FF,9.0
snapshots/synthetic_small_zoom_steps100_pretrainedFalse_freezeFalse_2025_12_11_08_43,synthetic_small_zoom_steps100_pretrainedFalse_freezeFalse_2025_12_11_08_43,synthetic_small_zoom,steps,100,False,False,2025_12_11_08_43,spair,5000,12848.949999999999,2.56979,5,0.021419903822824143,0.21905209141419607,0.780947908585804,5.0,,,,,,,,,,0.2524893330975576,0.131081355238176,0.868918644761824,5.0,,,,,,,,,,,,,,,,,,,,,,,0.1612908542156219,0.0792756378650665,,,,,,,,,,,,,,,,,,,,,,,,,,,,,-3.821782064623774,-1.2711988873905975,1.2711988873905977,-1.0853795726017514,-1.891431338713476,1.891431338713476,,,,2.0635033333333332,0.5062866666666666,spair,FF,12.0
snapshots/synthetic_small_zoom_steps100_pretrainedFalse_freezeFalse_2025_12_11_08_43,synthetic_small_zoom_steps100_pretrainedFalse_freezeFalse_2025_12_11_08_43,synthetic_small_zoom,steps,100,False,False,2025_12_11_08_43,synthetic,5000,205545.65000000002,41.10913000000001,5,,,,,,,,,,,,,,,,,,,,,,,,,,,,,,,,,,,,,,,,0.0431076176464557,0.0001350019010715,,,,,,,,,,,,,,,,,,,,,,,,,,,,,,,,,,,,,,2.400183333333333,38.70894666666668,spair,FF,22.0
snapshots/synthetic_small_zoom_steps100_pretrainedFalse_freezeFalse_2025_12_11_08_43,synthetic_small_zoom_steps100_pretrainedFalse_freezeFalse_2025_12_11_08_43,synthetic_small_zoom,steps,100,False,False,2025_12_11_08_43,tss,5000,59369.100000000006,11.873820000000002,5,0.10613708895974322,0.2748918932853621,0.7251081067146379,5.0,,,,,,,,,,0.22327767941787793,0.2553611986806156,0.7446388013193844,5.0,,,,,,,,,,,,,,,,,,,,,,,0.0792518779635429,0.0568536072969436,,,,,,,,,,,,,,,,,,,,,,,,,,,,,-2.1308208694565223,-0.9699428513977961,0.969942851397796,-1.246666716700348,-1.070220262035714,1.0702202620357137,,,,3.624926666666667,8.248893333333335,spair,FF,8.0
snapshots/synthetic_small_zoom_steps100_pretrainedFalse_freezeFalse_2025_12_13_11_43,synthetic_small_zoom_steps100_pretrainedFalse_freezeFalse_2025_12_13_11_43,synthetic_small_zoom,steps,100,False,False,2025_12_13_11_43,flyingthings,5000,157669.05,31.53381,3,0.14891402076191668,0.43635916613402526,0.5636408338659747,5.0,,,,,,,,,,0.20976999893321135,0.19126411398789323,0.8087358860121068,5.0,,,,,,,,,,,,,,,,,,,,,,,0.0307157859206199,0.0619646199047565,,,,,,,,,,,,,,,,,,,,,,,,,,,,,-1.7431440591257072,-0.25595154948695087,0.255951549486951,-1.3263123563535588,-1.4418171254417567,1.4418171254417567,,,,2.08833,29.44548,spair,FF,8.0
snapshots/synthetic_small_zoom_steps100_pretrainedFalse_freezeFalse_2025_12_13_11_43,synthetic_small_zoom_steps100_pretrainedFalse_freezeFalse_2025_12_13_11_43,synthetic_small_zoom,steps,100,False,False,2025_12_13_11_43,kitti2012,5000,172722.0,34.5444,3,0.43410468272321173,0.1713652836963844,0.8286347163036156,5.0,,,,,,,,,,0.19461840436070219,0.10892970187831044,0.8910702981216896,5.0,,,,,,,,,,,,,,,,,,,,,,,0.279540479183197,0.0650307610630989,,,,,,,,,,,,,,,,,,,,,,,,,,,,,-0.2651233998430372,-1.575981986188119,1.575981986188119,-1.4202754563334523,-2.1017205850910194,2.10172058509102,,,,4.8632566666666674,29.681143333333335,spair,FF,8.0
snapshots/synthetic_small_zoom_steps100_pretrainedFalse_freezeFalse_2025_12_13_11_43,synthetic_small_zoom_steps100_pretrainedFalse_freezeFalse_2025_12_13_11_43,synthetic_small_zoom,steps,100,False,False,2025_12_13_11_43,kitti2015,5000,172398.15,34.47963,3,,,,,,,,,,,,,,,,,,,,,,,,,,,,,,,,,,,,,,,,0.2868838012218475,0.0618428289890289,,,,,,,,,,,,,,,,,,,,,,,,,,,,,,,,,,,,,,6.796363333333333,27.68326666666667,spair,FF,8.0
snapshots/synthetic_small_zoom_steps100_pretrainedFalse_freezeFalse_2025_12_13_11_43,synthetic_small_zoom_steps100_pretrainedFalse_freezeFalse_2025_12_13_11_43,synthetic_small_zoom,steps,100,False,False,2025_12_13_11_43,middlebury,5000,103180.6,20.636120000000002,3,0.21462014056310136,0.12143142856729035,0.8785685714327096,5.0,,,,,,,,,,0.19105894541068152,0.29705829174324333,0.7029417082567566,5.0,,,,,,,,,,,,,,,,,,,,,,,0.0344776287674903,0.0574453882873058,,,,,,,,,,,,,,,,,,,,,,,,,,,,,-1.297297820675475,-1.9789442301822295,1.9789442301822293,-1.443144057188289,-0.8613455817787155,0.8613455817787153,,,,1.9837666666666667,18.652353333333334,spair,FF,8.0
snapshots/synthetic_small_zoom_steps100_pretrainedFalse_freezeFalse_2025_12_13_11_43,synthetic_small_zoom_steps100_pretrainedFalse_freezeFalse_2025_12_13_11_43,synthetic_small_zoom,steps,100,False,False,2025_12_13_11_43,pfpascal,5000,33015.25,6.60305,3,0.07583647755483881,0.3102850436666433,0.6897149563333567,5.0,,,,,,,,,,0.21987290682878544,0.1368897494798624,0.8631102505201376,5.0,,,,,,,,,,,,,,,,,,,,,,,0.0510239005088806,0.0808052122592926,,,,,,,,,,,,,,,,,,,,,,,,,,,,,-2.500309617202204,-0.7987870347751191,0.7987870347751191,-1.266407163184653,-1.841366582032081,1.841366582032081,,,,1.9410966666666667,4.661953333333333,spair,FF,11.0
snapshots/synthetic_small_zoom_steps100_pretrainedFalse_freezeFalse_2025_12_13_11_43,synthetic_small_zoom_steps100_pretrainedFalse_freezeFalse_2025_12_13_11_43,synthetic_small_zoom,steps,100,False,False,2025_12_13_11_43,pfwillow,5000,38800.0,7.76,3,0.07707898382720144,0.16634064717926905,0.833659352820731,5.0,,,,,,,,,,0.22724602636690783,0.10629044916971317,0.8937095508302868,5.0,,,,,,,,,,,,,,,,,,,,,,,0.0840673521161079,0.1043266654014587,,,,,,,,,,,,,,,,,,,,,,,,,,,,,-2.4827129977904767,-1.6117870919307833,1.6117870919307835,-1.2239274760259389,-2.1292054017464936,2.129205401746493,,,,3.3644433333333335,4.395556666666666,spair,FF,8.0
snapshots/synthetic_small_zoom_steps100_pretrainedFalse_freezeFalse_2025_12_13_11_43,synthetic_small_zoom_steps100_pretrainedFalse_freezeFalse_2025_12_13_11_43,synthetic_small_zoom,steps,100,False,False,2025_12_13_11_43,pointodyssey,5000,78498.7,15.69974,3,0.3840252955944229,0.08282191559930063,0.9171780844006994,5.0,,,,,,,,,,0.12547033116376127,0.3580170568856405,0.6419829431143595,5.0,,,,,,,,,,,,,,,,,,,,,,,0.1663558781147003,0.0526106357574462,,,,,,,,,,,,,,,,,,,,,,,,,,,,,-0.47249747405175535,-2.404608949153439,2.404608949153439,-1.941616894957098,-0.5839811047816473,0.5839811047816476,,,,2.2678866666666666,13.431853333333333,spair,FF,8.0
snapshots/synthetic_small_zoom_steps100_pretrainedFalse_freezeFalse_2025_12_13_11_43,synthetic_small_zoom_steps100_pretrainedFalse_freezeFalse_2025_12_13_11_43,synthetic_small_zoom,steps,100,False,False,2025_12_13_11_43,spair,5000,7235.25,1.44705,3,0.021419903822824143,0.21905209141419607,0.780947908585804,5.0,,,,,,,,,,0.2524893330975576,0.131081355238176,0.868918644761824,5.0,,,,,,,,,,,,,,,,,,,,,,,0.1612908542156219,0.0792756378650665,,,,,,,,,,,,,,,,,,,,,,,,,,,,,-3.821782064623774,-1.2711988873905975,1.2711988873905977,-1.0853795726017514,-1.891431338713476,1.891431338713476,,,,2.0635033333333332,-0.6164533333333333,spair,FF,5.0
snapshots/synthetic_small_zoom_steps100_pretrainedFalse_freezeFalse_2025_12_13_11_43,synthetic_small_zoom_steps100_pretrainedFalse_freezeFalse_2025_12_13_11_43,synthetic_small_zoom,steps,100,False,False,2025_12_13_11_43,synthetic,5000,95711.65,19.142329999999998,3,,,,,,,,,,,,,,,,,,,,,,,,,,,,,,,,,,,,,,,,0.0431076176464557,0.0001350019010715,,,,,,,,,,,,,,,,,,,,,,,,,,,,,,,,,,,,,,2.400183333333333,16.742146666666663,spair,FF,20.0
snapshots/synthetic_small_zoom_steps100_pretrainedFalse_freezeFalse_2025_12_13_11_43,synthetic_small_zoom_steps100_pretrainedFalse_freezeFalse_2025_12_13_11_43,synthetic_small_zoom,steps,100,False,False,2025_12_13_11_43,tss,5000,70378.3,14.075660000000001,3,0.10613708895974322,0.2748918932853621,0.7251081067146379,5.0,,,,,,,,,,0.22327767941787793,0.2553611986806156,0.7446388013193844,5.0,,,,,,,,,,,,,,,,,,,,,,,0.0792518779635429,0.0568536072969436,,,,,,,,,,,,,,,,,,,,,,,,,,,,,-2.1308208694565223,-0.9699428513977961,0.969942851397796,-1.246666716700348,-1.070220262035714,1.0702202620357137,,,,3.624926666666667,10.450733333333334,spair,FF,10.0
snapshots/synthetic_small_zoom_steps100_pretrainedTrue_freezeFalse_2025_12_11_07_44,synthetic_small_zoom_steps100_pretrainedTrue_freezeFalse_2025_12_11_07_44,synthetic_small_zoom,steps,100,True,False,2025_12_11_07_44,flyingthings,5000,351473.0,70.2946,5,0.14891402076191668,0.43635916613402526,0.5636408338659747,5.0,,,,,,,,,,0.20976999893321135,0.19126411398789323,0.8087358860121068,5.0,,,,,,,,,,,,,,,,,,,,,,,0.0307157859206199,0.0619646199047565,,,,,,,,,,,,,,,,,,,,,,,,,,,,,-1.7431440591257072,-0.25595154948695087,0.255951549486951,-1.3263123563535588,-1.4418171254417567,1.4418171254417567,,,,48.23252,22.06208,spair,TF,12.0
snapshots/synthetic_small_zoom_steps100_pretrainedTrue_freezeFalse_2025_12_11_07_44,synthetic_small_zoom_steps100_pretrainedTrue_freezeFalse_2025_12_11_07_44,synthetic_small_zoom,steps,100,True,False,2025_12_11_07_44,kitti2012,5000,392485.0,78.497,5,0.43410468272321173,0.1713652836963844,0.8286347163036156,5.0,,,,,,,,,,0.19461840436070219,0.10892970187831044,0.8910702981216896,5.0,,,,,,,,,,,,,,,,,,,,,,,0.279540479183197,0.0650307610630989,,,,,,,,,,,,,,,,,,,,,,,,,,,,,-0.2651233998430372,-1.575981986188119,1.575981986188119,-1.4202754563334523,-2.1017205850910194,2.10172058509102,,,,59.49418666666667,19.00281333333333,spair,TF,20.0
snapshots/synthetic_small_zoom_steps100_pretrainedTrue_freezeFalse_2025_12_11_07_44,synthetic_small_zoom_steps100_pretrainedTrue_freezeFalse_2025_12_11_07_44,synthetic_small_zoom,steps,100,True,False,2025_12_11_07_44,kitti2015,5000,388385.7,77.67714000000001,5,,,,,,,,,,,,,,,,,,,,,,,,,,,,,,,,,,,,,,,,0.2868838012218475,0.0618428289890289,,,,,,,,,,,,,,,,,,,,,,,,,,,,,,,,,,,,,,62.48625333333334,15.190886666666671,spair,TF,20.0
snapshots/synthetic_small_zoom_steps100_pretrainedTrue_freezeFalse_2025_12_11_07_44,synthetic_small_zoom_steps100_pretrainedTrue_freezeFalse_2025_12_11_07_44,synthetic_small_zoom,steps,100,True,False,2025_12_11_07_44,middlebury,5000,212445.84999999998,42.489169999999994,5,0.21462014056310136,0.12143142856729035,0.8785685714327096,5.0,,,,,,,,,,0.19105894541068152,0.29705829174324333,0.7029417082567566,5.0,,,,,,,,,,,,,,,,,,,,,,,0.0344776287674903,0.0574453882873058,,,,,,,,,,,,,,,,,,,,,,,,,,,,,-1.297297820675475,-1.9789442301822295,1.9789442301822293,-1.443144057188289,-0.8613455817787155,0.8613455817787153,,,,34.53024666666666,7.958923333333331,spair,TF,16.0
snapshots/synthetic_small_zoom_steps100_pretrainedTrue_freezeFalse_2025_12_11_07_44,synthetic_small_zoom_steps100_pretrainedTrue_freezeFalse_2025_12_11_07_44,synthetic_small_zoom,steps,100,True,False,2025_12_11_07_44,pfpascal,5000,119886.5,23.9773,5,0.07583647755483881,0.3102850436666433,0.6897149563333567,5.0,,,,,,,,,,0.21987290682878544,0.1368897494798624,0.8631102505201376,5.0,,,,,,,,,,,,,,,,,,,,,,,0.0510239005088806,0.0808052122592926,,,,,,,,,,,,,,,,,,,,,,,,,,,,,-2.500309617202204,-0.7987870347751191,0.7987870347751191,-1.266407163184653,-1.841366582032081,1.841366582032081,,,,23.19225,0.7850499999999982,spair,TF,8.0
snapshots/synthetic_small_zoom_steps100_pretrainedTrue_freezeFalse_2025_12_11_07_44,synthetic_small_zoom_steps100_pretrainedTrue_freezeFalse_2025_12_11_07_44,synthetic_small_zoom,steps,100,True,False,2025_12_11_07_44,pfwillow,5000,131438.8,26.28776,5,0.07707898382720144,0.16634064717926905,0.833659352820731,5.0,,,,,,,,,,0.22724602636690783,0.10629044916971317,0.8937095508302868,5.0,,,,,,,,,,,,,,,,,,,,,,,0.0840673521161079,0.1043266654014587,,,,,,,,,,,,,,,,,,,,,,,,,,,,,-2.4827129977904767,-1.6117870919307833,1.6117870919307835,-1.2239274760259389,-2.1292054017464936,2.129205401746493,,,,27.67815333333333,-1.390393333333332,spair,TF,8.0
snapshots/synthetic_small_zoom_steps100_pretrainedTrue_freezeFalse_2025_12_11_07_44,synthetic_small_zoom_steps100_pretrainedTrue_freezeFalse_2025_12_11_07_44,synthetic_small_zoom,steps,100,True,False,2025_12_11_07_44,pointodyssey,5000,165877.80000000002,33.175560000000004,5,0.3840252955944229,0.08282191559930063,0.9171780844006994,5.0,,,,,,,,,,0.12547033116376127,0.3580170568856405,0.6419829431143595,5.0,,,,,,,,,,,,,,,,,,,,,,,0.1663558781147003,0.0526106357574462,,,,,,,,,,,,,,,,,,,,,,,,,,,,,-0.47249747405175535,-2.404608949153439,2.404608949153439,-1.941616894957098,-0.5839811047816473,0.5839811047816476,,,,24.839123333333333,8.336436666666671,spair,TF,13.0
snapshots/synthetic_small_zoom_steps100_pretrainedTrue_freezeFalse_2025_12_11_07_44,synthetic_small_zoom_steps100_pretrainedTrue_freezeFalse_2025_12_11_07_44,synthetic_small_zoom,steps,100,True,False,2025_12_11_07_44,spair,5000,65043.549999999996,13.008709999999999,5,0.021419903822824143,0.21905209141419607,0.780947908585804,5.0,,,,,,,,,,0.2524893330975576,0.131081355238176,0.868918644761824,5.0,,,,,,,,,,,,,,,,,,,,,,,0.1612908542156219,0.0792756378650665,,,,,,,,,,,,,,,,,,,,,,,,,,,,,-3.821782064623774,-1.2711988873905975,1.2711988873905977,-1.0853795726017514,-1.891431338713476,1.891431338713476,,,,16.234553333333334,-3.2258433333333354,spair,TF,14.0
snapshots/synthetic_small_zoom_steps100_pretrainedTrue_freezeFalse_2025_12_11_07_44,synthetic_small_zoom_steps100_pretrainedTrue_freezeFalse_2025_12_11_07_44,synthetic_small_zoom,steps,100,True,False,2025_12_11_07_44,synthetic,5000,398031.15,79.60623000000001,5,,,,,,,,,,,,,,,,,,,,,,,,,,,,,,,,,,,,,,,,0.0431076176464557,0.0001350019010715,,,,,,,,,,,,,,,,,,,,,,,,,,,,,,,,,,,,,,25.490916666666667,54.11531333333335,spair,TF,22.0
snapshots/synthetic_small_zoom_steps100_pretrainedTrue_freezeFalse_2025_12_11_07_44,synthetic_small_zoom_steps100_pretrainedTrue_freezeFalse_2025_12_11_07_44,synthetic_small_zoom,steps,100,True,False,2025_12_11_07_44,tss,5000,251240.75000000003,50.24815,5,0.10613708895974322,0.2748918932853621,0.7251081067146379,5.0,,,,,,,,,,0.22327767941787793,0.2553611986806156,0.7446388013193844,5.0,,,,,,,,,,,,,,,,,,,,,,,0.0792518779635429,0.0568536072969436,,,,,,,,,,,,,,,,,,,,,,,,,,,,,-2.1308208694565223,-0.9699428513977961,0.969942851397796,-1.246666716700348,-1.070220262035714,1.0702202620357137,,,,39.87302333333333,10.375126666666674,spair,TF,12.0
snapshots/synthetic_small_zoom_steps100_pretrainedTrue_freezeFalse_2025_12_13_11_38,synthetic_small_zoom_steps100_pretrainedTrue_freezeFalse_2025_12_13_11_38,synthetic_small_zoom,steps,100,True,False,2025_12_13_11_38,flyingthings,5000,354648.80000000005,70.92976000000002,5,0.14891402076191668,0.43635916613402526,0.5636408338659747,5.0,,,,,,,,,,0.20976999893321135,0.19126411398789323,0.8087358860121068,5.0,,,,,,,,,,,,,,,,,,,,,,,0.0307157859206199,0.0619646199047565,,,,,,,,,,,,,,,,,,,,,,,,,,,,,-1.7431440591257072,-0.25595154948695087,0.255951549486951,-1.3263123563535588,-1.4418171254417567,1.4418171254417567,,,,48.23252,22.697240000000015,spair,TF,14.0
snapshots/synthetic_small_zoom_steps100_pretrainedTrue_freezeFalse_2025_12_13_11_38,synthetic_small_zoom_steps100_pretrainedTrue_freezeFalse_2025_12_13_11_38,synthetic_small_zoom,steps,100,True,False,2025_12_13_11_38,kitti2012,5000,394272.39999999997,78.85448,5,0.43410468272321173,0.1713652836963844,0.8286347163036156,5.0,,,,,,,,,,0.19461840436070219,0.10892970187831044,0.8910702981216896,5.0,,,,,,,,,,,,,,,,,,,,,,,0.279540479183197,0.0650307610630989,,,,,,,,,,,,,,,,,,,,,,,,,,,,,-0.2651233998430372,-1.575981986188119,1.575981986188119,-1.4202754563334523,-2.1017205850910194,2.10172058509102,,,,59.49418666666667,19.360293333333324,spair,TF,22.0
snapshots/synthetic_small_zoom_steps100_pretrainedTrue_freezeFalse_2025_12_13_11_38,synthetic_small_zoom_steps100_pretrainedTrue_freezeFalse_2025_12_13_11_38,synthetic_small_zoom,steps,100,True,False,2025_12_13_11_38,kitti2015,5000,390422.19999999995,78.08443999999999,5,,,,,,,,,,,,,,,,,,,,,,,,,,,,,,,,,,,,,,,,0.2868838012218475,0.0618428289890289,,,,,,,,,,,,,,,,,,,,,,,,,,,,,,,,,,,,,,62.48625333333334,15.598186666666649,spair,TF,22.0
snapshots/synthetic_small_zoom_steps100_pretrainedTrue_freezeFalse_2025_12_13_11_38,synthetic_small_zoom_steps100_pretrainedTrue_freezeFalse_2025_12_13_11_38,synthetic_small_zoom,steps,100,True,False,2025_12_13_11_38,middlebury,5000,216281.40000000002,43.256280000000004,5,0.21462014056310136,0.12143142856729035,0.8785685714327096,5.0,,,,,,,,,,0.19105894541068152,0.29705829174324333,0.7029417082567566,5.0,,,,,,,,,,,,,,,,,,,,,,,0.0344776287674903,0.0574453882873058,,,,,,,,,,,,,,,,,,,,,,,,,,,,,-1.297297820675475,-1.9789442301822295,1.9789442301822293,-1.443144057188289,-0.8613455817787155,0.8613455817787153,,,,34.53024666666666,8.72603333333334,spair,TF,22.0
snapshots/synthetic_small_zoom_steps100_pretrainedTrue_freezeFalse_2025_12_13_11_38,synthetic_small_zoom_steps100_pretrainedTrue_freezeFalse_2025_12_13_11_38,synthetic_small_zoom,steps,100,True,False,2025_12_13_11_38,pfpascal,5000,160376.8,32.075359999999996,5,0.07583647755483881,0.3102850436666433,0.6897149563333567,5.0,,,,,,,,,,0.21987290682878544,0.1368897494798624,0.8631102505201376,5.0,,,,,,,,,,,,,,,,,,,,,,,0.0510239005088806,0.0808052122592926,,,,,,,,,,,,,,,,,,,,,,,,,,,,,-2.500309617202204,-0.7987870347751191,0.7987870347751191,-1.266407163184653,-1.841366582032081,1.841366582032081,,,,23.19225,8.883109999999995,spair,TF,15.0
snapshots/synthetic_small_zoom_steps100_pretrainedTrue_freezeFalse_2025_12_13_11_38,synthetic_small_zoom_steps100_pretrainedTrue_freezeFalse_2025_12_13_11_38,synthetic_small_zoom,steps,100,True,False,2025_12_13_11_38,pfwillow,5000,178666.69999999998,35.73334,5,0.07707898382720144,0.16634064717926905,0.833659352820731,5.0,,,,,,,,,,0.22724602636690783,0.10629044916971317,0.8937095508302868,5.0,,,,,,,,,,,,,,,,,,,,,,,0.0840673521161079,0.1043266654014587,,,,,,,,,,,,,,,,,,,,,,,,,,,,,-2.4827129977904767,-1.6117870919307833,1.6117870919307835,-1.2239274760259389,-2.1292054017464936,2.129205401746493,,,,27.67815333333333,8.055186666666668,spair,TF,13.0
snapshots/synthetic_small_zoom_steps100_pretrainedTrue_freezeFalse_2025_12_13_11_38,synthetic_small_zoom_steps100_pretrainedTrue_freezeFalse_2025_12_13_11_38,synthetic_small_zoom,steps,100,True,False,2025_12_13_11_38,pointodyssey,5000,165420.1,33.08402,5,0.3840252955944229,0.08282191559930063,0.9171780844006994,5.0,,,,,,,,,,0.12547033116376127,0.3580170568856405,0.6419829431143595,5.0,,,,,,,,,,,,,,,,,,,,,,,0.1663558781147003,0.0526106357574462,,,,,,,,,,,,,,,,,,,,,,,,,,,,,-0.47249747405175535,-2.404608949153439,2.404608949153439,-1.941616894957098,-0.5839811047816473,0.5839811047816476,,,,24.839123333333333,8.24489666666667,spair,TF,12.0
snapshots/synthetic_small_zoom_steps100_pretrainedTrue_freezeFalse_2025_12_13_11_38,synthetic_small_zoom_steps100_pretrainedTrue_freezeFalse_2025_12_13_11_38,synthetic_small_zoom,steps,100,True,False,2025_12_13_11_38,spair,5000,55795.799999999996,11.15916,5,0.021419903822824143,0.21905209141419607,0.780947908585804,5.0,,,,,,,,,,0.2524893330975576,0.131081355238176,0.868918644761824,5.0,,,,,,,,,,,,,,,,,,,,,,,0.1612908542156219,0.0792756378650665,,,,,,,,,,,,,,,,,,,,,,,,,,,,,-3.821782064623774,-1.2711988873905975,1.2711988873905977,-1.0853795726017514,-1.891431338713476,1.891431338713476,,,,16.234553333333334,-5.075393333333334,spair,TF,7.0
snapshots/synthetic_small_zoom_steps100_pretrainedTrue_freezeFalse_2025_12_13_11_38,synthetic_small_zoom_steps100_pretrainedTrue_freezeFalse_2025_12_13_11_38,synthetic_small_zoom,steps,100,True,False,2025_12_13_11_38,synthetic,5000,241339.0,48.2678,5,,,,,,,,,,,,,,,,,,,,,,,,,,,,,,,,,,,,,,,,0.0431076176464557,0.0001350019010715,,,,,,,,,,,,,,,,,,,,,,,,,,,,,,,,,,,,,,25.490916666666667,22.776883333333334,spair,TF,20.0
snapshots/synthetic_small_zoom_steps100_pretrainedTrue_freezeFalse_2025_12_13_11_38,synthetic_small_zoom_steps100_pretrainedTrue_freezeFalse_2025_12_13_11_38,synthetic_small_zoom,steps,100,True,False,2025_12_13_11_38,tss,5000,254252.45,50.85049,5,0.10613708895974322,0.2748918932853621,0.7251081067146379,5.0,,,,,,,,,,0.22327767941787793,0.2553611986806156,0.7446388013193844,5.0,,,,,,,,,,,,,,,,,,,,,,,0.0792518779635429,0.0568536072969436,,,,,,,,,,,,,,,,,,,,,,,,,,,,,-2.1308208694565223,-0.9699428513977961,0.969942851397796,-1.246666716700348,-1.070220262035714,1.0702202620357137,,,,39.87302333333333,10.977466666666672,spair,TF,14.0
snapshots/synthetic_small_zoom_steps100_pretrainedTrue_freezeTrue_2025_12_11_07_40,synthetic_small_zoom_steps100_pretrainedTrue_freezeTrue_2025_12_11_07_40,synthetic_small_zoom,steps,100,True,True,2025_12_11_07_40,flyingthings,5000,350592.25000000006,70.11845000000001,5,0.14891402076191668,0.43635916613402526,0.5636408338659747,5.0,,,,,,,,,,0.20976999893321135,0.19126411398789323,0.8087358860121068,5.0,,,,,,,,,,,,,,,,,,,,,,,0.0307157859206199,0.0619646199047565,,,,,,,,,,,,,,,,,,,,,,,,,,,,,-1.7431440591257072,-0.25595154948695087,0.255951549486951,-1.3263123563535588,-1.4418171254417567,1.4418171254417567,,,,53.90556,16.21289000000001,spair,TT,14.0
snapshots/synthetic_small_zoom_steps100_pretrainedTrue_freezeTrue_2025_12_11_07_40,synthetic_small_zoom_steps100_pretrainedTrue_freezeTrue_2025_12_11_07_40,synthetic_small_zoom,steps,100,True,True,2025_12_11_07_40,kitti2012,5000,391953.0,78.3906,5,0.43410468272321173,0.1713652836963844,0.8286347163036156,5.0,,,,,,,,,,0.19461840436070219,0.10892970187831044,0.8910702981216896,5.0,,,,,,,,,,,,,,,,,,,,,,,0.279540479183197,0.0650307610630989,,,,,,,,,,,,,,,,,,,,,,,,,,,,,-0.2651233998430372,-1.575981986188119,1.575981986188119,-1.4202754563334523,-2.1017205850910194,2.10172058509102,,,,64.06846666666667,14.32213333333334,spair,TT,22.0
snapshots/synthetic_small_zoom_steps100_pretrainedTrue_freezeTrue_2025_12_11_07_40,synthetic_small_zoom_steps100_pretrainedTrue_freezeTrue_2025_12_11_07_40,synthetic_small_zoom,steps,100,True,True,2025_12_11_07_40,kitti2015,5000,387325.55,77.46511,5,,,,,,,,,,,,,,,,,,,,,,,,,,,,,,,,,,,,,,,,0.2868838012218475,0.0618428289890289,,,,,,,,,,,,,,,,,,,,,,,,,,,,,,,,,,,,,,65.10567999999999,12.359430000000003,spair,TT,22.0
snapshots/synthetic_small_zoom_steps100_pretrainedTrue_freezeTrue_2025_12_11_07_40,synthetic_small_zoom_steps100_pretrainedTrue_freezeTrue_2025_12_11_07_40,synthetic_small_zoom,steps,100,True,True,2025_12_11_07_40,middlebury,5000,211763.95,42.35279,5,0.21462014056310136,0.12143142856729035,0.8785685714327096,5.0,,,,,,,,,,0.19105894541068152,0.29705829174324333,0.7029417082567566,5.0,,,,,,,,,,,,,,,,,,,,,,,0.0344776287674903,0.0574453882873058,,,,,,,,,,,,,,,,,,,,,,,,,,,,,-1.297297820675475,-1.9789442301822295,1.9789442301822293,-1.443144057188289,-0.8613455817787155,0.8613455817787153,,,,37.7005,4.652290000000001,spair,TT,19.0
snapshots/synthetic_small_zoom_steps100_pretrainedTrue_freezeTrue_2025_12_11_07_40,synthetic_small_zoom_steps100_pretrainedTrue_freezeTrue_2025_12_11_07_40,synthetic_small_zoom,steps,100,True,True,2025_12_11_07_40,pfpascal,5000,142769.0,28.5538,5,0.07583647755483881,0.3102850436666433,0.6897149563333567,5.0,,,,,,,,,,0.21987290682878544,0.1368897494798624,0.8631102505201376,5.0,,,,,,,,,,,,,,,,,,,,,,,0.0510239005088806,0.0808052122592926,,,,,,,,,,,,,,,,,,,,,,,,,,,,,-2.500309617202204,-0.7987870347751191,0.7987870347751191,-1.266407163184653,-1.841366582032081,1.841366582032081,,,,27.819223333333337,0.734576666666662,spair,TT,13.0
snapshots/synthetic_small_zoom_steps100_pretrainedTrue_freezeTrue_2025_12_11_07_40,synthetic_small_zoom_steps100_pretrainedTrue_freezeTrue_2025_12_11_07_40,synthetic_small_zoom,steps,100,True,True,2025_12_11_07_40,pfwillow,5000,138288.85,27.657770000000003,5,0.07707898382720144,0.16634064717926905,0.833659352820731,5.0,,,,,,,,,,0.22724602636690783,0.10629044916971317,0.8937095508302868,5.0,,,,,,,,,,,,,,,,,,,,,,,0.0840673521161079,0.1043266654014587,,,,,,,,,,,,,,,,,,,,,,,,,,,,,-2.4827129977904767,-1.6117870919307833,1.6117870919307835,-1.2239274760259389,-2.1292054017464936,2.129205401746493,,,,32.30222,-4.6444499999999955,spair,TT,10.0
snapshots/synthetic_small_zoom_steps100_pretrainedTrue_freezeTrue_2025_12_11_07_40,synthetic_small_zoom_steps100_pretrainedTrue_freezeTrue_2025_12_11_07_40,synthetic_small_zoom,steps,100,True,True,2025_12_11_07_40,pointodyssey,5000,216133.05000000002,43.22661,5,0.3840252955944229,0.08282191559930063,0.9171780844006994,5.0,,,,,,,,,,0.12547033116376127,0.3580170568856405,0.6419829431143595,5.0,,,,,,,,,,,,,,,,,,,,,,,0.1663558781147003,0.0526106357574462,,,,,,,,,,,,,,,,,,,,,,,,,,,,,-0.47249747405175535,-2.404608949153439,2.404608949153439,-1.941616894957098,-0.5839811047816473,0.5839811047816476,,,,24.515383333333332,18.71122666666667,spair,TT,22.0
snapshots/synthetic_small_zoom_steps100_pretrainedTrue_freezeTrue_2025_12_11_07_40,synthetic_small_zoom_steps100_pretrainedTrue_freezeTrue_2025_12_11_07_40,synthetic_small_zoom,steps,100,True,True,2025_12_11_07_40,spair,5000,86295.84999999999,17.259169999999997,5,0.021419903822824143,0.21905209141419607,0.780947908585804,5.0,,,,,,,,,,0.2524893330975576,0.131081355238176,0.868918644761824,5.0,,,,,,,,,,,,,,,,,,,,,,,0.1612908542156219,0.0792756378650665,,,,,,,,,,,,,,,,,,,,,,,,,,,,,-3.821782064623774,-1.2711988873905975,1.2711988873905977,-1.0853795726017514,-1.891431338713476,1.891431338713476,,,,19.357693333333334,-2.098523333333336,spair,TT,16.0
snapshots/synthetic_small_zoom_steps100_pretrainedTrue_freezeTrue_2025_12_11_07_40,synthetic_small_zoom_steps100_pretrainedTrue_freezeTrue_2025_12_11_07_40,synthetic_small_zoom,steps,100,True,True,2025_12_11_07_40,synthetic,5000,397754.14999999997,79.55082999999999,5,,,,,,,,,,,,,,,,,,,,,,,,,,,,,,,,,,,,,,,,0.0431076176464557,0.0001350019010715,,,,,,,,,,,,,,,,,,,,,,,,,,,,,,,,,,,,,,29.962760000000003,49.58806999999999,spair,TT,22.0
snapshots/synthetic_small_zoom_steps100_pretrainedTrue_freezeTrue_2025_12_11_07_40,synthetic_small_zoom_steps100_pretrainedTrue_freezeTrue_2025_12_11_07_40,synthetic_small_zoom,steps,100,True,True,2025_12_11_07_40,tss,5000,266840.9,53.36818,5,0.10613708895974322,0.2748918932853621,0.7251081067146379,5.0,,,,,,,,,,0.22327767941787793,0.2553611986806156,0.7446388013193844,5.0,,,,,,,,,,,,,,,,,,,,,,,0.0792518779635429,0.0568536072969436,,,,,,,,,,,,,,,,,,,,,,,,,,,,,-2.1308208694565223,-0.9699428513977961,0.969942851397796,-1.246666716700348,-1.070220262035714,1.0702202620357137,,,,43.74900333333333,9.619176666666675,spair,TT,22.0
snapshots/synthetic_small_zoom_steps100_pretrainedTrue_freezeTrue_2025_12_13_11_36,synthetic_small_zoom_steps100_pretrainedTrue_freezeTrue_2025_12_13_11_36,synthetic_small_zoom,steps,100,True,True,2025_12_13_11_36,flyingthings,5000,176604.2,35.320840000000004,3,0.14891402076191668,0.43635916613402526,0.5636408338659747,5.0,,,,,,,,,,0.20976999893321135,0.19126411398789323,0.8087358860121068,5.0,,,,,,,,,,,,,,,,,,,,,,,0.0307157859206199,0.0619646199047565,,,,,,,,,,,,,,,,,,,,,,,,,,,,,-1.7431440591257072,-0.25595154948695087,0.255951549486951,-1.3263123563535588,-1.4418171254417567,1.4418171254417567,,,,53.90556,-18.584719999999997,spair,TT,3.0
snapshots/synthetic_small_zoom_steps100_pretrainedTrue_freezeTrue_2025_12_13_11_36,synthetic_small_zoom_steps100_pretrainedTrue_freezeTrue_2025_12_13_11_36,synthetic_small_zoom,steps,100,True,True,2025_12_13_11_36,kitti2012,5000,196477.40000000002,39.295480000000005,3,0.43410468272321173,0.1713652836963844,0.8286347163036156,5.0,,,,,,,,,,0.19461840436070219,0.10892970187831044,0.8910702981216896,5.0,,,,,,,,,,,,,,,,,,,,,,,0.279540479183197,0.0650307610630989,,,,,,,,,,,,,,,,,,,,,,,,,,,,,-0.2651233998430372,-1.575981986188119,1.575981986188119,-1.4202754563334523,-2.1017205850910194,2.10172058509102,,,,64.06846666666667,-24.77298666666666,spair,TT,5.0
snapshots/synthetic_small_zoom_steps100_pretrainedTrue_freezeTrue_2025_12_13_11_36,synthetic_small_zoom_steps100_pretrainedTrue_freezeTrue_2025_12_13_11_36,synthetic_small_zoom,steps,100,True,True,2025_12_13_11_36,kitti2015,5000,194785.2,38.95704,3,,,,,,,,,,,,,,,,,,,,,,,,,,,,,,,,,,,,,,,,0.2868838012218475,0.0618428289890289,,,,,,,,,,,,,,,,,,,,,,,,,,,,,,,,,,,,,,65.10567999999999,-26.148639999999993,spair,TT,5.0
snapshots/synthetic_small_zoom_steps100_pretrainedTrue_freezeTrue_2025_12_13_11_36,synthetic_small_zoom_steps100_pretrainedTrue_freezeTrue_2025_12_13_11_36,synthetic_small_zoom,steps,100,True,True,2025_12_13_11_36,middlebury,5000,106335.59999999999,21.26712,3,0.21462014056310136,0.12143142856729035,0.8785685714327096,5.0,,,,,,,,,,0.19105894541068152,0.29705829174324333,0.7029417082567566,5.0,,,,,,,,,,,,,,,,,,,,,,,0.0344776287674903,0.0574453882873058,,,,,,,,,,,,,,,,,,,,,,,,,,,,,-1.297297820675475,-1.9789442301822295,1.9789442301822293,-1.443144057188289,-0.8613455817787155,0.8613455817787153,,,,37.7005,-16.43338,spair,TT,4.0
snapshots/synthetic_small_zoom_steps100_pretrainedTrue_freezeTrue_2025_12_13_11_36,synthetic_small_zoom_steps100_pretrainedTrue_freezeTrue_2025_12_13_11_36,synthetic_small_zoom,steps,100,True,True,2025_12_13_11_36,pfpascal,5000,86540.70000000001,17.30814,3,0.07583647755483881,0.3102850436666433,0.6897149563333567,5.0,,,,,,,,,,0.21987290682878544,0.1368897494798624,0.8631102505201376,5.0,,,,,,,,,,,,,,,,,,,,,,,0.0510239005088806,0.0808052122592926,,,,,,,,,,,,,,,,,,,,,,,,,,,,,-2.500309617202204,-0.7987870347751191,0.7987870347751191,-1.266407163184653,-1.841366582032081,1.841366582032081,,,,27.819223333333337,-10.511083333333335,spair,TT,3.0
snapshots/synthetic_small_zoom_steps100_pretrainedTrue_freezeTrue_2025_12_13_11_36,synthetic_small_zoom_steps100_pretrainedTrue_freezeTrue_2025_12_13_11_36,synthetic_small_zoom,steps,100,True,True,2025_12_13_11_36,pfwillow,5000,94283.3,18.85666,3,0.07707898382720144,0.16634064717926905,0.833659352820731,5.0,,,,,,,,,,0.22724602636690783,0.10629044916971317,0.8937095508302868,5.0,,,,,,,,,,,,,,,,,,,,,,,0.0840673521161079,0.1043266654014587,,,,,,,,,,,,,,,,,,,,,,,,,,,,,-2.4827129977904767,-1.6117870919307833,1.6117870919307835,-1.2239274760259389,-2.1292054017464936,2.129205401746493,,,,32.30222,-13.445559999999997,spair,TT,3.0
snapshots/synthetic_small_zoom_steps100_pretrainedTrue_freezeTrue_2025_12_13_11_36,synthetic_small_zoom_steps100_pretrainedTrue_freezeTrue_2025_12_13_11_36,synthetic_small_zoom,steps,100,True,True,2025_12_13_11_36,pointodyssey,5000,79209.8,15.84196,3,0.3840252955944229,0.08282191559930063,0.9171780844006994,5.0,,,,,,,,,,0.12547033116376127,0.3580170568856405,0.6419829431143595,5.0,,,,,,,,,,,,,,,,,,,,,,,0.1663558781147003,0.0526106357574462,,,,,,,,,,,,,,,,,,,,,,,,,,,,,-0.47249747405175535,-2.404608949153439,2.404608949153439,-1.941616894957098,-0.5839811047816473,0.5839811047816476,,,,24.515383333333332,-8.673423333333332,spair,TT,1.0
snapshots/synthetic_small_zoom_steps100_pretrainedTrue_freezeTrue_2025_12_13_11_36,synthetic_small_zoom_steps100_pretrainedTrue_freezeTrue_2025_12_13_11_36,synthetic_small_zoom,steps,100,True,True,2025_12_13_11_36,spair,5000,33553.3,6.710660000000001,3,0.021419903822824143,0.21905209141419607,0.780947908585804,5.0,,,,,,,,,,0.2524893330975576,0.131081355238176,0.868918644761824,5.0,,,,,,,,,,,,,,,,,,,,,,,0.1612908542156219,0.0792756378650665,,,,,,,,,,,,,,,,,,,,,,,,,,,,,-3.821782064623774,-1.2711988873905975,1.2711988873905977,-1.0853795726017514,-1.891431338713476,1.891431338713476,,,,19.357693333333334,-12.647033333333333,spair,TT,1.0
snapshots/synthetic_small_zoom_steps100_pretrainedTrue_freezeTrue_2025_12_13_11_36,synthetic_small_zoom_steps100_pretrainedTrue_freezeTrue_2025_12_13_11_36,synthetic_small_zoom,steps,100,True,True,2025_12_13_11_36,synthetic,5000,118605.4,23.72108,3,,,,,,,,,,,,,,,,,,,,,,,,,,,,,,,,,,,,,,,,0.0431076176464557,0.0001350019010715,,,,,,,,,,,,,,,,,,,,,,,,,,,,,,,,,,,,,,29.962760000000003,-6.241680000000002,spair,TT,4.0
snapshots/synthetic_small_zoom_steps100_pretrainedTrue_freezeTrue_2025_12_13_11_36,synthetic_small_zoom_steps100_pretrainedTrue_freezeTrue_2025_12_13_11_36,synthetic_small_zoom,steps,100,True,True,2025_12_13_11_36,tss,5000,127521.3,25.504260000000002,3,0.10613708895974322,0.2748918932853621,0.7251081067146379,5.0,,,,,,,,,,0.22327767941787793,0.2553611986806156,0.7446388013193844,5.0,,,,,,,,,,,,,,,,,,,,,,,0.0792518779635429,0.0568536072969436,,,,,,,,,,,,,,,,,,,,,,,,,,,,,-2.1308208694565223,-0.9699428513977961,0.969942851397796,-1.246666716700348,-1.070220262035714,1.0702202620357137,,,,43.74900333333333,-18.244743333333325,spair,TT,1.0
snapshots/synthetic_steps100_pretrainedFalse_freezeFalse_2025_12_11_06_37,synthetic_steps100_pretrainedFalse_freezeFalse_2025_12_11_06_37,synthetic,steps,100,False,False,2025_12_11_06_37,flyingthings,5000,99427.45000000001,19.88549,3,0.3887234331271549,0.24165226079032764,0.7583477392096724,5.0,,,,,,,,,,0.19842097280342846,0.19214681375361753,0.8078531862463825,5.0,,,,,,,,,,,,,,,,,,,,,,,0.012629060074687,0.0583002083003521,,,,,,,,,,,,,,,,,,,,,,,,,,,,,-0.4526813810957833,-1.1436422854095074,1.1436422854095074,-1.3961926673527973,-1.4361206070266197,1.4361206070266197,,,,2.08833,17.79716,spair,FF,5.0
snapshots/synthetic_steps100_pretrainedFalse_freezeFalse_2025_12_11_06_37,synthetic_steps100_pretrainedFalse_freezeFalse_2025_12_11_06_37,synthetic,steps,100,False,False,2025_12_11_06_37,kitti2012,5000,122342.6,24.46852,3,0.5203726518529079,0.031169905177188713,0.9688300948228112,5.0,,,,,,,,,,0.1871444501750091,0.10946487188175855,0.8905351281182414,5.0,,,,,,,,,,,,,,,,,,,,,,,0.3184729814529419,0.0627022311091423,,,,,,,,,,,,,,,,,,,,,,,,,,,,,0.08153574873853532,-3.4366362041198126,3.4366362041198113,-1.4686726387804356,-2.0962188565309527,2.0962188565309527,,,,4.8632566666666674,19.605263333333333,spair,FF,5.0
snapshots/synthetic_steps100_pretrainedFalse_freezeFalse_2025_12_11_06_37,synthetic_steps100_pretrainedFalse_freezeFalse_2025_12_11_06_37,synthetic,steps,100,False,False,2025_12_11_06_37,kitti2015,5000,139998.05,27.999609999999997,3,,,,,,,,,,,,,,,,,,,,,,,,,,,,,,,,,,,,,,,,0.3206137716770172,0.0596625059843063,,,,,,,,,,,,,,,,,,,,,,,,,,,,,,,,,,,,,,6.796363333333333,21.203246666666665,spair,FF,6.0
snapshots/synthetic_steps100_pretrainedFalse_freezeFalse_2025_12_11_06_37,synthetic_steps100_pretrainedFalse_freezeFalse_2025_12_11_06_37,synthetic,steps,100,False,False,2025_12_11_06_37,middlebury,5000,64881.850000000006,12.976370000000001,3,0.4466338328003947,0.0343143602757759,0.965685639724224,5.0,,,,,,,,,,0.18012557786284678,0.2982929854977204,0.7017070145022797,5.0,,,,,,,,,,,,,,,,,,,,,,,0.0608222782611846,0.0544390268623828,,,,,,,,,,,,,,,,,,,,,,,,,,,,,-0.21428083631544995,-3.3372744230466904,3.337274423046689,-1.5154969223595938,-0.8554397823300389,0.8554397823300391,,,,1.9837666666666667,10.992603333333335,spair,FF,5.0
snapshots/synthetic_steps100_pretrainedFalse_freezeFalse_2025_12_11_06_37,synthetic_steps100_pretrainedFalse_freezeFalse_2025_12_11_06_37,synthetic,steps,100,False,False,2025_12_11_06_37,pfpascal,5000,9964.849999999999,1.9929699999999997,3,0.3785796296032772,0.2284647604884784,0.7715352395115216,5.0,,,,,,,,,,0.21161235437928508,0.13800787346141738,0.8619921265385826,5.0,,,,,,,,,,,,,,,,,,,,,,,0.0083531513810157,0.0763168632984161,,,,,,,,,,,,,,,,,,,,,,,,,,,,,-0.49558134508428037,-1.2170003699950405,1.2170003699950407,-1.3152338211487486,-1.8319353990780933,1.831935399078093,,,,1.9410966666666667,0.051873333333332994,spair,FF,4.0
snapshots/synthetic_steps100_pretrainedFalse_freezeFalse_2025_12_11_06_37,synthetic_steps100_pretrainedFalse_freezeFalse_2025_12_11_06_37,synthetic,steps,100,False,False,2025_12_11_06_37,pfwillow,5000,17099.949999999997,3.4199899999999994,3,0.37303527910389916,0.1254768631715489,0.8745231368284511,5.0,,,,,,,,,,0.22166907499491065,0.10703003507019515,0.8929699649298048,5.0,,,,,,,,,,,,,,,,,,,,,,,0.0377955436706543,0.0992852747440338,,,,,,,,,,,,,,,,,,,,,,,,,,,,,-0.5192172753173027,-1.941557366939586,1.9415573669395858,-1.255966170650805,-2.1214434497504775,2.1214434497504775,,,,3.3644433333333335,0.05554666666666597,spair,FF,5.0
snapshots/synthetic_steps100_pretrainedFalse_freezeFalse_2025_12_11_06_37,synthetic_steps100_pretrainedFalse_freezeFalse_2025_12_11_06_37,synthetic,steps,100,False,False,2025_12_11_06_37,pointodyssey,5000,32623.85,6.524769999999999,3,0.4912138413772169,0.010175694422755902,0.9898243055772441,5.0,,,,,,,,,,0.11988614315060553,0.35932962604398555,0.6406703739560144,5.0,,,,,,,,,,,,,,,,,,,,,,,0.2314427942037582,0.0507900267839431,,,,,,,,,,,,,,,,,,,,,,,,,,,,,-0.035148252555755474,-4.577525481328662,4.577525481328662,-1.993508796585021,-0.5782749418414258,0.5782749418414258,,,,2.2678866666666666,4.256883333333333,spair,FF,5.0
snapshots/synthetic_steps100_pretrainedFalse_freezeFalse_2025_12_11_06_37,synthetic_steps100_pretrainedFalse_freezeFalse_2025_12_11_06_37,synthetic,steps,100,False,False,2025_12_11_06_37,spair,5000,6814.1,1.3628200000000001,3,0.23179232479557202,0.21434965011751103,0.7856503498824889,5.0,,,,,,,,,,0.242875389943555,0.13177144685476078,0.8682285531452392,5.0,,,,,,,,,,,,,,,,,,,,,,,0.0492104887962341,0.074993222951889,,,,,,,,,,,,,,,,,,,,,,,,,,,,,-1.1982182879802863,-1.2989032852300706,1.2989032852300704,-1.1369793370408483,-1.8853860314256177,1.8853860314256172,,,,2.0635033333333332,-0.7006833333333331,spair,FF,4.0
snapshots/synthetic_steps100_pretrainedFalse_freezeFalse_2025_12_11_06_37,synthetic_steps100_pretrainedFalse_freezeFalse_2025_12_11_06_37,synthetic,steps,100,False,False,2025_12_11_06_37,synthetic,5000,37327.55,7.465510000000001,3,,,,,,,,,,,,,,,,,,,,,,,,,,,,,,,,,,,,,,,,0.0001320896990364,1.9195422282791696e-05,,,,,,,,,,,,,,,,,,,,,,,,,,,,,,,,,,,,,,2.400183333333333,5.065326666666667,spair,FF,5.0
snapshots/synthetic_steps100_pretrainedFalse_freezeFalse_2025_12_11_06_37,synthetic_steps100_pretrainedFalse_freezeFalse_2025_12_11_06_37,synthetic,steps,100,False,False,2025_12_11_06_37,tss,5000,25617.800000000003,5.12356,3,0.39963213325564284,0.17775061762759545,0.8222493823724045,5.0,,,,,,,,,,0.21397587673841392,0.25681081725856736,0.7431891827414326,5.0,,,,,,,,,,,,,,,,,,,,,,,0.0533548071980476,0.0534184537827968,,,,,,,,,,,,,,,,,,,,,,,,,,,,,-0.4069981214867718,-1.531662190550104,1.531662190550104,-1.3011241999843215,-1.062610938207489,1.062610938207489,,,,3.624926666666667,1.4986333333333333,spair,FF,6.0
snapshots/synthetic_steps100_pretrainedFalse_freezeFalse_2025_12_13_02_37,synthetic_steps100_pretrainedFalse_freezeFalse_2025_12_13_02_37,synthetic,steps,100,False,False,2025_12_13_02_37,flyingthings,5000,253939.5,50.7879,5,0.3887234331271549,0.24165226079032764,0.7583477392096724,5.0,,,,,,,,,,0.19842097280342846,0.19214681375361753,0.8078531862463825,5.0,,,,,,,,,,,,,,,,,,,,,,,0.012629060074687,0.0583002083003521,,,,,,,,,,,,,,,,,,,,,,,,,,,,,-0.4526813810957833,-1.1436422854095074,1.1436422854095074,-1.3961926673527973,-1.4361206070266197,1.4361206070266197,,,,2.08833,48.69957,spair,FF,11.0
snapshots/synthetic_steps100_pretrainedFalse_freezeFalse_2025_12_13_02_37,synthetic_steps100_pretrainedFalse_freezeFalse_2025_12_13_02_37,synthetic,steps,100,False,False,2025_12_13_02_37,kitti2012,5000,312750.15,62.55003000000001,5,0.5203726518529079,0.031169905177188713,0.9688300948228112,5.0,,,,,,,,,,0.1871444501750091,0.10946487188175855,0.8905351281182414,5.0,,,,,,,,,,,,,,,,,,,,,,,0.3184729814529419,0.0627022311091423,,,,,,,,,,,,,,,,,,,,,,,,,,,,,0.08153574873853532,-3.4366362041198126,3.4366362041198113,-1.4686726387804356,-2.0962188565309527,2.0962188565309527,,,,4.8632566666666674,57.68677333333334,spair,FF,12.0
snapshots/synthetic_steps100_pretrainedFalse_freezeFalse_2025_12_13_02_37,synthetic_steps100_pretrainedFalse_freezeFalse_2025_12_13_02_37,synthetic,steps,100,False,False,2025_12_13_02_37,kitti2015,5000,331154.95,66.23099,5,,,,,,,,,,,,,,,,,,,,,,,,,,,,,,,,,,,,,,,,0.3206137716770172,0.0596625059843063,,,,,,,,,,,,,,,,,,,,,,,,,,,,,,,,,,,,,,6.796363333333333,59.434626666666674,spair,FF,12.0
snapshots/synthetic_steps100_pretrainedFalse_freezeFalse_2025_12_13_02_37,synthetic_steps100_pretrainedFalse_freezeFalse_2025_12_13_02_37,synthetic,steps,100,False,False,2025_12_13_02_37,middlebury,5000,163336.80000000002,32.66736,5,0.4466338328003947,0.0343143602757759,0.965685639724224,5.0,,,,,,,,,,0.18012557786284678,0.2982929854977204,0.7017070145022797,5.0,,,,,,,,,,,,,,,,,,,,,,,0.0608222782611846,0.0544390268623828,,,,,,,,,,,,,,,,,,,,,,,,,,,,,-0.21428083631544995,-3.3372744230466904,3.337274423046689,-1.5154969223595938,-0.8554397823300389,0.8554397823300391,,,,1.9837666666666667,30.683593333333334,spair,FF,11.0
snapshots/synthetic_steps100_pretrainedFalse_freezeFalse_2025_12_13_02_37,synthetic_steps100_pretrainedFalse_freezeFalse_2025_12_13_02_37,synthetic,steps,100,False,False,2025_12_13_02_37,pfpascal,5000,53181.149999999994,10.63623,5,0.3785796296032772,0.2284647604884784,0.7715352395115216,5.0,,,,,,,,,,0.21161235437928508,0.13800787346141738,0.8619921265385826,5.0,,,,,,,,,,,,,,,,,,,,,,,0.0083531513810157,0.0763168632984161,,,,,,,,,,,,,,,,,,,,,,,,,,,,,-0.49558134508428037,-1.2170003699950405,1.2170003699950407,-1.3152338211487486,-1.8319353990780933,1.831935399078093,,,,1.9410966666666667,8.695133333333333,spair,FF,18.0
snapshots/synthetic_steps100_pretrainedFalse_freezeFalse_2025_12_13_02_37,synthetic_steps100_pretrainedFalse_freezeFalse_2025_12_13_02_37,synthetic,steps,100,False,False,2025_12_13_02_37,pfwillow,5000,55755.65,11.15113,5,0.37303527910389916,0.1254768631715489,0.8745231368284511,5.0,,,,,,,,,,0.22166907499491065,0.10703003507019515,0.8929699649298048,5.0,,,,,,,,,,,,,,,,,,,,,,,0.0377955436706543,0.0992852747440338,,,,,,,,,,,,,,,,,,,,,,,,,,,,,-0.5192172753173027,-1.941557366939586,1.9415573669395858,-1.255966170650805,-2.1214434497504775,2.1214434497504775,,,,3.3644433333333335,7.786686666666666,spair,FF,15.0
snapshots/synthetic_steps100_pretrainedFalse_freezeFalse_2025_12_13_02_37,synthetic_steps100_pretrainedFalse_freezeFalse_2025_12_13_02_37,synthetic,steps,100,False,False,2025_12_13_02_37,pointodyssey,5000,152970.65000000002,30.594130000000003,5,0.4912138413772169,0.010175694422755902,0.9898243055772441,5.0,,,,,,,,,,0.11988614315060553,0.35932962604398555,0.6406703739560144,5.0,,,,,,,,,,,,,,,,,,,,,,,0.2314427942037582,0.0507900267839431,,,,,,,,,,,,,,,,,,,,,,,,,,,,,-0.035148252555755474,-4.577525481328662,4.577525481328662,-1.993508796585021,-0.5782749418414258,0.5782749418414258,,,,2.2678866666666666,28.326243333333338,spair,FF,17.0
snapshots/synthetic_steps100_pretrainedFalse_freezeFalse_2025_12_13_02_37,synthetic_steps100_pretrainedFalse_freezeFalse_2025_12_13_02_37,synthetic,steps,100,False,False,2025_12_13_02_37,spair,5000,15078.15,3.01563,5,0.23179232479557202,0.21434965011751103,0.7856503498824889,5.0,,,,,,,,,,0.242875389943555,0.13177144685476078,0.8682285531452392,5.0,,,,,,,,,,,,,,,,,,,,,,,0.0492104887962341,0.074993222951889,,,,,,,,,,,,,,,,,,,,,,,,,,,,,-1.1982182879802863,-1.2989032852300706,1.2989032852300704,-1.1369793370408483,-1.8853860314256177,1.8853860314256172,,,,2.0635033333333332,0.9521266666666666,spair,FF,21.0
snapshots/synthetic_steps100_pretrainedFalse_freezeFalse_2025_12_13_02_37,synthetic_steps100_pretrainedFalse_freezeFalse_2025_12_13_02_37,synthetic,steps,100,False,False,2025_12_13_02_37,synthetic,5000,84399.45,16.87989,5,,,,,,,,,,,,,,,,,,,,,,,,,,,,,,,,,,,,,,,,0.0001320896990364,1.9195422282791696e-05,,,,,,,,,,,,,,,,,,,,,,,,,,,,,,,,,,,,,,2.400183333333333,14.479706666666667,spair,FF,19.0
snapshots/synthetic_steps100_pretrainedFalse_freezeFalse_2025_12_13_02_37,synthetic_steps100_pretrainedFalse_freezeFalse_2025_12_13_02_37,synthetic,steps,100,False,False,2025_12_13_02_37,tss,5000,110802.35,22.16047,5,0.39963213325564284,0.17775061762759545,0.8222493823724045,5.0,,,,,,,,,,0.21397587673841392,0.25681081725856736,0.7431891827414326,5.0,,,,,,,,,,,,,,,,,,,,,,,0.0533548071980476,0.0534184537827968,,,,,,,,,,,,,,,,,,,,,,,,,,,,,-0.4069981214867718,-1.531662190550104,1.531662190550104,-1.3011241999843215,-1.062610938207489,1.062610938207489,,,,3.624926666666667,18.535543333333333,spair,FF,18.0
snapshots/synthetic_steps100_pretrainedTrue_freezeFalse_2025_12_11_05_11,synthetic_steps100_pretrainedTrue_freezeFalse_2025_12_11_05_11,synthetic,steps,100,True,False,2025_12_11_05_11,flyingthings,5000,176812.80000000002,35.36256,3,0.3887234331271549,0.24165226079032764,0.7583477392096724,5.0,,,,,,,,,,0.19842097280342846,0.19214681375361753,0.8078531862463825,5.0,,,,,,,,,,,,,,,,,,,,,,,0.012629060074687,0.0583002083003521,,,,,,,,,,,,,,,,,,,,,,,,,,,,,-0.4526813810957833,-1.1436422854095074,1.1436422854095074,-1.3961926673527973,-1.4361206070266197,1.4361206070266197,,,,48.23252,-12.869959999999999,spair,TF,2.0
snapshots/synthetic_steps100_pretrainedTrue_freezeFalse_2025_12_11_05_11,synthetic_steps100_pretrainedTrue_freezeFalse_2025_12_11_05_11,synthetic,steps,100,True,False,2025_12_11_05_11,kitti2012,5000,191825.5,38.3651,3,0.5203726518529079,0.031169905177188713,0.9688300948228112,5.0,,,,,,,,,,0.1871444501750091,0.10946487188175855,0.8905351281182414,5.0,,,,,,,,,,,,,,,,,,,,,,,0.3184729814529419,0.0627022311091423,,,,,,,,,,,,,,,,,,,,,,,,,,,,,0.08153574873853532,-3.4366362041198126,3.4366362041198113,-1.4686726387804356,-2.0962188565309527,2.0962188565309527,,,,59.49418666666667,-21.129086666666673,spair,TF,1.0
snapshots/synthetic_steps100_pretrainedTrue_freezeFalse_2025_12_11_05_11,synthetic_steps100_pretrainedTrue_freezeFalse_2025_12_11_05_11,synthetic,steps,100,True,False,2025_12_11_05_11,kitti2015,5000,191020.8,38.204159999999995,3,,,,,,,,,,,,,,,,,,,,,,,,,,,,,,,,,,,,,,,,0.3206137716770172,0.0596625059843063,,,,,,,,,,,,,,,,,,,,,,,,,,,,,,,,,,,,,,62.48625333333334,-24.282093333333343,spair,TF,1.0
snapshots/synthetic_steps100_pretrainedTrue_freezeFalse_2025_12_11_05_11,synthetic_steps100_pretrainedTrue_freezeFalse_2025_12_11_05_11,synthetic,steps,100,True,False,2025_12_11_05_11,middlebury,5000,105052.65,21.01053,3,0.4466338328003947,0.0343143602757759,0.965685639724224,5.0,,,,,,,,,,0.18012557786284678,0.2982929854977204,0.7017070145022797,5.0,,,,,,,,,,,,,,,,,,,,,,,0.0608222782611846,0.0544390268623828,,,,,,,,,,,,,,,,,,,,,,,,,,,,,-0.21428083631544995,-3.3372744230466904,3.337274423046689,-1.5154969223595938,-0.8554397823300389,0.8554397823300391,,,,34.53024666666666,-13.519716666666664,spair,TF,2.0
snapshots/synthetic_steps100_pretrainedTrue_freezeFalse_2025_12_11_05_11,synthetic_steps100_pretrainedTrue_freezeFalse_2025_12_11_05_11,synthetic,steps,100,True,False,2025_12_11_05_11,pfpascal,5000,68090.04999999999,13.618009999999998,3,0.3785796296032772,0.2284647604884784,0.7715352395115216,5.0,,,,,,,,,,0.21161235437928508,0.13800787346141738,0.8619921265385826,5.0,,,,,,,,,,,,,,,,,,,,,,,0.0083531513810157,0.0763168632984161,,,,,,,,,,,,,,,,,,,,,,,,,,,,,-0.49558134508428037,-1.2170003699950405,1.2170003699950407,-1.3152338211487486,-1.8319353990780933,1.831935399078093,,,,23.19225,-9.574240000000003,spair,TF,1.0
snapshots/synthetic_steps100_pretrainedTrue_freezeFalse_2025_12_11_05_11,synthetic_steps100_pretrainedTrue_freezeFalse_2025_12_11_05_11,synthetic,steps,100,True,False,2025_12_11_05_11,pfwillow,5000,67900.05000000002,13.580010000000003,3,0.37303527910389916,0.1254768631715489,0.8745231368284511,5.0,,,,,,,,,,0.22166907499491065,0.10703003507019515,0.8929699649298048,5.0,,,,,,,,,,,,,,,,,,,,,,,0.0377955436706543,0.0992852747440338,,,,,,,,,,,,,,,,,,,,,,,,,,,,,-0.5192172753173027,-1.941557366939586,1.9415573669395858,-1.255966170650805,-2.1214434497504775,2.1214434497504775,,,,27.67815333333333,-14.098143333333327,spair,TF,1.0
snapshots/synthetic_steps100_pretrainedTrue_freezeFalse_2025_12_11_05_11,synthetic_steps100_pretrainedTrue_freezeFalse_2025_12_11_05_11,synthetic,steps,100,True,False,2025_12_11_05_11,pointodyssey,5000,86512.35,17.30247,3,0.4912138413772169,0.010175694422755902,0.9898243055772441,5.0,,,,,,,,,,0.11988614315060553,0.35932962604398555,0.6406703739560144,5.0,,,,,,,,,,,,,,,,,,,,,,,0.2314427942037582,0.0507900267839431,,,,,,,,,,,,,,,,,,,,,,,,,,,,,-0.035148252555755474,-4.577525481328662,4.577525481328662,-1.993508796585021,-0.5782749418414258,0.5782749418414258,,,,24.839123333333333,-7.536653333333334,spair,TF,1.0
snapshots/synthetic_steps100_pretrainedTrue_freezeFalse_2025_12_11_05_11,synthetic_steps100_pretrainedTrue_freezeFalse_2025_12_11_05_11,synthetic,steps,100,True,False,2025_12_11_05_11,spair,5000,43538.7,8.70774,3,0.23179232479557202,0.21434965011751103,0.7856503498824889,5.0,,,,,,,,,,0.242875389943555,0.13177144685476078,0.8682285531452392,5.0,,,,,,,,,,,,,,,,,,,,,,,0.0492104887962341,0.074993222951889,,,,,,,,,,,,,,,,,,,,,,,,,,,,,-1.1982182879802863,-1.2989032852300706,1.2989032852300704,-1.1369793370408483,-1.8853860314256177,1.8853860314256172,,,,16.234553333333334,-7.526813333333335,spair,TF,4.0
snapshots/synthetic_steps100_pretrainedTrue_freezeFalse_2025_12_11_05_11,synthetic_steps100_pretrainedTrue_freezeFalse_2025_12_11_05_11,synthetic,steps,100,True,False,2025_12_11_05_11,synthetic,5000,147840.65000000002,29.568130000000004,3,,,,,,,,,,,,,,,,,,,,,,,,,,,,,,,,,,,,,,,,0.0001320896990364,1.9195422282791696e-05,,,,,,,,,,,,,,,,,,,,,,,,,,,,,,,,,,,,,,25.490916666666667,4.0772133333333365,spair,TF,9.0
snapshots/synthetic_steps100_pretrainedTrue_freezeFalse_2025_12_11_05_11,synthetic_steps100_pretrainedTrue_freezeFalse_2025_12_11_05_11,synthetic,steps,100,True,False,2025_12_11_05_11,tss,5000,123737.95,24.74759,3,0.39963213325564284,0.17775061762759545,0.8222493823724045,5.0,,,,,,,,,,0.21397587673841392,0.25681081725856736,0.7431891827414326,5.0,,,,,,,,,,,,,,,,,,,,,,,0.0533548071980476,0.0534184537827968,,,,,,,,,,,,,,,,,,,,,,,,,,,,,-0.4069981214867718,-1.531662190550104,1.531662190550104,-1.3011241999843215,-1.062610938207489,1.062610938207489,,,,39.87302333333333,-15.12543333333333,spair,TF,1.0
snapshots/synthetic_steps100_pretrainedTrue_freezeFalse_2025_12_12_23_46,synthetic_steps100_pretrainedTrue_freezeFalse_2025_12_12_23_46,synthetic,steps,100,True,False,2025_12_12_23_46,flyingthings,5000,178833.5,35.7667,3,0.3887234331271549,0.24165226079032764,0.7583477392096724,5.0,,,,,,,,,,0.19842097280342846,0.19214681375361753,0.8078531862463825,5.0,,,,,,,,,,,,,,,,,,,,,,,0.012629060074687,0.0583002083003521,,,,,,,,,,,,,,,,,,,,,,,,,,,,,-0.4526813810957833,-1.1436422854095074,1.1436422854095074,-1.3961926673527973,-1.4361206070266197,1.4361206070266197,,,,48.23252,-12.46582,spair,TF,4.0
snapshots/synthetic_steps100_pretrainedTrue_freezeFalse_2025_12_12_23_46,synthetic_steps100_pretrainedTrue_freezeFalse_2025_12_12_23_46,synthetic,steps,100,True,False,2025_12_12_23_46,kitti2012,5000,194521.8,38.90436,3,0.5203726518529079,0.031169905177188713,0.9688300948228112,5.0,,,,,,,,,,0.1871444501750091,0.10946487188175855,0.8905351281182414,5.0,,,,,,,,,,,,,,,,,,,,,,,0.3184729814529419,0.0627022311091423,,,,,,,,,,,,,,,,,,,,,,,,,,,,,0.08153574873853532,-3.4366362041198126,3.4366362041198113,-1.4686726387804356,-2.0962188565309527,2.0962188565309527,,,,59.49418666666667,-20.589826666666674,spair,TF,3.0
snapshots/synthetic_steps100_pretrainedTrue_freezeFalse_2025_12_12_23_46,synthetic_steps100_pretrainedTrue_freezeFalse_2025_12_12_23_46,synthetic,steps,100,True,False,2025_12_12_23_46,kitti2015,5000,192609.8,38.52196,3,,,,,,,,,,,,,,,,,,,,,,,,,,,,,,,,,,,,,,,,0.3206137716770172,0.0596625059843063,,,,,,,,,,,,,,,,,,,,,,,,,,,,,,,,,,,,,,62.48625333333334,-23.964293333333337,spair,TF,3.0
snapshots/synthetic_steps100_pretrainedTrue_freezeFalse_2025_12_12_23_46,synthetic_steps100_pretrainedTrue_freezeFalse_2025_12_12_23_46,synthetic,steps,100,True,False,2025_12_12_23_46,middlebury,5000,107176.70000000001,21.435340000000004,3,0.4466338328003947,0.0343143602757759,0.965685639724224,5.0,,,,,,,,,,0.18012557786284678,0.2982929854977204,0.7017070145022797,5.0,,,,,,,,,,,,,,,,,,,,,,,0.0608222782611846,0.0544390268623828,,,,,,,,,,,,,,,,,,,,,,,,,,,,,-0.21428083631544995,-3.3372744230466904,3.337274423046689,-1.5154969223595938,-0.8554397823300389,0.8554397823300391,,,,34.53024666666666,-13.09490666666666,spair,TF,4.0
snapshots/synthetic_steps100_pretrainedTrue_freezeFalse_2025_12_12_23_46,synthetic_steps100_pretrainedTrue_freezeFalse_2025_12_12_23_46,synthetic,steps,100,True,False,2025_12_12_23_46,pfpascal,5000,91229.09999999999,18.24582,3,0.3785796296032772,0.2284647604884784,0.7715352395115216,5.0,,,,,,,,,,0.21161235437928508,0.13800787346141738,0.8619921265385826,5.0,,,,,,,,,,,,,,,,,,,,,,,0.0083531513810157,0.0763168632984161,,,,,,,,,,,,,,,,,,,,,,,,,,,,,-0.49558134508428037,-1.2170003699950405,1.2170003699950407,-1.3152338211487486,-1.8319353990780933,1.831935399078093,,,,23.19225,-4.946430000000003,spair,TF,5.0
snapshots/synthetic_steps100_pretrainedTrue_freezeFalse_2025_12_12_23_46,synthetic_steps100_pretrainedTrue_freezeFalse_2025_12_12_23_46,synthetic,steps,100,True,False,2025_12_12_23_46,pfwillow,5000,99761.15,19.95223,3,0.37303527910389916,0.1254768631715489,0.8745231368284511,5.0,,,,,,,,,,0.22166907499491065,0.10703003507019515,0.8929699649298048,5.0,,,,,,,,,,,,,,,,,,,,,,,0.0377955436706543,0.0992852747440338,,,,,,,,,,,,,,,,,,,,,,,,,,,,,-0.5192172753173027,-1.941557366939586,1.9415573669395858,-1.255966170650805,-2.1214434497504775,2.1214434497504775,,,,27.67815333333333,-7.725923333333331,spair,TF,4.0
snapshots/synthetic_steps100_pretrainedTrue_freezeFalse_2025_12_12_23_46,synthetic_steps100_pretrainedTrue_freezeFalse_2025_12_12_23_46,synthetic,steps,100,True,False,2025_12_12_23_46,pointodyssey,5000,89910.5,17.9821,3,0.4912138413772169,0.010175694422755902,0.9898243055772441,5.0,,,,,,,,,,0.11988614315060553,0.35932962604398555,0.6406703739560144,5.0,,,,,,,,,,,,,,,,,,,,,,,0.2314427942037582,0.0507900267839431,,,,,,,,,,,,,,,,,,,,,,,,,,,,,-0.035148252555755474,-4.577525481328662,4.577525481328662,-1.993508796585021,-0.5782749418414258,0.5782749418414258,,,,24.839123333333333,-6.857023333333334,spair,TF,3.0
snapshots/synthetic_steps100_pretrainedTrue_freezeFalse_2025_12_12_23_46,synthetic_steps100_pretrainedTrue_freezeFalse_2025_12_12_23_46,synthetic,steps,100,True,False,2025_12_12_23_46,spair,5000,41273.95,8.25479,3,0.23179232479557202,0.21434965011751103,0.7856503498824889,5.0,,,,,,,,,,0.242875389943555,0.13177144685476078,0.8682285531452392,5.0,,,,,,,,,,,,,,,,,,,,,,,0.0492104887962341,0.074993222951889,,,,,,,,,,,,,,,,,,,,,,,,,,,,,-1.1982182879802863,-1.2989032852300706,1.2989032852300704,-1.1369793370408483,-1.8853860314256177,1.8853860314256172,,,,16.234553333333334,-7.979763333333334,spair,TF,2.0
snapshots/synthetic_steps100_pretrainedTrue_freezeFalse_2025_12_12_23_46,synthetic_steps100_pretrainedTrue_freezeFalse_2025_12_12_23_46,synthetic,steps,100,True,False,2025_12_12_23_46,synthetic,5000,101790.1,20.35802,3,,,,,,,,,,,,,,,,,,,,,,,,,,,,,,,,,,,,,,,,0.0001320896990364,1.9195422282791696e-05,,,,,,,,,,,,,,,,,,,,,,,,,,,,,,,,,,,,,,25.490916666666667,-5.132896666666667,spair,TF,2.0
snapshots/synthetic_steps100_pretrainedTrue_freezeFalse_2025_12_12_23_46,synthetic_steps100_pretrainedTrue_freezeFalse_2025_12_12_23_46,synthetic,steps,100,True,False,2025_12_12_23_46,tss,5000,130985.95000000001,26.197190000000003,3,0.39963213325564284,0.17775061762759545,0.8222493823724045,5.0,,,,,,,,,,0.21397587673841392,0.25681081725856736,0.7431891827414326,5.0,,,,,,,,,,,,,,,,,,,,,,,0.0533548071980476,0.0534184537827968,,,,,,,,,,,,,,,,,,,,,,,,,,,,,-0.4069981214867718,-1.531662190550104,1.531662190550104,-1.3011241999843215,-1.062610938207489,1.062610938207489,,,,39.87302333333333,-13.675833333333326,spair,TF,2.0
snapshots/synthetic_steps100_pretrainedTrue_freezeTrue_2025_12_11_05_11,synthetic_steps100_pretrainedTrue_freezeTrue_2025_12_11_05_11,synthetic,steps,100,True,True,2025_12_11_05_11,flyingthings,5000,174781.8,34.95636,3,0.3887234331271549,0.24165226079032764,0.7583477392096724,5.0,,,,,,,,,,0.19842097280342846,0.19214681375361753,0.8078531862463825,5.0,,,,,,,,,,,,,,,,,,,,,,,0.012629060074687,0.0583002083003521,,,,,,,,,,,,,,,,,,,,,,,,,,,,,-0.4526813810957833,-1.1436422854095074,1.1436422854095074,-1.3961926673527973,-1.4361206070266197,1.4361206070266197,,,,53.90556,-18.949200000000005,spair,TT,1.0
snapshots/synthetic_steps100_pretrainedTrue_freezeTrue_2025_12_11_05_11,synthetic_steps100_pretrainedTrue_freezeTrue_2025_12_11_05_11,synthetic,steps,100,True,True,2025_12_11_05_11,kitti2012,5000,190984.90000000002,38.19698,3,0.5203726518529079,0.031169905177188713,0.9688300948228112,5.0,,,,,,,,,,0.1871444501750091,0.10946487188175855,0.8905351281182414,5.0,,,,,,,,,,,,,,,,,,,,,,,0.3184729814529419,0.0627022311091423,,,,,,,,,,,,,,,,,,,,,,,,,,,,,0.08153574873853532,-3.4366362041198126,3.4366362041198113,-1.4686726387804356,-2.0962188565309527,2.0962188565309527,,,,64.06846666666667,-25.871486666666662,spair,TT,2.0
snapshots/synthetic_steps100_pretrainedTrue_freezeTrue_2025_12_11_05_11,synthetic_steps100_pretrainedTrue_freezeTrue_2025_12_11_05_11,synthetic,steps,100,True,True,2025_12_11_05_11,kitti2015,5000,190562.2,38.11244,3,,,,,,,,,,,,,,,,,,,,,,,,,,,,,,,,,,,,,,,,0.3206137716770172,0.0596625059843063,,,,,,,,,,,,,,,,,,,,,,,,,,,,,,,,,,,,,,65.10567999999999,-26.993239999999993,spair,TT,2.0
snapshots/synthetic_steps100_pretrainedTrue_freezeTrue_2025_12_11_05_11,synthetic_steps100_pretrainedTrue_freezeTrue_2025_12_11_05_11,synthetic,steps,100,True,True,2025_12_11_05_11,middlebury,5000,106042.29999999999,21.20846,3,0.4466338328003947,0.0343143602757759,0.965685639724224,5.0,,,,,,,,,,0.18012557786284678,0.2982929854977204,0.7017070145022797,5.0,,,,,,,,,,,,,,,,,,,,,,,0.0608222782611846,0.0544390268623828,,,,,,,,,,,,,,,,,,,,,,,,,,,,,-0.21428083631544995,-3.3372744230466904,3.337274423046689,-1.5154969223595938,-0.8554397823300389,0.8554397823300391,,,,37.7005,-16.49204,spair,TT,3.0
snapshots/synthetic_steps100_pretrainedTrue_freezeTrue_2025_12_11_05_11,synthetic_steps100_pretrainedTrue_freezeTrue_2025_12_11_05_11,synthetic,steps,100,True,True,2025_12_11_05_11,pfpascal,5000,69886.25,13.97725,3,0.3785796296032772,0.2284647604884784,0.7715352395115216,5.0,,,,,,,,,,0.21161235437928508,0.13800787346141738,0.8619921265385826,5.0,,,,,,,,,,,,,,,,,,,,,,,0.0083531513810157,0.0763168632984161,,,,,,,,,,,,,,,,,,,,,,,,,,,,,-0.49558134508428037,-1.2170003699950405,1.2170003699950407,-1.3152338211487486,-1.8319353990780933,1.831935399078093,,,,27.819223333333337,-13.841973333333337,spair,TT,2.0
snapshots/synthetic_steps100_pretrainedTrue_freezeTrue_2025_12_11_05_11,synthetic_steps100_pretrainedTrue_freezeTrue_2025_12_11_05_11,synthetic,steps,100,True,True,2025_12_11_05_11,pfwillow,5000,67427.75,13.48555,3,0.37303527910389916,0.1254768631715489,0.8745231368284511,5.0,,,,,,,,,,0.22166907499491065,0.10703003507019515,0.8929699649298048,5.0,,,,,,,,,,,,,,,,,,,,,,,0.0377955436706543,0.0992852747440338,,,,,,,,,,,,,,,,,,,,,,,,,,,,,-0.5192172753173027,-1.941557366939586,1.9415573669395858,-1.255966170650805,-2.1214434497504775,2.1214434497504775,,,,32.30222,-18.81667,spair,TT,2.0
snapshots/synthetic_steps100_pretrainedTrue_freezeTrue_2025_12_11_05_11,synthetic_steps100_pretrainedTrue_freezeTrue_2025_12_11_05_11,synthetic,steps,100,True,True,2025_12_11_05_11,pointodyssey,5000,106236.3,21.24726,3,0.4912138413772169,0.010175694422755902,0.9898243055772441,5.0,,,,,,,,,,0.11988614315060553,0.35932962604398555,0.6406703739560144,5.0,,,,,,,,,,,,,,,,,,,,,,,0.2314427942037582,0.0507900267839431,,,,,,,,,,,,,,,,,,,,,,,,,,,,,-0.035148252555755474,-4.577525481328662,4.577525481328662,-1.993508796585021,-0.5782749418414258,0.5782749418414258,,,,24.515383333333332,-3.2681233333333317,spair,TT,5.0
snapshots/synthetic_steps100_pretrainedTrue_freezeTrue_2025_12_11_05_11,synthetic_steps100_pretrainedTrue_freezeTrue_2025_12_11_05_11,synthetic,steps,100,True,True,2025_12_11_05_11,spair,5000,47635.25,9.52705,3,0.23179232479557202,0.21434965011751103,0.7856503498824889,5.0,,,,,,,,,,0.242875389943555,0.13177144685476078,0.8682285531452392,5.0,,,,,,,,,,,,,,,,,,,,,,,0.0492104887962341,0.074993222951889,,,,,,,,,,,,,,,,,,,,,,,,,,,,,-1.1982182879802863,-1.2989032852300706,1.2989032852300704,-1.1369793370408483,-1.8853860314256177,1.8853860314256172,,,,19.357693333333334,-9.830643333333335,spair,TT,6.0
snapshots/synthetic_steps100_pretrainedTrue_freezeTrue_2025_12_11_05_11,synthetic_steps100_pretrainedTrue_freezeTrue_2025_12_11_05_11,synthetic,steps,100,True,True,2025_12_11_05_11,synthetic,5000,135181.34999999998,27.036269999999995,3,,,,,,,,,,,,,,,,,,,,,,,,,,,,,,,,,,,,,,,,0.0001320896990364,1.9195422282791696e-05,,,,,,,,,,,,,,,,,,,,,,,,,,,,,,,,,,,,,,29.962760000000003,-2.9264900000000083,spair,TT,7.0
snapshots/synthetic_steps100_pretrainedTrue_freezeTrue_2025_12_11_05_11,synthetic_steps100_pretrainedTrue_freezeTrue_2025_12_11_05_11,synthetic,steps,100,True,True,2025_12_11_05_11,tss,5000,129087.7,25.81754,3,0.39963213325564284,0.17775061762759545,0.8222493823724045,5.0,,,,,,,,,,0.21397587673841392,0.25681081725856736,0.7431891827414326,5.0,,,,,,,,,,,,,,,,,,,,,,,0.0533548071980476,0.0534184537827968,,,,,,,,,,,,,,,,,,,,,,,,,,,,,-0.4069981214867718,-1.531662190550104,1.531662190550104,-1.3011241999843215,-1.062610938207489,1.062610938207489,,,,43.74900333333333,-17.931463333333326,spair,TT,4.0
snapshots/synthetic_steps100_pretrainedTrue_freezeTrue_2025_12_12_23_46,synthetic_steps100_pretrainedTrue_freezeTrue_2025_12_12_23_46,synthetic,steps,100,True,True,2025_12_12_23_46,flyingthings,5000,178126.7,35.62534,3,0.3887234331271549,0.24165226079032764,0.7583477392096724,5.0,,,,,,,,,,0.19842097280342846,0.19214681375361753,0.8078531862463825,5.0,,,,,,,,,,,,,,,,,,,,,,,0.012629060074687,0.0583002083003521,,,,,,,,,,,,,,,,,,,,,,,,,,,,,-0.4526813810957833,-1.1436422854095074,1.1436422854095074,-1.3961926673527973,-1.4361206070266197,1.4361206070266197,,,,53.90556,-18.28022,spair,TT,5.0
snapshots/synthetic_steps100_pretrainedTrue_freezeTrue_2025_12_12_23_46,synthetic_steps100_pretrainedTrue_freezeTrue_2025_12_12_23_46,synthetic,steps,100,True,True,2025_12_12_23_46,kitti2012,5000,193728.5,38.7457,3,0.5203726518529079,0.031169905177188713,0.9688300948228112,5.0,,,,,,,,,,0.1871444501750091,0.10946487188175855,0.8905351281182414,5.0,,,,,,,,,,,,,,,,,,,,,,,0.3184729814529419,0.0627022311091423,,,,,,,,,,,,,,,,,,,,,,,,,,,,,0.08153574873853532,-3.4366362041198126,3.4366362041198113,-1.4686726387804356,-2.0962188565309527,2.0962188565309527,,,,64.06846666666667,-25.322766666666666,spair,TT,3.0
snapshots/synthetic_steps100_pretrainedTrue_freezeTrue_2025_12_12_23_46,synthetic_steps100_pretrainedTrue_freezeTrue_2025_12_12_23_46,synthetic,steps,100,True,True,2025_12_12_23_46,kitti2015,5000,191779.59999999998,38.35592,3,,,,,,,,,,,,,,,,,,,,,,,,,,,,,,,,,,,,,,,,0.3206137716770172,0.0596625059843063,,,,,,,,,,,,,,,,,,,,,,,,,,,,,,,,,,,,,,65.10567999999999,-26.749759999999995,spair,TT,3.0
snapshots/synthetic_steps100_pretrainedTrue_freezeTrue_2025_12_12_23_46,synthetic_steps100_pretrainedTrue_freezeTrue_2025_12_12_23_46,synthetic,steps,100,True,True,2025_12_12_23_46,middlebury,5000,106942.95,21.38859,3,0.4466338328003947,0.0343143602757759,0.965685639724224,5.0,,,,,,,,,,0.18012557786284678,0.2982929854977204,0.7017070145022797,5.0,,,,,,,,,,,,,,,,,,,,,,,0.0608222782611846,0.0544390268623828,,,,,,,,,,,,,,,,,,,,,,,,,,,,,-0.21428083631544995,-3.3372744230466904,3.337274423046689,-1.5154969223595938,-0.8554397823300389,0.8554397823300391,,,,37.7005,-16.311909999999997,spair,TT,5.0
snapshots/synthetic_steps100_pretrainedTrue_freezeTrue_2025_12_12_23_46,synthetic_steps100_pretrainedTrue_freezeTrue_2025_12_12_23_46,synthetic,steps,100,True,True,2025_12_12_23_46,pfpascal,5000,95721.05,19.14421,3,0.3785796296032772,0.2284647604884784,0.7715352395115216,5.0,,,,,,,,,,0.21161235437928508,0.13800787346141738,0.8619921265385826,5.0,,,,,,,,,,,,,,,,,,,,,,,0.0083531513810157,0.0763168632984161,,,,,,,,,,,,,,,,,,,,,,,,,,,,,-0.49558134508428037,-1.2170003699950405,1.2170003699950407,-1.3152338211487486,-1.8319353990780933,1.831935399078093,,,,27.819223333333337,-8.675013333333336,spair,TT,6.0
snapshots/synthetic_steps100_pretrainedTrue_freezeTrue_2025_12_12_23_46,synthetic_steps100_pretrainedTrue_freezeTrue_2025_12_12_23_46,synthetic,steps,100,True,True,2025_12_12_23_46,pfwillow,5000,99716.6,19.94332,3,0.37303527910389916,0.1254768631715489,0.8745231368284511,5.0,,,,,,,,,,0.22166907499491065,0.10703003507019515,0.8929699649298048,5.0,,,,,,,,,,,,,,,,,,,,,,,0.0377955436706543,0.0992852747440338,,,,,,,,,,,,,,,,,,,,,,,,,,,,,-0.5192172753173027,-1.941557366939586,1.9415573669395858,-1.255966170650805,-2.1214434497504775,2.1214434497504775,,,,32.30222,-12.358899999999998,spair,TT,4.0
snapshots/synthetic_steps100_pretrainedTrue_freezeTrue_2025_12_12_23_46,synthetic_steps100_pretrainedTrue_freezeTrue_2025_12_12_23_46,synthetic,steps,100,True,True,2025_12_12_23_46,pointodyssey,5000,92424.55,18.48491,3,0.4912138413772169,0.010175694422755902,0.9898243055772441,5.0,,,,,,,,,,0.11988614315060553,0.35932962604398555,0.6406703739560144,5.0,,,,,,,,,,,,,,,,,,,,,,,0.2314427942037582,0.0507900267839431,,,,,,,,,,,,,,,,,,,,,,,,,,,,,-0.035148252555755474,-4.577525481328662,4.577525481328662,-1.993508796585021,-0.5782749418414258,0.5782749418414258,,,,24.515383333333332,-6.030473333333333,spair,TT,4.0
snapshots/synthetic_steps100_pretrainedTrue_freezeTrue_2025_12_12_23_46,synthetic_steps100_pretrainedTrue_freezeTrue_2025_12_12_23_46,synthetic,steps,100,True,True,2025_12_12_23_46,spair,5000,44432.3,8.886460000000001,3,0.23179232479557202,0.21434965011751103,0.7856503498824889,5.0,,,,,,,,,,0.242875389943555,0.13177144685476078,0.8682285531452392,5.0,,,,,,,,,,,,,,,,,,,,,,,0.0492104887962341,0.074993222951889,,,,,,,,,,,,,,,,,,,,,,,,,,,,,-1.1982182879802863,-1.2989032852300706,1.2989032852300704,-1.1369793370408483,-1.8853860314256177,1.8853860314256172,,,,19.357693333333334,-10.471233333333332,spair,TT,3.0
snapshots/synthetic_steps100_pretrainedTrue_freezeTrue_2025_12_12_23_46,synthetic_steps100_pretrainedTrue_freezeTrue_2025_12_12_23_46,synthetic,steps,100,True,True,2025_12_12_23_46,synthetic,5000,94128.15,18.82563,3,,,,,,,,,,,,,,,,,,,,,,,,,,,,,,,,,,,,,,,,0.0001320896990364,1.9195422282791696e-05,,,,,,,,,,,,,,,,,,,,,,,,,,,,,,,,,,,,,,29.962760000000003,-11.137130000000003,spair,TT,1.0
snapshots/synthetic_steps100_pretrainedTrue_freezeTrue_2025_12_12_23_46,synthetic_steps100_pretrainedTrue_freezeTrue_2025_12_12_23_46,synthetic,steps,100,True,True,2025_12_12_23_46,tss,5000,127698.5,25.5397,3,0.39963213325564284,0.17775061762759545,0.8222493823724045,5.0,,,,,,,,,,0.21397587673841392,0.25681081725856736,0.7431891827414326,5.0,,,,,,,,,,,,,,,,,,,,,,,0.0533548071980476,0.0534184537827968,,,,,,,,,,,,,,,,,,,,,,,,,,,,,-0.4069981214867718,-1.531662190550104,1.531662190550104,-1.3011241999843215,-1.062610938207489,1.062610938207489,,,,43.74900333333333,-18.209303333333327,spair,TT,2.0
