run_id,run_name,train_dataset,step_tag,logsteps,pretrained,freeze,timestamp,benchmark,peak_pck,peak_training_steps,peak_epoch,final_pck,final_training_steps,final_epoch,drop_pck
snapshots/flyingthings_logsteps100_pretrainedFalse_freezeFalse_2025_12_10_06_22,flyingthings_logsteps100_pretrainedFalse_freezeFalse_2025_12_10_06_22,flyingthings,logsteps,100,False,False,2025_12_10_06_22,flyingthings,82.561,5000,50,82.561,5000,50,0.0
snapshots/flyingthings_logsteps100_pretrainedFalse_freezeFalse_2025_12_10_06_22,flyingthings_logsteps100_pretrainedFalse_freezeFalse_2025_12_10_06_22,flyingthings,logsteps,100,False,False,2025_12_10_06_22,kitti2012,92.2714,5000,50,92.2714,5000,50,0.0
snapshots/flyingthings_logsteps100_pretrainedFalse_freezeFalse_2025_12_10_06_22,flyingthings_logsteps100_pretrainedFalse_freezeFalse_2025_12_10_06_22,flyingthings,logsteps,100,False,False,2025_12_10_06_22,kitti2015,89.0915,4000,40,88.5221,5000,50,0.5694000000000017
snapshots/flyingthings_logsteps100_pretrainedFalse_freezeFalse_2025_12_10_06_22,flyingthings_logsteps100_pretrainedFalse_freezeFalse_2025_12_10_06_22,flyingthings,logsteps,100,False,False,2025_12_10_06_22,middlebury,52.9158,3000,30,52.5099,5000,50,0.4058999999999955
snapshots/flyingthings_logsteps100_pretrainedFalse_freezeFalse_2025_12_10_06_22,flyingthings_logsteps100_pretrainedFalse_freezeFalse_2025_12_10_06_22,flyingthings,logsteps,100,False,False,2025_12_10_06_22,pfpascal,15.4706,5000,50,15.4706,5000,50,0.0
snapshots/flyingthings_logsteps100_pretrainedFalse_freezeFalse_2025_12_10_06_22,flyingthings_logsteps100_pretrainedFalse_freezeFalse_2025_12_10_06_22,flyingthings,logsteps,100,False,False,2025_12_10_06_22,pfwillow,16.0444,3000,30,15.3222,5000,50,0.7221999999999991
snapshots/flyingthings_logsteps100_pretrainedFalse_freezeFalse_2025_12_10_06_22,flyingthings_logsteps100_pretrainedFalse_freezeFalse_2025_12_10_06_22,flyingthings,logsteps,100,False,False,2025_12_10_06_22,pointodyssey,73.1313,1000,10,25.9203,5000,50,47.211
snapshots/flyingthings_logsteps100_pretrainedFalse_freezeFalse_2025_12_10_06_22,flyingthings_logsteps100_pretrainedFalse_freezeFalse_2025_12_10_06_22,flyingthings,logsteps,100,False,False,2025_12_10_06_22,spair,3.4355,1000,10,3.1004,5000,50,0.3351000000000002
snapshots/flyingthings_logsteps100_pretrainedFalse_freezeFalse_2025_12_10_06_22,flyingthings_logsteps100_pretrainedFalse_freezeFalse_2025_12_10_06_22,flyingthings,logsteps,100,False,False,2025_12_10_06_22,synthetic,19.1313,4000,40,18.0913,5000,50,1.0399999999999991
snapshots/flyingthings_logsteps100_pretrainedFalse_freezeFalse_2025_12_10_06_22,flyingthings_logsteps100_pretrainedFalse_freezeFalse_2025_12_10_06_22,flyingthings,logsteps,100,False,False,2025_12_10_06_22,tss,29.7223,3000,30,28.2892,5000,50,1.4330999999999996
snapshots/flyingthings_logsteps100_pretrainedFalse_freezeTrue_2025_12_10_01_43,flyingthings_logsteps100_pretrainedFalse_freezeTrue_2025_12_10_01_43,flyingthings,logsteps,100,False,True,2025_12_10_01_43,flyingthings,83.5922,5000,50,83.5922,5000,50,0.0
snapshots/flyingthings_logsteps100_pretrainedFalse_freezeTrue_2025_12_10_01_43,flyingthings_logsteps100_pretrainedFalse_freezeTrue_2025_12_10_01_43,flyingthings,logsteps,100,False,True,2025_12_10_01_43,kitti2012,91.4841,4000,40,90.9932,5000,50,0.49089999999999634
snapshots/flyingthings_logsteps100_pretrainedFalse_freezeTrue_2025_12_10_01_43,flyingthings_logsteps100_pretrainedFalse_freezeTrue_2025_12_10_01_43,flyingthings,logsteps,100,False,True,2025_12_10_01_43,kitti2015,89.5185,5000,50,89.5185,5000,50,0.0
snapshots/flyingthings_logsteps100_pretrainedFalse_freezeTrue_2025_12_10_01_43,flyingthings_logsteps100_pretrainedFalse_freezeTrue_2025_12_10_01_43,flyingthings,logsteps,100,False,True,2025_12_10_01_43,middlebury,53.1656,3000,30,51.9631,5000,50,1.2025000000000006
snapshots/flyingthings_logsteps100_pretrainedFalse_freezeTrue_2025_12_10_01_43,flyingthings_logsteps100_pretrainedFalse_freezeTrue_2025_12_10_01_43,flyingthings,logsteps,100,False,True,2025_12_10_01_43,pfpascal,16.1535,4000,40,14.6409,5000,50,1.5126000000000008
snapshots/flyingthings_logsteps100_pretrainedFalse_freezeTrue_2025_12_10_01_43,flyingthings_logsteps100_pretrainedFalse_freezeTrue_2025_12_10_01_43,flyingthings,logsteps,100,False,True,2025_12_10_01_43,pfwillow,18.8222,4000,40,16.8222,5000,50,2.0
snapshots/flyingthings_logsteps100_pretrainedFalse_freezeTrue_2025_12_10_01_43,flyingthings_logsteps100_pretrainedFalse_freezeTrue_2025_12_10_01_43,flyingthings,logsteps,100,False,True,2025_12_10_01_43,pointodyssey,60.0465,1000,10,26.9025,5000,50,33.144000000000005
snapshots/flyingthings_logsteps100_pretrainedFalse_freezeTrue_2025_12_10_01_43,flyingthings_logsteps100_pretrainedFalse_freezeTrue_2025_12_10_01_43,flyingthings,logsteps,100,False,True,2025_12_10_01_43,spair,3.8103,4000,40,3.2375,5000,50,0.5728
snapshots/flyingthings_logsteps100_pretrainedFalse_freezeTrue_2025_12_10_01_43,flyingthings_logsteps100_pretrainedFalse_freezeTrue_2025_12_10_01_43,flyingthings,logsteps,100,False,True,2025_12_10_01_43,synthetic,20.4803,5000,50,20.4803,5000,50,0.0
snapshots/flyingthings_logsteps100_pretrainedFalse_freezeTrue_2025_12_10_01_43,flyingthings_logsteps100_pretrainedFalse_freezeTrue_2025_12_10_01_43,flyingthings,logsteps,100,False,True,2025_12_10_01_43,tss,31.5037,3000,30,28.7637,5000,50,2.7399999999999984
snapshots/flyingthings_logsteps100_pretrainedTrue_freezeFalse_2025_12_10_01_43,flyingthings_logsteps100_pretrainedTrue_freezeFalse_2025_12_10_01_43,flyingthings,logsteps,100,True,False,2025_12_10_01_43,flyingthings,90.3851,4000,40,90.3236,5000,50,0.061499999999995225
snapshots/flyingthings_logsteps100_pretrainedTrue_freezeFalse_2025_12_10_01_43,flyingthings_logsteps100_pretrainedTrue_freezeFalse_2025_12_10_01_43,flyingthings,logsteps,100,True,False,2025_12_10_01_43,kitti2012,97.1232,5000,50,97.1232,5000,50,0.0
snapshots/flyingthings_logsteps100_pretrainedTrue_freezeFalse_2025_12_10_01_43,flyingthings_logsteps100_pretrainedTrue_freezeFalse_2025_12_10_01_43,flyingthings,logsteps,100,True,False,2025_12_10_01_43,kitti2015,95.2844,4000,40,95.0261,5000,50,0.2583000000000055
snapshots/flyingthings_logsteps100_pretrainedTrue_freezeFalse_2025_12_10_01_43,flyingthings_logsteps100_pretrainedTrue_freezeFalse_2025_12_10_01_43,flyingthings,logsteps,100,True,False,2025_12_10_01_43,middlebury,52.3433,1000,10,51.681,5000,50,0.6623000000000019
snapshots/flyingthings_logsteps100_pretrainedTrue_freezeFalse_2025_12_10_01_43,flyingthings_logsteps100_pretrainedTrue_freezeFalse_2025_12_10_01_43,flyingthings,logsteps,100,True,False,2025_12_10_01_43,pfpascal,50.1067,1000,10,36.138,5000,50,13.968699999999998
snapshots/flyingthings_logsteps100_pretrainedTrue_freezeFalse_2025_12_10_01_43,flyingthings_logsteps100_pretrainedTrue_freezeFalse_2025_12_10_01_43,flyingthings,logsteps,100,True,False,2025_12_10_01_43,pfwillow,53.7778,1000,10,41.2444,5000,50,12.5334
snapshots/flyingthings_logsteps100_pretrainedTrue_freezeFalse_2025_12_10_01_43,flyingthings_logsteps100_pretrainedTrue_freezeFalse_2025_12_10_01_43,flyingthings,logsteps,100,True,False,2025_12_10_01_43,pointodyssey,48.1878,5000,50,48.1878,5000,50,0.0
snapshots/flyingthings_logsteps100_pretrainedTrue_freezeFalse_2025_12_10_01_43,flyingthings_logsteps100_pretrainedTrue_freezeFalse_2025_12_10_01_43,flyingthings,logsteps,100,True,False,2025_12_10_01_43,spair,20.3803,1000,10,12.2659,5000,50,8.114399999999998
snapshots/flyingthings_logsteps100_pretrainedTrue_freezeFalse_2025_12_10_01_43,flyingthings_logsteps100_pretrainedTrue_freezeFalse_2025_12_10_01_43,flyingthings,logsteps,100,True,False,2025_12_10_01_43,synthetic,39.0772,2000,20,36.9107,5000,50,2.166499999999999
snapshots/flyingthings_logsteps100_pretrainedTrue_freezeFalse_2025_12_10_01_43,flyingthings_logsteps100_pretrainedTrue_freezeFalse_2025_12_10_01_43,flyingthings,logsteps,100,True,False,2025_12_10_01_43,tss,67.3328,1000,10,61.8507,5000,50,5.482100000000003
snapshots/flyingthings_logsteps100_pretrainedTrue_freezeTrue_2025_12_10_01_43,flyingthings_logsteps100_pretrainedTrue_freezeTrue_2025_12_10_01_43,flyingthings,logsteps,100,True,True,2025_12_10_01_43,flyingthings,90.2709,5000,50,90.2709,5000,50,0.0
snapshots/flyingthings_logsteps100_pretrainedTrue_freezeTrue_2025_12_10_01_43,flyingthings_logsteps100_pretrainedTrue_freezeTrue_2025_12_10_01_43,flyingthings,logsteps,100,True,True,2025_12_10_01_43,kitti2012,97.1792,5000,50,97.1792,5000,50,0.0
snapshots/flyingthings_logsteps100_pretrainedTrue_freezeTrue_2025_12_10_01_43,flyingthings_logsteps100_pretrainedTrue_freezeTrue_2025_12_10_01_43,flyingthings,logsteps,100,True,True,2025_12_10_01_43,kitti2015,95.6738,5000,50,95.6738,5000,50,0.0
snapshots/flyingthings_logsteps100_pretrainedTrue_freezeTrue_2025_12_10_01_43,flyingthings_logsteps100_pretrainedTrue_freezeTrue_2025_12_10_01_43,flyingthings,logsteps,100,True,True,2025_12_10_01_43,middlebury,52.449,3000,30,51.906,5000,50,0.5429999999999993
snapshots/flyingthings_logsteps100_pretrainedTrue_freezeTrue_2025_12_10_01_43,flyingthings_logsteps100_pretrainedTrue_freezeTrue_2025_12_10_01_43,flyingthings,logsteps,100,True,True,2025_12_10_01_43,pfpascal,51.2598,1000,10,46.2305,5000,50,5.029299999999999
snapshots/flyingthings_logsteps100_pretrainedTrue_freezeTrue_2025_12_10_01_43,flyingthings_logsteps100_pretrainedTrue_freezeTrue_2025_12_10_01_43,flyingthings,logsteps,100,True,True,2025_12_10_01_43,pfwillow,52.6667,1000,10,51.0222,5000,50,1.6445000000000007
snapshots/flyingthings_logsteps100_pretrainedTrue_freezeTrue_2025_12_10_01_43,flyingthings_logsteps100_pretrainedTrue_freezeTrue_2025_12_10_01_43,flyingthings,logsteps,100,True,True,2025_12_10_01_43,pointodyssey,55.8042,3000,30,44.9991,5000,50,10.805100000000003
snapshots/flyingthings_logsteps100_pretrainedTrue_freezeTrue_2025_12_10_01_43,flyingthings_logsteps100_pretrainedTrue_freezeTrue_2025_12_10_01_43,flyingthings,logsteps,100,True,True,2025_12_10_01_43,spair,20.8703,1000,10,16.3343,5000,50,4.536000000000001
snapshots/flyingthings_logsteps100_pretrainedTrue_freezeTrue_2025_12_10_01_43,flyingthings_logsteps100_pretrainedTrue_freezeTrue_2025_12_10_01_43,flyingthings,logsteps,100,True,True,2025_12_10_01_43,synthetic,39.0275,5000,50,39.0275,5000,50,0.0
snapshots/flyingthings_logsteps100_pretrainedTrue_freezeTrue_2025_12_10_01_43,flyingthings_logsteps100_pretrainedTrue_freezeTrue_2025_12_10_01_43,flyingthings,logsteps,100,True,True,2025_12_10_01_43,tss,66.7533,1000,10,65.8698,5000,50,0.883499999999998
snapshots/flyingthings_steps100_pretrainedFalse_freezeFalse_2025_12_10_19_41,flyingthings_steps100_pretrainedFalse_freezeFalse_2025_12_10_19_41,flyingthings,steps,100,False,False,2025_12_10_19_41,flyingthings,85.5117,11000,110,85.5117,11000,110,0.0
snapshots/flyingthings_steps100_pretrainedFalse_freezeFalse_2025_12_10_19_41,flyingthings_steps100_pretrainedFalse_freezeFalse_2025_12_10_19_41,flyingthings,steps,100,False,False,2025_12_10_19_41,kitti2012,94.899,5000,50,93.6859,11000,110,1.2130999999999972
snapshots/flyingthings_steps100_pretrainedFalse_freezeFalse_2025_12_10_19_41,flyingthings_steps100_pretrainedFalse_freezeFalse_2025_12_10_19_41,flyingthings,steps,100,False,False,2025_12_10_19_41,kitti2015,91.8225,7000,70,90.3501,11000,110,1.4724000000000075
snapshots/flyingthings_steps100_pretrainedFalse_freezeFalse_2025_12_10_19_41,flyingthings_steps100_pretrainedFalse_freezeFalse_2025_12_10_19_41,flyingthings,steps,100,False,False,2025_12_10_19_41,middlebury,53.5193,7000,70,52.5313,11000,110,0.9879999999999995
snapshots/flyingthings_steps100_pretrainedFalse_freezeFalse_2025_12_10_19_41,flyingthings_steps100_pretrainedFalse_freezeFalse_2025_12_10_19_41,flyingthings,steps,100,False,False,2025_12_10_19_41,pfpascal,15.8909,3000,30,14.9713,11000,110,0.9196000000000009
snapshots/flyingthings_steps100_pretrainedFalse_freezeFalse_2025_12_10_19_41,flyingthings_steps100_pretrainedFalse_freezeFalse_2025_12_10_19_41,flyingthings,steps,100,False,False,2025_12_10_19_41,pfwillow,17.9778,2000,20,15.2667,11000,110,2.7110999999999983
snapshots/flyingthings_steps100_pretrainedFalse_freezeFalse_2025_12_10_19_41,flyingthings_steps100_pretrainedFalse_freezeFalse_2025_12_10_19_41,flyingthings,steps,100,False,False,2025_12_10_19_41,pointodyssey,44.2556,9000,90,41.7194,11000,110,2.536200000000001
snapshots/flyingthings_steps100_pretrainedFalse_freezeFalse_2025_12_10_19_41,flyingthings_steps100_pretrainedFalse_freezeFalse_2025_12_10_19_41,flyingthings,steps,100,False,False,2025_12_10_19_41,spair,3.4592,3000,30,3.2221,11000,110,0.23709999999999987
snapshots/flyingthings_steps100_pretrainedFalse_freezeFalse_2025_12_10_19_41,flyingthings_steps100_pretrainedFalse_freezeFalse_2025_12_10_19_41,flyingthings,steps,100,False,False,2025_12_10_19_41,synthetic,20.7929,6000,60,20.1543,11000,110,0.6386000000000003
snapshots/flyingthings_steps100_pretrainedFalse_freezeFalse_2025_12_10_19_41,flyingthings_steps100_pretrainedFalse_freezeFalse_2025_12_10_19_41,flyingthings,steps,100,False,False,2025_12_10_19_41,tss,33.5169,6000,60,30.7798,11000,110,2.737099999999998
snapshots/flyingthings_steps100_pretrainedFalse_freezeFalse_2025_12_12_11_46,flyingthings_steps100_pretrainedFalse_freezeFalse_2025_12_12_11_46,flyingthings,steps,100,False,False,2025_12_12_11_46,flyingthings,85.2599,12000,120,85.2599,12000,120,0.0
snapshots/flyingthings_steps100_pretrainedFalse_freezeFalse_2025_12_12_11_46,flyingthings_steps100_pretrainedFalse_freezeFalse_2025_12_12_11_46,flyingthings,steps,100,False,False,2025_12_12_11_46,kitti2012,90.736,11000,110,86.3328,12000,120,4.403199999999998
snapshots/flyingthings_steps100_pretrainedFalse_freezeFalse_2025_12_12_11_46,flyingthings_steps100_pretrainedFalse_freezeFalse_2025_12_12_11_46,flyingthings,steps,100,False,False,2025_12_12_11_46,kitti2015,88.7556,11000,110,86.0189,12000,120,2.736699999999999
snapshots/flyingthings_steps100_pretrainedFalse_freezeFalse_2025_12_12_11_46,flyingthings_steps100_pretrainedFalse_freezeFalse_2025_12_12_11_46,flyingthings,steps,100,False,False,2025_12_12_11_46,middlebury,53.2953,9000,90,52.5881,12000,120,0.7072000000000003
snapshots/flyingthings_steps100_pretrainedFalse_freezeFalse_2025_12_12_11_46,flyingthings_steps100_pretrainedFalse_freezeFalse_2025_12_12_11_46,flyingthings,steps,100,False,False,2025_12_12_11_46,pfpascal,16.3764,8000,80,15.2589,12000,120,1.1174999999999997
snapshots/flyingthings_steps100_pretrainedFalse_freezeFalse_2025_12_12_11_46,flyingthings_steps100_pretrainedFalse_freezeFalse_2025_12_12_11_46,flyingthings,steps,100,False,False,2025_12_12_11_46,pfwillow,17.5667,2000,20,15.9333,12000,120,1.6334000000000017
snapshots/flyingthings_steps100_pretrainedFalse_freezeFalse_2025_12_12_11_46,flyingthings_steps100_pretrainedFalse_freezeFalse_2025_12_12_11_46,flyingthings,steps,100,False,False,2025_12_12_11_46,pointodyssey,53.009,1000,10,41.8927,12000,120,11.116300000000003
snapshots/flyingthings_steps100_pretrainedFalse_freezeFalse_2025_12_12_11_46,flyingthings_steps100_pretrainedFalse_freezeFalse_2025_12_12_11_46,flyingthings,steps,100,False,False,2025_12_12_11_46,spair,3.602,1000,10,3.323,12000,120,0.2789999999999999
snapshots/flyingthings_steps100_pretrainedFalse_freezeFalse_2025_12_12_11_46,flyingthings_steps100_pretrainedFalse_freezeFalse_2025_12_12_11_46,flyingthings,steps,100,False,False,2025_12_12_11_46,synthetic,19.5802,2000,20,17.7303,12000,120,1.8499000000000017
snapshots/flyingthings_steps100_pretrainedFalse_freezeFalse_2025_12_12_11_46,flyingthings_steps100_pretrainedFalse_freezeFalse_2025_12_12_11_46,flyingthings,steps,100,False,False,2025_12_12_11_46,tss,31.4776,6000,60,30.1984,12000,120,1.2791999999999994
snapshots/flyingthings_steps100_pretrainedTrue_freezeFalse_2025_12_10_18_38,flyingthings_steps100_pretrainedTrue_freezeFalse_2025_12_10_18_38,flyingthings,steps,100,True,False,2025_12_10_18_38,flyingthings,91.1752,10000,100,91.1547,13000,130,0.02049999999999841
snapshots/flyingthings_steps100_pretrainedTrue_freezeFalse_2025_12_10_18_38,flyingthings_steps100_pretrainedTrue_freezeFalse_2025_12_10_18_38,flyingthings,steps,100,True,False,2025_12_10_18_38,kitti2012,98.0116,13000,130,98.0116,13000,130,0.0
snapshots/flyingthings_steps100_pretrainedTrue_freezeFalse_2025_12_10_18_38,flyingthings_steps100_pretrainedTrue_freezeFalse_2025_12_10_18_38,flyingthings,steps,100,True,False,2025_12_10_18_38,kitti2015,96.1984,5000,50,95.9487,13000,130,0.24970000000000425
snapshots/flyingthings_steps100_pretrainedTrue_freezeFalse_2025_12_10_18_38,flyingthings_steps100_pretrainedTrue_freezeFalse_2025_12_10_18_38,flyingthings,steps,100,True,False,2025_12_10_18_38,middlebury,52.9134,13000,130,52.9134,13000,130,0.0
snapshots/flyingthings_steps100_pretrainedTrue_freezeFalse_2025_12_10_18_38,flyingthings_steps100_pretrainedTrue_freezeFalse_2025_12_10_18_38,flyingthings,steps,100,True,False,2025_12_10_18_38,pfpascal,50.2316,1000,10,37.9148,13000,130,12.3168
snapshots/flyingthings_steps100_pretrainedTrue_freezeFalse_2025_12_10_18_38,flyingthings_steps100_pretrainedTrue_freezeFalse_2025_12_10_18_38,flyingthings,steps,100,True,False,2025_12_10_18_38,pfwillow,53.1222,1000,10,38.1889,13000,130,14.933300000000003
snapshots/flyingthings_steps100_pretrainedTrue_freezeFalse_2025_12_10_18_38,flyingthings_steps100_pretrainedTrue_freezeFalse_2025_12_10_18_38,flyingthings,steps,100,True,False,2025_12_10_18_38,pointodyssey,64.6638,13000,130,64.6638,13000,130,0.0
snapshots/flyingthings_steps100_pretrainedTrue_freezeFalse_2025_12_10_18_38,flyingthings_steps100_pretrainedTrue_freezeFalse_2025_12_10_18_38,flyingthings,steps,100,True,False,2025_12_10_18_38,spair,19.0991,1000,10,10.9582,13000,130,8.1409
snapshots/flyingthings_steps100_pretrainedTrue_freezeFalse_2025_12_10_18_38,flyingthings_steps100_pretrainedTrue_freezeFalse_2025_12_10_18_38,flyingthings,steps,100,True,False,2025_12_10_18_38,synthetic,37.9874,2000,20,33.5304,13000,130,4.457000000000001
snapshots/flyingthings_steps100_pretrainedTrue_freezeFalse_2025_12_10_18_38,flyingthings_steps100_pretrainedTrue_freezeFalse_2025_12_10_18_38,flyingthings,steps,100,True,False,2025_12_10_18_38,tss,67.0909,1000,10,60.273,13000,130,6.817900000000002
snapshots/flyingthings_steps100_pretrainedTrue_freezeFalse_2025_12_12_11_46,flyingthings_steps100_pretrainedTrue_freezeFalse_2025_12_12_11_46,flyingthings,steps,100,True,False,2025_12_12_11_46,flyingthings,91.4686,11000,110,91.351,13000,130,0.11759999999999593
snapshots/flyingthings_steps100_pretrainedTrue_freezeFalse_2025_12_12_11_46,flyingthings_steps100_pretrainedTrue_freezeFalse_2025_12_12_11_46,flyingthings,steps,100,True,False,2025_12_12_11_46,kitti2012,97.9083,13000,130,97.9083,13000,130,0.0
snapshots/flyingthings_steps100_pretrainedTrue_freezeFalse_2025_12_12_11_46,flyingthings_steps100_pretrainedTrue_freezeFalse_2025_12_12_11_46,flyingthings,steps,100,True,False,2025_12_12_11_46,kitti2015,96.1653,13000,130,96.1653,13000,130,0.0
snapshots/flyingthings_steps100_pretrainedTrue_freezeFalse_2025_12_12_11_46,flyingthings_steps100_pretrainedTrue_freezeFalse_2025_12_12_11_46,flyingthings,steps,100,True,False,2025_12_12_11_46,middlebury,53.3673,13000,130,53.3673,13000,130,0.0
snapshots/flyingthings_steps100_pretrainedTrue_freezeFalse_2025_12_12_11_46,flyingthings_steps100_pretrainedTrue_freezeFalse_2025_12_12_11_46,flyingthings,steps,100,True,False,2025_12_12_11_46,pfpascal,46.7764,2000,20,36.9756,13000,130,9.800800000000002
snapshots/flyingthings_steps100_pretrainedTrue_freezeFalse_2025_12_12_11_46,flyingthings_steps100_pretrainedTrue_freezeFalse_2025_12_12_11_46,flyingthings,steps,100,True,False,2025_12_12_11_46,pfwillow,50.5556,2000,20,39.4222,13000,130,11.133400000000002
snapshots/flyingthings_steps100_pretrainedTrue_freezeFalse_2025_12_12_11_46,flyingthings_steps100_pretrainedTrue_freezeFalse_2025_12_12_11_46,flyingthings,steps,100,True,False,2025_12_12_11_46,pointodyssey,68.9759,13000,130,68.9759,13000,130,0.0
snapshots/flyingthings_steps100_pretrainedTrue_freezeFalse_2025_12_12_11_46,flyingthings_steps100_pretrainedTrue_freezeFalse_2025_12_12_11_46,flyingthings,steps,100,True,False,2025_12_12_11_46,spair,17.8863,1000,10,10.4726,13000,130,7.413699999999999
snapshots/flyingthings_steps100_pretrainedTrue_freezeFalse_2025_12_12_11_46,flyingthings_steps100_pretrainedTrue_freezeFalse_2025_12_12_11_46,flyingthings,steps,100,True,False,2025_12_12_11_46,synthetic,38.7779,8000,80,32.62,13000,130,6.157900000000005
snapshots/flyingthings_steps100_pretrainedTrue_freezeFalse_2025_12_12_11_46,flyingthings_steps100_pretrainedTrue_freezeFalse_2025_12_12_11_46,flyingthings,steps,100,True,False,2025_12_12_11_46,tss,66.3084,1000,10,59.9308,13000,130,6.377600000000008
snapshots/flyingthings_steps100_pretrainedTrue_freezeTrue_2025_12_10_17_12,flyingthings_steps100_pretrainedTrue_freezeTrue_2025_12_10_17_12,flyingthings,steps,100,True,True,2025_12_10_17_12,flyingthings,91.0872,14000,140,91.0872,14000,140,0.0
snapshots/flyingthings_steps100_pretrainedTrue_freezeTrue_2025_12_10_17_12,flyingthings_steps100_pretrainedTrue_freezeTrue_2025_12_10_17_12,flyingthings,steps,100,True,True,2025_12_10_17_12,kitti2012,97.4521,8000,80,97.1225,14000,140,0.3295999999999992
snapshots/flyingthings_steps100_pretrainedTrue_freezeTrue_2025_12_10_17_12,flyingthings_steps100_pretrainedTrue_freezeTrue_2025_12_10_17_12,flyingthings,steps,100,True,True,2025_12_10_17_12,kitti2015,95.5575,8000,80,95.0148,14000,140,0.5427000000000106
snapshots/flyingthings_steps100_pretrainedTrue_freezeTrue_2025_12_10_17_12,flyingthings_steps100_pretrainedTrue_freezeTrue_2025_12_10_17_12,flyingthings,steps,100,True,True,2025_12_10_17_12,middlebury,52.5186,2000,20,52.1384,14000,140,0.3802000000000021
snapshots/flyingthings_steps100_pretrainedTrue_freezeTrue_2025_12_10_17_12,flyingthings_steps100_pretrainedTrue_freezeTrue_2025_12_10_17_12,flyingthings,steps,100,True,True,2025_12_10_17_12,pfpascal,51.4118,1000,10,43.6584,14000,140,7.753399999999999
snapshots/flyingthings_steps100_pretrainedTrue_freezeTrue_2025_12_10_17_12,flyingthings_steps100_pretrainedTrue_freezeTrue_2025_12_10_17_12,flyingthings,steps,100,True,True,2025_12_10_17_12,pfwillow,55.4444,1000,10,48.4556,14000,140,6.988800000000005
snapshots/flyingthings_steps100_pretrainedTrue_freezeTrue_2025_12_10_17_12,flyingthings_steps100_pretrainedTrue_freezeTrue_2025_12_10_17_12,flyingthings,steps,100,True,True,2025_12_10_17_12,pointodyssey,58.1037,14000,140,58.1037,14000,140,0.0
snapshots/flyingthings_steps100_pretrainedTrue_freezeTrue_2025_12_10_17_12,flyingthings_steps100_pretrainedTrue_freezeTrue_2025_12_10_17_12,flyingthings,steps,100,True,True,2025_12_10_17_12,spair,20.6773,1000,10,15.0558,14000,140,5.621499999999999
snapshots/flyingthings_steps100_pretrainedTrue_freezeTrue_2025_12_10_17_12,flyingthings_steps100_pretrainedTrue_freezeTrue_2025_12_10_17_12,flyingthings,steps,100,True,True,2025_12_10_17_12,synthetic,38.3302,2000,20,35.7753,14000,140,2.5548999999999964
snapshots/flyingthings_steps100_pretrainedTrue_freezeTrue_2025_12_10_17_12,flyingthings_steps100_pretrainedTrue_freezeTrue_2025_12_10_17_12,flyingthings,steps,100,True,True,2025_12_10_17_12,tss,67.5976,1000,10,63.931,14000,140,3.6666000000000025
snapshots/flyingthings_steps100_pretrainedTrue_freezeTrue_2025_12_12_11_45,flyingthings_steps100_pretrainedTrue_freezeTrue_2025_12_12_11_45,flyingthings,steps,100,True,True,2025_12_12_11_45,flyingthings,90.9975,12000,120,90.9975,12000,120,0.0
snapshots/flyingthings_steps100_pretrainedTrue_freezeTrue_2025_12_12_11_45,flyingthings_steps100_pretrainedTrue_freezeTrue_2025_12_12_11_45,flyingthings,steps,100,True,True,2025_12_12_11_45,kitti2012,97.6865,8000,80,97.4963,12000,120,0.19019999999999015
snapshots/flyingthings_steps100_pretrainedTrue_freezeTrue_2025_12_12_11_45,flyingthings_steps100_pretrainedTrue_freezeTrue_2025_12_12_11_45,flyingthings,steps,100,True,True,2025_12_12_11_45,kitti2015,95.7336,8000,80,95.3507,12000,120,0.38289999999999225
snapshots/flyingthings_steps100_pretrainedTrue_freezeTrue_2025_12_12_11_45,flyingthings_steps100_pretrainedTrue_freezeTrue_2025_12_12_11_45,flyingthings,steps,100,True,True,2025_12_12_11_45,middlebury,52.6165,1000,10,52.23,12000,120,0.3865000000000052
snapshots/flyingthings_steps100_pretrainedTrue_freezeTrue_2025_12_12_11_45,flyingthings_steps100_pretrainedTrue_freezeTrue_2025_12_12_11_45,flyingthings,steps,100,True,True,2025_12_12_11_45,pfpascal,49.5667,1000,10,41.0303,12000,120,8.5364
snapshots/flyingthings_steps100_pretrainedTrue_freezeTrue_2025_12_12_11_45,flyingthings_steps100_pretrainedTrue_freezeTrue_2025_12_12_11_45,flyingthings,steps,100,True,True,2025_12_12_11_45,pfwillow,54.5556,4000,40,48.0889,12000,120,6.466699999999996
snapshots/flyingthings_steps100_pretrainedTrue_freezeTrue_2025_12_12_11_45,flyingthings_steps100_pretrainedTrue_freezeTrue_2025_12_12_11_45,flyingthings,steps,100,True,True,2025_12_12_11_45,pointodyssey,61.3994,11000,110,60.3626,12000,120,1.0367999999999995
snapshots/flyingthings_steps100_pretrainedTrue_freezeTrue_2025_12_12_11_45,flyingthings_steps100_pretrainedTrue_freezeTrue_2025_12_12_11_45,flyingthings,steps,100,True,True,2025_12_12_11_45,spair,20.2628,1000,10,13.9793,12000,120,6.283499999999998
snapshots/flyingthings_steps100_pretrainedTrue_freezeTrue_2025_12_12_11_45,flyingthings_steps100_pretrainedTrue_freezeTrue_2025_12_12_11_45,flyingthings,steps,100,True,True,2025_12_12_11_45,synthetic,39.0449,11000,110,36.8704,12000,120,2.174500000000002
snapshots/flyingthings_steps100_pretrainedTrue_freezeTrue_2025_12_12_11_45,flyingthings_steps100_pretrainedTrue_freezeTrue_2025_12_12_11_45,flyingthings,steps,100,True,True,2025_12_12_11_45,tss,67.6869,4000,40,63.5041,12000,120,4.182799999999993
snapshots/pointodyssey_logsteps100_pretrainedFalse_freezeFalse_2025_12_10_11_40,pointodyssey_logsteps100_pretrainedFalse_freezeFalse_2025_12_10_11_40,pointodyssey,logsteps,100,False,False,2025_12_10_11_40,flyingthings,76.4274,5000,50,76.4274,5000,50,0.0
snapshots/pointodyssey_logsteps100_pretrainedFalse_freezeFalse_2025_12_10_11_40,pointodyssey_logsteps100_pretrainedFalse_freezeFalse_2025_12_10_11_40,pointodyssey,logsteps,100,False,False,2025_12_10_11_40,kitti2012,86.5516,2000,20,84.7832,5000,50,1.7683999999999997
snapshots/pointodyssey_logsteps100_pretrainedFalse_freezeFalse_2025_12_10_11_40,pointodyssey_logsteps100_pretrainedFalse_freezeFalse_2025_12_10_11_40,pointodyssey,logsteps,100,False,False,2025_12_10_11_40,kitti2015,84.7464,2000,20,83.166,5000,50,1.5803999999999974
snapshots/pointodyssey_logsteps100_pretrainedFalse_freezeFalse_2025_12_10_11_40,pointodyssey_logsteps100_pretrainedFalse_freezeFalse_2025_12_10_11_40,pointodyssey,logsteps,100,False,False,2025_12_10_11_40,middlebury,53.3743,2000,20,53.0022,5000,50,0.3720999999999961
snapshots/pointodyssey_logsteps100_pretrainedFalse_freezeFalse_2025_12_10_11_40,pointodyssey_logsteps100_pretrainedFalse_freezeFalse_2025_12_10_11_40,pointodyssey,logsteps,100,False,False,2025_12_10_11_40,pfpascal,7.8941,2000,20,7.5373,5000,50,0.3567999999999998
snapshots/pointodyssey_logsteps100_pretrainedFalse_freezeFalse_2025_12_10_11_40,pointodyssey_logsteps100_pretrainedFalse_freezeFalse_2025_12_10_11_40,pointodyssey,logsteps,100,False,False,2025_12_10_11_40,pfwillow,11.0667,4000,40,10.8444,5000,50,0.2223000000000006
snapshots/pointodyssey_logsteps100_pretrainedFalse_freezeFalse_2025_12_10_11_40,pointodyssey_logsteps100_pretrainedFalse_freezeFalse_2025_12_10_11_40,pointodyssey,logsteps,100,False,False,2025_12_10_11_40,pointodyssey,34.5009,2000,20,21.4746,5000,50,13.026300000000003
snapshots/pointodyssey_logsteps100_pretrainedFalse_freezeFalse_2025_12_10_11_40,pointodyssey_logsteps100_pretrainedFalse_freezeFalse_2025_12_10_11_40,pointodyssey,logsteps,100,False,False,2025_12_10_11_40,spair,2.6418,1000,10,2.223,5000,50,0.41880000000000006
snapshots/pointodyssey_logsteps100_pretrainedFalse_freezeFalse_2025_12_10_11_40,pointodyssey_logsteps100_pretrainedFalse_freezeFalse_2025_12_10_11_40,pointodyssey,logsteps,100,False,False,2025_12_10_11_40,synthetic,15.2561,5000,50,15.2561,5000,50,0.0
snapshots/pointodyssey_logsteps100_pretrainedFalse_freezeFalse_2025_12_10_11_40,pointodyssey_logsteps100_pretrainedFalse_freezeFalse_2025_12_10_11_40,pointodyssey,logsteps,100,False,False,2025_12_10_11_40,tss,18.0951,5000,50,18.0951,5000,50,0.0
snapshots/pointodyssey_logsteps100_pretrainedFalse_freezeTrue_2025_12_10_06_57,pointodyssey_logsteps100_pretrainedFalse_freezeTrue_2025_12_10_06_57,pointodyssey,logsteps,100,False,True,2025_12_10_06_57,flyingthings,76.5138,4000,40,76.078,5000,50,0.4358000000000004
snapshots/pointodyssey_logsteps100_pretrainedFalse_freezeTrue_2025_12_10_06_57,pointodyssey_logsteps100_pretrainedFalse_freezeTrue_2025_12_10_06_57,pointodyssey,logsteps,100,False,True,2025_12_10_06_57,kitti2012,81.2072,4000,40,79.2411,5000,50,1.9660999999999973
snapshots/pointodyssey_logsteps100_pretrainedFalse_freezeTrue_2025_12_10_06_57,pointodyssey_logsteps100_pretrainedFalse_freezeTrue_2025_12_10_06_57,pointodyssey,logsteps,100,False,True,2025_12_10_06_57,kitti2015,82.9604,4000,40,80.235,5000,50,2.7254000000000076
snapshots/pointodyssey_logsteps100_pretrainedFalse_freezeTrue_2025_12_10_06_57,pointodyssey_logsteps100_pretrainedFalse_freezeTrue_2025_12_10_06_57,pointodyssey,logsteps,100,False,True,2025_12_10_06_57,middlebury,54.0205,5000,50,54.0205,5000,50,0.0
snapshots/pointodyssey_logsteps100_pretrainedFalse_freezeTrue_2025_12_10_06_57,pointodyssey_logsteps100_pretrainedFalse_freezeTrue_2025_12_10_06_57,pointodyssey,logsteps,100,False,True,2025_12_10_06_57,pfpascal,9.6019,5000,50,9.6019,5000,50,0.0
snapshots/pointodyssey_logsteps100_pretrainedFalse_freezeTrue_2025_12_10_06_57,pointodyssey_logsteps100_pretrainedFalse_freezeTrue_2025_12_10_06_57,pointodyssey,logsteps,100,False,True,2025_12_10_06_57,pfwillow,11.2778,5000,50,11.2778,5000,50,0.0
snapshots/pointodyssey_logsteps100_pretrainedFalse_freezeTrue_2025_12_10_06_57,pointodyssey_logsteps100_pretrainedFalse_freezeTrue_2025_12_10_06_57,pointodyssey,logsteps,100,False,True,2025_12_10_06_57,pointodyssey,34.3872,2000,20,25.8487,5000,50,8.538499999999999
snapshots/pointodyssey_logsteps100_pretrainedFalse_freezeTrue_2025_12_10_06_57,pointodyssey_logsteps100_pretrainedFalse_freezeTrue_2025_12_10_06_57,pointodyssey,logsteps,100,False,True,2025_12_10_06_57,spair,2.7526,5000,50,2.7526,5000,50,0.0
snapshots/pointodyssey_logsteps100_pretrainedFalse_freezeTrue_2025_12_10_06_57,pointodyssey_logsteps100_pretrainedFalse_freezeTrue_2025_12_10_06_57,pointodyssey,logsteps,100,False,True,2025_12_10_06_57,synthetic,15.4048,4000,40,15.404,5000,50,0.0007999999999999119
snapshots/pointodyssey_logsteps100_pretrainedFalse_freezeTrue_2025_12_10_06_57,pointodyssey_logsteps100_pretrainedFalse_freezeTrue_2025_12_10_06_57,pointodyssey,logsteps,100,False,True,2025_12_10_06_57,tss,21.5575,5000,50,21.5575,5000,50,0.0
snapshots/pointodyssey_logsteps100_pretrainedTrue_freezeFalse_2025_12_10_11_14,pointodyssey_logsteps100_pretrainedTrue_freezeFalse_2025_12_10_11_14,pointodyssey,logsteps,100,True,False,2025_12_10_11_14,flyingthings,85.9772,1000,10,81.6971,5000,50,4.28009999999999
snapshots/pointodyssey_logsteps100_pretrainedTrue_freezeFalse_2025_12_10_11_14,pointodyssey_logsteps100_pretrainedTrue_freezeFalse_2025_12_10_11_14,pointodyssey,logsteps,100,True,False,2025_12_10_11_14,kitti2012,95.9758,2000,20,92.9053,5000,50,3.0705000000000098
snapshots/pointodyssey_logsteps100_pretrainedTrue_freezeFalse_2025_12_10_11_14,pointodyssey_logsteps100_pretrainedTrue_freezeFalse_2025_12_10_11_14,pointodyssey,logsteps,100,True,False,2025_12_10_11_14,kitti2015,95.2406,2000,20,92.4622,5000,50,2.778400000000005
snapshots/pointodyssey_logsteps100_pretrainedTrue_freezeFalse_2025_12_10_11_14,pointodyssey_logsteps100_pretrainedTrue_freezeFalse_2025_12_10_11_14,pointodyssey,logsteps,100,True,False,2025_12_10_11_14,middlebury,54.251,1000,10,53.4181,5000,50,0.8328999999999951
snapshots/pointodyssey_logsteps100_pretrainedTrue_freezeFalse_2025_12_10_11_14,pointodyssey_logsteps100_pretrainedTrue_freezeFalse_2025_12_10_11_14,pointodyssey,logsteps,100,True,False,2025_12_10_11_14,pfpascal,38.5689,1000,10,17.12,5000,50,21.4489
snapshots/pointodyssey_logsteps100_pretrainedTrue_freezeFalse_2025_12_10_11_14,pointodyssey_logsteps100_pretrainedTrue_freezeFalse_2025_12_10_11_14,pointodyssey,logsteps,100,True,False,2025_12_10_11_14,pfwillow,38.9556,1000,10,26.7889,5000,50,12.166699999999995
snapshots/pointodyssey_logsteps100_pretrainedTrue_freezeFalse_2025_12_10_11_14,pointodyssey_logsteps100_pretrainedTrue_freezeFalse_2025_12_10_11_14,pointodyssey,logsteps,100,True,False,2025_12_10_11_14,pointodyssey,48.8726,1000,10,23.2814,5000,50,25.591199999999997
snapshots/pointodyssey_logsteps100_pretrainedTrue_freezeFalse_2025_12_10_11_14,pointodyssey_logsteps100_pretrainedTrue_freezeFalse_2025_12_10_11_14,pointodyssey,logsteps,100,True,False,2025_12_10_11_14,spair,19.1944,1000,10,7.1754,5000,50,12.019000000000002
snapshots/pointodyssey_logsteps100_pretrainedTrue_freezeFalse_2025_12_10_11_14,pointodyssey_logsteps100_pretrainedTrue_freezeFalse_2025_12_10_11_14,pointodyssey,logsteps,100,True,False,2025_12_10_11_14,synthetic,36.9422,1000,10,27.471,5000,50,9.4712
snapshots/pointodyssey_logsteps100_pretrainedTrue_freezeFalse_2025_12_10_11_14,pointodyssey_logsteps100_pretrainedTrue_freezeFalse_2025_12_10_11_14,pointodyssey,logsteps,100,True,False,2025_12_10_11_14,tss,57.4335,1000,10,45.4413,5000,50,11.992200000000004
snapshots/pointodyssey_logsteps100_pretrainedTrue_freezeTrue_2025_12_10_06_53,pointodyssey_logsteps100_pretrainedTrue_freezeTrue_2025_12_10_06_53,pointodyssey,logsteps,100,True,True,2025_12_10_06_53,flyingthings,86.2543,1000,10,85.4336,5000,50,0.8207000000000022
snapshots/pointodyssey_logsteps100_pretrainedTrue_freezeTrue_2025_12_10_06_53,pointodyssey_logsteps100_pretrainedTrue_freezeTrue_2025_12_10_06_53,pointodyssey,logsteps,100,True,True,2025_12_10_06_53,kitti2012,96.6117,2000,20,94.3747,5000,50,2.2369999999999948
snapshots/pointodyssey_logsteps100_pretrainedTrue_freezeTrue_2025_12_10_06_53,pointodyssey_logsteps100_pretrainedTrue_freezeTrue_2025_12_10_06_53,pointodyssey,logsteps,100,True,True,2025_12_10_06_53,kitti2015,95.9839,2000,20,92.7314,5000,50,3.252500000000012
snapshots/pointodyssey_logsteps100_pretrainedTrue_freezeTrue_2025_12_10_06_53,pointodyssey_logsteps100_pretrainedTrue_freezeTrue_2025_12_10_06_53,pointodyssey,logsteps,100,True,True,2025_12_10_06_53,middlebury,55.1074,4000,40,55.0148,5000,50,0.09259999999999735
snapshots/pointodyssey_logsteps100_pretrainedTrue_freezeTrue_2025_12_10_06_53,pointodyssey_logsteps100_pretrainedTrue_freezeTrue_2025_12_10_06_53,pointodyssey,logsteps,100,True,True,2025_12_10_06_53,pfpascal,36.5243,2000,20,34.5882,5000,50,1.9360999999999962
snapshots/pointodyssey_logsteps100_pretrainedTrue_freezeTrue_2025_12_10_06_53,pointodyssey_logsteps100_pretrainedTrue_freezeTrue_2025_12_10_06_53,pointodyssey,logsteps,100,True,True,2025_12_10_06_53,pfwillow,38.0333,2000,20,37.7667,5000,50,0.26659999999999684
snapshots/pointodyssey_logsteps100_pretrainedTrue_freezeTrue_2025_12_10_06_53,pointodyssey_logsteps100_pretrainedTrue_freezeTrue_2025_12_10_06_53,pointodyssey,logsteps,100,True,True,2025_12_10_06_53,pointodyssey,47.9504,2000,20,40.8224,5000,50,7.128
snapshots/pointodyssey_logsteps100_pretrainedTrue_freezeTrue_2025_12_10_06_53,pointodyssey_logsteps100_pretrainedTrue_freezeTrue_2025_12_10_06_53,pointodyssey,logsteps,100,True,True,2025_12_10_06_53,spair,17.2825,2000,20,14.1097,5000,50,3.1727999999999987
snapshots/pointodyssey_logsteps100_pretrainedTrue_freezeTrue_2025_12_10_06_53,pointodyssey_logsteps100_pretrainedTrue_freezeTrue_2025_12_10_06_53,pointodyssey,logsteps,100,True,True,2025_12_10_06_53,synthetic,36.1742,1000,10,28.6206,5000,50,7.553599999999999
snapshots/pointodyssey_logsteps100_pretrainedTrue_freezeTrue_2025_12_10_06_53,pointodyssey_logsteps100_pretrainedTrue_freezeTrue_2025_12_10_06_53,pointodyssey,logsteps,100,True,True,2025_12_10_06_53,tss,57.2365,1000,10,54.7802,5000,50,2.456299999999999
snapshots/pointodyssey_steps100_pretrainedFalse_freezeFalse_2025_12_11_00_21,pointodyssey_steps100_pretrainedFalse_freezeFalse_2025_12_11_00_21,pointodyssey,steps,100,False,False,2025_12_11_00_21,flyingthings,76.3529,9000,90,76.1712,12000,120,0.1817000000000064
snapshots/pointodyssey_steps100_pretrainedFalse_freezeFalse_2025_12_11_00_21,pointodyssey_steps100_pretrainedFalse_freezeFalse_2025_12_11_00_21,pointodyssey,steps,100,False,False,2025_12_11_00_21,kitti2012,82.6379,11000,110,81.3188,12000,120,1.319100000000006
snapshots/pointodyssey_steps100_pretrainedFalse_freezeFalse_2025_12_11_00_21,pointodyssey_steps100_pretrainedFalse_freezeFalse_2025_12_11_00_21,pointodyssey,steps,100,False,False,2025_12_11_00_21,kitti2015,84.3653,3000,30,80.4532,12000,120,3.9121000000000095
snapshots/pointodyssey_steps100_pretrainedFalse_freezeFalse_2025_12_11_00_21,pointodyssey_steps100_pretrainedFalse_freezeFalse_2025_12_11_00_21,pointodyssey,steps,100,False,False,2025_12_11_00_21,middlebury,54.575,9000,90,53.9082,12000,120,0.6668000000000021
snapshots/pointodyssey_steps100_pretrainedFalse_freezeFalse_2025_12_11_00_21,pointodyssey_steps100_pretrainedFalse_freezeFalse_2025_12_11_00_21,pointodyssey,steps,100,False,False,2025_12_11_00_21,pfpascal,9.2969,11000,110,9.1399,12000,120,0.15700000000000003
snapshots/pointodyssey_steps100_pretrainedFalse_freezeFalse_2025_12_11_00_21,pointodyssey_steps100_pretrainedFalse_freezeFalse_2025_12_11_00_21,pointodyssey,steps,100,False,False,2025_12_11_00_21,pfwillow,11.5778,11000,110,11.0778,12000,120,0.5
snapshots/pointodyssey_steps100_pretrainedFalse_freezeFalse_2025_12_11_00_21,pointodyssey_steps100_pretrainedFalse_freezeFalse_2025_12_11_00_21,pointodyssey,steps,100,False,False,2025_12_11_00_21,pointodyssey,59.9862,4000,40,30.0329,12000,120,29.953299999999995
snapshots/pointodyssey_steps100_pretrainedFalse_freezeFalse_2025_12_11_00_21,pointodyssey_steps100_pretrainedFalse_freezeFalse_2025_12_11_00_21,pointodyssey,steps,100,False,False,2025_12_11_00_21,spair,2.8079,4000,40,2.6066,12000,120,0.20130000000000026
snapshots/pointodyssey_steps100_pretrainedFalse_freezeFalse_2025_12_11_00_21,pointodyssey_steps100_pretrainedFalse_freezeFalse_2025_12_11_00_21,pointodyssey,steps,100,False,False,2025_12_11_00_21,synthetic,15.3859,5000,50,13.517,12000,120,1.8689
snapshots/pointodyssey_steps100_pretrainedFalse_freezeFalse_2025_12_11_00_21,pointodyssey_steps100_pretrainedFalse_freezeFalse_2025_12_11_00_21,pointodyssey,steps,100,False,False,2025_12_11_00_21,tss,23.9916,9000,90,23.4779,12000,120,0.5136999999999965
snapshots/pointodyssey_steps100_pretrainedFalse_freezeFalse_2025_12_12_23_46,pointodyssey_steps100_pretrainedFalse_freezeFalse_2025_12_12_23_46,pointodyssey,steps,100,False,False,2025_12_12_23_46,flyingthings,76.505,5000,50,75.8918,12000,120,0.613199999999992
snapshots/pointodyssey_steps100_pretrainedFalse_freezeFalse_2025_12_12_23_46,pointodyssey_steps100_pretrainedFalse_freezeFalse_2025_12_12_23_46,pointodyssey,steps,100,False,False,2025_12_12_23_46,kitti2012,84.2784,8000,80,83.4602,12000,120,0.8182000000000045
snapshots/pointodyssey_steps100_pretrainedFalse_freezeFalse_2025_12_12_23_46,pointodyssey_steps100_pretrainedFalse_freezeFalse_2025_12_12_23_46,pointodyssey,steps,100,False,False,2025_12_12_23_46,kitti2015,83.9992,7000,70,83.6189,12000,120,0.3803000000000054
snapshots/pointodyssey_steps100_pretrainedFalse_freezeFalse_2025_12_12_23_46,pointodyssey_steps100_pretrainedFalse_freezeFalse_2025_12_12_23_46,pointodyssey,steps,100,False,False,2025_12_12_23_46,middlebury,53.0208,7000,70,52.3398,12000,120,0.6810000000000045
snapshots/pointodyssey_steps100_pretrainedFalse_freezeFalse_2025_12_12_23_46,pointodyssey_steps100_pretrainedFalse_freezeFalse_2025_12_12_23_46,pointodyssey,steps,100,False,False,2025_12_12_23_46,pfpascal,8.517,3000,30,7.9608,12000,120,0.5561999999999996
snapshots/pointodyssey_steps100_pretrainedFalse_freezeFalse_2025_12_12_23_46,pointodyssey_steps100_pretrainedFalse_freezeFalse_2025_12_12_23_46,pointodyssey,steps,100,False,False,2025_12_12_23_46,pfwillow,10.3556,3000,30,8.4333,12000,120,1.9223000000000017
snapshots/pointodyssey_steps100_pretrainedFalse_freezeFalse_2025_12_12_23_46,pointodyssey_steps100_pretrainedFalse_freezeFalse_2025_12_12_23_46,pointodyssey,steps,100,False,False,2025_12_12_23_46,pointodyssey,37.1027,1000,10,15.6329,12000,120,21.4698
snapshots/pointodyssey_steps100_pretrainedFalse_freezeFalse_2025_12_12_23_46,pointodyssey_steps100_pretrainedFalse_freezeFalse_2025_12_12_23_46,pointodyssey,steps,100,False,False,2025_12_12_23_46,spair,2.7333,1000,10,2.556,12000,120,0.1772999999999998
snapshots/pointodyssey_steps100_pretrainedFalse_freezeFalse_2025_12_12_23_46,pointodyssey_steps100_pretrainedFalse_freezeFalse_2025_12_12_23_46,pointodyssey,steps,100,False,False,2025_12_12_23_46,synthetic,15.2833,4000,40,12.8375,12000,120,2.4458
snapshots/pointodyssey_steps100_pretrainedFalse_freezeFalse_2025_12_12_23_46,pointodyssey_steps100_pretrainedFalse_freezeFalse_2025_12_12_23_46,pointodyssey,steps,100,False,False,2025_12_12_23_46,tss,21.8858,7000,70,20.3352,12000,120,1.5505999999999993
snapshots/pointodyssey_steps100_pretrainedTrue_freezeFalse_2025_12_11_00_21,pointodyssey_steps100_pretrainedTrue_freezeFalse_2025_12_11_00_21,pointodyssey,steps,100,True,False,2025_12_11_00_21,flyingthings,84.93,2000,20,84.405,12000,120,0.5250000000000057
snapshots/pointodyssey_steps100_pretrainedTrue_freezeFalse_2025_12_11_00_21,pointodyssey_steps100_pretrainedTrue_freezeFalse_2025_12_11_00_21,pointodyssey,steps,100,True,False,2025_12_11_00_21,kitti2012,95.0333,12000,120,95.0333,12000,120,0.0
snapshots/pointodyssey_steps100_pretrainedTrue_freezeFalse_2025_12_11_00_21,pointodyssey_steps100_pretrainedTrue_freezeFalse_2025_12_11_00_21,pointodyssey,steps,100,True,False,2025_12_11_00_21,kitti2015,94.6142,1000,10,94.3539,12000,120,0.26030000000000086
snapshots/pointodyssey_steps100_pretrainedTrue_freezeFalse_2025_12_11_00_21,pointodyssey_steps100_pretrainedTrue_freezeFalse_2025_12_11_00_21,pointodyssey,steps,100,True,False,2025_12_11_00_21,middlebury,53.8748,7000,70,53.6411,12000,120,0.2336999999999989
snapshots/pointodyssey_steps100_pretrainedTrue_freezeFalse_2025_12_11_00_21,pointodyssey_steps100_pretrainedTrue_freezeFalse_2025_12_11_00_21,pointodyssey,steps,100,True,False,2025_12_11_00_21,pfpascal,34.631,11000,110,34.3112,12000,120,0.31980000000000075
snapshots/pointodyssey_steps100_pretrainedTrue_freezeFalse_2025_12_11_00_21,pointodyssey_steps100_pretrainedTrue_freezeFalse_2025_12_11_00_21,pointodyssey,steps,100,True,False,2025_12_11_00_21,pfwillow,39.4889,10000,100,39.2778,12000,120,0.21110000000000184
snapshots/pointodyssey_steps100_pretrainedTrue_freezeFalse_2025_12_11_00_21,pointodyssey_steps100_pretrainedTrue_freezeFalse_2025_12_11_00_21,pointodyssey,steps,100,True,False,2025_12_11_00_21,pointodyssey,43.0383,2000,20,29.0834,12000,120,13.954899999999999
snapshots/pointodyssey_steps100_pretrainedTrue_freezeFalse_2025_12_11_00_21,pointodyssey_steps100_pretrainedTrue_freezeFalse_2025_12_11_00_21,pointodyssey,steps,100,True,False,2025_12_11_00_21,spair,16.2267,2000,20,12.9064,12000,120,3.3203000000000014
snapshots/pointodyssey_steps100_pretrainedTrue_freezeFalse_2025_12_11_00_21,pointodyssey_steps100_pretrainedTrue_freezeFalse_2025_12_11_00_21,pointodyssey,steps,100,True,False,2025_12_11_00_21,synthetic,34.9087,1000,10,33.0143,12000,120,1.8944000000000045
snapshots/pointodyssey_steps100_pretrainedTrue_freezeFalse_2025_12_11_00_21,pointodyssey_steps100_pretrainedTrue_freezeFalse_2025_12_11_00_21,pointodyssey,steps,100,True,False,2025_12_11_00_21,tss,61.5205,12000,120,61.5205,12000,120,0.0
snapshots/pointodyssey_steps100_pretrainedTrue_freezeFalse_2025_12_12_23_45,pointodyssey_steps100_pretrainedTrue_freezeFalse_2025_12_12_23_45,pointodyssey,steps,100,True,False,2025_12_12_23_45,flyingthings,85.7303,1000,10,67.8718,11000,110,17.858500000000006
snapshots/pointodyssey_steps100_pretrainedTrue_freezeFalse_2025_12_12_23_45,pointodyssey_steps100_pretrainedTrue_freezeFalse_2025_12_12_23_45,pointodyssey,steps,100,True,False,2025_12_12_23_45,kitti2012,94.8077,2000,20,73.8381,11000,110,20.9696
snapshots/pointodyssey_steps100_pretrainedTrue_freezeFalse_2025_12_12_23_45,pointodyssey_steps100_pretrainedTrue_freezeFalse_2025_12_12_23_45,pointodyssey,steps,100,True,False,2025_12_12_23_45,kitti2015,94.0828,2000,20,85.3526,11000,110,8.73020000000001
snapshots/pointodyssey_steps100_pretrainedTrue_freezeFalse_2025_12_12_23_45,pointodyssey_steps100_pretrainedTrue_freezeFalse_2025_12_12_23_45,pointodyssey,steps,100,True,False,2025_12_12_23_45,middlebury,53.9739,1000,10,49.0293,11000,110,4.944600000000001
snapshots/pointodyssey_steps100_pretrainedTrue_freezeFalse_2025_12_12_23_45,pointodyssey_steps100_pretrainedTrue_freezeFalse_2025_12_12_23_45,pointodyssey,steps,100,True,False,2025_12_12_23_45,pfpascal,36.0566,1000,10,13.0681,11000,110,22.988500000000002
snapshots/pointodyssey_steps100_pretrainedTrue_freezeFalse_2025_12_12_23_45,pointodyssey_steps100_pretrainedTrue_freezeFalse_2025_12_12_23_45,pointodyssey,steps,100,True,False,2025_12_12_23_45,pfwillow,38.8889,1000,10,19.0889,11000,110,19.8
snapshots/pointodyssey_steps100_pretrainedTrue_freezeFalse_2025_12_12_23_45,pointodyssey_steps100_pretrainedTrue_freezeFalse_2025_12_12_23_45,pointodyssey,steps,100,True,False,2025_12_12_23_45,pointodyssey,47.7362,2000,20,17.2384,11000,110,30.497799999999998
snapshots/pointodyssey_steps100_pretrainedTrue_freezeFalse_2025_12_12_23_45,pointodyssey_steps100_pretrainedTrue_freezeFalse_2025_12_12_23_45,pointodyssey,steps,100,True,False,2025_12_12_23_45,spair,18.9493,1000,10,5.5657,11000,110,13.383600000000001
snapshots/pointodyssey_steps100_pretrainedTrue_freezeFalse_2025_12_12_23_45,pointodyssey_steps100_pretrainedTrue_freezeFalse_2025_12_12_23_45,pointodyssey,steps,100,True,False,2025_12_12_23_45,synthetic,37.8367,1000,10,17.6424,11000,110,20.194300000000002
snapshots/pointodyssey_steps100_pretrainedTrue_freezeFalse_2025_12_12_23_45,pointodyssey_steps100_pretrainedTrue_freezeFalse_2025_12_12_23_45,pointodyssey,steps,100,True,False,2025_12_12_23_45,tss,56.9154,1000,10,33.5575,11000,110,23.3579
snapshots/pointodyssey_steps100_pretrainedTrue_freezeTrue_2025_12_11_00_21,pointodyssey_steps100_pretrainedTrue_freezeTrue_2025_12_11_00_21,pointodyssey,steps,100,True,True,2025_12_11_00_21,flyingthings,85.9076,2000,20,78.2877,12000,120,7.619900000000001
snapshots/pointodyssey_steps100_pretrainedTrue_freezeTrue_2025_12_11_00_21,pointodyssey_steps100_pretrainedTrue_freezeTrue_2025_12_11_00_21,pointodyssey,steps,100,True,True,2025_12_11_00_21,kitti2012,96.2913,2000,20,86.9009,12000,120,9.390400000000014
snapshots/pointodyssey_steps100_pretrainedTrue_freezeTrue_2025_12_11_00_21,pointodyssey_steps100_pretrainedTrue_freezeTrue_2025_12_11_00_21,pointodyssey,steps,100,True,True,2025_12_11_00_21,kitti2015,95.6029,2000,20,90.048,12000,120,5.5549000000000035
snapshots/pointodyssey_steps100_pretrainedTrue_freezeTrue_2025_12_11_00_21,pointodyssey_steps100_pretrainedTrue_freezeTrue_2025_12_11_00_21,pointodyssey,steps,100,True,True,2025_12_11_00_21,middlebury,54.6708,1000,10,52.7029,12000,120,1.9679000000000002
snapshots/pointodyssey_steps100_pretrainedTrue_freezeTrue_2025_12_11_00_21,pointodyssey_steps100_pretrainedTrue_freezeTrue_2025_12_11_00_21,pointodyssey,steps,100,True,True,2025_12_11_00_21,pfpascal,39.4992,2000,20,9.4953,12000,120,30.0039
snapshots/pointodyssey_steps100_pretrainedTrue_freezeTrue_2025_12_11_00_21,pointodyssey_steps100_pretrainedTrue_freezeTrue_2025_12_11_00_21,pointodyssey,steps,100,True,True,2025_12_11_00_21,pfwillow,39.8222,2000,20,12.5222,12000,120,27.300000000000004
snapshots/pointodyssey_steps100_pretrainedTrue_freezeTrue_2025_12_11_00_21,pointodyssey_steps100_pretrainedTrue_freezeTrue_2025_12_11_00_21,pointodyssey,steps,100,True,True,2025_12_11_00_21,pointodyssey,44.0164,2000,20,16.3629,12000,120,27.653499999999998
snapshots/pointodyssey_steps100_pretrainedTrue_freezeTrue_2025_12_11_00_21,pointodyssey_steps100_pretrainedTrue_freezeTrue_2025_12_11_00_21,pointodyssey,steps,100,True,True,2025_12_11_00_21,spair,19.9735,2000,20,4.7917,12000,120,15.181800000000003
snapshots/pointodyssey_steps100_pretrainedTrue_freezeTrue_2025_12_11_00_21,pointodyssey_steps100_pretrainedTrue_freezeTrue_2025_12_11_00_21,pointodyssey,steps,100,True,True,2025_12_11_00_21,synthetic,37.441,1000,10,18.6517,12000,120,18.7893
snapshots/pointodyssey_steps100_pretrainedTrue_freezeTrue_2025_12_11_00_21,pointodyssey_steps100_pretrainedTrue_freezeTrue_2025_12_11_00_21,pointodyssey,steps,100,True,True,2025_12_11_00_21,tss,58.1822,2000,20,17.8667,12000,120,40.3155
snapshots/pointodyssey_steps100_pretrainedTrue_freezeTrue_2025_12_12_23_45,pointodyssey_steps100_pretrainedTrue_freezeTrue_2025_12_12_23_45,pointodyssey,steps,100,True,True,2025_12_12_23_45,flyingthings,85.8889,2000,20,82.3173,12000,120,3.5716000000000037
snapshots/pointodyssey_steps100_pretrainedTrue_freezeTrue_2025_12_12_23_45,pointodyssey_steps100_pretrainedTrue_freezeTrue_2025_12_12_23_45,pointodyssey,steps,100,True,True,2025_12_12_23_45,kitti2012,96.6156,1000,10,94.8518,12000,120,1.7638000000000034
snapshots/pointodyssey_steps100_pretrainedTrue_freezeTrue_2025_12_12_23_45,pointodyssey_steps100_pretrainedTrue_freezeTrue_2025_12_12_23_45,pointodyssey,steps,100,True,True,2025_12_12_23_45,kitti2015,95.7375,1000,10,92.2699,12000,120,3.4675999999999902
snapshots/pointodyssey_steps100_pretrainedTrue_freezeTrue_2025_12_12_23_45,pointodyssey_steps100_pretrainedTrue_freezeTrue_2025_12_12_23_45,pointodyssey,steps,100,True,True,2025_12_12_23_45,middlebury,54.4244,2000,20,53.3176,12000,120,1.1067999999999998
snapshots/pointodyssey_steps100_pretrainedTrue_freezeTrue_2025_12_12_23_45,pointodyssey_steps100_pretrainedTrue_freezeTrue_2025_12_12_23_45,pointodyssey,steps,100,True,True,2025_12_12_23_45,pfpascal,35.9772,2000,20,11.9746,12000,120,24.0026
snapshots/pointodyssey_steps100_pretrainedTrue_freezeTrue_2025_12_12_23_45,pointodyssey_steps100_pretrainedTrue_freezeTrue_2025_12_12_23_45,pointodyssey,steps,100,True,True,2025_12_12_23_45,pfwillow,39.0222,2000,20,17.1889,12000,120,21.833299999999998
snapshots/pointodyssey_steps100_pretrainedTrue_freezeTrue_2025_12_12_23_45,pointodyssey_steps100_pretrainedTrue_freezeTrue_2025_12_12_23_45,pointodyssey,steps,100,True,True,2025_12_12_23_45,pointodyssey,48.9153,1000,10,23.4757,12000,120,25.439600000000002
snapshots/pointodyssey_steps100_pretrainedTrue_freezeTrue_2025_12_12_23_45,pointodyssey_steps100_pretrainedTrue_freezeTrue_2025_12_12_23_45,pointodyssey,steps,100,True,True,2025_12_12_23_45,spair,19.9326,2000,20,6.064,12000,120,13.8686
snapshots/pointodyssey_steps100_pretrainedTrue_freezeTrue_2025_12_12_23_45,pointodyssey_steps100_pretrainedTrue_freezeTrue_2025_12_12_23_45,pointodyssey,steps,100,True,True,2025_12_12_23_45,synthetic,37.5225,2000,20,20.999,12000,120,16.523500000000002
snapshots/pointodyssey_steps100_pretrainedTrue_freezeTrue_2025_12_12_23_45,pointodyssey_steps100_pretrainedTrue_freezeTrue_2025_12_12_23_45,pointodyssey,steps,100,True,True,2025_12_12_23_45,tss,56.8914,2000,20,34.9989,12000,120,21.8925
snapshots/sintel_logsteps100_pretrainedFalse_freezeFalse_2025_12_10_01_43,sintel_logsteps100_pretrainedFalse_freezeFalse_2025_12_10_01_43,sintel,logsteps,100,False,False,2025_12_10_01_43,flyingthings,82.3968,5000,50,82.3968,5000,50,0.0
snapshots/sintel_logsteps100_pretrainedFalse_freezeFalse_2025_12_10_01_43,sintel_logsteps100_pretrainedFalse_freezeFalse_2025_12_10_01_43,sintel,logsteps,100,False,False,2025_12_10_01_43,kitti2012,92.7222,3000,30,92.0828,5000,50,0.6393999999999949
snapshots/sintel_logsteps100_pretrainedFalse_freezeFalse_2025_12_10_01_43,sintel_logsteps100_pretrainedFalse_freezeFalse_2025_12_10_01_43,sintel,logsteps,100,False,False,2025_12_10_01_43,kitti2015,89.8294,5000,50,89.8294,5000,50,0.0
snapshots/sintel_logsteps100_pretrainedFalse_freezeFalse_2025_12_10_01_43,sintel_logsteps100_pretrainedFalse_freezeFalse_2025_12_10_01_43,sintel,logsteps,100,False,False,2025_12_10_01_43,middlebury,53.7967,3000,30,52.7323,5000,50,1.0643999999999991
snapshots/sintel_logsteps100_pretrainedFalse_freezeFalse_2025_12_10_01_43,sintel_logsteps100_pretrainedFalse_freezeFalse_2025_12_10_01_43,sintel,logsteps,100,False,False,2025_12_10_01_43,pfpascal,13.5761,3000,30,11.6953,5000,50,1.8808000000000007
snapshots/sintel_logsteps100_pretrainedFalse_freezeFalse_2025_12_10_01_43,sintel_logsteps100_pretrainedFalse_freezeFalse_2025_12_10_01_43,sintel,logsteps,100,False,False,2025_12_10_01_43,pfwillow,16.9333,1000,10,16.6444,5000,50,0.28889999999999816
snapshots/sintel_logsteps100_pretrainedFalse_freezeFalse_2025_12_10_01_43,sintel_logsteps100_pretrainedFalse_freezeFalse_2025_12_10_01_43,sintel,logsteps,100,False,False,2025_12_10_01_43,pointodyssey,41.0427,1000,10,34.7381,5000,50,6.304600000000001
snapshots/sintel_logsteps100_pretrainedFalse_freezeFalse_2025_12_10_01_43,sintel_logsteps100_pretrainedFalse_freezeFalse_2025_12_10_01_43,sintel,logsteps,100,False,False,2025_12_10_01_43,spair,3.3775,4000,40,3.1433,5000,50,0.23419999999999996
snapshots/sintel_logsteps100_pretrainedFalse_freezeFalse_2025_12_10_01_43,sintel_logsteps100_pretrainedFalse_freezeFalse_2025_12_10_01_43,sintel,logsteps,100,False,False,2025_12_10_01_43,synthetic,20.6541,5000,50,20.6541,5000,50,0.0
snapshots/sintel_logsteps100_pretrainedFalse_freezeFalse_2025_12_10_01_43,sintel_logsteps100_pretrainedFalse_freezeFalse_2025_12_10_01_43,sintel,logsteps,100,False,False,2025_12_10_01_43,tss,30.3702,3000,30,24.6414,5000,50,5.7288
snapshots/sintel_logsteps100_pretrainedFalse_freezeTrue_2025_12_10_01_43,sintel_logsteps100_pretrainedFalse_freezeTrue_2025_12_10_01_43,sintel,logsteps,100,False,True,2025_12_10_01_43,flyingthings,79.0626,4000,40,78.7759,5000,50,0.2867000000000104
snapshots/sintel_logsteps100_pretrainedFalse_freezeTrue_2025_12_10_01_43,sintel_logsteps100_pretrainedFalse_freezeTrue_2025_12_10_01_43,sintel,logsteps,100,False,True,2025_12_10_01_43,kitti2012,89.738,3000,30,89.1129,5000,50,0.6251000000000033
snapshots/sintel_logsteps100_pretrainedFalse_freezeTrue_2025_12_10_01_43,sintel_logsteps100_pretrainedFalse_freezeTrue_2025_12_10_01_43,sintel,logsteps,100,False,True,2025_12_10_01_43,kitti2015,86.1312,4000,40,85.8004,5000,50,0.33080000000001064
snapshots/sintel_logsteps100_pretrainedFalse_freezeTrue_2025_12_10_01_43,sintel_logsteps100_pretrainedFalse_freezeTrue_2025_12_10_01_43,sintel,logsteps,100,False,True,2025_12_10_01_43,middlebury,51.9353,5000,50,51.9353,5000,50,0.0
snapshots/sintel_logsteps100_pretrainedFalse_freezeTrue_2025_12_10_01_43,sintel_logsteps100_pretrainedFalse_freezeTrue_2025_12_10_01_43,sintel,logsteps,100,False,True,2025_12_10_01_43,pfpascal,14.8092,5000,50,14.8092,5000,50,0.0
snapshots/sintel_logsteps100_pretrainedFalse_freezeTrue_2025_12_10_01_43,sintel_logsteps100_pretrainedFalse_freezeTrue_2025_12_10_01_43,sintel,logsteps,100,False,True,2025_12_10_01_43,pfwillow,17.2667,5000,50,17.2667,5000,50,0.0
snapshots/sintel_logsteps100_pretrainedFalse_freezeTrue_2025_12_10_01_43,sintel_logsteps100_pretrainedFalse_freezeTrue_2025_12_10_01_43,sintel,logsteps,100,False,True,2025_12_10_01_43,pointodyssey,59.903,1000,10,27.1874,5000,50,32.715599999999995
snapshots/sintel_logsteps100_pretrainedFalse_freezeTrue_2025_12_10_01_43,sintel_logsteps100_pretrainedFalse_freezeTrue_2025_12_10_01_43,sintel,logsteps,100,False,True,2025_12_10_01_43,spair,3.2564,5000,50,3.2564,5000,50,0.0
snapshots/sintel_logsteps100_pretrainedFalse_freezeTrue_2025_12_10_01_43,sintel_logsteps100_pretrainedFalse_freezeTrue_2025_12_10_01_43,sintel,logsteps,100,False,True,2025_12_10_01_43,synthetic,16.6486,1000,10,16.581,5000,50,0.06759999999999877
snapshots/sintel_logsteps100_pretrainedFalse_freezeTrue_2025_12_10_01_43,sintel_logsteps100_pretrainedFalse_freezeTrue_2025_12_10_01_43,sintel,logsteps,100,False,True,2025_12_10_01_43,tss,32.7055,5000,50,32.7055,5000,50,0.0
snapshots/sintel_logsteps100_pretrainedTrue_freezeFalse_2025_12_10_01_43,sintel_logsteps100_pretrainedTrue_freezeFalse_2025_12_10_01_43,sintel,logsteps,100,True,False,2025_12_10_01_43,flyingthings,89.5685,3000,30,89.5053,5000,50,0.06319999999999482
snapshots/sintel_logsteps100_pretrainedTrue_freezeFalse_2025_12_10_01_43,sintel_logsteps100_pretrainedTrue_freezeFalse_2025_12_10_01_43,sintel,logsteps,100,True,False,2025_12_10_01_43,kitti2012,98.2263,5000,50,98.2263,5000,50,0.0
snapshots/sintel_logsteps100_pretrainedTrue_freezeFalse_2025_12_10_01_43,sintel_logsteps100_pretrainedTrue_freezeFalse_2025_12_10_01_43,sintel,logsteps,100,True,False,2025_12_10_01_43,kitti2015,96.7206,5000,50,96.7206,5000,50,0.0
snapshots/sintel_logsteps100_pretrainedTrue_freezeFalse_2025_12_10_01_43,sintel_logsteps100_pretrainedTrue_freezeFalse_2025_12_10_01_43,sintel,logsteps,100,True,False,2025_12_10_01_43,middlebury,54.5102,5000,50,54.5102,5000,50,0.0
snapshots/sintel_logsteps100_pretrainedTrue_freezeFalse_2025_12_10_01_43,sintel_logsteps100_pretrainedTrue_freezeFalse_2025_12_10_01_43,sintel,logsteps,100,True,False,2025_12_10_01_43,pfpascal,45.8192,2000,20,35.5864,5000,50,10.232800000000005
snapshots/sintel_logsteps100_pretrainedTrue_freezeFalse_2025_12_10_01_43,sintel_logsteps100_pretrainedTrue_freezeFalse_2025_12_10_01_43,sintel,logsteps,100,True,False,2025_12_10_01_43,pfwillow,48.1111,2000,20,41.8333,5000,50,6.277799999999999
snapshots/sintel_logsteps100_pretrainedTrue_freezeFalse_2025_12_10_01_43,sintel_logsteps100_pretrainedTrue_freezeFalse_2025_12_10_01_43,sintel,logsteps,100,True,False,2025_12_10_01_43,pointodyssey,86.6485,5000,50,86.6485,5000,50,0.0
snapshots/sintel_logsteps100_pretrainedTrue_freezeFalse_2025_12_10_01_43,sintel_logsteps100_pretrainedTrue_freezeFalse_2025_12_10_01_43,sintel,logsteps,100,True,False,2025_12_10_01_43,spair,19.3454,2000,20,12.0476,5000,50,7.297800000000002
snapshots/sintel_logsteps100_pretrainedTrue_freezeFalse_2025_12_10_01_43,sintel_logsteps100_pretrainedTrue_freezeFalse_2025_12_10_01_43,sintel,logsteps,100,True,False,2025_12_10_01_43,synthetic,42.0623,2000,20,36.6318,5000,50,5.430500000000002
snapshots/sintel_logsteps100_pretrainedTrue_freezeFalse_2025_12_10_01_43,sintel_logsteps100_pretrainedTrue_freezeFalse_2025_12_10_01_43,sintel,logsteps,100,True,False,2025_12_10_01_43,tss,65.3035,2000,20,62.9218,5000,50,2.381700000000002
snapshots/sintel_logsteps100_pretrainedTrue_freezeTrue_2025_12_10_01_43,sintel_logsteps100_pretrainedTrue_freezeTrue_2025_12_10_01_43,sintel,logsteps,100,True,True,2025_12_10_01_43,flyingthings,89.488,5000,50,89.488,5000,50,0.0
snapshots/sintel_logsteps100_pretrainedTrue_freezeTrue_2025_12_10_01_43,sintel_logsteps100_pretrainedTrue_freezeTrue_2025_12_10_01_43,sintel,logsteps,100,True,True,2025_12_10_01_43,kitti2012,97.8561,4000,40,97.5687,5000,50,0.287399999999991
snapshots/sintel_logsteps100_pretrainedTrue_freezeTrue_2025_12_10_01_43,sintel_logsteps100_pretrainedTrue_freezeTrue_2025_12_10_01_43,sintel,logsteps,100,True,True,2025_12_10_01_43,kitti2015,95.8158,2000,20,95.5417,5000,50,0.27409999999999
snapshots/sintel_logsteps100_pretrainedTrue_freezeTrue_2025_12_10_01_43,sintel_logsteps100_pretrainedTrue_freezeTrue_2025_12_10_01_43,sintel,logsteps,100,True,True,2025_12_10_01_43,middlebury,52.4219,4000,40,51.8097,5000,50,0.6122000000000014
snapshots/sintel_logsteps100_pretrainedTrue_freezeTrue_2025_12_10_01_43,sintel_logsteps100_pretrainedTrue_freezeTrue_2025_12_10_01_43,sintel,logsteps,100,True,True,2025_12_10_01_43,pfpascal,47.3689,3000,30,43.5874,5000,50,3.781499999999994
snapshots/sintel_logsteps100_pretrainedTrue_freezeTrue_2025_12_10_01_43,sintel_logsteps100_pretrainedTrue_freezeTrue_2025_12_10_01_43,sintel,logsteps,100,True,True,2025_12_10_01_43,pfwillow,51.8444,1000,10,49.6778,5000,50,2.1666000000000025
snapshots/sintel_logsteps100_pretrainedTrue_freezeTrue_2025_12_10_01_43,sintel_logsteps100_pretrainedTrue_freezeTrue_2025_12_10_01_43,sintel,logsteps,100,True,True,2025_12_10_01_43,pointodyssey,49.0507,5000,50,49.0507,5000,50,0.0
snapshots/sintel_logsteps100_pretrainedTrue_freezeTrue_2025_12_10_01_43,sintel_logsteps100_pretrainedTrue_freezeTrue_2025_12_10_01_43,sintel,logsteps,100,True,True,2025_12_10_01_43,spair,19.3655,3000,30,17.2067,5000,50,2.1587999999999994
snapshots/sintel_logsteps100_pretrainedTrue_freezeTrue_2025_12_10_01_43,sintel_logsteps100_pretrainedTrue_freezeTrue_2025_12_10_01_43,sintel,logsteps,100,True,True,2025_12_10_01_43,synthetic,39.5493,5000,50,39.5493,5000,50,0.0
snapshots/sintel_logsteps100_pretrainedTrue_freezeTrue_2025_12_10_01_43,sintel_logsteps100_pretrainedTrue_freezeTrue_2025_12_10_01_43,sintel,logsteps,100,True,True,2025_12_10_01_43,tss,65.1966,5000,50,65.1966,5000,50,0.0
snapshots/sintel_steps100_pretrainedFalse_freezeFalse_2025_12_10_17_12,sintel_steps100_pretrainedFalse_freezeFalse_2025_12_10_17_12,sintel,steps,100,False,False,2025_12_10_17_12,flyingthings,81.5571,13000,130,81.5571,13000,130,0.0
snapshots/sintel_steps100_pretrainedFalse_freezeFalse_2025_12_10_17_12,sintel_steps100_pretrainedFalse_freezeFalse_2025_12_10_17_12,sintel,steps,100,False,False,2025_12_10_17_12,kitti2012,91.867,9000,90,90.8462,13000,130,1.0208000000000084
snapshots/sintel_steps100_pretrainedFalse_freezeFalse_2025_12_10_17_12,sintel_steps100_pretrainedFalse_freezeFalse_2025_12_10_17_12,sintel,steps,100,False,False,2025_12_10_17_12,kitti2015,89.1247,13000,130,89.1247,13000,130,0.0
snapshots/sintel_steps100_pretrainedFalse_freezeFalse_2025_12_10_17_12,sintel_steps100_pretrainedFalse_freezeFalse_2025_12_10_17_12,sintel,steps,100,False,False,2025_12_10_17_12,middlebury,51.4943,4000,40,50.0391,13000,130,1.455200000000005
snapshots/sintel_steps100_pretrainedFalse_freezeFalse_2025_12_10_17_12,sintel_steps100_pretrainedFalse_freezeFalse_2025_12_10_17_12,sintel,steps,100,False,False,2025_12_10_17_12,pfpascal,13.6044,8000,80,12.1742,13000,130,1.4301999999999992
snapshots/sintel_steps100_pretrainedFalse_freezeFalse_2025_12_10_17_12,sintel_steps100_pretrainedFalse_freezeFalse_2025_12_10_17_12,sintel,steps,100,False,False,2025_12_10_17_12,pfwillow,16.9333,8000,80,15.7667,13000,130,1.166599999999999
snapshots/sintel_steps100_pretrainedFalse_freezeFalse_2025_12_10_17_12,sintel_steps100_pretrainedFalse_freezeFalse_2025_12_10_17_12,sintel,steps,100,False,False,2025_12_10_17_12,pointodyssey,43.3806,7000,70,39.4239,13000,130,3.956699999999998
snapshots/sintel_steps100_pretrainedFalse_freezeFalse_2025_12_10_17_12,sintel_steps100_pretrainedFalse_freezeFalse_2025_12_10_17_12,sintel,steps,100,False,False,2025_12_10_17_12,spair,3.8307,8000,80,3.7801,13000,130,0.0506000000000002
snapshots/sintel_steps100_pretrainedFalse_freezeFalse_2025_12_10_17_12,sintel_steps100_pretrainedFalse_freezeFalse_2025_12_10_17_12,sintel,steps,100,False,False,2025_12_10_17_12,synthetic,21.6707,11000,110,20.2796,13000,130,1.3911000000000016
snapshots/sintel_steps100_pretrainedFalse_freezeFalse_2025_12_10_17_12,sintel_steps100_pretrainedFalse_freezeFalse_2025_12_10_17_12,sintel,steps,100,False,False,2025_12_10_17_12,tss,29.0641,4000,40,27.9121,13000,130,1.152000000000001
snapshots/sintel_steps100_pretrainedFalse_freezeFalse_2025_12_12_11_45,sintel_steps100_pretrainedFalse_freezeFalse_2025_12_12_11_45,sintel,steps,100,False,False,2025_12_12_11_45,flyingthings,81.3689,11000,110,81.3689,11000,110,0.0
snapshots/sintel_steps100_pretrainedFalse_freezeFalse_2025_12_12_11_45,sintel_steps100_pretrainedFalse_freezeFalse_2025_12_12_11_45,sintel,steps,100,False,False,2025_12_12_11_45,kitti2012,91.7498,8000,80,91.1092,11000,110,0.6405999999999921
snapshots/sintel_steps100_pretrainedFalse_freezeFalse_2025_12_12_11_45,sintel_steps100_pretrainedFalse_freezeFalse_2025_12_12_11_45,sintel,steps,100,False,False,2025_12_12_11_45,kitti2015,89.7721,6000,60,89.2895,11000,110,0.4825999999999908
snapshots/sintel_steps100_pretrainedFalse_freezeFalse_2025_12_12_11_45,sintel_steps100_pretrainedFalse_freezeFalse_2025_12_12_11_45,sintel,steps,100,False,False,2025_12_12_11_45,middlebury,53.0021,1000,10,50.375,11000,110,2.6270999999999987
snapshots/sintel_steps100_pretrainedFalse_freezeFalse_2025_12_12_11_45,sintel_steps100_pretrainedFalse_freezeFalse_2025_12_12_11_45,sintel,steps,100,False,False,2025_12_12_11_45,pfpascal,13.7609,2000,20,13.2875,11000,110,0.4733999999999998
snapshots/sintel_steps100_pretrainedFalse_freezeFalse_2025_12_12_11_45,sintel_steps100_pretrainedFalse_freezeFalse_2025_12_12_11_45,sintel,steps,100,False,False,2025_12_12_11_45,pfwillow,18.0222,4000,40,17.9556,11000,110,0.0666000000000011
snapshots/sintel_steps100_pretrainedFalse_freezeFalse_2025_12_12_11_45,sintel_steps100_pretrainedFalse_freezeFalse_2025_12_12_11_45,sintel,steps,100,False,False,2025_12_12_11_45,pointodyssey,46.7204,9000,90,43.9706,11000,110,2.7498000000000005
snapshots/sintel_steps100_pretrainedFalse_freezeFalse_2025_12_12_11_45,sintel_steps100_pretrainedFalse_freezeFalse_2025_12_12_11_45,sintel,steps,100,False,False,2025_12_12_11_45,spair,3.6702,11000,110,3.6702,11000,110,0.0
snapshots/sintel_steps100_pretrainedFalse_freezeFalse_2025_12_12_11_45,sintel_steps100_pretrainedFalse_freezeFalse_2025_12_12_11_45,sintel,steps,100,False,False,2025_12_12_11_45,synthetic,22.8351,11000,110,22.8351,11000,110,0.0
snapshots/sintel_steps100_pretrainedFalse_freezeFalse_2025_12_12_11_45,sintel_steps100_pretrainedFalse_freezeFalse_2025_12_12_11_45,sintel,steps,100,False,False,2025_12_12_11_45,tss,28.8709,1000,10,25.6587,11000,110,3.2121999999999993
snapshots/sintel_steps100_pretrainedTrue_freezeFalse_2025_12_10_12_22,sintel_steps100_pretrainedTrue_freezeFalse_2025_12_10_12_22,sintel,steps,100,True,False,2025_12_10_12_22,flyingthings,89.6919,7000,70,89.5863,13000,130,0.10560000000000969
snapshots/sintel_steps100_pretrainedTrue_freezeFalse_2025_12_10_12_22,sintel_steps100_pretrainedTrue_freezeFalse_2025_12_10_12_22,sintel,steps,100,True,False,2025_12_10_12_22,kitti2012,98.4708,11000,110,98.4399,13000,130,0.030900000000002592
snapshots/sintel_steps100_pretrainedTrue_freezeFalse_2025_12_10_12_22,sintel_steps100_pretrainedTrue_freezeFalse_2025_12_10_12_22,sintel,steps,100,True,False,2025_12_10_12_22,kitti2015,96.9306,6000,60,96.4605,13000,130,0.4701000000000022
snapshots/sintel_steps100_pretrainedTrue_freezeFalse_2025_12_10_12_22,sintel_steps100_pretrainedTrue_freezeFalse_2025_12_10_12_22,sintel,steps,100,True,False,2025_12_10_12_22,middlebury,54.6923,9000,90,54.6633,13000,130,0.029000000000003467
snapshots/sintel_steps100_pretrainedTrue_freezeFalse_2025_12_10_12_22,sintel_steps100_pretrainedTrue_freezeFalse_2025_12_10_12_22,sintel,steps,100,True,False,2025_12_10_12_22,pfpascal,46.9193,1000,10,33.4798,13000,130,13.439500000000002
snapshots/sintel_steps100_pretrainedTrue_freezeFalse_2025_12_10_12_22,sintel_steps100_pretrainedTrue_freezeFalse_2025_12_10_12_22,sintel,steps,100,True,False,2025_12_10_12_22,pfwillow,48.4111,1000,10,41.3222,13000,130,7.088899999999995
snapshots/sintel_steps100_pretrainedTrue_freezeFalse_2025_12_10_12_22,sintel_steps100_pretrainedTrue_freezeFalse_2025_12_10_12_22,sintel,steps,100,True,False,2025_12_10_12_22,pointodyssey,80.8105,8000,80,77.1226,13000,130,3.687899999999999
snapshots/sintel_steps100_pretrainedTrue_freezeFalse_2025_12_10_12_22,sintel_steps100_pretrainedTrue_freezeFalse_2025_12_10_12_22,sintel,steps,100,True,False,2025_12_10_12_22,spair,18.6302,2000,20,11.3024,13000,130,7.327799999999998
snapshots/sintel_steps100_pretrainedTrue_freezeFalse_2025_12_10_12_22,sintel_steps100_pretrainedTrue_freezeFalse_2025_12_10_12_22,sintel,steps,100,True,False,2025_12_10_12_22,synthetic,41.912,2000,20,32.8287,13000,130,9.083300000000001
snapshots/sintel_steps100_pretrainedTrue_freezeFalse_2025_12_10_12_22,sintel_steps100_pretrainedTrue_freezeFalse_2025_12_10_12_22,sintel,steps,100,True,False,2025_12_10_12_22,tss,66.1415,1000,10,60.0996,13000,130,6.041899999999991
snapshots/sintel_steps100_pretrainedTrue_freezeFalse_2025_12_12_11_44,sintel_steps100_pretrainedTrue_freezeFalse_2025_12_12_11_44,sintel,steps,100,True,False,2025_12_12_11_44,flyingthings,89.4983,3000,30,89.2317,13000,130,0.26659999999999684
snapshots/sintel_steps100_pretrainedTrue_freezeFalse_2025_12_12_11_44,sintel_steps100_pretrainedTrue_freezeFalse_2025_12_12_11_44,sintel,steps,100,True,False,2025_12_12_11_44,kitti2012,98.0966,9000,90,97.9637,13000,130,0.13289999999999225
snapshots/sintel_steps100_pretrainedTrue_freezeFalse_2025_12_12_11_44,sintel_steps100_pretrainedTrue_freezeFalse_2025_12_12_11_44,sintel,steps,100,True,False,2025_12_12_11_44,kitti2015,96.0827,3000,30,95.3208,13000,130,0.7618999999999971
snapshots/sintel_steps100_pretrainedTrue_freezeFalse_2025_12_12_11_44,sintel_steps100_pretrainedTrue_freezeFalse_2025_12_12_11_44,sintel,steps,100,True,False,2025_12_12_11_44,middlebury,54.2957,5000,50,54.0824,13000,130,0.21329999999999671
snapshots/sintel_steps100_pretrainedTrue_freezeFalse_2025_12_12_11_44,sintel_steps100_pretrainedTrue_freezeFalse_2025_12_12_11_44,sintel,steps,100,True,False,2025_12_12_11_44,pfpascal,45.0321,1000,10,31.1524,13000,130,13.8797
snapshots/sintel_steps100_pretrainedTrue_freezeFalse_2025_12_12_11_44,sintel_steps100_pretrainedTrue_freezeFalse_2025_12_12_11_44,sintel,steps,100,True,False,2025_12_12_11_44,pfwillow,47.8556,1000,10,38.5778,13000,130,9.2778
snapshots/sintel_steps100_pretrainedTrue_freezeFalse_2025_12_12_11_44,sintel_steps100_pretrainedTrue_freezeFalse_2025_12_12_11_44,sintel,steps,100,True,False,2025_12_12_11_44,pointodyssey,85.8585,5000,50,69.3668,13000,130,16.49170000000001
snapshots/sintel_steps100_pretrainedTrue_freezeFalse_2025_12_12_11_44,sintel_steps100_pretrainedTrue_freezeFalse_2025_12_12_11_44,sintel,steps,100,True,False,2025_12_12_11_44,spair,18.0916,1000,10,11.9944,13000,130,6.097199999999999
snapshots/sintel_steps100_pretrainedTrue_freezeFalse_2025_12_12_11_44,sintel_steps100_pretrainedTrue_freezeFalse_2025_12_12_11_44,sintel,steps,100,True,False,2025_12_12_11_44,synthetic,42.0202,2000,20,34.1786,13000,130,7.8416
snapshots/sintel_steps100_pretrainedTrue_freezeFalse_2025_12_12_11_44,sintel_steps100_pretrainedTrue_freezeFalse_2025_12_12_11_44,sintel,steps,100,True,False,2025_12_12_11_44,tss,65.1263,2000,20,56.0782,13000,130,9.048099999999998
snapshots/sintel_steps100_pretrainedTrue_freezeTrue_2025_12_10_12_22,sintel_steps100_pretrainedTrue_freezeTrue_2025_12_10_12_22,sintel,steps,100,True,True,2025_12_10_12_22,flyingthings,89.4081,4000,40,89.0672,14000,140,0.34090000000000487
snapshots/sintel_steps100_pretrainedTrue_freezeTrue_2025_12_10_12_22,sintel_steps100_pretrainedTrue_freezeTrue_2025_12_10_12_22,sintel,steps,100,True,True,2025_12_10_12_22,kitti2012,98.037,14000,140,98.037,14000,140,0.0
snapshots/sintel_steps100_pretrainedTrue_freezeTrue_2025_12_10_12_22,sintel_steps100_pretrainedTrue_freezeTrue_2025_12_10_12_22,sintel,steps,100,True,True,2025_12_10_12_22,kitti2015,96.5283,7000,70,96.4535,14000,140,0.0747999999999962
snapshots/sintel_steps100_pretrainedTrue_freezeTrue_2025_12_10_12_22,sintel_steps100_pretrainedTrue_freezeTrue_2025_12_10_12_22,sintel,steps,100,True,True,2025_12_10_12_22,middlebury,54.5805,9000,90,54.5422,14000,140,0.03829999999999956
snapshots/sintel_steps100_pretrainedTrue_freezeTrue_2025_12_10_12_22,sintel_steps100_pretrainedTrue_freezeTrue_2025_12_10_12_22,sintel,steps,100,True,True,2025_12_10_12_22,pfpascal,45.8762,1000,10,34.9468,14000,140,10.929399999999994
snapshots/sintel_steps100_pretrainedTrue_freezeTrue_2025_12_10_12_22,sintel_steps100_pretrainedTrue_freezeTrue_2025_12_10_12_22,sintel,steps,100,True,True,2025_12_10_12_22,pfwillow,50.0,1000,10,36.4889,14000,140,13.511099999999999
snapshots/sintel_steps100_pretrainedTrue_freezeTrue_2025_12_10_12_22,sintel_steps100_pretrainedTrue_freezeTrue_2025_12_10_12_22,sintel,steps,100,True,True,2025_12_10_12_22,pointodyssey,66.5063,14000,140,66.5063,14000,140,0.0
snapshots/sintel_steps100_pretrainedTrue_freezeTrue_2025_12_10_12_22,sintel_steps100_pretrainedTrue_freezeTrue_2025_12_10_12_22,sintel,steps,100,True,True,2025_12_10_12_22,spair,19.2607,1000,10,10.1629,14000,140,9.0978
snapshots/sintel_steps100_pretrainedTrue_freezeTrue_2025_12_10_12_22,sintel_steps100_pretrainedTrue_freezeTrue_2025_12_10_12_22,sintel,steps,100,True,True,2025_12_10_12_22,synthetic,40.2285,2000,20,34.3174,14000,140,5.911099999999998
snapshots/sintel_steps100_pretrainedTrue_freezeTrue_2025_12_10_12_22,sintel_steps100_pretrainedTrue_freezeTrue_2025_12_10_12_22,sintel,steps,100,True,True,2025_12_10_12_22,tss,64.95,1000,10,59.6611,14000,140,5.288900000000005
snapshots/sintel_steps100_pretrainedTrue_freezeTrue_2025_12_12_11_44,sintel_steps100_pretrainedTrue_freezeTrue_2025_12_12_11_44,sintel,steps,100,True,True,2025_12_12_11_44,flyingthings,89.485,7000,70,89.1329,14000,140,0.352099999999993
snapshots/sintel_steps100_pretrainedTrue_freezeTrue_2025_12_12_11_44,sintel_steps100_pretrainedTrue_freezeTrue_2025_12_12_11_44,sintel,steps,100,True,True,2025_12_12_11_44,kitti2012,97.9941,14000,140,97.9941,14000,140,0.0
snapshots/sintel_steps100_pretrainedTrue_freezeTrue_2025_12_12_11_44,sintel_steps100_pretrainedTrue_freezeTrue_2025_12_12_11_44,sintel,steps,100,True,True,2025_12_12_11_44,kitti2015,96.196,6000,60,96.1079,14000,140,0.08809999999999718
snapshots/sintel_steps100_pretrainedTrue_freezeTrue_2025_12_12_11_44,sintel_steps100_pretrainedTrue_freezeTrue_2025_12_12_11_44,sintel,steps,100,True,True,2025_12_12_11_44,middlebury,54.4043,14000,140,54.4043,14000,140,0.0
snapshots/sintel_steps100_pretrainedTrue_freezeTrue_2025_12_12_11_44,sintel_steps100_pretrainedTrue_freezeTrue_2025_12_12_11_44,sintel,steps,100,True,True,2025_12_12_11_44,pfpascal,45.6425,1000,10,38.6858,14000,140,6.956699999999998
snapshots/sintel_steps100_pretrainedTrue_freezeTrue_2025_12_12_11_44,sintel_steps100_pretrainedTrue_freezeTrue_2025_12_12_11_44,sintel,steps,100,True,True,2025_12_12_11_44,pfwillow,50.6444,1000,10,42.2889,14000,140,8.3555
snapshots/sintel_steps100_pretrainedTrue_freezeTrue_2025_12_12_11_44,sintel_steps100_pretrainedTrue_freezeTrue_2025_12_12_11_44,sintel,steps,100,True,True,2025_12_12_11_44,pointodyssey,84.021,7000,70,80.283,14000,140,3.7379999999999995
snapshots/sintel_steps100_pretrainedTrue_freezeTrue_2025_12_12_11_44,sintel_steps100_pretrainedTrue_freezeTrue_2025_12_12_11_44,sintel,steps,100,True,True,2025_12_12_11_44,spair,18.731,1000,10,11.7711,14000,140,6.959900000000001
snapshots/sintel_steps100_pretrainedTrue_freezeTrue_2025_12_12_11_44,sintel_steps100_pretrainedTrue_freezeTrue_2025_12_12_11_44,sintel,steps,100,True,True,2025_12_12_11_44,synthetic,40.1668,4000,40,33.9903,14000,140,6.176500000000004
snapshots/sintel_steps100_pretrainedTrue_freezeTrue_2025_12_12_11_44,sintel_steps100_pretrainedTrue_freezeTrue_2025_12_12_11_44,sintel,steps,100,True,True,2025_12_12_11_44,tss,64.9179,1000,10,63.3492,14000,140,1.5686999999999998
snapshots/spair_logsteps100_pretrainedFalse_freezeFalse_2025_12_10_06_41,spair_logsteps100_pretrainedFalse_freezeFalse_2025_12_10_06_41,spair,logsteps,100,False,False,2025_12_10_06_41,flyingthings,3.0035,2000,20,2.9328,5000,50,0.07069999999999999
snapshots/spair_logsteps100_pretrainedFalse_freezeFalse_2025_12_10_06_41,spair_logsteps100_pretrainedFalse_freezeFalse_2025_12_10_06_41,spair,logsteps,100,False,False,2025_12_10_06_41,kitti2012,8.9486,5000,50,8.9486,5000,50,0.0
snapshots/spair_logsteps100_pretrainedFalse_freezeFalse_2025_12_10_06_41,spair_logsteps100_pretrainedFalse_freezeFalse_2025_12_10_06_41,spair,logsteps,100,False,False,2025_12_10_06_41,kitti2015,10.493,5000,50,10.493,5000,50,0.0
snapshots/spair_logsteps100_pretrainedFalse_freezeFalse_2025_12_10_06_41,spair_logsteps100_pretrainedFalse_freezeFalse_2025_12_10_06_41,spair,logsteps,100,False,False,2025_12_10_06_41,middlebury,3.3721,2000,20,2.8973,5000,50,0.4748000000000001
snapshots/spair_logsteps100_pretrainedFalse_freezeFalse_2025_12_10_06_41,spair_logsteps100_pretrainedFalse_freezeFalse_2025_12_10_06_41,spair,logsteps,100,False,False,2025_12_10_06_41,pfpascal,2.5689,5000,50,2.5689,5000,50,0.0
snapshots/spair_logsteps100_pretrainedFalse_freezeFalse_2025_12_10_06_41,spair_logsteps100_pretrainedFalse_freezeFalse_2025_12_10_06_41,spair,logsteps,100,False,False,2025_12_10_06_41,pfwillow,4.5444,5000,50,4.5444,5000,50,0.0
snapshots/spair_logsteps100_pretrainedFalse_freezeFalse_2025_12_10_06_41,spair_logsteps100_pretrainedFalse_freezeFalse_2025_12_10_06_41,spair,logsteps,100,False,False,2025_12_10_06_41,pointodyssey,3.8494,2000,20,3.3444,5000,50,0.5050000000000003
snapshots/spair_logsteps100_pretrainedFalse_freezeFalse_2025_12_10_06_41,spair_logsteps100_pretrainedFalse_freezeFalse_2025_12_10_06_41,spair,logsteps,100,False,False,2025_12_10_06_41,spair,2.6879,2000,20,2.6393,5000,50,0.04859999999999998
snapshots/spair_logsteps100_pretrainedFalse_freezeFalse_2025_12_10_06_41,spair_logsteps100_pretrainedFalse_freezeFalse_2025_12_10_06_41,spair,logsteps,100,False,False,2025_12_10_06_41,synthetic,3.3548,5000,50,3.3548,5000,50,0.0
snapshots/spair_logsteps100_pretrainedFalse_freezeFalse_2025_12_10_06_41,spair_logsteps100_pretrainedFalse_freezeFalse_2025_12_10_06_41,spair,logsteps,100,False,False,2025_12_10_06_41,tss,5.024,5000,50,5.024,5000,50,0.0
snapshots/spair_logsteps100_pretrainedTrue_freezeFalse_2025_12_10_06_42,spair_logsteps100_pretrainedTrue_freezeFalse_2025_12_10_06_42,spair,logsteps,100,True,False,2025_12_10_06_42,flyingthings,75.6918,1000,10,65.2576,5000,50,10.434200000000004
snapshots/spair_logsteps100_pretrainedTrue_freezeFalse_2025_12_10_06_42,spair_logsteps100_pretrainedTrue_freezeFalse_2025_12_10_06_42,spair,logsteps,100,True,False,2025_12_10_06_42,kitti2012,85.2029,1000,10,80.4457,5000,50,4.757199999999997
snapshots/spair_logsteps100_pretrainedTrue_freezeFalse_2025_12_10_06_42,spair_logsteps100_pretrainedTrue_freezeFalse_2025_12_10_06_42,spair,logsteps,100,True,False,2025_12_10_06_42,kitti2015,85.1674,1000,10,83.9862,5000,50,1.181200000000004
snapshots/spair_logsteps100_pretrainedTrue_freezeFalse_2025_12_10_06_42,spair_logsteps100_pretrainedTrue_freezeFalse_2025_12_10_06_42,spair,logsteps,100,True,False,2025_12_10_06_42,middlebury,51.4932,1000,10,44.8809,5000,50,6.612300000000005
snapshots/spair_logsteps100_pretrainedTrue_freezeFalse_2025_12_10_06_42,spair_logsteps100_pretrainedTrue_freezeFalse_2025_12_10_06_42,spair,logsteps,100,True,False,2025_12_10_06_42,pfpascal,34.4948,5000,50,34.4948,5000,50,0.0
snapshots/spair_logsteps100_pretrainedTrue_freezeFalse_2025_12_10_06_42,spair_logsteps100_pretrainedTrue_freezeFalse_2025_12_10_06_42,spair,logsteps,100,True,False,2025_12_10_06_42,pfwillow,40.9778,2000,20,39.0556,5000,50,1.9222000000000037
snapshots/spair_logsteps100_pretrainedTrue_freezeFalse_2025_12_10_06_42,spair_logsteps100_pretrainedTrue_freezeFalse_2025_12_10_06_42,spair,logsteps,100,True,False,2025_12_10_06_42,pointodyssey,38.0616,5000,50,38.0616,5000,50,0.0
snapshots/spair_logsteps100_pretrainedTrue_freezeFalse_2025_12_10_06_42,spair_logsteps100_pretrainedTrue_freezeFalse_2025_12_10_06_42,spair,logsteps,100,True,False,2025_12_10_06_42,spair,24.5477,5000,50,24.5477,5000,50,0.0
snapshots/spair_logsteps100_pretrainedTrue_freezeFalse_2025_12_10_06_42,spair_logsteps100_pretrainedTrue_freezeFalse_2025_12_10_06_42,spair,logsteps,100,True,False,2025_12_10_06_42,synthetic,38.2224,5000,50,38.2224,5000,50,0.0
snapshots/spair_logsteps100_pretrainedTrue_freezeFalse_2025_12_10_06_42,spair_logsteps100_pretrainedTrue_freezeFalse_2025_12_10_06_42,spair,logsteps,100,True,False,2025_12_10_06_42,tss,57.6929,5000,50,57.6929,5000,50,0.0
snapshots/spair_logsteps100_pretrainedTrue_freezeTrue_2025_12_10_06_26,spair_logsteps100_pretrainedTrue_freezeTrue_2025_12_10_06_26,spair,logsteps,100,True,True,2025_12_10_06_26,flyingthings,78.0346,1000,10,69.513,5000,50,8.521599999999992
snapshots/spair_logsteps100_pretrainedTrue_freezeTrue_2025_12_10_06_26,spair_logsteps100_pretrainedTrue_freezeTrue_2025_12_10_06_26,spair,logsteps,100,True,True,2025_12_10_06_26,kitti2012,86.8404,1000,10,84.6596,5000,50,2.180800000000005
snapshots/spair_logsteps100_pretrainedTrue_freezeTrue_2025_12_10_06_26,spair_logsteps100_pretrainedTrue_freezeTrue_2025_12_10_06_26,spair,logsteps,100,True,True,2025_12_10_06_26,kitti2015,86.1168,1000,10,85.649,5000,50,0.4677999999999969
snapshots/spair_logsteps100_pretrainedTrue_freezeTrue_2025_12_10_06_26,spair_logsteps100_pretrainedTrue_freezeTrue_2025_12_10_06_26,spair,logsteps,100,True,True,2025_12_10_06_26,middlebury,52.2641,1000,10,48.5662,5000,50,3.697899999999997
snapshots/spair_logsteps100_pretrainedTrue_freezeTrue_2025_12_10_06_26,spair_logsteps100_pretrainedTrue_freezeTrue_2025_12_10_06_26,spair,logsteps,100,True,True,2025_12_10_06_26,pfpascal,39.1641,1000,10,38.9979,5000,50,0.16619999999999635
snapshots/spair_logsteps100_pretrainedTrue_freezeTrue_2025_12_10_06_26,spair_logsteps100_pretrainedTrue_freezeTrue_2025_12_10_06_26,spair,logsteps,100,True,True,2025_12_10_06_26,pfwillow,43.1778,1000,10,42.9889,5000,50,0.18889999999999674
snapshots/spair_logsteps100_pretrainedTrue_freezeTrue_2025_12_10_06_26,spair_logsteps100_pretrainedTrue_freezeTrue_2025_12_10_06_26,spair,logsteps,100,True,True,2025_12_10_06_26,pointodyssey,36.1829,1000,10,31.6535,5000,50,4.529399999999995
snapshots/spair_logsteps100_pretrainedTrue_freezeTrue_2025_12_10_06_26,spair_logsteps100_pretrainedTrue_freezeTrue_2025_12_10_06_26,spair,logsteps,100,True,True,2025_12_10_06_26,spair,26.5946,5000,50,26.5946,5000,50,0.0
snapshots/spair_logsteps100_pretrainedTrue_freezeTrue_2025_12_10_06_26,spair_logsteps100_pretrainedTrue_freezeTrue_2025_12_10_06_26,spair,logsteps,100,True,True,2025_12_10_06_26,synthetic,41.5191,5000,50,41.5191,5000,50,0.0
snapshots/spair_logsteps100_pretrainedTrue_freezeTrue_2025_12_10_06_26,spair_logsteps100_pretrainedTrue_freezeTrue_2025_12_10_06_26,spair,logsteps,100,True,True,2025_12_10_06_26,tss,58.6396,5000,50,58.6396,5000,50,0.0
snapshots/spair_steps100_pretrainedFalse_freezeFalse_2025_12_10_22_16,spair_steps100_pretrainedFalse_freezeFalse_2025_12_10_22_16,spair,steps,100,False,False,2025_12_10_22_16,flyingthings,3.6695,11000,110,3.6695,11000,110,0.0
snapshots/spair_steps100_pretrainedFalse_freezeFalse_2025_12_10_22_16,spair_steps100_pretrainedFalse_freezeFalse_2025_12_10_22_16,spair,steps,100,False,False,2025_12_10_22_16,kitti2012,10.2437,11000,110,10.2437,11000,110,0.0
snapshots/spair_steps100_pretrainedFalse_freezeFalse_2025_12_10_22_16,spair_steps100_pretrainedFalse_freezeFalse_2025_12_10_22_16,spair,steps,100,False,False,2025_12_10_22_16,kitti2015,13.6757,8000,80,13.6013,11000,110,0.07440000000000069
snapshots/spair_steps100_pretrainedFalse_freezeFalse_2025_12_10_22_16,spair_steps100_pretrainedFalse_freezeFalse_2025_12_10_22_16,spair,steps,100,False,False,2025_12_10_22_16,middlebury,3.5001,11000,110,3.5001,11000,110,0.0
snapshots/spair_steps100_pretrainedFalse_freezeFalse_2025_12_10_22_16,spair_steps100_pretrainedFalse_freezeFalse_2025_12_10_22_16,spair,steps,100,False,False,2025_12_10_22_16,pfpascal,3.2124,11000,110,3.2124,11000,110,0.0
snapshots/spair_steps100_pretrainedFalse_freezeFalse_2025_12_10_22_16,spair_steps100_pretrainedFalse_freezeFalse_2025_12_10_22_16,spair,steps,100,False,False,2025_12_10_22_16,pfwillow,4.9,5000,50,4.4667,11000,110,0.4333
snapshots/spair_steps100_pretrainedFalse_freezeFalse_2025_12_10_22_16,spair_steps100_pretrainedFalse_freezeFalse_2025_12_10_22_16,spair,steps,100,False,False,2025_12_10_22_16,pointodyssey,3.7923,1000,10,2.9539,11000,110,0.8384
snapshots/spair_steps100_pretrainedFalse_freezeFalse_2025_12_10_22_16,spair_steps100_pretrainedFalse_freezeFalse_2025_12_10_22_16,spair,steps,100,False,False,2025_12_10_22_16,spair,3.0772,6000,60,2.9548,11000,110,0.12239999999999984
snapshots/spair_steps100_pretrainedFalse_freezeFalse_2025_12_10_22_16,spair_steps100_pretrainedFalse_freezeFalse_2025_12_10_22_16,spair,steps,100,False,False,2025_12_10_22_16,synthetic,4.1497,11000,110,4.1497,11000,110,0.0
snapshots/spair_steps100_pretrainedFalse_freezeFalse_2025_12_10_22_16,spair_steps100_pretrainedFalse_freezeFalse_2025_12_10_22_16,spair,steps,100,False,False,2025_12_10_22_16,tss,5.4415,11000,110,5.4415,11000,110,0.0
snapshots/spair_steps100_pretrainedFalse_freezeFalse_2025_12_12_23_44,spair_steps100_pretrainedFalse_freezeFalse_2025_12_12_23_44,spair,steps,100,False,False,2025_12_12_23_44,flyingthings,3.5835,13000,130,3.5835,13000,130,0.0
snapshots/spair_steps100_pretrainedFalse_freezeFalse_2025_12_12_23_44,spair_steps100_pretrainedFalse_freezeFalse_2025_12_12_23_44,spair,steps,100,False,False,2025_12_12_23_44,kitti2012,11.395,13000,130,11.395,13000,130,0.0
snapshots/spair_steps100_pretrainedFalse_freezeFalse_2025_12_12_23_44,spair_steps100_pretrainedFalse_freezeFalse_2025_12_12_23_44,spair,steps,100,False,False,2025_12_12_23_44,kitti2015,13.2311,10000,100,12.8972,13000,130,0.33389999999999986
snapshots/spair_steps100_pretrainedFalse_freezeFalse_2025_12_12_23_44,spair_steps100_pretrainedFalse_freezeFalse_2025_12_12_23_44,spair,steps,100,False,False,2025_12_12_23_44,middlebury,3.9999,13000,130,3.9999,13000,130,0.0
snapshots/spair_steps100_pretrainedFalse_freezeFalse_2025_12_12_23_44,spair_steps100_pretrainedFalse_freezeFalse_2025_12_12_23_44,spair,steps,100,False,False,2025_12_12_23_44,pfpascal,3.4385,12000,120,3.1607,13000,130,0.27780000000000005
snapshots/spair_steps100_pretrainedFalse_freezeFalse_2025_12_12_23_44,spair_steps100_pretrainedFalse_freezeFalse_2025_12_12_23_44,spair,steps,100,False,False,2025_12_12_23_44,pfwillow,5.1556,9000,90,5.0556,13000,130,0.09999999999999964
snapshots/spair_steps100_pretrainedFalse_freezeFalse_2025_12_12_23_44,spair_steps100_pretrainedFalse_freezeFalse_2025_12_12_23_44,spair,steps,100,False,False,2025_12_12_23_44,pointodyssey,4.52,6000,60,3.4244,13000,130,1.0955999999999997
snapshots/spair_steps100_pretrainedFalse_freezeFalse_2025_12_12_23_44,spair_steps100_pretrainedFalse_freezeFalse_2025_12_12_23_44,spair,steps,100,False,False,2025_12_12_23_44,spair,3.1295,13000,130,3.1295,13000,130,0.0
snapshots/spair_steps100_pretrainedFalse_freezeFalse_2025_12_12_23_44,spair_steps100_pretrainedFalse_freezeFalse_2025_12_12_23_44,spair,steps,100,False,False,2025_12_12_23_44,synthetic,3.9363,11000,110,3.8629,13000,130,0.07340000000000035
snapshots/spair_steps100_pretrainedFalse_freezeFalse_2025_12_12_23_44,spair_steps100_pretrainedFalse_freezeFalse_2025_12_12_23_44,spair,steps,100,False,False,2025_12_12_23_44,tss,6.0488,10000,100,6.0299,13000,130,0.01890000000000036
snapshots/spair_steps100_pretrainedTrue_freezeFalse_2025_12_10_20_45,spair_steps100_pretrainedTrue_freezeFalse_2025_12_10_20_45,spair,steps,100,True,False,2025_12_10_20_45,flyingthings,75.906,1000,10,36.5402,11000,110,39.36580000000001
snapshots/spair_steps100_pretrainedTrue_freezeFalse_2025_12_10_20_45,spair_steps100_pretrainedTrue_freezeFalse_2025_12_10_20_45,spair,steps,100,True,False,2025_12_10_20_45,kitti2012,86.1493,1000,10,53.6258,11000,110,32.5235
snapshots/spair_steps100_pretrainedTrue_freezeFalse_2025_12_10_20_45,spair_steps100_pretrainedTrue_freezeFalse_2025_12_10_20_45,spair,steps,100,True,False,2025_12_10_20_45,kitti2015,85.4833,1000,10,64.5226,11000,110,20.960700000000003
snapshots/spair_steps100_pretrainedTrue_freezeFalse_2025_12_10_20_45,spair_steps100_pretrainedTrue_freezeFalse_2025_12_10_20_45,spair,steps,100,True,False,2025_12_10_20_45,middlebury,52.2127,1000,10,28.0409,11000,110,24.171799999999998
snapshots/spair_steps100_pretrainedTrue_freezeFalse_2025_12_10_20_45,spair_steps100_pretrainedTrue_freezeFalse_2025_12_10_20_45,spair,steps,100,True,False,2025_12_10_20_45,pfpascal,36.7515,1000,10,20.3431,11000,110,16.4084
snapshots/spair_steps100_pretrainedTrue_freezeFalse_2025_12_10_20_45,spair_steps100_pretrainedTrue_freezeFalse_2025_12_10_20_45,spair,steps,100,True,False,2025_12_10_20_45,pfwillow,40.7889,1000,10,25.1556,11000,110,15.633299999999998
snapshots/spair_steps100_pretrainedTrue_freezeFalse_2025_12_10_20_45,spair_steps100_pretrainedTrue_freezeFalse_2025_12_10_20_45,spair,steps,100,True,False,2025_12_10_20_45,pointodyssey,55.1658,2000,20,21.1125,11000,110,34.05329999999999
snapshots/spair_steps100_pretrainedTrue_freezeFalse_2025_12_10_20_45,spair_steps100_pretrainedTrue_freezeFalse_2025_12_10_20_45,spair,steps,100,True,False,2025_12_10_20_45,spair,25.1361,1000,10,15.1552,11000,110,9.980899999999998
snapshots/spair_steps100_pretrainedTrue_freezeFalse_2025_12_10_20_45,spair_steps100_pretrainedTrue_freezeFalse_2025_12_10_20_45,spair,steps,100,True,False,2025_12_10_20_45,synthetic,40.2355,1000,10,24.1091,11000,110,16.1264
snapshots/spair_steps100_pretrainedTrue_freezeFalse_2025_12_10_20_45,spair_steps100_pretrainedTrue_freezeFalse_2025_12_10_20_45,spair,steps,100,True,False,2025_12_10_20_45,tss,55.0631,1000,10,40.0305,11000,110,15.032599999999995
snapshots/spair_steps100_pretrainedTrue_freezeFalse_2025_12_12_23_44,spair_steps100_pretrainedTrue_freezeFalse_2025_12_12_23_44,spair,steps,100,True,False,2025_12_12_23_44,flyingthings,69.698,1000,10,62.3943,13000,130,7.303699999999992
snapshots/spair_steps100_pretrainedTrue_freezeFalse_2025_12_12_23_44,spair_steps100_pretrainedTrue_freezeFalse_2025_12_12_23_44,spair,steps,100,True,False,2025_12_12_23_44,kitti2012,82.8422,1000,10,78.579,13000,130,4.263200000000012
snapshots/spair_steps100_pretrainedTrue_freezeFalse_2025_12_12_23_44,spair_steps100_pretrainedTrue_freezeFalse_2025_12_12_23_44,spair,steps,100,True,False,2025_12_12_23_44,kitti2015,82.7151,1000,10,81.6951,13000,130,1.0200000000000102
snapshots/spair_steps100_pretrainedTrue_freezeFalse_2025_12_12_23_44,spair_steps100_pretrainedTrue_freezeFalse_2025_12_12_23_44,spair,steps,100,True,False,2025_12_12_23_44,middlebury,48.809,1000,10,43.636,13000,130,5.172999999999995
snapshots/spair_steps100_pretrainedTrue_freezeFalse_2025_12_12_23_44,spair_steps100_pretrainedTrue_freezeFalse_2025_12_12_23_44,spair,steps,100,True,False,2025_12_12_23_44,pfpascal,34.5949,12000,120,34.5167,13000,130,0.07820000000000249
snapshots/spair_steps100_pretrainedTrue_freezeFalse_2025_12_12_23_44,spair_steps100_pretrainedTrue_freezeFalse_2025_12_12_23_44,spair,steps,100,True,False,2025_12_12_23_44,pfwillow,41.9556,8000,80,41.0222,13000,130,0.9333999999999989
snapshots/spair_steps100_pretrainedTrue_freezeFalse_2025_12_12_23_44,spair_steps100_pretrainedTrue_freezeFalse_2025_12_12_23_44,spair,steps,100,True,False,2025_12_12_23_44,pointodyssey,48.136,12000,120,47.6416,13000,130,0.49440000000000595
snapshots/spair_steps100_pretrainedTrue_freezeFalse_2025_12_12_23_44,spair_steps100_pretrainedTrue_freezeFalse_2025_12_12_23_44,spair,steps,100,True,False,2025_12_12_23_44,spair,25.9319,12000,120,25.8379,13000,130,0.09399999999999764
snapshots/spair_steps100_pretrainedTrue_freezeFalse_2025_12_12_23_44,spair_steps100_pretrainedTrue_freezeFalse_2025_12_12_23_44,spair,steps,100,True,False,2025_12_12_23_44,synthetic,35.9741,11000,110,34.2736,13000,130,1.7004999999999981
snapshots/spair_steps100_pretrainedTrue_freezeFalse_2025_12_12_23_44,spair_steps100_pretrainedTrue_freezeFalse_2025_12_12_23_44,spair,steps,100,True,False,2025_12_12_23_44,tss,56.2439,12000,120,55.9401,13000,130,0.3037999999999954
snapshots/spair_steps100_pretrainedTrue_freezeTrue_2025_12_10_19_45,spair_steps100_pretrainedTrue_freezeTrue_2025_12_10_19_45,spair,steps,100,True,True,2025_12_10_19_45,flyingthings,73.904,1000,10,65.3354,12000,120,8.56859999999999
snapshots/spair_steps100_pretrainedTrue_freezeTrue_2025_12_10_19_45,spair_steps100_pretrainedTrue_freezeTrue_2025_12_10_19_45,spair,steps,100,True,True,2025_12_10_19_45,kitti2012,82.9957,10000,100,82.66,12000,120,0.3357000000000028
snapshots/spair_steps100_pretrainedTrue_freezeTrue_2025_12_10_19_45,spair_steps100_pretrainedTrue_freezeTrue_2025_12_10_19_45,spair,steps,100,True,True,2025_12_10_19_45,kitti2015,84.8168,10000,100,84.6544,12000,120,0.1624000000000052
snapshots/spair_steps100_pretrainedTrue_freezeTrue_2025_12_10_19_45,spair_steps100_pretrainedTrue_freezeTrue_2025_12_10_19_45,spair,steps,100,True,True,2025_12_10_19_45,middlebury,50.4399,1000,10,45.3681,12000,120,5.071800000000003
snapshots/spair_steps100_pretrainedTrue_freezeTrue_2025_12_10_19_45,spair_steps100_pretrainedTrue_freezeTrue_2025_12_10_19_45,spair,steps,100,True,True,2025_12_10_19_45,pfpascal,39.5479,11000,110,38.4951,12000,120,1.0527999999999977
snapshots/spair_steps100_pretrainedTrue_freezeTrue_2025_12_10_19_45,spair_steps100_pretrainedTrue_freezeTrue_2025_12_10_19_45,spair,steps,100,True,True,2025_12_10_19_45,pfwillow,44.2222,11000,110,43.2778,12000,120,0.9444000000000017
snapshots/spair_steps100_pretrainedTrue_freezeTrue_2025_12_10_19_45,spair_steps100_pretrainedTrue_freezeTrue_2025_12_10_19_45,spair,steps,100,True,True,2025_12_10_19_45,pointodyssey,34.8879,1000,10,29.2317,12000,120,5.656200000000002
snapshots/spair_steps100_pretrainedTrue_freezeTrue_2025_12_10_19_45,spair_steps100_pretrainedTrue_freezeTrue_2025_12_10_19_45,spair,steps,100,True,True,2025_12_10_19_45,spair,27.2328,11000,110,26.6101,12000,120,0.6227000000000018
snapshots/spair_steps100_pretrainedTrue_freezeTrue_2025_12_10_19_45,spair_steps100_pretrainedTrue_freezeTrue_2025_12_10_19_45,spair,steps,100,True,True,2025_12_10_19_45,synthetic,40.8386,11000,110,38.4949,12000,120,2.3436999999999983
snapshots/spair_steps100_pretrainedTrue_freezeTrue_2025_12_10_19_45,spair_steps100_pretrainedTrue_freezeTrue_2025_12_10_19_45,spair,steps,100,True,True,2025_12_10_19_45,tss,59.4829,11000,110,58.948,12000,120,0.5349000000000004
snapshots/spair_steps100_pretrainedTrue_freezeTrue_2025_12_12_11_46,spair_steps100_pretrainedTrue_freezeTrue_2025_12_12_11_46,spair,steps,100,True,True,2025_12_12_11_46,flyingthings,73.9316,1000,10,64.4701,13000,130,9.461500000000001
snapshots/spair_steps100_pretrainedTrue_freezeTrue_2025_12_12_11_46,spair_steps100_pretrainedTrue_freezeTrue_2025_12_12_11_46,spair,steps,100,True,True,2025_12_12_11_46,kitti2012,81.6365,3000,30,80.6775,13000,130,0.9590000000000032
snapshots/spair_steps100_pretrainedTrue_freezeTrue_2025_12_12_11_46,spair_steps100_pretrainedTrue_freezeTrue_2025_12_12_11_46,spair,steps,100,True,True,2025_12_12_11_46,kitti2015,82.5839,13000,130,82.5839,13000,130,0.0
snapshots/spair_steps100_pretrainedTrue_freezeTrue_2025_12_12_11_46,spair_steps100_pretrainedTrue_freezeTrue_2025_12_12_11_46,spair,steps,100,True,True,2025_12_12_11_46,middlebury,50.8835,1000,10,45.1005,13000,130,5.783000000000001
snapshots/spair_steps100_pretrainedTrue_freezeTrue_2025_12_12_11_46,spair_steps100_pretrainedTrue_freezeTrue_2025_12_12_11_46,spair,steps,100,True,True,2025_12_12_11_46,pfpascal,38.298,9000,90,38.2855,13000,130,0.012500000000002842
snapshots/spair_steps100_pretrainedTrue_freezeTrue_2025_12_12_11_46,spair_steps100_pretrainedTrue_freezeTrue_2025_12_12_11_46,spair,steps,100,True,True,2025_12_12_11_46,pfwillow,44.2333,10000,100,43.7222,13000,130,0.511099999999999
snapshots/spair_steps100_pretrainedTrue_freezeTrue_2025_12_12_11_46,spair_steps100_pretrainedTrue_freezeTrue_2025_12_12_11_46,spair,steps,100,True,True,2025_12_12_11_46,pointodyssey,31.785,1000,10,29.0143,13000,130,2.7707000000000015
snapshots/spair_steps100_pretrainedTrue_freezeTrue_2025_12_12_11_46,spair_steps100_pretrainedTrue_freezeTrue_2025_12_12_11_46,spair,steps,100,True,True,2025_12_12_11_46,spair,26.303,13000,130,26.303,13000,130,0.0
snapshots/spair_steps100_pretrainedTrue_freezeTrue_2025_12_12_11_46,spair_steps100_pretrainedTrue_freezeTrue_2025_12_12_11_46,spair,steps,100,True,True,2025_12_12_11_46,synthetic,38.9236,11000,110,37.4168,13000,130,1.5067999999999984
snapshots/spair_steps100_pretrainedTrue_freezeTrue_2025_12_12_11_46,spair_steps100_pretrainedTrue_freezeTrue_2025_12_12_11_46,spair,steps,100,True,True,2025_12_12_11_46,tss,58.6616,13000,130,58.6616,13000,130,0.0
snapshots/spair_synthetic_70_30_steps100_pretrainedFalse_freezeFalse_2025_12_16_11_40,spair_synthetic_70_30_steps100_pretrainedFalse_freezeFalse_2025_12_16_11_40,spair_synthetic_70_30,steps,100,False,False,2025_12_16_11_40,flyingthings,38.4583,1000,10,38.4583,1000,10,0.0
snapshots/spair_synthetic_70_30_steps100_pretrainedFalse_freezeFalse_2025_12_16_11_40,spair_synthetic_70_30_steps100_pretrainedFalse_freezeFalse_2025_12_16_11_40,spair_synthetic_70_30,steps,100,False,False,2025_12_16_11_40,kitti2012,49.4785,1000,10,49.4785,1000,10,0.0
snapshots/spair_synthetic_70_30_steps100_pretrainedFalse_freezeFalse_2025_12_16_11_40,spair_synthetic_70_30_steps100_pretrainedFalse_freezeFalse_2025_12_16_11_40,spair_synthetic_70_30,steps,100,False,False,2025_12_16_11_40,kitti2015,49.9478,1000,10,49.9478,1000,10,0.0
snapshots/spair_synthetic_70_30_steps100_pretrainedFalse_freezeFalse_2025_12_16_11_40,spair_synthetic_70_30_steps100_pretrainedFalse_freezeFalse_2025_12_16_11_40,spair_synthetic_70_30,steps,100,False,False,2025_12_16_11_40,middlebury,25.4287,1000,10,25.4287,1000,10,0.0
snapshots/spair_synthetic_70_30_steps100_pretrainedFalse_freezeFalse_2025_12_16_11_40,spair_synthetic_70_30_steps100_pretrainedFalse_freezeFalse_2025_12_16_11_40,spair_synthetic_70_30,steps,100,False,False,2025_12_16_11_40,pfpascal,6.9249,1000,10,6.9249,1000,10,0.0
snapshots/spair_synthetic_70_30_steps100_pretrainedFalse_freezeFalse_2025_12_16_11_40,spair_synthetic_70_30_steps100_pretrainedFalse_freezeFalse_2025_12_16_11_40,spair_synthetic_70_30,steps,100,False,False,2025_12_16_11_40,pfwillow,8.9444,1000,10,8.9444,1000,10,0.0
snapshots/spair_synthetic_70_30_steps100_pretrainedFalse_freezeFalse_2025_12_16_11_40,spair_synthetic_70_30_steps100_pretrainedFalse_freezeFalse_2025_12_16_11_40,spair_synthetic_70_30,steps,100,False,False,2025_12_16_11_40,pointodyssey,9.1551,1000,10,9.1551,1000,10,0.0
snapshots/spair_synthetic_70_30_steps100_pretrainedFalse_freezeFalse_2025_12_16_11_40,spair_synthetic_70_30_steps100_pretrainedFalse_freezeFalse_2025_12_16_11_40,spair_synthetic_70_30,steps,100,False,False,2025_12_16_11_40,spair,2.7854,1000,10,2.7854,1000,10,0.0
snapshots/spair_synthetic_70_30_steps100_pretrainedFalse_freezeFalse_2025_12_16_11_40,spair_synthetic_70_30_steps100_pretrainedFalse_freezeFalse_2025_12_16_11_40,spair_synthetic_70_30,steps,100,False,False,2025_12_16_11_40,synthetic,11.517,1000,10,11.517,1000,10,0.0
snapshots/spair_synthetic_70_30_steps100_pretrainedFalse_freezeFalse_2025_12_16_11_40,spair_synthetic_70_30_steps100_pretrainedFalse_freezeFalse_2025_12_16_11_40,spair_synthetic_70_30,steps,100,False,False,2025_12_16_11_40,tss,14.7974,1000,10,14.7974,1000,10,0.0
snapshots/spair_synthetic_70_30_steps100_pretrainedFalse_freezeFalse_2025_12_17_03_25,spair_synthetic_70_30_steps100_pretrainedFalse_freezeFalse_2025_12_17_03_25,spair_synthetic_70_30,steps,100,False,False,2025_12_17_03_25,flyingthings,55.37,5000,50,54.8582,6000,60,0.5118000000000009
snapshots/spair_synthetic_70_30_steps100_pretrainedFalse_freezeFalse_2025_12_17_03_25,spair_synthetic_70_30_steps100_pretrainedFalse_freezeFalse_2025_12_17_03_25,spair_synthetic_70_30,steps,100,False,False,2025_12_17_03_25,kitti2012,73.133,5000,50,70.5966,6000,60,2.5364000000000004
snapshots/spair_synthetic_70_30_steps100_pretrainedFalse_freezeFalse_2025_12_17_03_25,spair_synthetic_70_30_steps100_pretrainedFalse_freezeFalse_2025_12_17_03_25,spair_synthetic_70_30,steps,100,False,False,2025_12_17_03_25,kitti2015,79.9992,5000,50,78.3846,6000,60,1.6145999999999958
snapshots/spair_synthetic_70_30_steps100_pretrainedFalse_freezeFalse_2025_12_17_03_25,spair_synthetic_70_30_steps100_pretrainedFalse_freezeFalse_2025_12_17_03_25,spair_synthetic_70_30,steps,100,False,False,2025_12_17_03_25,middlebury,36.8212,5000,50,36.3834,6000,60,0.43779999999999575
snapshots/spair_synthetic_70_30_steps100_pretrainedFalse_freezeFalse_2025_12_17_03_25,spair_synthetic_70_30_steps100_pretrainedFalse_freezeFalse_2025_12_17_03_25,spair_synthetic_70_30,steps,100,False,False,2025_12_17_03_25,pfpascal,12.9071,5000,50,12.3999,6000,60,0.5071999999999992
snapshots/spair_synthetic_70_30_steps100_pretrainedFalse_freezeFalse_2025_12_17_03_25,spair_synthetic_70_30_steps100_pretrainedFalse_freezeFalse_2025_12_17_03_25,spair_synthetic_70_30,steps,100,False,False,2025_12_17_03_25,pfwillow,13.1111,5000,50,12.5778,6000,60,0.5333000000000006
snapshots/spair_synthetic_70_30_steps100_pretrainedFalse_freezeFalse_2025_12_17_03_25,spair_synthetic_70_30_steps100_pretrainedFalse_freezeFalse_2025_12_17_03_25,spair_synthetic_70_30,steps,100,False,False,2025_12_17_03_25,pointodyssey,34.2888,6000,60,34.2888,6000,60,0.0
snapshots/spair_synthetic_70_30_steps100_pretrainedFalse_freezeFalse_2025_12_17_03_25,spair_synthetic_70_30_steps100_pretrainedFalse_freezeFalse_2025_12_17_03_25,spair_synthetic_70_30,steps,100,False,False,2025_12_17_03_25,spair,3.8119,5000,50,3.7435,6000,60,0.06840000000000002
snapshots/spair_synthetic_70_30_steps100_pretrainedFalse_freezeFalse_2025_12_17_03_25,spair_synthetic_70_30_steps100_pretrainedFalse_freezeFalse_2025_12_17_03_25,spair_synthetic_70_30,steps,100,False,False,2025_12_17_03_25,synthetic,17.9788,5000,50,16.8701,6000,60,1.108699999999999
snapshots/spair_synthetic_70_30_steps100_pretrainedFalse_freezeFalse_2025_12_17_03_25,spair_synthetic_70_30_steps100_pretrainedFalse_freezeFalse_2025_12_17_03_25,spair_synthetic_70_30,steps,100,False,False,2025_12_17_03_25,tss,25.872,5000,50,24.9984,6000,60,0.8735999999999997
snapshots/spair_synthetic_70_30_steps100_pretrainedFalse_freezeTrue_2025_12_16_11_38,spair_synthetic_70_30_steps100_pretrainedFalse_freezeTrue_2025_12_16_11_38,spair_synthetic_70_30,steps,100,False,True,2025_12_16_11_38,flyingthings,42.7888,1000,10,42.7888,1000,10,0.0
snapshots/spair_synthetic_70_30_steps100_pretrainedFalse_freezeTrue_2025_12_16_11_38,spair_synthetic_70_30_steps100_pretrainedFalse_freezeTrue_2025_12_16_11_38,spair_synthetic_70_30,steps,100,False,True,2025_12_16_11_38,kitti2012,61.3039,1000,10,61.3039,1000,10,0.0
snapshots/spair_synthetic_70_30_steps100_pretrainedFalse_freezeTrue_2025_12_16_11_38,spair_synthetic_70_30_steps100_pretrainedFalse_freezeTrue_2025_12_16_11_38,spair_synthetic_70_30,steps,100,False,True,2025_12_16_11_38,kitti2015,64.3157,1000,10,64.3157,1000,10,0.0
snapshots/spair_synthetic_70_30_steps100_pretrainedFalse_freezeTrue_2025_12_16_11_38,spair_synthetic_70_30_steps100_pretrainedFalse_freezeTrue_2025_12_16_11_38,spair_synthetic_70_30,steps,100,False,True,2025_12_16_11_38,middlebury,29.5004,1000,10,29.5004,1000,10,0.0
snapshots/spair_synthetic_70_30_steps100_pretrainedFalse_freezeTrue_2025_12_16_11_38,spair_synthetic_70_30_steps100_pretrainedFalse_freezeTrue_2025_12_16_11_38,spair_synthetic_70_30,steps,100,False,True,2025_12_16_11_38,pfpascal,9.4534,1000,10,9.4534,1000,10,0.0
snapshots/spair_synthetic_70_30_steps100_pretrainedFalse_freezeTrue_2025_12_16_11_38,spair_synthetic_70_30_steps100_pretrainedFalse_freezeTrue_2025_12_16_11_38,spair_synthetic_70_30,steps,100,False,True,2025_12_16_11_38,pfwillow,10.7222,1000,10,10.7222,1000,10,0.0
snapshots/spair_synthetic_70_30_steps100_pretrainedFalse_freezeTrue_2025_12_16_11_38,spair_synthetic_70_30_steps100_pretrainedFalse_freezeTrue_2025_12_16_11_38,spair_synthetic_70_30,steps,100,False,True,2025_12_16_11_38,pointodyssey,35.768,1000,10,35.768,1000,10,0.0
snapshots/spair_synthetic_70_30_steps100_pretrainedFalse_freezeTrue_2025_12_16_11_38,spair_synthetic_70_30_steps100_pretrainedFalse_freezeTrue_2025_12_16_11_38,spair_synthetic_70_30,steps,100,False,True,2025_12_16_11_38,spair,3.1428,1000,10,3.1428,1000,10,0.0
snapshots/spair_synthetic_70_30_steps100_pretrainedFalse_freezeTrue_2025_12_16_11_38,spair_synthetic_70_30_steps100_pretrainedFalse_freezeTrue_2025_12_16_11_38,spair_synthetic_70_30,steps,100,False,True,2025_12_16_11_38,synthetic,13.7022,1000,10,13.7022,1000,10,0.0
snapshots/spair_synthetic_70_30_steps100_pretrainedFalse_freezeTrue_2025_12_16_11_38,spair_synthetic_70_30_steps100_pretrainedFalse_freezeTrue_2025_12_16_11_38,spair_synthetic_70_30,steps,100,False,True,2025_12_16_11_38,tss,21.1646,1000,10,21.1646,1000,10,0.0
snapshots/spair_synthetic_70_30_steps100_pretrainedFalse_freezeTrue_2025_12_16_15_25,spair_synthetic_70_30_steps100_pretrainedFalse_freezeTrue_2025_12_16_15_25,spair_synthetic_70_30,steps,100,False,True,2025_12_16_15_25,flyingthings,58.3373,7000,70,58.3373,7000,70,0.0
snapshots/spair_synthetic_70_30_steps100_pretrainedFalse_freezeTrue_2025_12_16_15_25,spair_synthetic_70_30_steps100_pretrainedFalse_freezeTrue_2025_12_16_15_25,spair_synthetic_70_30,steps,100,False,True,2025_12_16_15_25,kitti2012,78.3715,7000,70,78.3715,7000,70,0.0
snapshots/spair_synthetic_70_30_steps100_pretrainedFalse_freezeTrue_2025_12_16_15_25,spair_synthetic_70_30_steps100_pretrainedFalse_freezeTrue_2025_12_16_15_25,spair_synthetic_70_30,steps,100,False,True,2025_12_16_15_25,kitti2015,83.5084,7000,70,83.5084,7000,70,0.0
snapshots/spair_synthetic_70_30_steps100_pretrainedFalse_freezeTrue_2025_12_16_15_25,spair_synthetic_70_30_steps100_pretrainedFalse_freezeTrue_2025_12_16_15_25,spair_synthetic_70_30,steps,100,False,True,2025_12_16_15_25,middlebury,39.1933,7000,70,39.1933,7000,70,0.0
snapshots/spair_synthetic_70_30_steps100_pretrainedFalse_freezeTrue_2025_12_16_15_25,spair_synthetic_70_30_steps100_pretrainedFalse_freezeTrue_2025_12_16_15_25,spair_synthetic_70_30,steps,100,False,True,2025_12_16_15_25,pfpascal,14.0382,4000,40,13.6184,7000,70,0.4198000000000004
snapshots/spair_synthetic_70_30_steps100_pretrainedFalse_freezeTrue_2025_12_16_15_25,spair_synthetic_70_30_steps100_pretrainedFalse_freezeTrue_2025_12_16_15_25,spair_synthetic_70_30,steps,100,False,True,2025_12_16_15_25,pfwillow,14.0444,7000,70,14.0444,7000,70,0.0
snapshots/spair_synthetic_70_30_steps100_pretrainedFalse_freezeTrue_2025_12_16_15_25,spair_synthetic_70_30_steps100_pretrainedFalse_freezeTrue_2025_12_16_15_25,spair_synthetic_70_30,steps,100,False,True,2025_12_16_15_25,pointodyssey,56.2446,5000,50,38.8589,7000,70,17.3857
snapshots/spair_synthetic_70_30_steps100_pretrainedFalse_freezeTrue_2025_12_16_15_25,spair_synthetic_70_30_steps100_pretrainedFalse_freezeTrue_2025_12_16_15_25,spair_synthetic_70_30,steps,100,False,True,2025_12_16_15_25,spair,3.9754,7000,70,3.9754,7000,70,0.0
snapshots/spair_synthetic_70_30_steps100_pretrainedFalse_freezeTrue_2025_12_16_15_25,spair_synthetic_70_30_steps100_pretrainedFalse_freezeTrue_2025_12_16_15_25,spair_synthetic_70_30,steps,100,False,True,2025_12_16_15_25,synthetic,20.0255,4000,40,18.6027,7000,70,1.4228000000000023
snapshots/spair_synthetic_70_30_steps100_pretrainedFalse_freezeTrue_2025_12_16_15_25,spair_synthetic_70_30_steps100_pretrainedFalse_freezeTrue_2025_12_16_15_25,spair_synthetic_70_30,steps,100,False,True,2025_12_16_15_25,tss,28.4308,7000,70,28.4308,7000,70,0.0
snapshots/spair_synthetic_70_30_steps100_pretrainedTrue_freezeFalse_2025_12_16_11_38,spair_synthetic_70_30_steps100_pretrainedTrue_freezeFalse_2025_12_16_11_38,spair_synthetic_70_30,steps,100,True,False,2025_12_16_11_38,flyingthings,85.6068,1000,10,85.6068,1000,10,0.0
snapshots/spair_synthetic_70_30_steps100_pretrainedTrue_freezeFalse_2025_12_16_11_38,spair_synthetic_70_30_steps100_pretrainedTrue_freezeFalse_2025_12_16_11_38,spair_synthetic_70_30,steps,100,True,False,2025_12_16_11_38,kitti2012,90.6149,1000,10,90.6149,1000,10,0.0
snapshots/spair_synthetic_70_30_steps100_pretrainedTrue_freezeFalse_2025_12_16_11_38,spair_synthetic_70_30_steps100_pretrainedTrue_freezeFalse_2025_12_16_11_38,spair_synthetic_70_30,steps,100,True,False,2025_12_16_11_38,kitti2015,91.499,1000,10,91.499,1000,10,0.0
snapshots/spair_synthetic_70_30_steps100_pretrainedTrue_freezeFalse_2025_12_16_11_38,spair_synthetic_70_30_steps100_pretrainedTrue_freezeFalse_2025_12_16_11_38,spair_synthetic_70_30,steps,100,True,False,2025_12_16_11_38,middlebury,52.5248,1000,10,52.5248,1000,10,0.0
snapshots/spair_synthetic_70_30_steps100_pretrainedTrue_freezeFalse_2025_12_16_11_38,spair_synthetic_70_30_steps100_pretrainedTrue_freezeFalse_2025_12_16_11_38,spair_synthetic_70_30,steps,100,True,False,2025_12_16_11_38,pfpascal,45.7686,1000,10,45.7686,1000,10,0.0
snapshots/spair_synthetic_70_30_steps100_pretrainedTrue_freezeFalse_2025_12_16_11_38,spair_synthetic_70_30_steps100_pretrainedTrue_freezeFalse_2025_12_16_11_38,spair_synthetic_70_30,steps,100,True,False,2025_12_16_11_38,pfwillow,48.2778,1000,10,48.2778,1000,10,0.0
snapshots/spair_synthetic_70_30_steps100_pretrainedTrue_freezeFalse_2025_12_16_11_38,spair_synthetic_70_30_steps100_pretrainedTrue_freezeFalse_2025_12_16_11_38,spair_synthetic_70_30,steps,100,True,False,2025_12_16_11_38,pointodyssey,45.5394,1000,10,45.5394,1000,10,0.0
snapshots/spair_synthetic_70_30_steps100_pretrainedTrue_freezeFalse_2025_12_16_11_38,spair_synthetic_70_30_steps100_pretrainedTrue_freezeFalse_2025_12_16_11_38,spair_synthetic_70_30,steps,100,True,False,2025_12_16_11_38,spair,23.4959,1000,10,23.4959,1000,10,0.0
snapshots/spair_synthetic_70_30_steps100_pretrainedTrue_freezeFalse_2025_12_16_11_38,spair_synthetic_70_30_steps100_pretrainedTrue_freezeFalse_2025_12_16_11_38,spair_synthetic_70_30,steps,100,True,False,2025_12_16_11_38,synthetic,41.1933,1000,10,41.1933,1000,10,0.0
snapshots/spair_synthetic_70_30_steps100_pretrainedTrue_freezeFalse_2025_12_16_11_38,spair_synthetic_70_30_steps100_pretrainedTrue_freezeFalse_2025_12_16_11_38,spair_synthetic_70_30,steps,100,True,False,2025_12_16_11_38,tss,64.2911,1000,10,64.2911,1000,10,0.0
snapshots/spair_synthetic_70_30_steps100_pretrainedTrue_freezeFalse_2025_12_17_03_25,spair_synthetic_70_30_steps100_pretrainedTrue_freezeFalse_2025_12_17_03_25,spair_synthetic_70_30,steps,100,True,False,2025_12_17_03_25,flyingthings,87.7127,6000,60,87.7127,6000,60,0.0
snapshots/spair_synthetic_70_30_steps100_pretrainedTrue_freezeFalse_2025_12_17_03_25,spair_synthetic_70_30_steps100_pretrainedTrue_freezeFalse_2025_12_17_03_25,spair_synthetic_70_30,steps,100,True,False,2025_12_17_03_25,kitti2012,94.9561,4000,40,93.7696,6000,60,1.1865000000000094
snapshots/spair_synthetic_70_30_steps100_pretrainedTrue_freezeFalse_2025_12_17_03_25,spair_synthetic_70_30_steps100_pretrainedTrue_freezeFalse_2025_12_17_03_25,spair_synthetic_70_30,steps,100,True,False,2025_12_17_03_25,kitti2015,94.8978,4000,40,94.0483,6000,60,0.8495000000000061
snapshots/spair_synthetic_70_30_steps100_pretrainedTrue_freezeFalse_2025_12_17_03_25,spair_synthetic_70_30_steps100_pretrainedTrue_freezeFalse_2025_12_17_03_25,spair_synthetic_70_30,steps,100,True,False,2025_12_17_03_25,middlebury,53.5579,1000,10,52.8254,6000,60,0.7324999999999946
snapshots/spair_synthetic_70_30_steps100_pretrainedTrue_freezeFalse_2025_12_17_03_25,spair_synthetic_70_30_steps100_pretrainedTrue_freezeFalse_2025_12_17_03_25,spair_synthetic_70_30,steps,100,True,False,2025_12_17_03_25,pfpascal,45.8362,3000,30,43.0925,6000,60,2.743699999999997
snapshots/spair_synthetic_70_30_steps100_pretrainedTrue_freezeFalse_2025_12_17_03_25,spair_synthetic_70_30_steps100_pretrainedTrue_freezeFalse_2025_12_17_03_25,spair_synthetic_70_30,steps,100,True,False,2025_12_17_03_25,pfwillow,50.4444,3000,30,48.1889,6000,60,2.255500000000005
snapshots/spair_synthetic_70_30_steps100_pretrainedTrue_freezeFalse_2025_12_17_03_25,spair_synthetic_70_30_steps100_pretrainedTrue_freezeFalse_2025_12_17_03_25,spair_synthetic_70_30,steps,100,True,False,2025_12_17_03_25,pointodyssey,59.8778,1000,10,43.9748,6000,60,15.902999999999999
snapshots/spair_synthetic_70_30_steps100_pretrainedTrue_freezeFalse_2025_12_17_03_25,spair_synthetic_70_30_steps100_pretrainedTrue_freezeFalse_2025_12_17_03_25,spair_synthetic_70_30,steps,100,True,False,2025_12_17_03_25,spair,22.5561,2000,20,20.3554,6000,60,2.200700000000001
snapshots/spair_synthetic_70_30_steps100_pretrainedTrue_freezeFalse_2025_12_17_03_25,spair_synthetic_70_30_steps100_pretrainedTrue_freezeFalse_2025_12_17_03_25,spair_synthetic_70_30,steps,100,True,False,2025_12_17_03_25,synthetic,45.6676,5000,50,43.1577,6000,60,2.509900000000002
snapshots/spair_synthetic_70_30_steps100_pretrainedTrue_freezeFalse_2025_12_17_03_25,spair_synthetic_70_30_steps100_pretrainedTrue_freezeFalse_2025_12_17_03_25,spair_synthetic_70_30,steps,100,True,False,2025_12_17_03_25,tss,65.5614,6000,60,65.5614,6000,60,0.0
snapshots/spair_synthetic_70_30_steps100_pretrainedTrue_freezeTrue_2025_12_16_11_37,spair_synthetic_70_30_steps100_pretrainedTrue_freezeTrue_2025_12_16_11_37,spair_synthetic_70_30,steps,100,True,True,2025_12_16_11_37,flyingthings,86.528,1000,10,86.528,1000,10,0.0
snapshots/spair_synthetic_70_30_steps100_pretrainedTrue_freezeTrue_2025_12_16_11_37,spair_synthetic_70_30_steps100_pretrainedTrue_freezeTrue_2025_12_16_11_37,spair_synthetic_70_30,steps,100,True,True,2025_12_16_11_37,kitti2012,93.7795,1000,10,93.7795,1000,10,0.0
snapshots/spair_synthetic_70_30_steps100_pretrainedTrue_freezeTrue_2025_12_16_11_37,spair_synthetic_70_30_steps100_pretrainedTrue_freezeTrue_2025_12_16_11_37,spair_synthetic_70_30,steps,100,True,True,2025_12_16_11_37,kitti2015,94.3098,1000,10,94.3098,1000,10,0.0
snapshots/spair_synthetic_70_30_steps100_pretrainedTrue_freezeTrue_2025_12_16_11_37,spair_synthetic_70_30_steps100_pretrainedTrue_freezeTrue_2025_12_16_11_37,spair_synthetic_70_30,steps,100,True,True,2025_12_16_11_37,middlebury,52.5826,1000,10,52.5826,1000,10,0.0
snapshots/spair_synthetic_70_30_steps100_pretrainedTrue_freezeTrue_2025_12_16_11_37,spair_synthetic_70_30_steps100_pretrainedTrue_freezeTrue_2025_12_16_11_37,spair_synthetic_70_30,steps,100,True,True,2025_12_16_11_37,pfpascal,48.2446,1000,10,48.2446,1000,10,0.0
snapshots/spair_synthetic_70_30_steps100_pretrainedTrue_freezeTrue_2025_12_16_11_37,spair_synthetic_70_30_steps100_pretrainedTrue_freezeTrue_2025_12_16_11_37,spair_synthetic_70_30,steps,100,True,True,2025_12_16_11_37,pfwillow,49.3444,1000,10,49.3444,1000,10,0.0
snapshots/spair_synthetic_70_30_steps100_pretrainedTrue_freezeTrue_2025_12_16_11_37,spair_synthetic_70_30_steps100_pretrainedTrue_freezeTrue_2025_12_16_11_37,spair_synthetic_70_30,steps,100,True,True,2025_12_16_11_37,pointodyssey,42.9922,1000,10,42.9922,1000,10,0.0
snapshots/spair_synthetic_70_30_steps100_pretrainedTrue_freezeTrue_2025_12_16_11_37,spair_synthetic_70_30_steps100_pretrainedTrue_freezeTrue_2025_12_16_11_37,spair_synthetic_70_30,steps,100,True,True,2025_12_16_11_37,spair,26.0799,1000,10,26.0799,1000,10,0.0
snapshots/spair_synthetic_70_30_steps100_pretrainedTrue_freezeTrue_2025_12_16_11_37,spair_synthetic_70_30_steps100_pretrainedTrue_freezeTrue_2025_12_16_11_37,spair_synthetic_70_30,steps,100,True,True,2025_12_16_11_37,synthetic,43.7363,1000,10,43.7363,1000,10,0.0
snapshots/spair_synthetic_70_30_steps100_pretrainedTrue_freezeTrue_2025_12_16_11_37,spair_synthetic_70_30_steps100_pretrainedTrue_freezeTrue_2025_12_16_11_37,spair_synthetic_70_30,steps,100,True,True,2025_12_16_11_37,tss,64.642,1000,10,64.642,1000,10,0.0
snapshots/spair_synthetic_70_30_steps100_pretrainedTrue_freezeTrue_2025_12_16_15_25,spair_synthetic_70_30_steps100_pretrainedTrue_freezeTrue_2025_12_16_15_25,spair_synthetic_70_30,steps,100,True,True,2025_12_16_15_25,flyingthings,87.9527,7000,70,87.9527,7000,70,0.0
snapshots/spair_synthetic_70_30_steps100_pretrainedTrue_freezeTrue_2025_12_16_15_25,spair_synthetic_70_30_steps100_pretrainedTrue_freezeTrue_2025_12_16_15_25,spair_synthetic_70_30,steps,100,True,True,2025_12_16_15_25,kitti2012,96.1152,5000,50,95.4073,7000,70,0.7078999999999951
snapshots/spair_synthetic_70_30_steps100_pretrainedTrue_freezeTrue_2025_12_16_15_25,spair_synthetic_70_30_steps100_pretrainedTrue_freezeTrue_2025_12_16_15_25,spair_synthetic_70_30,steps,100,True,True,2025_12_16_15_25,kitti2015,95.8882,5000,50,95.0262,7000,70,0.8619999999999948
snapshots/spair_synthetic_70_30_steps100_pretrainedTrue_freezeTrue_2025_12_16_15_25,spair_synthetic_70_30_steps100_pretrainedTrue_freezeTrue_2025_12_16_15_25,spair_synthetic_70_30,steps,100,True,True,2025_12_16_15_25,middlebury,53.9527,6000,60,52.3696,7000,70,1.5831000000000017
snapshots/spair_synthetic_70_30_steps100_pretrainedTrue_freezeTrue_2025_12_16_15_25,spair_synthetic_70_30_steps100_pretrainedTrue_freezeTrue_2025_12_16_15_25,spair_synthetic_70_30,steps,100,True,True,2025_12_16_15_25,pfpascal,51.3382,5000,50,49.2788,7000,70,2.0594000000000037
snapshots/spair_synthetic_70_30_steps100_pretrainedTrue_freezeTrue_2025_12_16_15_25,spair_synthetic_70_30_steps100_pretrainedTrue_freezeTrue_2025_12_16_15_25,spair_synthetic_70_30,steps,100,True,True,2025_12_16_15_25,pfwillow,52.6889,5000,50,50.0333,7000,70,2.6555999999999997
snapshots/spair_synthetic_70_30_steps100_pretrainedTrue_freezeTrue_2025_12_16_15_25,spair_synthetic_70_30_steps100_pretrainedTrue_freezeTrue_2025_12_16_15_25,spair_synthetic_70_30,steps,100,True,True,2025_12_16_15_25,pointodyssey,58.3641,1000,10,46.5996,7000,70,11.764499999999998
snapshots/spair_synthetic_70_30_steps100_pretrainedTrue_freezeTrue_2025_12_16_15_25,spair_synthetic_70_30_steps100_pretrainedTrue_freezeTrue_2025_12_16_15_25,spair_synthetic_70_30,steps,100,True,True,2025_12_16_15_25,spair,27.6162,5000,50,25.4894,7000,70,2.1267999999999994
snapshots/spair_synthetic_70_30_steps100_pretrainedTrue_freezeTrue_2025_12_16_15_25,spair_synthetic_70_30_steps100_pretrainedTrue_freezeTrue_2025_12_16_15_25,spair_synthetic_70_30,steps,100,True,True,2025_12_16_15_25,synthetic,46.5992,5000,50,45.0989,7000,70,1.5003000000000029
snapshots/spair_synthetic_70_30_steps100_pretrainedTrue_freezeTrue_2025_12_16_15_25,spair_synthetic_70_30_steps100_pretrainedTrue_freezeTrue_2025_12_16_15_25,spair_synthetic_70_30,steps,100,True,True,2025_12_16_15_25,tss,65.6284,6000,60,64.7135,7000,70,0.9149000000000029
snapshots/spair_synthetic_steps100_pretrainedFalse_freezeFalse_2025_12_16_11_37,spair_synthetic_steps100_pretrainedFalse_freezeFalse_2025_12_16_11_37,spair_synthetic,steps,100,False,False,2025_12_16_11_37,flyingthings,52.3252,1000,10,52.3252,1000,10,0.0
snapshots/spair_synthetic_steps100_pretrainedFalse_freezeFalse_2025_12_16_11_37,spair_synthetic_steps100_pretrainedFalse_freezeFalse_2025_12_16_11_37,spair_synthetic,steps,100,False,False,2025_12_16_11_37,kitti2012,69.0385,1000,10,69.0385,1000,10,0.0
snapshots/spair_synthetic_steps100_pretrainedFalse_freezeFalse_2025_12_16_11_37,spair_synthetic_steps100_pretrainedFalse_freezeFalse_2025_12_16_11_37,spair_synthetic,steps,100,False,False,2025_12_16_11_37,kitti2015,72.9642,1000,10,72.9642,1000,10,0.0
snapshots/spair_synthetic_steps100_pretrainedFalse_freezeFalse_2025_12_16_11_37,spair_synthetic_steps100_pretrainedFalse_freezeFalse_2025_12_16_11_37,spair_synthetic,steps,100,False,False,2025_12_16_11_37,middlebury,35.9947,1000,10,35.9947,1000,10,0.0
snapshots/spair_synthetic_steps100_pretrainedFalse_freezeFalse_2025_12_16_11_37,spair_synthetic_steps100_pretrainedFalse_freezeFalse_2025_12_16_11_37,spair_synthetic,steps,100,False,False,2025_12_16_11_37,pfpascal,9.2969,1000,10,9.2969,1000,10,0.0
snapshots/spair_synthetic_steps100_pretrainedFalse_freezeFalse_2025_12_16_11_37,spair_synthetic_steps100_pretrainedFalse_freezeFalse_2025_12_16_11_37,spair_synthetic,steps,100,False,False,2025_12_16_11_37,pfwillow,9.8778,1000,10,9.8778,1000,10,0.0
snapshots/spair_synthetic_steps100_pretrainedFalse_freezeFalse_2025_12_16_11_37,spair_synthetic_steps100_pretrainedFalse_freezeFalse_2025_12_16_11_37,spair_synthetic,steps,100,False,False,2025_12_16_11_37,pointodyssey,56.3658,1000,10,56.3658,1000,10,0.0
snapshots/spair_synthetic_steps100_pretrainedFalse_freezeFalse_2025_12_16_11_37,spair_synthetic_steps100_pretrainedFalse_freezeFalse_2025_12_16_11_37,spair_synthetic,steps,100,False,False,2025_12_16_11_37,spair,2.8718,1000,10,2.8718,1000,10,0.0
snapshots/spair_synthetic_steps100_pretrainedFalse_freezeFalse_2025_12_16_11_37,spair_synthetic_steps100_pretrainedFalse_freezeFalse_2025_12_16_11_37,spair_synthetic,steps,100,False,False,2025_12_16_11_37,synthetic,14.4821,1000,10,14.4821,1000,10,0.0
snapshots/spair_synthetic_steps100_pretrainedFalse_freezeFalse_2025_12_16_11_37,spair_synthetic_steps100_pretrainedFalse_freezeFalse_2025_12_16_11_37,spair_synthetic,steps,100,False,False,2025_12_16_11_37,tss,22.2625,1000,10,22.2625,1000,10,0.0
snapshots/spair_synthetic_steps100_pretrainedFalse_freezeFalse_2025_12_16_15_25,spair_synthetic_steps100_pretrainedFalse_freezeFalse_2025_12_16_15_25,spair_synthetic,steps,100,False,False,2025_12_16_15_25,flyingthings,64.8292,5000,50,64.8292,5000,50,0.0
snapshots/spair_synthetic_steps100_pretrainedFalse_freezeFalse_2025_12_16_15_25,spair_synthetic_steps100_pretrainedFalse_freezeFalse_2025_12_16_15_25,spair_synthetic,steps,100,False,False,2025_12_16_15_25,kitti2012,83.4686,5000,50,83.4686,5000,50,0.0
snapshots/spair_synthetic_steps100_pretrainedFalse_freezeFalse_2025_12_16_15_25,spair_synthetic_steps100_pretrainedFalse_freezeFalse_2025_12_16_15_25,spair_synthetic,steps,100,False,False,2025_12_16_15_25,kitti2015,86.2991,5000,50,86.2991,5000,50,0.0
snapshots/spair_synthetic_steps100_pretrainedFalse_freezeFalse_2025_12_16_15_25,spair_synthetic_steps100_pretrainedFalse_freezeFalse_2025_12_16_15_25,spair_synthetic,steps,100,False,False,2025_12_16_15_25,middlebury,40.9115,4000,40,40.6913,5000,50,0.2201999999999984
snapshots/spair_synthetic_steps100_pretrainedFalse_freezeFalse_2025_12_16_15_25,spair_synthetic_steps100_pretrainedFalse_freezeFalse_2025_12_16_15_25,spair_synthetic,steps,100,False,False,2025_12_16_15_25,pfpascal,14.8135,5000,50,14.8135,5000,50,0.0
snapshots/spair_synthetic_steps100_pretrainedFalse_freezeFalse_2025_12_16_15_25,spair_synthetic_steps100_pretrainedFalse_freezeFalse_2025_12_16_15_25,spair_synthetic,steps,100,False,False,2025_12_16_15_25,pfwillow,14.4222,4000,40,14.3889,5000,50,0.03330000000000055
snapshots/spair_synthetic_steps100_pretrainedFalse_freezeFalse_2025_12_16_15_25,spair_synthetic_steps100_pretrainedFalse_freezeFalse_2025_12_16_15_25,spair_synthetic,steps,100,False,False,2025_12_16_15_25,pointodyssey,63.7353,3000,30,28.6796,5000,50,35.0557
snapshots/spair_synthetic_steps100_pretrainedFalse_freezeFalse_2025_12_16_15_25,spair_synthetic_steps100_pretrainedFalse_freezeFalse_2025_12_16_15_25,spair_synthetic,steps,100,False,False,2025_12_16_15_25,spair,3.8952,5000,50,3.8952,5000,50,0.0
snapshots/spair_synthetic_steps100_pretrainedFalse_freezeFalse_2025_12_16_15_25,spair_synthetic_steps100_pretrainedFalse_freezeFalse_2025_12_16_15_25,spair_synthetic,steps,100,False,False,2025_12_16_15_25,synthetic,22.961,5000,50,22.961,5000,50,0.0
snapshots/spair_synthetic_steps100_pretrainedFalse_freezeFalse_2025_12_16_15_25,spair_synthetic_steps100_pretrainedFalse_freezeFalse_2025_12_16_15_25,spair_synthetic,steps,100,False,False,2025_12_16_15_25,tss,29.1365,5000,50,29.1365,5000,50,0.0
snapshots/spair_synthetic_steps100_pretrainedFalse_freezeTrue_2025_12_16_11_37,spair_synthetic_steps100_pretrainedFalse_freezeTrue_2025_12_16_11_37,spair_synthetic,steps,100,False,True,2025_12_16_11_37,flyingthings,57.2794,1000,10,57.2794,1000,10,0.0
snapshots/spair_synthetic_steps100_pretrainedFalse_freezeTrue_2025_12_16_11_37,spair_synthetic_steps100_pretrainedFalse_freezeTrue_2025_12_16_11_37,spair_synthetic,steps,100,False,True,2025_12_16_11_37,kitti2012,68.1276,1000,10,68.1276,1000,10,0.0
snapshots/spair_synthetic_steps100_pretrainedFalse_freezeTrue_2025_12_16_11_37,spair_synthetic_steps100_pretrainedFalse_freezeTrue_2025_12_16_11_37,spair_synthetic,steps,100,False,True,2025_12_16_11_37,kitti2015,75.8789,1000,10,75.8789,1000,10,0.0
snapshots/spair_synthetic_steps100_pretrainedFalse_freezeTrue_2025_12_16_11_37,spair_synthetic_steps100_pretrainedFalse_freezeTrue_2025_12_16_11_37,spair_synthetic,steps,100,False,True,2025_12_16_11_37,middlebury,36.6401,1000,10,36.6401,1000,10,0.0
snapshots/spair_synthetic_steps100_pretrainedFalse_freezeTrue_2025_12_16_11_37,spair_synthetic_steps100_pretrainedFalse_freezeTrue_2025_12_16_11_37,spair_synthetic,steps,100,False,True,2025_12_16_11_37,pfpascal,10.457,1000,10,10.457,1000,10,0.0
snapshots/spair_synthetic_steps100_pretrainedFalse_freezeTrue_2025_12_16_11_37,spair_synthetic_steps100_pretrainedFalse_freezeTrue_2025_12_16_11_37,spair_synthetic,steps,100,False,True,2025_12_16_11_37,pfwillow,11.9444,1000,10,11.9444,1000,10,0.0
snapshots/spair_synthetic_steps100_pretrainedFalse_freezeTrue_2025_12_16_11_37,spair_synthetic_steps100_pretrainedFalse_freezeTrue_2025_12_16_11_37,spair_synthetic,steps,100,False,True,2025_12_16_11_37,pointodyssey,21.5317,1000,10,21.5317,1000,10,0.0
snapshots/spair_synthetic_steps100_pretrainedFalse_freezeTrue_2025_12_16_11_37,spair_synthetic_steps100_pretrainedFalse_freezeTrue_2025_12_16_11_37,spair_synthetic,steps,100,False,True,2025_12_16_11_37,spair,3.1515,1000,10,3.1515,1000,10,0.0
snapshots/spair_synthetic_steps100_pretrainedFalse_freezeTrue_2025_12_16_11_37,spair_synthetic_steps100_pretrainedFalse_freezeTrue_2025_12_16_11_37,spair_synthetic,steps,100,False,True,2025_12_16_11_37,synthetic,16.5448,1000,10,16.5448,1000,10,0.0
snapshots/spair_synthetic_steps100_pretrainedFalse_freezeTrue_2025_12_16_11_37,spair_synthetic_steps100_pretrainedFalse_freezeTrue_2025_12_16_11_37,spair_synthetic,steps,100,False,True,2025_12_16_11_37,tss,22.9598,1000,10,22.9598,1000,10,0.0
snapshots/spair_synthetic_steps100_pretrainedFalse_freezeTrue_2025_12_16_15_25,spair_synthetic_steps100_pretrainedFalse_freezeTrue_2025_12_16_15_25,spair_synthetic,steps,100,False,True,2025_12_16_15_25,flyingthings,58.7428,5000,50,58.7428,5000,50,0.0
snapshots/spair_synthetic_steps100_pretrainedFalse_freezeTrue_2025_12_16_15_25,spair_synthetic_steps100_pretrainedFalse_freezeTrue_2025_12_16_15_25,spair_synthetic,steps,100,False,True,2025_12_16_15_25,kitti2012,78.5996,4000,40,78.4005,5000,50,0.1991000000000014
snapshots/spair_synthetic_steps100_pretrainedFalse_freezeTrue_2025_12_16_15_25,spair_synthetic_steps100_pretrainedFalse_freezeTrue_2025_12_16_15_25,spair_synthetic,steps,100,False,True,2025_12_16_15_25,kitti2015,85.0607,5000,50,85.0607,5000,50,0.0
snapshots/spair_synthetic_steps100_pretrainedFalse_freezeTrue_2025_12_16_15_25,spair_synthetic_steps100_pretrainedFalse_freezeTrue_2025_12_16_15_25,spair_synthetic,steps,100,False,True,2025_12_16_15_25,middlebury,38.3737,1000,10,37.0327,5000,50,1.341000000000001
snapshots/spair_synthetic_steps100_pretrainedFalse_freezeTrue_2025_12_16_15_25,spair_synthetic_steps100_pretrainedFalse_freezeTrue_2025_12_16_15_25,spair_synthetic,steps,100,False,True,2025_12_16_15_25,pfpascal,13.1642,3000,30,13.112,5000,50,0.052199999999999136
snapshots/spair_synthetic_steps100_pretrainedFalse_freezeTrue_2025_12_16_15_25,spair_synthetic_steps100_pretrainedFalse_freezeTrue_2025_12_16_15_25,spair_synthetic,steps,100,False,True,2025_12_16_15_25,pfwillow,13.8889,5000,50,13.8889,5000,50,0.0
snapshots/spair_synthetic_steps100_pretrainedFalse_freezeTrue_2025_12_16_15_25,spair_synthetic_steps100_pretrainedFalse_freezeTrue_2025_12_16_15_25,spair_synthetic,steps,100,False,True,2025_12_16_15_25,pointodyssey,48.7113,4000,40,36.8034,5000,50,11.907899999999998
snapshots/spair_synthetic_steps100_pretrainedFalse_freezeTrue_2025_12_16_15_25,spair_synthetic_steps100_pretrainedFalse_freezeTrue_2025_12_16_15_25,spair_synthetic,steps,100,False,True,2025_12_16_15_25,spair,3.8791,4000,40,3.8253,5000,50,0.05380000000000029
snapshots/spair_synthetic_steps100_pretrainedFalse_freezeTrue_2025_12_16_15_25,spair_synthetic_steps100_pretrainedFalse_freezeTrue_2025_12_16_15_25,spair_synthetic,steps,100,False,True,2025_12_16_15_25,synthetic,21.2113,5000,50,21.2113,5000,50,0.0
snapshots/spair_synthetic_steps100_pretrainedFalse_freezeTrue_2025_12_16_15_25,spair_synthetic_steps100_pretrainedFalse_freezeTrue_2025_12_16_15_25,spair_synthetic,steps,100,False,True,2025_12_16_15_25,tss,28.2372,1000,10,28.0518,5000,50,0.18540000000000134
snapshots/spair_synthetic_steps100_pretrainedTrue_freezeFalse_2025_12_16_11_38,spair_synthetic_steps100_pretrainedTrue_freezeFalse_2025_12_16_11_38,spair_synthetic,steps,100,True,False,2025_12_16_11_38,flyingthings,88.3491,1000,10,88.3491,1000,10,0.0
snapshots/spair_synthetic_steps100_pretrainedTrue_freezeFalse_2025_12_16_11_38,spair_synthetic_steps100_pretrainedTrue_freezeFalse_2025_12_16_11_38,spair_synthetic,steps,100,True,False,2025_12_16_11_38,kitti2012,95.794,1000,10,95.794,1000,10,0.0
snapshots/spair_synthetic_steps100_pretrainedTrue_freezeFalse_2025_12_16_11_38,spair_synthetic_steps100_pretrainedTrue_freezeFalse_2025_12_16_11_38,spair_synthetic,steps,100,True,False,2025_12_16_11_38,kitti2015,95.2828,1000,10,95.2828,1000,10,0.0
snapshots/spair_synthetic_steps100_pretrainedTrue_freezeFalse_2025_12_16_11_38,spair_synthetic_steps100_pretrainedTrue_freezeFalse_2025_12_16_11_38,spair_synthetic,steps,100,True,False,2025_12_16_11_38,middlebury,53.8025,1000,10,53.8025,1000,10,0.0
snapshots/spair_synthetic_steps100_pretrainedTrue_freezeFalse_2025_12_16_11_38,spair_synthetic_steps100_pretrainedTrue_freezeFalse_2025_12_16_11_38,spair_synthetic,steps,100,True,False,2025_12_16_11_38,pfpascal,51.2273,1000,10,51.2273,1000,10,0.0
snapshots/spair_synthetic_steps100_pretrainedTrue_freezeFalse_2025_12_16_11_38,spair_synthetic_steps100_pretrainedTrue_freezeFalse_2025_12_16_11_38,spair_synthetic,steps,100,True,False,2025_12_16_11_38,pfwillow,54.3222,1000,10,54.3222,1000,10,0.0
snapshots/spair_synthetic_steps100_pretrainedTrue_freezeFalse_2025_12_16_11_38,spair_synthetic_steps100_pretrainedTrue_freezeFalse_2025_12_16_11_38,spair_synthetic,steps,100,True,False,2025_12_16_11_38,pointodyssey,42.048,1000,10,42.048,1000,10,0.0
snapshots/spair_synthetic_steps100_pretrainedTrue_freezeFalse_2025_12_16_11_38,spair_synthetic_steps100_pretrainedTrue_freezeFalse_2025_12_16_11_38,spair_synthetic,steps,100,True,False,2025_12_16_11_38,spair,24.457,1000,10,24.457,1000,10,0.0
snapshots/spair_synthetic_steps100_pretrainedTrue_freezeFalse_2025_12_16_11_38,spair_synthetic_steps100_pretrainedTrue_freezeFalse_2025_12_16_11_38,spair_synthetic,steps,100,True,False,2025_12_16_11_38,synthetic,47.9365,1000,10,47.9365,1000,10,0.0
snapshots/spair_synthetic_steps100_pretrainedTrue_freezeFalse_2025_12_16_11_38,spair_synthetic_steps100_pretrainedTrue_freezeFalse_2025_12_16_11_38,spair_synthetic,steps,100,True,False,2025_12_16_11_38,tss,67.2649,1000,10,67.2649,1000,10,0.0
snapshots/spair_synthetic_steps100_pretrainedTrue_freezeFalse_2025_12_16_15_25,spair_synthetic_steps100_pretrainedTrue_freezeFalse_2025_12_16_15_25,spair_synthetic,steps,100,True,False,2025_12_16_15_25,flyingthings,89.1316,3000,30,88.9195,5000,50,0.21210000000000662
snapshots/spair_synthetic_steps100_pretrainedTrue_freezeFalse_2025_12_16_15_25,spair_synthetic_steps100_pretrainedTrue_freezeFalse_2025_12_16_15_25,spair_synthetic,steps,100,True,False,2025_12_16_15_25,kitti2012,96.686,4000,40,95.8635,5000,50,0.8225000000000051
snapshots/spair_synthetic_steps100_pretrainedTrue_freezeFalse_2025_12_16_15_25,spair_synthetic_steps100_pretrainedTrue_freezeFalse_2025_12_16_15_25,spair_synthetic,steps,100,True,False,2025_12_16_15_25,kitti2015,95.9582,4000,40,95.4966,5000,50,0.46160000000000423
snapshots/spair_synthetic_steps100_pretrainedTrue_freezeFalse_2025_12_16_15_25,spair_synthetic_steps100_pretrainedTrue_freezeFalse_2025_12_16_15_25,spair_synthetic,steps,100,True,False,2025_12_16_15_25,middlebury,53.9748,2000,20,52.8252,5000,50,1.1495999999999995
snapshots/spair_synthetic_steps100_pretrainedTrue_freezeFalse_2025_12_16_15_25,spair_synthetic_steps100_pretrainedTrue_freezeFalse_2025_12_16_15_25,spair_synthetic,steps,100,True,False,2025_12_16_15_25,pfpascal,49.9744,4000,40,42.5104,5000,50,7.464000000000006
snapshots/spair_synthetic_steps100_pretrainedTrue_freezeFalse_2025_12_16_15_25,spair_synthetic_steps100_pretrainedTrue_freezeFalse_2025_12_16_15_25,spair_synthetic,steps,100,True,False,2025_12_16_15_25,pfwillow,53.7333,4000,40,44.3889,5000,50,9.3444
snapshots/spair_synthetic_steps100_pretrainedTrue_freezeFalse_2025_12_16_15_25,spair_synthetic_steps100_pretrainedTrue_freezeFalse_2025_12_16_15_25,spair_synthetic,steps,100,True,False,2025_12_16_15_25,pointodyssey,46.2561,2000,20,42.4733,5000,50,3.7828000000000017
snapshots/spair_synthetic_steps100_pretrainedTrue_freezeFalse_2025_12_16_15_25,spair_synthetic_steps100_pretrainedTrue_freezeFalse_2025_12_16_15_25,spair_synthetic,steps,100,True,False,2025_12_16_15_25,spair,24.4816,4000,40,18.6435,5000,50,5.838100000000001
snapshots/spair_synthetic_steps100_pretrainedTrue_freezeFalse_2025_12_16_15_25,spair_synthetic_steps100_pretrainedTrue_freezeFalse_2025_12_16_15_25,spair_synthetic,steps,100,True,False,2025_12_16_15_25,synthetic,51.8129,5000,50,51.8129,5000,50,0.0
snapshots/spair_synthetic_steps100_pretrainedTrue_freezeFalse_2025_12_16_15_25,spair_synthetic_steps100_pretrainedTrue_freezeFalse_2025_12_16_15_25,spair_synthetic,steps,100,True,False,2025_12_16_15_25,tss,66.4866,4000,40,64.43,5000,50,2.056599999999989
snapshots/spair_synthetic_steps100_pretrainedTrue_freezeTrue_2025_12_16_11_37,spair_synthetic_steps100_pretrainedTrue_freezeTrue_2025_12_16_11_37,spair_synthetic,steps,100,True,True,2025_12_16_11_37,flyingthings,87.4485,1000,10,87.4485,1000,10,0.0
snapshots/spair_synthetic_steps100_pretrainedTrue_freezeTrue_2025_12_16_11_37,spair_synthetic_steps100_pretrainedTrue_freezeTrue_2025_12_16_11_37,spair_synthetic,steps,100,True,True,2025_12_16_11_37,kitti2012,94.8491,1000,10,94.8491,1000,10,0.0
snapshots/spair_synthetic_steps100_pretrainedTrue_freezeTrue_2025_12_16_11_37,spair_synthetic_steps100_pretrainedTrue_freezeTrue_2025_12_16_11_37,spair_synthetic,steps,100,True,True,2025_12_16_11_37,kitti2015,95.3595,1000,10,95.3595,1000,10,0.0
snapshots/spair_synthetic_steps100_pretrainedTrue_freezeTrue_2025_12_16_11_37,spair_synthetic_steps100_pretrainedTrue_freezeTrue_2025_12_16_11_37,spair_synthetic,steps,100,True,True,2025_12_16_11_37,middlebury,52.2776,1000,10,52.2776,1000,10,0.0
snapshots/spair_synthetic_steps100_pretrainedTrue_freezeTrue_2025_12_16_11_37,spair_synthetic_steps100_pretrainedTrue_freezeTrue_2025_12_16_11_37,spair_synthetic,steps,100,True,True,2025_12_16_11_37,pfpascal,50.1978,1000,10,50.1978,1000,10,0.0
snapshots/spair_synthetic_steps100_pretrainedTrue_freezeTrue_2025_12_16_11_37,spair_synthetic_steps100_pretrainedTrue_freezeTrue_2025_12_16_11_37,spair_synthetic,steps,100,True,True,2025_12_16_11_37,pfwillow,52.2111,1000,10,52.2111,1000,10,0.0
snapshots/spair_synthetic_steps100_pretrainedTrue_freezeTrue_2025_12_16_11_37,spair_synthetic_steps100_pretrainedTrue_freezeTrue_2025_12_16_11_37,spair_synthetic,steps,100,True,True,2025_12_16_11_37,pointodyssey,44.2154,1000,10,44.2154,1000,10,0.0
snapshots/spair_synthetic_steps100_pretrainedTrue_freezeTrue_2025_12_16_11_37,spair_synthetic_steps100_pretrainedTrue_freezeTrue_2025_12_16_11_37,spair_synthetic,steps,100,True,True,2025_12_16_11_37,spair,25.2206,1000,10,25.2206,1000,10,0.0
snapshots/spair_synthetic_steps100_pretrainedTrue_freezeTrue_2025_12_16_11_37,spair_synthetic_steps100_pretrainedTrue_freezeTrue_2025_12_16_11_37,spair_synthetic,steps,100,True,True,2025_12_16_11_37,synthetic,46.3454,1000,10,46.3454,1000,10,0.0
snapshots/spair_synthetic_steps100_pretrainedTrue_freezeTrue_2025_12_16_11_37,spair_synthetic_steps100_pretrainedTrue_freezeTrue_2025_12_16_11_37,spair_synthetic,steps,100,True,True,2025_12_16_11_37,tss,65.2891,1000,10,65.2891,1000,10,0.0
snapshots/spair_synthetic_steps100_pretrainedTrue_freezeTrue_2025_12_16_15_25,spair_synthetic_steps100_pretrainedTrue_freezeTrue_2025_12_16_15_25,spair_synthetic,steps,100,True,True,2025_12_16_15_25,flyingthings,89.117,3000,30,89.0617,5000,50,0.05530000000000257
snapshots/spair_synthetic_steps100_pretrainedTrue_freezeTrue_2025_12_16_15_25,spair_synthetic_steps100_pretrainedTrue_freezeTrue_2025_12_16_15_25,spair_synthetic,steps,100,True,True,2025_12_16_15_25,kitti2012,97.1248,5000,50,97.1248,5000,50,0.0
snapshots/spair_synthetic_steps100_pretrainedTrue_freezeTrue_2025_12_16_15_25,spair_synthetic_steps100_pretrainedTrue_freezeTrue_2025_12_16_15_25,spair_synthetic,steps,100,True,True,2025_12_16_15_25,kitti2015,95.9973,5000,50,95.9973,5000,50,0.0
snapshots/spair_synthetic_steps100_pretrainedTrue_freezeTrue_2025_12_16_15_25,spair_synthetic_steps100_pretrainedTrue_freezeTrue_2025_12_16_15_25,spair_synthetic,steps,100,True,True,2025_12_16_15_25,middlebury,53.6767,3000,30,52.8586,5000,50,0.818099999999994
snapshots/spair_synthetic_steps100_pretrainedTrue_freezeTrue_2025_12_16_15_25,spair_synthetic_steps100_pretrainedTrue_freezeTrue_2025_12_16_15_25,spair_synthetic,steps,100,True,True,2025_12_16_15_25,pfpascal,53.2797,5000,50,53.2797,5000,50,0.0
snapshots/spair_synthetic_steps100_pretrainedTrue_freezeTrue_2025_12_16_15_25,spair_synthetic_steps100_pretrainedTrue_freezeTrue_2025_12_16_15_25,spair_synthetic,steps,100,True,True,2025_12_16_15_25,pfwillow,54.1333,5000,50,54.1333,5000,50,0.0
snapshots/spair_synthetic_steps100_pretrainedTrue_freezeTrue_2025_12_16_15_25,spair_synthetic_steps100_pretrainedTrue_freezeTrue_2025_12_16_15_25,spair_synthetic,steps,100,True,True,2025_12_16_15_25,pointodyssey,47.6626,4000,40,46.1848,5000,50,1.477799999999995
snapshots/spair_synthetic_steps100_pretrainedTrue_freezeTrue_2025_12_16_15_25,spair_synthetic_steps100_pretrainedTrue_freezeTrue_2025_12_16_15_25,spair_synthetic,steps,100,True,True,2025_12_16_15_25,spair,26.0219,5000,50,26.0219,5000,50,0.0
snapshots/spair_synthetic_steps100_pretrainedTrue_freezeTrue_2025_12_16_15_25,spair_synthetic_steps100_pretrainedTrue_freezeTrue_2025_12_16_15_25,spair_synthetic,steps,100,True,True,2025_12_16_15_25,synthetic,49.9357,5000,50,49.9357,5000,50,0.0
snapshots/spair_synthetic_steps100_pretrainedTrue_freezeTrue_2025_12_16_15_25,spair_synthetic_steps100_pretrainedTrue_freezeTrue_2025_12_16_15_25,spair_synthetic,steps,100,True,True,2025_12_16_15_25,tss,66.6238,5000,50,66.6238,5000,50,0.0
snapshots/synthetic_large_zoom_steps100_pretrainedFalse_freezeFalse_2025_12_11_12_20,synthetic_large_zoom_steps100_pretrainedFalse_freezeFalse_2025_12_11_12_20,synthetic_large_zoom,steps,100,False,False,2025_12_11_12_20,flyingthings,67.6688,3000,30,67.6688,3000,30,0.0
snapshots/synthetic_large_zoom_steps100_pretrainedFalse_freezeFalse_2025_12_11_12_20,synthetic_large_zoom_steps100_pretrainedFalse_freezeFalse_2025_12_11_12_20,synthetic_large_zoom,steps,100,False,False,2025_12_11_12_20,kitti2012,78.1318,3000,30,78.1318,3000,30,0.0
snapshots/synthetic_large_zoom_steps100_pretrainedFalse_freezeFalse_2025_12_11_12_20,synthetic_large_zoom_steps100_pretrainedFalse_freezeFalse_2025_12_11_12_20,synthetic_large_zoom,steps,100,False,False,2025_12_11_12_20,kitti2015,80.3553,3000,30,80.3553,3000,30,0.0
snapshots/synthetic_large_zoom_steps100_pretrainedFalse_freezeFalse_2025_12_11_12_20,synthetic_large_zoom_steps100_pretrainedFalse_freezeFalse_2025_12_11_12_20,synthetic_large_zoom,steps,100,False,False,2025_12_11_12_20,middlebury,43.1479,3000,30,43.1479,3000,30,0.0
snapshots/synthetic_large_zoom_steps100_pretrainedFalse_freezeFalse_2025_12_11_12_20,synthetic_large_zoom_steps100_pretrainedFalse_freezeFalse_2025_12_11_12_20,synthetic_large_zoom,steps,100,False,False,2025_12_11_12_20,pfpascal,7.3573,1000,10,7.1841,3000,30,0.17320000000000046
snapshots/synthetic_large_zoom_steps100_pretrainedFalse_freezeFalse_2025_12_11_12_20,synthetic_large_zoom_steps100_pretrainedFalse_freezeFalse_2025_12_11_12_20,synthetic_large_zoom,steps,100,False,False,2025_12_11_12_20,pfwillow,9.9333,1000,10,9.2778,3000,30,0.6555
snapshots/synthetic_large_zoom_steps100_pretrainedFalse_freezeFalse_2025_12_11_12_20,synthetic_large_zoom_steps100_pretrainedFalse_freezeFalse_2025_12_11_12_20,synthetic_large_zoom,steps,100,False,False,2025_12_11_12_20,pointodyssey,31.7643,3000,30,31.7643,3000,30,0.0
snapshots/synthetic_large_zoom_steps100_pretrainedFalse_freezeFalse_2025_12_11_12_20,synthetic_large_zoom_steps100_pretrainedFalse_freezeFalse_2025_12_11_12_20,synthetic_large_zoom,steps,100,False,False,2025_12_11_12_20,spair,3.2637,2000,20,3.2303,3000,30,0.033399999999999874
snapshots/synthetic_large_zoom_steps100_pretrainedFalse_freezeFalse_2025_12_11_12_20,synthetic_large_zoom_steps100_pretrainedFalse_freezeFalse_2025_12_11_12_20,synthetic_large_zoom,steps,100,False,False,2025_12_11_12_20,synthetic,42.3549,3000,30,42.3549,3000,30,0.0
snapshots/synthetic_large_zoom_steps100_pretrainedFalse_freezeFalse_2025_12_11_12_20,synthetic_large_zoom_steps100_pretrainedFalse_freezeFalse_2025_12_11_12_20,synthetic_large_zoom,steps,100,False,False,2025_12_11_12_20,tss,16.2739,3000,30,16.2739,3000,30,0.0
snapshots/synthetic_large_zoom_steps100_pretrainedFalse_freezeFalse_2025_12_13_11_44,synthetic_large_zoom_steps100_pretrainedFalse_freezeFalse_2025_12_13_11_44,synthetic_large_zoom,steps,100,False,False,2025_12_13_11_44,flyingthings,79.3829,2000,20,75.5971,6000,60,3.785800000000009
snapshots/synthetic_large_zoom_steps100_pretrainedFalse_freezeFalse_2025_12_13_11_44,synthetic_large_zoom_steps100_pretrainedFalse_freezeFalse_2025_12_13_11_44,synthetic_large_zoom,steps,100,False,False,2025_12_13_11_44,kitti2012,89.92,2000,20,85.7182,6000,60,4.201800000000006
snapshots/synthetic_large_zoom_steps100_pretrainedFalse_freezeFalse_2025_12_13_11_44,synthetic_large_zoom_steps100_pretrainedFalse_freezeFalse_2025_12_13_11_44,synthetic_large_zoom,steps,100,False,False,2025_12_13_11_44,kitti2015,90.7762,3000,30,88.5908,6000,60,2.1854000000000013
snapshots/synthetic_large_zoom_steps100_pretrainedFalse_freezeFalse_2025_12_13_11_44,synthetic_large_zoom_steps100_pretrainedFalse_freezeFalse_2025_12_13_11_44,synthetic_large_zoom,steps,100,False,False,2025_12_13_11_44,middlebury,51.3747,2000,20,48.3328,6000,60,3.0418999999999983
snapshots/synthetic_large_zoom_steps100_pretrainedFalse_freezeFalse_2025_12_13_11_44,synthetic_large_zoom_steps100_pretrainedFalse_freezeFalse_2025_12_13_11_44,synthetic_large_zoom,steps,100,False,False,2025_12_13_11_44,pfpascal,17.6688,3000,30,17.01,6000,60,0.6587999999999994
snapshots/synthetic_large_zoom_steps100_pretrainedFalse_freezeFalse_2025_12_13_11_44,synthetic_large_zoom_steps100_pretrainedFalse_freezeFalse_2025_12_13_11_44,synthetic_large_zoom,steps,100,False,False,2025_12_13_11_44,pfwillow,20.3444,2000,20,15.4556,6000,60,4.8888
snapshots/synthetic_large_zoom_steps100_pretrainedFalse_freezeFalse_2025_12_13_11_44,synthetic_large_zoom_steps100_pretrainedFalse_freezeFalse_2025_12_13_11_44,synthetic_large_zoom,steps,100,False,False,2025_12_13_11_44,pointodyssey,63.8894,1000,10,32.5862,6000,60,31.303200000000004
snapshots/synthetic_large_zoom_steps100_pretrainedFalse_freezeFalse_2025_12_13_11_44,synthetic_large_zoom_steps100_pretrainedFalse_freezeFalse_2025_12_13_11_44,synthetic_large_zoom,steps,100,False,False,2025_12_13_11_44,spair,4.3378,3000,30,3.929,6000,60,0.40879999999999983
snapshots/synthetic_large_zoom_steps100_pretrainedFalse_freezeFalse_2025_12_13_11_44,synthetic_large_zoom_steps100_pretrainedFalse_freezeFalse_2025_12_13_11_44,synthetic_large_zoom,steps,100,False,False,2025_12_13_11_44,synthetic,41.0446,2000,20,36.3551,6000,60,4.6895000000000024
snapshots/synthetic_large_zoom_steps100_pretrainedFalse_freezeFalse_2025_12_13_11_44,synthetic_large_zoom_steps100_pretrainedFalse_freezeFalse_2025_12_13_11_44,synthetic_large_zoom,steps,100,False,False,2025_12_13_11_44,tss,35.8462,2000,20,30.9718,6000,60,4.874400000000001
snapshots/synthetic_large_zoom_steps100_pretrainedTrue_freezeFalse_2025_12_11_12_20,synthetic_large_zoom_steps100_pretrainedTrue_freezeFalse_2025_12_11_12_20,synthetic_large_zoom,steps,100,True,False,2025_12_11_12_20,flyingthings,88.0567,3000,30,88.0567,3000,30,0.0
snapshots/synthetic_large_zoom_steps100_pretrainedTrue_freezeFalse_2025_12_11_12_20,synthetic_large_zoom_steps100_pretrainedTrue_freezeFalse_2025_12_11_12_20,synthetic_large_zoom,steps,100,True,False,2025_12_11_12_20,kitti2012,97.9848,3000,30,97.9848,3000,30,0.0
snapshots/synthetic_large_zoom_steps100_pretrainedTrue_freezeFalse_2025_12_11_12_20,synthetic_large_zoom_steps100_pretrainedTrue_freezeFalse_2025_12_11_12_20,synthetic_large_zoom,steps,100,True,False,2025_12_11_12_20,kitti2015,96.9877,3000,30,96.9877,3000,30,0.0
snapshots/synthetic_large_zoom_steps100_pretrainedTrue_freezeFalse_2025_12_11_12_20,synthetic_large_zoom_steps100_pretrainedTrue_freezeFalse_2025_12_11_12_20,synthetic_large_zoom,steps,100,True,False,2025_12_11_12_20,middlebury,53.7138,3000,30,53.7138,3000,30,0.0
snapshots/synthetic_large_zoom_steps100_pretrainedTrue_freezeFalse_2025_12_11_12_20,synthetic_large_zoom_steps100_pretrainedTrue_freezeFalse_2025_12_11_12_20,synthetic_large_zoom,steps,100,True,False,2025_12_11_12_20,pfpascal,39.4652,1000,10,35.9562,3000,30,3.5090000000000003
snapshots/synthetic_large_zoom_steps100_pretrainedTrue_freezeFalse_2025_12_11_12_20,synthetic_large_zoom_steps100_pretrainedTrue_freezeFalse_2025_12_11_12_20,synthetic_large_zoom,steps,100,True,False,2025_12_11_12_20,pfwillow,36.5111,3000,30,36.5111,3000,30,0.0
snapshots/synthetic_large_zoom_steps100_pretrainedTrue_freezeFalse_2025_12_11_12_20,synthetic_large_zoom_steps100_pretrainedTrue_freezeFalse_2025_12_11_12_20,synthetic_large_zoom,steps,100,True,False,2025_12_11_12_20,pointodyssey,45.0322,1000,10,41.9875,3000,30,3.044700000000006
snapshots/synthetic_large_zoom_steps100_pretrainedTrue_freezeFalse_2025_12_11_12_20,synthetic_large_zoom_steps100_pretrainedTrue_freezeFalse_2025_12_11_12_20,synthetic_large_zoom,steps,100,True,False,2025_12_11_12_20,spair,23.7021,1000,10,16.2775,3000,30,7.424600000000002
snapshots/synthetic_large_zoom_steps100_pretrainedTrue_freezeFalse_2025_12_11_12_20,synthetic_large_zoom_steps100_pretrainedTrue_freezeFalse_2025_12_11_12_20,synthetic_large_zoom,steps,100,True,False,2025_12_11_12_20,synthetic,98.8496,3000,30,98.8496,3000,30,0.0
snapshots/synthetic_large_zoom_steps100_pretrainedTrue_freezeFalse_2025_12_11_12_20,synthetic_large_zoom_steps100_pretrainedTrue_freezeFalse_2025_12_11_12_20,synthetic_large_zoom,steps,100,True,False,2025_12_11_12_20,tss,69.3359,3000,30,69.3359,3000,30,0.0
snapshots/synthetic_large_zoom_steps100_pretrainedTrue_freezeFalse_2025_12_13_11_44,synthetic_large_zoom_steps100_pretrainedTrue_freezeFalse_2025_12_13_11_44,synthetic_large_zoom,steps,100,True,False,2025_12_13_11_44,flyingthings,88.9554,6000,60,88.6028,7000,70,0.35259999999999536
snapshots/synthetic_large_zoom_steps100_pretrainedTrue_freezeFalse_2025_12_13_11_44,synthetic_large_zoom_steps100_pretrainedTrue_freezeFalse_2025_12_13_11_44,synthetic_large_zoom,steps,100,True,False,2025_12_13_11_44,kitti2012,98.8247,7000,70,98.8247,7000,70,0.0
snapshots/synthetic_large_zoom_steps100_pretrainedTrue_freezeFalse_2025_12_13_11_44,synthetic_large_zoom_steps100_pretrainedTrue_freezeFalse_2025_12_13_11_44,synthetic_large_zoom,steps,100,True,False,2025_12_13_11_44,kitti2015,97.7952,7000,70,97.7952,7000,70,0.0
snapshots/synthetic_large_zoom_steps100_pretrainedTrue_freezeFalse_2025_12_13_11_44,synthetic_large_zoom_steps100_pretrainedTrue_freezeFalse_2025_12_13_11_44,synthetic_large_zoom,steps,100,True,False,2025_12_13_11_44,middlebury,54.4945,7000,70,54.4945,7000,70,0.0
snapshots/synthetic_large_zoom_steps100_pretrainedTrue_freezeFalse_2025_12_13_11_44,synthetic_large_zoom_steps100_pretrainedTrue_freezeFalse_2025_12_13_11_44,synthetic_large_zoom,steps,100,True,False,2025_12_13_11_44,pfpascal,48.9798,1000,10,32.2222,7000,70,16.757599999999996
snapshots/synthetic_large_zoom_steps100_pretrainedTrue_freezeFalse_2025_12_13_11_44,synthetic_large_zoom_steps100_pretrainedTrue_freezeFalse_2025_12_13_11_44,synthetic_large_zoom,steps,100,True,False,2025_12_13_11_44,pfwillow,52.2667,2000,20,39.4926,7000,70,12.774099999999997
snapshots/synthetic_large_zoom_steps100_pretrainedTrue_freezeFalse_2025_12_13_11_44,synthetic_large_zoom_steps100_pretrainedTrue_freezeFalse_2025_12_13_11_44,synthetic_large_zoom,steps,100,True,False,2025_12_13_11_44,pointodyssey,44.6547,1000,10,41.5212,7000,70,3.133499999999998
snapshots/synthetic_large_zoom_steps100_pretrainedTrue_freezeFalse_2025_12_13_11_44,synthetic_large_zoom_steps100_pretrainedTrue_freezeFalse_2025_12_13_11_44,synthetic_large_zoom,steps,100,True,False,2025_12_13_11_44,spair,22.9211,1000,10,12.4997,7000,70,10.421399999999998
snapshots/synthetic_large_zoom_steps100_pretrainedTrue_freezeFalse_2025_12_13_11_44,synthetic_large_zoom_steps100_pretrainedTrue_freezeFalse_2025_12_13_11_44,synthetic_large_zoom,steps,100,True,False,2025_12_13_11_44,synthetic,61.5987,1000,10,57.0693,7000,70,4.5294000000000025
snapshots/synthetic_large_zoom_steps100_pretrainedTrue_freezeFalse_2025_12_13_11_44,synthetic_large_zoom_steps100_pretrainedTrue_freezeFalse_2025_12_13_11_44,synthetic_large_zoom,steps,100,True,False,2025_12_13_11_44,tss,67.9219,2000,20,62.3764,7000,70,5.545499999999997
snapshots/synthetic_large_zoom_steps100_pretrainedTrue_freezeTrue_2025_12_11_10_14,synthetic_large_zoom_steps100_pretrainedTrue_freezeTrue_2025_12_11_10_14,synthetic_large_zoom,steps,100,True,True,2025_12_11_10_14,flyingthings,88.2704,7000,70,88.2704,7000,70,0.0
snapshots/synthetic_large_zoom_steps100_pretrainedTrue_freezeTrue_2025_12_11_10_14,synthetic_large_zoom_steps100_pretrainedTrue_freezeTrue_2025_12_11_10_14,synthetic_large_zoom,steps,100,True,True,2025_12_11_10_14,kitti2012,98.261,7000,70,98.261,7000,70,0.0
snapshots/synthetic_large_zoom_steps100_pretrainedTrue_freezeTrue_2025_12_11_10_14,synthetic_large_zoom_steps100_pretrainedTrue_freezeTrue_2025_12_11_10_14,synthetic_large_zoom,steps,100,True,True,2025_12_11_10_14,kitti2015,97.2984,7000,70,97.2984,7000,70,0.0
snapshots/synthetic_large_zoom_steps100_pretrainedTrue_freezeTrue_2025_12_11_10_14,synthetic_large_zoom_steps100_pretrainedTrue_freezeTrue_2025_12_11_10_14,synthetic_large_zoom,steps,100,True,True,2025_12_11_10_14,middlebury,53.9013,7000,70,53.9013,7000,70,0.0
snapshots/synthetic_large_zoom_steps100_pretrainedTrue_freezeTrue_2025_12_11_10_14,synthetic_large_zoom_steps100_pretrainedTrue_freezeTrue_2025_12_11_10_14,synthetic_large_zoom,steps,100,True,True,2025_12_11_10_14,pfpascal,38.5596,1000,10,29.0664,7000,70,9.493200000000002
snapshots/synthetic_large_zoom_steps100_pretrainedTrue_freezeTrue_2025_12_11_10_14,synthetic_large_zoom_steps100_pretrainedTrue_freezeTrue_2025_12_11_10_14,synthetic_large_zoom,steps,100,True,True,2025_12_11_10_14,pfwillow,35.2333,5000,50,26.7333,7000,70,8.5
snapshots/synthetic_large_zoom_steps100_pretrainedTrue_freezeTrue_2025_12_11_10_14,synthetic_large_zoom_steps100_pretrainedTrue_freezeTrue_2025_12_11_10_14,synthetic_large_zoom,steps,100,True,True,2025_12_11_10_14,pointodyssey,62.9566,1000,10,44.5281,7000,70,18.4285
snapshots/synthetic_large_zoom_steps100_pretrainedTrue_freezeTrue_2025_12_11_10_14,synthetic_large_zoom_steps100_pretrainedTrue_freezeTrue_2025_12_11_10_14,synthetic_large_zoom,steps,100,True,True,2025_12_11_10_14,spair,25.4827,1000,10,16.9103,7000,70,8.572400000000002
snapshots/synthetic_large_zoom_steps100_pretrainedTrue_freezeTrue_2025_12_11_10_14,synthetic_large_zoom_steps100_pretrainedTrue_freezeTrue_2025_12_11_10_14,synthetic_large_zoom,steps,100,True,True,2025_12_11_10_14,synthetic,99.1756,6000,60,99.0285,7000,70,0.1471000000000089
snapshots/synthetic_large_zoom_steps100_pretrainedTrue_freezeTrue_2025_12_11_10_14,synthetic_large_zoom_steps100_pretrainedTrue_freezeTrue_2025_12_11_10_14,synthetic_large_zoom,steps,100,True,True,2025_12_11_10_14,tss,68.4627,5000,50,67.1727,7000,70,1.289999999999992
snapshots/synthetic_large_zoom_steps100_pretrainedTrue_freezeTrue_2025_12_13_11_43,synthetic_large_zoom_steps100_pretrainedTrue_freezeTrue_2025_12_13_11_43,synthetic_large_zoom,steps,100,True,True,2025_12_13_11_43,flyingthings,88.3414,3000,30,88.3414,3000,30,0.0
snapshots/synthetic_large_zoom_steps100_pretrainedTrue_freezeTrue_2025_12_13_11_43,synthetic_large_zoom_steps100_pretrainedTrue_freezeTrue_2025_12_13_11_43,synthetic_large_zoom,steps,100,True,True,2025_12_13_11_43,kitti2012,98.2078,2000,20,97.7848,3000,30,0.4230000000000018
snapshots/synthetic_large_zoom_steps100_pretrainedTrue_freezeTrue_2025_12_13_11_43,synthetic_large_zoom_steps100_pretrainedTrue_freezeTrue_2025_12_13_11_43,synthetic_large_zoom,steps,100,True,True,2025_12_13_11_43,kitti2015,97.0568,2000,20,96.7802,3000,30,0.27660000000000196
snapshots/synthetic_large_zoom_steps100_pretrainedTrue_freezeTrue_2025_12_13_11_43,synthetic_large_zoom_steps100_pretrainedTrue_freezeTrue_2025_12_13_11_43,synthetic_large_zoom,steps,100,True,True,2025_12_13_11_43,middlebury,53.6863,3000,30,53.6863,3000,30,0.0
snapshots/synthetic_large_zoom_steps100_pretrainedTrue_freezeTrue_2025_12_13_11_43,synthetic_large_zoom_steps100_pretrainedTrue_freezeTrue_2025_12_13_11_43,synthetic_large_zoom,steps,100,True,True,2025_12_13_11_43,pfpascal,50.3634,1000,10,43.8611,3000,30,6.502299999999998
snapshots/synthetic_large_zoom_steps100_pretrainedTrue_freezeTrue_2025_12_13_11_43,synthetic_large_zoom_steps100_pretrainedTrue_freezeTrue_2025_12_13_11_43,synthetic_large_zoom,steps,100,True,True,2025_12_13_11_43,pfwillow,52.9444,1000,10,52.9333,3000,30,0.011099999999999
snapshots/synthetic_large_zoom_steps100_pretrainedTrue_freezeTrue_2025_12_13_11_43,synthetic_large_zoom_steps100_pretrainedTrue_freezeTrue_2025_12_13_11_43,synthetic_large_zoom,steps,100,True,True,2025_12_13_11_43,pointodyssey,43.4685,1000,10,35.6503,3000,30,7.818199999999997
snapshots/synthetic_large_zoom_steps100_pretrainedTrue_freezeTrue_2025_12_13_11_43,synthetic_large_zoom_steps100_pretrainedTrue_freezeTrue_2025_12_13_11_43,synthetic_large_zoom,steps,100,True,True,2025_12_13_11_43,spair,24.201,1000,10,18.0531,3000,30,6.1479
snapshots/synthetic_large_zoom_steps100_pretrainedTrue_freezeTrue_2025_12_13_11_43,synthetic_large_zoom_steps100_pretrainedTrue_freezeTrue_2025_12_13_11_43,synthetic_large_zoom,steps,100,True,True,2025_12_13_11_43,synthetic,60.8693,1000,10,57.1095,3000,30,3.7598000000000056
snapshots/synthetic_large_zoom_steps100_pretrainedTrue_freezeTrue_2025_12_13_11_43,synthetic_large_zoom_steps100_pretrainedTrue_freezeTrue_2025_12_13_11_43,synthetic_large_zoom,steps,100,True,True,2025_12_13_11_43,tss,67.5995,2000,20,67.5655,3000,30,0.034000000000006025
snapshots/synthetic_logsteps100_pretrainedFalse_freezeFalse_2025_12_10_12_22,synthetic_logsteps100_pretrainedFalse_freezeFalse_2025_12_10_12_22,synthetic,logsteps,100,False,False,2025_12_10_12_22,flyingthings,59.4908,3000,30,59.4908,3000,30,0.0
snapshots/synthetic_logsteps100_pretrainedFalse_freezeFalse_2025_12_10_12_22,synthetic_logsteps100_pretrainedFalse_freezeFalse_2025_12_10_12_22,synthetic,logsteps,100,False,False,2025_12_10_12_22,kitti2012,68.7517,3000,30,68.7517,3000,30,0.0
snapshots/synthetic_logsteps100_pretrainedFalse_freezeFalse_2025_12_10_12_22,synthetic_logsteps100_pretrainedFalse_freezeFalse_2025_12_10_12_22,synthetic,logsteps,100,False,False,2025_12_10_12_22,kitti2015,77.6147,3000,30,77.6147,3000,30,0.0
snapshots/synthetic_logsteps100_pretrainedFalse_freezeFalse_2025_12_10_12_22,synthetic_logsteps100_pretrainedFalse_freezeFalse_2025_12_10_12_22,synthetic,logsteps,100,False,False,2025_12_10_12_22,middlebury,36.8869,3000,30,36.8869,3000,30,0.0
snapshots/synthetic_logsteps100_pretrainedFalse_freezeFalse_2025_12_10_12_22,synthetic_logsteps100_pretrainedFalse_freezeFalse_2025_12_10_12_22,synthetic,logsteps,100,False,False,2025_12_10_12_22,pfpascal,5.67,3000,30,5.67,3000,30,0.0
snapshots/synthetic_logsteps100_pretrainedFalse_freezeFalse_2025_12_10_12_22,synthetic_logsteps100_pretrainedFalse_freezeFalse_2025_12_10_12_22,synthetic,logsteps,100,False,False,2025_12_10_12_22,pfwillow,7.9444,1000,10,7.8444,3000,30,0.09999999999999964
snapshots/synthetic_logsteps100_pretrainedFalse_freezeFalse_2025_12_10_12_22,synthetic_logsteps100_pretrainedFalse_freezeFalse_2025_12_10_12_22,synthetic,logsteps,100,False,False,2025_12_10_12_22,pointodyssey,52.1665,3000,30,52.1665,3000,30,0.0
snapshots/synthetic_logsteps100_pretrainedFalse_freezeFalse_2025_12_10_12_22,synthetic_logsteps100_pretrainedFalse_freezeFalse_2025_12_10_12_22,synthetic,logsteps,100,False,False,2025_12_10_12_22,spair,3.4932,3000,30,3.4932,3000,30,0.0
snapshots/synthetic_logsteps100_pretrainedFalse_freezeFalse_2025_12_10_12_22,synthetic_logsteps100_pretrainedFalse_freezeFalse_2025_12_10_12_22,synthetic,logsteps,100,False,False,2025_12_10_12_22,synthetic,22.7285,3000,30,22.7285,3000,30,0.0
snapshots/synthetic_logsteps100_pretrainedFalse_freezeFalse_2025_12_10_12_22,synthetic_logsteps100_pretrainedFalse_freezeFalse_2025_12_10_12_22,synthetic,logsteps,100,False,False,2025_12_10_12_22,tss,15.5558,3000,30,15.5558,3000,30,0.0
snapshots/synthetic_logsteps100_pretrainedFalse_freezeTrue_2025_12_10_12_08,synthetic_logsteps100_pretrainedFalse_freezeTrue_2025_12_10_12_08,synthetic,logsteps,100,False,True,2025_12_10_12_08,flyingthings,63.1318,4000,40,61.9167,5000,50,1.2150999999999996
snapshots/synthetic_logsteps100_pretrainedFalse_freezeTrue_2025_12_10_12_08,synthetic_logsteps100_pretrainedFalse_freezeTrue_2025_12_10_12_08,synthetic,logsteps,100,False,True,2025_12_10_12_08,kitti2012,71.338,5000,50,71.338,5000,50,0.0
snapshots/synthetic_logsteps100_pretrainedFalse_freezeTrue_2025_12_10_12_08,synthetic_logsteps100_pretrainedFalse_freezeTrue_2025_12_10_12_08,synthetic,logsteps,100,False,True,2025_12_10_12_08,kitti2015,78.7001,4000,40,78.3619,5000,50,0.3382000000000005
snapshots/synthetic_logsteps100_pretrainedFalse_freezeTrue_2025_12_10_12_08,synthetic_logsteps100_pretrainedFalse_freezeTrue_2025_12_10_12_08,synthetic,logsteps,100,False,True,2025_12_10_12_08,middlebury,38.9216,5000,50,38.9216,5000,50,0.0
snapshots/synthetic_logsteps100_pretrainedFalse_freezeTrue_2025_12_10_12_08,synthetic_logsteps100_pretrainedFalse_freezeTrue_2025_12_10_12_08,synthetic,logsteps,100,False,True,2025_12_10_12_08,pfpascal,7.3457,4000,40,5.8536,5000,50,1.4920999999999998
snapshots/synthetic_logsteps100_pretrainedFalse_freezeTrue_2025_12_10_12_08,synthetic_logsteps100_pretrainedFalse_freezeTrue_2025_12_10_12_08,synthetic,logsteps,100,False,True,2025_12_10_12_08,pfwillow,8.2778,4000,40,8.1111,5000,50,0.16669999999999874
snapshots/synthetic_logsteps100_pretrainedFalse_freezeTrue_2025_12_10_12_08,synthetic_logsteps100_pretrainedFalse_freezeTrue_2025_12_10_12_08,synthetic,logsteps,100,False,True,2025_12_10_12_08,pointodyssey,37.0481,5000,50,37.0481,5000,50,0.0
snapshots/synthetic_logsteps100_pretrainedFalse_freezeTrue_2025_12_10_12_08,synthetic_logsteps100_pretrainedFalse_freezeTrue_2025_12_10_12_08,synthetic,logsteps,100,False,True,2025_12_10_12_08,spair,3.8558,4000,40,3.7388,5000,50,0.11699999999999999
snapshots/synthetic_logsteps100_pretrainedFalse_freezeTrue_2025_12_10_12_08,synthetic_logsteps100_pretrainedFalse_freezeTrue_2025_12_10_12_08,synthetic,logsteps,100,False,True,2025_12_10_12_08,synthetic,24.7665,5000,50,24.7665,5000,50,0.0
snapshots/synthetic_logsteps100_pretrainedFalse_freezeTrue_2025_12_10_12_08,synthetic_logsteps100_pretrainedFalse_freezeTrue_2025_12_10_12_08,synthetic,logsteps,100,False,True,2025_12_10_12_08,tss,17.3287,4000,40,14.9995,5000,50,2.329200000000002
snapshots/synthetic_logsteps100_pretrainedTrue_freezeFalse_2025_12_10_12_17,synthetic_logsteps100_pretrainedTrue_freezeFalse_2025_12_10_12_17,synthetic,logsteps,100,True,False,2025_12_10_12_17,flyingthings,89.4211,4000,40,89.387,5000,50,0.034099999999995134
snapshots/synthetic_logsteps100_pretrainedTrue_freezeFalse_2025_12_10_12_17,synthetic_logsteps100_pretrainedTrue_freezeFalse_2025_12_10_12_17,synthetic,logsteps,100,True,False,2025_12_10_12_17,kitti2012,97.1957,5000,50,97.1957,5000,50,0.0
snapshots/synthetic_logsteps100_pretrainedTrue_freezeFalse_2025_12_10_12_17,synthetic_logsteps100_pretrainedTrue_freezeFalse_2025_12_10_12_17,synthetic,logsteps,100,True,False,2025_12_10_12_17,kitti2015,96.3163,5000,50,96.3163,5000,50,0.0
snapshots/synthetic_logsteps100_pretrainedTrue_freezeFalse_2025_12_10_12_17,synthetic_logsteps100_pretrainedTrue_freezeFalse_2025_12_10_12_17,synthetic,logsteps,100,True,False,2025_12_10_12_17,middlebury,53.1911,2000,20,52.911,5000,50,0.28009999999999735
snapshots/synthetic_logsteps100_pretrainedTrue_freezeFalse_2025_12_10_12_17,synthetic_logsteps100_pretrainedTrue_freezeFalse_2025_12_10_12_17,synthetic,logsteps,100,True,False,2025_12_10_12_17,pfpascal,40.3224,4000,40,38.3194,5000,50,2.003
snapshots/synthetic_logsteps100_pretrainedTrue_freezeFalse_2025_12_10_12_17,synthetic_logsteps100_pretrainedTrue_freezeFalse_2025_12_10_12_17,synthetic,logsteps,100,True,False,2025_12_10_12_17,pfwillow,40.4111,4000,40,38.3222,5000,50,2.0888999999999953
snapshots/synthetic_logsteps100_pretrainedTrue_freezeFalse_2025_12_10_12_17,synthetic_logsteps100_pretrainedTrue_freezeFalse_2025_12_10_12_17,synthetic,logsteps,100,True,False,2025_12_10_12_17,pointodyssey,44.9796,5000,50,44.9796,5000,50,0.0
snapshots/synthetic_logsteps100_pretrainedTrue_freezeFalse_2025_12_10_12_17,synthetic_logsteps100_pretrainedTrue_freezeFalse_2025_12_10_12_17,synthetic,logsteps,100,True,False,2025_12_10_12_17,spair,23.8837,1000,10,20.3377,5000,50,3.5459999999999994
snapshots/synthetic_logsteps100_pretrainedTrue_freezeFalse_2025_12_10_12_17,synthetic_logsteps100_pretrainedTrue_freezeFalse_2025_12_10_12_17,synthetic,logsteps,100,True,False,2025_12_10_12_17,synthetic,80.8443,5000,50,80.8443,5000,50,0.0
snapshots/synthetic_logsteps100_pretrainedTrue_freezeFalse_2025_12_10_12_17,synthetic_logsteps100_pretrainedTrue_freezeFalse_2025_12_10_12_17,synthetic,logsteps,100,True,False,2025_12_10_12_17,tss,67.039,5000,50,67.039,5000,50,0.0
snapshots/synthetic_logsteps100_pretrainedTrue_freezeTrue_2025_12_10_12_06,synthetic_logsteps100_pretrainedTrue_freezeTrue_2025_12_10_12_06,synthetic,logsteps,100,True,True,2025_12_10_12_06,flyingthings,88.9092,5000,50,88.9092,5000,50,0.0
snapshots/synthetic_logsteps100_pretrainedTrue_freezeTrue_2025_12_10_12_06,synthetic_logsteps100_pretrainedTrue_freezeTrue_2025_12_10_12_06,synthetic,logsteps,100,True,True,2025_12_10_12_06,kitti2012,97.1653,5000,50,97.1653,5000,50,0.0
snapshots/synthetic_logsteps100_pretrainedTrue_freezeTrue_2025_12_10_12_06,synthetic_logsteps100_pretrainedTrue_freezeTrue_2025_12_10_12_06,synthetic,logsteps,100,True,True,2025_12_10_12_06,kitti2015,96.3636,5000,50,96.3636,5000,50,0.0
snapshots/synthetic_logsteps100_pretrainedTrue_freezeTrue_2025_12_10_12_06,synthetic_logsteps100_pretrainedTrue_freezeTrue_2025_12_10_12_06,synthetic,logsteps,100,True,True,2025_12_10_12_06,middlebury,52.746,5000,50,52.746,5000,50,0.0
snapshots/synthetic_logsteps100_pretrainedTrue_freezeTrue_2025_12_10_12_06,synthetic_logsteps100_pretrainedTrue_freezeTrue_2025_12_10_12_06,synthetic,logsteps,100,True,True,2025_12_10_12_06,pfpascal,37.8867,1000,10,36.8651,5000,50,1.0215999999999994
snapshots/synthetic_logsteps100_pretrainedTrue_freezeTrue_2025_12_10_12_06,synthetic_logsteps100_pretrainedTrue_freezeTrue_2025_12_10_12_06,synthetic,logsteps,100,True,True,2025_12_10_12_06,pfwillow,34.3222,5000,50,34.3222,5000,50,0.0
snapshots/synthetic_logsteps100_pretrainedTrue_freezeTrue_2025_12_10_12_06,synthetic_logsteps100_pretrainedTrue_freezeTrue_2025_12_10_12_06,synthetic,logsteps,100,True,True,2025_12_10_12_06,pointodyssey,61.6857,1000,10,50.7962,5000,50,10.889499999999998
snapshots/synthetic_logsteps100_pretrainedTrue_freezeTrue_2025_12_10_12_06,synthetic_logsteps100_pretrainedTrue_freezeTrue_2025_12_10_12_06,synthetic,logsteps,100,True,True,2025_12_10_12_06,spair,25.7743,1000,10,22.9465,5000,50,2.8278
snapshots/synthetic_logsteps100_pretrainedTrue_freezeTrue_2025_12_10_12_06,synthetic_logsteps100_pretrainedTrue_freezeTrue_2025_12_10_12_06,synthetic,logsteps,100,True,True,2025_12_10_12_06,synthetic,74.5131,5000,50,74.5131,5000,50,0.0
snapshots/synthetic_logsteps100_pretrainedTrue_freezeTrue_2025_12_10_12_06,synthetic_logsteps100_pretrainedTrue_freezeTrue_2025_12_10_12_06,synthetic,logsteps,100,True,True,2025_12_10_12_06,tss,65.4836,5000,50,65.4836,5000,50,0.0
snapshots/synthetic_random_flipping_steps100_pretrainedFalse_freezeFalse_2025_12_13_11_45,synthetic_random_flipping_steps100_pretrainedFalse_freezeFalse_2025_12_13_11_45,synthetic_random_flipping,steps,100,False,False,2025_12_13_11_45,flyingthings,52.3018,3000,30,52.3018,3000,30,0.0
snapshots/synthetic_random_flipping_steps100_pretrainedFalse_freezeFalse_2025_12_13_11_45,synthetic_random_flipping_steps100_pretrainedFalse_freezeFalse_2025_12_13_11_45,synthetic_random_flipping,steps,100,False,False,2025_12_13_11_45,kitti2012,61.8993,3000,30,61.8993,3000,30,0.0
snapshots/synthetic_random_flipping_steps100_pretrainedFalse_freezeFalse_2025_12_13_11_45,synthetic_random_flipping_steps100_pretrainedFalse_freezeFalse_2025_12_13_11_45,synthetic_random_flipping,steps,100,False,False,2025_12_13_11_45,kitti2015,67.8477,3000,30,67.8477,3000,30,0.0
snapshots/synthetic_random_flipping_steps100_pretrainedFalse_freezeFalse_2025_12_13_11_45,synthetic_random_flipping_steps100_pretrainedFalse_freezeFalse_2025_12_13_11_45,synthetic_random_flipping,steps,100,False,False,2025_12_13_11_45,middlebury,32.3804,3000,30,32.3804,3000,30,0.0
snapshots/synthetic_random_flipping_steps100_pretrainedFalse_freezeFalse_2025_12_13_11_45,synthetic_random_flipping_steps100_pretrainedFalse_freezeFalse_2025_12_13_11_45,synthetic_random_flipping,steps,100,False,False,2025_12_13_11_45,pfpascal,4.8051,1000,10,4.412,3000,30,0.39310000000000045
snapshots/synthetic_random_flipping_steps100_pretrainedFalse_freezeFalse_2025_12_13_11_45,synthetic_random_flipping_steps100_pretrainedFalse_freezeFalse_2025_12_13_11_45,synthetic_random_flipping,steps,100,False,False,2025_12_13_11_45,pfwillow,8.5444,3000,30,8.5444,3000,30,0.0
snapshots/synthetic_random_flipping_steps100_pretrainedFalse_freezeFalse_2025_12_13_11_45,synthetic_random_flipping_steps100_pretrainedFalse_freezeFalse_2025_12_13_11_45,synthetic_random_flipping,steps,100,False,False,2025_12_13_11_45,pointodyssey,11.2581,3000,30,11.2581,3000,30,0.0
snapshots/synthetic_random_flipping_steps100_pretrainedFalse_freezeFalse_2025_12_13_11_45,synthetic_random_flipping_steps100_pretrainedFalse_freezeFalse_2025_12_13_11_45,synthetic_random_flipping,steps,100,False,False,2025_12_13_11_45,spair,3.3006,2000,20,3.0491,3000,30,0.25150000000000006
snapshots/synthetic_random_flipping_steps100_pretrainedFalse_freezeFalse_2025_12_13_11_45,synthetic_random_flipping_steps100_pretrainedFalse_freezeFalse_2025_12_13_11_45,synthetic_random_flipping,steps,100,False,False,2025_12_13_11_45,synthetic,17.573,3000,30,17.573,3000,30,0.0
snapshots/synthetic_random_flipping_steps100_pretrainedFalse_freezeFalse_2025_12_13_11_45,synthetic_random_flipping_steps100_pretrainedFalse_freezeFalse_2025_12_13_11_45,synthetic_random_flipping,steps,100,False,False,2025_12_13_11_45,tss,10.8305,2000,20,10.6429,3000,30,0.18760000000000154
snapshots/synthetic_random_flipping_steps100_pretrainedTrue_freezeFalse_2025_12_13_11_45,synthetic_random_flipping_steps100_pretrainedTrue_freezeFalse_2025_12_13_11_45,synthetic_random_flipping,steps,100,True,False,2025_12_13_11_45,flyingthings,89.0503,3000,30,89.0503,3000,30,0.0
snapshots/synthetic_random_flipping_steps100_pretrainedTrue_freezeFalse_2025_12_13_11_45,synthetic_random_flipping_steps100_pretrainedTrue_freezeFalse_2025_12_13_11_45,synthetic_random_flipping,steps,100,True,False,2025_12_13_11_45,kitti2012,97.0153,3000,30,97.0153,3000,30,0.0
snapshots/synthetic_random_flipping_steps100_pretrainedTrue_freezeFalse_2025_12_13_11_45,synthetic_random_flipping_steps100_pretrainedTrue_freezeFalse_2025_12_13_11_45,synthetic_random_flipping,steps,100,True,False,2025_12_13_11_45,kitti2015,96.0516,3000,30,96.0516,3000,30,0.0
snapshots/synthetic_random_flipping_steps100_pretrainedTrue_freezeFalse_2025_12_13_11_45,synthetic_random_flipping_steps100_pretrainedTrue_freezeFalse_2025_12_13_11_45,synthetic_random_flipping,steps,100,True,False,2025_12_13_11_45,middlebury,53.0478,2000,20,52.8076,3000,30,0.24020000000000152
snapshots/synthetic_random_flipping_steps100_pretrainedTrue_freezeFalse_2025_12_13_11_45,synthetic_random_flipping_steps100_pretrainedTrue_freezeFalse_2025_12_13_11_45,synthetic_random_flipping,steps,100,True,False,2025_12_13_11_45,pfpascal,41.5301,2000,20,34.1914,3000,30,7.338699999999996
snapshots/synthetic_random_flipping_steps100_pretrainedTrue_freezeFalse_2025_12_13_11_45,synthetic_random_flipping_steps100_pretrainedTrue_freezeFalse_2025_12_13_11_45,synthetic_random_flipping,steps,100,True,False,2025_12_13_11_45,pfwillow,43.1889,2000,20,34.5667,3000,30,8.6222
snapshots/synthetic_random_flipping_steps100_pretrainedTrue_freezeFalse_2025_12_13_11_45,synthetic_random_flipping_steps100_pretrainedTrue_freezeFalse_2025_12_13_11_45,synthetic_random_flipping,steps,100,True,False,2025_12_13_11_45,pointodyssey,53.8595,1000,10,44.8623,3000,30,8.9972
snapshots/synthetic_random_flipping_steps100_pretrainedTrue_freezeFalse_2025_12_13_11_45,synthetic_random_flipping_steps100_pretrainedTrue_freezeFalse_2025_12_13_11_45,synthetic_random_flipping,steps,100,True,False,2025_12_13_11_45,spair,24.7637,1000,10,20.915,3000,30,3.848700000000001
snapshots/synthetic_random_flipping_steps100_pretrainedTrue_freezeFalse_2025_12_13_11_45,synthetic_random_flipping_steps100_pretrainedTrue_freezeFalse_2025_12_13_11_45,synthetic_random_flipping,steps,100,True,False,2025_12_13_11_45,synthetic,78.5052,3000,30,78.5052,3000,30,0.0
snapshots/synthetic_random_flipping_steps100_pretrainedTrue_freezeFalse_2025_12_13_11_45,synthetic_random_flipping_steps100_pretrainedTrue_freezeFalse_2025_12_13_11_45,synthetic_random_flipping,steps,100,True,False,2025_12_13_11_45,tss,68.6399,2000,20,66.7311,3000,30,1.9087999999999994
snapshots/synthetic_random_flipping_steps100_pretrainedTrue_freezeTrue_2025_12_13_11_45,synthetic_random_flipping_steps100_pretrainedTrue_freezeTrue_2025_12_13_11_45,synthetic_random_flipping,steps,100,True,True,2025_12_13_11_45,flyingthings,88.2434,3000,30,88.2434,3000,30,0.0
snapshots/synthetic_random_flipping_steps100_pretrainedTrue_freezeTrue_2025_12_13_11_45,synthetic_random_flipping_steps100_pretrainedTrue_freezeTrue_2025_12_13_11_45,synthetic_random_flipping,steps,100,True,True,2025_12_13_11_45,kitti2012,95.9317,3000,30,95.9317,3000,30,0.0
snapshots/synthetic_random_flipping_steps100_pretrainedTrue_freezeTrue_2025_12_13_11_45,synthetic_random_flipping_steps100_pretrainedTrue_freezeTrue_2025_12_13_11_45,synthetic_random_flipping,steps,100,True,True,2025_12_13_11_45,kitti2015,95.7068,3000,30,95.7068,3000,30,0.0
snapshots/synthetic_random_flipping_steps100_pretrainedTrue_freezeTrue_2025_12_13_11_45,synthetic_random_flipping_steps100_pretrainedTrue_freezeTrue_2025_12_13_11_45,synthetic_random_flipping,steps,100,True,True,2025_12_13_11_45,middlebury,53.0989,2000,20,52.7597,3000,30,0.33919999999999817
snapshots/synthetic_random_flipping_steps100_pretrainedTrue_freezeTrue_2025_12_13_11_45,synthetic_random_flipping_steps100_pretrainedTrue_freezeTrue_2025_12_13_11_45,synthetic_random_flipping,steps,100,True,True,2025_12_13_11_45,pfpascal,37.9259,1000,10,32.7827,3000,30,5.1432
snapshots/synthetic_random_flipping_steps100_pretrainedTrue_freezeTrue_2025_12_13_11_45,synthetic_random_flipping_steps100_pretrainedTrue_freezeTrue_2025_12_13_11_45,synthetic_random_flipping,steps,100,True,True,2025_12_13_11_45,pfwillow,33.4667,1000,10,31.0222,3000,30,2.4445000000000014
snapshots/synthetic_random_flipping_steps100_pretrainedTrue_freezeTrue_2025_12_13_11_45,synthetic_random_flipping_steps100_pretrainedTrue_freezeTrue_2025_12_13_11_45,synthetic_random_flipping,steps,100,True,True,2025_12_13_11_45,pointodyssey,46.1845,3000,30,46.1845,3000,30,0.0
snapshots/synthetic_random_flipping_steps100_pretrainedTrue_freezeTrue_2025_12_13_11_45,synthetic_random_flipping_steps100_pretrainedTrue_freezeTrue_2025_12_13_11_45,synthetic_random_flipping,steps,100,True,True,2025_12_13_11_45,spair,24.847,1000,10,21.2016,3000,30,3.645400000000002
snapshots/synthetic_random_flipping_steps100_pretrainedTrue_freezeTrue_2025_12_13_11_45,synthetic_random_flipping_steps100_pretrainedTrue_freezeTrue_2025_12_13_11_45,synthetic_random_flipping,steps,100,True,True,2025_12_13_11_45,synthetic,71.8463,3000,30,71.8463,3000,30,0.0
snapshots/synthetic_random_flipping_steps100_pretrainedTrue_freezeTrue_2025_12_13_11_45,synthetic_random_flipping_steps100_pretrainedTrue_freezeTrue_2025_12_13_11_45,synthetic_random_flipping,steps,100,True,True,2025_12_13_11_45,tss,64.9204,1000,10,64.2238,3000,30,0.6966000000000037
snapshots/synthetic_small_zoom_steps100_pretrainedFalse_freezeFalse_2025_12_11_08_43,synthetic_small_zoom_steps100_pretrainedFalse_freezeFalse_2025_12_11_08_43,synthetic_small_zoom,steps,100,False,False,2025_12_11_08_43,flyingthings,72.5989,7000,70,72.5989,7000,70,0.0
snapshots/synthetic_small_zoom_steps100_pretrainedFalse_freezeFalse_2025_12_11_08_43,synthetic_small_zoom_steps100_pretrainedFalse_freezeFalse_2025_12_11_08_43,synthetic_small_zoom,steps,100,False,False,2025_12_11_08_43,kitti2012,79.1977,3000,30,78.7056,7000,70,0.49209999999999354
snapshots/synthetic_small_zoom_steps100_pretrainedFalse_freezeFalse_2025_12_11_08_43,synthetic_small_zoom_steps100_pretrainedFalse_freezeFalse_2025_12_11_08_43,synthetic_small_zoom,steps,100,False,False,2025_12_11_08_43,kitti2015,81.4641,3000,30,80.2654,7000,70,1.1987000000000023
snapshots/synthetic_small_zoom_steps100_pretrainedFalse_freezeFalse_2025_12_11_08_43,synthetic_small_zoom_steps100_pretrainedFalse_freezeFalse_2025_12_11_08_43,synthetic_small_zoom,steps,100,False,False,2025_12_11_08_43,middlebury,47.3895,3000,30,47.3789,7000,70,0.010599999999996612
snapshots/synthetic_small_zoom_steps100_pretrainedFalse_freezeFalse_2025_12_11_08_43,synthetic_small_zoom_steps100_pretrainedFalse_freezeFalse_2025_12_11_08_43,synthetic_small_zoom,steps,100,False,False,2025_12_11_08_43,pfpascal,6.8389,4000,40,6.152,7000,70,0.6868999999999996
snapshots/synthetic_small_zoom_steps100_pretrainedFalse_freezeFalse_2025_12_11_08_43,synthetic_small_zoom_steps100_pretrainedFalse_freezeFalse_2025_12_11_08_43,synthetic_small_zoom,steps,100,False,False,2025_12_11_08_43,pfwillow,10.9444,3000,30,9.1,7000,70,1.8444000000000003
snapshots/synthetic_small_zoom_steps100_pretrainedFalse_freezeFalse_2025_12_11_08_43,synthetic_small_zoom_steps100_pretrainedFalse_freezeFalse_2025_12_11_08_43,synthetic_small_zoom,steps,100,False,False,2025_12_11_08_43,pointodyssey,23.5847,4000,40,18.9607,7000,70,4.624000000000002
snapshots/synthetic_small_zoom_steps100_pretrainedFalse_freezeFalse_2025_12_11_08_43,synthetic_small_zoom_steps100_pretrainedFalse_freezeFalse_2025_12_11_08_43,synthetic_small_zoom,steps,100,False,False,2025_12_11_08_43,spair,3.5526,1000,10,3.2419,7000,70,0.3107000000000002
snapshots/synthetic_small_zoom_steps100_pretrainedFalse_freezeFalse_2025_12_11_08_43,synthetic_small_zoom_steps100_pretrainedFalse_freezeFalse_2025_12_11_08_43,synthetic_small_zoom,steps,100,False,False,2025_12_11_08_43,synthetic,58.0132,6000,60,55.7711,7000,70,2.2421000000000006
snapshots/synthetic_small_zoom_steps100_pretrainedFalse_freezeFalse_2025_12_11_08_43,synthetic_small_zoom_steps100_pretrainedFalse_freezeFalse_2025_12_11_08_43,synthetic_small_zoom,steps,100,False,False,2025_12_11_08_43,tss,16.8247,3000,30,15.3099,7000,70,1.5147999999999993
snapshots/synthetic_small_zoom_steps100_pretrainedFalse_freezeFalse_2025_12_13_11_43,synthetic_small_zoom_steps100_pretrainedFalse_freezeFalse_2025_12_13_11_43,synthetic_small_zoom,steps,100,False,False,2025_12_13_11_43,flyingthings,79.0916,2000,20,79.0698,3000,30,0.02179999999999893
snapshots/synthetic_small_zoom_steps100_pretrainedFalse_freezeFalse_2025_12_13_11_43,synthetic_small_zoom_steps100_pretrainedFalse_freezeFalse_2025_12_13_11_43,synthetic_small_zoom,steps,100,False,False,2025_12_13_11_43,kitti2012,89.859,1000,10,87.5216,3000,30,2.337399999999988
snapshots/synthetic_small_zoom_steps100_pretrainedFalse_freezeFalse_2025_12_13_11_43,synthetic_small_zoom_steps100_pretrainedFalse_freezeFalse_2025_12_13_11_43,synthetic_small_zoom,steps,100,False,False,2025_12_13_11_43,kitti2015,87.3061,3000,30,87.3061,3000,30,0.0
snapshots/synthetic_small_zoom_steps100_pretrainedFalse_freezeFalse_2025_12_13_11_43,synthetic_small_zoom_steps100_pretrainedFalse_freezeFalse_2025_12_13_11_43,synthetic_small_zoom,steps,100,False,False,2025_12_13_11_43,middlebury,53.0067,1000,10,50.8461,3000,30,2.1606000000000023
snapshots/synthetic_small_zoom_steps100_pretrainedFalse_freezeFalse_2025_12_13_11_43,synthetic_small_zoom_steps100_pretrainedFalse_freezeFalse_2025_12_13_11_43,synthetic_small_zoom,steps,100,False,False,2025_12_13_11_43,pfpascal,17.4206,2000,20,16.6103,3000,30,0.8103000000000016
snapshots/synthetic_small_zoom_steps100_pretrainedFalse_freezeFalse_2025_12_13_11_43,synthetic_small_zoom_steps100_pretrainedFalse_freezeFalse_2025_12_13_11_43,synthetic_small_zoom,steps,100,False,False,2025_12_13_11_43,pfwillow,19.5667,3000,30,19.5667,3000,30,0.0
snapshots/synthetic_small_zoom_steps100_pretrainedFalse_freezeFalse_2025_12_13_11_43,synthetic_small_zoom_steps100_pretrainedFalse_freezeFalse_2025_12_13_11_43,synthetic_small_zoom,steps,100,False,False,2025_12_13_11_43,pointodyssey,43.4304,1000,10,41.5732,3000,30,1.8571999999999989
snapshots/synthetic_small_zoom_steps100_pretrainedFalse_freezeFalse_2025_12_13_11_43,synthetic_small_zoom_steps100_pretrainedFalse_freezeFalse_2025_12_13_11_43,synthetic_small_zoom,steps,100,False,False,2025_12_13_11_43,spair,3.7738,3000,30,3.7738,3000,30,0.0
snapshots/synthetic_small_zoom_steps100_pretrainedFalse_freezeFalse_2025_12_13_11_43,synthetic_small_zoom_steps100_pretrainedFalse_freezeFalse_2025_12_13_11_43,synthetic_small_zoom,steps,100,False,False,2025_12_13_11_43,synthetic,48.8445,2000,20,47.4558,3000,30,1.388699999999993
snapshots/synthetic_small_zoom_steps100_pretrainedFalse_freezeFalse_2025_12_13_11_43,synthetic_small_zoom_steps100_pretrainedFalse_freezeFalse_2025_12_13_11_43,synthetic_small_zoom,steps,100,False,False,2025_12_13_11_43,tss,35.863,2000,20,35.1254,3000,30,0.7376000000000005
snapshots/synthetic_small_zoom_steps100_pretrainedTrue_freezeFalse_2025_12_11_07_44,synthetic_small_zoom_steps100_pretrainedTrue_freezeFalse_2025_12_11_07_44,synthetic_small_zoom,steps,100,True,False,2025_12_11_07_44,flyingthings,88.433,6000,60,88.0839,7000,70,0.34910000000000707
snapshots/synthetic_small_zoom_steps100_pretrainedTrue_freezeFalse_2025_12_11_07_44,synthetic_small_zoom_steps100_pretrainedTrue_freezeFalse_2025_12_11_07_44,synthetic_small_zoom,steps,100,True,False,2025_12_11_07_44,kitti2012,98.5247,5000,50,98.5174,7000,70,0.00730000000000075
snapshots/synthetic_small_zoom_steps100_pretrainedTrue_freezeFalse_2025_12_11_07_44,synthetic_small_zoom_steps100_pretrainedTrue_freezeFalse_2025_12_11_07_44,synthetic_small_zoom,steps,100,True,False,2025_12_11_07_44,kitti2015,97.6125,5000,50,97.5728,7000,70,0.039699999999996294
snapshots/synthetic_small_zoom_steps100_pretrainedTrue_freezeFalse_2025_12_11_07_44,synthetic_small_zoom_steps100_pretrainedTrue_freezeFalse_2025_12_11_07_44,synthetic_small_zoom,steps,100,True,False,2025_12_11_07_44,middlebury,54.1572,6000,60,53.7596,7000,70,0.3976000000000042
snapshots/synthetic_small_zoom_steps100_pretrainedTrue_freezeFalse_2025_12_11_07_44,synthetic_small_zoom_steps100_pretrainedTrue_freezeFalse_2025_12_11_07_44,synthetic_small_zoom,steps,100,True,False,2025_12_11_07_44,pfpascal,40.2985,2000,20,18.9547,7000,70,21.343799999999998
snapshots/synthetic_small_zoom_steps100_pretrainedTrue_freezeFalse_2025_12_11_07_44,synthetic_small_zoom_steps100_pretrainedTrue_freezeFalse_2025_12_11_07_44,synthetic_small_zoom,steps,100,True,False,2025_12_11_07_44,pfwillow,43.3444,2000,20,26.7444,7000,70,16.6
snapshots/synthetic_small_zoom_steps100_pretrainedTrue_freezeFalse_2025_12_11_07_44,synthetic_small_zoom_steps100_pretrainedTrue_freezeFalse_2025_12_11_07_44,synthetic_small_zoom,steps,100,True,False,2025_12_11_07_44,pointodyssey,48.4445,1000,10,43.5773,7000,70,4.867199999999997
snapshots/synthetic_small_zoom_steps100_pretrainedTrue_freezeFalse_2025_12_11_07_44,synthetic_small_zoom_steps100_pretrainedTrue_freezeFalse_2025_12_11_07_44,synthetic_small_zoom,steps,100,True,False,2025_12_11_07_44,spair,23.4462,2000,20,9.7117,7000,70,13.7345
snapshots/synthetic_small_zoom_steps100_pretrainedTrue_freezeFalse_2025_12_11_07_44,synthetic_small_zoom_steps100_pretrainedTrue_freezeFalse_2025_12_11_07_44,synthetic_small_zoom,steps,100,True,False,2025_12_11_07_44,synthetic,99.6615,5000,50,99.4671,7000,70,0.19440000000000168
snapshots/synthetic_small_zoom_steps100_pretrainedTrue_freezeFalse_2025_12_11_07_44,synthetic_small_zoom_steps100_pretrainedTrue_freezeFalse_2025_12_11_07_44,synthetic_small_zoom,steps,100,True,False,2025_12_11_07_44,tss,67.694,2000,20,58.8657,7000,70,8.828300000000006
snapshots/synthetic_small_zoom_steps100_pretrainedTrue_freezeFalse_2025_12_13_11_38,synthetic_small_zoom_steps100_pretrainedTrue_freezeFalse_2025_12_13_11_38,synthetic_small_zoom,steps,100,True,False,2025_12_13_11_38,flyingthings,88.8773,5000,50,88.762,6000,60,0.11530000000000484
snapshots/synthetic_small_zoom_steps100_pretrainedTrue_freezeFalse_2025_12_13_11_38,synthetic_small_zoom_steps100_pretrainedTrue_freezeFalse_2025_12_13_11_38,synthetic_small_zoom,steps,100,True,False,2025_12_13_11_38,kitti2012,98.8184,6000,60,98.8184,6000,60,0.0
snapshots/synthetic_small_zoom_steps100_pretrainedTrue_freezeFalse_2025_12_13_11_38,synthetic_small_zoom_steps100_pretrainedTrue_freezeFalse_2025_12_13_11_38,synthetic_small_zoom,steps,100,True,False,2025_12_13_11_38,kitti2015,97.9208,2000,20,97.7589,6000,60,0.16190000000000282
snapshots/synthetic_small_zoom_steps100_pretrainedTrue_freezeFalse_2025_12_13_11_38,synthetic_small_zoom_steps100_pretrainedTrue_freezeFalse_2025_12_13_11_38,synthetic_small_zoom,steps,100,True,False,2025_12_13_11_38,middlebury,54.6217,6000,60,54.6217,6000,60,0.0
snapshots/synthetic_small_zoom_steps100_pretrainedTrue_freezeFalse_2025_12_13_11_38,synthetic_small_zoom_steps100_pretrainedTrue_freezeFalse_2025_12_13_11_38,synthetic_small_zoom,steps,100,True,False,2025_12_13_11_38,pfpascal,48.1261,1000,10,35.6125,6000,60,12.513600000000004
snapshots/synthetic_small_zoom_steps100_pretrainedTrue_freezeFalse_2025_12_13_11_38,synthetic_small_zoom_steps100_pretrainedTrue_freezeFalse_2025_12_13_11_38,synthetic_small_zoom,steps,100,True,False,2025_12_13_11_38,pfwillow,47.6222,1000,10,40.621,6000,60,7.001199999999997
snapshots/synthetic_small_zoom_steps100_pretrainedTrue_freezeFalse_2025_12_13_11_38,synthetic_small_zoom_steps100_pretrainedTrue_freezeFalse_2025_12_13_11_38,synthetic_small_zoom,steps,100,True,False,2025_12_13_11_38,pointodyssey,44.0746,1000,10,41.6629,6000,60,2.411699999999996
snapshots/synthetic_small_zoom_steps100_pretrainedTrue_freezeFalse_2025_12_13_11_38,synthetic_small_zoom_steps100_pretrainedTrue_freezeFalse_2025_12_13_11_38,synthetic_small_zoom,steps,100,True,False,2025_12_13_11_38,spair,20.2246,1000,10,12.581,6000,60,7.643599999999999
snapshots/synthetic_small_zoom_steps100_pretrainedTrue_freezeFalse_2025_12_13_11_38,synthetic_small_zoom_steps100_pretrainedTrue_freezeFalse_2025_12_13_11_38,synthetic_small_zoom,steps,100,True,False,2025_12_13_11_38,synthetic,61.5503,1000,10,59.8501,6000,60,1.7002000000000024
snapshots/synthetic_small_zoom_steps100_pretrainedTrue_freezeFalse_2025_12_13_11_38,synthetic_small_zoom_steps100_pretrainedTrue_freezeFalse_2025_12_13_11_38,synthetic_small_zoom,steps,100,True,False,2025_12_13_11_38,tss,65.2779,1000,10,62.1569,6000,60,3.121000000000002
snapshots/synthetic_small_zoom_steps100_pretrainedTrue_freezeTrue_2025_12_11_07_40,synthetic_small_zoom_steps100_pretrainedTrue_freezeTrue_2025_12_11_07_40,synthetic_small_zoom,steps,100,True,True,2025_12_11_07_40,flyingthings,88.3785,8000,80,88.3785,8000,80,0.0
snapshots/synthetic_small_zoom_steps100_pretrainedTrue_freezeTrue_2025_12_11_07_40,synthetic_small_zoom_steps100_pretrainedTrue_freezeTrue_2025_12_11_07_40,synthetic_small_zoom,steps,100,True,True,2025_12_11_07_40,kitti2012,98.5141,7000,70,98.3508,8000,80,0.16329999999999245
snapshots/synthetic_small_zoom_steps100_pretrainedTrue_freezeTrue_2025_12_11_07_40,synthetic_small_zoom_steps100_pretrainedTrue_freezeTrue_2025_12_11_07_40,synthetic_small_zoom,steps,100,True,True,2025_12_11_07_40,kitti2015,97.4579,7000,70,97.3158,8000,80,0.14209999999999923
snapshots/synthetic_small_zoom_steps100_pretrainedTrue_freezeTrue_2025_12_11_07_40,synthetic_small_zoom_steps100_pretrainedTrue_freezeTrue_2025_12_11_07_40,synthetic_small_zoom,steps,100,True,True,2025_12_11_07_40,middlebury,54.2498,5000,50,53.9024,8000,80,0.3474000000000004
snapshots/synthetic_small_zoom_steps100_pretrainedTrue_freezeTrue_2025_12_11_07_40,synthetic_small_zoom_steps100_pretrainedTrue_freezeTrue_2025_12_11_07_40,synthetic_small_zoom,steps,100,True,True,2025_12_11_07_40,pfpascal,40.5936,2000,20,28.9028,8000,80,11.690800000000003
snapshots/synthetic_small_zoom_steps100_pretrainedTrue_freezeTrue_2025_12_11_07_40,synthetic_small_zoom_steps100_pretrainedTrue_freezeTrue_2025_12_11_07_40,synthetic_small_zoom,steps,100,True,True,2025_12_11_07_40,pfwillow,39.2667,2000,20,27.3333,8000,80,11.933399999999999
snapshots/synthetic_small_zoom_steps100_pretrainedTrue_freezeTrue_2025_12_11_07_40,synthetic_small_zoom_steps100_pretrainedTrue_freezeTrue_2025_12_11_07_40,synthetic_small_zoom,steps,100,True,True,2025_12_11_07_40,pointodyssey,59.318,8000,80,59.318,8000,80,0.0
snapshots/synthetic_small_zoom_steps100_pretrainedTrue_freezeTrue_2025_12_11_07_40,synthetic_small_zoom_steps100_pretrainedTrue_freezeTrue_2025_12_11_07_40,synthetic_small_zoom,steps,100,True,True,2025_12_11_07_40,spair,24.8989,2000,20,18.0941,8000,80,6.8048
snapshots/synthetic_small_zoom_steps100_pretrainedTrue_freezeTrue_2025_12_11_07_40,synthetic_small_zoom_steps100_pretrainedTrue_freezeTrue_2025_12_11_07_40,synthetic_small_zoom,steps,100,True,True,2025_12_11_07_40,synthetic,99.7325,6000,60,99.4581,8000,80,0.2744
snapshots/synthetic_small_zoom_steps100_pretrainedTrue_freezeTrue_2025_12_11_07_40,synthetic_small_zoom_steps100_pretrainedTrue_freezeTrue_2025_12_11_07_40,synthetic_small_zoom,steps,100,True,True,2025_12_11_07_40,tss,68.8037,2000,20,66.9621,8000,80,1.8415999999999997
snapshots/synthetic_small_zoom_steps100_pretrainedTrue_freezeTrue_2025_12_13_11_36,synthetic_small_zoom_steps100_pretrainedTrue_freezeTrue_2025_12_13_11_36,synthetic_small_zoom,steps,100,True,True,2025_12_13_11_36,flyingthings,88.5275,1000,10,88.4529,3000,30,0.07460000000000377
snapshots/synthetic_small_zoom_steps100_pretrainedTrue_freezeTrue_2025_12_13_11_36,synthetic_small_zoom_steps100_pretrainedTrue_freezeTrue_2025_12_13_11_36,synthetic_small_zoom,steps,100,True,True,2025_12_13_11_36,kitti2012,98.6535,3000,30,98.6535,3000,30,0.0
snapshots/synthetic_small_zoom_steps100_pretrainedTrue_freezeTrue_2025_12_13_11_36,synthetic_small_zoom_steps100_pretrainedTrue_freezeTrue_2025_12_13_11_36,synthetic_small_zoom,steps,100,True,True,2025_12_13_11_36,kitti2015,97.7242,3000,30,97.7242,3000,30,0.0
snapshots/synthetic_small_zoom_steps100_pretrainedTrue_freezeTrue_2025_12_13_11_36,synthetic_small_zoom_steps100_pretrainedTrue_freezeTrue_2025_12_13_11_36,synthetic_small_zoom,steps,100,True,True,2025_12_13_11_36,middlebury,53.9169,3000,30,53.9169,3000,30,0.0
snapshots/synthetic_small_zoom_steps100_pretrainedTrue_freezeTrue_2025_12_13_11_36,synthetic_small_zoom_steps100_pretrainedTrue_freezeTrue_2025_12_13_11_36,synthetic_small_zoom,steps,100,True,True,2025_12_13_11_36,pfpascal,51.9089,1000,10,36.9755,3000,30,14.933400000000006
snapshots/synthetic_small_zoom_steps100_pretrainedTrue_freezeTrue_2025_12_13_11_36,synthetic_small_zoom_steps100_pretrainedTrue_freezeTrue_2025_12_13_11_36,synthetic_small_zoom,steps,100,True,True,2025_12_13_11_36,pfwillow,51.2222,1000,10,43.5444,3000,30,7.677799999999998
snapshots/synthetic_small_zoom_steps100_pretrainedTrue_freezeTrue_2025_12_13_11_36,synthetic_small_zoom_steps100_pretrainedTrue_freezeTrue_2025_12_13_11_36,synthetic_small_zoom,steps,100,True,True,2025_12_13_11_36,pointodyssey,43.7293,1000,10,37.7339,3000,30,5.995400000000004
snapshots/synthetic_small_zoom_steps100_pretrainedTrue_freezeTrue_2025_12_13_11_36,synthetic_small_zoom_steps100_pretrainedTrue_freezeTrue_2025_12_13_11_36,synthetic_small_zoom,steps,100,True,True,2025_12_13_11_36,spair,22.872,1000,10,12.2954,3000,30,10.5766
snapshots/synthetic_small_zoom_steps100_pretrainedTrue_freezeTrue_2025_12_13_11_36,synthetic_small_zoom_steps100_pretrainedTrue_freezeTrue_2025_12_13_11_36,synthetic_small_zoom,steps,100,True,True,2025_12_13_11_36,synthetic,60.7181,1000,10,56.0903,3000,30,4.627800000000001
snapshots/synthetic_small_zoom_steps100_pretrainedTrue_freezeTrue_2025_12_13_11_36,synthetic_small_zoom_steps100_pretrainedTrue_freezeTrue_2025_12_13_11_36,synthetic_small_zoom,steps,100,True,True,2025_12_13_11_36,tss,66.8154,1000,10,61.8936,3000,30,4.9217999999999975
snapshots/synthetic_steps100_pretrainedFalse_freezeFalse_2025_12_11_06_37,synthetic_steps100_pretrainedFalse_freezeFalse_2025_12_11_06_37,synthetic,steps,100,False,False,2025_12_11_06_37,flyingthings,51.8434,2000,20,48.0132,3000,30,3.830200000000005
snapshots/synthetic_steps100_pretrainedFalse_freezeFalse_2025_12_11_06_37,synthetic_steps100_pretrainedFalse_freezeFalse_2025_12_11_06_37,synthetic,steps,100,False,False,2025_12_11_06_37,kitti2012,65.6839,2000,20,56.8829,3000,30,8.800999999999995
snapshots/synthetic_steps100_pretrainedFalse_freezeFalse_2025_12_11_06_37,synthetic_steps100_pretrainedFalse_freezeFalse_2025_12_11_06_37,synthetic,steps,100,False,False,2025_12_11_06_37,kitti2015,73.6594,2000,20,69.191,3000,30,4.468400000000003
snapshots/synthetic_steps100_pretrainedFalse_freezeFalse_2025_12_11_06_37,synthetic_steps100_pretrainedFalse_freezeFalse_2025_12_11_06_37,synthetic,steps,100,False,False,2025_12_11_06_37,middlebury,33.4225,2000,20,31.2666,3000,30,2.155899999999999
snapshots/synthetic_steps100_pretrainedFalse_freezeFalse_2025_12_11_06_37,synthetic_steps100_pretrainedFalse_freezeFalse_2025_12_11_06_37,synthetic,steps,100,False,False,2025_12_11_06_37,pfpascal,5.2398,2000,20,4.9099,3000,30,0.3298999999999994
snapshots/synthetic_steps100_pretrainedFalse_freezeFalse_2025_12_11_06_37,synthetic_steps100_pretrainedFalse_freezeFalse_2025_12_11_06_37,synthetic,steps,100,False,False,2025_12_11_06_37,pfwillow,8.8333,1000,10,8.1222,3000,30,0.7111000000000001
snapshots/synthetic_steps100_pretrainedFalse_freezeFalse_2025_12_11_06_37,synthetic_steps100_pretrainedFalse_freezeFalse_2025_12_11_06_37,synthetic,steps,100,False,False,2025_12_11_06_37,pointodyssey,21.2979,3000,30,21.2979,3000,30,0.0
snapshots/synthetic_steps100_pretrainedFalse_freezeFalse_2025_12_11_06_37,synthetic_steps100_pretrainedFalse_freezeFalse_2025_12_11_06_37,synthetic,steps,100,False,False,2025_12_11_06_37,spair,3.4665,1000,10,3.3631,3000,30,0.10339999999999971
snapshots/synthetic_steps100_pretrainedFalse_freezeFalse_2025_12_11_06_37,synthetic_steps100_pretrainedFalse_freezeFalse_2025_12_11_06_37,synthetic,steps,100,False,False,2025_12_11_06_37,synthetic,19.7495,2000,20,18.3409,3000,30,1.4085999999999999
snapshots/synthetic_steps100_pretrainedFalse_freezeFalse_2025_12_11_06_37,synthetic_steps100_pretrainedFalse_freezeFalse_2025_12_11_06_37,synthetic,steps,100,False,False,2025_12_11_06_37,tss,13.8641,2000,20,12.2368,3000,30,1.6273
snapshots/synthetic_steps100_pretrainedFalse_freezeFalse_2025_12_13_02_37,synthetic_steps100_pretrainedFalse_freezeFalse_2025_12_13_02_37,synthetic,steps,100,False,False,2025_12_13_02_37,flyingthings,74.273,6000,60,72.1819,7000,70,2.0910999999999973
snapshots/synthetic_steps100_pretrainedFalse_freezeFalse_2025_12_13_02_37,synthetic_steps100_pretrainedFalse_freezeFalse_2025_12_13_02_37,synthetic,steps,100,False,False,2025_12_13_02_37,kitti2012,84.6823,5000,50,80.9713,7000,70,3.7109999999999985
snapshots/synthetic_steps100_pretrainedFalse_freezeFalse_2025_12_13_02_37,synthetic_steps100_pretrainedFalse_freezeFalse_2025_12_13_02_37,synthetic,steps,100,False,False,2025_12_13_02_37,kitti2015,90.2047,5000,50,88.4782,7000,70,1.7265000000000015
snapshots/synthetic_steps100_pretrainedFalse_freezeFalse_2025_12_13_02_37,synthetic_steps100_pretrainedFalse_freezeFalse_2025_12_13_02_37,synthetic,steps,100,False,False,2025_12_13_02_37,middlebury,45.3071,6000,60,42.808,7000,70,2.4990999999999985
snapshots/synthetic_steps100_pretrainedFalse_freezeFalse_2025_12_13_02_37,synthetic_steps100_pretrainedFalse_freezeFalse_2025_12_13_02_37,synthetic,steps,100,False,False,2025_12_13_02_37,pfpascal,15.1828,4000,40,14.8354,7000,70,0.3474000000000004
snapshots/synthetic_steps100_pretrainedFalse_freezeFalse_2025_12_13_02_37,synthetic_steps100_pretrainedFalse_freezeFalse_2025_12_13_02_37,synthetic,steps,100,False,False,2025_12_13_02_37,pfwillow,17.3222,6000,60,16.9333,7000,70,0.3888999999999996
snapshots/synthetic_steps100_pretrainedFalse_freezeFalse_2025_12_13_02_37,synthetic_steps100_pretrainedFalse_freezeFalse_2025_12_13_02_37,synthetic,steps,100,False,False,2025_12_13_02_37,pointodyssey,42.665,6000,60,40.1653,7000,70,2.499699999999997
snapshots/synthetic_steps100_pretrainedFalse_freezeFalse_2025_12_13_02_37,synthetic_steps100_pretrainedFalse_freezeFalse_2025_12_13_02_37,synthetic,steps,100,False,False,2025_12_13_02_37,spair,4.2896,7000,70,4.2896,7000,70,0.0
snapshots/synthetic_steps100_pretrainedFalse_freezeFalse_2025_12_13_02_37,synthetic_steps100_pretrainedFalse_freezeFalse_2025_12_13_02_37,synthetic,steps,100,False,False,2025_12_13_02_37,synthetic,25.5417,5000,50,23.3443,7000,70,2.1973999999999982
snapshots/synthetic_steps100_pretrainedFalse_freezeFalse_2025_12_13_02_37,synthetic_steps100_pretrainedFalse_freezeFalse_2025_12_13_02_37,synthetic,steps,100,False,False,2025_12_13_02_37,tss,30.7716,4000,40,29.4027,7000,70,1.3689
snapshots/synthetic_steps100_pretrainedTrue_freezeFalse_2025_12_11_05_11,synthetic_steps100_pretrainedTrue_freezeFalse_2025_12_11_05_11,synthetic,steps,100,True,False,2025_12_11_05_11,flyingthings,88.9651,3000,30,88.9651,3000,30,0.0
snapshots/synthetic_steps100_pretrainedTrue_freezeFalse_2025_12_11_05_11,synthetic_steps100_pretrainedTrue_freezeFalse_2025_12_11_05_11,synthetic,steps,100,True,False,2025_12_11_05_11,kitti2012,96.8236,3000,30,96.8236,3000,30,0.0
snapshots/synthetic_steps100_pretrainedTrue_freezeFalse_2025_12_11_05_11,synthetic_steps100_pretrainedTrue_freezeFalse_2025_12_11_05_11,synthetic,steps,100,True,False,2025_12_11_05_11,kitti2015,95.9629,3000,30,95.9629,3000,30,0.0
snapshots/synthetic_steps100_pretrainedTrue_freezeFalse_2025_12_11_05_11,synthetic_steps100_pretrainedTrue_freezeFalse_2025_12_11_05_11,synthetic,steps,100,True,False,2025_12_11_05_11,middlebury,52.6127,3000,30,52.6127,3000,30,0.0
snapshots/synthetic_steps100_pretrainedTrue_freezeFalse_2025_12_11_05_11,synthetic_steps100_pretrainedTrue_freezeFalse_2025_12_11_05_11,synthetic,steps,100,True,False,2025_12_11_05_11,pfpascal,38.7496,1000,10,21.0035,3000,30,17.746100000000002
snapshots/synthetic_steps100_pretrainedTrue_freezeFalse_2025_12_11_05_11,synthetic_steps100_pretrainedTrue_freezeFalse_2025_12_11_05_11,synthetic,steps,100,True,False,2025_12_11_05_11,pfwillow,37.8778,1000,10,22.9889,3000,30,14.8889
snapshots/synthetic_steps100_pretrainedTrue_freezeFalse_2025_12_11_05_11,synthetic_steps100_pretrainedTrue_freezeFalse_2025_12_11_05_11,synthetic,steps,100,True,False,2025_12_11_05_11,pointodyssey,44.563,3000,30,44.563,3000,30,0.0
snapshots/synthetic_steps100_pretrainedTrue_freezeFalse_2025_12_11_05_11,synthetic_steps100_pretrainedTrue_freezeFalse_2025_12_11_05_11,synthetic,steps,100,True,False,2025_12_11_05_11,spair,24.2972,1000,10,18.2362,3000,30,6.061
snapshots/synthetic_steps100_pretrainedTrue_freezeFalse_2025_12_11_05_11,synthetic_steps100_pretrainedTrue_freezeFalse_2025_12_11_05_11,synthetic,steps,100,True,False,2025_12_11_05_11,synthetic,76.8531,3000,30,76.8531,3000,30,0.0
snapshots/synthetic_steps100_pretrainedTrue_freezeFalse_2025_12_11_05_11,synthetic_steps100_pretrainedTrue_freezeFalse_2025_12_11_05_11,synthetic,steps,100,True,False,2025_12_11_05_11,tss,67.2333,2000,20,46.5866,3000,30,20.646700000000003
snapshots/synthetic_steps100_pretrainedTrue_freezeFalse_2025_12_12_23_46,synthetic_steps100_pretrainedTrue_freezeFalse_2025_12_12_23_46,synthetic,steps,100,True,False,2025_12_12_23_46,flyingthings,89.5389,3000,30,89.5389,3000,30,0.0
snapshots/synthetic_steps100_pretrainedTrue_freezeFalse_2025_12_12_23_46,synthetic_steps100_pretrainedTrue_freezeFalse_2025_12_12_23_46,synthetic,steps,100,True,False,2025_12_12_23_46,kitti2012,97.4978,3000,30,97.4978,3000,30,0.0
snapshots/synthetic_steps100_pretrainedTrue_freezeFalse_2025_12_12_23_46,synthetic_steps100_pretrainedTrue_freezeFalse_2025_12_12_23_46,synthetic,steps,100,True,False,2025_12_12_23_46,kitti2015,96.5425,3000,30,96.5425,3000,30,0.0
snapshots/synthetic_steps100_pretrainedTrue_freezeFalse_2025_12_12_23_46,synthetic_steps100_pretrainedTrue_freezeFalse_2025_12_12_23_46,synthetic,steps,100,True,False,2025_12_12_23_46,middlebury,53.8387,1000,10,53.0935,3000,30,0.7452000000000041
snapshots/synthetic_steps100_pretrainedTrue_freezeFalse_2025_12_12_23_46,synthetic_steps100_pretrainedTrue_freezeFalse_2025_12_12_23_46,synthetic,steps,100,True,False,2025_12_12_23_46,pfpascal,46.0401,1000,10,44.9491,3000,30,1.091000000000001
snapshots/synthetic_steps100_pretrainedTrue_freezeFalse_2025_12_12_23_46,synthetic_steps100_pretrainedTrue_freezeFalse_2025_12_12_23_46,synthetic,steps,100,True,False,2025_12_12_23_46,pfwillow,51.2667,1000,10,48.6778,3000,30,2.5889000000000024
snapshots/synthetic_steps100_pretrainedTrue_freezeFalse_2025_12_12_23_46,synthetic_steps100_pretrainedTrue_freezeFalse_2025_12_12_23_46,synthetic,steps,100,True,False,2025_12_12_23_46,pointodyssey,45.6995,3000,30,45.6995,3000,30,0.0
snapshots/synthetic_steps100_pretrainedTrue_freezeFalse_2025_12_12_23_46,synthetic_steps100_pretrainedTrue_freezeFalse_2025_12_12_23_46,synthetic,steps,100,True,False,2025_12_12_23_46,spair,21.3837,1000,10,19.6598,3000,30,1.7239000000000004
snapshots/synthetic_steps100_pretrainedTrue_freezeFalse_2025_12_12_23_46,synthetic_steps100_pretrainedTrue_freezeFalse_2025_12_12_23_46,synthetic,steps,100,True,False,2025_12_12_23_46,synthetic,51.2265,2000,20,51.147,3000,30,0.07950000000000301
snapshots/synthetic_steps100_pretrainedTrue_freezeFalse_2025_12_12_23_46,synthetic_steps100_pretrainedTrue_freezeFalse_2025_12_12_23_46,synthetic,steps,100,True,False,2025_12_12_23_46,tss,65.7482,1000,10,65.6071,3000,30,0.14109999999999445
snapshots/synthetic_steps100_pretrainedTrue_freezeTrue_2025_12_11_05_11,synthetic_steps100_pretrainedTrue_freezeTrue_2025_12_11_05_11,synthetic,steps,100,True,True,2025_12_11_05_11,flyingthings,88.0398,3000,30,88.0398,3000,30,0.0
snapshots/synthetic_steps100_pretrainedTrue_freezeTrue_2025_12_11_05_11,synthetic_steps100_pretrainedTrue_freezeTrue_2025_12_11_05_11,synthetic,steps,100,True,True,2025_12_11_05_11,kitti2012,96.1968,3000,30,96.1968,3000,30,0.0
snapshots/synthetic_steps100_pretrainedTrue_freezeTrue_2025_12_11_05_11,synthetic_steps100_pretrainedTrue_freezeTrue_2025_12_11_05_11,synthetic,steps,100,True,True,2025_12_11_05_11,kitti2015,95.8519,3000,30,95.8519,3000,30,0.0
snapshots/synthetic_steps100_pretrainedTrue_freezeTrue_2025_12_11_05_11,synthetic_steps100_pretrainedTrue_freezeTrue_2025_12_11_05_11,synthetic,steps,100,True,True,2025_12_11_05_11,middlebury,53.1423,1000,10,53.1359,3000,30,0.006399999999999295
snapshots/synthetic_steps100_pretrainedTrue_freezeTrue_2025_12_11_05_11,synthetic_steps100_pretrainedTrue_freezeTrue_2025_12_11_05_11,synthetic,steps,100,True,True,2025_12_11_05_11,pfpascal,37.267,1000,10,30.5683,3000,30,6.698700000000002
snapshots/synthetic_steps100_pretrainedTrue_freezeTrue_2025_12_11_05_11,synthetic_steps100_pretrainedTrue_freezeTrue_2025_12_11_05_11,synthetic,steps,100,True,True,2025_12_11_05_11,pfwillow,36.3333,2000,20,27.8222,3000,30,8.511100000000003
snapshots/synthetic_steps100_pretrainedTrue_freezeTrue_2025_12_11_05_11,synthetic_steps100_pretrainedTrue_freezeTrue_2025_12_11_05_11,synthetic,steps,100,True,True,2025_12_11_05_11,pointodyssey,59.525,2000,20,47.554,3000,30,11.970999999999997
snapshots/synthetic_steps100_pretrainedTrue_freezeTrue_2025_12_11_05_11,synthetic_steps100_pretrainedTrue_freezeTrue_2025_12_11_05_11,synthetic,steps,100,True,True,2025_12_11_05_11,spair,25.9428,1000,10,21.3207,3000,30,4.6221
snapshots/synthetic_steps100_pretrainedTrue_freezeTrue_2025_12_11_05_11,synthetic_steps100_pretrainedTrue_freezeTrue_2025_12_11_05_11,synthetic,steps,100,True,True,2025_12_11_05_11,synthetic,71.1169,3000,30,71.1169,3000,30,0.0
snapshots/synthetic_steps100_pretrainedTrue_freezeTrue_2025_12_11_05_11,synthetic_steps100_pretrainedTrue_freezeTrue_2025_12_11_05_11,synthetic,steps,100,True,True,2025_12_11_05_11,tss,65.9192,2000,20,61.6107,3000,30,4.308500000000002
snapshots/synthetic_steps100_pretrainedTrue_freezeTrue_2025_12_12_23_46,synthetic_steps100_pretrainedTrue_freezeTrue_2025_12_12_23_46,synthetic,steps,100,True,True,2025_12_12_23_46,flyingthings,89.1943,3000,30,89.1943,3000,30,0.0
snapshots/synthetic_steps100_pretrainedTrue_freezeTrue_2025_12_12_23_46,synthetic_steps100_pretrainedTrue_freezeTrue_2025_12_12_23_46,synthetic,steps,100,True,True,2025_12_12_23_46,kitti2012,96.9858,3000,30,96.9858,3000,30,0.0
snapshots/synthetic_steps100_pretrainedTrue_freezeTrue_2025_12_12_23_46,synthetic_steps100_pretrainedTrue_freezeTrue_2025_12_12_23_46,synthetic,steps,100,True,True,2025_12_12_23_46,kitti2015,96.0373,3000,30,96.0373,3000,30,0.0
snapshots/synthetic_steps100_pretrainedTrue_freezeTrue_2025_12_12_23_46,synthetic_steps100_pretrainedTrue_freezeTrue_2025_12_12_23_46,synthetic,steps,100,True,True,2025_12_12_23_46,middlebury,54.038,1000,10,53.5517,3000,30,0.48629999999999995
snapshots/synthetic_steps100_pretrainedTrue_freezeTrue_2025_12_12_23_46,synthetic_steps100_pretrainedTrue_freezeTrue_2025_12_12_23_46,synthetic,steps,100,True,True,2025_12_12_23_46,pfpascal,48.6353,2000,20,48.6202,3000,30,0.015100000000003888
snapshots/synthetic_steps100_pretrainedTrue_freezeTrue_2025_12_12_23_46,synthetic_steps100_pretrainedTrue_freezeTrue_2025_12_12_23_46,synthetic,steps,100,True,True,2025_12_12_23_46,pfwillow,50.5333,3000,30,50.5333,3000,30,0.0
snapshots/synthetic_steps100_pretrainedTrue_freezeTrue_2025_12_12_23_46,synthetic_steps100_pretrainedTrue_freezeTrue_2025_12_12_23_46,synthetic,steps,100,True,True,2025_12_12_23_46,pointodyssey,49.333,3000,30,49.333,3000,30,0.0
snapshots/synthetic_steps100_pretrainedTrue_freezeTrue_2025_12_12_23_46,synthetic_steps100_pretrainedTrue_freezeTrue_2025_12_12_23_46,synthetic,steps,100,True,True,2025_12_12_23_46,spair,23.033,3000,30,23.033,3000,30,0.0
snapshots/synthetic_steps100_pretrainedTrue_freezeTrue_2025_12_12_23_46,synthetic_steps100_pretrainedTrue_freezeTrue_2025_12_12_23_46,synthetic,steps,100,True,True,2025_12_12_23_46,synthetic,47.6852,2000,20,46.5395,3000,30,1.145700000000005
snapshots/synthetic_steps100_pretrainedTrue_freezeTrue_2025_12_12_23_46,synthetic_steps100_pretrainedTrue_freezeTrue_2025_12_12_23_46,synthetic,steps,100,True,True,2025_12_12_23_46,tss,64.3622,2000,20,63.0082,3000,30,1.3539999999999992
